pool_rank,target_id,model_set_id,model_rank,tar_member_path,filename,model_serial,af_engine,af_protocol,seed,sample,pred,rerank_bucket,selection_rank,selected_for_balanced_extract,extract_destination,extraction_status,claim_boundary
7,H2319,H2319_T333,31,H2319_all_pdbs/Model_4068_afm_dropout_noSM_woTemplates_model_5_multimer_v2_pred_52.pdb,Model_4068_afm_dropout_noSM_woTemplates_model_5_multimer_v2_pred_52.pdb,4068,AFM,afm_dropout_noSM_woTemplates_multimer_v2,,5,52,afm_dropout_noSM_woTemplates_v2,,False,casp17/massivefold_external_pool_intake/h2319_t333/extracted_models/H2319_all_pdbs/Model_4068_afm_dropout_noSM_woTemplates_model_5_multimer_v2_pred_52.pdb,awaiting_extract,"MassiveFold model pool index only. It parses organizer-provided external model tarball listings and stages balanced extraction/rerank candidates. These models remain external rerank and accuracy-estimation inputs, not internal predictions, not CASP submissions, and not competitive-proof evidence."
7,H2319,H2319_T333,130,H2319_all_pdbs/Model_1781_afm_dropout_noSM_woTemplates_model_2_multimer_v2_pred_34.pdb,Model_1781_afm_dropout_noSM_woTemplates_model_2_multimer_v2_pred_34.pdb,1781,AFM,afm_dropout_noSM_woTemplates_multimer_v2,,2,34,afm_dropout_noSM_woTemplates_v2,,False,casp17/massivefold_external_pool_intake/h2319_t333/extracted_models/H2319_all_pdbs/Model_1781_afm_dropout_noSM_woTemplates_model_2_multimer_v2_pred_34.pdb,awaiting_extract,"MassiveFold model pool index only. It parses organizer-provided external model tarball listings and stages balanced extraction/rerank candidates. These models remain external rerank and accuracy-estimation inputs, not internal predictions, not CASP submissions, and not competitive-proof evidence."
7,H2319,H2319_T333,223,H2319_all_pdbs/Model_3063_afm_dropout_noSM_woTemplates_model_2_multimer_v2_pred_45.pdb,Model_3063_afm_dropout_noSM_woTemplates_model_2_multimer_v2_pred_45.pdb,3063,AFM,afm_dropout_noSM_woTemplates_multimer_v2,,2,45,afm_dropout_noSM_woTemplates_v2,,False,casp17/massivefold_external_pool_intake/h2319_t333/extracted_models/H2319_all_pdbs/Model_3063_afm_dropout_noSM_woTemplates_model_2_multimer_v2_pred_45.pdb,awaiting_extract,"MassiveFold model pool index only. It parses organizer-provided external model tarball listings and stages balanced extraction/rerank candidates. These models remain external rerank and accuracy-estimation inputs, not internal predictions, not CASP submissions, and not competitive-proof evidence."
7,H2319,H2319_T333,237,H2319_all_pdbs/Model_1356_afm_dropout_noSM_woTemplates_model_1_multimer_v2_pred_41.pdb,Model_1356_afm_dropout_noSM_woTemplates_model_1_multimer_v2_pred_41.pdb,1356,AFM,afm_dropout_noSM_woTemplates_multimer_v2,,1,41,afm_dropout_noSM_woTemplates_v2,,False,casp17/massivefold_external_pool_intake/h2319_t333/extracted_models/H2319_all_pdbs/Model_1356_afm_dropout_noSM_woTemplates_model_1_multimer_v2_pred_41.pdb,awaiting_extract,"MassiveFold model pool index only. It parses organizer-provided external model tarball listings and stages balanced extraction/rerank candidates. These models remain external rerank and accuracy-estimation inputs, not internal predictions, not CASP submissions, and not competitive-proof evidence."
7,H2319,H2319_T333,257,H2319_all_pdbs/Model_3742_afm_dropout_noSM_woTemplates_model_4_multimer_v2_pred_41.pdb,Model_3742_afm_dropout_noSM_woTemplates_model_4_multimer_v2_pred_41.pdb,3742,AFM,afm_dropout_noSM_woTemplates_multimer_v2,,4,41,afm_dropout_noSM_woTemplates_v2,,False,casp17/massivefold_external_pool_intake/h2319_t333/extracted_models/H2319_all_pdbs/Model_3742_afm_dropout_noSM_woTemplates_model_4_multimer_v2_pred_41.pdb,awaiting_extract,"MassiveFold model pool index only. It parses organizer-provided external model tarball listings and stages balanced extraction/rerank candidates. These models remain external rerank and accuracy-estimation inputs, not internal predictions, not CASP submissions, and not competitive-proof evidence."
7,H2319,H2319_T333,298,H2319_all_pdbs/Model_1823_afm_dropout_noSM_woTemplates_model_4_multimer_v2_pred_3.pdb,Model_1823_afm_dropout_noSM_woTemplates_model_4_multimer_v2_pred_3.pdb,1823,AFM,afm_dropout_noSM_woTemplates_multimer_v2,,4,3,afm_dropout_noSM_woTemplates_v2,,False,casp17/massivefold_external_pool_intake/h2319_t333/extracted_models/H2319_all_pdbs/Model_1823_afm_dropout_noSM_woTemplates_model_4_multimer_v2_pred_3.pdb,awaiting_extract,"MassiveFold model pool index only. It parses organizer-provided external model tarball listings and stages balanced extraction/rerank candidates. These models remain external rerank and accuracy-estimation inputs, not internal predictions, not CASP submissions, and not competitive-proof evidence."
7,H2319,H2319_T333,360,H2319_all_pdbs/Model_2695_afm_dropout_noSM_woTemplates_model_3_multimer_v2_pred_58.pdb,Model_2695_afm_dropout_noSM_woTemplates_model_3_multimer_v2_pred_58.pdb,2695,AFM,afm_dropout_noSM_woTemplates_multimer_v2,,3,58,afm_dropout_noSM_woTemplates_v2,,False,casp17/massivefold_external_pool_intake/h2319_t333/extracted_models/H2319_all_pdbs/Model_2695_afm_dropout_noSM_woTemplates_model_3_multimer_v2_pred_58.pdb,awaiting_extract,"MassiveFold model pool index only. It parses organizer-provided external model tarball listings and stages balanced extraction/rerank candidates. These models remain external rerank and accuracy-estimation inputs, not internal predictions, not CASP submissions, and not competitive-proof evidence."
7,H2319,H2319_T333,586,H2319_all_pdbs/Model_4037_afm_dropout_noSM_woTemplates_model_2_multimer_v2_pred_40.pdb,Model_4037_afm_dropout_noSM_woTemplates_model_2_multimer_v2_pred_40.pdb,4037,AFM,afm_dropout_noSM_woTemplates_multimer_v2,,2,40,afm_dropout_noSM_woTemplates_v2,,False,casp17/massivefold_external_pool_intake/h2319_t333/extracted_models/H2319_all_pdbs/Model_4037_afm_dropout_noSM_woTemplates_model_2_multimer_v2_pred_40.pdb,awaiting_extract,"MassiveFold model pool index only. It parses organizer-provided external model tarball listings and stages balanced extraction/rerank candidates. These models remain external rerank and accuracy-estimation inputs, not internal predictions, not CASP submissions, and not competitive-proof evidence."
7,H2319,H2319_T333,606,H2319_all_pdbs/Model_3939_afm_dropout_noSM_woTemplates_model_2_multimer_v2_pred_64.pdb,Model_3939_afm_dropout_noSM_woTemplates_model_2_multimer_v2_pred_64.pdb,3939,AFM,afm_dropout_noSM_woTemplates_multimer_v2,,2,64,afm_dropout_noSM_woTemplates_v2,,False,casp17/massivefold_external_pool_intake/h2319_t333/extracted_models/H2319_all_pdbs/Model_3939_afm_dropout_noSM_woTemplates_model_2_multimer_v2_pred_64.pdb,awaiting_extract,"MassiveFold model pool index only. It parses organizer-provided external model tarball listings and stages balanced extraction/rerank candidates. These models remain external rerank and accuracy-estimation inputs, not internal predictions, not CASP submissions, and not competitive-proof evidence."
7,H2319,H2319_T333,609,H2319_all_pdbs/Model_3790_afm_dropout_noSM_woTemplates_model_2_multimer_v2_pred_13.pdb,Model_3790_afm_dropout_noSM_woTemplates_model_2_multimer_v2_pred_13.pdb,3790,AFM,afm_dropout_noSM_woTemplates_multimer_v2,,2,13,afm_dropout_noSM_woTemplates_v2,,False,casp17/massivefold_external_pool_intake/h2319_t333/extracted_models/H2319_all_pdbs/Model_3790_afm_dropout_noSM_woTemplates_model_2_multimer_v2_pred_13.pdb,awaiting_extract,"MassiveFold model pool index only. It parses organizer-provided external model tarball listings and stages balanced extraction/rerank candidates. These models remain external rerank and accuracy-estimation inputs, not internal predictions, not CASP submissions, and not competitive-proof evidence."
7,H2319,H2319_T333,658,H2319_all_pdbs/Model_2287_afm_dropout_noSM_woTemplates_model_3_multimer_v2_pred_26.pdb,Model_2287_afm_dropout_noSM_woTemplates_model_3_multimer_v2_pred_26.pdb,2287,AFM,afm_dropout_noSM_woTemplates_multimer_v2,,3,26,afm_dropout_noSM_woTemplates_v2,,False,casp17/massivefold_external_pool_intake/h2319_t333/extracted_models/H2319_all_pdbs/Model_2287_afm_dropout_noSM_woTemplates_model_3_multimer_v2_pred_26.pdb,awaiting_extract,"MassiveFold model pool index only. It parses organizer-provided external model tarball listings and stages balanced extraction/rerank candidates. These models remain external rerank and accuracy-estimation inputs, not internal predictions, not CASP submissions, and not competitive-proof evidence."
7,H2319,H2319_T333,720,H2319_all_pdbs/Model_3363_afm_dropout_noSM_woTemplates_model_4_multimer_v2_pred_42.pdb,Model_3363_afm_dropout_noSM_woTemplates_model_4_multimer_v2_pred_42.pdb,3363,AFM,afm_dropout_noSM_woTemplates_multimer_v2,,4,42,afm_dropout_noSM_woTemplates_v2,,False,casp17/massivefold_external_pool_intake/h2319_t333/extracted_models/H2319_all_pdbs/Model_3363_afm_dropout_noSM_woTemplates_model_4_multimer_v2_pred_42.pdb,awaiting_extract,"MassiveFold model pool index only. It parses organizer-provided external model tarball listings and stages balanced extraction/rerank candidates. These models remain external rerank and accuracy-estimation inputs, not internal predictions, not CASP submissions, and not competitive-proof evidence."
7,H2319,H2319_T333,762,H2319_all_pdbs/Model_2401_afm_dropout_noSM_woTemplates_model_3_multimer_v2_pred_18.pdb,Model_2401_afm_dropout_noSM_woTemplates_model_3_multimer_v2_pred_18.pdb,2401,AFM,afm_dropout_noSM_woTemplates_multimer_v2,,3,18,afm_dropout_noSM_woTemplates_v2,,False,casp17/massivefold_external_pool_intake/h2319_t333/extracted_models/H2319_all_pdbs/Model_2401_afm_dropout_noSM_woTemplates_model_3_multimer_v2_pred_18.pdb,awaiting_extract,"MassiveFold model pool index only. It parses organizer-provided external model tarball listings and stages balanced extraction/rerank candidates. These models remain external rerank and accuracy-estimation inputs, not internal predictions, not CASP submissions, and not competitive-proof evidence."
7,H2319,H2319_T333,764,H2319_all_pdbs/Model_3030_afm_dropout_noSM_woTemplates_model_3_multimer_v2_pred_3.pdb,Model_3030_afm_dropout_noSM_woTemplates_model_3_multimer_v2_pred_3.pdb,3030,AFM,afm_dropout_noSM_woTemplates_multimer_v2,,3,3,afm_dropout_noSM_woTemplates_v2,,False,casp17/massivefold_external_pool_intake/h2319_t333/extracted_models/H2319_all_pdbs/Model_3030_afm_dropout_noSM_woTemplates_model_3_multimer_v2_pred_3.pdb,awaiting_extract,"MassiveFold model pool index only. It parses organizer-provided external model tarball listings and stages balanced extraction/rerank candidates. These models remain external rerank and accuracy-estimation inputs, not internal predictions, not CASP submissions, and not competitive-proof evidence."
7,H2319,H2319_T333,813,H2319_all_pdbs/Model_1494_afm_dropout_noSM_woTemplates_model_3_multimer_v2_pred_0.pdb,Model_1494_afm_dropout_noSM_woTemplates_model_3_multimer_v2_pred_0.pdb,1494,AFM,afm_dropout_noSM_woTemplates_multimer_v2,,3,0,afm_dropout_noSM_woTemplates_v2,,False,casp17/massivefold_external_pool_intake/h2319_t333/extracted_models/H2319_all_pdbs/Model_1494_afm_dropout_noSM_woTemplates_model_3_multimer_v2_pred_0.pdb,awaiting_extract,"MassiveFold model pool index only. It parses organizer-provided external model tarball listings and stages balanced extraction/rerank candidates. These models remain external rerank and accuracy-estimation inputs, not internal predictions, not CASP submissions, and not competitive-proof evidence."
7,H2319,H2319_T333,817,H2319_all_pdbs/Model_4062_afm_dropout_noSM_woTemplates_model_2_multimer_v2_pred_42.pdb,Model_4062_afm_dropout_noSM_woTemplates_model_2_multimer_v2_pred_42.pdb,4062,AFM,afm_dropout_noSM_woTemplates_multimer_v2,,2,42,afm_dropout_noSM_woTemplates_v2,,False,casp17/massivefold_external_pool_intake/h2319_t333/extracted_models/H2319_all_pdbs/Model_4062_afm_dropout_noSM_woTemplates_model_2_multimer_v2_pred_42.pdb,awaiting_extract,"MassiveFold model pool index only. It parses organizer-provided external model tarball listings and stages balanced extraction/rerank candidates. These models remain external rerank and accuracy-estimation inputs, not internal predictions, not CASP submissions, and not competitive-proof evidence."
7,H2319,H2319_T333,984,H2319_all_pdbs/Model_1792_afm_dropout_noSM_woTemplates_model_1_multimer_v2_pred_12.pdb,Model_1792_afm_dropout_noSM_woTemplates_model_1_multimer_v2_pred_12.pdb,1792,AFM,afm_dropout_noSM_woTemplates_multimer_v2,,1,12,afm_dropout_noSM_woTemplates_v2,,False,casp17/massivefold_external_pool_intake/h2319_t333/extracted_models/H2319_all_pdbs/Model_1792_afm_dropout_noSM_woTemplates_model_1_multimer_v2_pred_12.pdb,awaiting_extract,"MassiveFold model pool index only. It parses organizer-provided external model tarball listings and stages balanced extraction/rerank candidates. These models remain external rerank and accuracy-estimation inputs, not internal predictions, not CASP submissions, and not competitive-proof evidence."
7,H2319,H2319_T333,995,H2319_all_pdbs/Model_2726_afm_dropout_noSM_woTemplates_model_4_multimer_v2_pred_52.pdb,Model_2726_afm_dropout_noSM_woTemplates_model_4_multimer_v2_pred_52.pdb,2726,AFM,afm_dropout_noSM_woTemplates_multimer_v2,,4,52,afm_dropout_noSM_woTemplates_v2,,False,casp17/massivefold_external_pool_intake/h2319_t333/extracted_models/H2319_all_pdbs/Model_2726_afm_dropout_noSM_woTemplates_model_4_multimer_v2_pred_52.pdb,awaiting_extract,"MassiveFold model pool index only. It parses organizer-provided external model tarball listings and stages balanced extraction/rerank candidates. These models remain external rerank and accuracy-estimation inputs, not internal predictions, not CASP submissions, and not competitive-proof evidence."
7,H2319,H2319_T333,1009,H2319_all_pdbs/Model_2308_afm_dropout_noSM_woTemplates_model_5_multimer_v2_pred_56.pdb,Model_2308_afm_dropout_noSM_woTemplates_model_5_multimer_v2_pred_56.pdb,2308,AFM,afm_dropout_noSM_woTemplates_multimer_v2,,5,56,afm_dropout_noSM_woTemplates_v2,,False,casp17/massivefold_external_pool_intake/h2319_t333/extracted_models/H2319_all_pdbs/Model_2308_afm_dropout_noSM_woTemplates_model_5_multimer_v2_pred_56.pdb,awaiting_extract,"MassiveFold model pool index only. It parses organizer-provided external model tarball listings and stages balanced extraction/rerank candidates. These models remain external rerank and accuracy-estimation inputs, not internal predictions, not CASP submissions, and not competitive-proof evidence."
7,H2319,H2319_T333,1027,H2319_all_pdbs/Model_3975_afm_dropout_noSM_woTemplates_model_5_multimer_v2_pred_42.pdb,Model_3975_afm_dropout_noSM_woTemplates_model_5_multimer_v2_pred_42.pdb,3975,AFM,afm_dropout_noSM_woTemplates_multimer_v2,,5,42,afm_dropout_noSM_woTemplates_v2,,False,casp17/massivefold_external_pool_intake/h2319_t333/extracted_models/H2319_all_pdbs/Model_3975_afm_dropout_noSM_woTemplates_model_5_multimer_v2_pred_42.pdb,awaiting_extract,"MassiveFold model pool index only. It parses organizer-provided external model tarball listings and stages balanced extraction/rerank candidates. These models remain external rerank and accuracy-estimation inputs, not internal predictions, not CASP submissions, and not competitive-proof evidence."
7,H2319,H2319_T333,1043,H2319_all_pdbs/Model_2133_afm_dropout_noSM_woTemplates_model_1_multimer_v2_pred_20.pdb,Model_2133_afm_dropout_noSM_woTemplates_model_1_multimer_v2_pred_20.pdb,2133,AFM,afm_dropout_noSM_woTemplates_multimer_v2,,1,20,afm_dropout_noSM_woTemplates_v2,,False,casp17/massivefold_external_pool_intake/h2319_t333/extracted_models/H2319_all_pdbs/Model_2133_afm_dropout_noSM_woTemplates_model_1_multimer_v2_pred_20.pdb,awaiting_extract,"MassiveFold model pool index only. It parses organizer-provided external model tarball listings and stages balanced extraction/rerank candidates. These models remain external rerank and accuracy-estimation inputs, not internal predictions, not CASP submissions, and not competitive-proof evidence."
7,H2319,H2319_T333,1077,H2319_all_pdbs/Model_2700_afm_dropout_noSM_woTemplates_model_5_multimer_v2_pred_35.pdb,Model_2700_afm_dropout_noSM_woTemplates_model_5_multimer_v2_pred_35.pdb,2700,AFM,afm_dropout_noSM_woTemplates_multimer_v2,,5,35,afm_dropout_noSM_woTemplates_v2,,False,casp17/massivefold_external_pool_intake/h2319_t333/extracted_models/H2319_all_pdbs/Model_2700_afm_dropout_noSM_woTemplates_model_5_multimer_v2_pred_35.pdb,awaiting_extract,"MassiveFold model pool index only. It parses organizer-provided external model tarball listings and stages balanced extraction/rerank candidates. These models remain external rerank and accuracy-estimation inputs, not internal predictions, not CASP submissions, and not competitive-proof evidence."
7,H2319,H2319_T333,1078,H2319_all_pdbs/Model_2351_afm_dropout_noSM_woTemplates_model_1_multimer_v2_pred_54.pdb,Model_2351_afm_dropout_noSM_woTemplates_model_1_multimer_v2_pred_54.pdb,2351,AFM,afm_dropout_noSM_woTemplates_multimer_v2,,1,54,afm_dropout_noSM_woTemplates_v2,,False,casp17/massivefold_external_pool_intake/h2319_t333/extracted_models/H2319_all_pdbs/Model_2351_afm_dropout_noSM_woTemplates_model_1_multimer_v2_pred_54.pdb,awaiting_extract,"MassiveFold model pool index only. It parses organizer-provided external model tarball listings and stages balanced extraction/rerank candidates. These models remain external rerank and accuracy-estimation inputs, not internal predictions, not CASP submissions, and not competitive-proof evidence."
7,H2319,H2319_T333,1111,H2319_all_pdbs/Model_2711_afm_dropout_noSM_woTemplates_model_1_multimer_v2_pred_26.pdb,Model_2711_afm_dropout_noSM_woTemplates_model_1_multimer_v2_pred_26.pdb,2711,AFM,afm_dropout_noSM_woTemplates_multimer_v2,,1,26,afm_dropout_noSM_woTemplates_v2,,False,casp17/massivefold_external_pool_intake/h2319_t333/extracted_models/H2319_all_pdbs/Model_2711_afm_dropout_noSM_woTemplates_model_1_multimer_v2_pred_26.pdb,awaiting_extract,"MassiveFold model pool index only. It parses organizer-provided external model tarball listings and stages balanced extraction/rerank candidates. These models remain external rerank and accuracy-estimation inputs, not internal predictions, not CASP submissions, and not competitive-proof evidence."
7,H2319,H2319_T333,1164,H2319_all_pdbs/Model_3578_afm_dropout_noSM_woTemplates_model_5_multimer_v2_pred_57.pdb,Model_3578_afm_dropout_noSM_woTemplates_model_5_multimer_v2_pred_57.pdb,3578,AFM,afm_dropout_noSM_woTemplates_multimer_v2,,5,57,afm_dropout_noSM_woTemplates_v2,,False,casp17/massivefold_external_pool_intake/h2319_t333/extracted_models/H2319_all_pdbs/Model_3578_afm_dropout_noSM_woTemplates_model_5_multimer_v2_pred_57.pdb,awaiting_extract,"MassiveFold model pool index only. It parses organizer-provided external model tarball listings and stages balanced extraction/rerank candidates. These models remain external rerank and accuracy-estimation inputs, not internal predictions, not CASP submissions, and not competitive-proof evidence."
7,H2319,H2319_T333,1213,H2319_all_pdbs/Model_2292_afm_dropout_noSM_woTemplates_model_5_multimer_v2_pred_61.pdb,Model_2292_afm_dropout_noSM_woTemplates_model_5_multimer_v2_pred_61.pdb,2292,AFM,afm_dropout_noSM_woTemplates_multimer_v2,,5,61,afm_dropout_noSM_woTemplates_v2,,False,casp17/massivefold_external_pool_intake/h2319_t333/extracted_models/H2319_all_pdbs/Model_2292_afm_dropout_noSM_woTemplates_model_5_multimer_v2_pred_61.pdb,awaiting_extract,"MassiveFold model pool index only. It parses organizer-provided external model tarball listings and stages balanced extraction/rerank candidates. These models remain external rerank and accuracy-estimation inputs, not internal predictions, not CASP submissions, and not competitive-proof evidence."
7,H2319,H2319_T333,1217,H2319_all_pdbs/Model_3721_afm_dropout_noSM_woTemplates_model_2_multimer_v2_pred_41.pdb,Model_3721_afm_dropout_noSM_woTemplates_model_2_multimer_v2_pred_41.pdb,3721,AFM,afm_dropout_noSM_woTemplates_multimer_v2,,2,41,afm_dropout_noSM_woTemplates_v2,,False,casp17/massivefold_external_pool_intake/h2319_t333/extracted_models/H2319_all_pdbs/Model_3721_afm_dropout_noSM_woTemplates_model_2_multimer_v2_pred_41.pdb,awaiting_extract,"MassiveFold model pool index only. It parses organizer-provided external model tarball listings and stages balanced extraction/rerank candidates. These models remain external rerank and accuracy-estimation inputs, not internal predictions, not CASP submissions, and not competitive-proof evidence."
7,H2319,H2319_T333,1251,H2319_all_pdbs/Model_1614_afm_dropout_noSM_woTemplates_model_1_multimer_v2_pred_30.pdb,Model_1614_afm_dropout_noSM_woTemplates_model_1_multimer_v2_pred_30.pdb,1614,AFM,afm_dropout_noSM_woTemplates_multimer_v2,,1,30,afm_dropout_noSM_woTemplates_v2,,False,casp17/massivefold_external_pool_intake/h2319_t333/extracted_models/H2319_all_pdbs/Model_1614_afm_dropout_noSM_woTemplates_model_1_multimer_v2_pred_30.pdb,awaiting_extract,"MassiveFold model pool index only. It parses organizer-provided external model tarball listings and stages balanced extraction/rerank candidates. These models remain external rerank and accuracy-estimation inputs, not internal predictions, not CASP submissions, and not competitive-proof evidence."
7,H2319,H2319_T333,1279,H2319_all_pdbs/Model_2620_afm_dropout_noSM_woTemplates_model_4_multimer_v2_pred_26.pdb,Model_2620_afm_dropout_noSM_woTemplates_model_4_multimer_v2_pred_26.pdb,2620,AFM,afm_dropout_noSM_woTemplates_multimer_v2,,4,26,afm_dropout_noSM_woTemplates_v2,,False,casp17/massivefold_external_pool_intake/h2319_t333/extracted_models/H2319_all_pdbs/Model_2620_afm_dropout_noSM_woTemplates_model_4_multimer_v2_pred_26.pdb,awaiting_extract,"MassiveFold model pool index only. It parses organizer-provided external model tarball listings and stages balanced extraction/rerank candidates. These models remain external rerank and accuracy-estimation inputs, not internal predictions, not CASP submissions, and not competitive-proof evidence."
7,H2319,H2319_T333,1354,H2319_all_pdbs/Model_3229_afm_dropout_noSM_woTemplates_model_2_multimer_v2_pred_27.pdb,Model_3229_afm_dropout_noSM_woTemplates_model_2_multimer_v2_pred_27.pdb,3229,AFM,afm_dropout_noSM_woTemplates_multimer_v2,,2,27,afm_dropout_noSM_woTemplates_v2,,False,casp17/massivefold_external_pool_intake/h2319_t333/extracted_models/H2319_all_pdbs/Model_3229_afm_dropout_noSM_woTemplates_model_2_multimer_v2_pred_27.pdb,awaiting_extract,"MassiveFold model pool index only. It parses organizer-provided external model tarball listings and stages balanced extraction/rerank candidates. These models remain external rerank and accuracy-estimation inputs, not internal predictions, not CASP submissions, and not competitive-proof evidence."
7,H2319,H2319_T333,1423,H2319_all_pdbs/Model_2709_afm_dropout_noSM_woTemplates_model_5_multimer_v2_pred_23.pdb,Model_2709_afm_dropout_noSM_woTemplates_model_5_multimer_v2_pred_23.pdb,2709,AFM,afm_dropout_noSM_woTemplates_multimer_v2,,5,23,afm_dropout_noSM_woTemplates_v2,,False,casp17/massivefold_external_pool_intake/h2319_t333/extracted_models/H2319_all_pdbs/Model_2709_afm_dropout_noSM_woTemplates_model_5_multimer_v2_pred_23.pdb,awaiting_extract,"MassiveFold model pool index only. It parses organizer-provided external model tarball listings and stages balanced extraction/rerank candidates. These models remain external rerank and accuracy-estimation inputs, not internal predictions, not CASP submissions, and not competitive-proof evidence."
7,H2319,H2319_T333,1430,H2319_all_pdbs/Model_1463_afm_dropout_noSM_woTemplates_model_4_multimer_v2_pred_16.pdb,Model_1463_afm_dropout_noSM_woTemplates_model_4_multimer_v2_pred_16.pdb,1463,AFM,afm_dropout_noSM_woTemplates_multimer_v2,,4,16,afm_dropout_noSM_woTemplates_v2,,False,casp17/massivefold_external_pool_intake/h2319_t333/extracted_models/H2319_all_pdbs/Model_1463_afm_dropout_noSM_woTemplates_model_4_multimer_v2_pred_16.pdb,awaiting_extract,"MassiveFold model pool index only. It parses organizer-provided external model tarball listings and stages balanced extraction/rerank candidates. These models remain external rerank and accuracy-estimation inputs, not internal predictions, not CASP submissions, and not competitive-proof evidence."
7,H2319,H2319_T333,1454,H2319_all_pdbs/Model_3225_afm_dropout_noSM_woTemplates_model_2_multimer_v2_pred_48.pdb,Model_3225_afm_dropout_noSM_woTemplates_model_2_multimer_v2_pred_48.pdb,3225,AFM,afm_dropout_noSM_woTemplates_multimer_v2,,2,48,afm_dropout_noSM_woTemplates_v2,,False,casp17/massivefold_external_pool_intake/h2319_t333/extracted_models/H2319_all_pdbs/Model_3225_afm_dropout_noSM_woTemplates_model_2_multimer_v2_pred_48.pdb,awaiting_extract,"MassiveFold model pool index only. It parses organizer-provided external model tarball listings and stages balanced extraction/rerank candidates. These models remain external rerank and accuracy-estimation inputs, not internal predictions, not CASP submissions, and not competitive-proof evidence."
7,H2319,H2319_T333,1516,H2319_all_pdbs/Model_3848_afm_dropout_noSM_woTemplates_model_5_multimer_v2_pred_45.pdb,Model_3848_afm_dropout_noSM_woTemplates_model_5_multimer_v2_pred_45.pdb,3848,AFM,afm_dropout_noSM_woTemplates_multimer_v2,,5,45,afm_dropout_noSM_woTemplates_v2,,False,casp17/massivefold_external_pool_intake/h2319_t333/extracted_models/H2319_all_pdbs/Model_3848_afm_dropout_noSM_woTemplates_model_5_multimer_v2_pred_45.pdb,awaiting_extract,"MassiveFold model pool index only. It parses organizer-provided external model tarball listings and stages balanced extraction/rerank candidates. These models remain external rerank and accuracy-estimation inputs, not internal predictions, not CASP submissions, and not competitive-proof evidence."
7,H2319,H2319_T333,1581,H2319_all_pdbs/Model_3309_afm_dropout_noSM_woTemplates_model_5_multimer_v2_pred_46.pdb,Model_3309_afm_dropout_noSM_woTemplates_model_5_multimer_v2_pred_46.pdb,3309,AFM,afm_dropout_noSM_woTemplates_multimer_v2,,5,46,afm_dropout_noSM_woTemplates_v2,,False,casp17/massivefold_external_pool_intake/h2319_t333/extracted_models/H2319_all_pdbs/Model_3309_afm_dropout_noSM_woTemplates_model_5_multimer_v2_pred_46.pdb,awaiting_extract,"MassiveFold model pool index only. It parses organizer-provided external model tarball listings and stages balanced extraction/rerank candidates. These models remain external rerank and accuracy-estimation inputs, not internal predictions, not CASP submissions, and not competitive-proof evidence."
7,H2319,H2319_T333,1599,H2319_all_pdbs/Model_1306_afm_dropout_noSM_woTemplates_model_1_multimer_v2_pred_62.pdb,Model_1306_afm_dropout_noSM_woTemplates_model_1_multimer_v2_pred_62.pdb,1306,AFM,afm_dropout_noSM_woTemplates_multimer_v2,,1,62,afm_dropout_noSM_woTemplates_v2,,False,casp17/massivefold_external_pool_intake/h2319_t333/extracted_models/H2319_all_pdbs/Model_1306_afm_dropout_noSM_woTemplates_model_1_multimer_v2_pred_62.pdb,awaiting_extract,"MassiveFold model pool index only. It parses organizer-provided external model tarball listings and stages balanced extraction/rerank candidates. These models remain external rerank and accuracy-estimation inputs, not internal predictions, not CASP submissions, and not competitive-proof evidence."
7,H2319,H2319_T333,1741,H2319_all_pdbs/Model_2382_afm_dropout_noSM_woTemplates_model_4_multimer_v2_pred_22.pdb,Model_2382_afm_dropout_noSM_woTemplates_model_4_multimer_v2_pred_22.pdb,2382,AFM,afm_dropout_noSM_woTemplates_multimer_v2,,4,22,afm_dropout_noSM_woTemplates_v2,,False,casp17/massivefold_external_pool_intake/h2319_t333/extracted_models/H2319_all_pdbs/Model_2382_afm_dropout_noSM_woTemplates_model_4_multimer_v2_pred_22.pdb,awaiting_extract,"MassiveFold model pool index only. It parses organizer-provided external model tarball listings and stages balanced extraction/rerank candidates. These models remain external rerank and accuracy-estimation inputs, not internal predictions, not CASP submissions, and not competitive-proof evidence."
7,H2319,H2319_T333,1753,H2319_all_pdbs/Model_1363_afm_dropout_noSM_woTemplates_model_1_multimer_v2_pred_65.pdb,Model_1363_afm_dropout_noSM_woTemplates_model_1_multimer_v2_pred_65.pdb,1363,AFM,afm_dropout_noSM_woTemplates_multimer_v2,,1,65,afm_dropout_noSM_woTemplates_v2,,False,casp17/massivefold_external_pool_intake/h2319_t333/extracted_models/H2319_all_pdbs/Model_1363_afm_dropout_noSM_woTemplates_model_1_multimer_v2_pred_65.pdb,awaiting_extract,"MassiveFold model pool index only. It parses organizer-provided external model tarball listings and stages balanced extraction/rerank candidates. These models remain external rerank and accuracy-estimation inputs, not internal predictions, not CASP submissions, and not competitive-proof evidence."
7,H2319,H2319_T333,1787,H2319_all_pdbs/Model_1830_afm_dropout_noSM_woTemplates_model_1_multimer_v2_pred_33.pdb,Model_1830_afm_dropout_noSM_woTemplates_model_1_multimer_v2_pred_33.pdb,1830,AFM,afm_dropout_noSM_woTemplates_multimer_v2,,1,33,afm_dropout_noSM_woTemplates_v2,,False,casp17/massivefold_external_pool_intake/h2319_t333/extracted_models/H2319_all_pdbs/Model_1830_afm_dropout_noSM_woTemplates_model_1_multimer_v2_pred_33.pdb,awaiting_extract,"MassiveFold model pool index only. It parses organizer-provided external model tarball listings and stages balanced extraction/rerank candidates. These models remain external rerank and accuracy-estimation inputs, not internal predictions, not CASP submissions, and not competitive-proof evidence."
7,H2319,H2319_T333,1865,H2319_all_pdbs/Model_4020_afm_dropout_noSM_woTemplates_model_2_multimer_v2_pred_38.pdb,Model_4020_afm_dropout_noSM_woTemplates_model_2_multimer_v2_pred_38.pdb,4020,AFM,afm_dropout_noSM_woTemplates_multimer_v2,,2,38,afm_dropout_noSM_woTemplates_v2,,False,casp17/massivefold_external_pool_intake/h2319_t333/extracted_models/H2319_all_pdbs/Model_4020_afm_dropout_noSM_woTemplates_model_2_multimer_v2_pred_38.pdb,awaiting_extract,"MassiveFold model pool index only. It parses organizer-provided external model tarball listings and stages balanced extraction/rerank candidates. These models remain external rerank and accuracy-estimation inputs, not internal predictions, not CASP submissions, and not competitive-proof evidence."
7,H2319,H2319_T333,1902,H2319_all_pdbs/Model_3639_afm_dropout_noSM_woTemplates_model_5_multimer_v2_pred_60.pdb,Model_3639_afm_dropout_noSM_woTemplates_model_5_multimer_v2_pred_60.pdb,3639,AFM,afm_dropout_noSM_woTemplates_multimer_v2,,5,60,afm_dropout_noSM_woTemplates_v2,,False,casp17/massivefold_external_pool_intake/h2319_t333/extracted_models/H2319_all_pdbs/Model_3639_afm_dropout_noSM_woTemplates_model_5_multimer_v2_pred_60.pdb,awaiting_extract,"MassiveFold model pool index only. It parses organizer-provided external model tarball listings and stages balanced extraction/rerank candidates. These models remain external rerank and accuracy-estimation inputs, not internal predictions, not CASP submissions, and not competitive-proof evidence."
7,H2319,H2319_T333,2008,H2319_all_pdbs/Model_2900_afm_dropout_noSM_woTemplates_model_4_multimer_v2_pred_63.pdb,Model_2900_afm_dropout_noSM_woTemplates_model_4_multimer_v2_pred_63.pdb,2900,AFM,afm_dropout_noSM_woTemplates_multimer_v2,,4,63,afm_dropout_noSM_woTemplates_v2,,False,casp17/massivefold_external_pool_intake/h2319_t333/extracted_models/H2319_all_pdbs/Model_2900_afm_dropout_noSM_woTemplates_model_4_multimer_v2_pred_63.pdb,awaiting_extract,"MassiveFold model pool index only. It parses organizer-provided external model tarball listings and stages balanced extraction/rerank candidates. These models remain external rerank and accuracy-estimation inputs, not internal predictions, not CASP submissions, and not competitive-proof evidence."
7,H2319,H2319_T333,2022,H2319_all_pdbs/Model_1482_afm_dropout_noSM_woTemplates_model_1_multimer_v2_pred_9.pdb,Model_1482_afm_dropout_noSM_woTemplates_model_1_multimer_v2_pred_9.pdb,1482,AFM,afm_dropout_noSM_woTemplates_multimer_v2,,1,9,afm_dropout_noSM_woTemplates_v2,,False,casp17/massivefold_external_pool_intake/h2319_t333/extracted_models/H2319_all_pdbs/Model_1482_afm_dropout_noSM_woTemplates_model_1_multimer_v2_pred_9.pdb,awaiting_extract,"MassiveFold model pool index only. It parses organizer-provided external model tarball listings and stages balanced extraction/rerank candidates. These models remain external rerank and accuracy-estimation inputs, not internal predictions, not CASP submissions, and not competitive-proof evidence."
7,H2319,H2319_T333,2032,H2319_all_pdbs/Model_1389_afm_dropout_noSM_woTemplates_model_3_multimer_v2_pred_20.pdb,Model_1389_afm_dropout_noSM_woTemplates_model_3_multimer_v2_pred_20.pdb,1389,AFM,afm_dropout_noSM_woTemplates_multimer_v2,,3,20,afm_dropout_noSM_woTemplates_v2,,False,casp17/massivefold_external_pool_intake/h2319_t333/extracted_models/H2319_all_pdbs/Model_1389_afm_dropout_noSM_woTemplates_model_3_multimer_v2_pred_20.pdb,awaiting_extract,"MassiveFold model pool index only. It parses organizer-provided external model tarball listings and stages balanced extraction/rerank candidates. These models remain external rerank and accuracy-estimation inputs, not internal predictions, not CASP submissions, and not competitive-proof evidence."
7,H2319,H2319_T333,2137,H2319_all_pdbs/Model_2983_afm_dropout_noSM_woTemplates_model_3_multimer_v2_pred_19.pdb,Model_2983_afm_dropout_noSM_woTemplates_model_3_multimer_v2_pred_19.pdb,2983,AFM,afm_dropout_noSM_woTemplates_multimer_v2,,3,19,afm_dropout_noSM_woTemplates_v2,,False,casp17/massivefold_external_pool_intake/h2319_t333/extracted_models/H2319_all_pdbs/Model_2983_afm_dropout_noSM_woTemplates_model_3_multimer_v2_pred_19.pdb,awaiting_extract,"MassiveFold model pool index only. It parses organizer-provided external model tarball listings and stages balanced extraction/rerank candidates. These models remain external rerank and accuracy-estimation inputs, not internal predictions, not CASP submissions, and not competitive-proof evidence."
7,H2319,H2319_T333,2148,H2319_all_pdbs/Model_3693_afm_dropout_noSM_woTemplates_model_5_multimer_v2_pred_39.pdb,Model_3693_afm_dropout_noSM_woTemplates_model_5_multimer_v2_pred_39.pdb,3693,AFM,afm_dropout_noSM_woTemplates_multimer_v2,,5,39,afm_dropout_noSM_woTemplates_v2,,False,casp17/massivefold_external_pool_intake/h2319_t333/extracted_models/H2319_all_pdbs/Model_3693_afm_dropout_noSM_woTemplates_model_5_multimer_v2_pred_39.pdb,awaiting_extract,"MassiveFold model pool index only. It parses organizer-provided external model tarball listings and stages balanced extraction/rerank candidates. These models remain external rerank and accuracy-estimation inputs, not internal predictions, not CASP submissions, and not competitive-proof evidence."
7,H2319,H2319_T333,2158,H2319_all_pdbs/Model_2886_afm_dropout_noSM_woTemplates_model_5_multimer_v2_pred_65.pdb,Model_2886_afm_dropout_noSM_woTemplates_model_5_multimer_v2_pred_65.pdb,2886,AFM,afm_dropout_noSM_woTemplates_multimer_v2,,5,65,afm_dropout_noSM_woTemplates_v2,,False,casp17/massivefold_external_pool_intake/h2319_t333/extracted_models/H2319_all_pdbs/Model_2886_afm_dropout_noSM_woTemplates_model_5_multimer_v2_pred_65.pdb,awaiting_extract,"MassiveFold model pool index only. It parses organizer-provided external model tarball listings and stages balanced extraction/rerank candidates. These models remain external rerank and accuracy-estimation inputs, not internal predictions, not CASP submissions, and not competitive-proof evidence."
7,H2319,H2319_T333,2188,H2319_all_pdbs/Model_1342_afm_dropout_noSM_woTemplates_model_4_multimer_v2_pred_49.pdb,Model_1342_afm_dropout_noSM_woTemplates_model_4_multimer_v2_pred_49.pdb,1342,AFM,afm_dropout_noSM_woTemplates_multimer_v2,,4,49,afm_dropout_noSM_woTemplates_v2,,False,casp17/massivefold_external_pool_intake/h2319_t333/extracted_models/H2319_all_pdbs/Model_1342_afm_dropout_noSM_woTemplates_model_4_multimer_v2_pred_49.pdb,awaiting_extract,"MassiveFold model pool index only. It parses organizer-provided external model tarball listings and stages balanced extraction/rerank candidates. These models remain external rerank and accuracy-estimation inputs, not internal predictions, not CASP submissions, and not competitive-proof evidence."
7,H2319,H2319_T333,2279,H2319_all_pdbs/Model_2076_afm_dropout_noSM_woTemplates_model_1_multimer_v2_pred_21.pdb,Model_2076_afm_dropout_noSM_woTemplates_model_1_multimer_v2_pred_21.pdb,2076,AFM,afm_dropout_noSM_woTemplates_multimer_v2,,1,21,afm_dropout_noSM_woTemplates_v2,,False,casp17/massivefold_external_pool_intake/h2319_t333/extracted_models/H2319_all_pdbs/Model_2076_afm_dropout_noSM_woTemplates_model_1_multimer_v2_pred_21.pdb,awaiting_extract,"MassiveFold model pool index only. It parses organizer-provided external model tarball listings and stages balanced extraction/rerank candidates. These models remain external rerank and accuracy-estimation inputs, not internal predictions, not CASP submissions, and not competitive-proof evidence."
7,H2319,H2319_T333,2357,H2319_all_pdbs/Model_1609_afm_dropout_noSM_woTemplates_model_4_multimer_v2_pred_4.pdb,Model_1609_afm_dropout_noSM_woTemplates_model_4_multimer_v2_pred_4.pdb,1609,AFM,afm_dropout_noSM_woTemplates_multimer_v2,,4,4,afm_dropout_noSM_woTemplates_v2,,False,casp17/massivefold_external_pool_intake/h2319_t333/extracted_models/H2319_all_pdbs/Model_1609_afm_dropout_noSM_woTemplates_model_4_multimer_v2_pred_4.pdb,awaiting_extract,"MassiveFold model pool index only. It parses organizer-provided external model tarball listings and stages balanced extraction/rerank candidates. These models remain external rerank and accuracy-estimation inputs, not internal predictions, not CASP submissions, and not competitive-proof evidence."
7,H2319,H2319_T333,2392,H2319_all_pdbs/Model_2243_afm_dropout_noSM_woTemplates_model_3_multimer_v2_pred_11.pdb,Model_2243_afm_dropout_noSM_woTemplates_model_3_multimer_v2_pred_11.pdb,2243,AFM,afm_dropout_noSM_woTemplates_multimer_v2,,3,11,afm_dropout_noSM_woTemplates_v2,,False,casp17/massivefold_external_pool_intake/h2319_t333/extracted_models/H2319_all_pdbs/Model_2243_afm_dropout_noSM_woTemplates_model_3_multimer_v2_pred_11.pdb,awaiting_extract,"MassiveFold model pool index only. It parses organizer-provided external model tarball listings and stages balanced extraction/rerank candidates. These models remain external rerank and accuracy-estimation inputs, not internal predictions, not CASP submissions, and not competitive-proof evidence."
7,H2319,H2319_T333,2423,H2319_all_pdbs/Model_2027_afm_dropout_noSM_woTemplates_model_4_multimer_v2_pred_11.pdb,Model_2027_afm_dropout_noSM_woTemplates_model_4_multimer_v2_pred_11.pdb,2027,AFM,afm_dropout_noSM_woTemplates_multimer_v2,,4,11,afm_dropout_noSM_woTemplates_v2,,False,casp17/massivefold_external_pool_intake/h2319_t333/extracted_models/H2319_all_pdbs/Model_2027_afm_dropout_noSM_woTemplates_model_4_multimer_v2_pred_11.pdb,awaiting_extract,"MassiveFold model pool index only. It parses organizer-provided external model tarball listings and stages balanced extraction/rerank candidates. These models remain external rerank and accuracy-estimation inputs, not internal predictions, not CASP submissions, and not competitive-proof evidence."
7,H2319,H2319_T333,2463,H2319_all_pdbs/Model_1457_afm_dropout_noSM_woTemplates_model_3_multimer_v2_pred_17.pdb,Model_1457_afm_dropout_noSM_woTemplates_model_3_multimer_v2_pred_17.pdb,1457,AFM,afm_dropout_noSM_woTemplates_multimer_v2,,3,17,afm_dropout_noSM_woTemplates_v2,,False,casp17/massivefold_external_pool_intake/h2319_t333/extracted_models/H2319_all_pdbs/Model_1457_afm_dropout_noSM_woTemplates_model_3_multimer_v2_pred_17.pdb,awaiting_extract,"MassiveFold model pool index only. It parses organizer-provided external model tarball listings and stages balanced extraction/rerank candidates. These models remain external rerank and accuracy-estimation inputs, not internal predictions, not CASP submissions, and not competitive-proof evidence."
7,H2319,H2319_T333,2530,H2319_all_pdbs/Model_3406_afm_dropout_noSM_woTemplates_model_5_multimer_v2_pred_55.pdb,Model_3406_afm_dropout_noSM_woTemplates_model_5_multimer_v2_pred_55.pdb,3406,AFM,afm_dropout_noSM_woTemplates_multimer_v2,,5,55,afm_dropout_noSM_woTemplates_v2,,False,casp17/massivefold_external_pool_intake/h2319_t333/extracted_models/H2319_all_pdbs/Model_3406_afm_dropout_noSM_woTemplates_model_5_multimer_v2_pred_55.pdb,awaiting_extract,"MassiveFold model pool index only. It parses organizer-provided external model tarball listings and stages balanced extraction/rerank candidates. These models remain external rerank and accuracy-estimation inputs, not internal predictions, not CASP submissions, and not competitive-proof evidence."
7,H2319,H2319_T333,2575,H2319_all_pdbs/Model_3850_afm_dropout_noSM_woTemplates_model_5_multimer_v2_pred_36.pdb,Model_3850_afm_dropout_noSM_woTemplates_model_5_multimer_v2_pred_36.pdb,3850,AFM,afm_dropout_noSM_woTemplates_multimer_v2,,5,36,afm_dropout_noSM_woTemplates_v2,,False,casp17/massivefold_external_pool_intake/h2319_t333/extracted_models/H2319_all_pdbs/Model_3850_afm_dropout_noSM_woTemplates_model_5_multimer_v2_pred_36.pdb,awaiting_extract,"MassiveFold model pool index only. It parses organizer-provided external model tarball listings and stages balanced extraction/rerank candidates. These models remain external rerank and accuracy-estimation inputs, not internal predictions, not CASP submissions, and not competitive-proof evidence."
7,H2319,H2319_T333,2663,H2319_all_pdbs/Model_2376_afm_dropout_noSM_woTemplates_model_3_multimer_v2_pred_51.pdb,Model_2376_afm_dropout_noSM_woTemplates_model_3_multimer_v2_pred_51.pdb,2376,AFM,afm_dropout_noSM_woTemplates_multimer_v2,,3,51,afm_dropout_noSM_woTemplates_v2,,False,casp17/massivefold_external_pool_intake/h2319_t333/extracted_models/H2319_all_pdbs/Model_2376_afm_dropout_noSM_woTemplates_model_3_multimer_v2_pred_51.pdb,awaiting_extract,"MassiveFold model pool index only. It parses organizer-provided external model tarball listings and stages balanced extraction/rerank candidates. These models remain external rerank and accuracy-estimation inputs, not internal predictions, not CASP submissions, and not competitive-proof evidence."
7,H2319,H2319_T333,2686,H2319_all_pdbs/Model_3789_afm_dropout_noSM_woTemplates_model_2_multimer_v2_pred_47.pdb,Model_3789_afm_dropout_noSM_woTemplates_model_2_multimer_v2_pred_47.pdb,3789,AFM,afm_dropout_noSM_woTemplates_multimer_v2,,2,47,afm_dropout_noSM_woTemplates_v2,,False,casp17/massivefold_external_pool_intake/h2319_t333/extracted_models/H2319_all_pdbs/Model_3789_afm_dropout_noSM_woTemplates_model_2_multimer_v2_pred_47.pdb,awaiting_extract,"MassiveFold model pool index only. It parses organizer-provided external model tarball listings and stages balanced extraction/rerank candidates. These models remain external rerank and accuracy-estimation inputs, not internal predictions, not CASP submissions, and not competitive-proof evidence."
7,H2319,H2319_T333,2720,H2319_all_pdbs/Model_2523_afm_dropout_noSM_woTemplates_model_1_multimer_v2_pred_2.pdb,Model_2523_afm_dropout_noSM_woTemplates_model_1_multimer_v2_pred_2.pdb,2523,AFM,afm_dropout_noSM_woTemplates_multimer_v2,,1,2,afm_dropout_noSM_woTemplates_v2,,False,casp17/massivefold_external_pool_intake/h2319_t333/extracted_models/H2319_all_pdbs/Model_2523_afm_dropout_noSM_woTemplates_model_1_multimer_v2_pred_2.pdb,awaiting_extract,"MassiveFold model pool index only. It parses organizer-provided external model tarball listings and stages balanced extraction/rerank candidates. These models remain external rerank and accuracy-estimation inputs, not internal predictions, not CASP submissions, and not competitive-proof evidence."
7,H2319,H2319_T333,2869,H2319_all_pdbs/Model_2324_afm_dropout_noSM_woTemplates_model_3_multimer_v2_pred_10.pdb,Model_2324_afm_dropout_noSM_woTemplates_model_3_multimer_v2_pred_10.pdb,2324,AFM,afm_dropout_noSM_woTemplates_multimer_v2,,3,10,afm_dropout_noSM_woTemplates_v2,,False,casp17/massivefold_external_pool_intake/h2319_t333/extracted_models/H2319_all_pdbs/Model_2324_afm_dropout_noSM_woTemplates_model_3_multimer_v2_pred_10.pdb,awaiting_extract,"MassiveFold model pool index only. It parses organizer-provided external model tarball listings and stages balanced extraction/rerank candidates. These models remain external rerank and accuracy-estimation inputs, not internal predictions, not CASP submissions, and not competitive-proof evidence."
7,H2319,H2319_T333,2925,H2319_all_pdbs/Model_2807_afm_dropout_noSM_woTemplates_model_3_multimer_v2_pred_44.pdb,Model_2807_afm_dropout_noSM_woTemplates_model_3_multimer_v2_pred_44.pdb,2807,AFM,afm_dropout_noSM_woTemplates_multimer_v2,,3,44,afm_dropout_noSM_woTemplates_v2,,False,casp17/massivefold_external_pool_intake/h2319_t333/extracted_models/H2319_all_pdbs/Model_2807_afm_dropout_noSM_woTemplates_model_3_multimer_v2_pred_44.pdb,awaiting_extract,"MassiveFold model pool index only. It parses organizer-provided external model tarball listings and stages balanced extraction/rerank candidates. These models remain external rerank and accuracy-estimation inputs, not internal predictions, not CASP submissions, and not competitive-proof evidence."
7,H2319,H2319_T333,3083,H2319_all_pdbs/Model_4007_afm_dropout_noSM_woTemplates_model_5_multimer_v2_pred_41.pdb,Model_4007_afm_dropout_noSM_woTemplates_model_5_multimer_v2_pred_41.pdb,4007,AFM,afm_dropout_noSM_woTemplates_multimer_v2,,5,41,afm_dropout_noSM_woTemplates_v2,,False,casp17/massivefold_external_pool_intake/h2319_t333/extracted_models/H2319_all_pdbs/Model_4007_afm_dropout_noSM_woTemplates_model_5_multimer_v2_pred_41.pdb,awaiting_extract,"MassiveFold model pool index only. It parses organizer-provided external model tarball listings and stages balanced extraction/rerank candidates. These models remain external rerank and accuracy-estimation inputs, not internal predictions, not CASP submissions, and not competitive-proof evidence."
7,H2319,H2319_T333,3100,H2319_all_pdbs/Model_2759_afm_dropout_noSM_woTemplates_model_1_multimer_v2_pred_24.pdb,Model_2759_afm_dropout_noSM_woTemplates_model_1_multimer_v2_pred_24.pdb,2759,AFM,afm_dropout_noSM_woTemplates_multimer_v2,,1,24,afm_dropout_noSM_woTemplates_v2,,False,casp17/massivefold_external_pool_intake/h2319_t333/extracted_models/H2319_all_pdbs/Model_2759_afm_dropout_noSM_woTemplates_model_1_multimer_v2_pred_24.pdb,awaiting_extract,"MassiveFold model pool index only. It parses organizer-provided external model tarball listings and stages balanced extraction/rerank candidates. These models remain external rerank and accuracy-estimation inputs, not internal predictions, not CASP submissions, and not competitive-proof evidence."
7,H2319,H2319_T333,3104,H2319_all_pdbs/Model_1250_afm_dropout_noSM_woTemplates_model_3_multimer_v2_pred_38.pdb,Model_1250_afm_dropout_noSM_woTemplates_model_3_multimer_v2_pred_38.pdb,1250,AFM,afm_dropout_noSM_woTemplates_multimer_v2,,3,38,afm_dropout_noSM_woTemplates_v2,36,True,casp17/massivefold_external_pool_intake/h2319_t333/extracted_models/H2319_all_pdbs/Model_1250_afm_dropout_noSM_woTemplates_model_3_multimer_v2_pred_38.pdb,extracted,"MassiveFold model pool index only. It parses organizer-provided external model tarball listings and stages balanced extraction/rerank candidates. These models remain external rerank and accuracy-estimation inputs, not internal predictions, not CASP submissions, and not competitive-proof evidence."
7,H2319,H2319_T333,3113,H2319_all_pdbs/Model_3466_afm_dropout_noSM_woTemplates_model_4_multimer_v2_pred_2.pdb,Model_3466_afm_dropout_noSM_woTemplates_model_4_multimer_v2_pred_2.pdb,3466,AFM,afm_dropout_noSM_woTemplates_multimer_v2,,4,2,afm_dropout_noSM_woTemplates_v2,,False,casp17/massivefold_external_pool_intake/h2319_t333/extracted_models/H2319_all_pdbs/Model_3466_afm_dropout_noSM_woTemplates_model_4_multimer_v2_pred_2.pdb,awaiting_extract,"MassiveFold model pool index only. It parses organizer-provided external model tarball listings and stages balanced extraction/rerank candidates. These models remain external rerank and accuracy-estimation inputs, not internal predictions, not CASP submissions, and not competitive-proof evidence."
7,H2319,H2319_T333,3123,H2319_all_pdbs/Model_2114_afm_dropout_noSM_woTemplates_model_1_multimer_v2_pred_37.pdb,Model_2114_afm_dropout_noSM_woTemplates_model_1_multimer_v2_pred_37.pdb,2114,AFM,afm_dropout_noSM_woTemplates_multimer_v2,,1,37,afm_dropout_noSM_woTemplates_v2,,False,casp17/massivefold_external_pool_intake/h2319_t333/extracted_models/H2319_all_pdbs/Model_2114_afm_dropout_noSM_woTemplates_model_1_multimer_v2_pred_37.pdb,awaiting_extract,"MassiveFold model pool index only. It parses organizer-provided external model tarball listings and stages balanced extraction/rerank candidates. These models remain external rerank and accuracy-estimation inputs, not internal predictions, not CASP submissions, and not competitive-proof evidence."
7,H2319,H2319_T333,3178,H2319_all_pdbs/Model_3746_afm_dropout_noSM_woTemplates_model_5_multimer_v2_pred_1.pdb,Model_3746_afm_dropout_noSM_woTemplates_model_5_multimer_v2_pred_1.pdb,3746,AFM,afm_dropout_noSM_woTemplates_multimer_v2,,5,1,afm_dropout_noSM_woTemplates_v2,,False,casp17/massivefold_external_pool_intake/h2319_t333/extracted_models/H2319_all_pdbs/Model_3746_afm_dropout_noSM_woTemplates_model_5_multimer_v2_pred_1.pdb,awaiting_extract,"MassiveFold model pool index only. It parses organizer-provided external model tarball listings and stages balanced extraction/rerank candidates. These models remain external rerank and accuracy-estimation inputs, not internal predictions, not CASP submissions, and not competitive-proof evidence."
7,H2319,H2319_T333,3206,H2319_all_pdbs/Model_1535_afm_dropout_noSM_woTemplates_model_1_multimer_v2_pred_34.pdb,Model_1535_afm_dropout_noSM_woTemplates_model_1_multimer_v2_pred_34.pdb,1535,AFM,afm_dropout_noSM_woTemplates_multimer_v2,,1,34,afm_dropout_noSM_woTemplates_v2,,False,casp17/massivefold_external_pool_intake/h2319_t333/extracted_models/H2319_all_pdbs/Model_1535_afm_dropout_noSM_woTemplates_model_1_multimer_v2_pred_34.pdb,awaiting_extract,"MassiveFold model pool index only. It parses organizer-provided external model tarball listings and stages balanced extraction/rerank candidates. These models remain external rerank and accuracy-estimation inputs, not internal predictions, not CASP submissions, and not competitive-proof evidence."
7,H2319,H2319_T333,3218,H2319_all_pdbs/Model_1537_afm_dropout_noSM_woTemplates_model_3_multimer_v2_pred_53.pdb,Model_1537_afm_dropout_noSM_woTemplates_model_3_multimer_v2_pred_53.pdb,1537,AFM,afm_dropout_noSM_woTemplates_multimer_v2,,3,53,afm_dropout_noSM_woTemplates_v2,,False,casp17/massivefold_external_pool_intake/h2319_t333/extracted_models/H2319_all_pdbs/Model_1537_afm_dropout_noSM_woTemplates_model_3_multimer_v2_pred_53.pdb,awaiting_extract,"MassiveFold model pool index only. It parses organizer-provided external model tarball listings and stages balanced extraction/rerank candidates. These models remain external rerank and accuracy-estimation inputs, not internal predictions, not CASP submissions, and not competitive-proof evidence."
7,H2319,H2319_T333,3274,H2319_all_pdbs/Model_1679_afm_dropout_noSM_woTemplates_model_4_multimer_v2_pred_66.pdb,Model_1679_afm_dropout_noSM_woTemplates_model_4_multimer_v2_pred_66.pdb,1679,AFM,afm_dropout_noSM_woTemplates_multimer_v2,,4,66,afm_dropout_noSM_woTemplates_v2,,False,casp17/massivefold_external_pool_intake/h2319_t333/extracted_models/H2319_all_pdbs/Model_1679_afm_dropout_noSM_woTemplates_model_4_multimer_v2_pred_66.pdb,awaiting_extract,"MassiveFold model pool index only. It parses organizer-provided external model tarball listings and stages balanced extraction/rerank candidates. These models remain external rerank and accuracy-estimation inputs, not internal predictions, not CASP submissions, and not competitive-proof evidence."
7,H2319,H2319_T333,3311,H2319_all_pdbs/Model_3965_afm_dropout_noSM_woTemplates_model_2_multimer_v2_pred_50.pdb,Model_3965_afm_dropout_noSM_woTemplates_model_2_multimer_v2_pred_50.pdb,3965,AFM,afm_dropout_noSM_woTemplates_multimer_v2,,2,50,afm_dropout_noSM_woTemplates_v2,,False,casp17/massivefold_external_pool_intake/h2319_t333/extracted_models/H2319_all_pdbs/Model_3965_afm_dropout_noSM_woTemplates_model_2_multimer_v2_pred_50.pdb,awaiting_extract,"MassiveFold model pool index only. It parses organizer-provided external model tarball listings and stages balanced extraction/rerank candidates. These models remain external rerank and accuracy-estimation inputs, not internal predictions, not CASP submissions, and not competitive-proof evidence."
7,H2319,H2319_T333,3313,H2319_all_pdbs/Model_1462_afm_dropout_noSM_woTemplates_model_1_multimer_v2_pred_19.pdb,Model_1462_afm_dropout_noSM_woTemplates_model_1_multimer_v2_pred_19.pdb,1462,AFM,afm_dropout_noSM_woTemplates_multimer_v2,,1,19,afm_dropout_noSM_woTemplates_v2,,False,casp17/massivefold_external_pool_intake/h2319_t333/extracted_models/H2319_all_pdbs/Model_1462_afm_dropout_noSM_woTemplates_model_1_multimer_v2_pred_19.pdb,awaiting_extract,"MassiveFold model pool index only. It parses organizer-provided external model tarball listings and stages balanced extraction/rerank candidates. These models remain external rerank and accuracy-estimation inputs, not internal predictions, not CASP submissions, and not competitive-proof evidence."
7,H2319,H2319_T333,3343,H2319_all_pdbs/Model_2445_afm_dropout_noSM_woTemplates_model_5_multimer_v2_pred_14.pdb,Model_2445_afm_dropout_noSM_woTemplates_model_5_multimer_v2_pred_14.pdb,2445,AFM,afm_dropout_noSM_woTemplates_multimer_v2,,5,14,afm_dropout_noSM_woTemplates_v2,,False,casp17/massivefold_external_pool_intake/h2319_t333/extracted_models/H2319_all_pdbs/Model_2445_afm_dropout_noSM_woTemplates_model_5_multimer_v2_pred_14.pdb,awaiting_extract,"MassiveFold model pool index only. It parses organizer-provided external model tarball listings and stages balanced extraction/rerank candidates. These models remain external rerank and accuracy-estimation inputs, not internal predictions, not CASP submissions, and not competitive-proof evidence."
7,H2319,H2319_T333,3391,H2319_all_pdbs/Model_1770_afm_dropout_noSM_woTemplates_model_3_multimer_v2_pred_62.pdb,Model_1770_afm_dropout_noSM_woTemplates_model_3_multimer_v2_pred_62.pdb,1770,AFM,afm_dropout_noSM_woTemplates_multimer_v2,,3,62,afm_dropout_noSM_woTemplates_v2,,False,casp17/massivefold_external_pool_intake/h2319_t333/extracted_models/H2319_all_pdbs/Model_1770_afm_dropout_noSM_woTemplates_model_3_multimer_v2_pred_62.pdb,awaiting_extract,"MassiveFold model pool index only. It parses organizer-provided external model tarball listings and stages balanced extraction/rerank candidates. These models remain external rerank and accuracy-estimation inputs, not internal predictions, not CASP submissions, and not competitive-proof evidence."
7,H2319,H2319_T333,3409,H2319_all_pdbs/Model_1872_afm_dropout_noSM_woTemplates_model_5_multimer_v2_pred_58.pdb,Model_1872_afm_dropout_noSM_woTemplates_model_5_multimer_v2_pred_58.pdb,1872,AFM,afm_dropout_noSM_woTemplates_multimer_v2,,5,58,afm_dropout_noSM_woTemplates_v2,,False,casp17/massivefold_external_pool_intake/h2319_t333/extracted_models/H2319_all_pdbs/Model_1872_afm_dropout_noSM_woTemplates_model_5_multimer_v2_pred_58.pdb,awaiting_extract,"MassiveFold model pool index only. It parses organizer-provided external model tarball listings and stages balanced extraction/rerank candidates. These models remain external rerank and accuracy-estimation inputs, not internal predictions, not CASP submissions, and not competitive-proof evidence."
7,H2319,H2319_T333,3455,H2319_all_pdbs/Model_2573_afm_dropout_noSM_woTemplates_model_4_multimer_v2_pred_1.pdb,Model_2573_afm_dropout_noSM_woTemplates_model_4_multimer_v2_pred_1.pdb,2573,AFM,afm_dropout_noSM_woTemplates_multimer_v2,,4,1,afm_dropout_noSM_woTemplates_v2,,False,casp17/massivefold_external_pool_intake/h2319_t333/extracted_models/H2319_all_pdbs/Model_2573_afm_dropout_noSM_woTemplates_model_4_multimer_v2_pred_1.pdb,awaiting_extract,"MassiveFold model pool index only. It parses organizer-provided external model tarball listings and stages balanced extraction/rerank candidates. These models remain external rerank and accuracy-estimation inputs, not internal predictions, not CASP submissions, and not competitive-proof evidence."
7,H2319,H2319_T333,3498,H2319_all_pdbs/Model_3562_afm_dropout_noSM_woTemplates_model_4_multimer_v2_pred_24.pdb,Model_3562_afm_dropout_noSM_woTemplates_model_4_multimer_v2_pred_24.pdb,3562,AFM,afm_dropout_noSM_woTemplates_multimer_v2,,4,24,afm_dropout_noSM_woTemplates_v2,,False,casp17/massivefold_external_pool_intake/h2319_t333/extracted_models/H2319_all_pdbs/Model_3562_afm_dropout_noSM_woTemplates_model_4_multimer_v2_pred_24.pdb,awaiting_extract,"MassiveFold model pool index only. It parses organizer-provided external model tarball listings and stages balanced extraction/rerank candidates. These models remain external rerank and accuracy-estimation inputs, not internal predictions, not CASP submissions, and not competitive-proof evidence."
7,H2319,H2319_T333,3532,H2319_all_pdbs/Model_2449_afm_dropout_noSM_woTemplates_model_1_multimer_v2_pred_6.pdb,Model_2449_afm_dropout_noSM_woTemplates_model_1_multimer_v2_pred_6.pdb,2449,AFM,afm_dropout_noSM_woTemplates_multimer_v2,,1,6,afm_dropout_noSM_woTemplates_v2,,False,casp17/massivefold_external_pool_intake/h2319_t333/extracted_models/H2319_all_pdbs/Model_2449_afm_dropout_noSM_woTemplates_model_1_multimer_v2_pred_6.pdb,awaiting_extract,"MassiveFold model pool index only. It parses organizer-provided external model tarball listings and stages balanced extraction/rerank candidates. These models remain external rerank and accuracy-estimation inputs, not internal predictions, not CASP submissions, and not competitive-proof evidence."
7,H2319,H2319_T333,3683,H2319_all_pdbs/Model_2568_afm_dropout_noSM_woTemplates_model_4_multimer_v2_pred_5.pdb,Model_2568_afm_dropout_noSM_woTemplates_model_4_multimer_v2_pred_5.pdb,2568,AFM,afm_dropout_noSM_woTemplates_multimer_v2,,4,5,afm_dropout_noSM_woTemplates_v2,,False,casp17/massivefold_external_pool_intake/h2319_t333/extracted_models/H2319_all_pdbs/Model_2568_afm_dropout_noSM_woTemplates_model_4_multimer_v2_pred_5.pdb,awaiting_extract,"MassiveFold model pool index only. It parses organizer-provided external model tarball listings and stages balanced extraction/rerank candidates. These models remain external rerank and accuracy-estimation inputs, not internal predictions, not CASP submissions, and not competitive-proof evidence."
7,H2319,H2319_T333,3689,H2319_all_pdbs/Model_2705_afm_dropout_noSM_woTemplates_model_5_multimer_v2_pred_62.pdb,Model_2705_afm_dropout_noSM_woTemplates_model_5_multimer_v2_pred_62.pdb,2705,AFM,afm_dropout_noSM_woTemplates_multimer_v2,,5,62,afm_dropout_noSM_woTemplates_v2,,False,casp17/massivefold_external_pool_intake/h2319_t333/extracted_models/H2319_all_pdbs/Model_2705_afm_dropout_noSM_woTemplates_model_5_multimer_v2_pred_62.pdb,awaiting_extract,"MassiveFold model pool index only. It parses organizer-provided external model tarball listings and stages balanced extraction/rerank candidates. These models remain external rerank and accuracy-estimation inputs, not internal predictions, not CASP submissions, and not competitive-proof evidence."
7,H2319,H2319_T333,3697,H2319_all_pdbs/Model_1931_afm_dropout_noSM_woTemplates_model_3_multimer_v2_pred_37.pdb,Model_1931_afm_dropout_noSM_woTemplates_model_3_multimer_v2_pred_37.pdb,1931,AFM,afm_dropout_noSM_woTemplates_multimer_v2,,3,37,afm_dropout_noSM_woTemplates_v2,,False,casp17/massivefold_external_pool_intake/h2319_t333/extracted_models/H2319_all_pdbs/Model_1931_afm_dropout_noSM_woTemplates_model_3_multimer_v2_pred_37.pdb,awaiting_extract,"MassiveFold model pool index only. It parses organizer-provided external model tarball listings and stages balanced extraction/rerank candidates. These models remain external rerank and accuracy-estimation inputs, not internal predictions, not CASP submissions, and not competitive-proof evidence."
7,H2319,H2319_T333,3748,H2319_all_pdbs/Model_3858_afm_dropout_noSM_woTemplates_model_2_multimer_v2_pred_26.pdb,Model_3858_afm_dropout_noSM_woTemplates_model_2_multimer_v2_pred_26.pdb,3858,AFM,afm_dropout_noSM_woTemplates_multimer_v2,,2,26,afm_dropout_noSM_woTemplates_v2,,False,casp17/massivefold_external_pool_intake/h2319_t333/extracted_models/H2319_all_pdbs/Model_3858_afm_dropout_noSM_woTemplates_model_2_multimer_v2_pred_26.pdb,awaiting_extract,"MassiveFold model pool index only. It parses organizer-provided external model tarball listings and stages balanced extraction/rerank candidates. These models remain external rerank and accuracy-estimation inputs, not internal predictions, not CASP submissions, and not competitive-proof evidence."
7,H2319,H2319_T333,3866,H2319_all_pdbs/Model_1660_afm_dropout_noSM_woTemplates_model_2_multimer_v2_pred_62.pdb,Model_1660_afm_dropout_noSM_woTemplates_model_2_multimer_v2_pred_62.pdb,1660,AFM,afm_dropout_noSM_woTemplates_multimer_v2,,2,62,afm_dropout_noSM_woTemplates_v2,,False,casp17/massivefold_external_pool_intake/h2319_t333/extracted_models/H2319_all_pdbs/Model_1660_afm_dropout_noSM_woTemplates_model_2_multimer_v2_pred_62.pdb,awaiting_extract,"MassiveFold model pool index only. It parses organizer-provided external model tarball listings and stages balanced extraction/rerank candidates. These models remain external rerank and accuracy-estimation inputs, not internal predictions, not CASP submissions, and not competitive-proof evidence."
7,H2319,H2319_T333,3915,H2319_all_pdbs/Model_2310_afm_dropout_noSM_woTemplates_model_1_multimer_v2_pred_57.pdb,Model_2310_afm_dropout_noSM_woTemplates_model_1_multimer_v2_pred_57.pdb,2310,AFM,afm_dropout_noSM_woTemplates_multimer_v2,,1,57,afm_dropout_noSM_woTemplates_v2,,False,casp17/massivefold_external_pool_intake/h2319_t333/extracted_models/H2319_all_pdbs/Model_2310_afm_dropout_noSM_woTemplates_model_1_multimer_v2_pred_57.pdb,awaiting_extract,"MassiveFold model pool index only. It parses organizer-provided external model tarball listings and stages balanced extraction/rerank candidates. These models remain external rerank and accuracy-estimation inputs, not internal predictions, not CASP submissions, and not competitive-proof evidence."
7,H2319,H2319_T333,3987,H2319_all_pdbs/Model_3007_afm_dropout_noSM_woTemplates_model_5_multimer_v2_pred_15.pdb,Model_3007_afm_dropout_noSM_woTemplates_model_5_multimer_v2_pred_15.pdb,3007,AFM,afm_dropout_noSM_woTemplates_multimer_v2,,5,15,afm_dropout_noSM_woTemplates_v2,,False,casp17/massivefold_external_pool_intake/h2319_t333/extracted_models/H2319_all_pdbs/Model_3007_afm_dropout_noSM_woTemplates_model_5_multimer_v2_pred_15.pdb,awaiting_extract,"MassiveFold model pool index only. It parses organizer-provided external model tarball listings and stages balanced extraction/rerank candidates. These models remain external rerank and accuracy-estimation inputs, not internal predictions, not CASP submissions, and not competitive-proof evidence."
7,H2319,H2319_T333,4032,H2319_all_pdbs/Model_2286_afm_dropout_noSM_woTemplates_model_3_multimer_v2_pred_14.pdb,Model_2286_afm_dropout_noSM_woTemplates_model_3_multimer_v2_pred_14.pdb,2286,AFM,afm_dropout_noSM_woTemplates_multimer_v2,,3,14,afm_dropout_noSM_woTemplates_v2,,False,casp17/massivefold_external_pool_intake/h2319_t333/extracted_models/H2319_all_pdbs/Model_2286_afm_dropout_noSM_woTemplates_model_3_multimer_v2_pred_14.pdb,awaiting_extract,"MassiveFold model pool index only. It parses organizer-provided external model tarball listings and stages balanced extraction/rerank candidates. These models remain external rerank and accuracy-estimation inputs, not internal predictions, not CASP submissions, and not competitive-proof evidence."
7,H2319,H2319_T333,4110,H2319_all_pdbs/Model_2504_afm_dropout_noSM_woTemplates_model_1_multimer_v2_pred_64.pdb,Model_2504_afm_dropout_noSM_woTemplates_model_1_multimer_v2_pred_64.pdb,2504,AFM,afm_dropout_noSM_woTemplates_multimer_v2,,1,64,afm_dropout_noSM_woTemplates_v2,,False,casp17/massivefold_external_pool_intake/h2319_t333/extracted_models/H2319_all_pdbs/Model_2504_afm_dropout_noSM_woTemplates_model_1_multimer_v2_pred_64.pdb,awaiting_extract,"MassiveFold model pool index only. It parses organizer-provided external model tarball listings and stages balanced extraction/rerank candidates. These models remain external rerank and accuracy-estimation inputs, not internal predictions, not CASP submissions, and not competitive-proof evidence."
7,H2319,H2319_T333,4111,H2319_all_pdbs/Model_1594_afm_dropout_noSM_woTemplates_model_1_multimer_v2_pred_59.pdb,Model_1594_afm_dropout_noSM_woTemplates_model_1_multimer_v2_pred_59.pdb,1594,AFM,afm_dropout_noSM_woTemplates_multimer_v2,,1,59,afm_dropout_noSM_woTemplates_v2,,False,casp17/massivefold_external_pool_intake/h2319_t333/extracted_models/H2319_all_pdbs/Model_1594_afm_dropout_noSM_woTemplates_model_1_multimer_v2_pred_59.pdb,awaiting_extract,"MassiveFold model pool index only. It parses organizer-provided external model tarball listings and stages balanced extraction/rerank candidates. These models remain external rerank and accuracy-estimation inputs, not internal predictions, not CASP submissions, and not competitive-proof evidence."
7,H2319,H2319_T333,4130,H2319_all_pdbs/Model_2189_afm_dropout_noSM_woTemplates_model_1_multimer_v2_pred_11.pdb,Model_2189_afm_dropout_noSM_woTemplates_model_1_multimer_v2_pred_11.pdb,2189,AFM,afm_dropout_noSM_woTemplates_multimer_v2,,1,11,afm_dropout_noSM_woTemplates_v2,,False,casp17/massivefold_external_pool_intake/h2319_t333/extracted_models/H2319_all_pdbs/Model_2189_afm_dropout_noSM_woTemplates_model_1_multimer_v2_pred_11.pdb,awaiting_extract,"MassiveFold model pool index only. It parses organizer-provided external model tarball listings and stages balanced extraction/rerank candidates. These models remain external rerank and accuracy-estimation inputs, not internal predictions, not CASP submissions, and not competitive-proof evidence."
7,H2319,H2319_T333,4146,H2319_all_pdbs/Model_1563_afm_dropout_noSM_woTemplates_model_4_multimer_v2_pred_10.pdb,Model_1563_afm_dropout_noSM_woTemplates_model_4_multimer_v2_pred_10.pdb,1563,AFM,afm_dropout_noSM_woTemplates_multimer_v2,,4,10,afm_dropout_noSM_woTemplates_v2,,False,casp17/massivefold_external_pool_intake/h2319_t333/extracted_models/H2319_all_pdbs/Model_1563_afm_dropout_noSM_woTemplates_model_4_multimer_v2_pred_10.pdb,awaiting_extract,"MassiveFold model pool index only. It parses organizer-provided external model tarball listings and stages balanced extraction/rerank candidates. These models remain external rerank and accuracy-estimation inputs, not internal predictions, not CASP submissions, and not competitive-proof evidence."
7,H2319,H2319_T333,4157,H2319_all_pdbs/Model_4040_afm_dropout_noSM_woTemplates_model_2_multimer_v2_pred_16.pdb,Model_4040_afm_dropout_noSM_woTemplates_model_2_multimer_v2_pred_16.pdb,4040,AFM,afm_dropout_noSM_woTemplates_multimer_v2,,2,16,afm_dropout_noSM_woTemplates_v2,,False,casp17/massivefold_external_pool_intake/h2319_t333/extracted_models/H2319_all_pdbs/Model_4040_afm_dropout_noSM_woTemplates_model_2_multimer_v2_pred_16.pdb,awaiting_extract,"MassiveFold model pool index only. It parses organizer-provided external model tarball listings and stages balanced extraction/rerank candidates. These models remain external rerank and accuracy-estimation inputs, not internal predictions, not CASP submissions, and not competitive-proof evidence."
7,H2319,H2319_T333,4194,H2319_all_pdbs/Model_3415_afm_dropout_noSM_woTemplates_model_5_multimer_v2_pred_21.pdb,Model_3415_afm_dropout_noSM_woTemplates_model_5_multimer_v2_pred_21.pdb,3415,AFM,afm_dropout_noSM_woTemplates_multimer_v2,,5,21,afm_dropout_noSM_woTemplates_v2,,False,casp17/massivefold_external_pool_intake/h2319_t333/extracted_models/H2319_all_pdbs/Model_3415_afm_dropout_noSM_woTemplates_model_5_multimer_v2_pred_21.pdb,awaiting_extract,"MassiveFold model pool index only. It parses organizer-provided external model tarball listings and stages balanced extraction/rerank candidates. These models remain external rerank and accuracy-estimation inputs, not internal predictions, not CASP submissions, and not competitive-proof evidence."
7,H2319,H2319_T333,4241,H2319_all_pdbs/Model_3452_afm_dropout_noSM_woTemplates_model_4_multimer_v2_pred_0.pdb,Model_3452_afm_dropout_noSM_woTemplates_model_4_multimer_v2_pred_0.pdb,3452,AFM,afm_dropout_noSM_woTemplates_multimer_v2,,4,0,afm_dropout_noSM_woTemplates_v2,,False,casp17/massivefold_external_pool_intake/h2319_t333/extracted_models/H2319_all_pdbs/Model_3452_afm_dropout_noSM_woTemplates_model_4_multimer_v2_pred_0.pdb,awaiting_extract,"MassiveFold model pool index only. It parses organizer-provided external model tarball listings and stages balanced extraction/rerank candidates. These models remain external rerank and accuracy-estimation inputs, not internal predictions, not CASP submissions, and not competitive-proof evidence."
7,H2319,H2319_T333,4277,H2319_all_pdbs/Model_3618_afm_dropout_noSM_woTemplates_model_5_multimer_v2_pred_51.pdb,Model_3618_afm_dropout_noSM_woTemplates_model_5_multimer_v2_pred_51.pdb,3618,AFM,afm_dropout_noSM_woTemplates_multimer_v2,,5,51,afm_dropout_noSM_woTemplates_v2,,False,casp17/massivefold_external_pool_intake/h2319_t333/extracted_models/H2319_all_pdbs/Model_3618_afm_dropout_noSM_woTemplates_model_5_multimer_v2_pred_51.pdb,awaiting_extract,"MassiveFold model pool index only. It parses organizer-provided external model tarball listings and stages balanced extraction/rerank candidates. These models remain external rerank and accuracy-estimation inputs, not internal predictions, not CASP submissions, and not competitive-proof evidence."
7,H2319,H2319_T333,4279,H2319_all_pdbs/Model_1619_afm_dropout_noSM_woTemplates_model_3_multimer_v2_pred_15.pdb,Model_1619_afm_dropout_noSM_woTemplates_model_3_multimer_v2_pred_15.pdb,1619,AFM,afm_dropout_noSM_woTemplates_multimer_v2,,3,15,afm_dropout_noSM_woTemplates_v2,,False,casp17/massivefold_external_pool_intake/h2319_t333/extracted_models/H2319_all_pdbs/Model_1619_afm_dropout_noSM_woTemplates_model_3_multimer_v2_pred_15.pdb,awaiting_extract,"MassiveFold model pool index only. It parses organizer-provided external model tarball listings and stages balanced extraction/rerank candidates. These models remain external rerank and accuracy-estimation inputs, not internal predictions, not CASP submissions, and not competitive-proof evidence."
7,H2319,H2319_T333,4324,H2319_all_pdbs/Model_3976_afm_dropout_noSM_woTemplates_model_5_multimer_v2_pred_37.pdb,Model_3976_afm_dropout_noSM_woTemplates_model_5_multimer_v2_pred_37.pdb,3976,AFM,afm_dropout_noSM_woTemplates_multimer_v2,,5,37,afm_dropout_noSM_woTemplates_v2,,False,casp17/massivefold_external_pool_intake/h2319_t333/extracted_models/H2319_all_pdbs/Model_3976_afm_dropout_noSM_woTemplates_model_5_multimer_v2_pred_37.pdb,awaiting_extract,"MassiveFold model pool index only. It parses organizer-provided external model tarball listings and stages balanced extraction/rerank candidates. These models remain external rerank and accuracy-estimation inputs, not internal predictions, not CASP submissions, and not competitive-proof evidence."
7,H2319,H2319_T333,4330,H2319_all_pdbs/Model_1458_afm_dropout_noSM_woTemplates_model_3_multimer_v2_pred_59.pdb,Model_1458_afm_dropout_noSM_woTemplates_model_3_multimer_v2_pred_59.pdb,1458,AFM,afm_dropout_noSM_woTemplates_multimer_v2,,3,59,afm_dropout_noSM_woTemplates_v2,,False,casp17/massivefold_external_pool_intake/h2319_t333/extracted_models/H2319_all_pdbs/Model_1458_afm_dropout_noSM_woTemplates_model_3_multimer_v2_pred_59.pdb,awaiting_extract,"MassiveFold model pool index only. It parses organizer-provided external model tarball listings and stages balanced extraction/rerank candidates. These models remain external rerank and accuracy-estimation inputs, not internal predictions, not CASP submissions, and not competitive-proof evidence."
7,H2319,H2319_T333,4333,H2319_all_pdbs/Model_2980_afm_dropout_noSM_woTemplates_model_4_multimer_v2_pred_25.pdb,Model_2980_afm_dropout_noSM_woTemplates_model_4_multimer_v2_pred_25.pdb,2980,AFM,afm_dropout_noSM_woTemplates_multimer_v2,,4,25,afm_dropout_noSM_woTemplates_v2,,False,casp17/massivefold_external_pool_intake/h2319_t333/extracted_models/H2319_all_pdbs/Model_2980_afm_dropout_noSM_woTemplates_model_4_multimer_v2_pred_25.pdb,awaiting_extract,"MassiveFold model pool index only. It parses organizer-provided external model tarball listings and stages balanced extraction/rerank candidates. These models remain external rerank and accuracy-estimation inputs, not internal predictions, not CASP submissions, and not competitive-proof evidence."
7,H2319,H2319_T333,4424,H2319_all_pdbs/Model_2738_afm_dropout_noSM_woTemplates_model_2_multimer_v2_pred_4.pdb,Model_2738_afm_dropout_noSM_woTemplates_model_2_multimer_v2_pred_4.pdb,2738,AFM,afm_dropout_noSM_woTemplates_multimer_v2,,2,4,afm_dropout_noSM_woTemplates_v2,,False,casp17/massivefold_external_pool_intake/h2319_t333/extracted_models/H2319_all_pdbs/Model_2738_afm_dropout_noSM_woTemplates_model_2_multimer_v2_pred_4.pdb,awaiting_extract,"MassiveFold model pool index only. It parses organizer-provided external model tarball listings and stages balanced extraction/rerank candidates. These models remain external rerank and accuracy-estimation inputs, not internal predictions, not CASP submissions, and not competitive-proof evidence."
7,H2319,H2319_T333,4474,H2319_all_pdbs/Model_1381_afm_dropout_noSM_woTemplates_model_3_multimer_v2_pred_6.pdb,Model_1381_afm_dropout_noSM_woTemplates_model_3_multimer_v2_pred_6.pdb,1381,AFM,afm_dropout_noSM_woTemplates_multimer_v2,,3,6,afm_dropout_noSM_woTemplates_v2,,False,casp17/massivefold_external_pool_intake/h2319_t333/extracted_models/H2319_all_pdbs/Model_1381_afm_dropout_noSM_woTemplates_model_3_multimer_v2_pred_6.pdb,awaiting_extract,"MassiveFold model pool index only. It parses organizer-provided external model tarball listings and stages balanced extraction/rerank candidates. These models remain external rerank and accuracy-estimation inputs, not internal predictions, not CASP submissions, and not competitive-proof evidence."
7,H2319,H2319_T333,4481,H2319_all_pdbs/Model_1485_afm_dropout_noSM_woTemplates_model_1_multimer_v2_pred_3.pdb,Model_1485_afm_dropout_noSM_woTemplates_model_1_multimer_v2_pred_3.pdb,1485,AFM,afm_dropout_noSM_woTemplates_multimer_v2,,1,3,afm_dropout_noSM_woTemplates_v2,,False,casp17/massivefold_external_pool_intake/h2319_t333/extracted_models/H2319_all_pdbs/Model_1485_afm_dropout_noSM_woTemplates_model_1_multimer_v2_pred_3.pdb,awaiting_extract,"MassiveFold model pool index only. It parses organizer-provided external model tarball listings and stages balanced extraction/rerank candidates. These models remain external rerank and accuracy-estimation inputs, not internal predictions, not CASP submissions, and not competitive-proof evidence."
7,H2319,H2319_T333,4544,H2319_all_pdbs/Model_3398_afm_dropout_noSM_woTemplates_model_2_multimer_v2_pred_39.pdb,Model_3398_afm_dropout_noSM_woTemplates_model_2_multimer_v2_pred_39.pdb,3398,AFM,afm_dropout_noSM_woTemplates_multimer_v2,,2,39,afm_dropout_noSM_woTemplates_v2,,False,casp17/massivefold_external_pool_intake/h2319_t333/extracted_models/H2319_all_pdbs/Model_3398_afm_dropout_noSM_woTemplates_model_2_multimer_v2_pred_39.pdb,awaiting_extract,"MassiveFold model pool index only. It parses organizer-provided external model tarball listings and stages balanced extraction/rerank candidates. These models remain external rerank and accuracy-estimation inputs, not internal predictions, not CASP submissions, and not competitive-proof evidence."
7,H2319,H2319_T333,4558,H2319_all_pdbs/Model_2615_afm_dropout_noSM_woTemplates_model_4_multimer_v2_pred_39.pdb,Model_2615_afm_dropout_noSM_woTemplates_model_4_multimer_v2_pred_39.pdb,2615,AFM,afm_dropout_noSM_woTemplates_multimer_v2,,4,39,afm_dropout_noSM_woTemplates_v2,,False,casp17/massivefold_external_pool_intake/h2319_t333/extracted_models/H2319_all_pdbs/Model_2615_afm_dropout_noSM_woTemplates_model_4_multimer_v2_pred_39.pdb,awaiting_extract,"MassiveFold model pool index only. It parses organizer-provided external model tarball listings and stages balanced extraction/rerank candidates. These models remain external rerank and accuracy-estimation inputs, not internal predictions, not CASP submissions, and not competitive-proof evidence."
7,H2319,H2319_T333,4633,H2319_all_pdbs/Model_2224_afm_dropout_noSM_woTemplates_model_4_multimer_v2_pred_17.pdb,Model_2224_afm_dropout_noSM_woTemplates_model_4_multimer_v2_pred_17.pdb,2224,AFM,afm_dropout_noSM_woTemplates_multimer_v2,,4,17,afm_dropout_noSM_woTemplates_v2,,False,casp17/massivefold_external_pool_intake/h2319_t333/extracted_models/H2319_all_pdbs/Model_2224_afm_dropout_noSM_woTemplates_model_4_multimer_v2_pred_17.pdb,awaiting_extract,"MassiveFold model pool index only. It parses organizer-provided external model tarball listings and stages balanced extraction/rerank candidates. These models remain external rerank and accuracy-estimation inputs, not internal predictions, not CASP submissions, and not competitive-proof evidence."
7,H2319,H2319_T333,4698,H2319_all_pdbs/Model_4577_afm_dropout_noSM_woTemplates_model_2_multimer_v2_pred_14.pdb,Model_4577_afm_dropout_noSM_woTemplates_model_2_multimer_v2_pred_14.pdb,4577,AFM,afm_dropout_noSM_woTemplates_multimer_v2,,2,14,afm_dropout_noSM_woTemplates_v2,,False,casp17/massivefold_external_pool_intake/h2319_t333/extracted_models/H2319_all_pdbs/Model_4577_afm_dropout_noSM_woTemplates_model_2_multimer_v2_pred_14.pdb,awaiting_extract,"MassiveFold model pool index only. It parses organizer-provided external model tarball listings and stages balanced extraction/rerank candidates. These models remain external rerank and accuracy-estimation inputs, not internal predictions, not CASP submissions, and not competitive-proof evidence."
7,H2319,H2319_T333,4736,H2319_all_pdbs/Model_1828_afm_dropout_noSM_woTemplates_model_5_multimer_v2_pred_11.pdb,Model_1828_afm_dropout_noSM_woTemplates_model_5_multimer_v2_pred_11.pdb,1828,AFM,afm_dropout_noSM_woTemplates_multimer_v2,,5,11,afm_dropout_noSM_woTemplates_v2,,False,casp17/massivefold_external_pool_intake/h2319_t333/extracted_models/H2319_all_pdbs/Model_1828_afm_dropout_noSM_woTemplates_model_5_multimer_v2_pred_11.pdb,awaiting_extract,"MassiveFold model pool index only. It parses organizer-provided external model tarball listings and stages balanced extraction/rerank candidates. These models remain external rerank and accuracy-estimation inputs, not internal predictions, not CASP submissions, and not competitive-proof evidence."
7,H2319,H2319_T333,4784,H2319_all_pdbs/Model_4080_afm_dropout_noSM_woTemplates_model_2_multimer_v2_pred_61.pdb,Model_4080_afm_dropout_noSM_woTemplates_model_2_multimer_v2_pred_61.pdb,4080,AFM,afm_dropout_noSM_woTemplates_multimer_v2,,2,61,afm_dropout_noSM_woTemplates_v2,,False,casp17/massivefold_external_pool_intake/h2319_t333/extracted_models/H2319_all_pdbs/Model_4080_afm_dropout_noSM_woTemplates_model_2_multimer_v2_pred_61.pdb,awaiting_extract,"MassiveFold model pool index only. It parses organizer-provided external model tarball listings and stages balanced extraction/rerank candidates. These models remain external rerank and accuracy-estimation inputs, not internal predictions, not CASP submissions, and not competitive-proof evidence."
7,H2319,H2319_T333,4793,H2319_all_pdbs/Model_2192_afm_dropout_noSM_woTemplates_model_3_multimer_v2_pred_25.pdb,Model_2192_afm_dropout_noSM_woTemplates_model_3_multimer_v2_pred_25.pdb,2192,AFM,afm_dropout_noSM_woTemplates_multimer_v2,,3,25,afm_dropout_noSM_woTemplates_v2,,False,casp17/massivefold_external_pool_intake/h2319_t333/extracted_models/H2319_all_pdbs/Model_2192_afm_dropout_noSM_woTemplates_model_3_multimer_v2_pred_25.pdb,awaiting_extract,"MassiveFold model pool index only. It parses organizer-provided external model tarball listings and stages balanced extraction/rerank candidates. These models remain external rerank and accuracy-estimation inputs, not internal predictions, not CASP submissions, and not competitive-proof evidence."
7,H2319,H2319_T333,4794,H2319_all_pdbs/Model_2664_afm_dropout_noSM_woTemplates_model_4_multimer_v2_pred_53.pdb,Model_2664_afm_dropout_noSM_woTemplates_model_4_multimer_v2_pred_53.pdb,2664,AFM,afm_dropout_noSM_woTemplates_multimer_v2,,4,53,afm_dropout_noSM_woTemplates_v2,,False,casp17/massivefold_external_pool_intake/h2319_t333/extracted_models/H2319_all_pdbs/Model_2664_afm_dropout_noSM_woTemplates_model_4_multimer_v2_pred_53.pdb,awaiting_extract,"MassiveFold model pool index only. It parses organizer-provided external model tarball listings and stages balanced extraction/rerank candidates. These models remain external rerank and accuracy-estimation inputs, not internal predictions, not CASP submissions, and not competitive-proof evidence."
7,H2319,H2319_T333,4802,H2319_all_pdbs/Model_2708_afm_dropout_noSM_woTemplates_model_3_multimer_v2_pred_31.pdb,Model_2708_afm_dropout_noSM_woTemplates_model_3_multimer_v2_pred_31.pdb,2708,AFM,afm_dropout_noSM_woTemplates_multimer_v2,,3,31,afm_dropout_noSM_woTemplates_v2,,False,casp17/massivefold_external_pool_intake/h2319_t333/extracted_models/H2319_all_pdbs/Model_2708_afm_dropout_noSM_woTemplates_model_3_multimer_v2_pred_31.pdb,awaiting_extract,"MassiveFold model pool index only. It parses organizer-provided external model tarball listings and stages balanced extraction/rerank candidates. These models remain external rerank and accuracy-estimation inputs, not internal predictions, not CASP submissions, and not competitive-proof evidence."
7,H2319,H2319_T333,4825,H2319_all_pdbs/Model_1358_afm_dropout_noSM_woTemplates_model_4_multimer_v2_pred_19.pdb,Model_1358_afm_dropout_noSM_woTemplates_model_4_multimer_v2_pred_19.pdb,1358,AFM,afm_dropout_noSM_woTemplates_multimer_v2,,4,19,afm_dropout_noSM_woTemplates_v2,,False,casp17/massivefold_external_pool_intake/h2319_t333/extracted_models/H2319_all_pdbs/Model_1358_afm_dropout_noSM_woTemplates_model_4_multimer_v2_pred_19.pdb,awaiting_extract,"MassiveFold model pool index only. It parses organizer-provided external model tarball listings and stages balanced extraction/rerank candidates. These models remain external rerank and accuracy-estimation inputs, not internal predictions, not CASP submissions, and not competitive-proof evidence."
7,H2319,H2319_T333,4841,H2319_all_pdbs/Model_3023_afm_dropout_noSM_woTemplates_model_2_multimer_v2_pred_21.pdb,Model_3023_afm_dropout_noSM_woTemplates_model_2_multimer_v2_pred_21.pdb,3023,AFM,afm_dropout_noSM_woTemplates_multimer_v2,,2,21,afm_dropout_noSM_woTemplates_v2,,False,casp17/massivefold_external_pool_intake/h2319_t333/extracted_models/H2319_all_pdbs/Model_3023_afm_dropout_noSM_woTemplates_model_2_multimer_v2_pred_21.pdb,awaiting_extract,"MassiveFold model pool index only. It parses organizer-provided external model tarball listings and stages balanced extraction/rerank candidates. These models remain external rerank and accuracy-estimation inputs, not internal predictions, not CASP submissions, and not competitive-proof evidence."
7,H2319,H2319_T333,4855,H2319_all_pdbs/Model_1429_afm_dropout_noSM_woTemplates_model_3_multimer_v2_pred_5.pdb,Model_1429_afm_dropout_noSM_woTemplates_model_3_multimer_v2_pred_5.pdb,1429,AFM,afm_dropout_noSM_woTemplates_multimer_v2,,3,5,afm_dropout_noSM_woTemplates_v2,,False,casp17/massivefold_external_pool_intake/h2319_t333/extracted_models/H2319_all_pdbs/Model_1429_afm_dropout_noSM_woTemplates_model_3_multimer_v2_pred_5.pdb,awaiting_extract,"MassiveFold model pool index only. It parses organizer-provided external model tarball listings and stages balanced extraction/rerank candidates. These models remain external rerank and accuracy-estimation inputs, not internal predictions, not CASP submissions, and not competitive-proof evidence."
7,H2319,H2319_T333,4866,H2319_all_pdbs/Model_1593_afm_dropout_noSM_woTemplates_model_1_multimer_v2_pred_51.pdb,Model_1593_afm_dropout_noSM_woTemplates_model_1_multimer_v2_pred_51.pdb,1593,AFM,afm_dropout_noSM_woTemplates_multimer_v2,,1,51,afm_dropout_noSM_woTemplates_v2,,False,casp17/massivefold_external_pool_intake/h2319_t333/extracted_models/H2319_all_pdbs/Model_1593_afm_dropout_noSM_woTemplates_model_1_multimer_v2_pred_51.pdb,awaiting_extract,"MassiveFold model pool index only. It parses organizer-provided external model tarball listings and stages balanced extraction/rerank candidates. These models remain external rerank and accuracy-estimation inputs, not internal predictions, not CASP submissions, and not competitive-proof evidence."
7,H2319,H2319_T333,4966,H2319_all_pdbs/Model_3726_afm_dropout_noSM_woTemplates_model_2_multimer_v2_pred_23.pdb,Model_3726_afm_dropout_noSM_woTemplates_model_2_multimer_v2_pred_23.pdb,3726,AFM,afm_dropout_noSM_woTemplates_multimer_v2,,2,23,afm_dropout_noSM_woTemplates_v2,,False,casp17/massivefold_external_pool_intake/h2319_t333/extracted_models/H2319_all_pdbs/Model_3726_afm_dropout_noSM_woTemplates_model_2_multimer_v2_pred_23.pdb,awaiting_extract,"MassiveFold model pool index only. It parses organizer-provided external model tarball listings and stages balanced extraction/rerank candidates. These models remain external rerank and accuracy-estimation inputs, not internal predictions, not CASP submissions, and not competitive-proof evidence."
7,H2319,H2319_T333,4972,H2319_all_pdbs/Model_2413_afm_dropout_noSM_woTemplates_model_5_multimer_v2_pred_6.pdb,Model_2413_afm_dropout_noSM_woTemplates_model_5_multimer_v2_pred_6.pdb,2413,AFM,afm_dropout_noSM_woTemplates_multimer_v2,,5,6,afm_dropout_noSM_woTemplates_v2,,False,casp17/massivefold_external_pool_intake/h2319_t333/extracted_models/H2319_all_pdbs/Model_2413_afm_dropout_noSM_woTemplates_model_5_multimer_v2_pred_6.pdb,awaiting_extract,"MassiveFold model pool index only. It parses organizer-provided external model tarball listings and stages balanced extraction/rerank candidates. These models remain external rerank and accuracy-estimation inputs, not internal predictions, not CASP submissions, and not competitive-proof evidence."
7,H2319,H2319_T333,5004,H2319_all_pdbs/Model_1436_afm_dropout_noSM_woTemplates_model_1_multimer_v2_pred_66.pdb,Model_1436_afm_dropout_noSM_woTemplates_model_1_multimer_v2_pred_66.pdb,1436,AFM,afm_dropout_noSM_woTemplates_multimer_v2,,1,66,afm_dropout_noSM_woTemplates_v2,,False,casp17/massivefold_external_pool_intake/h2319_t333/extracted_models/H2319_all_pdbs/Model_1436_afm_dropout_noSM_woTemplates_model_1_multimer_v2_pred_66.pdb,awaiting_extract,"MassiveFold model pool index only. It parses organizer-provided external model tarball listings and stages balanced extraction/rerank candidates. These models remain external rerank and accuracy-estimation inputs, not internal predictions, not CASP submissions, and not competitive-proof evidence."
7,H2319,H2319_T333,5023,H2319_all_pdbs/Model_4158_afm_dropout_noSM_woTemplates_model_2_multimer_v2_pred_25.pdb,Model_4158_afm_dropout_noSM_woTemplates_model_2_multimer_v2_pred_25.pdb,4158,AFM,afm_dropout_noSM_woTemplates_multimer_v2,,2,25,afm_dropout_noSM_woTemplates_v2,,False,casp17/massivefold_external_pool_intake/h2319_t333/extracted_models/H2319_all_pdbs/Model_4158_afm_dropout_noSM_woTemplates_model_2_multimer_v2_pred_25.pdb,awaiting_extract,"MassiveFold model pool index only. It parses organizer-provided external model tarball listings and stages balanced extraction/rerank candidates. These models remain external rerank and accuracy-estimation inputs, not internal predictions, not CASP submissions, and not competitive-proof evidence."
7,H2319,H2319_T333,5065,H2319_all_pdbs/Model_3065_afm_dropout_noSM_woTemplates_model_5_multimer_v2_pred_17.pdb,Model_3065_afm_dropout_noSM_woTemplates_model_5_multimer_v2_pred_17.pdb,3065,AFM,afm_dropout_noSM_woTemplates_multimer_v2,,5,17,afm_dropout_noSM_woTemplates_v2,,False,casp17/massivefold_external_pool_intake/h2319_t333/extracted_models/H2319_all_pdbs/Model_3065_afm_dropout_noSM_woTemplates_model_5_multimer_v2_pred_17.pdb,awaiting_extract,"MassiveFold model pool index only. It parses organizer-provided external model tarball listings and stages balanced extraction/rerank candidates. These models remain external rerank and accuracy-estimation inputs, not internal predictions, not CASP submissions, and not competitive-proof evidence."
7,H2319,H2319_T333,5078,H2319_all_pdbs/Model_2419_afm_dropout_noSM_woTemplates_model_1_multimer_v2_pred_35.pdb,Model_2419_afm_dropout_noSM_woTemplates_model_1_multimer_v2_pred_35.pdb,2419,AFM,afm_dropout_noSM_woTemplates_multimer_v2,,1,35,afm_dropout_noSM_woTemplates_v2,,False,casp17/massivefold_external_pool_intake/h2319_t333/extracted_models/H2319_all_pdbs/Model_2419_afm_dropout_noSM_woTemplates_model_1_multimer_v2_pred_35.pdb,awaiting_extract,"MassiveFold model pool index only. It parses organizer-provided external model tarball listings and stages balanced extraction/rerank candidates. These models remain external rerank and accuracy-estimation inputs, not internal predictions, not CASP submissions, and not competitive-proof evidence."
7,H2319,H2319_T333,5105,H2319_all_pdbs/Model_4001_afm_dropout_noSM_woTemplates_model_2_multimer_v2_pred_18.pdb,Model_4001_afm_dropout_noSM_woTemplates_model_2_multimer_v2_pred_18.pdb,4001,AFM,afm_dropout_noSM_woTemplates_multimer_v2,,2,18,afm_dropout_noSM_woTemplates_v2,,False,casp17/massivefold_external_pool_intake/h2319_t333/extracted_models/H2319_all_pdbs/Model_4001_afm_dropout_noSM_woTemplates_model_2_multimer_v2_pred_18.pdb,awaiting_extract,"MassiveFold model pool index only. It parses organizer-provided external model tarball listings and stages balanced extraction/rerank candidates. These models remain external rerank and accuracy-estimation inputs, not internal predictions, not CASP submissions, and not competitive-proof evidence."
7,H2319,H2319_T333,5136,H2319_all_pdbs/Model_2430_afm_dropout_noSM_woTemplates_model_1_multimer_v2_pred_0.pdb,Model_2430_afm_dropout_noSM_woTemplates_model_1_multimer_v2_pred_0.pdb,2430,AFM,afm_dropout_noSM_woTemplates_multimer_v2,,1,0,afm_dropout_noSM_woTemplates_v2,,False,casp17/massivefold_external_pool_intake/h2319_t333/extracted_models/H2319_all_pdbs/Model_2430_afm_dropout_noSM_woTemplates_model_1_multimer_v2_pred_0.pdb,awaiting_extract,"MassiveFold model pool index only. It parses organizer-provided external model tarball listings and stages balanced extraction/rerank candidates. These models remain external rerank and accuracy-estimation inputs, not internal predictions, not CASP submissions, and not competitive-proof evidence."
7,H2319,H2319_T333,5197,H2319_all_pdbs/Model_3894_afm_dropout_noSM_woTemplates_model_5_multimer_v2_pred_33.pdb,Model_3894_afm_dropout_noSM_woTemplates_model_5_multimer_v2_pred_33.pdb,3894,AFM,afm_dropout_noSM_woTemplates_multimer_v2,,5,33,afm_dropout_noSM_woTemplates_v2,,False,casp17/massivefold_external_pool_intake/h2319_t333/extracted_models/H2319_all_pdbs/Model_3894_afm_dropout_noSM_woTemplates_model_5_multimer_v2_pred_33.pdb,awaiting_extract,"MassiveFold model pool index only. It parses organizer-provided external model tarball listings and stages balanced extraction/rerank candidates. These models remain external rerank and accuracy-estimation inputs, not internal predictions, not CASP submissions, and not competitive-proof evidence."
7,H2319,H2319_T333,5202,H2319_all_pdbs/Model_2178_afm_dropout_noSM_woTemplates_model_3_multimer_v2_pred_1.pdb,Model_2178_afm_dropout_noSM_woTemplates_model_3_multimer_v2_pred_1.pdb,2178,AFM,afm_dropout_noSM_woTemplates_multimer_v2,,3,1,afm_dropout_noSM_woTemplates_v2,,False,casp17/massivefold_external_pool_intake/h2319_t333/extracted_models/H2319_all_pdbs/Model_2178_afm_dropout_noSM_woTemplates_model_3_multimer_v2_pred_1.pdb,awaiting_extract,"MassiveFold model pool index only. It parses organizer-provided external model tarball listings and stages balanced extraction/rerank candidates. These models remain external rerank and accuracy-estimation inputs, not internal predictions, not CASP submissions, and not competitive-proof evidence."
7,H2319,H2319_T333,5293,H2319_all_pdbs/Model_1560_afm_dropout_noSM_woTemplates_model_1_multimer_v2_pred_22.pdb,Model_1560_afm_dropout_noSM_woTemplates_model_1_multimer_v2_pred_22.pdb,1560,AFM,afm_dropout_noSM_woTemplates_multimer_v2,,1,22,afm_dropout_noSM_woTemplates_v2,,False,casp17/massivefold_external_pool_intake/h2319_t333/extracted_models/H2319_all_pdbs/Model_1560_afm_dropout_noSM_woTemplates_model_1_multimer_v2_pred_22.pdb,awaiting_extract,"MassiveFold model pool index only. It parses organizer-provided external model tarball listings and stages balanced extraction/rerank candidates. These models remain external rerank and accuracy-estimation inputs, not internal predictions, not CASP submissions, and not competitive-proof evidence."
7,H2319,H2319_T333,5457,H2319_all_pdbs/Model_2994_afm_dropout_noSM_woTemplates_model_2_multimer_v2_pred_43.pdb,Model_2994_afm_dropout_noSM_woTemplates_model_2_multimer_v2_pred_43.pdb,2994,AFM,afm_dropout_noSM_woTemplates_multimer_v2,,2,43,afm_dropout_noSM_woTemplates_v2,,False,casp17/massivefold_external_pool_intake/h2319_t333/extracted_models/H2319_all_pdbs/Model_2994_afm_dropout_noSM_woTemplates_model_2_multimer_v2_pred_43.pdb,awaiting_extract,"MassiveFold model pool index only. It parses organizer-provided external model tarball listings and stages balanced extraction/rerank candidates. These models remain external rerank and accuracy-estimation inputs, not internal predictions, not CASP submissions, and not competitive-proof evidence."
7,H2319,H2319_T333,5481,H2319_all_pdbs/Model_2833_afm_dropout_noSM_woTemplates_model_4_multimer_v2_pred_12.pdb,Model_2833_afm_dropout_noSM_woTemplates_model_4_multimer_v2_pred_12.pdb,2833,AFM,afm_dropout_noSM_woTemplates_multimer_v2,,4,12,afm_dropout_noSM_woTemplates_v2,,False,casp17/massivefold_external_pool_intake/h2319_t333/extracted_models/H2319_all_pdbs/Model_2833_afm_dropout_noSM_woTemplates_model_4_multimer_v2_pred_12.pdb,awaiting_extract,"MassiveFold model pool index only. It parses organizer-provided external model tarball listings and stages balanced extraction/rerank candidates. These models remain external rerank and accuracy-estimation inputs, not internal predictions, not CASP submissions, and not competitive-proof evidence."
7,H2319,H2319_T333,5499,H2319_all_pdbs/Model_2829_afm_dropout_noSM_woTemplates_model_3_multimer_v2_pred_45.pdb,Model_2829_afm_dropout_noSM_woTemplates_model_3_multimer_v2_pred_45.pdb,2829,AFM,afm_dropout_noSM_woTemplates_multimer_v2,,3,45,afm_dropout_noSM_woTemplates_v2,,False,casp17/massivefold_external_pool_intake/h2319_t333/extracted_models/H2319_all_pdbs/Model_2829_afm_dropout_noSM_woTemplates_model_3_multimer_v2_pred_45.pdb,awaiting_extract,"MassiveFold model pool index only. It parses organizer-provided external model tarball listings and stages balanced extraction/rerank candidates. These models remain external rerank and accuracy-estimation inputs, not internal predictions, not CASP submissions, and not competitive-proof evidence."
7,H2319,H2319_T333,5530,H2319_all_pdbs/Model_2534_afm_dropout_noSM_woTemplates_model_3_multimer_v2_pred_8.pdb,Model_2534_afm_dropout_noSM_woTemplates_model_3_multimer_v2_pred_8.pdb,2534,AFM,afm_dropout_noSM_woTemplates_multimer_v2,,3,8,afm_dropout_noSM_woTemplates_v2,,False,casp17/massivefold_external_pool_intake/h2319_t333/extracted_models/H2319_all_pdbs/Model_2534_afm_dropout_noSM_woTemplates_model_3_multimer_v2_pred_8.pdb,awaiting_extract,"MassiveFold model pool index only. It parses organizer-provided external model tarball listings and stages balanced extraction/rerank candidates. These models remain external rerank and accuracy-estimation inputs, not internal predictions, not CASP submissions, and not competitive-proof evidence."
7,H2319,H2319_T333,5536,H2319_all_pdbs/Model_1287_afm_dropout_noSM_woTemplates_model_1_multimer_v2_pred_10.pdb,Model_1287_afm_dropout_noSM_woTemplates_model_1_multimer_v2_pred_10.pdb,1287,AFM,afm_dropout_noSM_woTemplates_multimer_v2,,1,10,afm_dropout_noSM_woTemplates_v2,54,True,casp17/massivefold_external_pool_intake/h2319_t333/extracted_models/H2319_all_pdbs/Model_1287_afm_dropout_noSM_woTemplates_model_1_multimer_v2_pred_10.pdb,extracted,"MassiveFold model pool index only. It parses organizer-provided external model tarball listings and stages balanced extraction/rerank candidates. These models remain external rerank and accuracy-estimation inputs, not internal predictions, not CASP submissions, and not competitive-proof evidence."
7,H2319,H2319_T333,5540,H2319_all_pdbs/Model_2333_afm_dropout_noSM_woTemplates_model_3_multimer_v2_pred_29.pdb,Model_2333_afm_dropout_noSM_woTemplates_model_3_multimer_v2_pred_29.pdb,2333,AFM,afm_dropout_noSM_woTemplates_multimer_v2,,3,29,afm_dropout_noSM_woTemplates_v2,,False,casp17/massivefold_external_pool_intake/h2319_t333/extracted_models/H2319_all_pdbs/Model_2333_afm_dropout_noSM_woTemplates_model_3_multimer_v2_pred_29.pdb,awaiting_extract,"MassiveFold model pool index only. It parses organizer-provided external model tarball listings and stages balanced extraction/rerank candidates. These models remain external rerank and accuracy-estimation inputs, not internal predictions, not CASP submissions, and not competitive-proof evidence."
7,H2319,H2319_T333,5575,H2319_all_pdbs/Model_1596_afm_dropout_noSM_woTemplates_model_1_multimer_v2_pred_8.pdb,Model_1596_afm_dropout_noSM_woTemplates_model_1_multimer_v2_pred_8.pdb,1596,AFM,afm_dropout_noSM_woTemplates_multimer_v2,,1,8,afm_dropout_noSM_woTemplates_v2,,False,casp17/massivefold_external_pool_intake/h2319_t333/extracted_models/H2319_all_pdbs/Model_1596_afm_dropout_noSM_woTemplates_model_1_multimer_v2_pred_8.pdb,awaiting_extract,"MassiveFold model pool index only. It parses organizer-provided external model tarball listings and stages balanced extraction/rerank candidates. These models remain external rerank and accuracy-estimation inputs, not internal predictions, not CASP submissions, and not competitive-proof evidence."
7,H2319,H2319_T333,5577,H2319_all_pdbs/Model_3471_afm_dropout_noSM_woTemplates_model_5_multimer_v2_pred_47.pdb,Model_3471_afm_dropout_noSM_woTemplates_model_5_multimer_v2_pred_47.pdb,3471,AFM,afm_dropout_noSM_woTemplates_multimer_v2,,5,47,afm_dropout_noSM_woTemplates_v2,,False,casp17/massivefold_external_pool_intake/h2319_t333/extracted_models/H2319_all_pdbs/Model_3471_afm_dropout_noSM_woTemplates_model_5_multimer_v2_pred_47.pdb,awaiting_extract,"MassiveFold model pool index only. It parses organizer-provided external model tarball listings and stages balanced extraction/rerank candidates. These models remain external rerank and accuracy-estimation inputs, not internal predictions, not CASP submissions, and not competitive-proof evidence."
7,H2319,H2319_T333,5684,H2319_all_pdbs/Model_4227_afm_dropout_noSM_woTemplates_model_2_multimer_v2_pred_7.pdb,Model_4227_afm_dropout_noSM_woTemplates_model_2_multimer_v2_pred_7.pdb,4227,AFM,afm_dropout_noSM_woTemplates_multimer_v2,,2,7,afm_dropout_noSM_woTemplates_v2,,False,casp17/massivefold_external_pool_intake/h2319_t333/extracted_models/H2319_all_pdbs/Model_4227_afm_dropout_noSM_woTemplates_model_2_multimer_v2_pred_7.pdb,awaiting_extract,"MassiveFold model pool index only. It parses organizer-provided external model tarball listings and stages balanced extraction/rerank candidates. These models remain external rerank and accuracy-estimation inputs, not internal predictions, not CASP submissions, and not competitive-proof evidence."
7,H2319,H2319_T333,5686,H2319_all_pdbs/Model_2680_afm_dropout_noSM_woTemplates_model_3_multimer_v2_pred_60.pdb,Model_2680_afm_dropout_noSM_woTemplates_model_3_multimer_v2_pred_60.pdb,2680,AFM,afm_dropout_noSM_woTemplates_multimer_v2,,3,60,afm_dropout_noSM_woTemplates_v2,,False,casp17/massivefold_external_pool_intake/h2319_t333/extracted_models/H2319_all_pdbs/Model_2680_afm_dropout_noSM_woTemplates_model_3_multimer_v2_pred_60.pdb,awaiting_extract,"MassiveFold model pool index only. It parses organizer-provided external model tarball listings and stages balanced extraction/rerank candidates. These models remain external rerank and accuracy-estimation inputs, not internal predictions, not CASP submissions, and not competitive-proof evidence."
7,H2319,H2319_T333,5753,H2319_all_pdbs/Model_3952_afm_dropout_noSM_woTemplates_model_2_multimer_v2_pred_35.pdb,Model_3952_afm_dropout_noSM_woTemplates_model_2_multimer_v2_pred_35.pdb,3952,AFM,afm_dropout_noSM_woTemplates_multimer_v2,,2,35,afm_dropout_noSM_woTemplates_v2,,False,casp17/massivefold_external_pool_intake/h2319_t333/extracted_models/H2319_all_pdbs/Model_3952_afm_dropout_noSM_woTemplates_model_2_multimer_v2_pred_35.pdb,awaiting_extract,"MassiveFold model pool index only. It parses organizer-provided external model tarball listings and stages balanced extraction/rerank candidates. These models remain external rerank and accuracy-estimation inputs, not internal predictions, not CASP submissions, and not competitive-proof evidence."
7,H2319,H2319_T333,5754,H2319_all_pdbs/Model_3462_afm_dropout_noSM_woTemplates_model_1_multimer_v2_pred_17.pdb,Model_3462_afm_dropout_noSM_woTemplates_model_1_multimer_v2_pred_17.pdb,3462,AFM,afm_dropout_noSM_woTemplates_multimer_v2,,1,17,afm_dropout_noSM_woTemplates_v2,,False,casp17/massivefold_external_pool_intake/h2319_t333/extracted_models/H2319_all_pdbs/Model_3462_afm_dropout_noSM_woTemplates_model_1_multimer_v2_pred_17.pdb,awaiting_extract,"MassiveFold model pool index only. It parses organizer-provided external model tarball listings and stages balanced extraction/rerank candidates. These models remain external rerank and accuracy-estimation inputs, not internal predictions, not CASP submissions, and not competitive-proof evidence."
7,H2319,H2319_T333,5773,H2319_all_pdbs/Model_3572_afm_dropout_noSM_woTemplates_model_5_multimer_v2_pred_18.pdb,Model_3572_afm_dropout_noSM_woTemplates_model_5_multimer_v2_pred_18.pdb,3572,AFM,afm_dropout_noSM_woTemplates_multimer_v2,,5,18,afm_dropout_noSM_woTemplates_v2,,False,casp17/massivefold_external_pool_intake/h2319_t333/extracted_models/H2319_all_pdbs/Model_3572_afm_dropout_noSM_woTemplates_model_5_multimer_v2_pred_18.pdb,awaiting_extract,"MassiveFold model pool index only. It parses organizer-provided external model tarball listings and stages balanced extraction/rerank candidates. These models remain external rerank and accuracy-estimation inputs, not internal predictions, not CASP submissions, and not competitive-proof evidence."
7,H2319,H2319_T333,5831,H2319_all_pdbs/Model_1910_afm_dropout_noSM_woTemplates_model_5_multimer_v2_pred_24.pdb,Model_1910_afm_dropout_noSM_woTemplates_model_5_multimer_v2_pred_24.pdb,1910,AFM,afm_dropout_noSM_woTemplates_multimer_v2,,5,24,afm_dropout_noSM_woTemplates_v2,,False,casp17/massivefold_external_pool_intake/h2319_t333/extracted_models/H2319_all_pdbs/Model_1910_afm_dropout_noSM_woTemplates_model_5_multimer_v2_pred_24.pdb,awaiting_extract,"MassiveFold model pool index only. It parses organizer-provided external model tarball listings and stages balanced extraction/rerank candidates. These models remain external rerank and accuracy-estimation inputs, not internal predictions, not CASP submissions, and not competitive-proof evidence."
7,H2319,H2319_T333,5915,H2319_all_pdbs/Model_1746_afm_dropout_noSM_woTemplates_model_2_multimer_v2_pred_52.pdb,Model_1746_afm_dropout_noSM_woTemplates_model_2_multimer_v2_pred_52.pdb,1746,AFM,afm_dropout_noSM_woTemplates_multimer_v2,,2,52,afm_dropout_noSM_woTemplates_v2,,False,casp17/massivefold_external_pool_intake/h2319_t333/extracted_models/H2319_all_pdbs/Model_1746_afm_dropout_noSM_woTemplates_model_2_multimer_v2_pred_52.pdb,awaiting_extract,"MassiveFold model pool index only. It parses organizer-provided external model tarball listings and stages balanced extraction/rerank candidates. These models remain external rerank and accuracy-estimation inputs, not internal predictions, not CASP submissions, and not competitive-proof evidence."
7,H2319,H2319_T333,5919,H2319_all_pdbs/Model_2514_afm_dropout_noSM_woTemplates_model_5_multimer_v2_pred_29.pdb,Model_2514_afm_dropout_noSM_woTemplates_model_5_multimer_v2_pred_29.pdb,2514,AFM,afm_dropout_noSM_woTemplates_multimer_v2,,5,29,afm_dropout_noSM_woTemplates_v2,,False,casp17/massivefold_external_pool_intake/h2319_t333/extracted_models/H2319_all_pdbs/Model_2514_afm_dropout_noSM_woTemplates_model_5_multimer_v2_pred_29.pdb,awaiting_extract,"MassiveFold model pool index only. It parses organizer-provided external model tarball listings and stages balanced extraction/rerank candidates. These models remain external rerank and accuracy-estimation inputs, not internal predictions, not CASP submissions, and not competitive-proof evidence."
7,H2319,H2319_T333,5929,H2319_all_pdbs/Model_1514_afm_dropout_noSM_woTemplates_model_3_multimer_v2_pred_66.pdb,Model_1514_afm_dropout_noSM_woTemplates_model_3_multimer_v2_pred_66.pdb,1514,AFM,afm_dropout_noSM_woTemplates_multimer_v2,,3,66,afm_dropout_noSM_woTemplates_v2,,False,casp17/massivefold_external_pool_intake/h2319_t333/extracted_models/H2319_all_pdbs/Model_1514_afm_dropout_noSM_woTemplates_model_3_multimer_v2_pred_66.pdb,awaiting_extract,"MassiveFold model pool index only. It parses organizer-provided external model tarball listings and stages balanced extraction/rerank candidates. These models remain external rerank and accuracy-estimation inputs, not internal predictions, not CASP submissions, and not competitive-proof evidence."
7,H2319,H2319_T333,5990,H2319_all_pdbs/Model_1892_afm_dropout_noSM_woTemplates_model_4_multimer_v2_pred_30.pdb,Model_1892_afm_dropout_noSM_woTemplates_model_4_multimer_v2_pred_30.pdb,1892,AFM,afm_dropout_noSM_woTemplates_multimer_v2,,4,30,afm_dropout_noSM_woTemplates_v2,,False,casp17/massivefold_external_pool_intake/h2319_t333/extracted_models/H2319_all_pdbs/Model_1892_afm_dropout_noSM_woTemplates_model_4_multimer_v2_pred_30.pdb,awaiting_extract,"MassiveFold model pool index only. It parses organizer-provided external model tarball listings and stages balanced extraction/rerank candidates. These models remain external rerank and accuracy-estimation inputs, not internal predictions, not CASP submissions, and not competitive-proof evidence."
7,H2319,H2319_T333,5991,H2319_all_pdbs/Model_3601_afm_dropout_noSM_woTemplates_model_4_multimer_v2_pred_23.pdb,Model_3601_afm_dropout_noSM_woTemplates_model_4_multimer_v2_pred_23.pdb,3601,AFM,afm_dropout_noSM_woTemplates_multimer_v2,,4,23,afm_dropout_noSM_woTemplates_v2,,False,casp17/massivefold_external_pool_intake/h2319_t333/extracted_models/H2319_all_pdbs/Model_3601_afm_dropout_noSM_woTemplates_model_4_multimer_v2_pred_23.pdb,awaiting_extract,"MassiveFold model pool index only. It parses organizer-provided external model tarball listings and stages balanced extraction/rerank candidates. These models remain external rerank and accuracy-estimation inputs, not internal predictions, not CASP submissions, and not competitive-proof evidence."
7,H2319,H2319_T333,6010,H2319_all_pdbs/Model_2196_afm_dropout_noSM_woTemplates_model_3_multimer_v2_pred_43.pdb,Model_2196_afm_dropout_noSM_woTemplates_model_3_multimer_v2_pred_43.pdb,2196,AFM,afm_dropout_noSM_woTemplates_multimer_v2,,3,43,afm_dropout_noSM_woTemplates_v2,,False,casp17/massivefold_external_pool_intake/h2319_t333/extracted_models/H2319_all_pdbs/Model_2196_afm_dropout_noSM_woTemplates_model_3_multimer_v2_pred_43.pdb,awaiting_extract,"MassiveFold model pool index only. It parses organizer-provided external model tarball listings and stages balanced extraction/rerank candidates. These models remain external rerank and accuracy-estimation inputs, not internal predictions, not CASP submissions, and not competitive-proof evidence."
7,H2319,H2319_T333,6019,H2319_all_pdbs/Model_1357_afm_dropout_noSM_woTemplates_model_1_multimer_v2_pred_1.pdb,Model_1357_afm_dropout_noSM_woTemplates_model_1_multimer_v2_pred_1.pdb,1357,AFM,afm_dropout_noSM_woTemplates_multimer_v2,,1,1,afm_dropout_noSM_woTemplates_v2,,False,casp17/massivefold_external_pool_intake/h2319_t333/extracted_models/H2319_all_pdbs/Model_1357_afm_dropout_noSM_woTemplates_model_1_multimer_v2_pred_1.pdb,awaiting_extract,"MassiveFold model pool index only. It parses organizer-provided external model tarball listings and stages balanced extraction/rerank candidates. These models remain external rerank and accuracy-estimation inputs, not internal predictions, not CASP submissions, and not competitive-proof evidence."
7,H2319,H2319_T333,6039,H2319_all_pdbs/Model_1412_afm_dropout_noSM_woTemplates_model_1_multimer_v2_pred_53.pdb,Model_1412_afm_dropout_noSM_woTemplates_model_1_multimer_v2_pred_53.pdb,1412,AFM,afm_dropout_noSM_woTemplates_multimer_v2,,1,53,afm_dropout_noSM_woTemplates_v2,,False,casp17/massivefold_external_pool_intake/h2319_t333/extracted_models/H2319_all_pdbs/Model_1412_afm_dropout_noSM_woTemplates_model_1_multimer_v2_pred_53.pdb,awaiting_extract,"MassiveFold model pool index only. It parses organizer-provided external model tarball listings and stages balanced extraction/rerank candidates. These models remain external rerank and accuracy-estimation inputs, not internal predictions, not CASP submissions, and not competitive-proof evidence."
7,H2319,H2319_T333,6051,H2319_all_pdbs/Model_4325_afm_dropout_noSM_woTemplates_model_2_multimer_v2_pred_65.pdb,Model_4325_afm_dropout_noSM_woTemplates_model_2_multimer_v2_pred_65.pdb,4325,AFM,afm_dropout_noSM_woTemplates_multimer_v2,,2,65,afm_dropout_noSM_woTemplates_v2,,False,casp17/massivefold_external_pool_intake/h2319_t333/extracted_models/H2319_all_pdbs/Model_4325_afm_dropout_noSM_woTemplates_model_2_multimer_v2_pred_65.pdb,awaiting_extract,"MassiveFold model pool index only. It parses organizer-provided external model tarball listings and stages balanced extraction/rerank candidates. These models remain external rerank and accuracy-estimation inputs, not internal predictions, not CASP submissions, and not competitive-proof evidence."
7,H2319,H2319_T333,6076,H2319_all_pdbs/Model_2501_afm_dropout_noSM_woTemplates_model_2_multimer_v2_pred_60.pdb,Model_2501_afm_dropout_noSM_woTemplates_model_2_multimer_v2_pred_60.pdb,2501,AFM,afm_dropout_noSM_woTemplates_multimer_v2,,2,60,afm_dropout_noSM_woTemplates_v2,,False,casp17/massivefold_external_pool_intake/h2319_t333/extracted_models/H2319_all_pdbs/Model_2501_afm_dropout_noSM_woTemplates_model_2_multimer_v2_pred_60.pdb,awaiting_extract,"MassiveFold model pool index only. It parses organizer-provided external model tarball listings and stages balanced extraction/rerank candidates. These models remain external rerank and accuracy-estimation inputs, not internal predictions, not CASP submissions, and not competitive-proof evidence."
7,H2319,H2319_T333,6079,H2319_all_pdbs/Model_1669_afm_dropout_noSM_woTemplates_model_3_multimer_v2_pred_48.pdb,Model_1669_afm_dropout_noSM_woTemplates_model_3_multimer_v2_pred_48.pdb,1669,AFM,afm_dropout_noSM_woTemplates_multimer_v2,,3,48,afm_dropout_noSM_woTemplates_v2,,False,casp17/massivefold_external_pool_intake/h2319_t333/extracted_models/H2319_all_pdbs/Model_1669_afm_dropout_noSM_woTemplates_model_3_multimer_v2_pred_48.pdb,awaiting_extract,"MassiveFold model pool index only. It parses organizer-provided external model tarball listings and stages balanced extraction/rerank candidates. These models remain external rerank and accuracy-estimation inputs, not internal predictions, not CASP submissions, and not competitive-proof evidence."
7,H2319,H2319_T333,6127,H2319_all_pdbs/Model_1611_afm_dropout_noSM_woTemplates_model_4_multimer_v2_pred_65.pdb,Model_1611_afm_dropout_noSM_woTemplates_model_4_multimer_v2_pred_65.pdb,1611,AFM,afm_dropout_noSM_woTemplates_multimer_v2,,4,65,afm_dropout_noSM_woTemplates_v2,,False,casp17/massivefold_external_pool_intake/h2319_t333/extracted_models/H2319_all_pdbs/Model_1611_afm_dropout_noSM_woTemplates_model_4_multimer_v2_pred_65.pdb,awaiting_extract,"MassiveFold model pool index only. It parses organizer-provided external model tarball listings and stages balanced extraction/rerank candidates. These models remain external rerank and accuracy-estimation inputs, not internal predictions, not CASP submissions, and not competitive-proof evidence."
7,H2319,H2319_T333,6139,H2319_all_pdbs/Model_2162_afm_dropout_noSM_woTemplates_model_5_multimer_v2_pred_9.pdb,Model_2162_afm_dropout_noSM_woTemplates_model_5_multimer_v2_pred_9.pdb,2162,AFM,afm_dropout_noSM_woTemplates_multimer_v2,,5,9,afm_dropout_noSM_woTemplates_v2,,False,casp17/massivefold_external_pool_intake/h2319_t333/extracted_models/H2319_all_pdbs/Model_2162_afm_dropout_noSM_woTemplates_model_5_multimer_v2_pred_9.pdb,awaiting_extract,"MassiveFold model pool index only. It parses organizer-provided external model tarball listings and stages balanced extraction/rerank candidates. These models remain external rerank and accuracy-estimation inputs, not internal predictions, not CASP submissions, and not competitive-proof evidence."
7,H2319,H2319_T333,6193,H2319_all_pdbs/Model_1512_afm_dropout_noSM_woTemplates_model_4_multimer_v2_pred_37.pdb,Model_1512_afm_dropout_noSM_woTemplates_model_4_multimer_v2_pred_37.pdb,1512,AFM,afm_dropout_noSM_woTemplates_multimer_v2,,4,37,afm_dropout_noSM_woTemplates_v2,,False,casp17/massivefold_external_pool_intake/h2319_t333/extracted_models/H2319_all_pdbs/Model_1512_afm_dropout_noSM_woTemplates_model_4_multimer_v2_pred_37.pdb,awaiting_extract,"MassiveFold model pool index only. It parses organizer-provided external model tarball listings and stages balanced extraction/rerank candidates. These models remain external rerank and accuracy-estimation inputs, not internal predictions, not CASP submissions, and not competitive-proof evidence."
7,H2319,H2319_T333,6216,H2319_all_pdbs/Model_1731_afm_dropout_noSM_woTemplates_model_1_multimer_v2_pred_7.pdb,Model_1731_afm_dropout_noSM_woTemplates_model_1_multimer_v2_pred_7.pdb,1731,AFM,afm_dropout_noSM_woTemplates_multimer_v2,,1,7,afm_dropout_noSM_woTemplates_v2,,False,casp17/massivefold_external_pool_intake/h2319_t333/extracted_models/H2319_all_pdbs/Model_1731_afm_dropout_noSM_woTemplates_model_1_multimer_v2_pred_7.pdb,awaiting_extract,"MassiveFold model pool index only. It parses organizer-provided external model tarball listings and stages balanced extraction/rerank candidates. These models remain external rerank and accuracy-estimation inputs, not internal predictions, not CASP submissions, and not competitive-proof evidence."
7,H2319,H2319_T333,6250,H2319_all_pdbs/Model_1304_afm_dropout_noSM_woTemplates_model_1_multimer_v2_pred_46.pdb,Model_1304_afm_dropout_noSM_woTemplates_model_1_multimer_v2_pred_46.pdb,1304,AFM,afm_dropout_noSM_woTemplates_multimer_v2,,1,46,afm_dropout_noSM_woTemplates_v2,62,True,casp17/massivefold_external_pool_intake/h2319_t333/extracted_models/H2319_all_pdbs/Model_1304_afm_dropout_noSM_woTemplates_model_1_multimer_v2_pred_46.pdb,extracted,"MassiveFold model pool index only. It parses organizer-provided external model tarball listings and stages balanced extraction/rerank candidates. These models remain external rerank and accuracy-estimation inputs, not internal predictions, not CASP submissions, and not competitive-proof evidence."
7,H2319,H2319_T333,6252,H2319_all_pdbs/Model_3664_afm_dropout_noSM_woTemplates_model_2_multimer_v2_pred_46.pdb,Model_3664_afm_dropout_noSM_woTemplates_model_2_multimer_v2_pred_46.pdb,3664,AFM,afm_dropout_noSM_woTemplates_multimer_v2,,2,46,afm_dropout_noSM_woTemplates_v2,,False,casp17/massivefold_external_pool_intake/h2319_t333/extracted_models/H2319_all_pdbs/Model_3664_afm_dropout_noSM_woTemplates_model_2_multimer_v2_pred_46.pdb,awaiting_extract,"MassiveFold model pool index only. It parses organizer-provided external model tarball listings and stages balanced extraction/rerank candidates. These models remain external rerank and accuracy-estimation inputs, not internal predictions, not CASP submissions, and not competitive-proof evidence."
7,H2319,H2319_T333,6268,H2319_all_pdbs/Model_1446_afm_dropout_noSM_woTemplates_model_4_multimer_v2_pred_56.pdb,Model_1446_afm_dropout_noSM_woTemplates_model_4_multimer_v2_pred_56.pdb,1446,AFM,afm_dropout_noSM_woTemplates_multimer_v2,,4,56,afm_dropout_noSM_woTemplates_v2,,False,casp17/massivefold_external_pool_intake/h2319_t333/extracted_models/H2319_all_pdbs/Model_1446_afm_dropout_noSM_woTemplates_model_4_multimer_v2_pred_56.pdb,awaiting_extract,"MassiveFold model pool index only. It parses organizer-provided external model tarball listings and stages balanced extraction/rerank candidates. These models remain external rerank and accuracy-estimation inputs, not internal predictions, not CASP submissions, and not competitive-proof evidence."
7,H2319,H2319_T333,6418,H2319_all_pdbs/Model_2404_afm_dropout_noSM_woTemplates_model_1_multimer_v2_pred_39.pdb,Model_2404_afm_dropout_noSM_woTemplates_model_1_multimer_v2_pred_39.pdb,2404,AFM,afm_dropout_noSM_woTemplates_multimer_v2,,1,39,afm_dropout_noSM_woTemplates_v2,,False,casp17/massivefold_external_pool_intake/h2319_t333/extracted_models/H2319_all_pdbs/Model_2404_afm_dropout_noSM_woTemplates_model_1_multimer_v2_pred_39.pdb,awaiting_extract,"MassiveFold model pool index only. It parses organizer-provided external model tarball listings and stages balanced extraction/rerank candidates. These models remain external rerank and accuracy-estimation inputs, not internal predictions, not CASP submissions, and not competitive-proof evidence."
7,H2319,H2319_T333,6423,H2319_all_pdbs/Model_3416_afm_dropout_noSM_woTemplates_model_2_multimer_v2_pred_56.pdb,Model_3416_afm_dropout_noSM_woTemplates_model_2_multimer_v2_pred_56.pdb,3416,AFM,afm_dropout_noSM_woTemplates_multimer_v2,,2,56,afm_dropout_noSM_woTemplates_v2,,False,casp17/massivefold_external_pool_intake/h2319_t333/extracted_models/H2319_all_pdbs/Model_3416_afm_dropout_noSM_woTemplates_model_2_multimer_v2_pred_56.pdb,awaiting_extract,"MassiveFold model pool index only. It parses organizer-provided external model tarball listings and stages balanced extraction/rerank candidates. These models remain external rerank and accuracy-estimation inputs, not internal predictions, not CASP submissions, and not competitive-proof evidence."
7,H2319,H2319_T333,6547,H2319_all_pdbs/Model_2148_afm_dropout_noSM_woTemplates_model_3_multimer_v2_pred_30.pdb,Model_2148_afm_dropout_noSM_woTemplates_model_3_multimer_v2_pred_30.pdb,2148,AFM,afm_dropout_noSM_woTemplates_multimer_v2,,3,30,afm_dropout_noSM_woTemplates_v2,,False,casp17/massivefold_external_pool_intake/h2319_t333/extracted_models/H2319_all_pdbs/Model_2148_afm_dropout_noSM_woTemplates_model_3_multimer_v2_pred_30.pdb,awaiting_extract,"MassiveFold model pool index only. It parses organizer-provided external model tarball listings and stages balanced extraction/rerank candidates. These models remain external rerank and accuracy-estimation inputs, not internal predictions, not CASP submissions, and not competitive-proof evidence."
7,H2319,H2319_T333,6551,H2319_all_pdbs/Model_3615_afm_dropout_noSM_woTemplates_model_2_multimer_v2_pred_44.pdb,Model_3615_afm_dropout_noSM_woTemplates_model_2_multimer_v2_pred_44.pdb,3615,AFM,afm_dropout_noSM_woTemplates_multimer_v2,,2,44,afm_dropout_noSM_woTemplates_v2,,False,casp17/massivefold_external_pool_intake/h2319_t333/extracted_models/H2319_all_pdbs/Model_3615_afm_dropout_noSM_woTemplates_model_2_multimer_v2_pred_44.pdb,awaiting_extract,"MassiveFold model pool index only. It parses organizer-provided external model tarball listings and stages balanced extraction/rerank candidates. These models remain external rerank and accuracy-estimation inputs, not internal predictions, not CASP submissions, and not competitive-proof evidence."
7,H2319,H2319_T333,6695,H2319_all_pdbs/Model_2211_afm_dropout_noSM_woTemplates_model_3_multimer_v2_pred_47.pdb,Model_2211_afm_dropout_noSM_woTemplates_model_3_multimer_v2_pred_47.pdb,2211,AFM,afm_dropout_noSM_woTemplates_multimer_v2,,3,47,afm_dropout_noSM_woTemplates_v2,,False,casp17/massivefold_external_pool_intake/h2319_t333/extracted_models/H2319_all_pdbs/Model_2211_afm_dropout_noSM_woTemplates_model_3_multimer_v2_pred_47.pdb,awaiting_extract,"MassiveFold model pool index only. It parses organizer-provided external model tarball listings and stages balanced extraction/rerank candidates. These models remain external rerank and accuracy-estimation inputs, not internal predictions, not CASP submissions, and not competitive-proof evidence."
7,H2319,H2319_T333,6785,H2319_all_pdbs/Model_4647_afm_dropout_noSM_woTemplates_model_2_multimer_v2_pred_58.pdb,Model_4647_afm_dropout_noSM_woTemplates_model_2_multimer_v2_pred_58.pdb,4647,AFM,afm_dropout_noSM_woTemplates_multimer_v2,,2,58,afm_dropout_noSM_woTemplates_v2,,False,casp17/massivefold_external_pool_intake/h2319_t333/extracted_models/H2319_all_pdbs/Model_4647_afm_dropout_noSM_woTemplates_model_2_multimer_v2_pred_58.pdb,awaiting_extract,"MassiveFold model pool index only. It parses organizer-provided external model tarball listings and stages balanced extraction/rerank candidates. These models remain external rerank and accuracy-estimation inputs, not internal predictions, not CASP submissions, and not competitive-proof evidence."
7,H2319,H2319_T333,6803,H2319_all_pdbs/Model_1539_afm_dropout_noSM_woTemplates_model_4_multimer_v2_pred_35.pdb,Model_1539_afm_dropout_noSM_woTemplates_model_4_multimer_v2_pred_35.pdb,1539,AFM,afm_dropout_noSM_woTemplates_multimer_v2,,4,35,afm_dropout_noSM_woTemplates_v2,,False,casp17/massivefold_external_pool_intake/h2319_t333/extracted_models/H2319_all_pdbs/Model_1539_afm_dropout_noSM_woTemplates_model_4_multimer_v2_pred_35.pdb,awaiting_extract,"MassiveFold model pool index only. It parses organizer-provided external model tarball listings and stages balanced extraction/rerank candidates. These models remain external rerank and accuracy-estimation inputs, not internal predictions, not CASP submissions, and not competitive-proof evidence."
7,H2319,H2319_T333,6870,H2319_all_pdbs/Model_2454_afm_dropout_noSM_woTemplates_model_5_multimer_v2_pred_16.pdb,Model_2454_afm_dropout_noSM_woTemplates_model_5_multimer_v2_pred_16.pdb,2454,AFM,afm_dropout_noSM_woTemplates_multimer_v2,,5,16,afm_dropout_noSM_woTemplates_v2,,False,casp17/massivefold_external_pool_intake/h2319_t333/extracted_models/H2319_all_pdbs/Model_2454_afm_dropout_noSM_woTemplates_model_5_multimer_v2_pred_16.pdb,awaiting_extract,"MassiveFold model pool index only. It parses organizer-provided external model tarball listings and stages balanced extraction/rerank candidates. These models remain external rerank and accuracy-estimation inputs, not internal predictions, not CASP submissions, and not competitive-proof evidence."
7,H2319,H2319_T333,6883,H2319_all_pdbs/Model_2688_afm_dropout_noSM_woTemplates_model_3_multimer_v2_pred_52.pdb,Model_2688_afm_dropout_noSM_woTemplates_model_3_multimer_v2_pred_52.pdb,2688,AFM,afm_dropout_noSM_woTemplates_multimer_v2,,3,52,afm_dropout_noSM_woTemplates_v2,,False,casp17/massivefold_external_pool_intake/h2319_t333/extracted_models/H2319_all_pdbs/Model_2688_afm_dropout_noSM_woTemplates_model_3_multimer_v2_pred_52.pdb,awaiting_extract,"MassiveFold model pool index only. It parses organizer-provided external model tarball listings and stages balanced extraction/rerank candidates. These models remain external rerank and accuracy-estimation inputs, not internal predictions, not CASP submissions, and not competitive-proof evidence."
7,H2319,H2319_T333,6888,H2319_all_pdbs/Model_2979_afm_dropout_noSM_woTemplates_model_3_multimer_v2_pred_35.pdb,Model_2979_afm_dropout_noSM_woTemplates_model_3_multimer_v2_pred_35.pdb,2979,AFM,afm_dropout_noSM_woTemplates_multimer_v2,,3,35,afm_dropout_noSM_woTemplates_v2,,False,casp17/massivefold_external_pool_intake/h2319_t333/extracted_models/H2319_all_pdbs/Model_2979_afm_dropout_noSM_woTemplates_model_3_multimer_v2_pred_35.pdb,awaiting_extract,"MassiveFold model pool index only. It parses organizer-provided external model tarball listings and stages balanced extraction/rerank candidates. These models remain external rerank and accuracy-estimation inputs, not internal predictions, not CASP submissions, and not competitive-proof evidence."
7,H2319,H2319_T333,6893,H2319_all_pdbs/Model_3971_afm_dropout_noSM_woTemplates_model_5_multimer_v2_pred_0.pdb,Model_3971_afm_dropout_noSM_woTemplates_model_5_multimer_v2_pred_0.pdb,3971,AFM,afm_dropout_noSM_woTemplates_multimer_v2,,5,0,afm_dropout_noSM_woTemplates_v2,,False,casp17/massivefold_external_pool_intake/h2319_t333/extracted_models/H2319_all_pdbs/Model_3971_afm_dropout_noSM_woTemplates_model_5_multimer_v2_pred_0.pdb,awaiting_extract,"MassiveFold model pool index only. It parses organizer-provided external model tarball listings and stages balanced extraction/rerank candidates. These models remain external rerank and accuracy-estimation inputs, not internal predictions, not CASP submissions, and not competitive-proof evidence."
7,H2319,H2319_T333,6972,H2319_all_pdbs/Model_2082_afm_dropout_noSM_woTemplates_model_5_multimer_v2_pred_49.pdb,Model_2082_afm_dropout_noSM_woTemplates_model_5_multimer_v2_pred_49.pdb,2082,AFM,afm_dropout_noSM_woTemplates_multimer_v2,,5,49,afm_dropout_noSM_woTemplates_v2,,False,casp17/massivefold_external_pool_intake/h2319_t333/extracted_models/H2319_all_pdbs/Model_2082_afm_dropout_noSM_woTemplates_model_5_multimer_v2_pred_49.pdb,awaiting_extract,"MassiveFold model pool index only. It parses organizer-provided external model tarball listings and stages balanced extraction/rerank candidates. These models remain external rerank and accuracy-estimation inputs, not internal predictions, not CASP submissions, and not competitive-proof evidence."
7,H2319,H2319_T333,6980,H2319_all_pdbs/Model_2489_afm_dropout_noSM_woTemplates_model_5_multimer_v2_pred_7.pdb,Model_2489_afm_dropout_noSM_woTemplates_model_5_multimer_v2_pred_7.pdb,2489,AFM,afm_dropout_noSM_woTemplates_multimer_v2,,5,7,afm_dropout_noSM_woTemplates_v2,,False,casp17/massivefold_external_pool_intake/h2319_t333/extracted_models/H2319_all_pdbs/Model_2489_afm_dropout_noSM_woTemplates_model_5_multimer_v2_pred_7.pdb,awaiting_extract,"MassiveFold model pool index only. It parses organizer-provided external model tarball listings and stages balanced extraction/rerank candidates. These models remain external rerank and accuracy-estimation inputs, not internal predictions, not CASP submissions, and not competitive-proof evidence."
7,H2319,H2319_T333,7004,H2319_all_pdbs/Model_1488_afm_dropout_noSM_woTemplates_model_1_multimer_v2_pred_45.pdb,Model_1488_afm_dropout_noSM_woTemplates_model_1_multimer_v2_pred_45.pdb,1488,AFM,afm_dropout_noSM_woTemplates_multimer_v2,,1,45,afm_dropout_noSM_woTemplates_v2,,False,casp17/massivefold_external_pool_intake/h2319_t333/extracted_models/H2319_all_pdbs/Model_1488_afm_dropout_noSM_woTemplates_model_1_multimer_v2_pred_45.pdb,awaiting_extract,"MassiveFold model pool index only. It parses organizer-provided external model tarball listings and stages balanced extraction/rerank candidates. These models remain external rerank and accuracy-estimation inputs, not internal predictions, not CASP submissions, and not competitive-proof evidence."
7,H2319,H2319_T333,7062,H2319_all_pdbs/Model_2984_afm_dropout_noSM_woTemplates_model_4_multimer_v2_pred_29.pdb,Model_2984_afm_dropout_noSM_woTemplates_model_4_multimer_v2_pred_29.pdb,2984,AFM,afm_dropout_noSM_woTemplates_multimer_v2,,4,29,afm_dropout_noSM_woTemplates_v2,,False,casp17/massivefold_external_pool_intake/h2319_t333/extracted_models/H2319_all_pdbs/Model_2984_afm_dropout_noSM_woTemplates_model_4_multimer_v2_pred_29.pdb,awaiting_extract,"MassiveFold model pool index only. It parses organizer-provided external model tarball listings and stages balanced extraction/rerank candidates. These models remain external rerank and accuracy-estimation inputs, not internal predictions, not CASP submissions, and not competitive-proof evidence."
7,H2319,H2319_T333,7115,H2319_all_pdbs/Model_3799_afm_dropout_noSM_woTemplates_model_2_multimer_v2_pred_19.pdb,Model_3799_afm_dropout_noSM_woTemplates_model_2_multimer_v2_pred_19.pdb,3799,AFM,afm_dropout_noSM_woTemplates_multimer_v2,,2,19,afm_dropout_noSM_woTemplates_v2,,False,casp17/massivefold_external_pool_intake/h2319_t333/extracted_models/H2319_all_pdbs/Model_3799_afm_dropout_noSM_woTemplates_model_2_multimer_v2_pred_19.pdb,awaiting_extract,"MassiveFold model pool index only. It parses organizer-provided external model tarball listings and stages balanced extraction/rerank candidates. These models remain external rerank and accuracy-estimation inputs, not internal predictions, not CASP submissions, and not competitive-proof evidence."
7,H2319,H2319_T333,7117,H2319_all_pdbs/Model_2450_afm_dropout_noSM_woTemplates_model_1_multimer_v2_pred_15.pdb,Model_2450_afm_dropout_noSM_woTemplates_model_1_multimer_v2_pred_15.pdb,2450,AFM,afm_dropout_noSM_woTemplates_multimer_v2,,1,15,afm_dropout_noSM_woTemplates_v2,,False,casp17/massivefold_external_pool_intake/h2319_t333/extracted_models/H2319_all_pdbs/Model_2450_afm_dropout_noSM_woTemplates_model_1_multimer_v2_pred_15.pdb,awaiting_extract,"MassiveFold model pool index only. It parses organizer-provided external model tarball listings and stages balanced extraction/rerank candidates. These models remain external rerank and accuracy-estimation inputs, not internal predictions, not CASP submissions, and not competitive-proof evidence."
7,H2319,H2319_T333,7121,H2319_all_pdbs/Model_2649_afm_dropout_noSM_woTemplates_model_3_multimer_v2_pred_13.pdb,Model_2649_afm_dropout_noSM_woTemplates_model_3_multimer_v2_pred_13.pdb,2649,AFM,afm_dropout_noSM_woTemplates_multimer_v2,,3,13,afm_dropout_noSM_woTemplates_v2,,False,casp17/massivefold_external_pool_intake/h2319_t333/extracted_models/H2319_all_pdbs/Model_2649_afm_dropout_noSM_woTemplates_model_3_multimer_v2_pred_13.pdb,awaiting_extract,"MassiveFold model pool index only. It parses organizer-provided external model tarball listings and stages balanced extraction/rerank candidates. These models remain external rerank and accuracy-estimation inputs, not internal predictions, not CASP submissions, and not competitive-proof evidence."
7,H2319,H2319_T333,7126,H2319_all_pdbs/Model_2653_afm_dropout_noSM_woTemplates_model_4_multimer_v2_pred_34.pdb,Model_2653_afm_dropout_noSM_woTemplates_model_4_multimer_v2_pred_34.pdb,2653,AFM,afm_dropout_noSM_woTemplates_multimer_v2,,4,34,afm_dropout_noSM_woTemplates_v2,,False,casp17/massivefold_external_pool_intake/h2319_t333/extracted_models/H2319_all_pdbs/Model_2653_afm_dropout_noSM_woTemplates_model_4_multimer_v2_pred_34.pdb,awaiting_extract,"MassiveFold model pool index only. It parses organizer-provided external model tarball listings and stages balanced extraction/rerank candidates. These models remain external rerank and accuracy-estimation inputs, not internal predictions, not CASP submissions, and not competitive-proof evidence."
7,H2319,H2319_T333,7137,H2319_all_pdbs/Model_2543_afm_dropout_noSM_woTemplates_model_5_multimer_v2_pred_2.pdb,Model_2543_afm_dropout_noSM_woTemplates_model_5_multimer_v2_pred_2.pdb,2543,AFM,afm_dropout_noSM_woTemplates_multimer_v2,,5,2,afm_dropout_noSM_woTemplates_v2,,False,casp17/massivefold_external_pool_intake/h2319_t333/extracted_models/H2319_all_pdbs/Model_2543_afm_dropout_noSM_woTemplates_model_5_multimer_v2_pred_2.pdb,awaiting_extract,"MassiveFold model pool index only. It parses organizer-provided external model tarball listings and stages balanced extraction/rerank candidates. These models remain external rerank and accuracy-estimation inputs, not internal predictions, not CASP submissions, and not competitive-proof evidence."
7,H2319,H2319_T333,7179,H2319_all_pdbs/Model_4340_afm_dropout_noSM_woTemplates_model_2_multimer_v2_pred_5.pdb,Model_4340_afm_dropout_noSM_woTemplates_model_2_multimer_v2_pred_5.pdb,4340,AFM,afm_dropout_noSM_woTemplates_multimer_v2,,2,5,afm_dropout_noSM_woTemplates_v2,,False,casp17/massivefold_external_pool_intake/h2319_t333/extracted_models/H2319_all_pdbs/Model_4340_afm_dropout_noSM_woTemplates_model_2_multimer_v2_pred_5.pdb,awaiting_extract,"MassiveFold model pool index only. It parses organizer-provided external model tarball listings and stages balanced extraction/rerank candidates. These models remain external rerank and accuracy-estimation inputs, not internal predictions, not CASP submissions, and not competitive-proof evidence."
7,H2319,H2319_T333,7189,H2319_all_pdbs/Model_1504_afm_dropout_noSM_woTemplates_model_4_multimer_v2_pred_58.pdb,Model_1504_afm_dropout_noSM_woTemplates_model_4_multimer_v2_pred_58.pdb,1504,AFM,afm_dropout_noSM_woTemplates_multimer_v2,,4,58,afm_dropout_noSM_woTemplates_v2,,False,casp17/massivefold_external_pool_intake/h2319_t333/extracted_models/H2319_all_pdbs/Model_1504_afm_dropout_noSM_woTemplates_model_4_multimer_v2_pred_58.pdb,awaiting_extract,"MassiveFold model pool index only. It parses organizer-provided external model tarball listings and stages balanced extraction/rerank candidates. These models remain external rerank and accuracy-estimation inputs, not internal predictions, not CASP submissions, and not competitive-proof evidence."
7,H2319,H2319_T333,7209,H2319_all_pdbs/Model_2227_afm_dropout_noSM_woTemplates_model_5_multimer_v2_pred_40.pdb,Model_2227_afm_dropout_noSM_woTemplates_model_5_multimer_v2_pred_40.pdb,2227,AFM,afm_dropout_noSM_woTemplates_multimer_v2,,5,40,afm_dropout_noSM_woTemplates_v2,,False,casp17/massivefold_external_pool_intake/h2319_t333/extracted_models/H2319_all_pdbs/Model_2227_afm_dropout_noSM_woTemplates_model_5_multimer_v2_pred_40.pdb,awaiting_extract,"MassiveFold model pool index only. It parses organizer-provided external model tarball listings and stages balanced extraction/rerank candidates. These models remain external rerank and accuracy-estimation inputs, not internal predictions, not CASP submissions, and not competitive-proof evidence."
7,H2319,H2319_T333,7323,H2319_all_pdbs/Model_1854_afm_dropout_noSM_woTemplates_model_1_multimer_v2_pred_60.pdb,Model_1854_afm_dropout_noSM_woTemplates_model_1_multimer_v2_pred_60.pdb,1854,AFM,afm_dropout_noSM_woTemplates_multimer_v2,,1,60,afm_dropout_noSM_woTemplates_v2,,False,casp17/massivefold_external_pool_intake/h2319_t333/extracted_models/H2319_all_pdbs/Model_1854_afm_dropout_noSM_woTemplates_model_1_multimer_v2_pred_60.pdb,awaiting_extract,"MassiveFold model pool index only. It parses organizer-provided external model tarball listings and stages balanced extraction/rerank candidates. These models remain external rerank and accuracy-estimation inputs, not internal predictions, not CASP submissions, and not competitive-proof evidence."
7,H2319,H2319_T333,7453,H2319_all_pdbs/Model_2754_afm_dropout_noSM_woTemplates_model_1_multimer_v2_pred_4.pdb,Model_2754_afm_dropout_noSM_woTemplates_model_1_multimer_v2_pred_4.pdb,2754,AFM,afm_dropout_noSM_woTemplates_multimer_v2,,1,4,afm_dropout_noSM_woTemplates_v2,,False,casp17/massivefold_external_pool_intake/h2319_t333/extracted_models/H2319_all_pdbs/Model_2754_afm_dropout_noSM_woTemplates_model_1_multimer_v2_pred_4.pdb,awaiting_extract,"MassiveFold model pool index only. It parses organizer-provided external model tarball listings and stages balanced extraction/rerank candidates. These models remain external rerank and accuracy-estimation inputs, not internal predictions, not CASP submissions, and not competitive-proof evidence."
7,H2319,H2319_T333,7477,H2319_all_pdbs/Model_3740_afm_dropout_noSM_woTemplates_model_5_multimer_v2_pred_4.pdb,Model_3740_afm_dropout_noSM_woTemplates_model_5_multimer_v2_pred_4.pdb,3740,AFM,afm_dropout_noSM_woTemplates_multimer_v2,,5,4,afm_dropout_noSM_woTemplates_v2,,False,casp17/massivefold_external_pool_intake/h2319_t333/extracted_models/H2319_all_pdbs/Model_3740_afm_dropout_noSM_woTemplates_model_5_multimer_v2_pred_4.pdb,awaiting_extract,"MassiveFold model pool index only. It parses organizer-provided external model tarball listings and stages balanced extraction/rerank candidates. These models remain external rerank and accuracy-estimation inputs, not internal predictions, not CASP submissions, and not competitive-proof evidence."
7,H2319,H2319_T333,7532,H2319_all_pdbs/Model_1333_afm_dropout_noSM_woTemplates_model_3_multimer_v2_pred_64.pdb,Model_1333_afm_dropout_noSM_woTemplates_model_3_multimer_v2_pred_64.pdb,1333,AFM,afm_dropout_noSM_woTemplates_multimer_v2,,3,64,afm_dropout_noSM_woTemplates_v2,,False,casp17/massivefold_external_pool_intake/h2319_t333/extracted_models/H2319_all_pdbs/Model_1333_afm_dropout_noSM_woTemplates_model_3_multimer_v2_pred_64.pdb,awaiting_extract,"MassiveFold model pool index only. It parses organizer-provided external model tarball listings and stages balanced extraction/rerank candidates. These models remain external rerank and accuracy-estimation inputs, not internal predictions, not CASP submissions, and not competitive-proof evidence."
7,H2319,H2319_T333,7551,H2319_all_pdbs/Model_1859_afm_dropout_noSM_woTemplates_model_3_multimer_v2_pred_41.pdb,Model_1859_afm_dropout_noSM_woTemplates_model_3_multimer_v2_pred_41.pdb,1859,AFM,afm_dropout_noSM_woTemplates_multimer_v2,,3,41,afm_dropout_noSM_woTemplates_v2,,False,casp17/massivefold_external_pool_intake/h2319_t333/extracted_models/H2319_all_pdbs/Model_1859_afm_dropout_noSM_woTemplates_model_3_multimer_v2_pred_41.pdb,awaiting_extract,"MassiveFold model pool index only. It parses organizer-provided external model tarball listings and stages balanced extraction/rerank candidates. These models remain external rerank and accuracy-estimation inputs, not internal predictions, not CASP submissions, and not competitive-proof evidence."
7,H2319,H2319_T333,7554,H2319_all_pdbs/Model_2102_afm_dropout_noSM_woTemplates_model_4_multimer_v2_pred_57.pdb,Model_2102_afm_dropout_noSM_woTemplates_model_4_multimer_v2_pred_57.pdb,2102,AFM,afm_dropout_noSM_woTemplates_multimer_v2,,4,57,afm_dropout_noSM_woTemplates_v2,,False,casp17/massivefold_external_pool_intake/h2319_t333/extracted_models/H2319_all_pdbs/Model_2102_afm_dropout_noSM_woTemplates_model_4_multimer_v2_pred_57.pdb,awaiting_extract,"MassiveFold model pool index only. It parses organizer-provided external model tarball listings and stages balanced extraction/rerank candidates. These models remain external rerank and accuracy-estimation inputs, not internal predictions, not CASP submissions, and not competitive-proof evidence."
7,H2319,H2319_T333,7606,H2319_all_pdbs/Model_2789_afm_dropout_noSM_woTemplates_model_1_multimer_v2_pred_13.pdb,Model_2789_afm_dropout_noSM_woTemplates_model_1_multimer_v2_pred_13.pdb,2789,AFM,afm_dropout_noSM_woTemplates_multimer_v2,,1,13,afm_dropout_noSM_woTemplates_v2,,False,casp17/massivefold_external_pool_intake/h2319_t333/extracted_models/H2319_all_pdbs/Model_2789_afm_dropout_noSM_woTemplates_model_1_multimer_v2_pred_13.pdb,awaiting_extract,"MassiveFold model pool index only. It parses organizer-provided external model tarball listings and stages balanced extraction/rerank candidates. These models remain external rerank and accuracy-estimation inputs, not internal predictions, not CASP submissions, and not competitive-proof evidence."
7,H2319,H2319_T333,7639,H2319_all_pdbs/Model_3713_afm_dropout_noSM_woTemplates_model_5_multimer_v2_pred_34.pdb,Model_3713_afm_dropout_noSM_woTemplates_model_5_multimer_v2_pred_34.pdb,3713,AFM,afm_dropout_noSM_woTemplates_multimer_v2,,5,34,afm_dropout_noSM_woTemplates_v2,,False,casp17/massivefold_external_pool_intake/h2319_t333/extracted_models/H2319_all_pdbs/Model_3713_afm_dropout_noSM_woTemplates_model_5_multimer_v2_pred_34.pdb,awaiting_extract,"MassiveFold model pool index only. It parses organizer-provided external model tarball listings and stages balanced extraction/rerank candidates. These models remain external rerank and accuracy-estimation inputs, not internal predictions, not CASP submissions, and not competitive-proof evidence."
7,H2319,H2319_T333,7651,H2319_all_pdbs/Model_3867_afm_dropout_noSM_woTemplates_model_2_multimer_v2_pred_30.pdb,Model_3867_afm_dropout_noSM_woTemplates_model_2_multimer_v2_pred_30.pdb,3867,AFM,afm_dropout_noSM_woTemplates_multimer_v2,,2,30,afm_dropout_noSM_woTemplates_v2,,False,casp17/massivefold_external_pool_intake/h2319_t333/extracted_models/H2319_all_pdbs/Model_3867_afm_dropout_noSM_woTemplates_model_2_multimer_v2_pred_30.pdb,awaiting_extract,"MassiveFold model pool index only. It parses organizer-provided external model tarball listings and stages balanced extraction/rerank candidates. These models remain external rerank and accuracy-estimation inputs, not internal predictions, not CASP submissions, and not competitive-proof evidence."
7,H2319,H2319_T333,7707,H2319_all_pdbs/Model_2146_afm_dropout_noSM_woTemplates_model_3_multimer_v2_pred_42.pdb,Model_2146_afm_dropout_noSM_woTemplates_model_3_multimer_v2_pred_42.pdb,2146,AFM,afm_dropout_noSM_woTemplates_multimer_v2,,3,42,afm_dropout_noSM_woTemplates_v2,,False,casp17/massivefold_external_pool_intake/h2319_t333/extracted_models/H2319_all_pdbs/Model_2146_afm_dropout_noSM_woTemplates_model_3_multimer_v2_pred_42.pdb,awaiting_extract,"MassiveFold model pool index only. It parses organizer-provided external model tarball listings and stages balanced extraction/rerank candidates. These models remain external rerank and accuracy-estimation inputs, not internal predictions, not CASP submissions, and not competitive-proof evidence."
7,H2319,H2319_T333,7718,H2319_all_pdbs/Model_1406_afm_dropout_noSM_woTemplates_model_3_multimer_v2_pred_54.pdb,Model_1406_afm_dropout_noSM_woTemplates_model_3_multimer_v2_pred_54.pdb,1406,AFM,afm_dropout_noSM_woTemplates_multimer_v2,,3,54,afm_dropout_noSM_woTemplates_v2,,False,casp17/massivefold_external_pool_intake/h2319_t333/extracted_models/H2319_all_pdbs/Model_1406_afm_dropout_noSM_woTemplates_model_3_multimer_v2_pred_54.pdb,awaiting_extract,"MassiveFold model pool index only. It parses organizer-provided external model tarball listings and stages balanced extraction/rerank candidates. These models remain external rerank and accuracy-estimation inputs, not internal predictions, not CASP submissions, and not competitive-proof evidence."
7,H2319,H2319_T333,7728,H2319_all_pdbs/Model_1532_afm_dropout_noSM_woTemplates_model_1_multimer_v2_pred_49.pdb,Model_1532_afm_dropout_noSM_woTemplates_model_1_multimer_v2_pred_49.pdb,1532,AFM,afm_dropout_noSM_woTemplates_multimer_v2,,1,49,afm_dropout_noSM_woTemplates_v2,,False,casp17/massivefold_external_pool_intake/h2319_t333/extracted_models/H2319_all_pdbs/Model_1532_afm_dropout_noSM_woTemplates_model_1_multimer_v2_pred_49.pdb,awaiting_extract,"MassiveFold model pool index only. It parses organizer-provided external model tarball listings and stages balanced extraction/rerank candidates. These models remain external rerank and accuracy-estimation inputs, not internal predictions, not CASP submissions, and not competitive-proof evidence."
7,H2319,H2319_T333,7742,H2319_all_pdbs/Model_3657_afm_dropout_noSM_woTemplates_model_4_multimer_v2_pred_43.pdb,Model_3657_afm_dropout_noSM_woTemplates_model_4_multimer_v2_pred_43.pdb,3657,AFM,afm_dropout_noSM_woTemplates_multimer_v2,,4,43,afm_dropout_noSM_woTemplates_v2,,False,casp17/massivefold_external_pool_intake/h2319_t333/extracted_models/H2319_all_pdbs/Model_3657_afm_dropout_noSM_woTemplates_model_4_multimer_v2_pred_43.pdb,awaiting_extract,"MassiveFold model pool index only. It parses organizer-provided external model tarball listings and stages balanced extraction/rerank candidates. These models remain external rerank and accuracy-estimation inputs, not internal predictions, not CASP submissions, and not competitive-proof evidence."
7,H2319,H2319_T333,7750,H2319_all_pdbs/Model_3834_afm_dropout_noSM_woTemplates_model_4_multimer_v2_pred_7.pdb,Model_3834_afm_dropout_noSM_woTemplates_model_4_multimer_v2_pred_7.pdb,3834,AFM,afm_dropout_noSM_woTemplates_multimer_v2,,4,7,afm_dropout_noSM_woTemplates_v2,,False,casp17/massivefold_external_pool_intake/h2319_t333/extracted_models/H2319_all_pdbs/Model_3834_afm_dropout_noSM_woTemplates_model_4_multimer_v2_pred_7.pdb,awaiting_extract,"MassiveFold model pool index only. It parses organizer-provided external model tarball listings and stages balanced extraction/rerank candidates. These models remain external rerank and accuracy-estimation inputs, not internal predictions, not CASP submissions, and not competitive-proof evidence."
7,H2319,H2319_T333,7774,H2319_all_pdbs/Model_3169_afm_dropout_noSM_woTemplates_model_4_multimer_v2_pred_51.pdb,Model_3169_afm_dropout_noSM_woTemplates_model_4_multimer_v2_pred_51.pdb,3169,AFM,afm_dropout_noSM_woTemplates_multimer_v2,,4,51,afm_dropout_noSM_woTemplates_v2,,False,casp17/massivefold_external_pool_intake/h2319_t333/extracted_models/H2319_all_pdbs/Model_3169_afm_dropout_noSM_woTemplates_model_4_multimer_v2_pred_51.pdb,awaiting_extract,"MassiveFold model pool index only. It parses organizer-provided external model tarball listings and stages balanced extraction/rerank candidates. These models remain external rerank and accuracy-estimation inputs, not internal predictions, not CASP submissions, and not competitive-proof evidence."
7,H2319,H2319_T333,7793,H2319_all_pdbs/Model_3656_afm_dropout_noSM_woTemplates_model_2_multimer_v2_pred_29.pdb,Model_3656_afm_dropout_noSM_woTemplates_model_2_multimer_v2_pred_29.pdb,3656,AFM,afm_dropout_noSM_woTemplates_multimer_v2,,2,29,afm_dropout_noSM_woTemplates_v2,,False,casp17/massivefold_external_pool_intake/h2319_t333/extracted_models/H2319_all_pdbs/Model_3656_afm_dropout_noSM_woTemplates_model_2_multimer_v2_pred_29.pdb,awaiting_extract,"MassiveFold model pool index only. It parses organizer-provided external model tarball listings and stages balanced extraction/rerank candidates. These models remain external rerank and accuracy-estimation inputs, not internal predictions, not CASP submissions, and not competitive-proof evidence."
7,H2319,H2319_T333,7795,H2319_all_pdbs/Model_2301_afm_dropout_noSM_woTemplates_model_1_multimer_v2_pred_32.pdb,Model_2301_afm_dropout_noSM_woTemplates_model_1_multimer_v2_pred_32.pdb,2301,AFM,afm_dropout_noSM_woTemplates_multimer_v2,,1,32,afm_dropout_noSM_woTemplates_v2,,False,casp17/massivefold_external_pool_intake/h2319_t333/extracted_models/H2319_all_pdbs/Model_2301_afm_dropout_noSM_woTemplates_model_1_multimer_v2_pred_32.pdb,awaiting_extract,"MassiveFold model pool index only. It parses organizer-provided external model tarball listings and stages balanced extraction/rerank candidates. These models remain external rerank and accuracy-estimation inputs, not internal predictions, not CASP submissions, and not competitive-proof evidence."
7,H2319,H2319_T333,7844,H2319_all_pdbs/Model_2813_afm_dropout_noSM_woTemplates_model_1_multimer_v2_pred_42.pdb,Model_2813_afm_dropout_noSM_woTemplates_model_1_multimer_v2_pred_42.pdb,2813,AFM,afm_dropout_noSM_woTemplates_multimer_v2,,1,42,afm_dropout_noSM_woTemplates_v2,,False,casp17/massivefold_external_pool_intake/h2319_t333/extracted_models/H2319_all_pdbs/Model_2813_afm_dropout_noSM_woTemplates_model_1_multimer_v2_pred_42.pdb,awaiting_extract,"MassiveFold model pool index only. It parses organizer-provided external model tarball listings and stages balanced extraction/rerank candidates. These models remain external rerank and accuracy-estimation inputs, not internal predictions, not CASP submissions, and not competitive-proof evidence."
7,H2319,H2319_T333,7928,H2319_all_pdbs/Model_4009_afm_dropout_noSM_woTemplates_model_2_multimer_v2_pred_3.pdb,Model_4009_afm_dropout_noSM_woTemplates_model_2_multimer_v2_pred_3.pdb,4009,AFM,afm_dropout_noSM_woTemplates_multimer_v2,,2,3,afm_dropout_noSM_woTemplates_v2,,False,casp17/massivefold_external_pool_intake/h2319_t333/extracted_models/H2319_all_pdbs/Model_4009_afm_dropout_noSM_woTemplates_model_2_multimer_v2_pred_3.pdb,awaiting_extract,"MassiveFold model pool index only. It parses organizer-provided external model tarball listings and stages balanced extraction/rerank candidates. These models remain external rerank and accuracy-estimation inputs, not internal predictions, not CASP submissions, and not competitive-proof evidence."
7,H2319,H2319_T333,7929,H2319_all_pdbs/Model_1811_afm_dropout_noSM_woTemplates_model_3_multimer_v2_pred_33.pdb,Model_1811_afm_dropout_noSM_woTemplates_model_3_multimer_v2_pred_33.pdb,1811,AFM,afm_dropout_noSM_woTemplates_multimer_v2,,3,33,afm_dropout_noSM_woTemplates_v2,,False,casp17/massivefold_external_pool_intake/h2319_t333/extracted_models/H2319_all_pdbs/Model_1811_afm_dropout_noSM_woTemplates_model_3_multimer_v2_pred_33.pdb,awaiting_extract,"MassiveFold model pool index only. It parses organizer-provided external model tarball listings and stages balanced extraction/rerank candidates. These models remain external rerank and accuracy-estimation inputs, not internal predictions, not CASP submissions, and not competitive-proof evidence."
7,H2319,H2319_T333,7959,H2319_all_pdbs/Model_1360_afm_dropout_noSM_woTemplates_model_3_multimer_v2_pred_40.pdb,Model_1360_afm_dropout_noSM_woTemplates_model_3_multimer_v2_pred_40.pdb,1360,AFM,afm_dropout_noSM_woTemplates_multimer_v2,,3,40,afm_dropout_noSM_woTemplates_v2,,False,casp17/massivefold_external_pool_intake/h2319_t333/extracted_models/H2319_all_pdbs/Model_1360_afm_dropout_noSM_woTemplates_model_3_multimer_v2_pred_40.pdb,awaiting_extract,"MassiveFold model pool index only. It parses organizer-provided external model tarball listings and stages balanced extraction/rerank candidates. These models remain external rerank and accuracy-estimation inputs, not internal predictions, not CASP submissions, and not competitive-proof evidence."
7,H2319,H2319_T333,7962,H2319_all_pdbs/Model_3861_afm_dropout_noSM_woTemplates_model_5_multimer_v2_pred_27.pdb,Model_3861_afm_dropout_noSM_woTemplates_model_5_multimer_v2_pred_27.pdb,3861,AFM,afm_dropout_noSM_woTemplates_multimer_v2,,5,27,afm_dropout_noSM_woTemplates_v2,,False,casp17/massivefold_external_pool_intake/h2319_t333/extracted_models/H2319_all_pdbs/Model_3861_afm_dropout_noSM_woTemplates_model_5_multimer_v2_pred_27.pdb,awaiting_extract,"MassiveFold model pool index only. It parses organizer-provided external model tarball listings and stages balanced extraction/rerank candidates. These models remain external rerank and accuracy-estimation inputs, not internal predictions, not CASP submissions, and not competitive-proof evidence."
7,H2319,H2319_T333,8053,H2319_all_pdbs/Model_2516_afm_dropout_noSM_woTemplates_model_1_multimer_v2_pred_40.pdb,Model_2516_afm_dropout_noSM_woTemplates_model_1_multimer_v2_pred_40.pdb,2516,AFM,afm_dropout_noSM_woTemplates_multimer_v2,,1,40,afm_dropout_noSM_woTemplates_v2,,False,casp17/massivefold_external_pool_intake/h2319_t333/extracted_models/H2319_all_pdbs/Model_2516_afm_dropout_noSM_woTemplates_model_1_multimer_v2_pred_40.pdb,awaiting_extract,"MassiveFold model pool index only. It parses organizer-provided external model tarball listings and stages balanced extraction/rerank candidates. These models remain external rerank and accuracy-estimation inputs, not internal predictions, not CASP submissions, and not competitive-proof evidence."
7,H2319,H2319_T333,8111,H2319_all_pdbs/Model_2650_afm_dropout_noSM_woTemplates_model_3_multimer_v2_pred_46.pdb,Model_2650_afm_dropout_noSM_woTemplates_model_3_multimer_v2_pred_46.pdb,2650,AFM,afm_dropout_noSM_woTemplates_multimer_v2,,3,46,afm_dropout_noSM_woTemplates_v2,,False,casp17/massivefold_external_pool_intake/h2319_t333/extracted_models/H2319_all_pdbs/Model_2650_afm_dropout_noSM_woTemplates_model_3_multimer_v2_pred_46.pdb,awaiting_extract,"MassiveFold model pool index only. It parses organizer-provided external model tarball listings and stages balanced extraction/rerank candidates. These models remain external rerank and accuracy-estimation inputs, not internal predictions, not CASP submissions, and not competitive-proof evidence."
7,H2319,H2319_T333,8114,H2319_all_pdbs/Model_2226_afm_dropout_noSM_woTemplates_model_3_multimer_v2_pred_39.pdb,Model_2226_afm_dropout_noSM_woTemplates_model_3_multimer_v2_pred_39.pdb,2226,AFM,afm_dropout_noSM_woTemplates_multimer_v2,,3,39,afm_dropout_noSM_woTemplates_v2,,False,casp17/massivefold_external_pool_intake/h2319_t333/extracted_models/H2319_all_pdbs/Model_2226_afm_dropout_noSM_woTemplates_model_3_multimer_v2_pred_39.pdb,awaiting_extract,"MassiveFold model pool index only. It parses organizer-provided external model tarball listings and stages balanced extraction/rerank candidates. These models remain external rerank and accuracy-estimation inputs, not internal predictions, not CASP submissions, and not competitive-proof evidence."
7,H2319,H2319_T333,8124,H2319_all_pdbs/Model_1299_afm_dropout_noSM_woTemplates_model_1_multimer_v2_pred_29.pdb,Model_1299_afm_dropout_noSM_woTemplates_model_1_multimer_v2_pred_29.pdb,1299,AFM,afm_dropout_noSM_woTemplates_multimer_v2,,1,29,afm_dropout_noSM_woTemplates_v2,81,True,casp17/massivefold_external_pool_intake/h2319_t333/extracted_models/H2319_all_pdbs/Model_1299_afm_dropout_noSM_woTemplates_model_1_multimer_v2_pred_29.pdb,extracted,"MassiveFold model pool index only. It parses organizer-provided external model tarball listings and stages balanced extraction/rerank candidates. These models remain external rerank and accuracy-estimation inputs, not internal predictions, not CASP submissions, and not competitive-proof evidence."
7,H2319,H2319_T333,8174,H2319_all_pdbs/Model_3427_afm_dropout_noSM_woTemplates_model_5_multimer_v2_pred_20.pdb,Model_3427_afm_dropout_noSM_woTemplates_model_5_multimer_v2_pred_20.pdb,3427,AFM,afm_dropout_noSM_woTemplates_multimer_v2,,5,20,afm_dropout_noSM_woTemplates_v2,,False,casp17/massivefold_external_pool_intake/h2319_t333/extracted_models/H2319_all_pdbs/Model_3427_afm_dropout_noSM_woTemplates_model_5_multimer_v2_pred_20.pdb,awaiting_extract,"MassiveFold model pool index only. It parses organizer-provided external model tarball listings and stages balanced extraction/rerank candidates. These models remain external rerank and accuracy-estimation inputs, not internal predictions, not CASP submissions, and not competitive-proof evidence."
7,H2319,H2319_T333,8216,H2319_all_pdbs/Model_2640_afm_dropout_noSM_woTemplates_model_5_multimer_v2_pred_32.pdb,Model_2640_afm_dropout_noSM_woTemplates_model_5_multimer_v2_pred_32.pdb,2640,AFM,afm_dropout_noSM_woTemplates_multimer_v2,,5,32,afm_dropout_noSM_woTemplates_v2,,False,casp17/massivefold_external_pool_intake/h2319_t333/extracted_models/H2319_all_pdbs/Model_2640_afm_dropout_noSM_woTemplates_model_5_multimer_v2_pred_32.pdb,awaiting_extract,"MassiveFold model pool index only. It parses organizer-provided external model tarball listings and stages balanced extraction/rerank candidates. These models remain external rerank and accuracy-estimation inputs, not internal predictions, not CASP submissions, and not competitive-proof evidence."
7,H2319,H2319_T333,8273,H2319_all_pdbs/Model_2222_afm_dropout_noSM_woTemplates_model_5_multimer_v2_pred_63.pdb,Model_2222_afm_dropout_noSM_woTemplates_model_5_multimer_v2_pred_63.pdb,2222,AFM,afm_dropout_noSM_woTemplates_multimer_v2,,5,63,afm_dropout_noSM_woTemplates_v2,,False,casp17/massivefold_external_pool_intake/h2319_t333/extracted_models/H2319_all_pdbs/Model_2222_afm_dropout_noSM_woTemplates_model_5_multimer_v2_pred_63.pdb,awaiting_extract,"MassiveFold model pool index only. It parses organizer-provided external model tarball listings and stages balanced extraction/rerank candidates. These models remain external rerank and accuracy-estimation inputs, not internal predictions, not CASP submissions, and not competitive-proof evidence."
7,H2319,H2319_T333,8354,H2319_all_pdbs/Model_2797_afm_dropout_noSM_woTemplates_model_3_multimer_v2_pred_16.pdb,Model_2797_afm_dropout_noSM_woTemplates_model_3_multimer_v2_pred_16.pdb,2797,AFM,afm_dropout_noSM_woTemplates_multimer_v2,,3,16,afm_dropout_noSM_woTemplates_v2,,False,casp17/massivefold_external_pool_intake/h2319_t333/extracted_models/H2319_all_pdbs/Model_2797_afm_dropout_noSM_woTemplates_model_3_multimer_v2_pred_16.pdb,awaiting_extract,"MassiveFold model pool index only. It parses organizer-provided external model tarball listings and stages balanced extraction/rerank candidates. These models remain external rerank and accuracy-estimation inputs, not internal predictions, not CASP submissions, and not competitive-proof evidence."
7,H2319,H2319_T333,8362,H2319_all_pdbs/Model_4043_afm_dropout_noSM_woTemplates_model_2_multimer_v2_pred_17.pdb,Model_4043_afm_dropout_noSM_woTemplates_model_2_multimer_v2_pred_17.pdb,4043,AFM,afm_dropout_noSM_woTemplates_multimer_v2,,2,17,afm_dropout_noSM_woTemplates_v2,,False,casp17/massivefold_external_pool_intake/h2319_t333/extracted_models/H2319_all_pdbs/Model_4043_afm_dropout_noSM_woTemplates_model_2_multimer_v2_pred_17.pdb,awaiting_extract,"MassiveFold model pool index only. It parses organizer-provided external model tarball listings and stages balanced extraction/rerank candidates. These models remain external rerank and accuracy-estimation inputs, not internal predictions, not CASP submissions, and not competitive-proof evidence."
7,H2319,H2319_T333,8395,H2319_all_pdbs/Model_2247_afm_dropout_noSM_woTemplates_model_4_multimer_v2_pred_6.pdb,Model_2247_afm_dropout_noSM_woTemplates_model_4_multimer_v2_pred_6.pdb,2247,AFM,afm_dropout_noSM_woTemplates_multimer_v2,,4,6,afm_dropout_noSM_woTemplates_v2,,False,casp17/massivefold_external_pool_intake/h2319_t333/extracted_models/H2319_all_pdbs/Model_2247_afm_dropout_noSM_woTemplates_model_4_multimer_v2_pred_6.pdb,awaiting_extract,"MassiveFold model pool index only. It parses organizer-provided external model tarball listings and stages balanced extraction/rerank candidates. These models remain external rerank and accuracy-estimation inputs, not internal predictions, not CASP submissions, and not competitive-proof evidence."
7,H2319,H2319_T333,8448,H2319_all_pdbs/Model_4106_afm_dropout_noSM_woTemplates_model_5_multimer_v2_pred_22.pdb,Model_4106_afm_dropout_noSM_woTemplates_model_5_multimer_v2_pred_22.pdb,4106,AFM,afm_dropout_noSM_woTemplates_multimer_v2,,5,22,afm_dropout_noSM_woTemplates_v2,,False,casp17/massivefold_external_pool_intake/h2319_t333/extracted_models/H2319_all_pdbs/Model_4106_afm_dropout_noSM_woTemplates_model_5_multimer_v2_pred_22.pdb,awaiting_extract,"MassiveFold model pool index only. It parses organizer-provided external model tarball listings and stages balanced extraction/rerank candidates. These models remain external rerank and accuracy-estimation inputs, not internal predictions, not CASP submissions, and not competitive-proof evidence."
7,H2319,H2319_T333,8503,H2319_all_pdbs/Model_2396_afm_dropout_noSM_woTemplates_model_4_multimer_v2_pred_48.pdb,Model_2396_afm_dropout_noSM_woTemplates_model_4_multimer_v2_pred_48.pdb,2396,AFM,afm_dropout_noSM_woTemplates_multimer_v2,,4,48,afm_dropout_noSM_woTemplates_v2,,False,casp17/massivefold_external_pool_intake/h2319_t333/extracted_models/H2319_all_pdbs/Model_2396_afm_dropout_noSM_woTemplates_model_4_multimer_v2_pred_48.pdb,awaiting_extract,"MassiveFold model pool index only. It parses organizer-provided external model tarball listings and stages balanced extraction/rerank candidates. These models remain external rerank and accuracy-estimation inputs, not internal predictions, not CASP submissions, and not competitive-proof evidence."
7,H2319,H2319_T333,8519,H2319_all_pdbs/Model_4188_afm_dropout_noSM_woTemplates_model_2_multimer_v2_pred_24.pdb,Model_4188_afm_dropout_noSM_woTemplates_model_2_multimer_v2_pred_24.pdb,4188,AFM,afm_dropout_noSM_woTemplates_multimer_v2,,2,24,afm_dropout_noSM_woTemplates_v2,,False,casp17/massivefold_external_pool_intake/h2319_t333/extracted_models/H2319_all_pdbs/Model_4188_afm_dropout_noSM_woTemplates_model_2_multimer_v2_pred_24.pdb,awaiting_extract,"MassiveFold model pool index only. It parses organizer-provided external model tarball listings and stages balanced extraction/rerank candidates. These models remain external rerank and accuracy-estimation inputs, not internal predictions, not CASP submissions, and not competitive-proof evidence."
7,H2319,H2319_T333,8541,H2319_all_pdbs/Model_2560_afm_dropout_noSM_woTemplates_model_5_multimer_v2_pred_31.pdb,Model_2560_afm_dropout_noSM_woTemplates_model_5_multimer_v2_pred_31.pdb,2560,AFM,afm_dropout_noSM_woTemplates_multimer_v2,,5,31,afm_dropout_noSM_woTemplates_v2,,False,casp17/massivefold_external_pool_intake/h2319_t333/extracted_models/H2319_all_pdbs/Model_2560_afm_dropout_noSM_woTemplates_model_5_multimer_v2_pred_31.pdb,awaiting_extract,"MassiveFold model pool index only. It parses organizer-provided external model tarball listings and stages balanced extraction/rerank candidates. These models remain external rerank and accuracy-estimation inputs, not internal predictions, not CASP submissions, and not competitive-proof evidence."
7,H2319,H2319_T333,8621,H2319_all_pdbs/Model_3995_afm_dropout_noSM_woTemplates_model_2_multimer_v2_pred_0.pdb,Model_3995_afm_dropout_noSM_woTemplates_model_2_multimer_v2_pred_0.pdb,3995,AFM,afm_dropout_noSM_woTemplates_multimer_v2,,2,0,afm_dropout_noSM_woTemplates_v2,,False,casp17/massivefold_external_pool_intake/h2319_t333/extracted_models/H2319_all_pdbs/Model_3995_afm_dropout_noSM_woTemplates_model_2_multimer_v2_pred_0.pdb,awaiting_extract,"MassiveFold model pool index only. It parses organizer-provided external model tarball listings and stages balanced extraction/rerank candidates. These models remain external rerank and accuracy-estimation inputs, not internal predictions, not CASP submissions, and not competitive-proof evidence."
7,H2319,H2319_T333,8717,H2319_all_pdbs/Model_1402_afm_dropout_noSM_woTemplates_model_3_multimer_v2_pred_49.pdb,Model_1402_afm_dropout_noSM_woTemplates_model_3_multimer_v2_pred_49.pdb,1402,AFM,afm_dropout_noSM_woTemplates_multimer_v2,,3,49,afm_dropout_noSM_woTemplates_v2,,False,casp17/massivefold_external_pool_intake/h2319_t333/extracted_models/H2319_all_pdbs/Model_1402_afm_dropout_noSM_woTemplates_model_3_multimer_v2_pred_49.pdb,awaiting_extract,"MassiveFold model pool index only. It parses organizer-provided external model tarball listings and stages balanced extraction/rerank candidates. These models remain external rerank and accuracy-estimation inputs, not internal predictions, not CASP submissions, and not competitive-proof evidence."
7,H2319,H2319_T333,8734,H2319_all_pdbs/Model_2264_afm_dropout_noSM_woTemplates_model_4_multimer_v2_pred_38.pdb,Model_2264_afm_dropout_noSM_woTemplates_model_4_multimer_v2_pred_38.pdb,2264,AFM,afm_dropout_noSM_woTemplates_multimer_v2,,4,38,afm_dropout_noSM_woTemplates_v2,,False,casp17/massivefold_external_pool_intake/h2319_t333/extracted_models/H2319_all_pdbs/Model_2264_afm_dropout_noSM_woTemplates_model_4_multimer_v2_pred_38.pdb,awaiting_extract,"MassiveFold model pool index only. It parses organizer-provided external model tarball listings and stages balanced extraction/rerank candidates. These models remain external rerank and accuracy-estimation inputs, not internal predictions, not CASP submissions, and not competitive-proof evidence."
7,H2319,H2319_T333,8768,H2319_all_pdbs/Model_1903_afm_dropout_noSM_woTemplates_model_5_multimer_v2_pred_13.pdb,Model_1903_afm_dropout_noSM_woTemplates_model_5_multimer_v2_pred_13.pdb,1903,AFM,afm_dropout_noSM_woTemplates_multimer_v2,,5,13,afm_dropout_noSM_woTemplates_v2,,False,casp17/massivefold_external_pool_intake/h2319_t333/extracted_models/H2319_all_pdbs/Model_1903_afm_dropout_noSM_woTemplates_model_5_multimer_v2_pred_13.pdb,awaiting_extract,"MassiveFold model pool index only. It parses organizer-provided external model tarball listings and stages balanced extraction/rerank candidates. These models remain external rerank and accuracy-estimation inputs, not internal predictions, not CASP submissions, and not competitive-proof evidence."
7,H2319,H2319_T333,8791,H2319_all_pdbs/Model_3235_afm_dropout_noSM_woTemplates_model_4_multimer_v2_pred_8.pdb,Model_3235_afm_dropout_noSM_woTemplates_model_4_multimer_v2_pred_8.pdb,3235,AFM,afm_dropout_noSM_woTemplates_multimer_v2,,4,8,afm_dropout_noSM_woTemplates_v2,,False,casp17/massivefold_external_pool_intake/h2319_t333/extracted_models/H2319_all_pdbs/Model_3235_afm_dropout_noSM_woTemplates_model_4_multimer_v2_pred_8.pdb,awaiting_extract,"MassiveFold model pool index only. It parses organizer-provided external model tarball listings and stages balanced extraction/rerank candidates. These models remain external rerank and accuracy-estimation inputs, not internal predictions, not CASP submissions, and not competitive-proof evidence."
7,H2319,H2319_T333,8834,H2319_all_pdbs/Model_2072_afm_dropout_noSM_woTemplates_model_1_multimer_v2_pred_55.pdb,Model_2072_afm_dropout_noSM_woTemplates_model_1_multimer_v2_pred_55.pdb,2072,AFM,afm_dropout_noSM_woTemplates_multimer_v2,,1,55,afm_dropout_noSM_woTemplates_v2,,False,casp17/massivefold_external_pool_intake/h2319_t333/extracted_models/H2319_all_pdbs/Model_2072_afm_dropout_noSM_woTemplates_model_1_multimer_v2_pred_55.pdb,awaiting_extract,"MassiveFold model pool index only. It parses organizer-provided external model tarball listings and stages balanced extraction/rerank candidates. These models remain external rerank and accuracy-estimation inputs, not internal predictions, not CASP submissions, and not competitive-proof evidence."
7,H2319,H2319_T333,8839,H2319_all_pdbs/Model_1651_afm_dropout_noSM_woTemplates_model_4_multimer_v2_pred_47.pdb,Model_1651_afm_dropout_noSM_woTemplates_model_4_multimer_v2_pred_47.pdb,1651,AFM,afm_dropout_noSM_woTemplates_multimer_v2,,4,47,afm_dropout_noSM_woTemplates_v2,,False,casp17/massivefold_external_pool_intake/h2319_t333/extracted_models/H2319_all_pdbs/Model_1651_afm_dropout_noSM_woTemplates_model_4_multimer_v2_pred_47.pdb,awaiting_extract,"MassiveFold model pool index only. It parses organizer-provided external model tarball listings and stages balanced extraction/rerank candidates. These models remain external rerank and accuracy-estimation inputs, not internal predictions, not CASP submissions, and not competitive-proof evidence."
7,H2319,H2319_T333,8853,H2319_all_pdbs/Model_3942_afm_dropout_noSM_woTemplates_model_2_multimer_v2_pred_57.pdb,Model_3942_afm_dropout_noSM_woTemplates_model_2_multimer_v2_pred_57.pdb,3942,AFM,afm_dropout_noSM_woTemplates_multimer_v2,,2,57,afm_dropout_noSM_woTemplates_v2,,False,casp17/massivefold_external_pool_intake/h2319_t333/extracted_models/H2319_all_pdbs/Model_3942_afm_dropout_noSM_woTemplates_model_2_multimer_v2_pred_57.pdb,awaiting_extract,"MassiveFold model pool index only. It parses organizer-provided external model tarball listings and stages balanced extraction/rerank candidates. These models remain external rerank and accuracy-estimation inputs, not internal predictions, not CASP submissions, and not competitive-proof evidence."
7,H2319,H2319_T333,8902,H2319_all_pdbs/Model_4044_afm_dropout_noSM_woTemplates_model_2_multimer_v2_pred_54.pdb,Model_4044_afm_dropout_noSM_woTemplates_model_2_multimer_v2_pred_54.pdb,4044,AFM,afm_dropout_noSM_woTemplates_multimer_v2,,2,54,afm_dropout_noSM_woTemplates_v2,,False,casp17/massivefold_external_pool_intake/h2319_t333/extracted_models/H2319_all_pdbs/Model_4044_afm_dropout_noSM_woTemplates_model_2_multimer_v2_pred_54.pdb,awaiting_extract,"MassiveFold model pool index only. It parses organizer-provided external model tarball listings and stages balanced extraction/rerank candidates. These models remain external rerank and accuracy-estimation inputs, not internal predictions, not CASP submissions, and not competitive-proof evidence."
7,H2319,H2319_T333,8918,H2319_all_pdbs/Model_2616_afm_dropout_noSM_woTemplates_model_3_multimer_v2_pred_23.pdb,Model_2616_afm_dropout_noSM_woTemplates_model_3_multimer_v2_pred_23.pdb,2616,AFM,afm_dropout_noSM_woTemplates_multimer_v2,,3,23,afm_dropout_noSM_woTemplates_v2,,False,casp17/massivefold_external_pool_intake/h2319_t333/extracted_models/H2319_all_pdbs/Model_2616_afm_dropout_noSM_woTemplates_model_3_multimer_v2_pred_23.pdb,awaiting_extract,"MassiveFold model pool index only. It parses organizer-provided external model tarball listings and stages balanced extraction/rerank candidates. These models remain external rerank and accuracy-estimation inputs, not internal predictions, not CASP submissions, and not competitive-proof evidence."
7,H2319,H2319_T333,8950,H2319_all_pdbs/Model_1621_afm_dropout_noSM_woTemplates_model_4_multimer_v2_pred_31.pdb,Model_1621_afm_dropout_noSM_woTemplates_model_4_multimer_v2_pred_31.pdb,1621,AFM,afm_dropout_noSM_woTemplates_multimer_v2,,4,31,afm_dropout_noSM_woTemplates_v2,,False,casp17/massivefold_external_pool_intake/h2319_t333/extracted_models/H2319_all_pdbs/Model_1621_afm_dropout_noSM_woTemplates_model_4_multimer_v2_pred_31.pdb,awaiting_extract,"MassiveFold model pool index only. It parses organizer-provided external model tarball listings and stages balanced extraction/rerank candidates. These models remain external rerank and accuracy-estimation inputs, not internal predictions, not CASP submissions, and not competitive-proof evidence."
7,H2319,H2319_T333,9136,H2319_all_pdbs/Model_2385_afm_dropout_noSM_woTemplates_model_4_multimer_v2_pred_46.pdb,Model_2385_afm_dropout_noSM_woTemplates_model_4_multimer_v2_pred_46.pdb,2385,AFM,afm_dropout_noSM_woTemplates_multimer_v2,,4,46,afm_dropout_noSM_woTemplates_v2,,False,casp17/massivefold_external_pool_intake/h2319_t333/extracted_models/H2319_all_pdbs/Model_2385_afm_dropout_noSM_woTemplates_model_4_multimer_v2_pred_46.pdb,awaiting_extract,"MassiveFold model pool index only. It parses organizer-provided external model tarball listings and stages balanced extraction/rerank candidates. These models remain external rerank and accuracy-estimation inputs, not internal predictions, not CASP submissions, and not competitive-proof evidence."
7,H2319,H2319_T333,9244,H2319_all_pdbs/Model_3605_afm_dropout_noSM_woTemplates_model_5_multimer_v2_pred_3.pdb,Model_3605_afm_dropout_noSM_woTemplates_model_5_multimer_v2_pred_3.pdb,3605,AFM,afm_dropout_noSM_woTemplates_multimer_v2,,5,3,afm_dropout_noSM_woTemplates_v2,,False,casp17/massivefold_external_pool_intake/h2319_t333/extracted_models/H2319_all_pdbs/Model_3605_afm_dropout_noSM_woTemplates_model_5_multimer_v2_pred_3.pdb,awaiting_extract,"MassiveFold model pool index only. It parses organizer-provided external model tarball listings and stages balanced extraction/rerank candidates. These models remain external rerank and accuracy-estimation inputs, not internal predictions, not CASP submissions, and not competitive-proof evidence."
7,H2319,H2319_T333,9408,H2319_all_pdbs/Model_2298_afm_dropout_noSM_woTemplates_model_5_multimer_v2_pred_64.pdb,Model_2298_afm_dropout_noSM_woTemplates_model_5_multimer_v2_pred_64.pdb,2298,AFM,afm_dropout_noSM_woTemplates_multimer_v2,,5,64,afm_dropout_noSM_woTemplates_v2,,False,casp17/massivefold_external_pool_intake/h2319_t333/extracted_models/H2319_all_pdbs/Model_2298_afm_dropout_noSM_woTemplates_model_5_multimer_v2_pred_64.pdb,awaiting_extract,"MassiveFold model pool index only. It parses organizer-provided external model tarball listings and stages balanced extraction/rerank candidates. These models remain external rerank and accuracy-estimation inputs, not internal predictions, not CASP submissions, and not competitive-proof evidence."
7,H2319,H2319_T333,9438,H2319_all_pdbs/Model_3339_afm_dropout_noSM_woTemplates_model_4_multimer_v2_pred_13.pdb,Model_3339_afm_dropout_noSM_woTemplates_model_4_multimer_v2_pred_13.pdb,3339,AFM,afm_dropout_noSM_woTemplates_multimer_v2,,4,13,afm_dropout_noSM_woTemplates_v2,,False,casp17/massivefold_external_pool_intake/h2319_t333/extracted_models/H2319_all_pdbs/Model_3339_afm_dropout_noSM_woTemplates_model_4_multimer_v2_pred_13.pdb,awaiting_extract,"MassiveFold model pool index only. It parses organizer-provided external model tarball listings and stages balanced extraction/rerank candidates. These models remain external rerank and accuracy-estimation inputs, not internal predictions, not CASP submissions, and not competitive-proof evidence."
7,H2319,H2319_T333,9441,H2319_all_pdbs/Model_4081_afm_dropout_noSM_woTemplates_model_2_multimer_v2_pred_63.pdb,Model_4081_afm_dropout_noSM_woTemplates_model_2_multimer_v2_pred_63.pdb,4081,AFM,afm_dropout_noSM_woTemplates_multimer_v2,,2,63,afm_dropout_noSM_woTemplates_v2,,False,casp17/massivefold_external_pool_intake/h2319_t333/extracted_models/H2319_all_pdbs/Model_4081_afm_dropout_noSM_woTemplates_model_2_multimer_v2_pred_63.pdb,awaiting_extract,"MassiveFold model pool index only. It parses organizer-provided external model tarball listings and stages balanced extraction/rerank candidates. These models remain external rerank and accuracy-estimation inputs, not internal predictions, not CASP submissions, and not competitive-proof evidence."
7,H2319,H2319_T333,9515,H2319_all_pdbs/Model_3093_afm_dropout_noSM_woTemplates_model_5_multimer_v2_pred_44.pdb,Model_3093_afm_dropout_noSM_woTemplates_model_5_multimer_v2_pred_44.pdb,3093,AFM,afm_dropout_noSM_woTemplates_multimer_v2,,5,44,afm_dropout_noSM_woTemplates_v2,,False,casp17/massivefold_external_pool_intake/h2319_t333/extracted_models/H2319_all_pdbs/Model_3093_afm_dropout_noSM_woTemplates_model_5_multimer_v2_pred_44.pdb,awaiting_extract,"MassiveFold model pool index only. It parses organizer-provided external model tarball listings and stages balanced extraction/rerank candidates. These models remain external rerank and accuracy-estimation inputs, not internal predictions, not CASP submissions, and not competitive-proof evidence."
7,H2319,H2319_T333,9565,H2319_all_pdbs/Model_3074_afm_dropout_noSM_woTemplates_model_2_multimer_v2_pred_33.pdb,Model_3074_afm_dropout_noSM_woTemplates_model_2_multimer_v2_pred_33.pdb,3074,AFM,afm_dropout_noSM_woTemplates_multimer_v2,,2,33,afm_dropout_noSM_woTemplates_v2,,False,casp17/massivefold_external_pool_intake/h2319_t333/extracted_models/H2319_all_pdbs/Model_3074_afm_dropout_noSM_woTemplates_model_2_multimer_v2_pred_33.pdb,awaiting_extract,"MassiveFold model pool index only. It parses organizer-provided external model tarball listings and stages balanced extraction/rerank candidates. These models remain external rerank and accuracy-estimation inputs, not internal predictions, not CASP submissions, and not competitive-proof evidence."
7,H2319,H2319_T333,9646,H2319_all_pdbs/Model_3753_afm_dropout_noSM_woTemplates_model_5_multimer_v2_pred_10.pdb,Model_3753_afm_dropout_noSM_woTemplates_model_5_multimer_v2_pred_10.pdb,3753,AFM,afm_dropout_noSM_woTemplates_multimer_v2,,5,10,afm_dropout_noSM_woTemplates_v2,,False,casp17/massivefold_external_pool_intake/h2319_t333/extracted_models/H2319_all_pdbs/Model_3753_afm_dropout_noSM_woTemplates_model_5_multimer_v2_pred_10.pdb,awaiting_extract,"MassiveFold model pool index only. It parses organizer-provided external model tarball listings and stages balanced extraction/rerank candidates. These models remain external rerank and accuracy-estimation inputs, not internal predictions, not CASP submissions, and not competitive-proof evidence."
7,H2319,H2319_T333,9697,H2319_all_pdbs/Model_1927_afm_dropout_noSM_woTemplates_model_1_multimer_v2_pred_31.pdb,Model_1927_afm_dropout_noSM_woTemplates_model_1_multimer_v2_pred_31.pdb,1927,AFM,afm_dropout_noSM_woTemplates_multimer_v2,,1,31,afm_dropout_noSM_woTemplates_v2,,False,casp17/massivefold_external_pool_intake/h2319_t333/extracted_models/H2319_all_pdbs/Model_1927_afm_dropout_noSM_woTemplates_model_1_multimer_v2_pred_31.pdb,awaiting_extract,"MassiveFold model pool index only. It parses organizer-provided external model tarball listings and stages balanced extraction/rerank candidates. These models remain external rerank and accuracy-estimation inputs, not internal predictions, not CASP submissions, and not competitive-proof evidence."
7,H2319,H2319_T333,9699,H2319_all_pdbs/Model_3772_afm_dropout_noSM_woTemplates_model_2_multimer_v2_pred_59.pdb,Model_3772_afm_dropout_noSM_woTemplates_model_2_multimer_v2_pred_59.pdb,3772,AFM,afm_dropout_noSM_woTemplates_multimer_v2,,2,59,afm_dropout_noSM_woTemplates_v2,,False,casp17/massivefold_external_pool_intake/h2319_t333/extracted_models/H2319_all_pdbs/Model_3772_afm_dropout_noSM_woTemplates_model_2_multimer_v2_pred_59.pdb,awaiting_extract,"MassiveFold model pool index only. It parses organizer-provided external model tarball listings and stages balanced extraction/rerank candidates. These models remain external rerank and accuracy-estimation inputs, not internal predictions, not CASP submissions, and not competitive-proof evidence."
7,H2319,H2319_T333,9717,H2319_all_pdbs/Model_3899_afm_dropout_noSM_woTemplates_model_2_multimer_v2_pred_37.pdb,Model_3899_afm_dropout_noSM_woTemplates_model_2_multimer_v2_pred_37.pdb,3899,AFM,afm_dropout_noSM_woTemplates_multimer_v2,,2,37,afm_dropout_noSM_woTemplates_v2,,False,casp17/massivefold_external_pool_intake/h2319_t333/extracted_models/H2319_all_pdbs/Model_3899_afm_dropout_noSM_woTemplates_model_2_multimer_v2_pred_37.pdb,awaiting_extract,"MassiveFold model pool index only. It parses organizer-provided external model tarball listings and stages balanced extraction/rerank candidates. These models remain external rerank and accuracy-estimation inputs, not internal predictions, not CASP submissions, and not competitive-proof evidence."
7,H2319,H2319_T333,9729,H2319_all_pdbs/Model_1942_afm_dropout_noSM_woTemplates_model_5_multimer_v2_pred_48.pdb,Model_1942_afm_dropout_noSM_woTemplates_model_5_multimer_v2_pred_48.pdb,1942,AFM,afm_dropout_noSM_woTemplates_multimer_v2,,5,48,afm_dropout_noSM_woTemplates_v2,,False,casp17/massivefold_external_pool_intake/h2319_t333/extracted_models/H2319_all_pdbs/Model_1942_afm_dropout_noSM_woTemplates_model_5_multimer_v2_pred_48.pdb,awaiting_extract,"MassiveFold model pool index only. It parses organizer-provided external model tarball listings and stages balanced extraction/rerank candidates. These models remain external rerank and accuracy-estimation inputs, not internal predictions, not CASP submissions, and not competitive-proof evidence."
7,H2319,H2319_T333,9731,H2319_all_pdbs/Model_1369_afm_dropout_noSM_woTemplates_model_3_multimer_v2_pred_32.pdb,Model_1369_afm_dropout_noSM_woTemplates_model_3_multimer_v2_pred_32.pdb,1369,AFM,afm_dropout_noSM_woTemplates_multimer_v2,,3,32,afm_dropout_noSM_woTemplates_v2,,False,casp17/massivefold_external_pool_intake/h2319_t333/extracted_models/H2319_all_pdbs/Model_1369_afm_dropout_noSM_woTemplates_model_3_multimer_v2_pred_32.pdb,awaiting_extract,"MassiveFold model pool index only. It parses organizer-provided external model tarball listings and stages balanced extraction/rerank candidates. These models remain external rerank and accuracy-estimation inputs, not internal predictions, not CASP submissions, and not competitive-proof evidence."
7,H2319,H2319_T333,9767,H2319_all_pdbs/Model_3944_afm_dropout_noSM_woTemplates_model_2_multimer_v2_pred_8.pdb,Model_3944_afm_dropout_noSM_woTemplates_model_2_multimer_v2_pred_8.pdb,3944,AFM,afm_dropout_noSM_woTemplates_multimer_v2,,2,8,afm_dropout_noSM_woTemplates_v2,,False,casp17/massivefold_external_pool_intake/h2319_t333/extracted_models/H2319_all_pdbs/Model_3944_afm_dropout_noSM_woTemplates_model_2_multimer_v2_pred_8.pdb,awaiting_extract,"MassiveFold model pool index only. It parses organizer-provided external model tarball listings and stages balanced extraction/rerank candidates. These models remain external rerank and accuracy-estimation inputs, not internal predictions, not CASP submissions, and not competitive-proof evidence."
7,H2319,H2319_T333,9824,H2319_all_pdbs/Model_1319_afm_dropout_noSM_woTemplates_model_1_multimer_v2_pred_14.pdb,Model_1319_afm_dropout_noSM_woTemplates_model_1_multimer_v2_pred_14.pdb,1319,AFM,afm_dropout_noSM_woTemplates_multimer_v2,,1,14,afm_dropout_noSM_woTemplates_v2,,False,casp17/massivefold_external_pool_intake/h2319_t333/extracted_models/H2319_all_pdbs/Model_1319_afm_dropout_noSM_woTemplates_model_1_multimer_v2_pred_14.pdb,awaiting_extract,"MassiveFold model pool index only. It parses organizer-provided external model tarball listings and stages balanced extraction/rerank candidates. These models remain external rerank and accuracy-estimation inputs, not internal predictions, not CASP submissions, and not competitive-proof evidence."
7,H2319,H2319_T333,9884,H2319_all_pdbs/Model_3672_afm_dropout_noSM_woTemplates_model_1_multimer_v2_pred_47.pdb,Model_3672_afm_dropout_noSM_woTemplates_model_1_multimer_v2_pred_47.pdb,3672,AFM,afm_dropout_noSM_woTemplates_multimer_v2,,1,47,afm_dropout_noSM_woTemplates_v2,,False,casp17/massivefold_external_pool_intake/h2319_t333/extracted_models/H2319_all_pdbs/Model_3672_afm_dropout_noSM_woTemplates_model_1_multimer_v2_pred_47.pdb,awaiting_extract,"MassiveFold model pool index only. It parses organizer-provided external model tarball listings and stages balanced extraction/rerank candidates. These models remain external rerank and accuracy-estimation inputs, not internal predictions, not CASP submissions, and not competitive-proof evidence."
7,H2319,H2319_T333,9952,H2319_all_pdbs/Model_4390_afm_dropout_noSM_woTemplates_model_2_multimer_v2_pred_12.pdb,Model_4390_afm_dropout_noSM_woTemplates_model_2_multimer_v2_pred_12.pdb,4390,AFM,afm_dropout_noSM_woTemplates_multimer_v2,,2,12,afm_dropout_noSM_woTemplates_v2,,False,casp17/massivefold_external_pool_intake/h2319_t333/extracted_models/H2319_all_pdbs/Model_4390_afm_dropout_noSM_woTemplates_model_2_multimer_v2_pred_12.pdb,awaiting_extract,"MassiveFold model pool index only. It parses organizer-provided external model tarball listings and stages balanced extraction/rerank candidates. These models remain external rerank and accuracy-estimation inputs, not internal predictions, not CASP submissions, and not competitive-proof evidence."
7,H2319,H2319_T333,9974,H2319_all_pdbs/Model_2276_afm_dropout_noSM_woTemplates_model_4_multimer_v2_pred_15.pdb,Model_2276_afm_dropout_noSM_woTemplates_model_4_multimer_v2_pred_15.pdb,2276,AFM,afm_dropout_noSM_woTemplates_multimer_v2,,4,15,afm_dropout_noSM_woTemplates_v2,,False,casp17/massivefold_external_pool_intake/h2319_t333/extracted_models/H2319_all_pdbs/Model_2276_afm_dropout_noSM_woTemplates_model_4_multimer_v2_pred_15.pdb,awaiting_extract,"MassiveFold model pool index only. It parses organizer-provided external model tarball listings and stages balanced extraction/rerank candidates. These models remain external rerank and accuracy-estimation inputs, not internal predictions, not CASP submissions, and not competitive-proof evidence."
7,H2319,H2319_T333,9999,H2319_all_pdbs/Model_2135_afm_dropout_noSM_woTemplates_model_5_multimer_v2_pred_28.pdb,Model_2135_afm_dropout_noSM_woTemplates_model_5_multimer_v2_pred_28.pdb,2135,AFM,afm_dropout_noSM_woTemplates_multimer_v2,,5,28,afm_dropout_noSM_woTemplates_v2,,False,casp17/massivefold_external_pool_intake/h2319_t333/extracted_models/H2319_all_pdbs/Model_2135_afm_dropout_noSM_woTemplates_model_5_multimer_v2_pred_28.pdb,awaiting_extract,"MassiveFold model pool index only. It parses organizer-provided external model tarball listings and stages balanced extraction/rerank candidates. These models remain external rerank and accuracy-estimation inputs, not internal predictions, not CASP submissions, and not competitive-proof evidence."
7,H2319,H2319_T333,10045,H2319_all_pdbs/Model_1653_afm_dropout_noSM_woTemplates_model_1_multimer_v2_pred_44.pdb,Model_1653_afm_dropout_noSM_woTemplates_model_1_multimer_v2_pred_44.pdb,1653,AFM,afm_dropout_noSM_woTemplates_multimer_v2,,1,44,afm_dropout_noSM_woTemplates_v2,,False,casp17/massivefold_external_pool_intake/h2319_t333/extracted_models/H2319_all_pdbs/Model_1653_afm_dropout_noSM_woTemplates_model_1_multimer_v2_pred_44.pdb,awaiting_extract,"MassiveFold model pool index only. It parses organizer-provided external model tarball listings and stages balanced extraction/rerank candidates. These models remain external rerank and accuracy-estimation inputs, not internal predictions, not CASP submissions, and not competitive-proof evidence."
7,H2319,H2319_T333,10096,H2319_all_pdbs/Model_3886_afm_dropout_noSM_woTemplates_model_2_multimer_v2_pred_10.pdb,Model_3886_afm_dropout_noSM_woTemplates_model_2_multimer_v2_pred_10.pdb,3886,AFM,afm_dropout_noSM_woTemplates_multimer_v2,,2,10,afm_dropout_noSM_woTemplates_v2,,False,casp17/massivefold_external_pool_intake/h2319_t333/extracted_models/H2319_all_pdbs/Model_3886_afm_dropout_noSM_woTemplates_model_2_multimer_v2_pred_10.pdb,awaiting_extract,"MassiveFold model pool index only. It parses organizer-provided external model tarball listings and stages balanced extraction/rerank candidates. These models remain external rerank and accuracy-estimation inputs, not internal predictions, not CASP submissions, and not competitive-proof evidence."
7,H2319,H2319_T333,10099,H2319_all_pdbs/Model_1935_afm_dropout_noSM_woTemplates_model_4_multimer_v2_pred_14.pdb,Model_1935_afm_dropout_noSM_woTemplates_model_4_multimer_v2_pred_14.pdb,1935,AFM,afm_dropout_noSM_woTemplates_multimer_v2,,4,14,afm_dropout_noSM_woTemplates_v2,,False,casp17/massivefold_external_pool_intake/h2319_t333/extracted_models/H2319_all_pdbs/Model_1935_afm_dropout_noSM_woTemplates_model_4_multimer_v2_pred_14.pdb,awaiting_extract,"MassiveFold model pool index only. It parses organizer-provided external model tarball listings and stages balanced extraction/rerank candidates. These models remain external rerank and accuracy-estimation inputs, not internal predictions, not CASP submissions, and not competitive-proof evidence."
7,H2319,H2319_T333,10185,H2319_all_pdbs/Model_3066_afm_dropout_noSM_woTemplates_model_1_multimer_v2_pred_63.pdb,Model_3066_afm_dropout_noSM_woTemplates_model_1_multimer_v2_pred_63.pdb,3066,AFM,afm_dropout_noSM_woTemplates_multimer_v2,,1,63,afm_dropout_noSM_woTemplates_v2,,False,casp17/massivefold_external_pool_intake/h2319_t333/extracted_models/H2319_all_pdbs/Model_3066_afm_dropout_noSM_woTemplates_model_1_multimer_v2_pred_63.pdb,awaiting_extract,"MassiveFold model pool index only. It parses organizer-provided external model tarball listings and stages balanced extraction/rerank candidates. These models remain external rerank and accuracy-estimation inputs, not internal predictions, not CASP submissions, and not competitive-proof evidence."
7,H2319,H2319_T333,10208,H2319_all_pdbs/Model_1418_afm_dropout_noSM_woTemplates_model_1_multimer_v2_pred_18.pdb,Model_1418_afm_dropout_noSM_woTemplates_model_1_multimer_v2_pred_18.pdb,1418,AFM,afm_dropout_noSM_woTemplates_multimer_v2,,1,18,afm_dropout_noSM_woTemplates_v2,,False,casp17/massivefold_external_pool_intake/h2319_t333/extracted_models/H2319_all_pdbs/Model_1418_afm_dropout_noSM_woTemplates_model_1_multimer_v2_pred_18.pdb,awaiting_extract,"MassiveFold model pool index only. It parses organizer-provided external model tarball listings and stages balanced extraction/rerank candidates. These models remain external rerank and accuracy-estimation inputs, not internal predictions, not CASP submissions, and not competitive-proof evidence."
7,H2319,H2319_T333,10251,H2319_all_pdbs/Model_2684_afm_dropout_noSM_woTemplates_model_5_multimer_v2_pred_26.pdb,Model_2684_afm_dropout_noSM_woTemplates_model_5_multimer_v2_pred_26.pdb,2684,AFM,afm_dropout_noSM_woTemplates_multimer_v2,,5,26,afm_dropout_noSM_woTemplates_v2,,False,casp17/massivefold_external_pool_intake/h2319_t333/extracted_models/H2319_all_pdbs/Model_2684_afm_dropout_noSM_woTemplates_model_5_multimer_v2_pred_26.pdb,awaiting_extract,"MassiveFold model pool index only. It parses organizer-provided external model tarball listings and stages balanced extraction/rerank candidates. These models remain external rerank and accuracy-estimation inputs, not internal predictions, not CASP submissions, and not competitive-proof evidence."
7,H2319,H2319_T333,10268,H2319_all_pdbs/Model_2093_afm_dropout_noSM_woTemplates_model_3_multimer_v2_pred_4.pdb,Model_2093_afm_dropout_noSM_woTemplates_model_3_multimer_v2_pred_4.pdb,2093,AFM,afm_dropout_noSM_woTemplates_multimer_v2,,3,4,afm_dropout_noSM_woTemplates_v2,,False,casp17/massivefold_external_pool_intake/h2319_t333/extracted_models/H2319_all_pdbs/Model_2093_afm_dropout_noSM_woTemplates_model_3_multimer_v2_pred_4.pdb,awaiting_extract,"MassiveFold model pool index only. It parses organizer-provided external model tarball listings and stages balanced extraction/rerank candidates. These models remain external rerank and accuracy-estimation inputs, not internal predictions, not CASP submissions, and not competitive-proof evidence."
7,H2319,H2319_T333,10303,H2319_all_pdbs/Model_3181_afm_dropout_noSM_woTemplates_model_4_multimer_v2_pred_9.pdb,Model_3181_afm_dropout_noSM_woTemplates_model_4_multimer_v2_pred_9.pdb,3181,AFM,afm_dropout_noSM_woTemplates_multimer_v2,,4,9,afm_dropout_noSM_woTemplates_v2,,False,casp17/massivefold_external_pool_intake/h2319_t333/extracted_models/H2319_all_pdbs/Model_3181_afm_dropout_noSM_woTemplates_model_4_multimer_v2_pred_9.pdb,awaiting_extract,"MassiveFold model pool index only. It parses organizer-provided external model tarball listings and stages balanced extraction/rerank candidates. These models remain external rerank and accuracy-estimation inputs, not internal predictions, not CASP submissions, and not competitive-proof evidence."
7,H2319,H2319_T333,10345,H2319_all_pdbs/Model_3733_afm_dropout_noSM_woTemplates_model_1_multimer_v2_pred_52.pdb,Model_3733_afm_dropout_noSM_woTemplates_model_1_multimer_v2_pred_52.pdb,3733,AFM,afm_dropout_noSM_woTemplates_multimer_v2,,1,52,afm_dropout_noSM_woTemplates_v2,,False,casp17/massivefold_external_pool_intake/h2319_t333/extracted_models/H2319_all_pdbs/Model_3733_afm_dropout_noSM_woTemplates_model_1_multimer_v2_pred_52.pdb,awaiting_extract,"MassiveFold model pool index only. It parses organizer-provided external model tarball listings and stages balanced extraction/rerank candidates. These models remain external rerank and accuracy-estimation inputs, not internal predictions, not CASP submissions, and not competitive-proof evidence."
7,H2319,H2319_T333,10375,H2319_all_pdbs/Model_1574_afm_dropout_noSM_woTemplates_model_1_multimer_v2_pred_61.pdb,Model_1574_afm_dropout_noSM_woTemplates_model_1_multimer_v2_pred_61.pdb,1574,AFM,afm_dropout_noSM_woTemplates_multimer_v2,,1,61,afm_dropout_noSM_woTemplates_v2,,False,casp17/massivefold_external_pool_intake/h2319_t333/extracted_models/H2319_all_pdbs/Model_1574_afm_dropout_noSM_woTemplates_model_1_multimer_v2_pred_61.pdb,awaiting_extract,"MassiveFold model pool index only. It parses organizer-provided external model tarball listings and stages balanced extraction/rerank candidates. These models remain external rerank and accuracy-estimation inputs, not internal predictions, not CASP submissions, and not competitive-proof evidence."
7,H2319,H2319_T333,10496,H2319_all_pdbs/Model_1469_afm_dropout_noSM_woTemplates_model_1_multimer_v2_pred_56.pdb,Model_1469_afm_dropout_noSM_woTemplates_model_1_multimer_v2_pred_56.pdb,1469,AFM,afm_dropout_noSM_woTemplates_multimer_v2,,1,56,afm_dropout_noSM_woTemplates_v2,,False,casp17/massivefold_external_pool_intake/h2319_t333/extracted_models/H2319_all_pdbs/Model_1469_afm_dropout_noSM_woTemplates_model_1_multimer_v2_pred_56.pdb,awaiting_extract,"MassiveFold model pool index only. It parses organizer-provided external model tarball listings and stages balanced extraction/rerank candidates. These models remain external rerank and accuracy-estimation inputs, not internal predictions, not CASP submissions, and not competitive-proof evidence."
7,H2319,H2319_T333,10497,H2319_all_pdbs/Model_2898_afm_dropout_noSM_woTemplates_model_4_multimer_v2_pred_32.pdb,Model_2898_afm_dropout_noSM_woTemplates_model_4_multimer_v2_pred_32.pdb,2898,AFM,afm_dropout_noSM_woTemplates_multimer_v2,,4,32,afm_dropout_noSM_woTemplates_v2,,False,casp17/massivefold_external_pool_intake/h2319_t333/extracted_models/H2319_all_pdbs/Model_2898_afm_dropout_noSM_woTemplates_model_4_multimer_v2_pred_32.pdb,awaiting_extract,"MassiveFold model pool index only. It parses organizer-provided external model tarball listings and stages balanced extraction/rerank candidates. These models remain external rerank and accuracy-estimation inputs, not internal predictions, not CASP submissions, and not competitive-proof evidence."
7,H2319,H2319_T333,10499,H2319_all_pdbs/Model_2012_afm_dropout_noSM_woTemplates_model_1_multimer_v2_pred_36.pdb,Model_2012_afm_dropout_noSM_woTemplates_model_1_multimer_v2_pred_36.pdb,2012,AFM,afm_dropout_noSM_woTemplates_multimer_v2,,1,36,afm_dropout_noSM_woTemplates_v2,,False,casp17/massivefold_external_pool_intake/h2319_t333/extracted_models/H2319_all_pdbs/Model_2012_afm_dropout_noSM_woTemplates_model_1_multimer_v2_pred_36.pdb,awaiting_extract,"MassiveFold model pool index only. It parses organizer-provided external model tarball listings and stages balanced extraction/rerank candidates. These models remain external rerank and accuracy-estimation inputs, not internal predictions, not CASP submissions, and not competitive-proof evidence."
7,H2319,H2319_T333,10510,H2319_all_pdbs/Model_3936_afm_dropout_noSM_woTemplates_model_5_multimer_v2_pred_59.pdb,Model_3936_afm_dropout_noSM_woTemplates_model_5_multimer_v2_pred_59.pdb,3936,AFM,afm_dropout_noSM_woTemplates_multimer_v2,,5,59,afm_dropout_noSM_woTemplates_v2,,False,casp17/massivefold_external_pool_intake/h2319_t333/extracted_models/H2319_all_pdbs/Model_3936_afm_dropout_noSM_woTemplates_model_5_multimer_v2_pred_59.pdb,awaiting_extract,"MassiveFold model pool index only. It parses organizer-provided external model tarball listings and stages balanced extraction/rerank candidates. These models remain external rerank and accuracy-estimation inputs, not internal predictions, not CASP submissions, and not competitive-proof evidence."
7,H2319,H2319_T333,10514,H2319_all_pdbs/Model_2907_afm_dropout_noSM_woTemplates_model_3_multimer_v2_pred_9.pdb,Model_2907_afm_dropout_noSM_woTemplates_model_3_multimer_v2_pred_9.pdb,2907,AFM,afm_dropout_noSM_woTemplates_multimer_v2,,3,9,afm_dropout_noSM_woTemplates_v2,,False,casp17/massivefold_external_pool_intake/h2319_t333/extracted_models/H2319_all_pdbs/Model_2907_afm_dropout_noSM_woTemplates_model_3_multimer_v2_pred_9.pdb,awaiting_extract,"MassiveFold model pool index only. It parses organizer-provided external model tarball listings and stages balanced extraction/rerank candidates. These models remain external rerank and accuracy-estimation inputs, not internal predictions, not CASP submissions, and not competitive-proof evidence."
7,H2319,H2319_T333,10658,H2319_all_pdbs/Model_1776_afm_dropout_noSM_woTemplates_model_2_multimer_v2_pred_15.pdb,Model_1776_afm_dropout_noSM_woTemplates_model_2_multimer_v2_pred_15.pdb,1776,AFM,afm_dropout_noSM_woTemplates_multimer_v2,,2,15,afm_dropout_noSM_woTemplates_v2,,False,casp17/massivefold_external_pool_intake/h2319_t333/extracted_models/H2319_all_pdbs/Model_1776_afm_dropout_noSM_woTemplates_model_2_multimer_v2_pred_15.pdb,awaiting_extract,"MassiveFold model pool index only. It parses organizer-provided external model tarball listings and stages balanced extraction/rerank candidates. These models remain external rerank and accuracy-estimation inputs, not internal predictions, not CASP submissions, and not competitive-proof evidence."
7,H2319,H2319_T333,10692,H2319_all_pdbs/Model_2578_afm_dropout_noSM_woTemplates_model_5_multimer_v2_pred_38.pdb,Model_2578_afm_dropout_noSM_woTemplates_model_5_multimer_v2_pred_38.pdb,2578,AFM,afm_dropout_noSM_woTemplates_multimer_v2,,5,38,afm_dropout_noSM_woTemplates_v2,,False,casp17/massivefold_external_pool_intake/h2319_t333/extracted_models/H2319_all_pdbs/Model_2578_afm_dropout_noSM_woTemplates_model_5_multimer_v2_pred_38.pdb,awaiting_extract,"MassiveFold model pool index only. It parses organizer-provided external model tarball listings and stages balanced extraction/rerank candidates. These models remain external rerank and accuracy-estimation inputs, not internal predictions, not CASP submissions, and not competitive-proof evidence."
7,H2319,H2319_T333,10722,H2319_all_pdbs/Model_3145_afm_dropout_noSM_woTemplates_model_3_multimer_v2_pred_65.pdb,Model_3145_afm_dropout_noSM_woTemplates_model_3_multimer_v2_pred_65.pdb,3145,AFM,afm_dropout_noSM_woTemplates_multimer_v2,,3,65,afm_dropout_noSM_woTemplates_v2,,False,casp17/massivefold_external_pool_intake/h2319_t333/extracted_models/H2319_all_pdbs/Model_3145_afm_dropout_noSM_woTemplates_model_3_multimer_v2_pred_65.pdb,awaiting_extract,"MassiveFold model pool index only. It parses organizer-provided external model tarball listings and stages balanced extraction/rerank candidates. These models remain external rerank and accuracy-estimation inputs, not internal predictions, not CASP submissions, and not competitive-proof evidence."
7,H2319,H2319_T333,10732,H2319_all_pdbs/Model_2713_afm_dropout_noSM_woTemplates_model_1_multimer_v2_pred_5.pdb,Model_2713_afm_dropout_noSM_woTemplates_model_1_multimer_v2_pred_5.pdb,2713,AFM,afm_dropout_noSM_woTemplates_multimer_v2,,1,5,afm_dropout_noSM_woTemplates_v2,,False,casp17/massivefold_external_pool_intake/h2319_t333/extracted_models/H2319_all_pdbs/Model_2713_afm_dropout_noSM_woTemplates_model_1_multimer_v2_pred_5.pdb,awaiting_extract,"MassiveFold model pool index only. It parses organizer-provided external model tarball listings and stages balanced extraction/rerank candidates. These models remain external rerank and accuracy-estimation inputs, not internal predictions, not CASP submissions, and not competitive-proof evidence."
7,H2319,H2319_T333,10751,H2319_all_pdbs/Model_3426_afm_dropout_noSM_woTemplates_model_2_multimer_v2_pred_49.pdb,Model_3426_afm_dropout_noSM_woTemplates_model_2_multimer_v2_pred_49.pdb,3426,AFM,afm_dropout_noSM_woTemplates_multimer_v2,,2,49,afm_dropout_noSM_woTemplates_v2,,False,casp17/massivefold_external_pool_intake/h2319_t333/extracted_models/H2319_all_pdbs/Model_3426_afm_dropout_noSM_woTemplates_model_2_multimer_v2_pred_49.pdb,awaiting_extract,"MassiveFold model pool index only. It parses organizer-provided external model tarball listings and stages balanced extraction/rerank candidates. These models remain external rerank and accuracy-estimation inputs, not internal predictions, not CASP submissions, and not competitive-proof evidence."
7,H2319,H2319_T333,10827,H2319_all_pdbs/Model_3797_afm_dropout_noSM_woTemplates_model_2_multimer_v2_pred_28.pdb,Model_3797_afm_dropout_noSM_woTemplates_model_2_multimer_v2_pred_28.pdb,3797,AFM,afm_dropout_noSM_woTemplates_multimer_v2,,2,28,afm_dropout_noSM_woTemplates_v2,,False,casp17/massivefold_external_pool_intake/h2319_t333/extracted_models/H2319_all_pdbs/Model_3797_afm_dropout_noSM_woTemplates_model_2_multimer_v2_pred_28.pdb,awaiting_extract,"MassiveFold model pool index only. It parses organizer-provided external model tarball listings and stages balanced extraction/rerank candidates. These models remain external rerank and accuracy-estimation inputs, not internal predictions, not CASP submissions, and not competitive-proof evidence."
7,H2319,H2319_T333,10892,H2319_all_pdbs/Model_1598_afm_dropout_noSM_woTemplates_model_4_multimer_v2_pred_54.pdb,Model_1598_afm_dropout_noSM_woTemplates_model_4_multimer_v2_pred_54.pdb,1598,AFM,afm_dropout_noSM_woTemplates_multimer_v2,,4,54,afm_dropout_noSM_woTemplates_v2,,False,casp17/massivefold_external_pool_intake/h2319_t333/extracted_models/H2319_all_pdbs/Model_1598_afm_dropout_noSM_woTemplates_model_4_multimer_v2_pred_54.pdb,awaiting_extract,"MassiveFold model pool index only. It parses organizer-provided external model tarball listings and stages balanced extraction/rerank candidates. These models remain external rerank and accuracy-estimation inputs, not internal predictions, not CASP submissions, and not competitive-proof evidence."
7,H2319,H2319_T333,10969,H2319_all_pdbs/Model_3475_afm_dropout_noSM_woTemplates_model_2_multimer_v2_pred_51.pdb,Model_3475_afm_dropout_noSM_woTemplates_model_2_multimer_v2_pred_51.pdb,3475,AFM,afm_dropout_noSM_woTemplates_multimer_v2,,2,51,afm_dropout_noSM_woTemplates_v2,,False,casp17/massivefold_external_pool_intake/h2319_t333/extracted_models/H2319_all_pdbs/Model_3475_afm_dropout_noSM_woTemplates_model_2_multimer_v2_pred_51.pdb,awaiting_extract,"MassiveFold model pool index only. It parses organizer-provided external model tarball listings and stages balanced extraction/rerank candidates. These models remain external rerank and accuracy-estimation inputs, not internal predictions, not CASP submissions, and not competitive-proof evidence."
7,H2319,H2319_T333,10979,H2319_all_pdbs/Model_3847_afm_dropout_noSM_woTemplates_model_5_multimer_v2_pred_54.pdb,Model_3847_afm_dropout_noSM_woTemplates_model_5_multimer_v2_pred_54.pdb,3847,AFM,afm_dropout_noSM_woTemplates_multimer_v2,,5,54,afm_dropout_noSM_woTemplates_v2,,False,casp17/massivefold_external_pool_intake/h2319_t333/extracted_models/H2319_all_pdbs/Model_3847_afm_dropout_noSM_woTemplates_model_5_multimer_v2_pred_54.pdb,awaiting_extract,"MassiveFold model pool index only. It parses organizer-provided external model tarball listings and stages balanced extraction/rerank candidates. These models remain external rerank and accuracy-estimation inputs, not internal predictions, not CASP submissions, and not competitive-proof evidence."
7,H2319,H2319_T333,11036,H2319_all_pdbs/Model_2337_afm_dropout_noSM_woTemplates_model_3_multimer_v2_pred_28.pdb,Model_2337_afm_dropout_noSM_woTemplates_model_3_multimer_v2_pred_28.pdb,2337,AFM,afm_dropout_noSM_woTemplates_multimer_v2,,3,28,afm_dropout_noSM_woTemplates_v2,,False,casp17/massivefold_external_pool_intake/h2319_t333/extracted_models/H2319_all_pdbs/Model_2337_afm_dropout_noSM_woTemplates_model_3_multimer_v2_pred_28.pdb,awaiting_extract,"MassiveFold model pool index only. It parses organizer-provided external model tarball listings and stages balanced extraction/rerank candidates. These models remain external rerank and accuracy-estimation inputs, not internal predictions, not CASP submissions, and not competitive-proof evidence."
7,H2319,H2319_T333,11056,H2319_all_pdbs/Model_2273_afm_dropout_noSM_woTemplates_model_4_multimer_v2_pred_50.pdb,Model_2273_afm_dropout_noSM_woTemplates_model_4_multimer_v2_pred_50.pdb,2273,AFM,afm_dropout_noSM_woTemplates_multimer_v2,,4,50,afm_dropout_noSM_woTemplates_v2,,False,casp17/massivefold_external_pool_intake/h2319_t333/extracted_models/H2319_all_pdbs/Model_2273_afm_dropout_noSM_woTemplates_model_4_multimer_v2_pred_50.pdb,awaiting_extract,"MassiveFold model pool index only. It parses organizer-provided external model tarball listings and stages balanced extraction/rerank candidates. These models remain external rerank and accuracy-estimation inputs, not internal predictions, not CASP submissions, and not competitive-proof evidence."
7,H2319,H2319_T333,11080,H2319_all_pdbs/Model_1347_afm_dropout_noSM_woTemplates_model_4_multimer_v2_pred_21.pdb,Model_1347_afm_dropout_noSM_woTemplates_model_4_multimer_v2_pred_21.pdb,1347,AFM,afm_dropout_noSM_woTemplates_multimer_v2,,4,21,afm_dropout_noSM_woTemplates_v2,,False,casp17/massivefold_external_pool_intake/h2319_t333/extracted_models/H2319_all_pdbs/Model_1347_afm_dropout_noSM_woTemplates_model_4_multimer_v2_pred_21.pdb,awaiting_extract,"MassiveFold model pool index only. It parses organizer-provided external model tarball listings and stages balanced extraction/rerank candidates. These models remain external rerank and accuracy-estimation inputs, not internal predictions, not CASP submissions, and not competitive-proof evidence."
7,H2319,H2319_T333,11081,H2319_all_pdbs/Model_1639_afm_dropout_noSM_woTemplates_model_1_multimer_v2_pred_28.pdb,Model_1639_afm_dropout_noSM_woTemplates_model_1_multimer_v2_pred_28.pdb,1639,AFM,afm_dropout_noSM_woTemplates_multimer_v2,,1,28,afm_dropout_noSM_woTemplates_v2,,False,casp17/massivefold_external_pool_intake/h2319_t333/extracted_models/H2319_all_pdbs/Model_1639_afm_dropout_noSM_woTemplates_model_1_multimer_v2_pred_28.pdb,awaiting_extract,"MassiveFold model pool index only. It parses organizer-provided external model tarball listings and stages balanced extraction/rerank candidates. These models remain external rerank and accuracy-estimation inputs, not internal predictions, not CASP submissions, and not competitive-proof evidence."
7,H2319,H2319_T333,11105,H2319_all_pdbs/Model_3260_afm_dropout_noSM_woTemplates_model_3_multimer_v2_pred_7.pdb,Model_3260_afm_dropout_noSM_woTemplates_model_3_multimer_v2_pred_7.pdb,3260,AFM,afm_dropout_noSM_woTemplates_multimer_v2,,3,7,afm_dropout_noSM_woTemplates_v2,,False,casp17/massivefold_external_pool_intake/h2319_t333/extracted_models/H2319_all_pdbs/Model_3260_afm_dropout_noSM_woTemplates_model_3_multimer_v2_pred_7.pdb,awaiting_extract,"MassiveFold model pool index only. It parses organizer-provided external model tarball listings and stages balanced extraction/rerank candidates. These models remain external rerank and accuracy-estimation inputs, not internal predictions, not CASP submissions, and not competitive-proof evidence."
7,H2319,H2319_T333,11168,H2319_all_pdbs/Model_1863_afm_dropout_noSM_woTemplates_model_3_multimer_v2_pred_36.pdb,Model_1863_afm_dropout_noSM_woTemplates_model_3_multimer_v2_pred_36.pdb,1863,AFM,afm_dropout_noSM_woTemplates_multimer_v2,,3,36,afm_dropout_noSM_woTemplates_v2,,False,casp17/massivefold_external_pool_intake/h2319_t333/extracted_models/H2319_all_pdbs/Model_1863_afm_dropout_noSM_woTemplates_model_3_multimer_v2_pred_36.pdb,awaiting_extract,"MassiveFold model pool index only. It parses organizer-provided external model tarball listings and stages balanced extraction/rerank candidates. These models remain external rerank and accuracy-estimation inputs, not internal predictions, not CASP submissions, and not competitive-proof evidence."
7,H2319,H2319_T333,11214,H2319_all_pdbs/Model_3968_afm_dropout_noSM_woTemplates_model_2_multimer_v2_pred_36.pdb,Model_3968_afm_dropout_noSM_woTemplates_model_2_multimer_v2_pred_36.pdb,3968,AFM,afm_dropout_noSM_woTemplates_multimer_v2,,2,36,afm_dropout_noSM_woTemplates_v2,,False,casp17/massivefold_external_pool_intake/h2319_t333/extracted_models/H2319_all_pdbs/Model_3968_afm_dropout_noSM_woTemplates_model_2_multimer_v2_pred_36.pdb,awaiting_extract,"MassiveFold model pool index only. It parses organizer-provided external model tarball listings and stages balanced extraction/rerank candidates. These models remain external rerank and accuracy-estimation inputs, not internal predictions, not CASP submissions, and not competitive-proof evidence."
7,H2319,H2319_T333,11305,H2319_all_pdbs/Model_3809_afm_dropout_noSM_woTemplates_model_5_multimer_v2_pred_8.pdb,Model_3809_afm_dropout_noSM_woTemplates_model_5_multimer_v2_pred_8.pdb,3809,AFM,afm_dropout_noSM_woTemplates_multimer_v2,,5,8,afm_dropout_noSM_woTemplates_v2,,False,casp17/massivefold_external_pool_intake/h2319_t333/extracted_models/H2319_all_pdbs/Model_3809_afm_dropout_noSM_woTemplates_model_5_multimer_v2_pred_8.pdb,awaiting_extract,"MassiveFold model pool index only. It parses organizer-provided external model tarball listings and stages balanced extraction/rerank candidates. These models remain external rerank and accuracy-estimation inputs, not internal predictions, not CASP submissions, and not competitive-proof evidence."
7,H2319,H2319_T333,11317,H2319_all_pdbs/Model_3722_afm_dropout_noSM_woTemplates_model_2_multimer_v2_pred_66.pdb,Model_3722_afm_dropout_noSM_woTemplates_model_2_multimer_v2_pred_66.pdb,3722,AFM,afm_dropout_noSM_woTemplates_multimer_v2,,2,66,afm_dropout_noSM_woTemplates_v2,,False,casp17/massivefold_external_pool_intake/h2319_t333/extracted_models/H2319_all_pdbs/Model_3722_afm_dropout_noSM_woTemplates_model_2_multimer_v2_pred_66.pdb,awaiting_extract,"MassiveFold model pool index only. It parses organizer-provided external model tarball listings and stages balanced extraction/rerank candidates. These models remain external rerank and accuracy-estimation inputs, not internal predictions, not CASP submissions, and not competitive-proof evidence."
7,H2319,H2319_T333,11362,H2319_all_pdbs/Model_3061_afm_dropout_noSM_woTemplates_model_5_multimer_v2_pred_25.pdb,Model_3061_afm_dropout_noSM_woTemplates_model_5_multimer_v2_pred_25.pdb,3061,AFM,afm_dropout_noSM_woTemplates_multimer_v2,,5,25,afm_dropout_noSM_woTemplates_v2,,False,casp17/massivefold_external_pool_intake/h2319_t333/extracted_models/H2319_all_pdbs/Model_3061_afm_dropout_noSM_woTemplates_model_5_multimer_v2_pred_25.pdb,awaiting_extract,"MassiveFold model pool index only. It parses organizer-provided external model tarball listings and stages balanced extraction/rerank candidates. These models remain external rerank and accuracy-estimation inputs, not internal predictions, not CASP submissions, and not competitive-proof evidence."
7,H2319,H2319_T333,11463,H2319_all_pdbs/Model_2070_afm_dropout_noSM_woTemplates_model_4_multimer_v2_pred_36.pdb,Model_2070_afm_dropout_noSM_woTemplates_model_4_multimer_v2_pred_36.pdb,2070,AFM,afm_dropout_noSM_woTemplates_multimer_v2,,4,36,afm_dropout_noSM_woTemplates_v2,,False,casp17/massivefold_external_pool_intake/h2319_t333/extracted_models/H2319_all_pdbs/Model_2070_afm_dropout_noSM_woTemplates_model_4_multimer_v2_pred_36.pdb,awaiting_extract,"MassiveFold model pool index only. It parses organizer-provided external model tarball listings and stages balanced extraction/rerank candidates. These models remain external rerank and accuracy-estimation inputs, not internal predictions, not CASP submissions, and not competitive-proof evidence."
7,H2319,H2319_T333,11516,H2319_all_pdbs/Model_3124_afm_dropout_noSM_woTemplates_model_3_multimer_v2_pred_57.pdb,Model_3124_afm_dropout_noSM_woTemplates_model_3_multimer_v2_pred_57.pdb,3124,AFM,afm_dropout_noSM_woTemplates_multimer_v2,,3,57,afm_dropout_noSM_woTemplates_v2,,False,casp17/massivefold_external_pool_intake/h2319_t333/extracted_models/H2319_all_pdbs/Model_3124_afm_dropout_noSM_woTemplates_model_3_multimer_v2_pred_57.pdb,awaiting_extract,"MassiveFold model pool index only. It parses organizer-provided external model tarball listings and stages balanced extraction/rerank candidates. These models remain external rerank and accuracy-estimation inputs, not internal predictions, not CASP submissions, and not competitive-proof evidence."
7,H2319,H2319_T333,11611,H2319_all_pdbs/Model_2362_afm_dropout_noSM_woTemplates_model_3_multimer_v2_pred_2.pdb,Model_2362_afm_dropout_noSM_woTemplates_model_3_multimer_v2_pred_2.pdb,2362,AFM,afm_dropout_noSM_woTemplates_multimer_v2,,3,2,afm_dropout_noSM_woTemplates_v2,,False,casp17/massivefold_external_pool_intake/h2319_t333/extracted_models/H2319_all_pdbs/Model_2362_afm_dropout_noSM_woTemplates_model_3_multimer_v2_pred_2.pdb,awaiting_extract,"MassiveFold model pool index only. It parses organizer-provided external model tarball listings and stages balanced extraction/rerank candidates. These models remain external rerank and accuracy-estimation inputs, not internal predictions, not CASP submissions, and not competitive-proof evidence."
7,H2319,H2319_T333,11647,H2319_all_pdbs/Model_2329_afm_dropout_noSM_woTemplates_model_5_multimer_v2_pred_53.pdb,Model_2329_afm_dropout_noSM_woTemplates_model_5_multimer_v2_pred_53.pdb,2329,AFM,afm_dropout_noSM_woTemplates_multimer_v2,,5,53,afm_dropout_noSM_woTemplates_v2,,False,casp17/massivefold_external_pool_intake/h2319_t333/extracted_models/H2319_all_pdbs/Model_2329_afm_dropout_noSM_woTemplates_model_5_multimer_v2_pred_53.pdb,awaiting_extract,"MassiveFold model pool index only. It parses organizer-provided external model tarball listings and stages balanced extraction/rerank candidates. These models remain external rerank and accuracy-estimation inputs, not internal predictions, not CASP submissions, and not competitive-proof evidence."
7,H2319,H2319_T333,11700,H2319_all_pdbs/Model_2605_afm_dropout_noSM_woTemplates_model_5_multimer_v2_pred_12.pdb,Model_2605_afm_dropout_noSM_woTemplates_model_5_multimer_v2_pred_12.pdb,2605,AFM,afm_dropout_noSM_woTemplates_multimer_v2,,5,12,afm_dropout_noSM_woTemplates_v2,,False,casp17/massivefold_external_pool_intake/h2319_t333/extracted_models/H2319_all_pdbs/Model_2605_afm_dropout_noSM_woTemplates_model_5_multimer_v2_pred_12.pdb,awaiting_extract,"MassiveFold model pool index only. It parses organizer-provided external model tarball listings and stages balanced extraction/rerank candidates. These models remain external rerank and accuracy-estimation inputs, not internal predictions, not CASP submissions, and not competitive-proof evidence."
7,H2319,H2319_T333,11737,H2319_all_pdbs/Model_3844_afm_dropout_noSM_woTemplates_model_2_multimer_v2_pred_6.pdb,Model_3844_afm_dropout_noSM_woTemplates_model_2_multimer_v2_pred_6.pdb,3844,AFM,afm_dropout_noSM_woTemplates_multimer_v2,,2,6,afm_dropout_noSM_woTemplates_v2,,False,casp17/massivefold_external_pool_intake/h2319_t333/extracted_models/H2319_all_pdbs/Model_3844_afm_dropout_noSM_woTemplates_model_2_multimer_v2_pred_6.pdb,awaiting_extract,"MassiveFold model pool index only. It parses organizer-provided external model tarball listings and stages balanced extraction/rerank candidates. These models remain external rerank and accuracy-estimation inputs, not internal predictions, not CASP submissions, and not competitive-proof evidence."
7,H2319,H2319_T333,11804,H2319_all_pdbs/Model_3565_afm_dropout_noSM_woTemplates_model_4_multimer_v2_pred_60.pdb,Model_3565_afm_dropout_noSM_woTemplates_model_4_multimer_v2_pred_60.pdb,3565,AFM,afm_dropout_noSM_woTemplates_multimer_v2,,4,60,afm_dropout_noSM_woTemplates_v2,,False,casp17/massivefold_external_pool_intake/h2319_t333/extracted_models/H2319_all_pdbs/Model_3565_afm_dropout_noSM_woTemplates_model_4_multimer_v2_pred_60.pdb,awaiting_extract,"MassiveFold model pool index only. It parses organizer-provided external model tarball listings and stages balanced extraction/rerank candidates. These models remain external rerank and accuracy-estimation inputs, not internal predictions, not CASP submissions, and not competitive-proof evidence."
7,H2319,H2319_T333,12011,H2319_all_pdbs/Model_1464_afm_dropout_noSM_woTemplates_model_3_multimer_v2_pred_12.pdb,Model_1464_afm_dropout_noSM_woTemplates_model_3_multimer_v2_pred_12.pdb,1464,AFM,afm_dropout_noSM_woTemplates_multimer_v2,,3,12,afm_dropout_noSM_woTemplates_v2,,False,casp17/massivefold_external_pool_intake/h2319_t333/extracted_models/H2319_all_pdbs/Model_1464_afm_dropout_noSM_woTemplates_model_3_multimer_v2_pred_12.pdb,awaiting_extract,"MassiveFold model pool index only. It parses organizer-provided external model tarball listings and stages balanced extraction/rerank candidates. These models remain external rerank and accuracy-estimation inputs, not internal predictions, not CASP submissions, and not competitive-proof evidence."
7,H2319,H2319_T333,12025,H2319_all_pdbs/Model_1997_afm_dropout_noSM_woTemplates_model_3_multimer_v2_pred_24.pdb,Model_1997_afm_dropout_noSM_woTemplates_model_3_multimer_v2_pred_24.pdb,1997,AFM,afm_dropout_noSM_woTemplates_multimer_v2,,3,24,afm_dropout_noSM_woTemplates_v2,,False,casp17/massivefold_external_pool_intake/h2319_t333/extracted_models/H2319_all_pdbs/Model_1997_afm_dropout_noSM_woTemplates_model_3_multimer_v2_pred_24.pdb,awaiting_extract,"MassiveFold model pool index only. It parses organizer-provided external model tarball listings and stages balanced extraction/rerank candidates. These models remain external rerank and accuracy-estimation inputs, not internal predictions, not CASP submissions, and not competitive-proof evidence."
7,H2319,H2319_T333,12050,H2319_all_pdbs/Model_2496_afm_dropout_noSM_woTemplates_model_4_multimer_v2_pred_18.pdb,Model_2496_afm_dropout_noSM_woTemplates_model_4_multimer_v2_pred_18.pdb,2496,AFM,afm_dropout_noSM_woTemplates_multimer_v2,,4,18,afm_dropout_noSM_woTemplates_v2,,False,casp17/massivefold_external_pool_intake/h2319_t333/extracted_models/H2319_all_pdbs/Model_2496_afm_dropout_noSM_woTemplates_model_4_multimer_v2_pred_18.pdb,awaiting_extract,"MassiveFold model pool index only. It parses organizer-provided external model tarball listings and stages balanced extraction/rerank candidates. These models remain external rerank and accuracy-estimation inputs, not internal predictions, not CASP submissions, and not competitive-proof evidence."
7,H2319,H2319_T333,12057,H2319_all_pdbs/Model_2986_afm_dropout_noSM_woTemplates_model_3_multimer_v2_pred_61.pdb,Model_2986_afm_dropout_noSM_woTemplates_model_3_multimer_v2_pred_61.pdb,2986,AFM,afm_dropout_noSM_woTemplates_multimer_v2,,3,61,afm_dropout_noSM_woTemplates_v2,,False,casp17/massivefold_external_pool_intake/h2319_t333/extracted_models/H2319_all_pdbs/Model_2986_afm_dropout_noSM_woTemplates_model_3_multimer_v2_pred_61.pdb,awaiting_extract,"MassiveFold model pool index only. It parses organizer-provided external model tarball listings and stages balanced extraction/rerank candidates. These models remain external rerank and accuracy-estimation inputs, not internal predictions, not CASP submissions, and not competitive-proof evidence."
7,H2319,H2319_T333,12069,H2319_all_pdbs/Model_1688_afm_dropout_noSM_woTemplates_model_4_multimer_v2_pred_27.pdb,Model_1688_afm_dropout_noSM_woTemplates_model_4_multimer_v2_pred_27.pdb,1688,AFM,afm_dropout_noSM_woTemplates_multimer_v2,,4,27,afm_dropout_noSM_woTemplates_v2,,False,casp17/massivefold_external_pool_intake/h2319_t333/extracted_models/H2319_all_pdbs/Model_1688_afm_dropout_noSM_woTemplates_model_4_multimer_v2_pred_27.pdb,awaiting_extract,"MassiveFold model pool index only. It parses organizer-provided external model tarball listings and stages balanced extraction/rerank candidates. These models remain external rerank and accuracy-estimation inputs, not internal predictions, not CASP submissions, and not competitive-proof evidence."
7,H2319,H2319_T333,12125,H2319_all_pdbs/Model_3083_afm_dropout_noSM_woTemplates_model_1_multimer_v2_pred_38.pdb,Model_3083_afm_dropout_noSM_woTemplates_model_1_multimer_v2_pred_38.pdb,3083,AFM,afm_dropout_noSM_woTemplates_multimer_v2,,1,38,afm_dropout_noSM_woTemplates_v2,,False,casp17/massivefold_external_pool_intake/h2319_t333/extracted_models/H2319_all_pdbs/Model_3083_afm_dropout_noSM_woTemplates_model_1_multimer_v2_pred_38.pdb,awaiting_extract,"MassiveFold model pool index only. It parses organizer-provided external model tarball listings and stages balanced extraction/rerank candidates. These models remain external rerank and accuracy-estimation inputs, not internal predictions, not CASP submissions, and not competitive-proof evidence."
7,H2319,H2319_T333,12152,H2319_all_pdbs/Model_3833_afm_dropout_noSM_woTemplates_model_4_multimer_v2_pred_44.pdb,Model_3833_afm_dropout_noSM_woTemplates_model_4_multimer_v2_pred_44.pdb,3833,AFM,afm_dropout_noSM_woTemplates_multimer_v2,,4,44,afm_dropout_noSM_woTemplates_v2,,False,casp17/massivefold_external_pool_intake/h2319_t333/extracted_models/H2319_all_pdbs/Model_3833_afm_dropout_noSM_woTemplates_model_4_multimer_v2_pred_44.pdb,awaiting_extract,"MassiveFold model pool index only. It parses organizer-provided external model tarball listings and stages balanced extraction/rerank candidates. These models remain external rerank and accuracy-estimation inputs, not internal predictions, not CASP submissions, and not competitive-proof evidence."
7,H2319,H2319_T333,12221,H2319_all_pdbs/Model_4024_afm_dropout_noSM_woTemplates_model_2_multimer_v2_pred_20.pdb,Model_4024_afm_dropout_noSM_woTemplates_model_2_multimer_v2_pred_20.pdb,4024,AFM,afm_dropout_noSM_woTemplates_multimer_v2,,2,20,afm_dropout_noSM_woTemplates_v2,,False,casp17/massivefold_external_pool_intake/h2319_t333/extracted_models/H2319_all_pdbs/Model_4024_afm_dropout_noSM_woTemplates_model_2_multimer_v2_pred_20.pdb,awaiting_extract,"MassiveFold model pool index only. It parses organizer-provided external model tarball listings and stages balanced extraction/rerank candidates. These models remain external rerank and accuracy-estimation inputs, not internal predictions, not CASP submissions, and not competitive-proof evidence."
7,H2319,H2319_T333,12282,H2319_all_pdbs/Model_1881_afm_dropout_noSM_woTemplates_model_5_multimer_v2_pred_50.pdb,Model_1881_afm_dropout_noSM_woTemplates_model_5_multimer_v2_pred_50.pdb,1881,AFM,afm_dropout_noSM_woTemplates_multimer_v2,,5,50,afm_dropout_noSM_woTemplates_v2,,False,casp17/massivefold_external_pool_intake/h2319_t333/extracted_models/H2319_all_pdbs/Model_1881_afm_dropout_noSM_woTemplates_model_5_multimer_v2_pred_50.pdb,awaiting_extract,"MassiveFold model pool index only. It parses organizer-provided external model tarball listings and stages balanced extraction/rerank candidates. These models remain external rerank and accuracy-estimation inputs, not internal predictions, not CASP submissions, and not competitive-proof evidence."
7,H2319,H2319_T333,12386,H2319_all_pdbs/Model_2394_afm_dropout_noSM_woTemplates_model_4_multimer_v2_pred_45.pdb,Model_2394_afm_dropout_noSM_woTemplates_model_4_multimer_v2_pred_45.pdb,2394,AFM,afm_dropout_noSM_woTemplates_multimer_v2,,4,45,afm_dropout_noSM_woTemplates_v2,,False,casp17/massivefold_external_pool_intake/h2319_t333/extracted_models/H2319_all_pdbs/Model_2394_afm_dropout_noSM_woTemplates_model_4_multimer_v2_pred_45.pdb,awaiting_extract,"MassiveFold model pool index only. It parses organizer-provided external model tarball listings and stages balanced extraction/rerank candidates. These models remain external rerank and accuracy-estimation inputs, not internal predictions, not CASP submissions, and not competitive-proof evidence."
7,H2319,H2319_T333,12402,H2319_all_pdbs/Model_3257_afm_dropout_noSM_woTemplates_model_3_multimer_v2_pred_56.pdb,Model_3257_afm_dropout_noSM_woTemplates_model_3_multimer_v2_pred_56.pdb,3257,AFM,afm_dropout_noSM_woTemplates_multimer_v2,,3,56,afm_dropout_noSM_woTemplates_v2,,False,casp17/massivefold_external_pool_intake/h2319_t333/extracted_models/H2319_all_pdbs/Model_3257_afm_dropout_noSM_woTemplates_model_3_multimer_v2_pred_56.pdb,awaiting_extract,"MassiveFold model pool index only. It parses organizer-provided external model tarball listings and stages balanced extraction/rerank candidates. These models remain external rerank and accuracy-estimation inputs, not internal predictions, not CASP submissions, and not competitive-proof evidence."
7,H2319,H2319_T333,12414,H2319_all_pdbs/Model_2802_afm_dropout_noSM_woTemplates_model_4_multimer_v2_pred_61.pdb,Model_2802_afm_dropout_noSM_woTemplates_model_4_multimer_v2_pred_61.pdb,2802,AFM,afm_dropout_noSM_woTemplates_multimer_v2,,4,61,afm_dropout_noSM_woTemplates_v2,,False,casp17/massivefold_external_pool_intake/h2319_t333/extracted_models/H2319_all_pdbs/Model_2802_afm_dropout_noSM_woTemplates_model_4_multimer_v2_pred_61.pdb,awaiting_extract,"MassiveFold model pool index only. It parses organizer-provided external model tarball listings and stages balanced extraction/rerank candidates. These models remain external rerank and accuracy-estimation inputs, not internal predictions, not CASP submissions, and not competitive-proof evidence."
7,H2319,H2319_T333,12437,H2319_all_pdbs/Model_2541_afm_dropout_noSM_woTemplates_model_1_multimer_v2_pred_43.pdb,Model_2541_afm_dropout_noSM_woTemplates_model_1_multimer_v2_pred_43.pdb,2541,AFM,afm_dropout_noSM_woTemplates_multimer_v2,,1,43,afm_dropout_noSM_woTemplates_v2,,False,casp17/massivefold_external_pool_intake/h2319_t333/extracted_models/H2319_all_pdbs/Model_2541_afm_dropout_noSM_woTemplates_model_1_multimer_v2_pred_43.pdb,awaiting_extract,"MassiveFold model pool index only. It parses organizer-provided external model tarball listings and stages balanced extraction/rerank candidates. These models remain external rerank and accuracy-estimation inputs, not internal predictions, not CASP submissions, and not competitive-proof evidence."
7,H2319,H2319_T333,12500,H2319_all_pdbs/Model_3674_afm_dropout_noSM_woTemplates_model_2_multimer_v2_pred_9.pdb,Model_3674_afm_dropout_noSM_woTemplates_model_2_multimer_v2_pred_9.pdb,3674,AFM,afm_dropout_noSM_woTemplates_multimer_v2,,2,9,afm_dropout_noSM_woTemplates_v2,,False,casp17/massivefold_external_pool_intake/h2319_t333/extracted_models/H2319_all_pdbs/Model_3674_afm_dropout_noSM_woTemplates_model_2_multimer_v2_pred_9.pdb,awaiting_extract,"MassiveFold model pool index only. It parses organizer-provided external model tarball listings and stages balanced extraction/rerank candidates. These models remain external rerank and accuracy-estimation inputs, not internal predictions, not CASP submissions, and not competitive-proof evidence."
7,H2319,H2319_T333,12571,H2319_all_pdbs/Model_3099_afm_dropout_noSM_woTemplates_model_4_multimer_v2_pred_20.pdb,Model_3099_afm_dropout_noSM_woTemplates_model_4_multimer_v2_pred_20.pdb,3099,AFM,afm_dropout_noSM_woTemplates_multimer_v2,,4,20,afm_dropout_noSM_woTemplates_v2,,False,casp17/massivefold_external_pool_intake/h2319_t333/extracted_models/H2319_all_pdbs/Model_3099_afm_dropout_noSM_woTemplates_model_4_multimer_v2_pred_20.pdb,awaiting_extract,"MassiveFold model pool index only. It parses organizer-provided external model tarball listings and stages balanced extraction/rerank candidates. These models remain external rerank and accuracy-estimation inputs, not internal predictions, not CASP submissions, and not competitive-proof evidence."
7,H2319,H2319_T333,12606,H2319_all_pdbs/Model_3330_afm_dropout_noSM_woTemplates_model_4_multimer_v2_pred_33.pdb,Model_3330_afm_dropout_noSM_woTemplates_model_4_multimer_v2_pred_33.pdb,3330,AFM,afm_dropout_noSM_woTemplates_multimer_v2,,4,33,afm_dropout_noSM_woTemplates_v2,,False,casp17/massivefold_external_pool_intake/h2319_t333/extracted_models/H2319_all_pdbs/Model_3330_afm_dropout_noSM_woTemplates_model_4_multimer_v2_pred_33.pdb,awaiting_extract,"MassiveFold model pool index only. It parses organizer-provided external model tarball listings and stages balanced extraction/rerank candidates. These models remain external rerank and accuracy-estimation inputs, not internal predictions, not CASP submissions, and not competitive-proof evidence."
7,H2319,H2319_T333,12649,H2319_all_pdbs/Model_2631_afm_dropout_noSM_woTemplates_model_3_multimer_v2_pred_63.pdb,Model_2631_afm_dropout_noSM_woTemplates_model_3_multimer_v2_pred_63.pdb,2631,AFM,afm_dropout_noSM_woTemplates_multimer_v2,,3,63,afm_dropout_noSM_woTemplates_v2,,False,casp17/massivefold_external_pool_intake/h2319_t333/extracted_models/H2319_all_pdbs/Model_2631_afm_dropout_noSM_woTemplates_model_3_multimer_v2_pred_63.pdb,awaiting_extract,"MassiveFold model pool index only. It parses organizer-provided external model tarball listings and stages balanced extraction/rerank candidates. These models remain external rerank and accuracy-estimation inputs, not internal predictions, not CASP submissions, and not competitive-proof evidence."
7,H2319,H2319_T333,12672,H2319_all_pdbs/Model_3345_afm_dropout_noSM_woTemplates_model_4_multimer_v2_pred_55.pdb,Model_3345_afm_dropout_noSM_woTemplates_model_4_multimer_v2_pred_55.pdb,3345,AFM,afm_dropout_noSM_woTemplates_multimer_v2,,4,55,afm_dropout_noSM_woTemplates_v2,,False,casp17/massivefold_external_pool_intake/h2319_t333/extracted_models/H2319_all_pdbs/Model_3345_afm_dropout_noSM_woTemplates_model_4_multimer_v2_pred_55.pdb,awaiting_extract,"MassiveFold model pool index only. It parses organizer-provided external model tarball listings and stages balanced extraction/rerank candidates. These models remain external rerank and accuracy-estimation inputs, not internal predictions, not CASP submissions, and not competitive-proof evidence."
7,H2319,H2319_T333,12682,H2319_all_pdbs/Model_2163_afm_dropout_noSM_woTemplates_model_4_multimer_v2_pred_59.pdb,Model_2163_afm_dropout_noSM_woTemplates_model_4_multimer_v2_pred_59.pdb,2163,AFM,afm_dropout_noSM_woTemplates_multimer_v2,,4,59,afm_dropout_noSM_woTemplates_v2,,False,casp17/massivefold_external_pool_intake/h2319_t333/extracted_models/H2319_all_pdbs/Model_2163_afm_dropout_noSM_woTemplates_model_4_multimer_v2_pred_59.pdb,awaiting_extract,"MassiveFold model pool index only. It parses organizer-provided external model tarball listings and stages balanced extraction/rerank candidates. These models remain external rerank and accuracy-estimation inputs, not internal predictions, not CASP submissions, and not competitive-proof evidence."
7,H2319,H2319_T333,12730,H2319_all_pdbs/Model_4002_afm_dropout_noSM_woTemplates_model_2_multimer_v2_pred_31.pdb,Model_4002_afm_dropout_noSM_woTemplates_model_2_multimer_v2_pred_31.pdb,4002,AFM,afm_dropout_noSM_woTemplates_multimer_v2,,2,31,afm_dropout_noSM_woTemplates_v2,,False,casp17/massivefold_external_pool_intake/h2319_t333/extracted_models/H2319_all_pdbs/Model_4002_afm_dropout_noSM_woTemplates_model_2_multimer_v2_pred_31.pdb,awaiting_extract,"MassiveFold model pool index only. It parses organizer-provided external model tarball listings and stages balanced extraction/rerank candidates. These models remain external rerank and accuracy-estimation inputs, not internal predictions, not CASP submissions, and not competitive-proof evidence."
7,H2319,H2319_T333,12733,H2319_all_pdbs/Model_1733_afm_dropout_noSM_woTemplates_model_4_multimer_v2_pred_64.pdb,Model_1733_afm_dropout_noSM_woTemplates_model_4_multimer_v2_pred_64.pdb,1733,AFM,afm_dropout_noSM_woTemplates_multimer_v2,,4,64,afm_dropout_noSM_woTemplates_v2,,False,casp17/massivefold_external_pool_intake/h2319_t333/extracted_models/H2319_all_pdbs/Model_1733_afm_dropout_noSM_woTemplates_model_4_multimer_v2_pred_64.pdb,awaiting_extract,"MassiveFold model pool index only. It parses organizer-provided external model tarball listings and stages balanced extraction/rerank candidates. These models remain external rerank and accuracy-estimation inputs, not internal predictions, not CASP submissions, and not competitive-proof evidence."
7,H2319,H2319_T333,12762,H2319_all_pdbs/Model_3962_afm_dropout_noSM_woTemplates_model_2_multimer_v2_pred_55.pdb,Model_3962_afm_dropout_noSM_woTemplates_model_2_multimer_v2_pred_55.pdb,3962,AFM,afm_dropout_noSM_woTemplates_multimer_v2,,2,55,afm_dropout_noSM_woTemplates_v2,,False,casp17/massivefold_external_pool_intake/h2319_t333/extracted_models/H2319_all_pdbs/Model_3962_afm_dropout_noSM_woTemplates_model_2_multimer_v2_pred_55.pdb,awaiting_extract,"MassiveFold model pool index only. It parses organizer-provided external model tarball listings and stages balanced extraction/rerank candidates. These models remain external rerank and accuracy-estimation inputs, not internal predictions, not CASP submissions, and not competitive-proof evidence."
7,H2319,H2319_T333,12767,H2319_all_pdbs/Model_1324_afm_dropout_noSM_woTemplates_model_1_multimer_v2_pred_48.pdb,Model_1324_afm_dropout_noSM_woTemplates_model_1_multimer_v2_pred_48.pdb,1324,AFM,afm_dropout_noSM_woTemplates_multimer_v2,,1,48,afm_dropout_noSM_woTemplates_v2,,False,casp17/massivefold_external_pool_intake/h2319_t333/extracted_models/H2319_all_pdbs/Model_1324_afm_dropout_noSM_woTemplates_model_1_multimer_v2_pred_48.pdb,awaiting_extract,"MassiveFold model pool index only. It parses organizer-provided external model tarball listings and stages balanced extraction/rerank candidates. These models remain external rerank and accuracy-estimation inputs, not internal predictions, not CASP submissions, and not competitive-proof evidence."
7,H2319,H2319_T333,12873,H2319_all_pdbs/Model_3815_afm_dropout_noSM_woTemplates_model_2_multimer_v2_pred_32.pdb,Model_3815_afm_dropout_noSM_woTemplates_model_2_multimer_v2_pred_32.pdb,3815,AFM,afm_dropout_noSM_woTemplates_multimer_v2,,2,32,afm_dropout_noSM_woTemplates_v2,,False,casp17/massivefold_external_pool_intake/h2319_t333/extracted_models/H2319_all_pdbs/Model_3815_afm_dropout_noSM_woTemplates_model_2_multimer_v2_pred_32.pdb,awaiting_extract,"MassiveFold model pool index only. It parses organizer-provided external model tarball listings and stages balanced extraction/rerank candidates. These models remain external rerank and accuracy-estimation inputs, not internal predictions, not CASP submissions, and not competitive-proof evidence."
7,H2319,H2319_T333,12910,H2319_all_pdbs/Model_4145_afm_dropout_noSM_woTemplates_model_2_multimer_v2_pred_2.pdb,Model_4145_afm_dropout_noSM_woTemplates_model_2_multimer_v2_pred_2.pdb,4145,AFM,afm_dropout_noSM_woTemplates_multimer_v2,,2,2,afm_dropout_noSM_woTemplates_v2,,False,casp17/massivefold_external_pool_intake/h2319_t333/extracted_models/H2319_all_pdbs/Model_4145_afm_dropout_noSM_woTemplates_model_2_multimer_v2_pred_2.pdb,awaiting_extract,"MassiveFold model pool index only. It parses organizer-provided external model tarball listings and stages balanced extraction/rerank candidates. These models remain external rerank and accuracy-estimation inputs, not internal predictions, not CASP submissions, and not competitive-proof evidence."
7,H2319,H2319_T333,12974,H2319_all_pdbs/Model_2330_afm_dropout_noSM_woTemplates_model_5_multimer_v2_pred_30.pdb,Model_2330_afm_dropout_noSM_woTemplates_model_5_multimer_v2_pred_30.pdb,2330,AFM,afm_dropout_noSM_woTemplates_multimer_v2,,5,30,afm_dropout_noSM_woTemplates_v2,,False,casp17/massivefold_external_pool_intake/h2319_t333/extracted_models/H2319_all_pdbs/Model_2330_afm_dropout_noSM_woTemplates_model_5_multimer_v2_pred_30.pdb,awaiting_extract,"MassiveFold model pool index only. It parses organizer-provided external model tarball listings and stages balanced extraction/rerank candidates. These models remain external rerank and accuracy-estimation inputs, not internal predictions, not CASP submissions, and not competitive-proof evidence."
7,H2319,H2319_T333,13080,H2319_all_pdbs/Model_3068_afm_dropout_noSM_woTemplates_model_5_multimer_v2_pred_5.pdb,Model_3068_afm_dropout_noSM_woTemplates_model_5_multimer_v2_pred_5.pdb,3068,AFM,afm_dropout_noSM_woTemplates_multimer_v2,,5,5,afm_dropout_noSM_woTemplates_v2,,False,casp17/massivefold_external_pool_intake/h2319_t333/extracted_models/H2319_all_pdbs/Model_3068_afm_dropout_noSM_woTemplates_model_5_multimer_v2_pred_5.pdb,awaiting_extract,"MassiveFold model pool index only. It parses organizer-provided external model tarball listings and stages balanced extraction/rerank candidates. These models remain external rerank and accuracy-estimation inputs, not internal predictions, not CASP submissions, and not competitive-proof evidence."
7,H2319,H2319_T333,13094,H2319_all_pdbs/Model_3081_afm_dropout_noSM_woTemplates_model_4_multimer_v2_pred_28.pdb,Model_3081_afm_dropout_noSM_woTemplates_model_4_multimer_v2_pred_28.pdb,3081,AFM,afm_dropout_noSM_woTemplates_multimer_v2,,4,28,afm_dropout_noSM_woTemplates_v2,,False,casp17/massivefold_external_pool_intake/h2319_t333/extracted_models/H2319_all_pdbs/Model_3081_afm_dropout_noSM_woTemplates_model_4_multimer_v2_pred_28.pdb,awaiting_extract,"MassiveFold model pool index only. It parses organizer-provided external model tarball listings and stages balanced extraction/rerank candidates. These models remain external rerank and accuracy-estimation inputs, not internal predictions, not CASP submissions, and not competitive-proof evidence."
7,H2319,H2319_T333,13115,H2319_all_pdbs/Model_2790_afm_dropout_noSM_woTemplates_model_3_multimer_v2_pred_27.pdb,Model_2790_afm_dropout_noSM_woTemplates_model_3_multimer_v2_pred_27.pdb,2790,AFM,afm_dropout_noSM_woTemplates_multimer_v2,,3,27,afm_dropout_noSM_woTemplates_v2,,False,casp17/massivefold_external_pool_intake/h2319_t333/extracted_models/H2319_all_pdbs/Model_2790_afm_dropout_noSM_woTemplates_model_3_multimer_v2_pred_27.pdb,awaiting_extract,"MassiveFold model pool index only. It parses organizer-provided external model tarball listings and stages balanced extraction/rerank candidates. These models remain external rerank and accuracy-estimation inputs, not internal predictions, not CASP submissions, and not competitive-proof evidence."
7,H2319,H2319_T333,13130,H2319_all_pdbs/Model_3516_afm_dropout_noSM_woTemplates_model_5_multimer_v2_pred_66.pdb,Model_3516_afm_dropout_noSM_woTemplates_model_5_multimer_v2_pred_66.pdb,3516,AFM,afm_dropout_noSM_woTemplates_multimer_v2,,5,66,afm_dropout_noSM_woTemplates_v2,,False,casp17/massivefold_external_pool_intake/h2319_t333/extracted_models/H2319_all_pdbs/Model_3516_afm_dropout_noSM_woTemplates_model_5_multimer_v2_pred_66.pdb,awaiting_extract,"MassiveFold model pool index only. It parses organizer-provided external model tarball listings and stages balanced extraction/rerank candidates. These models remain external rerank and accuracy-estimation inputs, not internal predictions, not CASP submissions, and not competitive-proof evidence."
7,H2319,H2319_T333,13175,H2319_all_pdbs/Model_2456_afm_dropout_noSM_woTemplates_model_3_multimer_v2_pred_21.pdb,Model_2456_afm_dropout_noSM_woTemplates_model_3_multimer_v2_pred_21.pdb,2456,AFM,afm_dropout_noSM_woTemplates_multimer_v2,,3,21,afm_dropout_noSM_woTemplates_v2,,False,casp17/massivefold_external_pool_intake/h2319_t333/extracted_models/H2319_all_pdbs/Model_2456_afm_dropout_noSM_woTemplates_model_3_multimer_v2_pred_21.pdb,awaiting_extract,"MassiveFold model pool index only. It parses organizer-provided external model tarball listings and stages balanced extraction/rerank candidates. These models remain external rerank and accuracy-estimation inputs, not internal predictions, not CASP submissions, and not competitive-proof evidence."
7,H2319,H2319_T333,13204,H2319_all_pdbs/Model_3325_afm_dropout_noSM_woTemplates_model_4_multimer_v2_pred_40.pdb,Model_3325_afm_dropout_noSM_woTemplates_model_4_multimer_v2_pred_40.pdb,3325,AFM,afm_dropout_noSM_woTemplates_multimer_v2,,4,40,afm_dropout_noSM_woTemplates_v2,,False,casp17/massivefold_external_pool_intake/h2319_t333/extracted_models/H2319_all_pdbs/Model_3325_afm_dropout_noSM_woTemplates_model_4_multimer_v2_pred_40.pdb,awaiting_extract,"MassiveFold model pool index only. It parses organizer-provided external model tarball listings and stages balanced extraction/rerank candidates. These models remain external rerank and accuracy-estimation inputs, not internal predictions, not CASP submissions, and not competitive-proof evidence."
7,H2319,H2319_T333,13223,H2319_all_pdbs/Model_1579_afm_dropout_noSM_woTemplates_model_3_multimer_v2_pred_22.pdb,Model_1579_afm_dropout_noSM_woTemplates_model_3_multimer_v2_pred_22.pdb,1579,AFM,afm_dropout_noSM_woTemplates_multimer_v2,,3,22,afm_dropout_noSM_woTemplates_v2,,False,casp17/massivefold_external_pool_intake/h2319_t333/extracted_models/H2319_all_pdbs/Model_1579_afm_dropout_noSM_woTemplates_model_3_multimer_v2_pred_22.pdb,awaiting_extract,"MassiveFold model pool index only. It parses organizer-provided external model tarball listings and stages balanced extraction/rerank candidates. These models remain external rerank and accuracy-estimation inputs, not internal predictions, not CASP submissions, and not competitive-proof evidence."
7,H2319,H2319_T333,13262,H2319_all_pdbs/Model_2190_afm_dropout_noSM_woTemplates_model_1_multimer_v2_pred_25.pdb,Model_2190_afm_dropout_noSM_woTemplates_model_1_multimer_v2_pred_25.pdb,2190,AFM,afm_dropout_noSM_woTemplates_multimer_v2,,1,25,afm_dropout_noSM_woTemplates_v2,,False,casp17/massivefold_external_pool_intake/h2319_t333/extracted_models/H2319_all_pdbs/Model_2190_afm_dropout_noSM_woTemplates_model_1_multimer_v2_pred_25.pdb,awaiting_extract,"MassiveFold model pool index only. It parses organizer-provided external model tarball listings and stages balanced extraction/rerank candidates. These models remain external rerank and accuracy-estimation inputs, not internal predictions, not CASP submissions, and not competitive-proof evidence."
7,H2319,H2319_T333,13270,H2319_all_pdbs/Model_4172_afm_dropout_noSM_woTemplates_model_2_multimer_v2_pred_1.pdb,Model_4172_afm_dropout_noSM_woTemplates_model_2_multimer_v2_pred_1.pdb,4172,AFM,afm_dropout_noSM_woTemplates_multimer_v2,,2,1,afm_dropout_noSM_woTemplates_v2,,False,casp17/massivefold_external_pool_intake/h2319_t333/extracted_models/H2319_all_pdbs/Model_4172_afm_dropout_noSM_woTemplates_model_2_multimer_v2_pred_1.pdb,awaiting_extract,"MassiveFold model pool index only. It parses organizer-provided external model tarball listings and stages balanced extraction/rerank candidates. These models remain external rerank and accuracy-estimation inputs, not internal predictions, not CASP submissions, and not competitive-proof evidence."
7,H2319,H2319_T333,13324,H2319_all_pdbs/Model_2058_afm_dropout_noSM_woTemplates_model_1_multimer_v2_pred_23.pdb,Model_2058_afm_dropout_noSM_woTemplates_model_1_multimer_v2_pred_23.pdb,2058,AFM,afm_dropout_noSM_woTemplates_multimer_v2,,1,23,afm_dropout_noSM_woTemplates_v2,,False,casp17/massivefold_external_pool_intake/h2319_t333/extracted_models/H2319_all_pdbs/Model_2058_afm_dropout_noSM_woTemplates_model_1_multimer_v2_pred_23.pdb,awaiting_extract,"MassiveFold model pool index only. It parses organizer-provided external model tarball listings and stages balanced extraction/rerank candidates. These models remain external rerank and accuracy-estimation inputs, not internal predictions, not CASP submissions, and not competitive-proof evidence."
7,H2319,H2319_T333,13458,H2319_all_pdbs/Model_2386_afm_dropout_noSM_woTemplates_model_5_multimer_v2_pred_43.pdb,Model_2386_afm_dropout_noSM_woTemplates_model_5_multimer_v2_pred_43.pdb,2386,AFM,afm_dropout_noSM_woTemplates_multimer_v2,,5,43,afm_dropout_noSM_woTemplates_v2,,False,casp17/massivefold_external_pool_intake/h2319_t333/extracted_models/H2319_all_pdbs/Model_2386_afm_dropout_noSM_woTemplates_model_5_multimer_v2_pred_43.pdb,awaiting_extract,"MassiveFold model pool index only. It parses organizer-provided external model tarball listings and stages balanced extraction/rerank candidates. These models remain external rerank and accuracy-estimation inputs, not internal predictions, not CASP submissions, and not competitive-proof evidence."
7,H2319,H2319_T333,13482,H2319_all_pdbs/Model_2018_afm_dropout_noSM_woTemplates_model_3_multimer_v2_pred_50.pdb,Model_2018_afm_dropout_noSM_woTemplates_model_3_multimer_v2_pred_50.pdb,2018,AFM,afm_dropout_noSM_woTemplates_multimer_v2,,3,50,afm_dropout_noSM_woTemplates_v2,,False,casp17/massivefold_external_pool_intake/h2319_t333/extracted_models/H2319_all_pdbs/Model_2018_afm_dropout_noSM_woTemplates_model_3_multimer_v2_pred_50.pdb,awaiting_extract,"MassiveFold model pool index only. It parses organizer-provided external model tarball listings and stages balanced extraction/rerank candidates. These models remain external rerank and accuracy-estimation inputs, not internal predictions, not CASP submissions, and not competitive-proof evidence."
7,H2319,H2319_T333,13493,H2319_all_pdbs/Model_4109_afm_dropout_noSM_woTemplates_model_2_multimer_v2_pred_22.pdb,Model_4109_afm_dropout_noSM_woTemplates_model_2_multimer_v2_pred_22.pdb,4109,AFM,afm_dropout_noSM_woTemplates_multimer_v2,,2,22,afm_dropout_noSM_woTemplates_v2,,False,casp17/massivefold_external_pool_intake/h2319_t333/extracted_models/H2319_all_pdbs/Model_4109_afm_dropout_noSM_woTemplates_model_2_multimer_v2_pred_22.pdb,awaiting_extract,"MassiveFold model pool index only. It parses organizer-provided external model tarball listings and stages balanced extraction/rerank candidates. These models remain external rerank and accuracy-estimation inputs, not internal predictions, not CASP submissions, and not competitive-proof evidence."
7,H2319,H2319_T333,13552,H2319_all_pdbs/Model_1411_afm_dropout_noSM_woTemplates_model_1_multimer_v2_pred_27.pdb,Model_1411_afm_dropout_noSM_woTemplates_model_1_multimer_v2_pred_27.pdb,1411,AFM,afm_dropout_noSM_woTemplates_multimer_v2,,1,27,afm_dropout_noSM_woTemplates_v2,,False,casp17/massivefold_external_pool_intake/h2319_t333/extracted_models/H2319_all_pdbs/Model_1411_afm_dropout_noSM_woTemplates_model_1_multimer_v2_pred_27.pdb,awaiting_extract,"MassiveFold model pool index only. It parses organizer-provided external model tarball listings and stages balanced extraction/rerank candidates. These models remain external rerank and accuracy-estimation inputs, not internal predictions, not CASP submissions, and not competitive-proof evidence."
7,H2319,H2319_T333,13670,H2319_all_pdbs/Model_1266_afm_dropout_noSM_woTemplates_model_3_multimer_v2_pred_34.pdb,Model_1266_afm_dropout_noSM_woTemplates_model_3_multimer_v2_pred_34.pdb,1266,AFM,afm_dropout_noSM_woTemplates_multimer_v2,,3,34,afm_dropout_noSM_woTemplates_v2,124,True,casp17/massivefold_external_pool_intake/h2319_t333/extracted_models/H2319_all_pdbs/Model_1266_afm_dropout_noSM_woTemplates_model_3_multimer_v2_pred_34.pdb,extracted,"MassiveFold model pool index only. It parses organizer-provided external model tarball listings and stages balanced extraction/rerank candidates. These models remain external rerank and accuracy-estimation inputs, not internal predictions, not CASP submissions, and not competitive-proof evidence."
7,H2319,H2319_T333,13697,H2319_all_pdbs/Model_1647_afm_dropout_noSM_woTemplates_model_1_multimer_v2_pred_58.pdb,Model_1647_afm_dropout_noSM_woTemplates_model_1_multimer_v2_pred_58.pdb,1647,AFM,afm_dropout_noSM_woTemplates_multimer_v2,,1,58,afm_dropout_noSM_woTemplates_v2,,False,casp17/massivefold_external_pool_intake/h2319_t333/extracted_models/H2319_all_pdbs/Model_1647_afm_dropout_noSM_woTemplates_model_1_multimer_v2_pred_58.pdb,awaiting_extract,"MassiveFold model pool index only. It parses organizer-provided external model tarball listings and stages balanced extraction/rerank candidates. These models remain external rerank and accuracy-estimation inputs, not internal predictions, not CASP submissions, and not competitive-proof evidence."
7,H2319,H2319_T333,13735,H2319_all_pdbs/Model_1503_afm_dropout_noSM_woTemplates_model_4_multimer_v2_pred_62.pdb,Model_1503_afm_dropout_noSM_woTemplates_model_4_multimer_v2_pred_62.pdb,1503,AFM,afm_dropout_noSM_woTemplates_multimer_v2,,4,62,afm_dropout_noSM_woTemplates_v2,,False,casp17/massivefold_external_pool_intake/h2319_t333/extracted_models/H2319_all_pdbs/Model_1503_afm_dropout_noSM_woTemplates_model_4_multimer_v2_pred_62.pdb,awaiting_extract,"MassiveFold model pool index only. It parses organizer-provided external model tarball listings and stages balanced extraction/rerank candidates. These models remain external rerank and accuracy-estimation inputs, not internal predictions, not CASP submissions, and not competitive-proof evidence."
7,H2319,H2319_T333,13834,H2319_all_pdbs/Model_3898_afm_dropout_noSM_woTemplates_model_2_multimer_v2_pred_11.pdb,Model_3898_afm_dropout_noSM_woTemplates_model_2_multimer_v2_pred_11.pdb,3898,AFM,afm_dropout_noSM_woTemplates_multimer_v2,,2,11,afm_dropout_noSM_woTemplates_v2,,False,casp17/massivefold_external_pool_intake/h2319_t333/extracted_models/H2319_all_pdbs/Model_3898_afm_dropout_noSM_woTemplates_model_2_multimer_v2_pred_11.pdb,awaiting_extract,"MassiveFold model pool index only. It parses organizer-provided external model tarball listings and stages balanced extraction/rerank candidates. These models remain external rerank and accuracy-estimation inputs, not internal predictions, not CASP submissions, and not competitive-proof evidence."
7,H2319,H2319_T333,13929,H2319_all_pdbs/Model_2951_afm_dropout_noSM_woTemplates_model_3_multimer_v2_pred_55.pdb,Model_2951_afm_dropout_noSM_woTemplates_model_3_multimer_v2_pred_55.pdb,2951,AFM,afm_dropout_noSM_woTemplates_multimer_v2,,3,55,afm_dropout_noSM_woTemplates_v2,,False,casp17/massivefold_external_pool_intake/h2319_t333/extracted_models/H2319_all_pdbs/Model_2951_afm_dropout_noSM_woTemplates_model_3_multimer_v2_pred_55.pdb,awaiting_extract,"MassiveFold model pool index only. It parses organizer-provided external model tarball listings and stages balanced extraction/rerank candidates. These models remain external rerank and accuracy-estimation inputs, not internal predictions, not CASP submissions, and not competitive-proof evidence."
7,H2319,H2319_T333,13940,H2319_all_pdbs/Model_2519_afm_dropout_noSM_woTemplates_model_5_multimer_v2_pred_19.pdb,Model_2519_afm_dropout_noSM_woTemplates_model_5_multimer_v2_pred_19.pdb,2519,AFM,afm_dropout_noSM_woTemplates_multimer_v2,,5,19,afm_dropout_noSM_woTemplates_v2,,False,casp17/massivefold_external_pool_intake/h2319_t333/extracted_models/H2319_all_pdbs/Model_2519_afm_dropout_noSM_woTemplates_model_5_multimer_v2_pred_19.pdb,awaiting_extract,"MassiveFold model pool index only. It parses organizer-provided external model tarball listings and stages balanced extraction/rerank candidates. These models remain external rerank and accuracy-estimation inputs, not internal predictions, not CASP submissions, and not competitive-proof evidence."
7,H2319,H2319_T333,13954,H2319_all_pdbs/Model_1318_afm_dropout_noSM_woTemplates_model_1_multimer_v2_pred_16.pdb,Model_1318_afm_dropout_noSM_woTemplates_model_1_multimer_v2_pred_16.pdb,1318,AFM,afm_dropout_noSM_woTemplates_multimer_v2,,1,16,afm_dropout_noSM_woTemplates_v2,,False,casp17/massivefold_external_pool_intake/h2319_t333/extracted_models/H2319_all_pdbs/Model_1318_afm_dropout_noSM_woTemplates_model_1_multimer_v2_pred_16.pdb,awaiting_extract,"MassiveFold model pool index only. It parses organizer-provided external model tarball listings and stages balanced extraction/rerank candidates. These models remain external rerank and accuracy-estimation inputs, not internal predictions, not CASP submissions, and not competitive-proof evidence."
7,H2319,H2319_T333,14034,H2319_all_pdbs/Model_3859_afm_dropout_noSM_woTemplates_model_2_multimer_v2_pred_53.pdb,Model_3859_afm_dropout_noSM_woTemplates_model_2_multimer_v2_pred_53.pdb,3859,AFM,afm_dropout_noSM_woTemplates_multimer_v2,,2,53,afm_dropout_noSM_woTemplates_v2,,False,casp17/massivefold_external_pool_intake/h2319_t333/extracted_models/H2319_all_pdbs/Model_3859_afm_dropout_noSM_woTemplates_model_2_multimer_v2_pred_53.pdb,awaiting_extract,"MassiveFold model pool index only. It parses organizer-provided external model tarball listings and stages balanced extraction/rerank candidates. These models remain external rerank and accuracy-estimation inputs, not internal predictions, not CASP submissions, and not competitive-proof evidence."
7,H2319,H2319_T333,14058,H2319_all_pdbs/Model_1394_afm_dropout_noSM_woTemplates_model_1_multimer_v2_pred_50.pdb,Model_1394_afm_dropout_noSM_woTemplates_model_1_multimer_v2_pred_50.pdb,1394,AFM,afm_dropout_noSM_woTemplates_multimer_v2,,1,50,afm_dropout_noSM_woTemplates_v2,,False,casp17/massivefold_external_pool_intake/h2319_t333/extracted_models/H2319_all_pdbs/Model_1394_afm_dropout_noSM_woTemplates_model_1_multimer_v2_pred_50.pdb,awaiting_extract,"MassiveFold model pool index only. It parses organizer-provided external model tarball listings and stages balanced extraction/rerank candidates. These models remain external rerank and accuracy-estimation inputs, not internal predictions, not CASP submissions, and not competitive-proof evidence."
