pool_rank,target_id,model_set_id,model_rank,tar_member_path,filename,model_serial,af_engine,af_protocol,seed,sample,pred,rerank_bucket,selection_rank,selected_for_balanced_extract,extract_destination,extraction_status,claim_boundary
7,H2319,H2319_T333,5,H2319_all_pdbs/Model_8855_af3_woUnpaired_af3_seed_787943_sample_2_pred_477.cif,Model_8855_af3_woUnpaired_af3_seed_787943_sample_2_pred_477.cif,8855,AF3,af3_woUnpaired,787943,2,477,woUnpaired,,False,casp17/massivefold_external_pool_intake/h2319_t333/extracted_models/H2319_all_pdbs/Model_8855_af3_woUnpaired_af3_seed_787943_sample_2_pred_477.cif,awaiting_extract,"MassiveFold model pool index only. It parses organizer-provided external model tarball listings and stages balanced extraction/rerank candidates. These models remain external rerank and accuracy-estimation inputs, not internal predictions, not CASP submissions, and not competitive-proof evidence."
7,H2319,H2319_T333,24,H2319_all_pdbs/Model_8823_af3_woUnpaired_af3_seed_714125_sample_2_pred_582.cif,Model_8823_af3_woUnpaired_af3_seed_714125_sample_2_pred_582.cif,8823,AF3,af3_woUnpaired,714125,2,582,woUnpaired,,False,casp17/massivefold_external_pool_intake/h2319_t333/extracted_models/H2319_all_pdbs/Model_8823_af3_woUnpaired_af3_seed_714125_sample_2_pred_582.cif,awaiting_extract,"MassiveFold model pool index only. It parses organizer-provided external model tarball listings and stages balanced extraction/rerank candidates. These models remain external rerank and accuracy-estimation inputs, not internal predictions, not CASP submissions, and not competitive-proof evidence."
7,H2319,H2319_T333,33,H2319_all_pdbs/Model_6923_af3_woUnpaired_af3_seed_787934_sample_1_pred_431.cif,Model_6923_af3_woUnpaired_af3_seed_787934_sample_1_pred_431.cif,6923,AF3,af3_woUnpaired,787934,1,431,woUnpaired,,False,casp17/massivefold_external_pool_intake/h2319_t333/extracted_models/H2319_all_pdbs/Model_6923_af3_woUnpaired_af3_seed_787934_sample_1_pred_431.cif,awaiting_extract,"MassiveFold model pool index only. It parses organizer-provided external model tarball listings and stages balanced extraction/rerank candidates. These models remain external rerank and accuracy-estimation inputs, not internal predictions, not CASP submissions, and not competitive-proof evidence."
7,H2319,H2319_T333,34,H2319_all_pdbs/Model_8623_af3_woUnpaired_af3_seed_466144_sample_1_pred_36.cif,Model_8623_af3_woUnpaired_af3_seed_466144_sample_1_pred_36.cif,8623,AF3,af3_woUnpaired,466144,1,36,woUnpaired,,False,casp17/massivefold_external_pool_intake/h2319_t333/extracted_models/H2319_all_pdbs/Model_8623_af3_woUnpaired_af3_seed_466144_sample_1_pred_36.cif,awaiting_extract,"MassiveFold model pool index only. It parses organizer-provided external model tarball listings and stages balanced extraction/rerank candidates. These models remain external rerank and accuracy-estimation inputs, not internal predictions, not CASP submissions, and not competitive-proof evidence."
7,H2319,H2319_T333,38,H2319_all_pdbs/Model_8941_af3_woUnpaired_af3_seed_787923_sample_4_pred_379.cif,Model_8941_af3_woUnpaired_af3_seed_787923_sample_4_pred_379.cif,8941,AF3,af3_woUnpaired,787923,4,379,woUnpaired,,False,casp17/massivefold_external_pool_intake/h2319_t333/extracted_models/H2319_all_pdbs/Model_8941_af3_woUnpaired_af3_seed_787923_sample_4_pred_379.cif,awaiting_extract,"MassiveFold model pool index only. It parses organizer-provided external model tarball listings and stages balanced extraction/rerank candidates. These models remain external rerank and accuracy-estimation inputs, not internal predictions, not CASP submissions, and not competitive-proof evidence."
7,H2319,H2319_T333,40,H2319_all_pdbs/Model_8702_af3_woUnpaired_af3_seed_646841_sample_2_pred_247.cif,Model_8702_af3_woUnpaired_af3_seed_646841_sample_2_pred_247.cif,8702,AF3,af3_woUnpaired,646841,2,247,woUnpaired,,False,casp17/massivefold_external_pool_intake/h2319_t333/extracted_models/H2319_all_pdbs/Model_8702_af3_woUnpaired_af3_seed_646841_sample_2_pred_247.cif,awaiting_extract,"MassiveFold model pool index only. It parses organizer-provided external model tarball listings and stages balanced extraction/rerank candidates. These models remain external rerank and accuracy-estimation inputs, not internal predictions, not CASP submissions, and not competitive-proof evidence."
7,H2319,H2319_T333,48,H2319_all_pdbs/Model_10272_af3_woUnpaired_af3_seed_787940_sample_0_pred_460.cif,Model_10272_af3_woUnpaired_af3_seed_787940_sample_0_pred_460.cif,10272,AF3,af3_woUnpaired,787940,0,460,woUnpaired,,False,casp17/massivefold_external_pool_intake/h2319_t333/extracted_models/H2319_all_pdbs/Model_10272_af3_woUnpaired_af3_seed_787940_sample_0_pred_460.cif,awaiting_extract,"MassiveFold model pool index only. It parses organizer-provided external model tarball listings and stages balanced extraction/rerank candidates. These models remain external rerank and accuracy-estimation inputs, not internal predictions, not CASP submissions, and not competitive-proof evidence."
7,H2319,H2319_T333,53,H2319_all_pdbs/Model_8789_af3_woUnpaired_af3_seed_646839_sample_1_pred_236.cif,Model_8789_af3_woUnpaired_af3_seed_646839_sample_1_pred_236.cif,8789,AF3,af3_woUnpaired,646839,1,236,woUnpaired,,False,casp17/massivefold_external_pool_intake/h2319_t333/extracted_models/H2319_all_pdbs/Model_8789_af3_woUnpaired_af3_seed_646839_sample_1_pred_236.cif,awaiting_extract,"MassiveFold model pool index only. It parses organizer-provided external model tarball listings and stages balanced extraction/rerank candidates. These models remain external rerank and accuracy-estimation inputs, not internal predictions, not CASP submissions, and not competitive-proof evidence."
7,H2319,H2319_T333,59,H2319_all_pdbs/Model_6997_af3_woUnpaired_af3_seed_646820_sample_3_pred_143.cif,Model_6997_af3_woUnpaired_af3_seed_646820_sample_3_pred_143.cif,6997,AF3,af3_woUnpaired,646820,3,143,woUnpaired,,False,casp17/massivefold_external_pool_intake/h2319_t333/extracted_models/H2319_all_pdbs/Model_6997_af3_woUnpaired_af3_seed_646820_sample_3_pred_143.cif,awaiting_extract,"MassiveFold model pool index only. It parses organizer-provided external model tarball listings and stages balanced extraction/rerank candidates. These models remain external rerank and accuracy-estimation inputs, not internal predictions, not CASP submissions, and not competitive-proof evidence."
7,H2319,H2319_T333,71,H2319_all_pdbs/Model_7712_af3_woUnpaired_af3_seed_334589_sample_1_pred_646.cif,Model_7712_af3_woUnpaired_af3_seed_334589_sample_1_pred_646.cif,7712,AF3,af3_woUnpaired,334589,1,646,woUnpaired,,False,casp17/massivefold_external_pool_intake/h2319_t333/extracted_models/H2319_all_pdbs/Model_7712_af3_woUnpaired_af3_seed_334589_sample_1_pred_646.cif,awaiting_extract,"MassiveFold model pool index only. It parses organizer-provided external model tarball listings and stages balanced extraction/rerank candidates. These models remain external rerank and accuracy-estimation inputs, not internal predictions, not CASP submissions, and not competitive-proof evidence."
7,H2319,H2319_T333,75,H2319_all_pdbs/Model_6976_af3_woUnpaired_af3_seed_57433_sample_4_pred_769.cif,Model_6976_af3_woUnpaired_af3_seed_57433_sample_4_pred_769.cif,6976,AF3,af3_woUnpaired,57433,4,769,woUnpaired,,False,casp17/massivefold_external_pool_intake/h2319_t333/extracted_models/H2319_all_pdbs/Model_6976_af3_woUnpaired_af3_seed_57433_sample_4_pred_769.cif,awaiting_extract,"MassiveFold model pool index only. It parses organizer-provided external model tarball listings and stages balanced extraction/rerank candidates. These models remain external rerank and accuracy-estimation inputs, not internal predictions, not CASP submissions, and not competitive-proof evidence."
7,H2319,H2319_T333,81,H2319_all_pdbs/Model_6961_af3_woUnpaired_af3_seed_714132_sample_1_pred_616.cif,Model_6961_af3_woUnpaired_af3_seed_714132_sample_1_pred_616.cif,6961,AF3,af3_woUnpaired,714132,1,616,woUnpaired,,False,casp17/massivefold_external_pool_intake/h2319_t333/extracted_models/H2319_all_pdbs/Model_6961_af3_woUnpaired_af3_seed_714132_sample_1_pred_616.cif,awaiting_extract,"MassiveFold model pool index only. It parses organizer-provided external model tarball listings and stages balanced extraction/rerank candidates. These models remain external rerank and accuracy-estimation inputs, not internal predictions, not CASP submissions, and not competitive-proof evidence."
7,H2319,H2319_T333,83,H2319_all_pdbs/Model_6394_af3_woUnpaired_af3_seed_646832_sample_2_pred_202.cif,Model_6394_af3_woUnpaired_af3_seed_646832_sample_2_pred_202.cif,6394,AF3,af3_woUnpaired,646832,2,202,woUnpaired,,False,casp17/massivefold_external_pool_intake/h2319_t333/extracted_models/H2319_all_pdbs/Model_6394_af3_woUnpaired_af3_seed_646832_sample_2_pred_202.cif,awaiting_extract,"MassiveFold model pool index only. It parses organizer-provided external model tarball listings and stages balanced extraction/rerank candidates. These models remain external rerank and accuracy-estimation inputs, not internal predictions, not CASP submissions, and not competitive-proof evidence."
7,H2319,H2319_T333,107,H2319_all_pdbs/Model_8582_af3_woUnpaired_af3_seed_714123_sample_0_pred_570.cif,Model_8582_af3_woUnpaired_af3_seed_714123_sample_0_pred_570.cif,8582,AF3,af3_woUnpaired,714123,0,570,woUnpaired,,False,casp17/massivefold_external_pool_intake/h2319_t333/extracted_models/H2319_all_pdbs/Model_8582_af3_woUnpaired_af3_seed_714123_sample_0_pred_570.cif,awaiting_extract,"MassiveFold model pool index only. It parses organizer-provided external model tarball listings and stages balanced extraction/rerank candidates. These models remain external rerank and accuracy-estimation inputs, not internal predictions, not CASP submissions, and not competitive-proof evidence."
7,H2319,H2319_T333,109,H2319_all_pdbs/Model_10892_af3_woUnpaired_af3_seed_42967_sample_4_pred_259.cif,Model_10892_af3_woUnpaired_af3_seed_42967_sample_4_pred_259.cif,10892,AF3,af3_woUnpaired,42967,4,259,woUnpaired,,False,casp17/massivefold_external_pool_intake/h2319_t333/extracted_models/H2319_all_pdbs/Model_10892_af3_woUnpaired_af3_seed_42967_sample_4_pred_259.cif,awaiting_extract,"MassiveFold model pool index only. It parses organizer-provided external model tarball listings and stages balanced extraction/rerank candidates. These models remain external rerank and accuracy-estimation inputs, not internal predictions, not CASP submissions, and not competitive-proof evidence."
7,H2319,H2319_T333,117,H2319_all_pdbs/Model_6145_af3_woUnpaired_af3_seed_646821_sample_3_pred_148.cif,Model_6145_af3_woUnpaired_af3_seed_646821_sample_3_pred_148.cif,6145,AF3,af3_woUnpaired,646821,3,148,woUnpaired,,False,casp17/massivefold_external_pool_intake/h2319_t333/extracted_models/H2319_all_pdbs/Model_6145_af3_woUnpaired_af3_seed_646821_sample_3_pred_148.cif,awaiting_extract,"MassiveFold model pool index only. It parses organizer-provided external model tarball listings and stages balanced extraction/rerank candidates. These models remain external rerank and accuracy-estimation inputs, not internal predictions, not CASP submissions, and not competitive-proof evidence."
7,H2319,H2319_T333,127,H2319_all_pdbs/Model_8781_af3_woUnpaired_af3_seed_714111_sample_4_pred_514.cif,Model_8781_af3_woUnpaired_af3_seed_714111_sample_4_pred_514.cif,8781,AF3,af3_woUnpaired,714111,4,514,woUnpaired,,False,casp17/massivefold_external_pool_intake/h2319_t333/extracted_models/H2319_all_pdbs/Model_8781_af3_woUnpaired_af3_seed_714111_sample_4_pred_514.cif,awaiting_extract,"MassiveFold model pool index only. It parses organizer-provided external model tarball listings and stages balanced extraction/rerank candidates. These models remain external rerank and accuracy-estimation inputs, not internal predictions, not CASP submissions, and not competitive-proof evidence."
7,H2319,H2319_T333,134,H2319_all_pdbs/Model_6886_af3_woUnpaired_af3_seed_578575_sample_1_pred_951.cif,Model_6886_af3_woUnpaired_af3_seed_578575_sample_1_pred_951.cif,6886,AF3,af3_woUnpaired,578575,1,951,woUnpaired,,False,casp17/massivefold_external_pool_intake/h2319_t333/extracted_models/H2319_all_pdbs/Model_6886_af3_woUnpaired_af3_seed_578575_sample_1_pred_951.cif,awaiting_extract,"MassiveFold model pool index only. It parses organizer-provided external model tarball listings and stages balanced extraction/rerank candidates. These models remain external rerank and accuracy-estimation inputs, not internal predictions, not CASP submissions, and not competitive-proof evidence."
7,H2319,H2319_T333,137,H2319_all_pdbs/Model_10903_af3_woUnpaired_af3_seed_578576_sample_2_pred_957.cif,Model_10903_af3_woUnpaired_af3_seed_578576_sample_2_pred_957.cif,10903,AF3,af3_woUnpaired,578576,2,957,woUnpaired,,False,casp17/massivefold_external_pool_intake/h2319_t333/extracted_models/H2319_all_pdbs/Model_10903_af3_woUnpaired_af3_seed_578576_sample_2_pred_957.cif,awaiting_extract,"MassiveFold model pool index only. It parses organizer-provided external model tarball listings and stages balanced extraction/rerank candidates. These models remain external rerank and accuracy-estimation inputs, not internal predictions, not CASP submissions, and not competitive-proof evidence."
7,H2319,H2319_T333,147,H2319_all_pdbs/Model_11000_af3_woUnpaired_af3_seed_646826_sample_4_pred_174.cif,Model_11000_af3_woUnpaired_af3_seed_646826_sample_4_pred_174.cif,11000,AF3,af3_woUnpaired,646826,4,174,woUnpaired,,False,casp17/massivefold_external_pool_intake/h2319_t333/extracted_models/H2319_all_pdbs/Model_11000_af3_woUnpaired_af3_seed_646826_sample_4_pred_174.cif,awaiting_extract,"MassiveFold model pool index only. It parses organizer-provided external model tarball listings and stages balanced extraction/rerank candidates. These models remain external rerank and accuracy-estimation inputs, not internal predictions, not CASP submissions, and not competitive-proof evidence."
7,H2319,H2319_T333,187,H2319_all_pdbs/Model_6935_af3_woUnpaired_af3_seed_42974_sample_1_pred_291.cif,Model_6935_af3_woUnpaired_af3_seed_42974_sample_1_pred_291.cif,6935,AF3,af3_woUnpaired,42974,1,291,woUnpaired,,False,casp17/massivefold_external_pool_intake/h2319_t333/extracted_models/H2319_all_pdbs/Model_6935_af3_woUnpaired_af3_seed_42974_sample_1_pred_291.cif,awaiting_extract,"MassiveFold model pool index only. It parses organizer-provided external model tarball listings and stages balanced extraction/rerank candidates. These models remain external rerank and accuracy-estimation inputs, not internal predictions, not CASP submissions, and not competitive-proof evidence."
7,H2319,H2319_T333,224,H2319_all_pdbs/Model_6149_af3_woUnpaired_af3_seed_334593_sample_3_pred_668.cif,Model_6149_af3_woUnpaired_af3_seed_334593_sample_3_pred_668.cif,6149,AF3,af3_woUnpaired,334593,3,668,woUnpaired,,False,casp17/massivefold_external_pool_intake/h2319_t333/extracted_models/H2319_all_pdbs/Model_6149_af3_woUnpaired_af3_seed_334593_sample_3_pred_668.cif,awaiting_extract,"MassiveFold model pool index only. It parses organizer-provided external model tarball listings and stages balanced extraction/rerank candidates. These models remain external rerank and accuracy-estimation inputs, not internal predictions, not CASP submissions, and not competitive-proof evidence."
7,H2319,H2319_T333,232,H2319_all_pdbs/Model_10978_af3_woUnpaired_af3_seed_466160_sample_2_pred_117.cif,Model_10978_af3_woUnpaired_af3_seed_466160_sample_2_pred_117.cif,10978,AF3,af3_woUnpaired,466160,2,117,woUnpaired,,False,casp17/massivefold_external_pool_intake/h2319_t333/extracted_models/H2319_all_pdbs/Model_10978_af3_woUnpaired_af3_seed_466160_sample_2_pred_117.cif,awaiting_extract,"MassiveFold model pool index only. It parses organizer-provided external model tarball listings and stages balanced extraction/rerank candidates. These models remain external rerank and accuracy-estimation inputs, not internal predictions, not CASP submissions, and not competitive-proof evidence."
7,H2319,H2319_T333,274,H2319_all_pdbs/Model_7019_af3_woUnpaired_af3_seed_42966_sample_4_pred_254.cif,Model_7019_af3_woUnpaired_af3_seed_42966_sample_4_pred_254.cif,7019,AF3,af3_woUnpaired,42966,4,254,woUnpaired,,False,casp17/massivefold_external_pool_intake/h2319_t333/extracted_models/H2319_all_pdbs/Model_7019_af3_woUnpaired_af3_seed_42966_sample_4_pred_254.cif,awaiting_extract,"MassiveFold model pool index only. It parses organizer-provided external model tarball listings and stages balanced extraction/rerank candidates. These models remain external rerank and accuracy-estimation inputs, not internal predictions, not CASP submissions, and not competitive-proof evidence."
7,H2319,H2319_T333,279,H2319_all_pdbs/Model_6399_af3_woUnpaired_af3_seed_42989_sample_0_pred_365.cif,Model_6399_af3_woUnpaired_af3_seed_42989_sample_0_pred_365.cif,6399,AF3,af3_woUnpaired,42989,0,365,woUnpaired,,False,casp17/massivefold_external_pool_intake/h2319_t333/extracted_models/H2319_all_pdbs/Model_6399_af3_woUnpaired_af3_seed_42989_sample_0_pred_365.cif,awaiting_extract,"MassiveFold model pool index only. It parses organizer-provided external model tarball listings and stages balanced extraction/rerank candidates. These models remain external rerank and accuracy-estimation inputs, not internal predictions, not CASP submissions, and not competitive-proof evidence."
7,H2319,H2319_T333,288,H2319_all_pdbs/Model_7074_af3_woUnpaired_af3_seed_714120_sample_2_pred_557.cif,Model_7074_af3_woUnpaired_af3_seed_714120_sample_2_pred_557.cif,7074,AF3,af3_woUnpaired,714120,2,557,woUnpaired,,False,casp17/massivefold_external_pool_intake/h2319_t333/extracted_models/H2319_all_pdbs/Model_7074_af3_woUnpaired_af3_seed_714120_sample_2_pred_557.cif,awaiting_extract,"MassiveFold model pool index only. It parses organizer-provided external model tarball listings and stages balanced extraction/rerank candidates. These models remain external rerank and accuracy-estimation inputs, not internal predictions, not CASP submissions, and not competitive-proof evidence."
7,H2319,H2319_T333,308,H2319_all_pdbs/Model_10285_af3_woUnpaired_af3_seed_646828_sample_1_pred_181.cif,Model_10285_af3_woUnpaired_af3_seed_646828_sample_1_pred_181.cif,10285,AF3,af3_woUnpaired,646828,1,181,woUnpaired,,False,casp17/massivefold_external_pool_intake/h2319_t333/extracted_models/H2319_all_pdbs/Model_10285_af3_woUnpaired_af3_seed_646828_sample_1_pred_181.cif,awaiting_extract,"MassiveFold model pool index only. It parses organizer-provided external model tarball listings and stages balanced extraction/rerank candidates. These models remain external rerank and accuracy-estimation inputs, not internal predictions, not CASP submissions, and not competitive-proof evidence."
7,H2319,H2319_T333,312,H2319_all_pdbs/Model_8737_af3_woUnpaired_af3_seed_466146_sample_2_pred_47.cif,Model_8737_af3_woUnpaired_af3_seed_466146_sample_2_pred_47.cif,8737,AF3,af3_woUnpaired,466146,2,47,woUnpaired,,False,casp17/massivefold_external_pool_intake/h2319_t333/extracted_models/H2319_all_pdbs/Model_8737_af3_woUnpaired_af3_seed_466146_sample_2_pred_47.cif,awaiting_extract,"MassiveFold model pool index only. It parses organizer-provided external model tarball listings and stages balanced extraction/rerank candidates. These models remain external rerank and accuracy-estimation inputs, not internal predictions, not CASP submissions, and not competitive-proof evidence."
7,H2319,H2319_T333,337,H2319_all_pdbs/Model_8586_af3_woUnpaired_af3_seed_57434_sample_3_pred_773.cif,Model_8586_af3_woUnpaired_af3_seed_57434_sample_3_pred_773.cif,8586,AF3,af3_woUnpaired,57434,3,773,woUnpaired,,False,casp17/massivefold_external_pool_intake/h2319_t333/extracted_models/H2319_all_pdbs/Model_8586_af3_woUnpaired_af3_seed_57434_sample_3_pred_773.cif,awaiting_extract,"MassiveFold model pool index only. It parses organizer-provided external model tarball listings and stages balanced extraction/rerank candidates. These models remain external rerank and accuracy-estimation inputs, not internal predictions, not CASP submissions, and not competitive-proof evidence."
7,H2319,H2319_T333,348,H2319_all_pdbs/Model_6968_af3_woUnpaired_af3_seed_334591_sample_4_pred_659.cif,Model_6968_af3_woUnpaired_af3_seed_334591_sample_4_pred_659.cif,6968,AF3,af3_woUnpaired,334591,4,659,woUnpaired,,False,casp17/massivefold_external_pool_intake/h2319_t333/extracted_models/H2319_all_pdbs/Model_6968_af3_woUnpaired_af3_seed_334591_sample_4_pred_659.cif,awaiting_extract,"MassiveFold model pool index only. It parses organizer-provided external model tarball listings and stages balanced extraction/rerank candidates. These models remain external rerank and accuracy-estimation inputs, not internal predictions, not CASP submissions, and not competitive-proof evidence."
7,H2319,H2319_T333,363,H2319_all_pdbs/Model_10295_af3_woUnpaired_af3_seed_578576_sample_4_pred_959.cif,Model_10295_af3_woUnpaired_af3_seed_578576_sample_4_pred_959.cif,10295,AF3,af3_woUnpaired,578576,4,959,woUnpaired,,False,casp17/massivefold_external_pool_intake/h2319_t333/extracted_models/H2319_all_pdbs/Model_10295_af3_woUnpaired_af3_seed_578576_sample_4_pred_959.cif,awaiting_extract,"MassiveFold model pool index only. It parses organizer-provided external model tarball listings and stages balanced extraction/rerank candidates. These models remain external rerank and accuracy-estimation inputs, not internal predictions, not CASP submissions, and not competitive-proof evidence."
7,H2319,H2319_T333,368,H2319_all_pdbs/Model_8584_af3_woUnpaired_af3_seed_57443_sample_2_pred_817.cif,Model_8584_af3_woUnpaired_af3_seed_57443_sample_2_pred_817.cif,8584,AF3,af3_woUnpaired,57443,2,817,woUnpaired,,False,casp17/massivefold_external_pool_intake/h2319_t333/extracted_models/H2319_all_pdbs/Model_8584_af3_woUnpaired_af3_seed_57443_sample_2_pred_817.cif,awaiting_extract,"MassiveFold model pool index only. It parses organizer-provided external model tarball listings and stages balanced extraction/rerank candidates. These models remain external rerank and accuracy-estimation inputs, not internal predictions, not CASP submissions, and not competitive-proof evidence."
7,H2319,H2319_T333,386,H2319_all_pdbs/Model_8933_af3_woUnpaired_af3_seed_42990_sample_2_pred_372.cif,Model_8933_af3_woUnpaired_af3_seed_42990_sample_2_pred_372.cif,8933,AF3,af3_woUnpaired,42990,2,372,woUnpaired,,False,casp17/massivefold_external_pool_intake/h2319_t333/extracted_models/H2319_all_pdbs/Model_8933_af3_woUnpaired_af3_seed_42990_sample_2_pred_372.cif,awaiting_extract,"MassiveFold model pool index only. It parses organizer-provided external model tarball listings and stages balanced extraction/rerank candidates. These models remain external rerank and accuracy-estimation inputs, not internal predictions, not CASP submissions, and not competitive-proof evidence."
7,H2319,H2319_T333,388,H2319_all_pdbs/Model_8671_af3_woUnpaired_af3_seed_714130_sample_1_pred_606.cif,Model_8671_af3_woUnpaired_af3_seed_714130_sample_1_pred_606.cif,8671,AF3,af3_woUnpaired,714130,1,606,woUnpaired,,False,casp17/massivefold_external_pool_intake/h2319_t333/extracted_models/H2319_all_pdbs/Model_8671_af3_woUnpaired_af3_seed_714130_sample_1_pred_606.cif,awaiting_extract,"MassiveFold model pool index only. It parses organizer-provided external model tarball listings and stages balanced extraction/rerank candidates. These models remain external rerank and accuracy-estimation inputs, not internal predictions, not CASP submissions, and not competitive-proof evidence."
7,H2319,H2319_T333,398,H2319_all_pdbs/Model_8690_af3_woUnpaired_af3_seed_334589_sample_0_pred_645.cif,Model_8690_af3_woUnpaired_af3_seed_334589_sample_0_pred_645.cif,8690,AF3,af3_woUnpaired,334589,0,645,woUnpaired,,False,casp17/massivefold_external_pool_intake/h2319_t333/extracted_models/H2319_all_pdbs/Model_8690_af3_woUnpaired_af3_seed_334589_sample_0_pred_645.cif,awaiting_extract,"MassiveFold model pool index only. It parses organizer-provided external model tarball listings and stages balanced extraction/rerank candidates. These models remain external rerank and accuracy-estimation inputs, not internal predictions, not CASP submissions, and not competitive-proof evidence."
7,H2319,H2319_T333,399,H2319_all_pdbs/Model_6931_af3_woUnpaired_af3_seed_334599_sample_1_pred_696.cif,Model_6931_af3_woUnpaired_af3_seed_334599_sample_1_pred_696.cif,6931,AF3,af3_woUnpaired,334599,1,696,woUnpaired,,False,casp17/massivefold_external_pool_intake/h2319_t333/extracted_models/H2319_all_pdbs/Model_6931_af3_woUnpaired_af3_seed_334599_sample_1_pred_696.cif,awaiting_extract,"MassiveFold model pool index only. It parses organizer-provided external model tarball listings and stages balanced extraction/rerank candidates. These models remain external rerank and accuracy-estimation inputs, not internal predictions, not CASP submissions, and not competitive-proof evidence."
7,H2319,H2319_T333,416,H2319_all_pdbs/Model_10256_af3_woUnpaired_af3_seed_334596_sample_3_pred_683.cif,Model_10256_af3_woUnpaired_af3_seed_334596_sample_3_pred_683.cif,10256,AF3,af3_woUnpaired,334596,3,683,woUnpaired,,False,casp17/massivefold_external_pool_intake/h2319_t333/extracted_models/H2319_all_pdbs/Model_10256_af3_woUnpaired_af3_seed_334596_sample_3_pred_683.cif,awaiting_extract,"MassiveFold model pool index only. It parses organizer-provided external model tarball listings and stages balanced extraction/rerank candidates. These models remain external rerank and accuracy-estimation inputs, not internal predictions, not CASP submissions, and not competitive-proof evidence."
7,H2319,H2319_T333,438,H2319_all_pdbs/Model_6895_af3_woUnpaired_af3_seed_466146_sample_4_pred_49.cif,Model_6895_af3_woUnpaired_af3_seed_466146_sample_4_pred_49.cif,6895,AF3,af3_woUnpaired,466146,4,49,woUnpaired,,False,casp17/massivefold_external_pool_intake/h2319_t333/extracted_models/H2319_all_pdbs/Model_6895_af3_woUnpaired_af3_seed_466146_sample_4_pred_49.cif,awaiting_extract,"MassiveFold model pool index only. It parses organizer-provided external model tarball listings and stages balanced extraction/rerank candidates. These models remain external rerank and accuracy-estimation inputs, not internal predictions, not CASP submissions, and not competitive-proof evidence."
7,H2319,H2319_T333,449,H2319_all_pdbs/Model_8839_af3_woUnpaired_af3_seed_714123_sample_2_pred_572.cif,Model_8839_af3_woUnpaired_af3_seed_714123_sample_2_pred_572.cif,8839,AF3,af3_woUnpaired,714123,2,572,woUnpaired,,False,casp17/massivefold_external_pool_intake/h2319_t333/extracted_models/H2319_all_pdbs/Model_8839_af3_woUnpaired_af3_seed_714123_sample_2_pred_572.cif,awaiting_extract,"MassiveFold model pool index only. It parses organizer-provided external model tarball listings and stages balanced extraction/rerank candidates. These models remain external rerank and accuracy-estimation inputs, not internal predictions, not CASP submissions, and not competitive-proof evidence."
7,H2319,H2319_T333,458,H2319_all_pdbs/Model_7733_af3_woUnpaired_af3_seed_578584_sample_4_pred_999.cif,Model_7733_af3_woUnpaired_af3_seed_578584_sample_4_pred_999.cif,7733,AF3,af3_woUnpaired,578584,4,999,woUnpaired,,False,casp17/massivefold_external_pool_intake/h2319_t333/extracted_models/H2319_all_pdbs/Model_7733_af3_woUnpaired_af3_seed_578584_sample_4_pred_999.cif,awaiting_extract,"MassiveFold model pool index only. It parses organizer-provided external model tarball listings and stages balanced extraction/rerank candidates. These models remain external rerank and accuracy-estimation inputs, not internal predictions, not CASP submissions, and not competitive-proof evidence."
7,H2319,H2319_T333,502,H2319_all_pdbs/Model_7738_af3_woUnpaired_af3_seed_646818_sample_4_pred_134.cif,Model_7738_af3_woUnpaired_af3_seed_646818_sample_4_pred_134.cif,7738,AF3,af3_woUnpaired,646818,4,134,woUnpaired,,False,casp17/massivefold_external_pool_intake/h2319_t333/extracted_models/H2319_all_pdbs/Model_7738_af3_woUnpaired_af3_seed_646818_sample_4_pred_134.cif,awaiting_extract,"MassiveFold model pool index only. It parses organizer-provided external model tarball listings and stages balanced extraction/rerank candidates. These models remain external rerank and accuracy-estimation inputs, not internal predictions, not CASP submissions, and not competitive-proof evidence."
7,H2319,H2319_T333,508,H2319_all_pdbs/Model_10899_af3_woUnpaired_af3_seed_787930_sample_2_pred_412.cif,Model_10899_af3_woUnpaired_af3_seed_787930_sample_2_pred_412.cif,10899,AF3,af3_woUnpaired,787930,2,412,woUnpaired,,False,casp17/massivefold_external_pool_intake/h2319_t333/extracted_models/H2319_all_pdbs/Model_10899_af3_woUnpaired_af3_seed_787930_sample_2_pred_412.cif,awaiting_extract,"MassiveFold model pool index only. It parses organizer-provided external model tarball listings and stages balanced extraction/rerank candidates. These models remain external rerank and accuracy-estimation inputs, not internal predictions, not CASP submissions, and not competitive-proof evidence."
7,H2319,H2319_T333,519,H2319_all_pdbs/Model_10247_af3_woUnpaired_af3_seed_42969_sample_2_pred_267.cif,Model_10247_af3_woUnpaired_af3_seed_42969_sample_2_pred_267.cif,10247,AF3,af3_woUnpaired,42969,2,267,woUnpaired,,False,casp17/massivefold_external_pool_intake/h2319_t333/extracted_models/H2319_all_pdbs/Model_10247_af3_woUnpaired_af3_seed_42969_sample_2_pred_267.cif,awaiting_extract,"MassiveFold model pool index only. It parses organizer-provided external model tarball listings and stages balanced extraction/rerank candidates. These models remain external rerank and accuracy-estimation inputs, not internal predictions, not CASP submissions, and not competitive-proof evidence."
7,H2319,H2319_T333,520,H2319_all_pdbs/Model_8779_af3_woUnpaired_af3_seed_787942_sample_1_pred_471.cif,Model_8779_af3_woUnpaired_af3_seed_787942_sample_1_pred_471.cif,8779,AF3,af3_woUnpaired,787942,1,471,woUnpaired,,False,casp17/massivefold_external_pool_intake/h2319_t333/extracted_models/H2319_all_pdbs/Model_8779_af3_woUnpaired_af3_seed_787942_sample_1_pred_471.cif,awaiting_extract,"MassiveFold model pool index only. It parses organizer-provided external model tarball listings and stages balanced extraction/rerank candidates. These models remain external rerank and accuracy-estimation inputs, not internal predictions, not CASP submissions, and not competitive-proof evidence."
7,H2319,H2319_T333,529,H2319_all_pdbs/Model_11006_af3_woUnpaired_af3_seed_714124_sample_3_pred_578.cif,Model_11006_af3_woUnpaired_af3_seed_714124_sample_3_pred_578.cif,11006,AF3,af3_woUnpaired,714124,3,578,woUnpaired,,False,casp17/massivefold_external_pool_intake/h2319_t333/extracted_models/H2319_all_pdbs/Model_11006_af3_woUnpaired_af3_seed_714124_sample_3_pred_578.cif,awaiting_extract,"MassiveFold model pool index only. It parses organizer-provided external model tarball listings and stages balanced extraction/rerank candidates. These models remain external rerank and accuracy-estimation inputs, not internal predictions, not CASP submissions, and not competitive-proof evidence."
7,H2319,H2319_T333,532,H2319_all_pdbs/Model_10918_af3_woUnpaired_af3_seed_466156_sample_3_pred_98.cif,Model_10918_af3_woUnpaired_af3_seed_466156_sample_3_pred_98.cif,10918,AF3,af3_woUnpaired,466156,3,98,woUnpaired,,False,casp17/massivefold_external_pool_intake/h2319_t333/extracted_models/H2319_all_pdbs/Model_10918_af3_woUnpaired_af3_seed_466156_sample_3_pred_98.cif,awaiting_extract,"MassiveFold model pool index only. It parses organizer-provided external model tarball listings and stages balanced extraction/rerank candidates. These models remain external rerank and accuracy-estimation inputs, not internal predictions, not CASP submissions, and not competitive-proof evidence."
7,H2319,H2319_T333,536,H2319_all_pdbs/Model_8841_af3_woUnpaired_af3_seed_787936_sample_4_pred_444.cif,Model_8841_af3_woUnpaired_af3_seed_787936_sample_4_pred_444.cif,8841,AF3,af3_woUnpaired,787936,4,444,woUnpaired,,False,casp17/massivefold_external_pool_intake/h2319_t333/extracted_models/H2319_all_pdbs/Model_8841_af3_woUnpaired_af3_seed_787936_sample_4_pred_444.cif,awaiting_extract,"MassiveFold model pool index only. It parses organizer-provided external model tarball listings and stages balanced extraction/rerank candidates. These models remain external rerank and accuracy-estimation inputs, not internal predictions, not CASP submissions, and not competitive-proof evidence."
7,H2319,H2319_T333,540,H2319_all_pdbs/Model_8832_af3_woUnpaired_af3_seed_466137_sample_1_pred_1.cif,Model_8832_af3_woUnpaired_af3_seed_466137_sample_1_pred_1.cif,8832,AF3,af3_woUnpaired,466137,1,1,woUnpaired,,False,casp17/massivefold_external_pool_intake/h2319_t333/extracted_models/H2319_all_pdbs/Model_8832_af3_woUnpaired_af3_seed_466137_sample_1_pred_1.cif,awaiting_extract,"MassiveFold model pool index only. It parses organizer-provided external model tarball listings and stages balanced extraction/rerank candidates. These models remain external rerank and accuracy-estimation inputs, not internal predictions, not CASP submissions, and not competitive-proof evidence."
7,H2319,H2319_T333,570,H2319_all_pdbs/Model_8922_af3_woUnpaired_af3_seed_578571_sample_1_pred_931.cif,Model_8922_af3_woUnpaired_af3_seed_578571_sample_1_pred_931.cif,8922,AF3,af3_woUnpaired,578571,1,931,woUnpaired,,False,casp17/massivefold_external_pool_intake/h2319_t333/extracted_models/H2319_all_pdbs/Model_8922_af3_woUnpaired_af3_seed_578571_sample_1_pred_931.cif,awaiting_extract,"MassiveFold model pool index only. It parses organizer-provided external model tarball listings and stages balanced extraction/rerank candidates. These models remain external rerank and accuracy-estimation inputs, not internal predictions, not CASP submissions, and not competitive-proof evidence."
7,H2319,H2319_T333,574,H2319_all_pdbs/Model_10264_af3_woUnpaired_af3_seed_578571_sample_0_pred_930.cif,Model_10264_af3_woUnpaired_af3_seed_578571_sample_0_pred_930.cif,10264,AF3,af3_woUnpaired,578571,0,930,woUnpaired,,False,casp17/massivefold_external_pool_intake/h2319_t333/extracted_models/H2319_all_pdbs/Model_10264_af3_woUnpaired_af3_seed_578571_sample_0_pred_930.cif,awaiting_extract,"MassiveFold model pool index only. It parses organizer-provided external model tarball listings and stages balanced extraction/rerank candidates. These models remain external rerank and accuracy-estimation inputs, not internal predictions, not CASP submissions, and not competitive-proof evidence."
7,H2319,H2319_T333,582,H2319_all_pdbs/Model_11005_af3_woUnpaired_af3_seed_42979_sample_3_pred_318.cif,Model_11005_af3_woUnpaired_af3_seed_42979_sample_3_pred_318.cif,11005,AF3,af3_woUnpaired,42979,3,318,woUnpaired,,False,casp17/massivefold_external_pool_intake/h2319_t333/extracted_models/H2319_all_pdbs/Model_11005_af3_woUnpaired_af3_seed_42979_sample_3_pred_318.cif,awaiting_extract,"MassiveFold model pool index only. It parses organizer-provided external model tarball listings and stages balanced extraction/rerank candidates. These models remain external rerank and accuracy-estimation inputs, not internal predictions, not CASP submissions, and not competitive-proof evidence."
7,H2319,H2319_T333,584,H2319_all_pdbs/Model_6883_af3_woUnpaired_af3_seed_466140_sample_3_pred_18.cif,Model_6883_af3_woUnpaired_af3_seed_466140_sample_3_pred_18.cif,6883,AF3,af3_woUnpaired,466140,3,18,woUnpaired,,False,casp17/massivefold_external_pool_intake/h2319_t333/extracted_models/H2319_all_pdbs/Model_6883_af3_woUnpaired_af3_seed_466140_sample_3_pred_18.cif,awaiting_extract,"MassiveFold model pool index only. It parses organizer-provided external model tarball listings and stages balanced extraction/rerank candidates. These models remain external rerank and accuracy-estimation inputs, not internal predictions, not CASP submissions, and not competitive-proof evidence."
7,H2319,H2319_T333,598,H2319_all_pdbs/Model_7803_af3_woUnpaired_af3_seed_646841_sample_0_pred_245.cif,Model_7803_af3_woUnpaired_af3_seed_646841_sample_0_pred_245.cif,7803,AF3,af3_woUnpaired,646841,0,245,woUnpaired,,False,casp17/massivefold_external_pool_intake/h2319_t333/extracted_models/H2319_all_pdbs/Model_7803_af3_woUnpaired_af3_seed_646841_sample_0_pred_245.cif,awaiting_extract,"MassiveFold model pool index only. It parses organizer-provided external model tarball listings and stages balanced extraction/rerank candidates. These models remain external rerank and accuracy-estimation inputs, not internal predictions, not CASP submissions, and not competitive-proof evidence."
7,H2319,H2319_T333,619,H2319_all_pdbs/Model_10977_af3_woUnpaired_af3_seed_646820_sample_1_pred_141.cif,Model_10977_af3_woUnpaired_af3_seed_646820_sample_1_pred_141.cif,10977,AF3,af3_woUnpaired,646820,1,141,woUnpaired,,False,casp17/massivefold_external_pool_intake/h2319_t333/extracted_models/H2319_all_pdbs/Model_10977_af3_woUnpaired_af3_seed_646820_sample_1_pred_141.cif,awaiting_extract,"MassiveFold model pool index only. It parses organizer-provided external model tarball listings and stages balanced extraction/rerank candidates. These models remain external rerank and accuracy-estimation inputs, not internal predictions, not CASP submissions, and not competitive-proof evidence."
7,H2319,H2319_T333,636,H2319_all_pdbs/Model_6159_af3_woUnpaired_af3_seed_714122_sample_4_pred_569.cif,Model_6159_af3_woUnpaired_af3_seed_714122_sample_4_pred_569.cif,6159,AF3,af3_woUnpaired,714122,4,569,woUnpaired,,False,casp17/massivefold_external_pool_intake/h2319_t333/extracted_models/H2319_all_pdbs/Model_6159_af3_woUnpaired_af3_seed_714122_sample_4_pred_569.cif,awaiting_extract,"MassiveFold model pool index only. It parses organizer-provided external model tarball listings and stages balanced extraction/rerank candidates. These models remain external rerank and accuracy-estimation inputs, not internal predictions, not CASP submissions, and not competitive-proof evidence."
7,H2319,H2319_T333,637,H2319_all_pdbs/Model_10912_af3_woUnpaired_af3_seed_334607_sample_3_pred_738.cif,Model_10912_af3_woUnpaired_af3_seed_334607_sample_3_pred_738.cif,10912,AF3,af3_woUnpaired,334607,3,738,woUnpaired,,False,casp17/massivefold_external_pool_intake/h2319_t333/extracted_models/H2319_all_pdbs/Model_10912_af3_woUnpaired_af3_seed_334607_sample_3_pred_738.cif,awaiting_extract,"MassiveFold model pool index only. It parses organizer-provided external model tarball listings and stages balanced extraction/rerank candidates. These models remain external rerank and accuracy-estimation inputs, not internal predictions, not CASP submissions, and not competitive-proof evidence."
7,H2319,H2319_T333,641,H2319_all_pdbs/Model_7750_af3_woUnpaired_af3_seed_42988_sample_0_pred_360.cif,Model_7750_af3_woUnpaired_af3_seed_42988_sample_0_pred_360.cif,7750,AF3,af3_woUnpaired,42988,0,360,woUnpaired,,False,casp17/massivefold_external_pool_intake/h2319_t333/extracted_models/H2319_all_pdbs/Model_7750_af3_woUnpaired_af3_seed_42988_sample_0_pred_360.cif,awaiting_extract,"MassiveFold model pool index only. It parses organizer-provided external model tarball listings and stages balanced extraction/rerank candidates. These models remain external rerank and accuracy-estimation inputs, not internal predictions, not CASP submissions, and not competitive-proof evidence."
7,H2319,H2319_T333,650,H2319_all_pdbs/Model_8818_af3_woUnpaired_af3_seed_466146_sample_0_pred_45.cif,Model_8818_af3_woUnpaired_af3_seed_466146_sample_0_pred_45.cif,8818,AF3,af3_woUnpaired,466146,0,45,woUnpaired,,False,casp17/massivefold_external_pool_intake/h2319_t333/extracted_models/H2319_all_pdbs/Model_8818_af3_woUnpaired_af3_seed_466146_sample_0_pred_45.cif,awaiting_extract,"MassiveFold model pool index only. It parses organizer-provided external model tarball listings and stages balanced extraction/rerank candidates. These models remain external rerank and accuracy-estimation inputs, not internal predictions, not CASP submissions, and not competitive-proof evidence."
7,H2319,H2319_T333,676,H2319_all_pdbs/Model_8923_af3_woUnpaired_af3_seed_578569_sample_2_pred_922.cif,Model_8923_af3_woUnpaired_af3_seed_578569_sample_2_pred_922.cif,8923,AF3,af3_woUnpaired,578569,2,922,woUnpaired,,False,casp17/massivefold_external_pool_intake/h2319_t333/extracted_models/H2319_all_pdbs/Model_8923_af3_woUnpaired_af3_seed_578569_sample_2_pred_922.cif,awaiting_extract,"MassiveFold model pool index only. It parses organizer-provided external model tarball listings and stages balanced extraction/rerank candidates. These models remain external rerank and accuracy-estimation inputs, not internal predictions, not CASP submissions, and not competitive-proof evidence."
7,H2319,H2319_T333,680,H2319_all_pdbs/Model_10898_af3_woUnpaired_af3_seed_42982_sample_4_pred_334.cif,Model_10898_af3_woUnpaired_af3_seed_42982_sample_4_pred_334.cif,10898,AF3,af3_woUnpaired,42982,4,334,woUnpaired,,False,casp17/massivefold_external_pool_intake/h2319_t333/extracted_models/H2319_all_pdbs/Model_10898_af3_woUnpaired_af3_seed_42982_sample_4_pred_334.cif,awaiting_extract,"MassiveFold model pool index only. It parses organizer-provided external model tarball listings and stages balanced extraction/rerank candidates. These models remain external rerank and accuracy-estimation inputs, not internal predictions, not CASP submissions, and not competitive-proof evidence."
7,H2319,H2319_T333,688,H2319_all_pdbs/Model_7715_af3_woUnpaired_af3_seed_466142_sample_2_pred_27.cif,Model_7715_af3_woUnpaired_af3_seed_466142_sample_2_pred_27.cif,7715,AF3,af3_woUnpaired,466142,2,27,woUnpaired,,False,casp17/massivefold_external_pool_intake/h2319_t333/extracted_models/H2319_all_pdbs/Model_7715_af3_woUnpaired_af3_seed_466142_sample_2_pred_27.cif,awaiting_extract,"MassiveFold model pool index only. It parses organizer-provided external model tarball listings and stages balanced extraction/rerank candidates. These models remain external rerank and accuracy-estimation inputs, not internal predictions, not CASP submissions, and not competitive-proof evidence."
7,H2319,H2319_T333,693,H2319_all_pdbs/Model_6161_af3_woUnpaired_af3_seed_787924_sample_3_pred_383.cif,Model_6161_af3_woUnpaired_af3_seed_787924_sample_3_pred_383.cif,6161,AF3,af3_woUnpaired,787924,3,383,woUnpaired,,False,casp17/massivefold_external_pool_intake/h2319_t333/extracted_models/H2319_all_pdbs/Model_6161_af3_woUnpaired_af3_seed_787924_sample_3_pred_383.cif,awaiting_extract,"MassiveFold model pool index only. It parses organizer-provided external model tarball listings and stages balanced extraction/rerank candidates. These models remain external rerank and accuracy-estimation inputs, not internal predictions, not CASP submissions, and not competitive-proof evidence."
7,H2319,H2319_T333,699,H2319_all_pdbs/Model_6164_af3_woUnpaired_af3_seed_714110_sample_2_pred_507.cif,Model_6164_af3_woUnpaired_af3_seed_714110_sample_2_pred_507.cif,6164,AF3,af3_woUnpaired,714110,2,507,woUnpaired,,False,casp17/massivefold_external_pool_intake/h2319_t333/extracted_models/H2319_all_pdbs/Model_6164_af3_woUnpaired_af3_seed_714110_sample_2_pred_507.cif,awaiting_extract,"MassiveFold model pool index only. It parses organizer-provided external model tarball listings and stages balanced extraction/rerank candidates. These models remain external rerank and accuracy-estimation inputs, not internal predictions, not CASP submissions, and not competitive-proof evidence."
7,H2319,H2319_T333,702,H2319_all_pdbs/Model_8771_af3_woUnpaired_af3_seed_578578_sample_3_pred_968.cif,Model_8771_af3_woUnpaired_af3_seed_578578_sample_3_pred_968.cif,8771,AF3,af3_woUnpaired,578578,3,968,woUnpaired,,False,casp17/massivefold_external_pool_intake/h2319_t333/extracted_models/H2319_all_pdbs/Model_8771_af3_woUnpaired_af3_seed_578578_sample_3_pred_968.cif,awaiting_extract,"MassiveFold model pool index only. It parses organizer-provided external model tarball listings and stages balanced extraction/rerank candidates. These models remain external rerank and accuracy-estimation inputs, not internal predictions, not CASP submissions, and not competitive-proof evidence."
7,H2319,H2319_T333,705,H2319_all_pdbs/Model_10250_af3_woUnpaired_af3_seed_578584_sample_3_pred_998.cif,Model_10250_af3_woUnpaired_af3_seed_578584_sample_3_pred_998.cif,10250,AF3,af3_woUnpaired,578584,3,998,woUnpaired,,False,casp17/massivefold_external_pool_intake/h2319_t333/extracted_models/H2319_all_pdbs/Model_10250_af3_woUnpaired_af3_seed_578584_sample_3_pred_998.cif,awaiting_extract,"MassiveFold model pool index only. It parses organizer-provided external model tarball listings and stages balanced extraction/rerank candidates. These models remain external rerank and accuracy-estimation inputs, not internal predictions, not CASP submissions, and not competitive-proof evidence."
7,H2319,H2319_T333,737,H2319_all_pdbs/Model_8649_af3_woUnpaired_af3_seed_57434_sample_2_pred_772.cif,Model_8649_af3_woUnpaired_af3_seed_57434_sample_2_pred_772.cif,8649,AF3,af3_woUnpaired,57434,2,772,woUnpaired,,False,casp17/massivefold_external_pool_intake/h2319_t333/extracted_models/H2319_all_pdbs/Model_8649_af3_woUnpaired_af3_seed_57434_sample_2_pred_772.cif,awaiting_extract,"MassiveFold model pool index only. It parses organizer-provided external model tarball listings and stages balanced extraction/rerank candidates. These models remain external rerank and accuracy-estimation inputs, not internal predictions, not CASP submissions, and not competitive-proof evidence."
7,H2319,H2319_T333,808,H2319_all_pdbs/Model_6381_af3_woUnpaired_af3_seed_57447_sample_0_pred_835.cif,Model_6381_af3_woUnpaired_af3_seed_57447_sample_0_pred_835.cif,6381,AF3,af3_woUnpaired,57447,0,835,woUnpaired,,False,casp17/massivefold_external_pool_intake/h2319_t333/extracted_models/H2319_all_pdbs/Model_6381_af3_woUnpaired_af3_seed_57447_sample_0_pred_835.cif,awaiting_extract,"MassiveFold model pool index only. It parses organizer-provided external model tarball listings and stages balanced extraction/rerank candidates. These models remain external rerank and accuracy-estimation inputs, not internal predictions, not CASP submissions, and not competitive-proof evidence."
7,H2319,H2319_T333,822,H2319_all_pdbs/Model_10990_af3_woUnpaired_af3_seed_714126_sample_2_pred_587.cif,Model_10990_af3_woUnpaired_af3_seed_714126_sample_2_pred_587.cif,10990,AF3,af3_woUnpaired,714126,2,587,woUnpaired,,False,casp17/massivefold_external_pool_intake/h2319_t333/extracted_models/H2319_all_pdbs/Model_10990_af3_woUnpaired_af3_seed_714126_sample_2_pred_587.cif,awaiting_extract,"MassiveFold model pool index only. It parses organizer-provided external model tarball listings and stages balanced extraction/rerank candidates. These models remain external rerank and accuracy-estimation inputs, not internal predictions, not CASP submissions, and not competitive-proof evidence."
7,H2319,H2319_T333,829,H2319_all_pdbs/Model_8770_af3_woUnpaired_af3_seed_57447_sample_3_pred_838.cif,Model_8770_af3_woUnpaired_af3_seed_57447_sample_3_pred_838.cif,8770,AF3,af3_woUnpaired,57447,3,838,woUnpaired,,False,casp17/massivefold_external_pool_intake/h2319_t333/extracted_models/H2319_all_pdbs/Model_8770_af3_woUnpaired_af3_seed_57447_sample_3_pred_838.cif,awaiting_extract,"MassiveFold model pool index only. It parses organizer-provided external model tarball listings and stages balanced extraction/rerank candidates. These models remain external rerank and accuracy-estimation inputs, not internal predictions, not CASP submissions, and not competitive-proof evidence."
7,H2319,H2319_T333,840,H2319_all_pdbs/Model_8725_af3_woUnpaired_af3_seed_787941_sample_1_pred_466.cif,Model_8725_af3_woUnpaired_af3_seed_787941_sample_1_pred_466.cif,8725,AF3,af3_woUnpaired,787941,1,466,woUnpaired,,False,casp17/massivefold_external_pool_intake/h2319_t333/extracted_models/H2319_all_pdbs/Model_8725_af3_woUnpaired_af3_seed_787941_sample_1_pred_466.cif,awaiting_extract,"MassiveFold model pool index only. It parses organizer-provided external model tarball listings and stages balanced extraction/rerank candidates. These models remain external rerank and accuracy-estimation inputs, not internal predictions, not CASP submissions, and not competitive-proof evidence."
7,H2319,H2319_T333,852,H2319_all_pdbs/Model_10932_af3_woUnpaired_af3_seed_42979_sample_4_pred_319.cif,Model_10932_af3_woUnpaired_af3_seed_42979_sample_4_pred_319.cif,10932,AF3,af3_woUnpaired,42979,4,319,woUnpaired,,False,casp17/massivefold_external_pool_intake/h2319_t333/extracted_models/H2319_all_pdbs/Model_10932_af3_woUnpaired_af3_seed_42979_sample_4_pred_319.cif,awaiting_extract,"MassiveFold model pool index only. It parses organizer-provided external model tarball listings and stages balanced extraction/rerank candidates. These models remain external rerank and accuracy-estimation inputs, not internal predictions, not CASP submissions, and not competitive-proof evidence."
7,H2319,H2319_T333,855,H2319_all_pdbs/Model_8917_af3_woUnpaired_af3_seed_787937_sample_4_pred_449.cif,Model_8917_af3_woUnpaired_af3_seed_787937_sample_4_pred_449.cif,8917,AF3,af3_woUnpaired,787937,4,449,woUnpaired,,False,casp17/massivefold_external_pool_intake/h2319_t333/extracted_models/H2319_all_pdbs/Model_8917_af3_woUnpaired_af3_seed_787937_sample_4_pred_449.cif,awaiting_extract,"MassiveFold model pool index only. It parses organizer-provided external model tarball listings and stages balanced extraction/rerank candidates. These models remain external rerank and accuracy-estimation inputs, not internal predictions, not CASP submissions, and not competitive-proof evidence."
7,H2319,H2319_T333,871,H2319_all_pdbs/Model_10252_af3_woUnpaired_af3_seed_578568_sample_1_pred_916.cif,Model_10252_af3_woUnpaired_af3_seed_578568_sample_1_pred_916.cif,10252,AF3,af3_woUnpaired,578568,1,916,woUnpaired,,False,casp17/massivefold_external_pool_intake/h2319_t333/extracted_models/H2319_all_pdbs/Model_10252_af3_woUnpaired_af3_seed_578568_sample_1_pred_916.cif,awaiting_extract,"MassiveFold model pool index only. It parses organizer-provided external model tarball listings and stages balanced extraction/rerank candidates. These models remain external rerank and accuracy-estimation inputs, not internal predictions, not CASP submissions, and not competitive-proof evidence."
7,H2319,H2319_T333,884,H2319_all_pdbs/Model_10281_af3_woUnpaired_af3_seed_646838_sample_0_pred_230.cif,Model_10281_af3_woUnpaired_af3_seed_646838_sample_0_pred_230.cif,10281,AF3,af3_woUnpaired,646838,0,230,woUnpaired,,False,casp17/massivefold_external_pool_intake/h2319_t333/extracted_models/H2319_all_pdbs/Model_10281_af3_woUnpaired_af3_seed_646838_sample_0_pred_230.cif,awaiting_extract,"MassiveFold model pool index only. It parses organizer-provided external model tarball listings and stages balanced extraction/rerank candidates. These models remain external rerank and accuracy-estimation inputs, not internal predictions, not CASP submissions, and not competitive-proof evidence."
7,H2319,H2319_T333,889,H2319_all_pdbs/Model_6891_af3_woUnpaired_af3_seed_334595_sample_3_pred_678.cif,Model_6891_af3_woUnpaired_af3_seed_334595_sample_3_pred_678.cif,6891,AF3,af3_woUnpaired,334595,3,678,woUnpaired,,False,casp17/massivefold_external_pool_intake/h2319_t333/extracted_models/H2319_all_pdbs/Model_6891_af3_woUnpaired_af3_seed_334595_sample_3_pred_678.cif,awaiting_extract,"MassiveFold model pool index only. It parses organizer-provided external model tarball listings and stages balanced extraction/rerank candidates. These models remain external rerank and accuracy-estimation inputs, not internal predictions, not CASP submissions, and not competitive-proof evidence."
7,H2319,H2319_T333,946,H2319_all_pdbs/Model_8633_af3_woUnpaired_af3_seed_57437_sample_0_pred_785.cif,Model_8633_af3_woUnpaired_af3_seed_57437_sample_0_pred_785.cif,8633,AF3,af3_woUnpaired,57437,0,785,woUnpaired,,False,casp17/massivefold_external_pool_intake/h2319_t333/extracted_models/H2319_all_pdbs/Model_8633_af3_woUnpaired_af3_seed_57437_sample_0_pred_785.cif,awaiting_extract,"MassiveFold model pool index only. It parses organizer-provided external model tarball listings and stages balanced extraction/rerank candidates. These models remain external rerank and accuracy-estimation inputs, not internal predictions, not CASP submissions, and not competitive-proof evidence."
7,H2319,H2319_T333,949,H2319_all_pdbs/Model_10952_af3_woUnpaired_af3_seed_787930_sample_1_pred_411.cif,Model_10952_af3_woUnpaired_af3_seed_787930_sample_1_pred_411.cif,10952,AF3,af3_woUnpaired,787930,1,411,woUnpaired,,False,casp17/massivefold_external_pool_intake/h2319_t333/extracted_models/H2319_all_pdbs/Model_10952_af3_woUnpaired_af3_seed_787930_sample_1_pred_411.cif,awaiting_extract,"MassiveFold model pool index only. It parses organizer-provided external model tarball listings and stages balanced extraction/rerank candidates. These models remain external rerank and accuracy-estimation inputs, not internal predictions, not CASP submissions, and not competitive-proof evidence."
7,H2319,H2319_T333,951,H2319_all_pdbs/Model_6988_af3_woUnpaired_af3_seed_646825_sample_4_pred_169.cif,Model_6988_af3_woUnpaired_af3_seed_646825_sample_4_pred_169.cif,6988,AF3,af3_woUnpaired,646825,4,169,woUnpaired,,False,casp17/massivefold_external_pool_intake/h2319_t333/extracted_models/H2319_all_pdbs/Model_6988_af3_woUnpaired_af3_seed_646825_sample_4_pred_169.cif,awaiting_extract,"MassiveFold model pool index only. It parses organizer-provided external model tarball listings and stages balanced extraction/rerank candidates. These models remain external rerank and accuracy-estimation inputs, not internal predictions, not CASP submissions, and not competitive-proof evidence."
7,H2319,H2319_T333,958,H2319_all_pdbs/Model_6384_af3_woUnpaired_af3_seed_646817_sample_0_pred_125.cif,Model_6384_af3_woUnpaired_af3_seed_646817_sample_0_pred_125.cif,6384,AF3,af3_woUnpaired,646817,0,125,woUnpaired,,False,casp17/massivefold_external_pool_intake/h2319_t333/extracted_models/H2319_all_pdbs/Model_6384_af3_woUnpaired_af3_seed_646817_sample_0_pred_125.cif,awaiting_extract,"MassiveFold model pool index only. It parses organizer-provided external model tarball listings and stages balanced extraction/rerank candidates. These models remain external rerank and accuracy-estimation inputs, not internal predictions, not CASP submissions, and not competitive-proof evidence."
7,H2319,H2319_T333,980,H2319_all_pdbs/Model_8921_af3_woUnpaired_af3_seed_42975_sample_1_pred_296.cif,Model_8921_af3_woUnpaired_af3_seed_42975_sample_1_pred_296.cif,8921,AF3,af3_woUnpaired,42975,1,296,woUnpaired,,False,casp17/massivefold_external_pool_intake/h2319_t333/extracted_models/H2319_all_pdbs/Model_8921_af3_woUnpaired_af3_seed_42975_sample_1_pred_296.cif,awaiting_extract,"MassiveFold model pool index only. It parses organizer-provided external model tarball listings and stages balanced extraction/rerank candidates. These models remain external rerank and accuracy-estimation inputs, not internal predictions, not CASP submissions, and not competitive-proof evidence."
7,H2319,H2319_T333,986,H2319_all_pdbs/Model_10914_af3_woUnpaired_af3_seed_714130_sample_2_pred_607.cif,Model_10914_af3_woUnpaired_af3_seed_714130_sample_2_pred_607.cif,10914,AF3,af3_woUnpaired,714130,2,607,woUnpaired,,False,casp17/massivefold_external_pool_intake/h2319_t333/extracted_models/H2319_all_pdbs/Model_10914_af3_woUnpaired_af3_seed_714130_sample_2_pred_607.cif,awaiting_extract,"MassiveFold model pool index only. It parses organizer-provided external model tarball listings and stages balanced extraction/rerank candidates. These models remain external rerank and accuracy-estimation inputs, not internal predictions, not CASP submissions, and not competitive-proof evidence."
7,H2319,H2319_T333,987,H2319_all_pdbs/Model_8772_af3_woUnpaired_af3_seed_57436_sample_0_pred_780.cif,Model_8772_af3_woUnpaired_af3_seed_57436_sample_0_pred_780.cif,8772,AF3,af3_woUnpaired,57436,0,780,woUnpaired,,False,casp17/massivefold_external_pool_intake/h2319_t333/extracted_models/H2319_all_pdbs/Model_8772_af3_woUnpaired_af3_seed_57436_sample_0_pred_780.cif,awaiting_extract,"MassiveFold model pool index only. It parses organizer-provided external model tarball listings and stages balanced extraction/rerank candidates. These models remain external rerank and accuracy-estimation inputs, not internal predictions, not CASP submissions, and not competitive-proof evidence."
7,H2319,H2319_T333,999,H2319_all_pdbs/Model_7784_af3_woUnpaired_af3_seed_334596_sample_1_pred_681.cif,Model_7784_af3_woUnpaired_af3_seed_334596_sample_1_pred_681.cif,7784,AF3,af3_woUnpaired,334596,1,681,woUnpaired,,False,casp17/massivefold_external_pool_intake/h2319_t333/extracted_models/H2319_all_pdbs/Model_7784_af3_woUnpaired_af3_seed_334596_sample_1_pred_681.cif,awaiting_extract,"MassiveFold model pool index only. It parses organizer-provided external model tarball listings and stages balanced extraction/rerank candidates. These models remain external rerank and accuracy-estimation inputs, not internal predictions, not CASP submissions, and not competitive-proof evidence."
7,H2319,H2319_T333,1001,H2319_all_pdbs/Model_8658_af3_woUnpaired_af3_seed_42970_sample_1_pred_271.cif,Model_8658_af3_woUnpaired_af3_seed_42970_sample_1_pred_271.cif,8658,AF3,af3_woUnpaired,42970,1,271,woUnpaired,,False,casp17/massivefold_external_pool_intake/h2319_t333/extracted_models/H2319_all_pdbs/Model_8658_af3_woUnpaired_af3_seed_42970_sample_1_pred_271.cif,awaiting_extract,"MassiveFold model pool index only. It parses organizer-provided external model tarball listings and stages balanced extraction/rerank candidates. These models remain external rerank and accuracy-estimation inputs, not internal predictions, not CASP submissions, and not competitive-proof evidence."
7,H2319,H2319_T333,1002,H2319_all_pdbs/Model_6944_af3_woUnpaired_af3_seed_787924_sample_2_pred_382.cif,Model_6944_af3_woUnpaired_af3_seed_787924_sample_2_pred_382.cif,6944,AF3,af3_woUnpaired,787924,2,382,woUnpaired,,False,casp17/massivefold_external_pool_intake/h2319_t333/extracted_models/H2319_all_pdbs/Model_6944_af3_woUnpaired_af3_seed_787924_sample_2_pred_382.cif,awaiting_extract,"MassiveFold model pool index only. It parses organizer-provided external model tarball listings and stages balanced extraction/rerank candidates. These models remain external rerank and accuracy-estimation inputs, not internal predictions, not CASP submissions, and not competitive-proof evidence."
7,H2319,H2319_T333,1033,H2319_all_pdbs/Model_8757_af3_woUnpaired_af3_seed_714109_sample_4_pred_504.cif,Model_8757_af3_woUnpaired_af3_seed_714109_sample_4_pred_504.cif,8757,AF3,af3_woUnpaired,714109,4,504,woUnpaired,,False,casp17/massivefold_external_pool_intake/h2319_t333/extracted_models/H2319_all_pdbs/Model_8757_af3_woUnpaired_af3_seed_714109_sample_4_pred_504.cif,awaiting_extract,"MassiveFold model pool index only. It parses organizer-provided external model tarball listings and stages balanced extraction/rerank candidates. These models remain external rerank and accuracy-estimation inputs, not internal predictions, not CASP submissions, and not competitive-proof evidence."
7,H2319,H2319_T333,1042,H2319_all_pdbs/Model_10948_af3_woUnpaired_af3_seed_57447_sample_1_pred_836.cif,Model_10948_af3_woUnpaired_af3_seed_57447_sample_1_pred_836.cif,10948,AF3,af3_woUnpaired,57447,1,836,woUnpaired,,False,casp17/massivefold_external_pool_intake/h2319_t333/extracted_models/H2319_all_pdbs/Model_10948_af3_woUnpaired_af3_seed_57447_sample_1_pred_836.cif,awaiting_extract,"MassiveFold model pool index only. It parses organizer-provided external model tarball listings and stages balanced extraction/rerank candidates. These models remain external rerank and accuracy-estimation inputs, not internal predictions, not CASP submissions, and not competitive-proof evidence."
7,H2319,H2319_T333,1053,H2319_all_pdbs/Model_7807_af3_woUnpaired_af3_seed_646833_sample_1_pred_206.cif,Model_7807_af3_woUnpaired_af3_seed_646833_sample_1_pred_206.cif,7807,AF3,af3_woUnpaired,646833,1,206,woUnpaired,,False,casp17/massivefold_external_pool_intake/h2319_t333/extracted_models/H2319_all_pdbs/Model_7807_af3_woUnpaired_af3_seed_646833_sample_1_pred_206.cif,awaiting_extract,"MassiveFold model pool index only. It parses organizer-provided external model tarball listings and stages balanced extraction/rerank candidates. These models remain external rerank and accuracy-estimation inputs, not internal predictions, not CASP submissions, and not competitive-proof evidence."
7,H2319,H2319_T333,1068,H2319_all_pdbs/Model_8664_af3_woUnpaired_af3_seed_466141_sample_0_pred_20.cif,Model_8664_af3_woUnpaired_af3_seed_466141_sample_0_pred_20.cif,8664,AF3,af3_woUnpaired,466141,0,20,woUnpaired,,False,casp17/massivefold_external_pool_intake/h2319_t333/extracted_models/H2319_all_pdbs/Model_8664_af3_woUnpaired_af3_seed_466141_sample_0_pred_20.cif,awaiting_extract,"MassiveFold model pool index only. It parses organizer-provided external model tarball listings and stages balanced extraction/rerank candidates. These models remain external rerank and accuracy-estimation inputs, not internal predictions, not CASP submissions, and not competitive-proof evidence."
7,H2319,H2319_T333,1079,H2319_all_pdbs/Model_7048_af3_woUnpaired_af3_seed_646829_sample_0_pred_185.cif,Model_7048_af3_woUnpaired_af3_seed_646829_sample_0_pred_185.cif,7048,AF3,af3_woUnpaired,646829,0,185,woUnpaired,,False,casp17/massivefold_external_pool_intake/h2319_t333/extracted_models/H2319_all_pdbs/Model_7048_af3_woUnpaired_af3_seed_646829_sample_0_pred_185.cif,awaiting_extract,"MassiveFold model pool index only. It parses organizer-provided external model tarball listings and stages balanced extraction/rerank candidates. These models remain external rerank and accuracy-estimation inputs, not internal predictions, not CASP submissions, and not competitive-proof evidence."
7,H2319,H2319_T333,1081,H2319_all_pdbs/Model_10963_af3_woUnpaired_af3_seed_787937_sample_3_pred_448.cif,Model_10963_af3_woUnpaired_af3_seed_787937_sample_3_pred_448.cif,10963,AF3,af3_woUnpaired,787937,3,448,woUnpaired,,False,casp17/massivefold_external_pool_intake/h2319_t333/extracted_models/H2319_all_pdbs/Model_10963_af3_woUnpaired_af3_seed_787937_sample_3_pred_448.cif,awaiting_extract,"MassiveFold model pool index only. It parses organizer-provided external model tarball listings and stages balanced extraction/rerank candidates. These models remain external rerank and accuracy-estimation inputs, not internal predictions, not CASP submissions, and not competitive-proof evidence."
7,H2319,H2319_T333,1084,H2319_all_pdbs/Model_6973_af3_woUnpaired_af3_seed_646833_sample_2_pred_207.cif,Model_6973_af3_woUnpaired_af3_seed_646833_sample_2_pred_207.cif,6973,AF3,af3_woUnpaired,646833,2,207,woUnpaired,,False,casp17/massivefold_external_pool_intake/h2319_t333/extracted_models/H2319_all_pdbs/Model_6973_af3_woUnpaired_af3_seed_646833_sample_2_pred_207.cif,awaiting_extract,"MassiveFold model pool index only. It parses organizer-provided external model tarball listings and stages balanced extraction/rerank candidates. These models remain external rerank and accuracy-estimation inputs, not internal predictions, not CASP submissions, and not competitive-proof evidence."
7,H2319,H2319_T333,1089,H2319_all_pdbs/Model_8760_af3_woUnpaired_af3_seed_42973_sample_3_pred_288.cif,Model_8760_af3_woUnpaired_af3_seed_42973_sample_3_pred_288.cif,8760,AF3,af3_woUnpaired,42973,3,288,woUnpaired,,False,casp17/massivefold_external_pool_intake/h2319_t333/extracted_models/H2319_all_pdbs/Model_8760_af3_woUnpaired_af3_seed_42973_sample_3_pred_288.cif,awaiting_extract,"MassiveFold model pool index only. It parses organizer-provided external model tarball listings and stages balanced extraction/rerank candidates. These models remain external rerank and accuracy-estimation inputs, not internal predictions, not CASP submissions, and not competitive-proof evidence."
7,H2319,H2319_T333,1144,H2319_all_pdbs/Model_10953_af3_woUnpaired_af3_seed_334605_sample_4_pred_729.cif,Model_10953_af3_woUnpaired_af3_seed_334605_sample_4_pred_729.cif,10953,AF3,af3_woUnpaired,334605,4,729,woUnpaired,,False,casp17/massivefold_external_pool_intake/h2319_t333/extracted_models/H2319_all_pdbs/Model_10953_af3_woUnpaired_af3_seed_334605_sample_4_pred_729.cif,awaiting_extract,"MassiveFold model pool index only. It parses organizer-provided external model tarball listings and stages balanced extraction/rerank candidates. These models remain external rerank and accuracy-estimation inputs, not internal predictions, not CASP submissions, and not competitive-proof evidence."
7,H2319,H2319_T333,1174,H2319_all_pdbs/Model_10957_af3_woUnpaired_af3_seed_578581_sample_1_pred_981.cif,Model_10957_af3_woUnpaired_af3_seed_578581_sample_1_pred_981.cif,10957,AF3,af3_woUnpaired,578581,1,981,woUnpaired,,False,casp17/massivefold_external_pool_intake/h2319_t333/extracted_models/H2319_all_pdbs/Model_10957_af3_woUnpaired_af3_seed_578581_sample_1_pred_981.cif,awaiting_extract,"MassiveFold model pool index only. It parses organizer-provided external model tarball listings and stages balanced extraction/rerank candidates. These models remain external rerank and accuracy-estimation inputs, not internal predictions, not CASP submissions, and not competitive-proof evidence."
7,H2319,H2319_T333,1209,H2319_all_pdbs/Model_7694_af3_woUnpaired_af3_seed_646834_sample_3_pred_213.cif,Model_7694_af3_woUnpaired_af3_seed_646834_sample_3_pred_213.cif,7694,AF3,af3_woUnpaired,646834,3,213,woUnpaired,,False,casp17/massivefold_external_pool_intake/h2319_t333/extracted_models/H2319_all_pdbs/Model_7694_af3_woUnpaired_af3_seed_646834_sample_3_pred_213.cif,awaiting_extract,"MassiveFold model pool index only. It parses organizer-provided external model tarball listings and stages balanced extraction/rerank candidates. These models remain external rerank and accuracy-estimation inputs, not internal predictions, not CASP submissions, and not competitive-proof evidence."
7,H2319,H2319_T333,1249,H2319_all_pdbs/Model_6382_af3_woUnpaired_af3_seed_787942_sample_0_pred_470.cif,Model_6382_af3_woUnpaired_af3_seed_787942_sample_0_pred_470.cif,6382,AF3,af3_woUnpaired,787942,0,470,woUnpaired,,False,casp17/massivefold_external_pool_intake/h2319_t333/extracted_models/H2319_all_pdbs/Model_6382_af3_woUnpaired_af3_seed_787942_sample_0_pred_470.cif,awaiting_extract,"MassiveFold model pool index only. It parses organizer-provided external model tarball listings and stages balanced extraction/rerank candidates. These models remain external rerank and accuracy-estimation inputs, not internal predictions, not CASP submissions, and not competitive-proof evidence."
7,H2319,H2319_T333,1278,H2319_all_pdbs/Model_6969_af3_woUnpaired_af3_seed_57440_sample_2_pred_802.cif,Model_6969_af3_woUnpaired_af3_seed_57440_sample_2_pred_802.cif,6969,AF3,af3_woUnpaired,57440,2,802,woUnpaired,,False,casp17/massivefold_external_pool_intake/h2319_t333/extracted_models/H2319_all_pdbs/Model_6969_af3_woUnpaired_af3_seed_57440_sample_2_pred_802.cif,awaiting_extract,"MassiveFold model pool index only. It parses organizer-provided external model tarball listings and stages balanced extraction/rerank candidates. These models remain external rerank and accuracy-estimation inputs, not internal predictions, not CASP submissions, and not competitive-proof evidence."
7,H2319,H2319_T333,1306,H2319_all_pdbs/Model_10893_af3_woUnpaired_af3_seed_578568_sample_2_pred_917.cif,Model_10893_af3_woUnpaired_af3_seed_578568_sample_2_pred_917.cif,10893,AF3,af3_woUnpaired,578568,2,917,woUnpaired,,False,casp17/massivefold_external_pool_intake/h2319_t333/extracted_models/H2319_all_pdbs/Model_10893_af3_woUnpaired_af3_seed_578568_sample_2_pred_917.cif,awaiting_extract,"MassiveFold model pool index only. It parses organizer-provided external model tarball listings and stages balanced extraction/rerank candidates. These models remain external rerank and accuracy-estimation inputs, not internal predictions, not CASP submissions, and not competitive-proof evidence."
7,H2319,H2319_T333,1309,H2319_all_pdbs/Model_8590_af3_woUnpaired_af3_seed_42980_sample_4_pred_324.cif,Model_8590_af3_woUnpaired_af3_seed_42980_sample_4_pred_324.cif,8590,AF3,af3_woUnpaired,42980,4,324,woUnpaired,,False,casp17/massivefold_external_pool_intake/h2319_t333/extracted_models/H2319_all_pdbs/Model_8590_af3_woUnpaired_af3_seed_42980_sample_4_pred_324.cif,awaiting_extract,"MassiveFold model pool index only. It parses organizer-provided external model tarball listings and stages balanced extraction/rerank candidates. These models remain external rerank and accuracy-estimation inputs, not internal predictions, not CASP submissions, and not competitive-proof evidence."
7,H2319,H2319_T333,1319,H2319_all_pdbs/Model_7079_af3_woUnpaired_af3_seed_578565_sample_1_pred_901.cif,Model_7079_af3_woUnpaired_af3_seed_578565_sample_1_pred_901.cif,7079,AF3,af3_woUnpaired,578565,1,901,woUnpaired,,False,casp17/massivefold_external_pool_intake/h2319_t333/extracted_models/H2319_all_pdbs/Model_7079_af3_woUnpaired_af3_seed_578565_sample_1_pred_901.cif,awaiting_extract,"MassiveFold model pool index only. It parses organizer-provided external model tarball listings and stages balanced extraction/rerank candidates. These models remain external rerank and accuracy-estimation inputs, not internal predictions, not CASP submissions, and not competitive-proof evidence."
7,H2319,H2319_T333,1338,H2319_all_pdbs/Model_6938_af3_woUnpaired_af3_seed_42971_sample_1_pred_276.cif,Model_6938_af3_woUnpaired_af3_seed_42971_sample_1_pred_276.cif,6938,AF3,af3_woUnpaired,42971,1,276,woUnpaired,,False,casp17/massivefold_external_pool_intake/h2319_t333/extracted_models/H2319_all_pdbs/Model_6938_af3_woUnpaired_af3_seed_42971_sample_1_pred_276.cif,awaiting_extract,"MassiveFold model pool index only. It parses organizer-provided external model tarball listings and stages balanced extraction/rerank candidates. These models remain external rerank and accuracy-estimation inputs, not internal predictions, not CASP submissions, and not competitive-proof evidence."
7,H2319,H2319_T333,1344,H2319_all_pdbs/Model_10993_af3_woUnpaired_af3_seed_466153_sample_3_pred_83.cif,Model_10993_af3_woUnpaired_af3_seed_466153_sample_3_pred_83.cif,10993,AF3,af3_woUnpaired,466153,3,83,woUnpaired,,False,casp17/massivefold_external_pool_intake/h2319_t333/extracted_models/H2319_all_pdbs/Model_10993_af3_woUnpaired_af3_seed_466153_sample_3_pred_83.cif,awaiting_extract,"MassiveFold model pool index only. It parses organizer-provided external model tarball listings and stages balanced extraction/rerank candidates. These models remain external rerank and accuracy-estimation inputs, not internal predictions, not CASP submissions, and not competitive-proof evidence."
7,H2319,H2319_T333,1346,H2319_all_pdbs/Model_7761_af3_woUnpaired_af3_seed_334604_sample_1_pred_721.cif,Model_7761_af3_woUnpaired_af3_seed_334604_sample_1_pred_721.cif,7761,AF3,af3_woUnpaired,334604,1,721,woUnpaired,,False,casp17/massivefold_external_pool_intake/h2319_t333/extracted_models/H2319_all_pdbs/Model_7761_af3_woUnpaired_af3_seed_334604_sample_1_pred_721.cif,awaiting_extract,"MassiveFold model pool index only. It parses organizer-provided external model tarball listings and stages balanced extraction/rerank candidates. These models remain external rerank and accuracy-estimation inputs, not internal predictions, not CASP submissions, and not competitive-proof evidence."
7,H2319,H2319_T333,1348,H2319_all_pdbs/Model_6896_af3_woUnpaired_af3_seed_578570_sample_2_pred_927.cif,Model_6896_af3_woUnpaired_af3_seed_578570_sample_2_pred_927.cif,6896,AF3,af3_woUnpaired,578570,2,927,woUnpaired,,False,casp17/massivefold_external_pool_intake/h2319_t333/extracted_models/H2319_all_pdbs/Model_6896_af3_woUnpaired_af3_seed_578570_sample_2_pred_927.cif,awaiting_extract,"MassiveFold model pool index only. It parses organizer-provided external model tarball listings and stages balanced extraction/rerank candidates. These models remain external rerank and accuracy-estimation inputs, not internal predictions, not CASP submissions, and not competitive-proof evidence."
7,H2319,H2319_T333,1362,H2319_all_pdbs/Model_8924_af3_woUnpaired_af3_seed_57450_sample_3_pred_853.cif,Model_8924_af3_woUnpaired_af3_seed_57450_sample_3_pred_853.cif,8924,AF3,af3_woUnpaired,57450,3,853,woUnpaired,,False,casp17/massivefold_external_pool_intake/h2319_t333/extracted_models/H2319_all_pdbs/Model_8924_af3_woUnpaired_af3_seed_57450_sample_3_pred_853.cif,awaiting_extract,"MassiveFold model pool index only. It parses organizer-provided external model tarball listings and stages balanced extraction/rerank candidates. These models remain external rerank and accuracy-estimation inputs, not internal predictions, not CASP submissions, and not competitive-proof evidence."
7,H2319,H2319_T333,1375,H2319_all_pdbs/Model_7000_af3_woUnpaired_af3_seed_578562_sample_4_pred_889.cif,Model_7000_af3_woUnpaired_af3_seed_578562_sample_4_pred_889.cif,7000,AF3,af3_woUnpaired,578562,4,889,woUnpaired,,False,casp17/massivefold_external_pool_intake/h2319_t333/extracted_models/H2319_all_pdbs/Model_7000_af3_woUnpaired_af3_seed_578562_sample_4_pred_889.cif,awaiting_extract,"MassiveFold model pool index only. It parses organizer-provided external model tarball listings and stages balanced extraction/rerank candidates. These models remain external rerank and accuracy-estimation inputs, not internal predictions, not CASP submissions, and not competitive-proof evidence."
7,H2319,H2319_T333,1384,H2319_all_pdbs/Model_8895_af3_woUnpaired_af3_seed_646819_sample_3_pred_138.cif,Model_8895_af3_woUnpaired_af3_seed_646819_sample_3_pred_138.cif,8895,AF3,af3_woUnpaired,646819,3,138,woUnpaired,,False,casp17/massivefold_external_pool_intake/h2319_t333/extracted_models/H2319_all_pdbs/Model_8895_af3_woUnpaired_af3_seed_646819_sample_3_pred_138.cif,awaiting_extract,"MassiveFold model pool index only. It parses organizer-provided external model tarball listings and stages balanced extraction/rerank candidates. These models remain external rerank and accuracy-estimation inputs, not internal predictions, not CASP submissions, and not competitive-proof evidence."
7,H2319,H2319_T333,1417,H2319_all_pdbs/Model_10292_af3_woUnpaired_af3_seed_334607_sample_2_pred_737.cif,Model_10292_af3_woUnpaired_af3_seed_334607_sample_2_pred_737.cif,10292,AF3,af3_woUnpaired,334607,2,737,woUnpaired,,False,casp17/massivefold_external_pool_intake/h2319_t333/extracted_models/H2319_all_pdbs/Model_10292_af3_woUnpaired_af3_seed_334607_sample_2_pred_737.cif,awaiting_extract,"MassiveFold model pool index only. It parses organizer-provided external model tarball listings and stages balanced extraction/rerank candidates. These models remain external rerank and accuracy-estimation inputs, not internal predictions, not CASP submissions, and not competitive-proof evidence."
7,H2319,H2319_T333,1455,H2319_all_pdbs/Model_7724_af3_woUnpaired_af3_seed_466148_sample_4_pred_59.cif,Model_7724_af3_woUnpaired_af3_seed_466148_sample_4_pred_59.cif,7724,AF3,af3_woUnpaired,466148,4,59,woUnpaired,,False,casp17/massivefold_external_pool_intake/h2319_t333/extracted_models/H2319_all_pdbs/Model_7724_af3_woUnpaired_af3_seed_466148_sample_4_pred_59.cif,awaiting_extract,"MassiveFold model pool index only. It parses organizer-provided external model tarball listings and stages balanced extraction/rerank candidates. These models remain external rerank and accuracy-estimation inputs, not internal predictions, not CASP submissions, and not competitive-proof evidence."
7,H2319,H2319_T333,1459,H2319_all_pdbs/Model_8807_af3_woUnpaired_af3_seed_646837_sample_1_pred_226.cif,Model_8807_af3_woUnpaired_af3_seed_646837_sample_1_pred_226.cif,8807,AF3,af3_woUnpaired,646837,1,226,woUnpaired,,False,casp17/massivefold_external_pool_intake/h2319_t333/extracted_models/H2319_all_pdbs/Model_8807_af3_woUnpaired_af3_seed_646837_sample_1_pred_226.cif,awaiting_extract,"MassiveFold model pool index only. It parses organizer-provided external model tarball listings and stages balanced extraction/rerank candidates. These models remain external rerank and accuracy-estimation inputs, not internal predictions, not CASP submissions, and not competitive-proof evidence."
7,H2319,H2319_T333,1462,H2319_all_pdbs/Model_6884_af3_woUnpaired_af3_seed_578573_sample_0_pred_940.cif,Model_6884_af3_woUnpaired_af3_seed_578573_sample_0_pred_940.cif,6884,AF3,af3_woUnpaired,578573,0,940,woUnpaired,,False,casp17/massivefold_external_pool_intake/h2319_t333/extracted_models/H2319_all_pdbs/Model_6884_af3_woUnpaired_af3_seed_578573_sample_0_pred_940.cif,awaiting_extract,"MassiveFold model pool index only. It parses organizer-provided external model tarball listings and stages balanced extraction/rerank candidates. These models remain external rerank and accuracy-estimation inputs, not internal predictions, not CASP submissions, and not competitive-proof evidence."
7,H2319,H2319_T333,1463,H2319_all_pdbs/Model_6963_af3_woUnpaired_af3_seed_646841_sample_3_pred_248.cif,Model_6963_af3_woUnpaired_af3_seed_646841_sample_3_pred_248.cif,6963,AF3,af3_woUnpaired,646841,3,248,woUnpaired,,False,casp17/massivefold_external_pool_intake/h2319_t333/extracted_models/H2319_all_pdbs/Model_6963_af3_woUnpaired_af3_seed_646841_sample_3_pred_248.cif,awaiting_extract,"MassiveFold model pool index only. It parses organizer-provided external model tarball listings and stages balanced extraction/rerank candidates. These models remain external rerank and accuracy-estimation inputs, not internal predictions, not CASP submissions, and not competitive-proof evidence."
7,H2319,H2319_T333,1469,H2319_all_pdbs/Model_10982_af3_woUnpaired_af3_seed_578577_sample_2_pred_962.cif,Model_10982_af3_woUnpaired_af3_seed_578577_sample_2_pred_962.cif,10982,AF3,af3_woUnpaired,578577,2,962,woUnpaired,,False,casp17/massivefold_external_pool_intake/h2319_t333/extracted_models/H2319_all_pdbs/Model_10982_af3_woUnpaired_af3_seed_578577_sample_2_pred_962.cif,awaiting_extract,"MassiveFold model pool index only. It parses organizer-provided external model tarball listings and stages balanced extraction/rerank candidates. These models remain external rerank and accuracy-estimation inputs, not internal predictions, not CASP submissions, and not competitive-proof evidence."
7,H2319,H2319_T333,1495,H2319_all_pdbs/Model_7797_af3_woUnpaired_af3_seed_787925_sample_0_pred_385.cif,Model_7797_af3_woUnpaired_af3_seed_787925_sample_0_pred_385.cif,7797,AF3,af3_woUnpaired,787925,0,385,woUnpaired,,False,casp17/massivefold_external_pool_intake/h2319_t333/extracted_models/H2319_all_pdbs/Model_7797_af3_woUnpaired_af3_seed_787925_sample_0_pred_385.cif,awaiting_extract,"MassiveFold model pool index only. It parses organizer-provided external model tarball listings and stages balanced extraction/rerank candidates. These models remain external rerank and accuracy-estimation inputs, not internal predictions, not CASP submissions, and not competitive-proof evidence."
7,H2319,H2319_T333,1534,H2319_all_pdbs/Model_8687_af3_woUnpaired_af3_seed_578564_sample_3_pred_898.cif,Model_8687_af3_woUnpaired_af3_seed_578564_sample_3_pred_898.cif,8687,AF3,af3_woUnpaired,578564,3,898,woUnpaired,,False,casp17/massivefold_external_pool_intake/h2319_t333/extracted_models/H2319_all_pdbs/Model_8687_af3_woUnpaired_af3_seed_578564_sample_3_pred_898.cif,awaiting_extract,"MassiveFold model pool index only. It parses organizer-provided external model tarball listings and stages balanced extraction/rerank candidates. These models remain external rerank and accuracy-estimation inputs, not internal predictions, not CASP submissions, and not competitive-proof evidence."
7,H2319,H2319_T333,1557,H2319_all_pdbs/Model_8703_af3_woUnpaired_af3_seed_334592_sample_1_pred_661.cif,Model_8703_af3_woUnpaired_af3_seed_334592_sample_1_pred_661.cif,8703,AF3,af3_woUnpaired,334592,1,661,woUnpaired,,False,casp17/massivefold_external_pool_intake/h2319_t333/extracted_models/H2319_all_pdbs/Model_8703_af3_woUnpaired_af3_seed_334592_sample_1_pred_661.cif,awaiting_extract,"MassiveFold model pool index only. It parses organizer-provided external model tarball listings and stages balanced extraction/rerank candidates. These models remain external rerank and accuracy-estimation inputs, not internal predictions, not CASP submissions, and not competitive-proof evidence."
7,H2319,H2319_T333,1560,H2319_all_pdbs/Model_6885_af3_woUnpaired_af3_seed_466137_sample_2_pred_2.cif,Model_6885_af3_woUnpaired_af3_seed_466137_sample_2_pred_2.cif,6885,AF3,af3_woUnpaired,466137,2,2,woUnpaired,,False,casp17/massivefold_external_pool_intake/h2319_t333/extracted_models/H2319_all_pdbs/Model_6885_af3_woUnpaired_af3_seed_466137_sample_2_pred_2.cif,awaiting_extract,"MassiveFold model pool index only. It parses organizer-provided external model tarball listings and stages balanced extraction/rerank candidates. These models remain external rerank and accuracy-estimation inputs, not internal predictions, not CASP submissions, and not competitive-proof evidence."
7,H2319,H2319_T333,1564,H2319_all_pdbs/Model_8882_af3_woUnpaired_af3_seed_787943_sample_3_pred_478.cif,Model_8882_af3_woUnpaired_af3_seed_787943_sample_3_pred_478.cif,8882,AF3,af3_woUnpaired,787943,3,478,woUnpaired,,False,casp17/massivefold_external_pool_intake/h2319_t333/extracted_models/H2319_all_pdbs/Model_8882_af3_woUnpaired_af3_seed_787943_sample_3_pred_478.cif,awaiting_extract,"MassiveFold model pool index only. It parses organizer-provided external model tarball listings and stages balanced extraction/rerank candidates. These models remain external rerank and accuracy-estimation inputs, not internal predictions, not CASP submissions, and not competitive-proof evidence."
7,H2319,H2319_T333,1577,H2319_all_pdbs/Model_8645_af3_woUnpaired_af3_seed_466161_sample_3_pred_123.cif,Model_8645_af3_woUnpaired_af3_seed_466161_sample_3_pred_123.cif,8645,AF3,af3_woUnpaired,466161,3,123,woUnpaired,,False,casp17/massivefold_external_pool_intake/h2319_t333/extracted_models/H2319_all_pdbs/Model_8645_af3_woUnpaired_af3_seed_466161_sample_3_pred_123.cif,awaiting_extract,"MassiveFold model pool index only. It parses organizer-provided external model tarball listings and stages balanced extraction/rerank candidates. These models remain external rerank and accuracy-estimation inputs, not internal predictions, not CASP submissions, and not competitive-proof evidence."
7,H2319,H2319_T333,1585,H2319_all_pdbs/Model_11010_af3_woUnpaired_af3_seed_714127_sample_3_pred_593.cif,Model_11010_af3_woUnpaired_af3_seed_714127_sample_3_pred_593.cif,11010,AF3,af3_woUnpaired,714127,3,593,woUnpaired,,False,casp17/massivefold_external_pool_intake/h2319_t333/extracted_models/H2319_all_pdbs/Model_11010_af3_woUnpaired_af3_seed_714127_sample_3_pred_593.cif,awaiting_extract,"MassiveFold model pool index only. It parses organizer-provided external model tarball listings and stages balanced extraction/rerank candidates. These models remain external rerank and accuracy-estimation inputs, not internal predictions, not CASP submissions, and not competitive-proof evidence."
7,H2319,H2319_T333,1587,H2319_all_pdbs/Model_10270_af3_woUnpaired_af3_seed_57443_sample_0_pred_815.cif,Model_10270_af3_woUnpaired_af3_seed_57443_sample_0_pred_815.cif,10270,AF3,af3_woUnpaired,57443,0,815,woUnpaired,,False,casp17/massivefold_external_pool_intake/h2319_t333/extracted_models/H2319_all_pdbs/Model_10270_af3_woUnpaired_af3_seed_57443_sample_0_pred_815.cif,awaiting_extract,"MassiveFold model pool index only. It parses organizer-provided external model tarball listings and stages balanced extraction/rerank candidates. These models remain external rerank and accuracy-estimation inputs, not internal predictions, not CASP submissions, and not competitive-proof evidence."
7,H2319,H2319_T333,1634,H2319_all_pdbs/Model_7789_af3_woUnpaired_af3_seed_466144_sample_3_pred_38.cif,Model_7789_af3_woUnpaired_af3_seed_466144_sample_3_pred_38.cif,7789,AF3,af3_woUnpaired,466144,3,38,woUnpaired,,False,casp17/massivefold_external_pool_intake/h2319_t333/extracted_models/H2319_all_pdbs/Model_7789_af3_woUnpaired_af3_seed_466144_sample_3_pred_38.cif,awaiting_extract,"MassiveFold model pool index only. It parses organizer-provided external model tarball listings and stages balanced extraction/rerank candidates. These models remain external rerank and accuracy-estimation inputs, not internal predictions, not CASP submissions, and not competitive-proof evidence."
7,H2319,H2319_T333,1655,H2319_all_pdbs/Model_8666_af3_woUnpaired_af3_seed_646837_sample_4_pred_229.cif,Model_8666_af3_woUnpaired_af3_seed_646837_sample_4_pred_229.cif,8666,AF3,af3_woUnpaired,646837,4,229,woUnpaired,,False,casp17/massivefold_external_pool_intake/h2319_t333/extracted_models/H2319_all_pdbs/Model_8666_af3_woUnpaired_af3_seed_646837_sample_4_pred_229.cif,awaiting_extract,"MassiveFold model pool index only. It parses organizer-provided external model tarball listings and stages balanced extraction/rerank candidates. These models remain external rerank and accuracy-estimation inputs, not internal predictions, not CASP submissions, and not competitive-proof evidence."
7,H2319,H2319_T333,1693,H2319_all_pdbs/Model_7801_af3_woUnpaired_af3_seed_57440_sample_3_pred_803.cif,Model_7801_af3_woUnpaired_af3_seed_57440_sample_3_pred_803.cif,7801,AF3,af3_woUnpaired,57440,3,803,woUnpaired,,False,casp17/massivefold_external_pool_intake/h2319_t333/extracted_models/H2319_all_pdbs/Model_7801_af3_woUnpaired_af3_seed_57440_sample_3_pred_803.cif,awaiting_extract,"MassiveFold model pool index only. It parses organizer-provided external model tarball listings and stages balanced extraction/rerank candidates. These models remain external rerank and accuracy-estimation inputs, not internal predictions, not CASP submissions, and not competitive-proof evidence."
7,H2319,H2319_T333,1703,H2319_all_pdbs/Model_6946_af3_woUnpaired_af3_seed_42981_sample_2_pred_327.cif,Model_6946_af3_woUnpaired_af3_seed_42981_sample_2_pred_327.cif,6946,AF3,af3_woUnpaired,42981,2,327,woUnpaired,,False,casp17/massivefold_external_pool_intake/h2319_t333/extracted_models/H2319_all_pdbs/Model_6946_af3_woUnpaired_af3_seed_42981_sample_2_pred_327.cif,awaiting_extract,"MassiveFold model pool index only. It parses organizer-provided external model tarball listings and stages balanced extraction/rerank candidates. These models remain external rerank and accuracy-estimation inputs, not internal predictions, not CASP submissions, and not competitive-proof evidence."
7,H2319,H2319_T333,1705,H2319_all_pdbs/Model_7765_af3_woUnpaired_af3_seed_578576_sample_3_pred_958.cif,Model_7765_af3_woUnpaired_af3_seed_578576_sample_3_pred_958.cif,7765,AF3,af3_woUnpaired,578576,3,958,woUnpaired,,False,casp17/massivefold_external_pool_intake/h2319_t333/extracted_models/H2319_all_pdbs/Model_7765_af3_woUnpaired_af3_seed_578576_sample_3_pred_958.cif,awaiting_extract,"MassiveFold model pool index only. It parses organizer-provided external model tarball listings and stages balanced extraction/rerank candidates. These models remain external rerank and accuracy-estimation inputs, not internal predictions, not CASP submissions, and not competitive-proof evidence."
7,H2319,H2319_T333,1710,H2319_all_pdbs/Model_7062_af3_woUnpaired_af3_seed_787928_sample_0_pred_400.cif,Model_7062_af3_woUnpaired_af3_seed_787928_sample_0_pred_400.cif,7062,AF3,af3_woUnpaired,787928,0,400,woUnpaired,,False,casp17/massivefold_external_pool_intake/h2319_t333/extracted_models/H2319_all_pdbs/Model_7062_af3_woUnpaired_af3_seed_787928_sample_0_pred_400.cif,awaiting_extract,"MassiveFold model pool index only. It parses organizer-provided external model tarball listings and stages balanced extraction/rerank candidates. These models remain external rerank and accuracy-estimation inputs, not internal predictions, not CASP submissions, and not competitive-proof evidence."
7,H2319,H2319_T333,1715,H2319_all_pdbs/Model_8612_af3_woUnpaired_af3_seed_787942_sample_3_pred_473.cif,Model_8612_af3_woUnpaired_af3_seed_787942_sample_3_pred_473.cif,8612,AF3,af3_woUnpaired,787942,3,473,woUnpaired,,False,casp17/massivefold_external_pool_intake/h2319_t333/extracted_models/H2319_all_pdbs/Model_8612_af3_woUnpaired_af3_seed_787942_sample_3_pred_473.cif,awaiting_extract,"MassiveFold model pool index only. It parses organizer-provided external model tarball listings and stages balanced extraction/rerank candidates. These models remain external rerank and accuracy-estimation inputs, not internal predictions, not CASP submissions, and not competitive-proof evidence."
7,H2319,H2319_T333,1718,H2319_all_pdbs/Model_10941_af3_woUnpaired_af3_seed_466158_sample_4_pred_109.cif,Model_10941_af3_woUnpaired_af3_seed_466158_sample_4_pred_109.cif,10941,AF3,af3_woUnpaired,466158,4,109,woUnpaired,,False,casp17/massivefold_external_pool_intake/h2319_t333/extracted_models/H2319_all_pdbs/Model_10941_af3_woUnpaired_af3_seed_466158_sample_4_pred_109.cif,awaiting_extract,"MassiveFold model pool index only. It parses organizer-provided external model tarball listings and stages balanced extraction/rerank candidates. These models remain external rerank and accuracy-estimation inputs, not internal predictions, not CASP submissions, and not competitive-proof evidence."
7,H2319,H2319_T333,1745,H2319_all_pdbs/Model_7685_af3_woUnpaired_af3_seed_787939_sample_4_pred_459.cif,Model_7685_af3_woUnpaired_af3_seed_787939_sample_4_pred_459.cif,7685,AF3,af3_woUnpaired,787939,4,459,woUnpaired,,False,casp17/massivefold_external_pool_intake/h2319_t333/extracted_models/H2319_all_pdbs/Model_7685_af3_woUnpaired_af3_seed_787939_sample_4_pred_459.cif,awaiting_extract,"MassiveFold model pool index only. It parses organizer-provided external model tarball listings and stages balanced extraction/rerank candidates. These models remain external rerank and accuracy-estimation inputs, not internal predictions, not CASP submissions, and not competitive-proof evidence."
7,H2319,H2319_T333,1747,H2319_all_pdbs/Model_7049_af3_woUnpaired_af3_seed_578583_sample_3_pred_993.cif,Model_7049_af3_woUnpaired_af3_seed_578583_sample_3_pred_993.cif,7049,AF3,af3_woUnpaired,578583,3,993,woUnpaired,,False,casp17/massivefold_external_pool_intake/h2319_t333/extracted_models/H2319_all_pdbs/Model_7049_af3_woUnpaired_af3_seed_578583_sample_3_pred_993.cif,awaiting_extract,"MassiveFold model pool index only. It parses organizer-provided external model tarball listings and stages balanced extraction/rerank candidates. These models remain external rerank and accuracy-estimation inputs, not internal predictions, not CASP submissions, and not competitive-proof evidence."
7,H2319,H2319_T333,1814,H2319_all_pdbs/Model_7089_af3_woUnpaired_af3_seed_714116_sample_3_pred_538.cif,Model_7089_af3_woUnpaired_af3_seed_714116_sample_3_pred_538.cif,7089,AF3,af3_woUnpaired,714116,3,538,woUnpaired,,False,casp17/massivefold_external_pool_intake/h2319_t333/extracted_models/H2319_all_pdbs/Model_7089_af3_woUnpaired_af3_seed_714116_sample_3_pred_538.cif,awaiting_extract,"MassiveFold model pool index only. It parses organizer-provided external model tarball listings and stages balanced extraction/rerank candidates. These models remain external rerank and accuracy-estimation inputs, not internal predictions, not CASP submissions, and not competitive-proof evidence."
7,H2319,H2319_T333,1818,H2319_all_pdbs/Model_8808_af3_woUnpaired_af3_seed_646827_sample_3_pred_178.cif,Model_8808_af3_woUnpaired_af3_seed_646827_sample_3_pred_178.cif,8808,AF3,af3_woUnpaired,646827,3,178,woUnpaired,,False,casp17/massivefold_external_pool_intake/h2319_t333/extracted_models/H2319_all_pdbs/Model_8808_af3_woUnpaired_af3_seed_646827_sample_3_pred_178.cif,awaiting_extract,"MassiveFold model pool index only. It parses organizer-provided external model tarball listings and stages balanced extraction/rerank candidates. These models remain external rerank and accuracy-estimation inputs, not internal predictions, not CASP submissions, and not competitive-proof evidence."
7,H2319,H2319_T333,1828,H2319_all_pdbs/Model_6360_af3_woUnpaired_af3_seed_42981_sample_3_pred_328.cif,Model_6360_af3_woUnpaired_af3_seed_42981_sample_3_pred_328.cif,6360,AF3,af3_woUnpaired,42981,3,328,woUnpaired,,False,casp17/massivefold_external_pool_intake/h2319_t333/extracted_models/H2319_all_pdbs/Model_6360_af3_woUnpaired_af3_seed_42981_sample_3_pred_328.cif,awaiting_extract,"MassiveFold model pool index only. It parses organizer-provided external model tarball listings and stages balanced extraction/rerank candidates. These models remain external rerank and accuracy-estimation inputs, not internal predictions, not CASP submissions, and not competitive-proof evidence."
7,H2319,H2319_T333,1829,H2319_all_pdbs/Model_8596_af3_woUnpaired_af3_seed_787938_sample_2_pred_452.cif,Model_8596_af3_woUnpaired_af3_seed_787938_sample_2_pred_452.cif,8596,AF3,af3_woUnpaired,787938,2,452,woUnpaired,,False,casp17/massivefold_external_pool_intake/h2319_t333/extracted_models/H2319_all_pdbs/Model_8596_af3_woUnpaired_af3_seed_787938_sample_2_pred_452.cif,awaiting_extract,"MassiveFold model pool index only. It parses organizer-provided external model tarball listings and stages balanced extraction/rerank candidates. These models remain external rerank and accuracy-estimation inputs, not internal predictions, not CASP submissions, and not competitive-proof evidence."
7,H2319,H2319_T333,1833,H2319_all_pdbs/Model_10261_af3_woUnpaired_af3_seed_714118_sample_4_pred_549.cif,Model_10261_af3_woUnpaired_af3_seed_714118_sample_4_pred_549.cif,10261,AF3,af3_woUnpaired,714118,4,549,woUnpaired,,False,casp17/massivefold_external_pool_intake/h2319_t333/extracted_models/H2319_all_pdbs/Model_10261_af3_woUnpaired_af3_seed_714118_sample_4_pred_549.cif,awaiting_extract,"MassiveFold model pool index only. It parses organizer-provided external model tarball listings and stages balanced extraction/rerank candidates. These models remain external rerank and accuracy-estimation inputs, not internal predictions, not CASP submissions, and not competitive-proof evidence."
7,H2319,H2319_T333,1859,H2319_all_pdbs/Model_8880_af3_woUnpaired_af3_seed_334604_sample_3_pred_723.cif,Model_8880_af3_woUnpaired_af3_seed_334604_sample_3_pred_723.cif,8880,AF3,af3_woUnpaired,334604,3,723,woUnpaired,,False,casp17/massivefold_external_pool_intake/h2319_t333/extracted_models/H2319_all_pdbs/Model_8880_af3_woUnpaired_af3_seed_334604_sample_3_pred_723.cif,awaiting_extract,"MassiveFold model pool index only. It parses organizer-provided external model tarball listings and stages balanced extraction/rerank candidates. These models remain external rerank and accuracy-estimation inputs, not internal predictions, not CASP submissions, and not competitive-proof evidence."
7,H2319,H2319_T333,1882,H2319_all_pdbs/Model_6926_af3_woUnpaired_af3_seed_714114_sample_3_pred_528.cif,Model_6926_af3_woUnpaired_af3_seed_714114_sample_3_pred_528.cif,6926,AF3,af3_woUnpaired,714114,3,528,woUnpaired,,False,casp17/massivefold_external_pool_intake/h2319_t333/extracted_models/H2319_all_pdbs/Model_6926_af3_woUnpaired_af3_seed_714114_sample_3_pred_528.cif,awaiting_extract,"MassiveFold model pool index only. It parses organizer-provided external model tarball listings and stages balanced extraction/rerank candidates. These models remain external rerank and accuracy-estimation inputs, not internal predictions, not CASP submissions, and not competitive-proof evidence."
7,H2319,H2319_T333,1892,H2319_all_pdbs/Model_6366_af3_woUnpaired_af3_seed_42968_sample_2_pred_262.cif,Model_6366_af3_woUnpaired_af3_seed_42968_sample_2_pred_262.cif,6366,AF3,af3_woUnpaired,42968,2,262,woUnpaired,,False,casp17/massivefold_external_pool_intake/h2319_t333/extracted_models/H2319_all_pdbs/Model_6366_af3_woUnpaired_af3_seed_42968_sample_2_pred_262.cif,awaiting_extract,"MassiveFold model pool index only. It parses organizer-provided external model tarball listings and stages balanced extraction/rerank candidates. These models remain external rerank and accuracy-estimation inputs, not internal predictions, not CASP submissions, and not competitive-proof evidence."
7,H2319,H2319_T333,1900,H2319_all_pdbs/Model_6389_af3_woUnpaired_af3_seed_334585_sample_4_pred_629.cif,Model_6389_af3_woUnpaired_af3_seed_334585_sample_4_pred_629.cif,6389,AF3,af3_woUnpaired,334585,4,629,woUnpaired,,False,casp17/massivefold_external_pool_intake/h2319_t333/extracted_models/H2319_all_pdbs/Model_6389_af3_woUnpaired_af3_seed_334585_sample_4_pred_629.cif,awaiting_extract,"MassiveFold model pool index only. It parses organizer-provided external model tarball listings and stages balanced extraction/rerank candidates. These models remain external rerank and accuracy-estimation inputs, not internal predictions, not CASP submissions, and not competitive-proof evidence."
7,H2319,H2319_T333,1905,H2319_all_pdbs/Model_8886_af3_woUnpaired_af3_seed_466151_sample_1_pred_71.cif,Model_8886_af3_woUnpaired_af3_seed_466151_sample_1_pred_71.cif,8886,AF3,af3_woUnpaired,466151,1,71,woUnpaired,,False,casp17/massivefold_external_pool_intake/h2319_t333/extracted_models/H2319_all_pdbs/Model_8886_af3_woUnpaired_af3_seed_466151_sample_1_pred_71.cif,awaiting_extract,"MassiveFold model pool index only. It parses organizer-provided external model tarball listings and stages balanced extraction/rerank candidates. These models remain external rerank and accuracy-estimation inputs, not internal predictions, not CASP submissions, and not competitive-proof evidence."
7,H2319,H2319_T333,1915,H2319_all_pdbs/Model_7728_af3_woUnpaired_af3_seed_787927_sample_0_pred_395.cif,Model_7728_af3_woUnpaired_af3_seed_787927_sample_0_pred_395.cif,7728,AF3,af3_woUnpaired,787927,0,395,woUnpaired,,False,casp17/massivefold_external_pool_intake/h2319_t333/extracted_models/H2319_all_pdbs/Model_7728_af3_woUnpaired_af3_seed_787927_sample_0_pred_395.cif,awaiting_extract,"MassiveFold model pool index only. It parses organizer-provided external model tarball listings and stages balanced extraction/rerank candidates. These models remain external rerank and accuracy-estimation inputs, not internal predictions, not CASP submissions, and not competitive-proof evidence."
7,H2319,H2319_T333,1929,H2319_all_pdbs/Model_10947_af3_woUnpaired_af3_seed_334596_sample_4_pred_684.cif,Model_10947_af3_woUnpaired_af3_seed_334596_sample_4_pred_684.cif,10947,AF3,af3_woUnpaired,334596,4,684,woUnpaired,,False,casp17/massivefold_external_pool_intake/h2319_t333/extracted_models/H2319_all_pdbs/Model_10947_af3_woUnpaired_af3_seed_334596_sample_4_pred_684.cif,awaiting_extract,"MassiveFold model pool index only. It parses organizer-provided external model tarball listings and stages balanced extraction/rerank candidates. These models remain external rerank and accuracy-estimation inputs, not internal predictions, not CASP submissions, and not competitive-proof evidence."
7,H2319,H2319_T333,1930,H2319_all_pdbs/Model_7055_af3_woUnpaired_af3_seed_57438_sample_4_pred_794.cif,Model_7055_af3_woUnpaired_af3_seed_57438_sample_4_pred_794.cif,7055,AF3,af3_woUnpaired,57438,4,794,woUnpaired,,False,casp17/massivefold_external_pool_intake/h2319_t333/extracted_models/H2319_all_pdbs/Model_7055_af3_woUnpaired_af3_seed_57438_sample_4_pred_794.cif,awaiting_extract,"MassiveFold model pool index only. It parses organizer-provided external model tarball listings and stages balanced extraction/rerank candidates. These models remain external rerank and accuracy-estimation inputs, not internal predictions, not CASP submissions, and not competitive-proof evidence."
7,H2319,H2319_T333,1938,H2319_all_pdbs/Model_7682_af3_woUnpaired_af3_seed_466143_sample_4_pred_34.cif,Model_7682_af3_woUnpaired_af3_seed_466143_sample_4_pred_34.cif,7682,AF3,af3_woUnpaired,466143,4,34,woUnpaired,,False,casp17/massivefold_external_pool_intake/h2319_t333/extracted_models/H2319_all_pdbs/Model_7682_af3_woUnpaired_af3_seed_466143_sample_4_pred_34.cif,awaiting_extract,"MassiveFold model pool index only. It parses organizer-provided external model tarball listings and stages balanced extraction/rerank candidates. These models remain external rerank and accuracy-estimation inputs, not internal predictions, not CASP submissions, and not competitive-proof evidence."
7,H2319,H2319_T333,1942,H2319_all_pdbs/Model_8668_af3_woUnpaired_af3_seed_787923_sample_0_pred_375.cif,Model_8668_af3_woUnpaired_af3_seed_787923_sample_0_pred_375.cif,8668,AF3,af3_woUnpaired,787923,0,375,woUnpaired,,False,casp17/massivefold_external_pool_intake/h2319_t333/extracted_models/H2319_all_pdbs/Model_8668_af3_woUnpaired_af3_seed_787923_sample_0_pred_375.cif,awaiting_extract,"MassiveFold model pool index only. It parses organizer-provided external model tarball listings and stages balanced extraction/rerank candidates. These models remain external rerank and accuracy-estimation inputs, not internal predictions, not CASP submissions, and not competitive-proof evidence."
7,H2319,H2319_T333,1984,H2319_all_pdbs/Model_7709_af3_woUnpaired_af3_seed_42976_sample_0_pred_300.cif,Model_7709_af3_woUnpaired_af3_seed_42976_sample_0_pred_300.cif,7709,AF3,af3_woUnpaired,42976,0,300,woUnpaired,,False,casp17/massivefold_external_pool_intake/h2319_t333/extracted_models/H2319_all_pdbs/Model_7709_af3_woUnpaired_af3_seed_42976_sample_0_pred_300.cif,awaiting_extract,"MassiveFold model pool index only. It parses organizer-provided external model tarball listings and stages balanced extraction/rerank candidates. These models remain external rerank and accuracy-estimation inputs, not internal predictions, not CASP submissions, and not competitive-proof evidence."
7,H2319,H2319_T333,1993,H2319_all_pdbs/Model_6990_af3_woUnpaired_af3_seed_714122_sample_0_pred_565.cif,Model_6990_af3_woUnpaired_af3_seed_714122_sample_0_pred_565.cif,6990,AF3,af3_woUnpaired,714122,0,565,woUnpaired,,False,casp17/massivefold_external_pool_intake/h2319_t333/extracted_models/H2319_all_pdbs/Model_6990_af3_woUnpaired_af3_seed_714122_sample_0_pred_565.cif,awaiting_extract,"MassiveFold model pool index only. It parses organizer-provided external model tarball listings and stages balanced extraction/rerank candidates. These models remain external rerank and accuracy-estimation inputs, not internal predictions, not CASP submissions, and not competitive-proof evidence."
7,H2319,H2319_T333,2000,H2319_all_pdbs/Model_7039_af3_woUnpaired_af3_seed_334587_sample_2_pred_637.cif,Model_7039_af3_woUnpaired_af3_seed_334587_sample_2_pred_637.cif,7039,AF3,af3_woUnpaired,334587,2,637,woUnpaired,,False,casp17/massivefold_external_pool_intake/h2319_t333/extracted_models/H2319_all_pdbs/Model_7039_af3_woUnpaired_af3_seed_334587_sample_2_pred_637.cif,awaiting_extract,"MassiveFold model pool index only. It parses organizer-provided external model tarball listings and stages balanced extraction/rerank candidates. These models remain external rerank and accuracy-estimation inputs, not internal predictions, not CASP submissions, and not competitive-proof evidence."
7,H2319,H2319_T333,2001,H2319_all_pdbs/Model_7708_af3_woUnpaired_af3_seed_646835_sample_0_pred_215.cif,Model_7708_af3_woUnpaired_af3_seed_646835_sample_0_pred_215.cif,7708,AF3,af3_woUnpaired,646835,0,215,woUnpaired,,False,casp17/massivefold_external_pool_intake/h2319_t333/extracted_models/H2319_all_pdbs/Model_7708_af3_woUnpaired_af3_seed_646835_sample_0_pred_215.cif,awaiting_extract,"MassiveFold model pool index only. It parses organizer-provided external model tarball listings and stages balanced extraction/rerank candidates. These models remain external rerank and accuracy-estimation inputs, not internal predictions, not CASP submissions, and not competitive-proof evidence."
7,H2319,H2319_T333,2004,H2319_all_pdbs/Model_8787_af3_woUnpaired_af3_seed_57450_sample_2_pred_852.cif,Model_8787_af3_woUnpaired_af3_seed_57450_sample_2_pred_852.cif,8787,AF3,af3_woUnpaired,57450,2,852,woUnpaired,,False,casp17/massivefold_external_pool_intake/h2319_t333/extracted_models/H2319_all_pdbs/Model_8787_af3_woUnpaired_af3_seed_57450_sample_2_pred_852.cif,awaiting_extract,"MassiveFold model pool index only. It parses organizer-provided external model tarball listings and stages balanced extraction/rerank candidates. These models remain external rerank and accuracy-estimation inputs, not internal predictions, not CASP submissions, and not competitive-proof evidence."
7,H2319,H2319_T333,2026,H2319_all_pdbs/Model_7065_af3_woUnpaired_af3_seed_57449_sample_2_pred_847.cif,Model_7065_af3_woUnpaired_af3_seed_57449_sample_2_pred_847.cif,7065,AF3,af3_woUnpaired,57449,2,847,woUnpaired,,False,casp17/massivefold_external_pool_intake/h2319_t333/extracted_models/H2319_all_pdbs/Model_7065_af3_woUnpaired_af3_seed_57449_sample_2_pred_847.cif,awaiting_extract,"MassiveFold model pool index only. It parses organizer-provided external model tarball listings and stages balanced extraction/rerank candidates. These models remain external rerank and accuracy-estimation inputs, not internal predictions, not CASP submissions, and not competitive-proof evidence."
7,H2319,H2319_T333,2030,H2319_all_pdbs/Model_8697_af3_woUnpaired_af3_seed_334590_sample_1_pred_651.cif,Model_8697_af3_woUnpaired_af3_seed_334590_sample_1_pred_651.cif,8697,AF3,af3_woUnpaired,334590,1,651,woUnpaired,,False,casp17/massivefold_external_pool_intake/h2319_t333/extracted_models/H2319_all_pdbs/Model_8697_af3_woUnpaired_af3_seed_334590_sample_1_pred_651.cif,awaiting_extract,"MassiveFold model pool index only. It parses organizer-provided external model tarball listings and stages balanced extraction/rerank candidates. These models remain external rerank and accuracy-estimation inputs, not internal predictions, not CASP submissions, and not competitive-proof evidence."
7,H2319,H2319_T333,2038,H2319_all_pdbs/Model_10887_af3_woUnpaired_af3_seed_714126_sample_1_pred_586.cif,Model_10887_af3_woUnpaired_af3_seed_714126_sample_1_pred_586.cif,10887,AF3,af3_woUnpaired,714126,1,586,woUnpaired,,False,casp17/massivefold_external_pool_intake/h2319_t333/extracted_models/H2319_all_pdbs/Model_10887_af3_woUnpaired_af3_seed_714126_sample_1_pred_586.cif,awaiting_extract,"MassiveFold model pool index only. It parses organizer-provided external model tarball listings and stages balanced extraction/rerank candidates. These models remain external rerank and accuracy-estimation inputs, not internal predictions, not CASP submissions, and not competitive-proof evidence."
7,H2319,H2319_T333,2044,H2319_all_pdbs/Model_8682_af3_woUnpaired_af3_seed_787935_sample_1_pred_436.cif,Model_8682_af3_woUnpaired_af3_seed_787935_sample_1_pred_436.cif,8682,AF3,af3_woUnpaired,787935,1,436,woUnpaired,,False,casp17/massivefold_external_pool_intake/h2319_t333/extracted_models/H2319_all_pdbs/Model_8682_af3_woUnpaired_af3_seed_787935_sample_1_pred_436.cif,awaiting_extract,"MassiveFold model pool index only. It parses organizer-provided external model tarball listings and stages balanced extraction/rerank candidates. These models remain external rerank and accuracy-estimation inputs, not internal predictions, not CASP submissions, and not competitive-proof evidence."
7,H2319,H2319_T333,2063,H2319_all_pdbs/Model_8885_af3_woUnpaired_af3_seed_578572_sample_2_pred_937.cif,Model_8885_af3_woUnpaired_af3_seed_578572_sample_2_pred_937.cif,8885,AF3,af3_woUnpaired,578572,2,937,woUnpaired,,False,casp17/massivefold_external_pool_intake/h2319_t333/extracted_models/H2319_all_pdbs/Model_8885_af3_woUnpaired_af3_seed_578572_sample_2_pred_937.cif,awaiting_extract,"MassiveFold model pool index only. It parses organizer-provided external model tarball listings and stages balanced extraction/rerank candidates. These models remain external rerank and accuracy-estimation inputs, not internal predictions, not CASP submissions, and not competitive-proof evidence."
7,H2319,H2319_T333,2106,H2319_all_pdbs/Model_7006_af3_woUnpaired_af3_seed_57445_sample_1_pred_826.cif,Model_7006_af3_woUnpaired_af3_seed_57445_sample_1_pred_826.cif,7006,AF3,af3_woUnpaired,57445,1,826,woUnpaired,,False,casp17/massivefold_external_pool_intake/h2319_t333/extracted_models/H2319_all_pdbs/Model_7006_af3_woUnpaired_af3_seed_57445_sample_1_pred_826.cif,awaiting_extract,"MassiveFold model pool index only. It parses organizer-provided external model tarball listings and stages balanced extraction/rerank candidates. These models remain external rerank and accuracy-estimation inputs, not internal predictions, not CASP submissions, and not competitive-proof evidence."
7,H2319,H2319_T333,2111,H2319_all_pdbs/Model_8620_af3_woUnpaired_af3_seed_578583_sample_1_pred_991.cif,Model_8620_af3_woUnpaired_af3_seed_578583_sample_1_pred_991.cif,8620,AF3,af3_woUnpaired,578583,1,991,woUnpaired,,False,casp17/massivefold_external_pool_intake/h2319_t333/extracted_models/H2319_all_pdbs/Model_8620_af3_woUnpaired_af3_seed_578583_sample_1_pred_991.cif,awaiting_extract,"MassiveFold model pool index only. It parses organizer-provided external model tarball listings and stages balanced extraction/rerank candidates. These models remain external rerank and accuracy-estimation inputs, not internal predictions, not CASP submissions, and not competitive-proof evidence."
7,H2319,H2319_T333,2114,H2319_all_pdbs/Model_6157_af3_woUnpaired_af3_seed_646840_sample_1_pred_241.cif,Model_6157_af3_woUnpaired_af3_seed_646840_sample_1_pred_241.cif,6157,AF3,af3_woUnpaired,646840,1,241,woUnpaired,,False,casp17/massivefold_external_pool_intake/h2319_t333/extracted_models/H2319_all_pdbs/Model_6157_af3_woUnpaired_af3_seed_646840_sample_1_pred_241.cif,awaiting_extract,"MassiveFold model pool index only. It parses organizer-provided external model tarball listings and stages balanced extraction/rerank candidates. These models remain external rerank and accuracy-estimation inputs, not internal predictions, not CASP submissions, and not competitive-proof evidence."
7,H2319,H2319_T333,2130,H2319_all_pdbs/Model_7793_af3_woUnpaired_af3_seed_334604_sample_4_pred_724.cif,Model_7793_af3_woUnpaired_af3_seed_334604_sample_4_pred_724.cif,7793,AF3,af3_woUnpaired,334604,4,724,woUnpaired,,False,casp17/massivefold_external_pool_intake/h2319_t333/extracted_models/H2319_all_pdbs/Model_7793_af3_woUnpaired_af3_seed_334604_sample_4_pred_724.cif,awaiting_extract,"MassiveFold model pool index only. It parses organizer-provided external model tarball listings and stages balanced extraction/rerank candidates. These models remain external rerank and accuracy-estimation inputs, not internal predictions, not CASP submissions, and not competitive-proof evidence."
7,H2319,H2319_T333,2147,H2319_all_pdbs/Model_7101_af3_woUnpaired_af3_seed_714133_sample_2_pred_622.cif,Model_7101_af3_woUnpaired_af3_seed_714133_sample_2_pred_622.cif,7101,AF3,af3_woUnpaired,714133,2,622,woUnpaired,,False,casp17/massivefold_external_pool_intake/h2319_t333/extracted_models/H2319_all_pdbs/Model_7101_af3_woUnpaired_af3_seed_714133_sample_2_pred_622.cif,awaiting_extract,"MassiveFold model pool index only. It parses organizer-provided external model tarball listings and stages balanced extraction/rerank candidates. These models remain external rerank and accuracy-estimation inputs, not internal predictions, not CASP submissions, and not competitive-proof evidence."
7,H2319,H2319_T333,2155,H2319_all_pdbs/Model_6948_af3_woUnpaired_af3_seed_646826_sample_1_pred_171.cif,Model_6948_af3_woUnpaired_af3_seed_646826_sample_1_pred_171.cif,6948,AF3,af3_woUnpaired,646826,1,171,woUnpaired,,False,casp17/massivefold_external_pool_intake/h2319_t333/extracted_models/H2319_all_pdbs/Model_6948_af3_woUnpaired_af3_seed_646826_sample_1_pred_171.cif,awaiting_extract,"MassiveFold model pool index only. It parses organizer-provided external model tarball listings and stages balanced extraction/rerank candidates. These models remain external rerank and accuracy-estimation inputs, not internal predictions, not CASP submissions, and not competitive-proof evidence."
7,H2319,H2319_T333,2159,H2319_all_pdbs/Model_8848_af3_woUnpaired_af3_seed_466141_sample_3_pred_23.cif,Model_8848_af3_woUnpaired_af3_seed_466141_sample_3_pred_23.cif,8848,AF3,af3_woUnpaired,466141,3,23,woUnpaired,,False,casp17/massivefold_external_pool_intake/h2319_t333/extracted_models/H2319_all_pdbs/Model_8848_af3_woUnpaired_af3_seed_466141_sample_3_pred_23.cif,awaiting_extract,"MassiveFold model pool index only. It parses organizer-provided external model tarball listings and stages balanced extraction/rerank candidates. These models remain external rerank and accuracy-estimation inputs, not internal predictions, not CASP submissions, and not competitive-proof evidence."
7,H2319,H2319_T333,2175,H2319_all_pdbs/Model_7027_af3_woUnpaired_af3_seed_646830_sample_2_pred_192.cif,Model_7027_af3_woUnpaired_af3_seed_646830_sample_2_pred_192.cif,7027,AF3,af3_woUnpaired,646830,2,192,woUnpaired,,False,casp17/massivefold_external_pool_intake/h2319_t333/extracted_models/H2319_all_pdbs/Model_7027_af3_woUnpaired_af3_seed_646830_sample_2_pred_192.cif,awaiting_extract,"MassiveFold model pool index only. It parses organizer-provided external model tarball listings and stages balanced extraction/rerank candidates. These models remain external rerank and accuracy-estimation inputs, not internal predictions, not CASP submissions, and not competitive-proof evidence."
7,H2319,H2319_T333,2184,H2319_all_pdbs/Model_8780_af3_woUnpaired_af3_seed_714119_sample_4_pred_554.cif,Model_8780_af3_woUnpaired_af3_seed_714119_sample_4_pred_554.cif,8780,AF3,af3_woUnpaired,714119,4,554,woUnpaired,,False,casp17/massivefold_external_pool_intake/h2319_t333/extracted_models/H2319_all_pdbs/Model_8780_af3_woUnpaired_af3_seed_714119_sample_4_pred_554.cif,awaiting_extract,"MassiveFold model pool index only. It parses organizer-provided external model tarball listings and stages balanced extraction/rerank candidates. These models remain external rerank and accuracy-estimation inputs, not internal predictions, not CASP submissions, and not competitive-proof evidence."
7,H2319,H2319_T333,2224,H2319_all_pdbs/Model_10287_af3_woUnpaired_af3_seed_578567_sample_4_pred_914.cif,Model_10287_af3_woUnpaired_af3_seed_578567_sample_4_pred_914.cif,10287,AF3,af3_woUnpaired,578567,4,914,woUnpaired,,False,casp17/massivefold_external_pool_intake/h2319_t333/extracted_models/H2319_all_pdbs/Model_10287_af3_woUnpaired_af3_seed_578567_sample_4_pred_914.cif,awaiting_extract,"MassiveFold model pool index only. It parses organizer-provided external model tarball listings and stages balanced extraction/rerank candidates. These models remain external rerank and accuracy-estimation inputs, not internal predictions, not CASP submissions, and not competitive-proof evidence."
7,H2319,H2319_T333,2228,H2319_all_pdbs/Model_7716_af3_woUnpaired_af3_seed_57433_sample_1_pred_766.cif,Model_7716_af3_woUnpaired_af3_seed_57433_sample_1_pred_766.cif,7716,AF3,af3_woUnpaired,57433,1,766,woUnpaired,,False,casp17/massivefold_external_pool_intake/h2319_t333/extracted_models/H2319_all_pdbs/Model_7716_af3_woUnpaired_af3_seed_57433_sample_1_pred_766.cif,awaiting_extract,"MassiveFold model pool index only. It parses organizer-provided external model tarball listings and stages balanced extraction/rerank candidates. These models remain external rerank and accuracy-estimation inputs, not internal predictions, not CASP submissions, and not competitive-proof evidence."
7,H2319,H2319_T333,2245,H2319_all_pdbs/Model_11003_af3_woUnpaired_af3_seed_578579_sample_0_pred_970.cif,Model_11003_af3_woUnpaired_af3_seed_578579_sample_0_pred_970.cif,11003,AF3,af3_woUnpaired,578579,0,970,woUnpaired,,False,casp17/massivefold_external_pool_intake/h2319_t333/extracted_models/H2319_all_pdbs/Model_11003_af3_woUnpaired_af3_seed_578579_sample_0_pred_970.cif,awaiting_extract,"MassiveFold model pool index only. It parses organizer-provided external model tarball listings and stages balanced extraction/rerank candidates. These models remain external rerank and accuracy-estimation inputs, not internal predictions, not CASP submissions, and not competitive-proof evidence."
7,H2319,H2319_T333,2262,H2319_all_pdbs/Model_10913_af3_woUnpaired_af3_seed_466138_sample_4_pred_9.cif,Model_10913_af3_woUnpaired_af3_seed_466138_sample_4_pred_9.cif,10913,AF3,af3_woUnpaired,466138,4,9,woUnpaired,,False,casp17/massivefold_external_pool_intake/h2319_t333/extracted_models/H2319_all_pdbs/Model_10913_af3_woUnpaired_af3_seed_466138_sample_4_pred_9.cif,awaiting_extract,"MassiveFold model pool index only. It parses organizer-provided external model tarball listings and stages balanced extraction/rerank candidates. These models remain external rerank and accuracy-estimation inputs, not internal predictions, not CASP submissions, and not competitive-proof evidence."
7,H2319,H2319_T333,2268,H2319_all_pdbs/Model_8817_af3_woUnpaired_af3_seed_714111_sample_1_pred_511.cif,Model_8817_af3_woUnpaired_af3_seed_714111_sample_1_pred_511.cif,8817,AF3,af3_woUnpaired,714111,1,511,woUnpaired,,False,casp17/massivefold_external_pool_intake/h2319_t333/extracted_models/H2319_all_pdbs/Model_8817_af3_woUnpaired_af3_seed_714111_sample_1_pred_511.cif,awaiting_extract,"MassiveFold model pool index only. It parses organizer-provided external model tarball listings and stages balanced extraction/rerank candidates. These models remain external rerank and accuracy-estimation inputs, not internal predictions, not CASP submissions, and not competitive-proof evidence."
7,H2319,H2319_T333,2270,H2319_all_pdbs/Model_8609_af3_woUnpaired_af3_seed_578574_sample_0_pred_945.cif,Model_8609_af3_woUnpaired_af3_seed_578574_sample_0_pred_945.cif,8609,AF3,af3_woUnpaired,578574,0,945,woUnpaired,,False,casp17/massivefold_external_pool_intake/h2319_t333/extracted_models/H2319_all_pdbs/Model_8609_af3_woUnpaired_af3_seed_578574_sample_0_pred_945.cif,awaiting_extract,"MassiveFold model pool index only. It parses organizer-provided external model tarball listings and stages balanced extraction/rerank candidates. These models remain external rerank and accuracy-estimation inputs, not internal predictions, not CASP submissions, and not competitive-proof evidence."
7,H2319,H2319_T333,2289,H2319_all_pdbs/Model_10984_af3_woUnpaired_af3_seed_466160_sample_3_pred_118.cif,Model_10984_af3_woUnpaired_af3_seed_466160_sample_3_pred_118.cif,10984,AF3,af3_woUnpaired,466160,3,118,woUnpaired,,False,casp17/massivefold_external_pool_intake/h2319_t333/extracted_models/H2319_all_pdbs/Model_10984_af3_woUnpaired_af3_seed_466160_sample_3_pred_118.cif,awaiting_extract,"MassiveFold model pool index only. It parses organizer-provided external model tarball listings and stages balanced extraction/rerank candidates. These models remain external rerank and accuracy-estimation inputs, not internal predictions, not CASP submissions, and not competitive-proof evidence."
7,H2319,H2319_T333,2306,H2319_all_pdbs/Model_8745_af3_woUnpaired_af3_seed_714109_sample_1_pred_501.cif,Model_8745_af3_woUnpaired_af3_seed_714109_sample_1_pred_501.cif,8745,AF3,af3_woUnpaired,714109,1,501,woUnpaired,,False,casp17/massivefold_external_pool_intake/h2319_t333/extracted_models/H2319_all_pdbs/Model_8745_af3_woUnpaired_af3_seed_714109_sample_1_pred_501.cif,awaiting_extract,"MassiveFold model pool index only. It parses organizer-provided external model tarball listings and stages balanced extraction/rerank candidates. These models remain external rerank and accuracy-estimation inputs, not internal predictions, not CASP submissions, and not competitive-proof evidence."
7,H2319,H2319_T333,2310,H2319_all_pdbs/Model_8943_af3_woUnpaired_af3_seed_787930_sample_0_pred_410.cif,Model_8943_af3_woUnpaired_af3_seed_787930_sample_0_pred_410.cif,8943,AF3,af3_woUnpaired,787930,0,410,woUnpaired,,False,casp17/massivefold_external_pool_intake/h2319_t333/extracted_models/H2319_all_pdbs/Model_8943_af3_woUnpaired_af3_seed_787930_sample_0_pred_410.cif,awaiting_extract,"MassiveFold model pool index only. It parses organizer-provided external model tarball listings and stages balanced extraction/rerank candidates. These models remain external rerank and accuracy-estimation inputs, not internal predictions, not CASP submissions, and not competitive-proof evidence."
7,H2319,H2319_T333,2312,H2319_all_pdbs/Model_8906_af3_woUnpaired_af3_seed_334585_sample_0_pred_625.cif,Model_8906_af3_woUnpaired_af3_seed_334585_sample_0_pred_625.cif,8906,AF3,af3_woUnpaired,334585,0,625,woUnpaired,,False,casp17/massivefold_external_pool_intake/h2319_t333/extracted_models/H2319_all_pdbs/Model_8906_af3_woUnpaired_af3_seed_334585_sample_0_pred_625.cif,awaiting_extract,"MassiveFold model pool index only. It parses organizer-provided external model tarball listings and stages balanced extraction/rerank candidates. These models remain external rerank and accuracy-estimation inputs, not internal predictions, not CASP submissions, and not competitive-proof evidence."
7,H2319,H2319_T333,2319,H2319_all_pdbs/Model_10901_af3_woUnpaired_af3_seed_714118_sample_0_pred_545.cif,Model_10901_af3_woUnpaired_af3_seed_714118_sample_0_pred_545.cif,10901,AF3,af3_woUnpaired,714118,0,545,woUnpaired,,False,casp17/massivefold_external_pool_intake/h2319_t333/extracted_models/H2319_all_pdbs/Model_10901_af3_woUnpaired_af3_seed_714118_sample_0_pred_545.cif,awaiting_extract,"MassiveFold model pool index only. It parses organizer-provided external model tarball listings and stages balanced extraction/rerank candidates. These models remain external rerank and accuracy-estimation inputs, not internal predictions, not CASP submissions, and not competitive-proof evidence."
7,H2319,H2319_T333,2324,H2319_all_pdbs/Model_8931_af3_woUnpaired_af3_seed_42972_sample_0_pred_280.cif,Model_8931_af3_woUnpaired_af3_seed_42972_sample_0_pred_280.cif,8931,AF3,af3_woUnpaired,42972,0,280,woUnpaired,,False,casp17/massivefold_external_pool_intake/h2319_t333/extracted_models/H2319_all_pdbs/Model_8931_af3_woUnpaired_af3_seed_42972_sample_0_pred_280.cif,awaiting_extract,"MassiveFold model pool index only. It parses organizer-provided external model tarball listings and stages balanced extraction/rerank candidates. These models remain external rerank and accuracy-estimation inputs, not internal predictions, not CASP submissions, and not competitive-proof evidence."
7,H2319,H2319_T333,2329,H2319_all_pdbs/Model_8932_af3_woUnpaired_af3_seed_57445_sample_2_pred_827.cif,Model_8932_af3_woUnpaired_af3_seed_57445_sample_2_pred_827.cif,8932,AF3,af3_woUnpaired,57445,2,827,woUnpaired,,False,casp17/massivefold_external_pool_intake/h2319_t333/extracted_models/H2319_all_pdbs/Model_8932_af3_woUnpaired_af3_seed_57445_sample_2_pred_827.cif,awaiting_extract,"MassiveFold model pool index only. It parses organizer-provided external model tarball listings and stages balanced extraction/rerank candidates. These models remain external rerank and accuracy-estimation inputs, not internal predictions, not CASP submissions, and not competitive-proof evidence."
7,H2319,H2319_T333,2341,H2319_all_pdbs/Model_7781_af3_woUnpaired_af3_seed_334599_sample_2_pred_697.cif,Model_7781_af3_woUnpaired_af3_seed_334599_sample_2_pred_697.cif,7781,AF3,af3_woUnpaired,334599,2,697,woUnpaired,,False,casp17/massivefold_external_pool_intake/h2319_t333/extracted_models/H2319_all_pdbs/Model_7781_af3_woUnpaired_af3_seed_334599_sample_2_pred_697.cif,awaiting_extract,"MassiveFold model pool index only. It parses organizer-provided external model tarball listings and stages balanced extraction/rerank candidates. These models remain external rerank and accuracy-estimation inputs, not internal predictions, not CASP submissions, and not competitive-proof evidence."
7,H2319,H2319_T333,2344,H2319_all_pdbs/Model_8616_af3_woUnpaired_af3_seed_57446_sample_0_pred_830.cif,Model_8616_af3_woUnpaired_af3_seed_57446_sample_0_pred_830.cif,8616,AF3,af3_woUnpaired,57446,0,830,woUnpaired,,False,casp17/massivefold_external_pool_intake/h2319_t333/extracted_models/H2319_all_pdbs/Model_8616_af3_woUnpaired_af3_seed_57446_sample_0_pred_830.cif,awaiting_extract,"MassiveFold model pool index only. It parses organizer-provided external model tarball listings and stages balanced extraction/rerank candidates. These models remain external rerank and accuracy-estimation inputs, not internal predictions, not CASP submissions, and not competitive-proof evidence."
7,H2319,H2319_T333,2366,H2319_all_pdbs/Model_8617_af3_woUnpaired_af3_seed_466153_sample_0_pred_80.cif,Model_8617_af3_woUnpaired_af3_seed_466153_sample_0_pred_80.cif,8617,AF3,af3_woUnpaired,466153,0,80,woUnpaired,,False,casp17/massivefold_external_pool_intake/h2319_t333/extracted_models/H2319_all_pdbs/Model_8617_af3_woUnpaired_af3_seed_466153_sample_0_pred_80.cif,awaiting_extract,"MassiveFold model pool index only. It parses organizer-provided external model tarball listings and stages balanced extraction/rerank candidates. These models remain external rerank and accuracy-estimation inputs, not internal predictions, not CASP submissions, and not competitive-proof evidence."
7,H2319,H2319_T333,2373,H2319_all_pdbs/Model_8840_af3_woUnpaired_af3_seed_714122_sample_1_pred_566.cif,Model_8840_af3_woUnpaired_af3_seed_714122_sample_1_pred_566.cif,8840,AF3,af3_woUnpaired,714122,1,566,woUnpaired,,False,casp17/massivefold_external_pool_intake/h2319_t333/extracted_models/H2319_all_pdbs/Model_8840_af3_woUnpaired_af3_seed_714122_sample_1_pred_566.cif,awaiting_extract,"MassiveFold model pool index only. It parses organizer-provided external model tarball listings and stages balanced extraction/rerank candidates. These models remain external rerank and accuracy-estimation inputs, not internal predictions, not CASP submissions, and not competitive-proof evidence."
7,H2319,H2319_T333,2379,H2319_all_pdbs/Model_8608_af3_woUnpaired_af3_seed_578572_sample_0_pred_935.cif,Model_8608_af3_woUnpaired_af3_seed_578572_sample_0_pred_935.cif,8608,AF3,af3_woUnpaired,578572,0,935,woUnpaired,,False,casp17/massivefold_external_pool_intake/h2319_t333/extracted_models/H2319_all_pdbs/Model_8608_af3_woUnpaired_af3_seed_578572_sample_0_pred_935.cif,awaiting_extract,"MassiveFold model pool index only. It parses organizer-provided external model tarball listings and stages balanced extraction/rerank candidates. These models remain external rerank and accuracy-estimation inputs, not internal predictions, not CASP submissions, and not competitive-proof evidence."
7,H2319,H2319_T333,2385,H2319_all_pdbs/Model_6393_af3_woUnpaired_af3_seed_42969_sample_1_pred_266.cif,Model_6393_af3_woUnpaired_af3_seed_42969_sample_1_pred_266.cif,6393,AF3,af3_woUnpaired,42969,1,266,woUnpaired,,False,casp17/massivefold_external_pool_intake/h2319_t333/extracted_models/H2319_all_pdbs/Model_6393_af3_woUnpaired_af3_seed_42969_sample_1_pred_266.cif,awaiting_extract,"MassiveFold model pool index only. It parses organizer-provided external model tarball listings and stages balanced extraction/rerank candidates. These models remain external rerank and accuracy-estimation inputs, not internal predictions, not CASP submissions, and not competitive-proof evidence."
7,H2319,H2319_T333,2404,H2319_all_pdbs/Model_8812_af3_woUnpaired_af3_seed_714112_sample_4_pred_519.cif,Model_8812_af3_woUnpaired_af3_seed_714112_sample_4_pred_519.cif,8812,AF3,af3_woUnpaired,714112,4,519,woUnpaired,,False,casp17/massivefold_external_pool_intake/h2319_t333/extracted_models/H2319_all_pdbs/Model_8812_af3_woUnpaired_af3_seed_714112_sample_4_pred_519.cif,awaiting_extract,"MassiveFold model pool index only. It parses organizer-provided external model tarball listings and stages balanced extraction/rerank candidates. These models remain external rerank and accuracy-estimation inputs, not internal predictions, not CASP submissions, and not competitive-proof evidence."
7,H2319,H2319_T333,2434,H2319_all_pdbs/Model_8928_af3_woUnpaired_af3_seed_646831_sample_4_pred_199.cif,Model_8928_af3_woUnpaired_af3_seed_646831_sample_4_pred_199.cif,8928,AF3,af3_woUnpaired,646831,4,199,woUnpaired,,False,casp17/massivefold_external_pool_intake/h2319_t333/extracted_models/H2319_all_pdbs/Model_8928_af3_woUnpaired_af3_seed_646831_sample_4_pred_199.cif,awaiting_extract,"MassiveFold model pool index only. It parses organizer-provided external model tarball listings and stages balanced extraction/rerank candidates. These models remain external rerank and accuracy-estimation inputs, not internal predictions, not CASP submissions, and not competitive-proof evidence."
7,H2319,H2319_T333,2455,H2319_all_pdbs/Model_8925_af3_woUnpaired_af3_seed_57430_sample_2_pred_752.cif,Model_8925_af3_woUnpaired_af3_seed_57430_sample_2_pred_752.cif,8925,AF3,af3_woUnpaired,57430,2,752,woUnpaired,,False,casp17/massivefold_external_pool_intake/h2319_t333/extracted_models/H2319_all_pdbs/Model_8925_af3_woUnpaired_af3_seed_57430_sample_2_pred_752.cif,awaiting_extract,"MassiveFold model pool index only. It parses organizer-provided external model tarball listings and stages balanced extraction/rerank candidates. These models remain external rerank and accuracy-estimation inputs, not internal predictions, not CASP submissions, and not competitive-proof evidence."
7,H2319,H2319_T333,2466,H2319_all_pdbs/Model_7768_af3_woUnpaired_af3_seed_578584_sample_2_pred_997.cif,Model_7768_af3_woUnpaired_af3_seed_578584_sample_2_pred_997.cif,7768,AF3,af3_woUnpaired,578584,2,997,woUnpaired,,False,casp17/massivefold_external_pool_intake/h2319_t333/extracted_models/H2319_all_pdbs/Model_7768_af3_woUnpaired_af3_seed_578584_sample_2_pred_997.cif,awaiting_extract,"MassiveFold model pool index only. It parses organizer-provided external model tarball listings and stages balanced extraction/rerank candidates. These models remain external rerank and accuracy-estimation inputs, not internal predictions, not CASP submissions, and not competitive-proof evidence."
7,H2319,H2319_T333,2484,H2319_all_pdbs/Model_8809_af3_woUnpaired_af3_seed_334586_sample_1_pred_631.cif,Model_8809_af3_woUnpaired_af3_seed_334586_sample_1_pred_631.cif,8809,AF3,af3_woUnpaired,334586,1,631,woUnpaired,,False,casp17/massivefold_external_pool_intake/h2319_t333/extracted_models/H2319_all_pdbs/Model_8809_af3_woUnpaired_af3_seed_334586_sample_1_pred_631.cif,awaiting_extract,"MassiveFold model pool index only. It parses organizer-provided external model tarball listings and stages balanced extraction/rerank candidates. These models remain external rerank and accuracy-estimation inputs, not internal predictions, not CASP submissions, and not competitive-proof evidence."
7,H2319,H2319_T333,2496,H2319_all_pdbs/Model_8761_af3_woUnpaired_af3_seed_787923_sample_2_pred_377.cif,Model_8761_af3_woUnpaired_af3_seed_787923_sample_2_pred_377.cif,8761,AF3,af3_woUnpaired,787923,2,377,woUnpaired,,False,casp17/massivefold_external_pool_intake/h2319_t333/extracted_models/H2319_all_pdbs/Model_8761_af3_woUnpaired_af3_seed_787923_sample_2_pred_377.cif,awaiting_extract,"MassiveFold model pool index only. It parses organizer-provided external model tarball listings and stages balanced extraction/rerank candidates. These models remain external rerank and accuracy-estimation inputs, not internal predictions, not CASP submissions, and not competitive-proof evidence."
7,H2319,H2319_T333,2499,H2319_all_pdbs/Model_8709_af3_woUnpaired_af3_seed_787934_sample_2_pred_432.cif,Model_8709_af3_woUnpaired_af3_seed_787934_sample_2_pred_432.cif,8709,AF3,af3_woUnpaired,787934,2,432,woUnpaired,,False,casp17/massivefold_external_pool_intake/h2319_t333/extracted_models/H2319_all_pdbs/Model_8709_af3_woUnpaired_af3_seed_787934_sample_2_pred_432.cif,awaiting_extract,"MassiveFold model pool index only. It parses organizer-provided external model tarball listings and stages balanced extraction/rerank candidates. These models remain external rerank and accuracy-estimation inputs, not internal predictions, not CASP submissions, and not competitive-proof evidence."
7,H2319,H2319_T333,2522,H2319_all_pdbs/Model_7015_af3_woUnpaired_af3_seed_646819_sample_1_pred_136.cif,Model_7015_af3_woUnpaired_af3_seed_646819_sample_1_pred_136.cif,7015,AF3,af3_woUnpaired,646819,1,136,woUnpaired,,False,casp17/massivefold_external_pool_intake/h2319_t333/extracted_models/H2319_all_pdbs/Model_7015_af3_woUnpaired_af3_seed_646819_sample_1_pred_136.cif,awaiting_extract,"MassiveFold model pool index only. It parses organizer-provided external model tarball listings and stages balanced extraction/rerank candidates. These models remain external rerank and accuracy-estimation inputs, not internal predictions, not CASP submissions, and not competitive-proof evidence."
7,H2319,H2319_T333,2532,H2319_all_pdbs/Model_8589_af3_woUnpaired_af3_seed_787926_sample_2_pred_392.cif,Model_8589_af3_woUnpaired_af3_seed_787926_sample_2_pred_392.cif,8589,AF3,af3_woUnpaired,787926,2,392,woUnpaired,,False,casp17/massivefold_external_pool_intake/h2319_t333/extracted_models/H2319_all_pdbs/Model_8589_af3_woUnpaired_af3_seed_787926_sample_2_pred_392.cif,awaiting_extract,"MassiveFold model pool index only. It parses organizer-provided external model tarball listings and stages balanced extraction/rerank candidates. These models remain external rerank and accuracy-estimation inputs, not internal predictions, not CASP submissions, and not competitive-proof evidence."
7,H2319,H2319_T333,2536,H2319_all_pdbs/Model_8868_af3_woUnpaired_af3_seed_646818_sample_0_pred_130.cif,Model_8868_af3_woUnpaired_af3_seed_646818_sample_0_pred_130.cif,8868,AF3,af3_woUnpaired,646818,0,130,woUnpaired,,False,casp17/massivefold_external_pool_intake/h2319_t333/extracted_models/H2319_all_pdbs/Model_8868_af3_woUnpaired_af3_seed_646818_sample_0_pred_130.cif,awaiting_extract,"MassiveFold model pool index only. It parses organizer-provided external model tarball listings and stages balanced extraction/rerank candidates. These models remain external rerank and accuracy-estimation inputs, not internal predictions, not CASP submissions, and not competitive-proof evidence."
7,H2319,H2319_T333,2558,H2319_all_pdbs/Model_8902_af3_woUnpaired_af3_seed_466152_sample_2_pred_77.cif,Model_8902_af3_woUnpaired_af3_seed_466152_sample_2_pred_77.cif,8902,AF3,af3_woUnpaired,466152,2,77,woUnpaired,,False,casp17/massivefold_external_pool_intake/h2319_t333/extracted_models/H2319_all_pdbs/Model_8902_af3_woUnpaired_af3_seed_466152_sample_2_pred_77.cif,awaiting_extract,"MassiveFold model pool index only. It parses organizer-provided external model tarball listings and stages balanced extraction/rerank candidates. These models remain external rerank and accuracy-estimation inputs, not internal predictions, not CASP submissions, and not competitive-proof evidence."
7,H2319,H2319_T333,2560,H2319_all_pdbs/Model_8710_af3_woUnpaired_af3_seed_578563_sample_0_pred_890.cif,Model_8710_af3_woUnpaired_af3_seed_578563_sample_0_pred_890.cif,8710,AF3,af3_woUnpaired,578563,0,890,woUnpaired,,False,casp17/massivefold_external_pool_intake/h2319_t333/extracted_models/H2319_all_pdbs/Model_8710_af3_woUnpaired_af3_seed_578563_sample_0_pred_890.cif,awaiting_extract,"MassiveFold model pool index only. It parses organizer-provided external model tarball listings and stages balanced extraction/rerank candidates. These models remain external rerank and accuracy-estimation inputs, not internal predictions, not CASP submissions, and not competitive-proof evidence."
7,H2319,H2319_T333,2570,H2319_all_pdbs/Model_10278_af3_woUnpaired_af3_seed_578579_sample_1_pred_971.cif,Model_10278_af3_woUnpaired_af3_seed_578579_sample_1_pred_971.cif,10278,AF3,af3_woUnpaired,578579,1,971,woUnpaired,,False,casp17/massivefold_external_pool_intake/h2319_t333/extracted_models/H2319_all_pdbs/Model_10278_af3_woUnpaired_af3_seed_578579_sample_1_pred_971.cif,awaiting_extract,"MassiveFold model pool index only. It parses organizer-provided external model tarball listings and stages balanced extraction/rerank candidates. These models remain external rerank and accuracy-estimation inputs, not internal predictions, not CASP submissions, and not competitive-proof evidence."
7,H2319,H2319_T333,2586,H2319_all_pdbs/Model_7741_af3_woUnpaired_af3_seed_57432_sample_4_pred_764.cif,Model_7741_af3_woUnpaired_af3_seed_57432_sample_4_pred_764.cif,7741,AF3,af3_woUnpaired,57432,4,764,woUnpaired,,False,casp17/massivefold_external_pool_intake/h2319_t333/extracted_models/H2319_all_pdbs/Model_7741_af3_woUnpaired_af3_seed_57432_sample_4_pred_764.cif,awaiting_extract,"MassiveFold model pool index only. It parses organizer-provided external model tarball listings and stages balanced extraction/rerank candidates. These models remain external rerank and accuracy-estimation inputs, not internal predictions, not CASP submissions, and not competitive-proof evidence."
7,H2319,H2319_T333,2600,H2319_all_pdbs/Model_8765_af3_woUnpaired_af3_seed_466145_sample_2_pred_42.cif,Model_8765_af3_woUnpaired_af3_seed_466145_sample_2_pred_42.cif,8765,AF3,af3_woUnpaired,466145,2,42,woUnpaired,,False,casp17/massivefold_external_pool_intake/h2319_t333/extracted_models/H2319_all_pdbs/Model_8765_af3_woUnpaired_af3_seed_466145_sample_2_pred_42.cif,awaiting_extract,"MassiveFold model pool index only. It parses organizer-provided external model tarball listings and stages balanced extraction/rerank candidates. These models remain external rerank and accuracy-estimation inputs, not internal predictions, not CASP submissions, and not competitive-proof evidence."
7,H2319,H2319_T333,2621,H2319_all_pdbs/Model_6915_af3_woUnpaired_af3_seed_57447_sample_4_pred_839.cif,Model_6915_af3_woUnpaired_af3_seed_57447_sample_4_pred_839.cif,6915,AF3,af3_woUnpaired,57447,4,839,woUnpaired,,False,casp17/massivefold_external_pool_intake/h2319_t333/extracted_models/H2319_all_pdbs/Model_6915_af3_woUnpaired_af3_seed_57447_sample_4_pred_839.cif,awaiting_extract,"MassiveFold model pool index only. It parses organizer-provided external model tarball listings and stages balanced extraction/rerank candidates. These models remain external rerank and accuracy-estimation inputs, not internal predictions, not CASP submissions, and not competitive-proof evidence."
7,H2319,H2319_T333,2654,H2319_all_pdbs/Model_8810_af3_woUnpaired_af3_seed_42982_sample_3_pred_333.cif,Model_8810_af3_woUnpaired_af3_seed_42982_sample_3_pred_333.cif,8810,AF3,af3_woUnpaired,42982,3,333,woUnpaired,,False,casp17/massivefold_external_pool_intake/h2319_t333/extracted_models/H2319_all_pdbs/Model_8810_af3_woUnpaired_af3_seed_42982_sample_3_pred_333.cif,awaiting_extract,"MassiveFold model pool index only. It parses organizer-provided external model tarball listings and stages balanced extraction/rerank candidates. These models remain external rerank and accuracy-estimation inputs, not internal predictions, not CASP submissions, and not competitive-proof evidence."
7,H2319,H2319_T333,2664,H2319_all_pdbs/Model_6169_af3_woUnpaired_af3_seed_57440_sample_0_pred_800.cif,Model_6169_af3_woUnpaired_af3_seed_57440_sample_0_pred_800.cif,6169,AF3,af3_woUnpaired,57440,0,800,woUnpaired,,False,casp17/massivefold_external_pool_intake/h2319_t333/extracted_models/H2319_all_pdbs/Model_6169_af3_woUnpaired_af3_seed_57440_sample_0_pred_800.cif,awaiting_extract,"MassiveFold model pool index only. It parses organizer-provided external model tarball listings and stages balanced extraction/rerank candidates. These models remain external rerank and accuracy-estimation inputs, not internal predictions, not CASP submissions, and not competitive-proof evidence."
7,H2319,H2319_T333,2666,H2319_all_pdbs/Model_8683_af3_woUnpaired_af3_seed_787938_sample_0_pred_450.cif,Model_8683_af3_woUnpaired_af3_seed_787938_sample_0_pred_450.cif,8683,AF3,af3_woUnpaired,787938,0,450,woUnpaired,,False,casp17/massivefold_external_pool_intake/h2319_t333/extracted_models/H2319_all_pdbs/Model_8683_af3_woUnpaired_af3_seed_787938_sample_0_pred_450.cif,awaiting_extract,"MassiveFold model pool index only. It parses organizer-provided external model tarball listings and stages balanced extraction/rerank candidates. These models remain external rerank and accuracy-estimation inputs, not internal predictions, not CASP submissions, and not competitive-proof evidence."
7,H2319,H2319_T333,2736,H2319_all_pdbs/Model_7082_af3_woUnpaired_af3_seed_787944_sample_1_pred_481.cif,Model_7082_af3_woUnpaired_af3_seed_787944_sample_1_pred_481.cif,7082,AF3,af3_woUnpaired,787944,1,481,woUnpaired,,False,casp17/massivefold_external_pool_intake/h2319_t333/extracted_models/H2319_all_pdbs/Model_7082_af3_woUnpaired_af3_seed_787944_sample_1_pred_481.cif,awaiting_extract,"MassiveFold model pool index only. It parses organizer-provided external model tarball listings and stages balanced extraction/rerank candidates. These models remain external rerank and accuracy-estimation inputs, not internal predictions, not CASP submissions, and not competitive-proof evidence."
7,H2319,H2319_T333,2737,H2319_all_pdbs/Model_7044_af3_woUnpaired_af3_seed_787946_sample_1_pred_491.cif,Model_7044_af3_woUnpaired_af3_seed_787946_sample_1_pred_491.cif,7044,AF3,af3_woUnpaired,787946,1,491,woUnpaired,,False,casp17/massivefold_external_pool_intake/h2319_t333/extracted_models/H2319_all_pdbs/Model_7044_af3_woUnpaired_af3_seed_787946_sample_1_pred_491.cif,awaiting_extract,"MassiveFold model pool index only. It parses organizer-provided external model tarball listings and stages balanced extraction/rerank candidates. These models remain external rerank and accuracy-estimation inputs, not internal predictions, not CASP submissions, and not competitive-proof evidence."
7,H2319,H2319_T333,2741,H2319_all_pdbs/Model_6965_af3_woUnpaired_af3_seed_578573_sample_2_pred_942.cif,Model_6965_af3_woUnpaired_af3_seed_578573_sample_2_pred_942.cif,6965,AF3,af3_woUnpaired,578573,2,942,woUnpaired,,False,casp17/massivefold_external_pool_intake/h2319_t333/extracted_models/H2319_all_pdbs/Model_6965_af3_woUnpaired_af3_seed_578573_sample_2_pred_942.cif,awaiting_extract,"MassiveFold model pool index only. It parses organizer-provided external model tarball listings and stages balanced extraction/rerank candidates. These models remain external rerank and accuracy-estimation inputs, not internal predictions, not CASP submissions, and not competitive-proof evidence."
7,H2319,H2319_T333,2755,H2319_all_pdbs/Model_8904_af3_woUnpaired_af3_seed_466154_sample_0_pred_85.cif,Model_8904_af3_woUnpaired_af3_seed_466154_sample_0_pred_85.cif,8904,AF3,af3_woUnpaired,466154,0,85,woUnpaired,,False,casp17/massivefold_external_pool_intake/h2319_t333/extracted_models/H2319_all_pdbs/Model_8904_af3_woUnpaired_af3_seed_466154_sample_0_pred_85.cif,awaiting_extract,"MassiveFold model pool index only. It parses organizer-provided external model tarball listings and stages balanced extraction/rerank candidates. These models remain external rerank and accuracy-estimation inputs, not internal predictions, not CASP submissions, and not competitive-proof evidence."
7,H2319,H2319_T333,2766,H2319_all_pdbs/Model_8776_af3_woUnpaired_af3_seed_787924_sample_1_pred_381.cif,Model_8776_af3_woUnpaired_af3_seed_787924_sample_1_pred_381.cif,8776,AF3,af3_woUnpaired,787924,1,381,woUnpaired,,False,casp17/massivefold_external_pool_intake/h2319_t333/extracted_models/H2319_all_pdbs/Model_8776_af3_woUnpaired_af3_seed_787924_sample_1_pred_381.cif,awaiting_extract,"MassiveFold model pool index only. It parses organizer-provided external model tarball listings and stages balanced extraction/rerank candidates. These models remain external rerank and accuracy-estimation inputs, not internal predictions, not CASP submissions, and not competitive-proof evidence."
7,H2319,H2319_T333,2824,H2319_all_pdbs/Model_8638_af3_woUnpaired_af3_seed_466150_sample_0_pred_65.cif,Model_8638_af3_woUnpaired_af3_seed_466150_sample_0_pred_65.cif,8638,AF3,af3_woUnpaired,466150,0,65,woUnpaired,,False,casp17/massivefold_external_pool_intake/h2319_t333/extracted_models/H2319_all_pdbs/Model_8638_af3_woUnpaired_af3_seed_466150_sample_0_pred_65.cif,awaiting_extract,"MassiveFold model pool index only. It parses organizer-provided external model tarball listings and stages balanced extraction/rerank candidates. These models remain external rerank and accuracy-estimation inputs, not internal predictions, not CASP submissions, and not competitive-proof evidence."
7,H2319,H2319_T333,2870,H2319_all_pdbs/Model_10905_af3_woUnpaired_af3_seed_42969_sample_3_pred_268.cif,Model_10905_af3_woUnpaired_af3_seed_42969_sample_3_pred_268.cif,10905,AF3,af3_woUnpaired,42969,3,268,woUnpaired,,False,casp17/massivefold_external_pool_intake/h2319_t333/extracted_models/H2319_all_pdbs/Model_10905_af3_woUnpaired_af3_seed_42969_sample_3_pred_268.cif,awaiting_extract,"MassiveFold model pool index only. It parses organizer-provided external model tarball listings and stages balanced extraction/rerank candidates. These models remain external rerank and accuracy-estimation inputs, not internal predictions, not CASP submissions, and not competitive-proof evidence."
7,H2319,H2319_T333,2873,H2319_all_pdbs/Model_8654_af3_woUnpaired_af3_seed_334588_sample_0_pred_640.cif,Model_8654_af3_woUnpaired_af3_seed_334588_sample_0_pred_640.cif,8654,AF3,af3_woUnpaired,334588,0,640,woUnpaired,,False,casp17/massivefold_external_pool_intake/h2319_t333/extracted_models/H2319_all_pdbs/Model_8654_af3_woUnpaired_af3_seed_334588_sample_0_pred_640.cif,awaiting_extract,"MassiveFold model pool index only. It parses organizer-provided external model tarball listings and stages balanced extraction/rerank candidates. These models remain external rerank and accuracy-estimation inputs, not internal predictions, not CASP submissions, and not competitive-proof evidence."
7,H2319,H2319_T333,2879,H2319_all_pdbs/Model_10969_af3_woUnpaired_af3_seed_57453_sample_0_pred_865.cif,Model_10969_af3_woUnpaired_af3_seed_57453_sample_0_pred_865.cif,10969,AF3,af3_woUnpaired,57453,0,865,woUnpaired,,False,casp17/massivefold_external_pool_intake/h2319_t333/extracted_models/H2319_all_pdbs/Model_10969_af3_woUnpaired_af3_seed_57453_sample_0_pred_865.cif,awaiting_extract,"MassiveFold model pool index only. It parses organizer-provided external model tarball listings and stages balanced extraction/rerank candidates. These models remain external rerank and accuracy-estimation inputs, not internal predictions, not CASP submissions, and not competitive-proof evidence."
7,H2319,H2319_T333,2904,H2319_all_pdbs/Model_8934_af3_woUnpaired_af3_seed_57448_sample_4_pred_844.cif,Model_8934_af3_woUnpaired_af3_seed_57448_sample_4_pred_844.cif,8934,AF3,af3_woUnpaired,57448,4,844,woUnpaired,,False,casp17/massivefold_external_pool_intake/h2319_t333/extracted_models/H2319_all_pdbs/Model_8934_af3_woUnpaired_af3_seed_57448_sample_4_pred_844.cif,awaiting_extract,"MassiveFold model pool index only. It parses organizer-provided external model tarball listings and stages balanced extraction/rerank candidates. These models remain external rerank and accuracy-estimation inputs, not internal predictions, not CASP submissions, and not competitive-proof evidence."
7,H2319,H2319_T333,2906,H2319_all_pdbs/Model_6367_af3_woUnpaired_af3_seed_714127_sample_2_pred_592.cif,Model_6367_af3_woUnpaired_af3_seed_714127_sample_2_pred_592.cif,6367,AF3,af3_woUnpaired,714127,2,592,woUnpaired,,False,casp17/massivefold_external_pool_intake/h2319_t333/extracted_models/H2319_all_pdbs/Model_6367_af3_woUnpaired_af3_seed_714127_sample_2_pred_592.cif,awaiting_extract,"MassiveFold model pool index only. It parses organizer-provided external model tarball listings and stages balanced extraction/rerank candidates. These models remain external rerank and accuracy-estimation inputs, not internal predictions, not CASP submissions, and not competitive-proof evidence."
7,H2319,H2319_T333,2938,H2319_all_pdbs/Model_6385_af3_woUnpaired_af3_seed_578563_sample_4_pred_894.cif,Model_6385_af3_woUnpaired_af3_seed_578563_sample_4_pred_894.cif,6385,AF3,af3_woUnpaired,578563,4,894,woUnpaired,,False,casp17/massivefold_external_pool_intake/h2319_t333/extracted_models/H2319_all_pdbs/Model_6385_af3_woUnpaired_af3_seed_578563_sample_4_pred_894.cif,awaiting_extract,"MassiveFold model pool index only. It parses organizer-provided external model tarball listings and stages balanced extraction/rerank candidates. These models remain external rerank and accuracy-estimation inputs, not internal predictions, not CASP submissions, and not competitive-proof evidence."
7,H2319,H2319_T333,2950,H2319_all_pdbs/Model_6148_af3_woUnpaired_af3_seed_334591_sample_3_pred_658.cif,Model_6148_af3_woUnpaired_af3_seed_334591_sample_3_pred_658.cif,6148,AF3,af3_woUnpaired,334591,3,658,woUnpaired,,False,casp17/massivefold_external_pool_intake/h2319_t333/extracted_models/H2319_all_pdbs/Model_6148_af3_woUnpaired_af3_seed_334591_sample_3_pred_658.cif,awaiting_extract,"MassiveFold model pool index only. It parses organizer-provided external model tarball listings and stages balanced extraction/rerank candidates. These models remain external rerank and accuracy-estimation inputs, not internal predictions, not CASP submissions, and not competitive-proof evidence."
7,H2319,H2319_T333,2953,H2319_all_pdbs/Model_6952_af3_woUnpaired_af3_seed_578578_sample_1_pred_966.cif,Model_6952_af3_woUnpaired_af3_seed_578578_sample_1_pred_966.cif,6952,AF3,af3_woUnpaired,578578,1,966,woUnpaired,,False,casp17/massivefold_external_pool_intake/h2319_t333/extracted_models/H2319_all_pdbs/Model_6952_af3_woUnpaired_af3_seed_578578_sample_1_pred_966.cif,awaiting_extract,"MassiveFold model pool index only. It parses organizer-provided external model tarball listings and stages balanced extraction/rerank candidates. These models remain external rerank and accuracy-estimation inputs, not internal predictions, not CASP submissions, and not competitive-proof evidence."
7,H2319,H2319_T333,2965,H2319_all_pdbs/Model_10939_af3_woUnpaired_af3_seed_42983_sample_1_pred_336.cif,Model_10939_af3_woUnpaired_af3_seed_42983_sample_1_pred_336.cif,10939,AF3,af3_woUnpaired,42983,1,336,woUnpaired,,False,casp17/massivefold_external_pool_intake/h2319_t333/extracted_models/H2319_all_pdbs/Model_10939_af3_woUnpaired_af3_seed_42983_sample_1_pred_336.cif,awaiting_extract,"MassiveFold model pool index only. It parses organizer-provided external model tarball listings and stages balanced extraction/rerank candidates. These models remain external rerank and accuracy-estimation inputs, not internal predictions, not CASP submissions, and not competitive-proof evidence."
7,H2319,H2319_T333,2974,H2319_all_pdbs/Model_8750_af3_woUnpaired_af3_seed_466139_sample_2_pred_12.cif,Model_8750_af3_woUnpaired_af3_seed_466139_sample_2_pred_12.cif,8750,AF3,af3_woUnpaired,466139,2,12,woUnpaired,,False,casp17/massivefold_external_pool_intake/h2319_t333/extracted_models/H2319_all_pdbs/Model_8750_af3_woUnpaired_af3_seed_466139_sample_2_pred_12.cif,awaiting_extract,"MassiveFold model pool index only. It parses organizer-provided external model tarball listings and stages balanced extraction/rerank candidates. These models remain external rerank and accuracy-estimation inputs, not internal predictions, not CASP submissions, and not competitive-proof evidence."
7,H2319,H2319_T333,2988,H2319_all_pdbs/Model_6405_af3_woUnpaired_af3_seed_57432_sample_3_pred_763.cif,Model_6405_af3_woUnpaired_af3_seed_57432_sample_3_pred_763.cif,6405,AF3,af3_woUnpaired,57432,3,763,woUnpaired,,False,casp17/massivefold_external_pool_intake/h2319_t333/extracted_models/H2319_all_pdbs/Model_6405_af3_woUnpaired_af3_seed_57432_sample_3_pred_763.cif,awaiting_extract,"MassiveFold model pool index only. It parses organizer-provided external model tarball listings and stages balanced extraction/rerank candidates. These models remain external rerank and accuracy-estimation inputs, not internal predictions, not CASP submissions, and not competitive-proof evidence."
7,H2319,H2319_T333,2994,H2319_all_pdbs/Model_8777_af3_woUnpaired_af3_seed_466142_sample_0_pred_25.cif,Model_8777_af3_woUnpaired_af3_seed_466142_sample_0_pred_25.cif,8777,AF3,af3_woUnpaired,466142,0,25,woUnpaired,,False,casp17/massivefold_external_pool_intake/h2319_t333/extracted_models/H2319_all_pdbs/Model_8777_af3_woUnpaired_af3_seed_466142_sample_0_pred_25.cif,awaiting_extract,"MassiveFold model pool index only. It parses organizer-provided external model tarball listings and stages balanced extraction/rerank candidates. These models remain external rerank and accuracy-estimation inputs, not internal predictions, not CASP submissions, and not competitive-proof evidence."
7,H2319,H2319_T333,3018,H2319_all_pdbs/Model_6999_af3_woUnpaired_af3_seed_57448_sample_2_pred_842.cif,Model_6999_af3_woUnpaired_af3_seed_57448_sample_2_pred_842.cif,6999,AF3,af3_woUnpaired,57448,2,842,woUnpaired,,False,casp17/massivefold_external_pool_intake/h2319_t333/extracted_models/H2319_all_pdbs/Model_6999_af3_woUnpaired_af3_seed_57448_sample_2_pred_842.cif,awaiting_extract,"MassiveFold model pool index only. It parses organizer-provided external model tarball listings and stages balanced extraction/rerank candidates. These models remain external rerank and accuracy-estimation inputs, not internal predictions, not CASP submissions, and not competitive-proof evidence."
7,H2319,H2319_T333,3019,H2319_all_pdbs/Model_7061_af3_woUnpaired_af3_seed_57436_sample_2_pred_782.cif,Model_7061_af3_woUnpaired_af3_seed_57436_sample_2_pred_782.cif,7061,AF3,af3_woUnpaired,57436,2,782,woUnpaired,,False,casp17/massivefold_external_pool_intake/h2319_t333/extracted_models/H2319_all_pdbs/Model_7061_af3_woUnpaired_af3_seed_57436_sample_2_pred_782.cif,awaiting_extract,"MassiveFold model pool index only. It parses organizer-provided external model tarball listings and stages balanced extraction/rerank candidates. These models remain external rerank and accuracy-estimation inputs, not internal predictions, not CASP submissions, and not competitive-proof evidence."
7,H2319,H2319_T333,3030,H2319_all_pdbs/Model_10930_af3_woUnpaired_af3_seed_466151_sample_4_pred_74.cif,Model_10930_af3_woUnpaired_af3_seed_466151_sample_4_pred_74.cif,10930,AF3,af3_woUnpaired,466151,4,74,woUnpaired,,False,casp17/massivefold_external_pool_intake/h2319_t333/extracted_models/H2319_all_pdbs/Model_10930_af3_woUnpaired_af3_seed_466151_sample_4_pred_74.cif,awaiting_extract,"MassiveFold model pool index only. It parses organizer-provided external model tarball listings and stages balanced extraction/rerank candidates. These models remain external rerank and accuracy-estimation inputs, not internal predictions, not CASP submissions, and not competitive-proof evidence."
7,H2319,H2319_T333,3061,H2319_all_pdbs/Model_6912_af3_woUnpaired_af3_seed_787945_sample_2_pred_487.cif,Model_6912_af3_woUnpaired_af3_seed_787945_sample_2_pred_487.cif,6912,AF3,af3_woUnpaired,787945,2,487,woUnpaired,,False,casp17/massivefold_external_pool_intake/h2319_t333/extracted_models/H2319_all_pdbs/Model_6912_af3_woUnpaired_af3_seed_787945_sample_2_pred_487.cif,awaiting_extract,"MassiveFold model pool index only. It parses organizer-provided external model tarball listings and stages balanced extraction/rerank candidates. These models remain external rerank and accuracy-estimation inputs, not internal predictions, not CASP submissions, and not competitive-proof evidence."
7,H2319,H2319_T333,3084,H2319_all_pdbs/Model_7762_af3_woUnpaired_af3_seed_42966_sample_0_pred_250.cif,Model_7762_af3_woUnpaired_af3_seed_42966_sample_0_pred_250.cif,7762,AF3,af3_woUnpaired,42966,0,250,woUnpaired,,False,casp17/massivefold_external_pool_intake/h2319_t333/extracted_models/H2319_all_pdbs/Model_7762_af3_woUnpaired_af3_seed_42966_sample_0_pred_250.cif,awaiting_extract,"MassiveFold model pool index only. It parses organizer-provided external model tarball listings and stages balanced extraction/rerank candidates. These models remain external rerank and accuracy-estimation inputs, not internal predictions, not CASP submissions, and not competitive-proof evidence."
7,H2319,H2319_T333,3087,H2319_all_pdbs/Model_7034_af3_woUnpaired_af3_seed_334597_sample_1_pred_686.cif,Model_7034_af3_woUnpaired_af3_seed_334597_sample_1_pred_686.cif,7034,AF3,af3_woUnpaired,334597,1,686,woUnpaired,,False,casp17/massivefold_external_pool_intake/h2319_t333/extracted_models/H2319_all_pdbs/Model_7034_af3_woUnpaired_af3_seed_334597_sample_1_pred_686.cif,awaiting_extract,"MassiveFold model pool index only. It parses organizer-provided external model tarball listings and stages balanced extraction/rerank candidates. These models remain external rerank and accuracy-estimation inputs, not internal predictions, not CASP submissions, and not competitive-proof evidence."
7,H2319,H2319_T333,3090,H2319_all_pdbs/Model_7773_af3_woUnpaired_af3_seed_787945_sample_0_pred_485.cif,Model_7773_af3_woUnpaired_af3_seed_787945_sample_0_pred_485.cif,7773,AF3,af3_woUnpaired,787945,0,485,woUnpaired,,False,casp17/massivefold_external_pool_intake/h2319_t333/extracted_models/H2319_all_pdbs/Model_7773_af3_woUnpaired_af3_seed_787945_sample_0_pred_485.cif,awaiting_extract,"MassiveFold model pool index only. It parses organizer-provided external model tarball listings and stages balanced extraction/rerank candidates. These models remain external rerank and accuracy-estimation inputs, not internal predictions, not CASP submissions, and not competitive-proof evidence."
7,H2319,H2319_T333,3115,H2319_all_pdbs/Model_7722_af3_woUnpaired_af3_seed_57441_sample_0_pred_805.cif,Model_7722_af3_woUnpaired_af3_seed_57441_sample_0_pred_805.cif,7722,AF3,af3_woUnpaired,57441,0,805,woUnpaired,,False,casp17/massivefold_external_pool_intake/h2319_t333/extracted_models/H2319_all_pdbs/Model_7722_af3_woUnpaired_af3_seed_57441_sample_0_pred_805.cif,awaiting_extract,"MassiveFold model pool index only. It parses organizer-provided external model tarball listings and stages balanced extraction/rerank candidates. These models remain external rerank and accuracy-estimation inputs, not internal predictions, not CASP submissions, and not competitive-proof evidence."
7,H2319,H2319_T333,3117,H2319_all_pdbs/Model_6397_af3_woUnpaired_af3_seed_646835_sample_3_pred_218.cif,Model_6397_af3_woUnpaired_af3_seed_646835_sample_3_pred_218.cif,6397,AF3,af3_woUnpaired,646835,3,218,woUnpaired,,False,casp17/massivefold_external_pool_intake/h2319_t333/extracted_models/H2319_all_pdbs/Model_6397_af3_woUnpaired_af3_seed_646835_sample_3_pred_218.cif,awaiting_extract,"MassiveFold model pool index only. It parses organizer-provided external model tarball listings and stages balanced extraction/rerank candidates. These models remain external rerank and accuracy-estimation inputs, not internal predictions, not CASP submissions, and not competitive-proof evidence."
7,H2319,H2319_T333,3126,H2319_all_pdbs/Model_6925_af3_woUnpaired_af3_seed_42978_sample_4_pred_314.cif,Model_6925_af3_woUnpaired_af3_seed_42978_sample_4_pred_314.cif,6925,AF3,af3_woUnpaired,42978,4,314,woUnpaired,,False,casp17/massivefold_external_pool_intake/h2319_t333/extracted_models/H2319_all_pdbs/Model_6925_af3_woUnpaired_af3_seed_42978_sample_4_pred_314.cif,awaiting_extract,"MassiveFold model pool index only. It parses organizer-provided external model tarball listings and stages balanced extraction/rerank candidates. These models remain external rerank and accuracy-estimation inputs, not internal predictions, not CASP submissions, and not competitive-proof evidence."
7,H2319,H2319_T333,3149,H2319_all_pdbs/Model_7094_af3_woUnpaired_af3_seed_466156_sample_2_pred_97.cif,Model_7094_af3_woUnpaired_af3_seed_466156_sample_2_pred_97.cif,7094,AF3,af3_woUnpaired,466156,2,97,woUnpaired,,False,casp17/massivefold_external_pool_intake/h2319_t333/extracted_models/H2319_all_pdbs/Model_7094_af3_woUnpaired_af3_seed_466156_sample_2_pred_97.cif,awaiting_extract,"MassiveFold model pool index only. It parses organizer-provided external model tarball listings and stages balanced extraction/rerank candidates. These models remain external rerank and accuracy-estimation inputs, not internal predictions, not CASP submissions, and not competitive-proof evidence."
7,H2319,H2319_T333,3170,H2319_all_pdbs/Model_11008_af3_woUnpaired_af3_seed_714125_sample_4_pred_584.cif,Model_11008_af3_woUnpaired_af3_seed_714125_sample_4_pred_584.cif,11008,AF3,af3_woUnpaired,714125,4,584,woUnpaired,,False,casp17/massivefold_external_pool_intake/h2319_t333/extracted_models/H2319_all_pdbs/Model_11008_af3_woUnpaired_af3_seed_714125_sample_4_pred_584.cif,awaiting_extract,"MassiveFold model pool index only. It parses organizer-provided external model tarball listings and stages balanced extraction/rerank candidates. These models remain external rerank and accuracy-estimation inputs, not internal predictions, not CASP submissions, and not competitive-proof evidence."
7,H2319,H2319_T333,3173,H2319_all_pdbs/Model_6403_af3_woUnpaired_af3_seed_787931_sample_1_pred_416.cif,Model_6403_af3_woUnpaired_af3_seed_787931_sample_1_pred_416.cif,6403,AF3,af3_woUnpaired,787931,1,416,woUnpaired,,False,casp17/massivefold_external_pool_intake/h2319_t333/extracted_models/H2319_all_pdbs/Model_6403_af3_woUnpaired_af3_seed_787931_sample_1_pred_416.cif,awaiting_extract,"MassiveFold model pool index only. It parses organizer-provided external model tarball listings and stages balanced extraction/rerank candidates. These models remain external rerank and accuracy-estimation inputs, not internal predictions, not CASP submissions, and not competitive-proof evidence."
7,H2319,H2319_T333,3174,H2319_all_pdbs/Model_7696_af3_woUnpaired_af3_seed_714120_sample_3_pred_558.cif,Model_7696_af3_woUnpaired_af3_seed_714120_sample_3_pred_558.cif,7696,AF3,af3_woUnpaired,714120,3,558,woUnpaired,,False,casp17/massivefold_external_pool_intake/h2319_t333/extracted_models/H2319_all_pdbs/Model_7696_af3_woUnpaired_af3_seed_714120_sample_3_pred_558.cif,awaiting_extract,"MassiveFold model pool index only. It parses organizer-provided external model tarball listings and stages balanced extraction/rerank candidates. These models remain external rerank and accuracy-estimation inputs, not internal predictions, not CASP submissions, and not competitive-proof evidence."
7,H2319,H2319_T333,3186,H2319_all_pdbs/Model_10970_af3_woUnpaired_af3_seed_578581_sample_2_pred_982.cif,Model_10970_af3_woUnpaired_af3_seed_578581_sample_2_pred_982.cif,10970,AF3,af3_woUnpaired,578581,2,982,woUnpaired,,False,casp17/massivefold_external_pool_intake/h2319_t333/extracted_models/H2319_all_pdbs/Model_10970_af3_woUnpaired_af3_seed_578581_sample_2_pred_982.cif,awaiting_extract,"MassiveFold model pool index only. It parses organizer-provided external model tarball listings and stages balanced extraction/rerank candidates. These models remain external rerank and accuracy-estimation inputs, not internal predictions, not CASP submissions, and not competitive-proof evidence."
7,H2319,H2319_T333,3192,H2319_all_pdbs/Model_8674_af3_woUnpaired_af3_seed_787937_sample_1_pred_446.cif,Model_8674_af3_woUnpaired_af3_seed_787937_sample_1_pred_446.cif,8674,AF3,af3_woUnpaired,787937,1,446,woUnpaired,,False,casp17/massivefold_external_pool_intake/h2319_t333/extracted_models/H2319_all_pdbs/Model_8674_af3_woUnpaired_af3_seed_787937_sample_1_pred_446.cif,awaiting_extract,"MassiveFold model pool index only. It parses organizer-provided external model tarball listings and stages balanced extraction/rerank candidates. These models remain external rerank and accuracy-estimation inputs, not internal predictions, not CASP submissions, and not competitive-proof evidence."
7,H2319,H2319_T333,3204,H2319_all_pdbs/Model_6368_af3_woUnpaired_af3_seed_57450_sample_0_pred_850.cif,Model_6368_af3_woUnpaired_af3_seed_57450_sample_0_pred_850.cif,6368,AF3,af3_woUnpaired,57450,0,850,woUnpaired,,False,casp17/massivefold_external_pool_intake/h2319_t333/extracted_models/H2319_all_pdbs/Model_6368_af3_woUnpaired_af3_seed_57450_sample_0_pred_850.cif,awaiting_extract,"MassiveFold model pool index only. It parses organizer-provided external model tarball listings and stages balanced extraction/rerank candidates. These models remain external rerank and accuracy-estimation inputs, not internal predictions, not CASP submissions, and not competitive-proof evidence."
7,H2319,H2319_T333,3210,H2319_all_pdbs/Model_8800_af3_woUnpaired_af3_seed_42980_sample_3_pred_323.cif,Model_8800_af3_woUnpaired_af3_seed_42980_sample_3_pred_323.cif,8800,AF3,af3_woUnpaired,42980,3,323,woUnpaired,,False,casp17/massivefold_external_pool_intake/h2319_t333/extracted_models/H2319_all_pdbs/Model_8800_af3_woUnpaired_af3_seed_42980_sample_3_pred_323.cif,awaiting_extract,"MassiveFold model pool index only. It parses organizer-provided external model tarball listings and stages balanced extraction/rerank candidates. These models remain external rerank and accuracy-estimation inputs, not internal predictions, not CASP submissions, and not competitive-proof evidence."
7,H2319,H2319_T333,3221,H2319_all_pdbs/Model_7794_af3_woUnpaired_af3_seed_42988_sample_4_pred_364.cif,Model_7794_af3_woUnpaired_af3_seed_42988_sample_4_pred_364.cif,7794,AF3,af3_woUnpaired,42988,4,364,woUnpaired,,False,casp17/massivefold_external_pool_intake/h2319_t333/extracted_models/H2319_all_pdbs/Model_7794_af3_woUnpaired_af3_seed_42988_sample_4_pred_364.cif,awaiting_extract,"MassiveFold model pool index only. It parses organizer-provided external model tarball listings and stages balanced extraction/rerank candidates. These models remain external rerank and accuracy-estimation inputs, not internal predictions, not CASP submissions, and not competitive-proof evidence."
7,H2319,H2319_T333,3242,H2319_all_pdbs/Model_7757_af3_woUnpaired_af3_seed_334586_sample_3_pred_633.cif,Model_7757_af3_woUnpaired_af3_seed_334586_sample_3_pred_633.cif,7757,AF3,af3_woUnpaired,334586,3,633,woUnpaired,,False,casp17/massivefold_external_pool_intake/h2319_t333/extracted_models/H2319_all_pdbs/Model_7757_af3_woUnpaired_af3_seed_334586_sample_3_pred_633.cif,awaiting_extract,"MassiveFold model pool index only. It parses organizer-provided external model tarball listings and stages balanced extraction/rerank candidates. These models remain external rerank and accuracy-estimation inputs, not internal predictions, not CASP submissions, and not competitive-proof evidence."
7,H2319,H2319_T333,3255,H2319_all_pdbs/Model_6919_af3_woUnpaired_af3_seed_787939_sample_2_pred_457.cif,Model_6919_af3_woUnpaired_af3_seed_787939_sample_2_pred_457.cif,6919,AF3,af3_woUnpaired,787939,2,457,woUnpaired,,False,casp17/massivefold_external_pool_intake/h2319_t333/extracted_models/H2319_all_pdbs/Model_6919_af3_woUnpaired_af3_seed_787939_sample_2_pred_457.cif,awaiting_extract,"MassiveFold model pool index only. It parses organizer-provided external model tarball listings and stages balanced extraction/rerank candidates. These models remain external rerank and accuracy-estimation inputs, not internal predictions, not CASP submissions, and not competitive-proof evidence."
7,H2319,H2319_T333,3256,H2319_all_pdbs/Model_7693_af3_woUnpaired_af3_seed_787947_sample_0_pred_495.cif,Model_7693_af3_woUnpaired_af3_seed_787947_sample_0_pred_495.cif,7693,AF3,af3_woUnpaired,787947,0,495,woUnpaired,,False,casp17/massivefold_external_pool_intake/h2319_t333/extracted_models/H2319_all_pdbs/Model_7693_af3_woUnpaired_af3_seed_787947_sample_0_pred_495.cif,awaiting_extract,"MassiveFold model pool index only. It parses organizer-provided external model tarball listings and stages balanced extraction/rerank candidates. These models remain external rerank and accuracy-estimation inputs, not internal predictions, not CASP submissions, and not competitive-proof evidence."
7,H2319,H2319_T333,3321,H2319_all_pdbs/Model_6992_af3_woUnpaired_af3_seed_714132_sample_4_pred_619.cif,Model_6992_af3_woUnpaired_af3_seed_714132_sample_4_pred_619.cif,6992,AF3,af3_woUnpaired,714132,4,619,woUnpaired,,False,casp17/massivefold_external_pool_intake/h2319_t333/extracted_models/H2319_all_pdbs/Model_6992_af3_woUnpaired_af3_seed_714132_sample_4_pred_619.cif,awaiting_extract,"MassiveFold model pool index only. It parses organizer-provided external model tarball listings and stages balanced extraction/rerank candidates. These models remain external rerank and accuracy-estimation inputs, not internal predictions, not CASP submissions, and not competitive-proof evidence."
7,H2319,H2319_T333,3326,H2319_all_pdbs/Model_8846_af3_woUnpaired_af3_seed_578562_sample_3_pred_888.cif,Model_8846_af3_woUnpaired_af3_seed_578562_sample_3_pred_888.cif,8846,AF3,af3_woUnpaired,578562,3,888,woUnpaired,,False,casp17/massivefold_external_pool_intake/h2319_t333/extracted_models/H2319_all_pdbs/Model_8846_af3_woUnpaired_af3_seed_578562_sample_3_pred_888.cif,awaiting_extract,"MassiveFold model pool index only. It parses organizer-provided external model tarball listings and stages balanced extraction/rerank candidates. These models remain external rerank and accuracy-estimation inputs, not internal predictions, not CASP submissions, and not competitive-proof evidence."
7,H2319,H2319_T333,3331,H2319_all_pdbs/Model_8630_af3_woUnpaired_af3_seed_714124_sample_1_pred_576.cif,Model_8630_af3_woUnpaired_af3_seed_714124_sample_1_pred_576.cif,8630,AF3,af3_woUnpaired,714124,1,576,woUnpaired,,False,casp17/massivefold_external_pool_intake/h2319_t333/extracted_models/H2319_all_pdbs/Model_8630_af3_woUnpaired_af3_seed_714124_sample_1_pred_576.cif,awaiting_extract,"MassiveFold model pool index only. It parses organizer-provided external model tarball listings and stages balanced extraction/rerank candidates. These models remain external rerank and accuracy-estimation inputs, not internal predictions, not CASP submissions, and not competitive-proof evidence."
7,H2319,H2319_T333,3334,H2319_all_pdbs/Model_6146_af3_woUnpaired_af3_seed_714116_sample_0_pred_535.cif,Model_6146_af3_woUnpaired_af3_seed_714116_sample_0_pred_535.cif,6146,AF3,af3_woUnpaired,714116,0,535,woUnpaired,,False,casp17/massivefold_external_pool_intake/h2319_t333/extracted_models/H2319_all_pdbs/Model_6146_af3_woUnpaired_af3_seed_714116_sample_0_pred_535.cif,awaiting_extract,"MassiveFold model pool index only. It parses organizer-provided external model tarball listings and stages balanced extraction/rerank candidates. These models remain external rerank and accuracy-estimation inputs, not internal predictions, not CASP submissions, and not competitive-proof evidence."
7,H2319,H2319_T333,3355,H2319_all_pdbs/Model_8700_af3_woUnpaired_af3_seed_646822_sample_1_pred_151.cif,Model_8700_af3_woUnpaired_af3_seed_646822_sample_1_pred_151.cif,8700,AF3,af3_woUnpaired,646822,1,151,woUnpaired,,False,casp17/massivefold_external_pool_intake/h2319_t333/extracted_models/H2319_all_pdbs/Model_8700_af3_woUnpaired_af3_seed_646822_sample_1_pred_151.cif,awaiting_extract,"MassiveFold model pool index only. It parses organizer-provided external model tarball listings and stages balanced extraction/rerank candidates. These models remain external rerank and accuracy-estimation inputs, not internal predictions, not CASP submissions, and not competitive-proof evidence."
7,H2319,H2319_T333,3365,H2319_all_pdbs/Model_8920_af3_woUnpaired_af3_seed_646828_sample_0_pred_180.cif,Model_8920_af3_woUnpaired_af3_seed_646828_sample_0_pred_180.cif,8920,AF3,af3_woUnpaired,646828,0,180,woUnpaired,,False,casp17/massivefold_external_pool_intake/h2319_t333/extracted_models/H2319_all_pdbs/Model_8920_af3_woUnpaired_af3_seed_646828_sample_0_pred_180.cif,awaiting_extract,"MassiveFold model pool index only. It parses organizer-provided external model tarball listings and stages balanced extraction/rerank candidates. These models remain external rerank and accuracy-estimation inputs, not internal predictions, not CASP submissions, and not competitive-proof evidence."
7,H2319,H2319_T333,3383,H2319_all_pdbs/Model_8791_af3_woUnpaired_af3_seed_57436_sample_4_pred_784.cif,Model_8791_af3_woUnpaired_af3_seed_57436_sample_4_pred_784.cif,8791,AF3,af3_woUnpaired,57436,4,784,woUnpaired,,False,casp17/massivefold_external_pool_intake/h2319_t333/extracted_models/H2319_all_pdbs/Model_8791_af3_woUnpaired_af3_seed_57436_sample_4_pred_784.cif,awaiting_extract,"MassiveFold model pool index only. It parses organizer-provided external model tarball listings and stages balanced extraction/rerank candidates. These models remain external rerank and accuracy-estimation inputs, not internal predictions, not CASP submissions, and not competitive-proof evidence."
7,H2319,H2319_T333,3388,H2319_all_pdbs/Model_7105_af3_woUnpaired_af3_seed_57447_sample_2_pred_837.cif,Model_7105_af3_woUnpaired_af3_seed_57447_sample_2_pred_837.cif,7105,AF3,af3_woUnpaired,57447,2,837,woUnpaired,,False,casp17/massivefold_external_pool_intake/h2319_t333/extracted_models/H2319_all_pdbs/Model_7105_af3_woUnpaired_af3_seed_57447_sample_2_pred_837.cif,awaiting_extract,"MassiveFold model pool index only. It parses organizer-provided external model tarball listings and stages balanced extraction/rerank candidates. These models remain external rerank and accuracy-estimation inputs, not internal predictions, not CASP submissions, and not competitive-proof evidence."
7,H2319,H2319_T333,3392,H2319_all_pdbs/Model_7743_af3_woUnpaired_af3_seed_578578_sample_2_pred_967.cif,Model_7743_af3_woUnpaired_af3_seed_578578_sample_2_pred_967.cif,7743,AF3,af3_woUnpaired,578578,2,967,woUnpaired,,False,casp17/massivefold_external_pool_intake/h2319_t333/extracted_models/H2319_all_pdbs/Model_7743_af3_woUnpaired_af3_seed_578578_sample_2_pred_967.cif,awaiting_extract,"MassiveFold model pool index only. It parses organizer-provided external model tarball listings and stages balanced extraction/rerank candidates. These models remain external rerank and accuracy-estimation inputs, not internal predictions, not CASP submissions, and not competitive-proof evidence."
7,H2319,H2319_T333,3403,H2319_all_pdbs/Model_10248_af3_woUnpaired_af3_seed_787923_sample_3_pred_378.cif,Model_10248_af3_woUnpaired_af3_seed_787923_sample_3_pred_378.cif,10248,AF3,af3_woUnpaired,787923,3,378,woUnpaired,,False,casp17/massivefold_external_pool_intake/h2319_t333/extracted_models/H2319_all_pdbs/Model_10248_af3_woUnpaired_af3_seed_787923_sample_3_pred_378.cif,awaiting_extract,"MassiveFold model pool index only. It parses organizer-provided external model tarball listings and stages balanced extraction/rerank candidates. These models remain external rerank and accuracy-estimation inputs, not internal predictions, not CASP submissions, and not competitive-proof evidence."
7,H2319,H2319_T333,3405,H2319_all_pdbs/Model_10967_af3_woUnpaired_af3_seed_334605_sample_3_pred_728.cif,Model_10967_af3_woUnpaired_af3_seed_334605_sample_3_pred_728.cif,10967,AF3,af3_woUnpaired,334605,3,728,woUnpaired,,False,casp17/massivefold_external_pool_intake/h2319_t333/extracted_models/H2319_all_pdbs/Model_10967_af3_woUnpaired_af3_seed_334605_sample_3_pred_728.cif,awaiting_extract,"MassiveFold model pool index only. It parses organizer-provided external model tarball listings and stages balanced extraction/rerank candidates. These models remain external rerank and accuracy-estimation inputs, not internal predictions, not CASP submissions, and not competitive-proof evidence."
7,H2319,H2319_T333,3407,H2319_all_pdbs/Model_10289_af3_woUnpaired_af3_seed_57437_sample_3_pred_788.cif,Model_10289_af3_woUnpaired_af3_seed_57437_sample_3_pred_788.cif,10289,AF3,af3_woUnpaired,57437,3,788,woUnpaired,,False,casp17/massivefold_external_pool_intake/h2319_t333/extracted_models/H2319_all_pdbs/Model_10289_af3_woUnpaired_af3_seed_57437_sample_3_pred_788.cif,awaiting_extract,"MassiveFold model pool index only. It parses organizer-provided external model tarball listings and stages balanced extraction/rerank candidates. These models remain external rerank and accuracy-estimation inputs, not internal predictions, not CASP submissions, and not competitive-proof evidence."
7,H2319,H2319_T333,3415,H2319_all_pdbs/Model_8707_af3_woUnpaired_af3_seed_646831_sample_0_pred_195.cif,Model_8707_af3_woUnpaired_af3_seed_646831_sample_0_pred_195.cif,8707,AF3,af3_woUnpaired,646831,0,195,woUnpaired,,False,casp17/massivefold_external_pool_intake/h2319_t333/extracted_models/H2319_all_pdbs/Model_8707_af3_woUnpaired_af3_seed_646831_sample_0_pred_195.cif,awaiting_extract,"MassiveFold model pool index only. It parses organizer-provided external model tarball listings and stages balanced extraction/rerank candidates. These models remain external rerank and accuracy-estimation inputs, not internal predictions, not CASP submissions, and not competitive-proof evidence."
7,H2319,H2319_T333,3420,H2319_all_pdbs/Model_8705_af3_woUnpaired_af3_seed_334600_sample_0_pred_700.cif,Model_8705_af3_woUnpaired_af3_seed_334600_sample_0_pred_700.cif,8705,AF3,af3_woUnpaired,334600,0,700,woUnpaired,,False,casp17/massivefold_external_pool_intake/h2319_t333/extracted_models/H2319_all_pdbs/Model_8705_af3_woUnpaired_af3_seed_334600_sample_0_pred_700.cif,awaiting_extract,"MassiveFold model pool index only. It parses organizer-provided external model tarball listings and stages balanced extraction/rerank candidates. These models remain external rerank and accuracy-estimation inputs, not internal predictions, not CASP submissions, and not competitive-proof evidence."
7,H2319,H2319_T333,3429,H2319_all_pdbs/Model_10258_af3_woUnpaired_af3_seed_578561_sample_1_pred_881.cif,Model_10258_af3_woUnpaired_af3_seed_578561_sample_1_pred_881.cif,10258,AF3,af3_woUnpaired,578561,1,881,woUnpaired,,False,casp17/massivefold_external_pool_intake/h2319_t333/extracted_models/H2319_all_pdbs/Model_10258_af3_woUnpaired_af3_seed_578561_sample_1_pred_881.cif,awaiting_extract,"MassiveFold model pool index only. It parses organizer-provided external model tarball listings and stages balanced extraction/rerank candidates. These models remain external rerank and accuracy-estimation inputs, not internal predictions, not CASP submissions, and not competitive-proof evidence."
7,H2319,H2319_T333,3436,H2319_all_pdbs/Model_7705_af3_woUnpaired_af3_seed_42966_sample_3_pred_253.cif,Model_7705_af3_woUnpaired_af3_seed_42966_sample_3_pred_253.cif,7705,AF3,af3_woUnpaired,42966,3,253,woUnpaired,,False,casp17/massivefold_external_pool_intake/h2319_t333/extracted_models/H2319_all_pdbs/Model_7705_af3_woUnpaired_af3_seed_42966_sample_3_pred_253.cif,awaiting_extract,"MassiveFold model pool index only. It parses organizer-provided external model tarball listings and stages balanced extraction/rerank candidates. These models remain external rerank and accuracy-estimation inputs, not internal predictions, not CASP submissions, and not competitive-proof evidence."
7,H2319,H2319_T333,3438,H2319_all_pdbs/Model_8606_af3_woUnpaired_af3_seed_578580_sample_0_pred_975.cif,Model_8606_af3_woUnpaired_af3_seed_578580_sample_0_pred_975.cif,8606,AF3,af3_woUnpaired,578580,0,975,woUnpaired,,False,casp17/massivefold_external_pool_intake/h2319_t333/extracted_models/H2319_all_pdbs/Model_8606_af3_woUnpaired_af3_seed_578580_sample_0_pred_975.cif,awaiting_extract,"MassiveFold model pool index only. It parses organizer-provided external model tarball listings and stages balanced extraction/rerank candidates. These models remain external rerank and accuracy-estimation inputs, not internal predictions, not CASP submissions, and not competitive-proof evidence."
7,H2319,H2319_T333,3445,H2319_all_pdbs/Model_6138_af3_woUnpaired_af3_seed_57451_sample_1_pred_856.cif,Model_6138_af3_woUnpaired_af3_seed_57451_sample_1_pred_856.cif,6138,AF3,af3_woUnpaired,57451,1,856,woUnpaired,,False,casp17/massivefold_external_pool_intake/h2319_t333/extracted_models/H2319_all_pdbs/Model_6138_af3_woUnpaired_af3_seed_57451_sample_1_pred_856.cif,awaiting_extract,"MassiveFold model pool index only. It parses organizer-provided external model tarball listings and stages balanced extraction/rerank candidates. These models remain external rerank and accuracy-estimation inputs, not internal predictions, not CASP submissions, and not competitive-proof evidence."
7,H2319,H2319_T333,3448,H2319_all_pdbs/Model_8741_af3_woUnpaired_af3_seed_714121_sample_2_pred_562.cif,Model_8741_af3_woUnpaired_af3_seed_714121_sample_2_pred_562.cif,8741,AF3,af3_woUnpaired,714121,2,562,woUnpaired,,False,casp17/massivefold_external_pool_intake/h2319_t333/extracted_models/H2319_all_pdbs/Model_8741_af3_woUnpaired_af3_seed_714121_sample_2_pred_562.cif,awaiting_extract,"MassiveFold model pool index only. It parses organizer-provided external model tarball listings and stages balanced extraction/rerank candidates. These models remain external rerank and accuracy-estimation inputs, not internal predictions, not CASP submissions, and not competitive-proof evidence."
7,H2319,H2319_T333,3505,H2319_all_pdbs/Model_8769_af3_woUnpaired_af3_seed_466155_sample_2_pred_92.cif,Model_8769_af3_woUnpaired_af3_seed_466155_sample_2_pred_92.cif,8769,AF3,af3_woUnpaired,466155,2,92,woUnpaired,,False,casp17/massivefold_external_pool_intake/h2319_t333/extracted_models/H2319_all_pdbs/Model_8769_af3_woUnpaired_af3_seed_466155_sample_2_pred_92.cif,awaiting_extract,"MassiveFold model pool index only. It parses organizer-provided external model tarball listings and stages balanced extraction/rerank candidates. These models remain external rerank and accuracy-estimation inputs, not internal predictions, not CASP submissions, and not competitive-proof evidence."
7,H2319,H2319_T333,3506,H2319_all_pdbs/Model_10956_af3_woUnpaired_af3_seed_714123_sample_3_pred_573.cif,Model_10956_af3_woUnpaired_af3_seed_714123_sample_3_pred_573.cif,10956,AF3,af3_woUnpaired,714123,3,573,woUnpaired,,False,casp17/massivefold_external_pool_intake/h2319_t333/extracted_models/H2319_all_pdbs/Model_10956_af3_woUnpaired_af3_seed_714123_sample_3_pred_573.cif,awaiting_extract,"MassiveFold model pool index only. It parses organizer-provided external model tarball listings and stages balanced extraction/rerank candidates. These models remain external rerank and accuracy-estimation inputs, not internal predictions, not CASP submissions, and not competitive-proof evidence."
7,H2319,H2319_T333,3538,H2319_all_pdbs/Model_7093_af3_woUnpaired_af3_seed_466159_sample_0_pred_110.cif,Model_7093_af3_woUnpaired_af3_seed_466159_sample_0_pred_110.cif,7093,AF3,af3_woUnpaired,466159,0,110,woUnpaired,,False,casp17/massivefold_external_pool_intake/h2319_t333/extracted_models/H2319_all_pdbs/Model_7093_af3_woUnpaired_af3_seed_466159_sample_0_pred_110.cif,awaiting_extract,"MassiveFold model pool index only. It parses organizer-provided external model tarball listings and stages balanced extraction/rerank candidates. These models remain external rerank and accuracy-estimation inputs, not internal predictions, not CASP submissions, and not competitive-proof evidence."
7,H2319,H2319_T333,3543,H2319_all_pdbs/Model_8733_af3_woUnpaired_af3_seed_334608_sample_1_pred_741.cif,Model_8733_af3_woUnpaired_af3_seed_334608_sample_1_pred_741.cif,8733,AF3,af3_woUnpaired,334608,1,741,woUnpaired,,False,casp17/massivefold_external_pool_intake/h2319_t333/extracted_models/H2319_all_pdbs/Model_8733_af3_woUnpaired_af3_seed_334608_sample_1_pred_741.cif,awaiting_extract,"MassiveFold model pool index only. It parses organizer-provided external model tarball listings and stages balanced extraction/rerank candidates. These models remain external rerank and accuracy-estimation inputs, not internal predictions, not CASP submissions, and not competitive-proof evidence."
7,H2319,H2319_T333,3545,H2319_all_pdbs/Model_10917_af3_woUnpaired_af3_seed_578584_sample_1_pred_996.cif,Model_10917_af3_woUnpaired_af3_seed_578584_sample_1_pred_996.cif,10917,AF3,af3_woUnpaired,578584,1,996,woUnpaired,,False,casp17/massivefold_external_pool_intake/h2319_t333/extracted_models/H2319_all_pdbs/Model_10917_af3_woUnpaired_af3_seed_578584_sample_1_pred_996.cif,awaiting_extract,"MassiveFold model pool index only. It parses organizer-provided external model tarball listings and stages balanced extraction/rerank candidates. These models remain external rerank and accuracy-estimation inputs, not internal predictions, not CASP submissions, and not competitive-proof evidence."
7,H2319,H2319_T333,3557,H2319_all_pdbs/Model_7084_af3_woUnpaired_af3_seed_787947_sample_2_pred_497.cif,Model_7084_af3_woUnpaired_af3_seed_787947_sample_2_pred_497.cif,7084,AF3,af3_woUnpaired,787947,2,497,woUnpaired,,False,casp17/massivefold_external_pool_intake/h2319_t333/extracted_models/H2319_all_pdbs/Model_7084_af3_woUnpaired_af3_seed_787947_sample_2_pred_497.cif,awaiting_extract,"MassiveFold model pool index only. It parses organizer-provided external model tarball listings and stages balanced extraction/rerank candidates. These models remain external rerank and accuracy-estimation inputs, not internal predictions, not CASP submissions, and not competitive-proof evidence."
7,H2319,H2319_T333,3558,H2319_all_pdbs/Model_7717_af3_woUnpaired_af3_seed_57432_sample_2_pred_762.cif,Model_7717_af3_woUnpaired_af3_seed_57432_sample_2_pred_762.cif,7717,AF3,af3_woUnpaired,57432,2,762,woUnpaired,,False,casp17/massivefold_external_pool_intake/h2319_t333/extracted_models/H2319_all_pdbs/Model_7717_af3_woUnpaired_af3_seed_57432_sample_2_pred_762.cif,awaiting_extract,"MassiveFold model pool index only. It parses organizer-provided external model tarball listings and stages balanced extraction/rerank candidates. These models remain external rerank and accuracy-estimation inputs, not internal predictions, not CASP submissions, and not competitive-proof evidence."
7,H2319,H2319_T333,3562,H2319_all_pdbs/Model_8900_af3_woUnpaired_af3_seed_578562_sample_0_pred_885.cif,Model_8900_af3_woUnpaired_af3_seed_578562_sample_0_pred_885.cif,8900,AF3,af3_woUnpaired,578562,0,885,woUnpaired,,False,casp17/massivefold_external_pool_intake/h2319_t333/extracted_models/H2319_all_pdbs/Model_8900_af3_woUnpaired_af3_seed_578562_sample_0_pred_885.cif,awaiting_extract,"MassiveFold model pool index only. It parses organizer-provided external model tarball listings and stages balanced extraction/rerank candidates. These models remain external rerank and accuracy-estimation inputs, not internal predictions, not CASP submissions, and not competitive-proof evidence."
7,H2319,H2319_T333,3569,H2319_all_pdbs/Model_8727_af3_woUnpaired_af3_seed_714115_sample_0_pred_530.cif,Model_8727_af3_woUnpaired_af3_seed_714115_sample_0_pred_530.cif,8727,AF3,af3_woUnpaired,714115,0,530,woUnpaired,,False,casp17/massivefold_external_pool_intake/h2319_t333/extracted_models/H2319_all_pdbs/Model_8727_af3_woUnpaired_af3_seed_714115_sample_0_pred_530.cif,awaiting_extract,"MassiveFold model pool index only. It parses organizer-provided external model tarball listings and stages balanced extraction/rerank candidates. These models remain external rerank and accuracy-estimation inputs, not internal predictions, not CASP submissions, and not competitive-proof evidence."
7,H2319,H2319_T333,3582,H2319_all_pdbs/Model_7087_af3_woUnpaired_af3_seed_578578_sample_4_pred_969.cif,Model_7087_af3_woUnpaired_af3_seed_578578_sample_4_pred_969.cif,7087,AF3,af3_woUnpaired,578578,4,969,woUnpaired,,False,casp17/massivefold_external_pool_intake/h2319_t333/extracted_models/H2319_all_pdbs/Model_7087_af3_woUnpaired_af3_seed_578578_sample_4_pred_969.cif,awaiting_extract,"MassiveFold model pool index only. It parses organizer-provided external model tarball listings and stages balanced extraction/rerank candidates. These models remain external rerank and accuracy-estimation inputs, not internal predictions, not CASP submissions, and not competitive-proof evidence."
7,H2319,H2319_T333,3593,H2319_all_pdbs/Model_7704_af3_woUnpaired_af3_seed_578562_sample_1_pred_886.cif,Model_7704_af3_woUnpaired_af3_seed_578562_sample_1_pred_886.cif,7704,AF3,af3_woUnpaired,578562,1,886,woUnpaired,,False,casp17/massivefold_external_pool_intake/h2319_t333/extracted_models/H2319_all_pdbs/Model_7704_af3_woUnpaired_af3_seed_578562_sample_1_pred_886.cif,awaiting_extract,"MassiveFold model pool index only. It parses organizer-provided external model tarball listings and stages balanced extraction/rerank candidates. These models remain external rerank and accuracy-estimation inputs, not internal predictions, not CASP submissions, and not competitive-proof evidence."
7,H2319,H2319_T333,3600,H2319_all_pdbs/Model_6934_af3_woUnpaired_af3_seed_466161_sample_0_pred_120.cif,Model_6934_af3_woUnpaired_af3_seed_466161_sample_0_pred_120.cif,6934,AF3,af3_woUnpaired,466161,0,120,woUnpaired,,False,casp17/massivefold_external_pool_intake/h2319_t333/extracted_models/H2319_all_pdbs/Model_6934_af3_woUnpaired_af3_seed_466161_sample_0_pred_120.cif,awaiting_extract,"MassiveFold model pool index only. It parses organizer-provided external model tarball listings and stages balanced extraction/rerank candidates. These models remain external rerank and accuracy-estimation inputs, not internal predictions, not CASP submissions, and not competitive-proof evidence."
7,H2319,H2319_T333,3611,H2319_all_pdbs/Model_10974_af3_woUnpaired_af3_seed_646829_sample_4_pred_189.cif,Model_10974_af3_woUnpaired_af3_seed_646829_sample_4_pred_189.cif,10974,AF3,af3_woUnpaired,646829,4,189,woUnpaired,,False,casp17/massivefold_external_pool_intake/h2319_t333/extracted_models/H2319_all_pdbs/Model_10974_af3_woUnpaired_af3_seed_646829_sample_4_pred_189.cif,awaiting_extract,"MassiveFold model pool index only. It parses organizer-provided external model tarball listings and stages balanced extraction/rerank candidates. These models remain external rerank and accuracy-estimation inputs, not internal predictions, not CASP submissions, and not competitive-proof evidence."
7,H2319,H2319_T333,3614,H2319_all_pdbs/Model_8675_af3_woUnpaired_af3_seed_714111_sample_0_pred_510.cif,Model_8675_af3_woUnpaired_af3_seed_714111_sample_0_pred_510.cif,8675,AF3,af3_woUnpaired,714111,0,510,woUnpaired,,False,casp17/massivefold_external_pool_intake/h2319_t333/extracted_models/H2319_all_pdbs/Model_8675_af3_woUnpaired_af3_seed_714111_sample_0_pred_510.cif,awaiting_extract,"MassiveFold model pool index only. It parses organizer-provided external model tarball listings and stages balanced extraction/rerank candidates. These models remain external rerank and accuracy-estimation inputs, not internal predictions, not CASP submissions, and not competitive-proof evidence."
7,H2319,H2319_T333,3621,H2319_all_pdbs/Model_7721_af3_woUnpaired_af3_seed_334590_sample_4_pred_654.cif,Model_7721_af3_woUnpaired_af3_seed_334590_sample_4_pred_654.cif,7721,AF3,af3_woUnpaired,334590,4,654,woUnpaired,,False,casp17/massivefold_external_pool_intake/h2319_t333/extracted_models/H2319_all_pdbs/Model_7721_af3_woUnpaired_af3_seed_334590_sample_4_pred_654.cif,awaiting_extract,"MassiveFold model pool index only. It parses organizer-provided external model tarball listings and stages balanced extraction/rerank candidates. These models remain external rerank and accuracy-estimation inputs, not internal predictions, not CASP submissions, and not competitive-proof evidence."
7,H2319,H2319_T333,3644,H2319_all_pdbs/Model_10911_af3_woUnpaired_af3_seed_42985_sample_1_pred_346.cif,Model_10911_af3_woUnpaired_af3_seed_42985_sample_1_pred_346.cif,10911,AF3,af3_woUnpaired,42985,1,346,woUnpaired,,False,casp17/massivefold_external_pool_intake/h2319_t333/extracted_models/H2319_all_pdbs/Model_10911_af3_woUnpaired_af3_seed_42985_sample_1_pred_346.cif,awaiting_extract,"MassiveFold model pool index only. It parses organizer-provided external model tarball listings and stages balanced extraction/rerank candidates. These models remain external rerank and accuracy-estimation inputs, not internal predictions, not CASP submissions, and not competitive-proof evidence."
7,H2319,H2319_T333,3673,H2319_all_pdbs/Model_12037_af3_woUnpaired_af3_seed_466151_sample_3_pred_73.cif,Model_12037_af3_woUnpaired_af3_seed_466151_sample_3_pred_73.cif,12037,AF3,af3_woUnpaired,466151,3,73,woUnpaired,,False,casp17/massivefold_external_pool_intake/h2319_t333/extracted_models/H2319_all_pdbs/Model_12037_af3_woUnpaired_af3_seed_466151_sample_3_pred_73.cif,awaiting_extract,"MassiveFold model pool index only. It parses organizer-provided external model tarball listings and stages balanced extraction/rerank candidates. These models remain external rerank and accuracy-estimation inputs, not internal predictions, not CASP submissions, and not competitive-proof evidence."
7,H2319,H2319_T333,3680,H2319_all_pdbs/Model_7749_af3_woUnpaired_af3_seed_466155_sample_1_pred_91.cif,Model_7749_af3_woUnpaired_af3_seed_466155_sample_1_pred_91.cif,7749,AF3,af3_woUnpaired,466155,1,91,woUnpaired,,False,casp17/massivefold_external_pool_intake/h2319_t333/extracted_models/H2319_all_pdbs/Model_7749_af3_woUnpaired_af3_seed_466155_sample_1_pred_91.cif,awaiting_extract,"MassiveFold model pool index only. It parses organizer-provided external model tarball listings and stages balanced extraction/rerank candidates. These models remain external rerank and accuracy-estimation inputs, not internal predictions, not CASP submissions, and not competitive-proof evidence."
7,H2319,H2319_T333,3688,H2319_all_pdbs/Model_8785_af3_woUnpaired_af3_seed_578571_sample_2_pred_932.cif,Model_8785_af3_woUnpaired_af3_seed_578571_sample_2_pred_932.cif,8785,AF3,af3_woUnpaired,578571,2,932,woUnpaired,,False,casp17/massivefold_external_pool_intake/h2319_t333/extracted_models/H2319_all_pdbs/Model_8785_af3_woUnpaired_af3_seed_578571_sample_2_pred_932.cif,awaiting_extract,"MassiveFold model pool index only. It parses organizer-provided external model tarball listings and stages balanced extraction/rerank candidates. These models remain external rerank and accuracy-estimation inputs, not internal predictions, not CASP submissions, and not competitive-proof evidence."
7,H2319,H2319_T333,3699,H2319_all_pdbs/Model_6375_af3_woUnpaired_af3_seed_578566_sample_3_pred_908.cif,Model_6375_af3_woUnpaired_af3_seed_578566_sample_3_pred_908.cif,6375,AF3,af3_woUnpaired,578566,3,908,woUnpaired,,False,casp17/massivefold_external_pool_intake/h2319_t333/extracted_models/H2319_all_pdbs/Model_6375_af3_woUnpaired_af3_seed_578566_sample_3_pred_908.cif,awaiting_extract,"MassiveFold model pool index only. It parses organizer-provided external model tarball listings and stages balanced extraction/rerank candidates. These models remain external rerank and accuracy-estimation inputs, not internal predictions, not CASP submissions, and not competitive-proof evidence."
7,H2319,H2319_T333,3701,H2319_all_pdbs/Model_7002_af3_woUnpaired_af3_seed_714113_sample_1_pred_521.cif,Model_7002_af3_woUnpaired_af3_seed_714113_sample_1_pred_521.cif,7002,AF3,af3_woUnpaired,714113,1,521,woUnpaired,,False,casp17/massivefold_external_pool_intake/h2319_t333/extracted_models/H2319_all_pdbs/Model_7002_af3_woUnpaired_af3_seed_714113_sample_1_pred_521.cif,awaiting_extract,"MassiveFold model pool index only. It parses organizer-provided external model tarball listings and stages balanced extraction/rerank candidates. These models remain external rerank and accuracy-estimation inputs, not internal predictions, not CASP submissions, and not competitive-proof evidence."
7,H2319,H2319_T333,3736,H2319_all_pdbs/Model_8884_af3_woUnpaired_af3_seed_578575_sample_4_pred_954.cif,Model_8884_af3_woUnpaired_af3_seed_578575_sample_4_pred_954.cif,8884,AF3,af3_woUnpaired,578575,4,954,woUnpaired,,False,casp17/massivefold_external_pool_intake/h2319_t333/extracted_models/H2319_all_pdbs/Model_8884_af3_woUnpaired_af3_seed_578575_sample_4_pred_954.cif,awaiting_extract,"MassiveFold model pool index only. It parses organizer-provided external model tarball listings and stages balanced extraction/rerank candidates. These models remain external rerank and accuracy-estimation inputs, not internal predictions, not CASP submissions, and not competitive-proof evidence."
7,H2319,H2319_T333,3787,H2319_all_pdbs/Model_7710_af3_woUnpaired_af3_seed_578565_sample_4_pred_904.cif,Model_7710_af3_woUnpaired_af3_seed_578565_sample_4_pred_904.cif,7710,AF3,af3_woUnpaired,578565,4,904,woUnpaired,,False,casp17/massivefold_external_pool_intake/h2319_t333/extracted_models/H2319_all_pdbs/Model_7710_af3_woUnpaired_af3_seed_578565_sample_4_pred_904.cif,awaiting_extract,"MassiveFold model pool index only. It parses organizer-provided external model tarball listings and stages balanced extraction/rerank candidates. These models remain external rerank and accuracy-estimation inputs, not internal predictions, not CASP submissions, and not competitive-proof evidence."
7,H2319,H2319_T333,3793,H2319_all_pdbs/Model_10971_af3_woUnpaired_af3_seed_42983_sample_4_pred_339.cif,Model_10971_af3_woUnpaired_af3_seed_42983_sample_4_pred_339.cif,10971,AF3,af3_woUnpaired,42983,4,339,woUnpaired,,False,casp17/massivefold_external_pool_intake/h2319_t333/extracted_models/H2319_all_pdbs/Model_10971_af3_woUnpaired_af3_seed_42983_sample_4_pred_339.cif,awaiting_extract,"MassiveFold model pool index only. It parses organizer-provided external model tarball listings and stages balanced extraction/rerank candidates. These models remain external rerank and accuracy-estimation inputs, not internal predictions, not CASP submissions, and not competitive-proof evidence."
7,H2319,H2319_T333,3802,H2319_all_pdbs/Model_7078_af3_woUnpaired_af3_seed_646831_sample_1_pred_196.cif,Model_7078_af3_woUnpaired_af3_seed_646831_sample_1_pred_196.cif,7078,AF3,af3_woUnpaired,646831,1,196,woUnpaired,,False,casp17/massivefold_external_pool_intake/h2319_t333/extracted_models/H2319_all_pdbs/Model_7078_af3_woUnpaired_af3_seed_646831_sample_1_pred_196.cif,awaiting_extract,"MassiveFold model pool index only. It parses organizer-provided external model tarball listings and stages balanced extraction/rerank candidates. These models remain external rerank and accuracy-estimation inputs, not internal predictions, not CASP submissions, and not competitive-proof evidence."
7,H2319,H2319_T333,3820,H2319_all_pdbs/Model_8632_af3_woUnpaired_af3_seed_578581_sample_0_pred_980.cif,Model_8632_af3_woUnpaired_af3_seed_578581_sample_0_pred_980.cif,8632,AF3,af3_woUnpaired,578581,0,980,woUnpaired,,False,casp17/massivefold_external_pool_intake/h2319_t333/extracted_models/H2319_all_pdbs/Model_8632_af3_woUnpaired_af3_seed_578581_sample_0_pred_980.cif,awaiting_extract,"MassiveFold model pool index only. It parses organizer-provided external model tarball listings and stages balanced extraction/rerank candidates. These models remain external rerank and accuracy-estimation inputs, not internal predictions, not CASP submissions, and not competitive-proof evidence."
7,H2319,H2319_T333,3842,H2319_all_pdbs/Model_7770_af3_woUnpaired_af3_seed_42982_sample_0_pred_330.cif,Model_7770_af3_woUnpaired_af3_seed_42982_sample_0_pred_330.cif,7770,AF3,af3_woUnpaired,42982,0,330,woUnpaired,,False,casp17/massivefold_external_pool_intake/h2319_t333/extracted_models/H2319_all_pdbs/Model_7770_af3_woUnpaired_af3_seed_42982_sample_0_pred_330.cif,awaiting_extract,"MassiveFold model pool index only. It parses organizer-provided external model tarball listings and stages balanced extraction/rerank candidates. These models remain external rerank and accuracy-estimation inputs, not internal predictions, not CASP submissions, and not competitive-proof evidence."
7,H2319,H2319_T333,3844,H2319_all_pdbs/Model_8635_af3_woUnpaired_af3_seed_334599_sample_3_pred_698.cif,Model_8635_af3_woUnpaired_af3_seed_334599_sample_3_pred_698.cif,8635,AF3,af3_woUnpaired,334599,3,698,woUnpaired,,False,casp17/massivefold_external_pool_intake/h2319_t333/extracted_models/H2319_all_pdbs/Model_8635_af3_woUnpaired_af3_seed_334599_sample_3_pred_698.cif,awaiting_extract,"MassiveFold model pool index only. It parses organizer-provided external model tarball listings and stages balanced extraction/rerank candidates. These models remain external rerank and accuracy-estimation inputs, not internal predictions, not CASP submissions, and not competitive-proof evidence."
7,H2319,H2319_T333,3868,H2319_all_pdbs/Model_6902_af3_woUnpaired_af3_seed_57433_sample_3_pred_768.cif,Model_6902_af3_woUnpaired_af3_seed_57433_sample_3_pred_768.cif,6902,AF3,af3_woUnpaired,57433,3,768,woUnpaired,,False,casp17/massivefold_external_pool_intake/h2319_t333/extracted_models/H2319_all_pdbs/Model_6902_af3_woUnpaired_af3_seed_57433_sample_3_pred_768.cif,awaiting_extract,"MassiveFold model pool index only. It parses organizer-provided external model tarball listings and stages balanced extraction/rerank candidates. These models remain external rerank and accuracy-estimation inputs, not internal predictions, not CASP submissions, and not competitive-proof evidence."
7,H2319,H2319_T333,3869,H2319_all_pdbs/Model_6893_af3_woUnpaired_af3_seed_787937_sample_0_pred_445.cif,Model_6893_af3_woUnpaired_af3_seed_787937_sample_0_pred_445.cif,6893,AF3,af3_woUnpaired,787937,0,445,woUnpaired,,False,casp17/massivefold_external_pool_intake/h2319_t333/extracted_models/H2319_all_pdbs/Model_6893_af3_woUnpaired_af3_seed_787937_sample_0_pred_445.cif,awaiting_extract,"MassiveFold model pool index only. It parses organizer-provided external model tarball listings and stages balanced extraction/rerank candidates. These models remain external rerank and accuracy-estimation inputs, not internal predictions, not CASP submissions, and not competitive-proof evidence."
7,H2319,H2319_T333,3872,H2319_all_pdbs/Model_8637_af3_woUnpaired_af3_seed_466148_sample_3_pred_58.cif,Model_8637_af3_woUnpaired_af3_seed_466148_sample_3_pred_58.cif,8637,AF3,af3_woUnpaired,466148,3,58,woUnpaired,,False,casp17/massivefold_external_pool_intake/h2319_t333/extracted_models/H2319_all_pdbs/Model_8637_af3_woUnpaired_af3_seed_466148_sample_3_pred_58.cif,awaiting_extract,"MassiveFold model pool index only. It parses organizer-provided external model tarball listings and stages balanced extraction/rerank candidates. These models remain external rerank and accuracy-estimation inputs, not internal predictions, not CASP submissions, and not competitive-proof evidence."
7,H2319,H2319_T333,3874,H2319_all_pdbs/Model_6907_af3_woUnpaired_af3_seed_714130_sample_3_pred_608.cif,Model_6907_af3_woUnpaired_af3_seed_714130_sample_3_pred_608.cif,6907,AF3,af3_woUnpaired,714130,3,608,woUnpaired,,False,casp17/massivefold_external_pool_intake/h2319_t333/extracted_models/H2319_all_pdbs/Model_6907_af3_woUnpaired_af3_seed_714130_sample_3_pred_608.cif,awaiting_extract,"MassiveFold model pool index only. It parses organizer-provided external model tarball listings and stages balanced extraction/rerank candidates. These models remain external rerank and accuracy-estimation inputs, not internal predictions, not CASP submissions, and not competitive-proof evidence."
7,H2319,H2319_T333,3886,H2319_all_pdbs/Model_6958_af3_woUnpaired_af3_seed_42972_sample_2_pred_282.cif,Model_6958_af3_woUnpaired_af3_seed_42972_sample_2_pred_282.cif,6958,AF3,af3_woUnpaired,42972,2,282,woUnpaired,,False,casp17/massivefold_external_pool_intake/h2319_t333/extracted_models/H2319_all_pdbs/Model_6958_af3_woUnpaired_af3_seed_42972_sample_2_pred_282.cif,awaiting_extract,"MassiveFold model pool index only. It parses organizer-provided external model tarball listings and stages balanced extraction/rerank candidates. These models remain external rerank and accuracy-estimation inputs, not internal predictions, not CASP submissions, and not competitive-proof evidence."
7,H2319,H2319_T333,3894,H2319_all_pdbs/Model_7009_af3_woUnpaired_af3_seed_42985_sample_4_pred_349.cif,Model_7009_af3_woUnpaired_af3_seed_42985_sample_4_pred_349.cif,7009,AF3,af3_woUnpaired,42985,4,349,woUnpaired,,False,casp17/massivefold_external_pool_intake/h2319_t333/extracted_models/H2319_all_pdbs/Model_7009_af3_woUnpaired_af3_seed_42985_sample_4_pred_349.cif,awaiting_extract,"MassiveFold model pool index only. It parses organizer-provided external model tarball listings and stages balanced extraction/rerank candidates. These models remain external rerank and accuracy-estimation inputs, not internal predictions, not CASP submissions, and not competitive-proof evidence."
7,H2319,H2319_T333,3920,H2319_all_pdbs/Model_10924_af3_woUnpaired_af3_seed_466145_sample_3_pred_43.cif,Model_10924_af3_woUnpaired_af3_seed_466145_sample_3_pred_43.cif,10924,AF3,af3_woUnpaired,466145,3,43,woUnpaired,,False,casp17/massivefold_external_pool_intake/h2319_t333/extracted_models/H2319_all_pdbs/Model_10924_af3_woUnpaired_af3_seed_466145_sample_3_pred_43.cif,awaiting_extract,"MassiveFold model pool index only. It parses organizer-provided external model tarball listings and stages balanced extraction/rerank candidates. These models remain external rerank and accuracy-estimation inputs, not internal predictions, not CASP submissions, and not competitive-proof evidence."
7,H2319,H2319_T333,3923,H2319_all_pdbs/Model_10943_af3_woUnpaired_af3_seed_787926_sample_1_pred_391.cif,Model_10943_af3_woUnpaired_af3_seed_787926_sample_1_pred_391.cif,10943,AF3,af3_woUnpaired,787926,1,391,woUnpaired,,False,casp17/massivefold_external_pool_intake/h2319_t333/extracted_models/H2319_all_pdbs/Model_10943_af3_woUnpaired_af3_seed_787926_sample_1_pred_391.cif,awaiting_extract,"MassiveFold model pool index only. It parses organizer-provided external model tarball listings and stages balanced extraction/rerank candidates. These models remain external rerank and accuracy-estimation inputs, not internal predictions, not CASP submissions, and not competitive-proof evidence."
7,H2319,H2319_T333,3952,H2319_all_pdbs/Model_6995_af3_woUnpaired_af3_seed_466149_sample_3_pred_63.cif,Model_6995_af3_woUnpaired_af3_seed_466149_sample_3_pred_63.cif,6995,AF3,af3_woUnpaired,466149,3,63,woUnpaired,,False,casp17/massivefold_external_pool_intake/h2319_t333/extracted_models/H2319_all_pdbs/Model_6995_af3_woUnpaired_af3_seed_466149_sample_3_pred_63.cif,awaiting_extract,"MassiveFold model pool index only. It parses organizer-provided external model tarball listings and stages balanced extraction/rerank candidates. These models remain external rerank and accuracy-estimation inputs, not internal predictions, not CASP submissions, and not competitive-proof evidence."
7,H2319,H2319_T333,3965,H2319_all_pdbs/Model_7720_af3_woUnpaired_af3_seed_42971_sample_0_pred_275.cif,Model_7720_af3_woUnpaired_af3_seed_42971_sample_0_pred_275.cif,7720,AF3,af3_woUnpaired,42971,0,275,woUnpaired,,False,casp17/massivefold_external_pool_intake/h2319_t333/extracted_models/H2319_all_pdbs/Model_7720_af3_woUnpaired_af3_seed_42971_sample_0_pred_275.cif,awaiting_extract,"MassiveFold model pool index only. It parses organizer-provided external model tarball listings and stages balanced extraction/rerank candidates. These models remain external rerank and accuracy-estimation inputs, not internal predictions, not CASP submissions, and not competitive-proof evidence."
7,H2319,H2319_T333,3972,H2319_all_pdbs/Model_8680_af3_woUnpaired_af3_seed_57448_sample_0_pred_840.cif,Model_8680_af3_woUnpaired_af3_seed_57448_sample_0_pred_840.cif,8680,AF3,af3_woUnpaired,57448,0,840,woUnpaired,,False,casp17/massivefold_external_pool_intake/h2319_t333/extracted_models/H2319_all_pdbs/Model_8680_af3_woUnpaired_af3_seed_57448_sample_0_pred_840.cif,awaiting_extract,"MassiveFold model pool index only. It parses organizer-provided external model tarball listings and stages balanced extraction/rerank candidates. These models remain external rerank and accuracy-estimation inputs, not internal predictions, not CASP submissions, and not competitive-proof evidence."
7,H2319,H2319_T333,3997,H2319_all_pdbs/Model_7802_af3_woUnpaired_af3_seed_334594_sample_1_pred_671.cif,Model_7802_af3_woUnpaired_af3_seed_334594_sample_1_pred_671.cif,7802,AF3,af3_woUnpaired,334594,1,671,woUnpaired,,False,casp17/massivefold_external_pool_intake/h2319_t333/extracted_models/H2319_all_pdbs/Model_7802_af3_woUnpaired_af3_seed_334594_sample_1_pred_671.cif,awaiting_extract,"MassiveFold model pool index only. It parses organizer-provided external model tarball listings and stages balanced extraction/rerank candidates. These models remain external rerank and accuracy-estimation inputs, not internal predictions, not CASP submissions, and not competitive-proof evidence."
7,H2319,H2319_T333,4011,H2319_all_pdbs/Model_8636_af3_woUnpaired_af3_seed_787943_sample_4_pred_479.cif,Model_8636_af3_woUnpaired_af3_seed_787943_sample_4_pred_479.cif,8636,AF3,af3_woUnpaired,787943,4,479,woUnpaired,,False,casp17/massivefold_external_pool_intake/h2319_t333/extracted_models/H2319_all_pdbs/Model_8636_af3_woUnpaired_af3_seed_787943_sample_4_pred_479.cif,awaiting_extract,"MassiveFold model pool index only. It parses organizer-provided external model tarball listings and stages balanced extraction/rerank candidates. These models remain external rerank and accuracy-estimation inputs, not internal predictions, not CASP submissions, and not competitive-proof evidence."
7,H2319,H2319_T333,4015,H2319_all_pdbs/Model_11011_af3_woUnpaired_af3_seed_334607_sample_0_pred_735.cif,Model_11011_af3_woUnpaired_af3_seed_334607_sample_0_pred_735.cif,11011,AF3,af3_woUnpaired,334607,0,735,woUnpaired,,False,casp17/massivefold_external_pool_intake/h2319_t333/extracted_models/H2319_all_pdbs/Model_11011_af3_woUnpaired_af3_seed_334607_sample_0_pred_735.cif,awaiting_extract,"MassiveFold model pool index only. It parses organizer-provided external model tarball listings and stages balanced extraction/rerank candidates. These models remain external rerank and accuracy-estimation inputs, not internal predictions, not CASP submissions, and not competitive-proof evidence."
7,H2319,H2319_T333,4041,H2319_all_pdbs/Model_8747_af3_woUnpaired_af3_seed_787941_sample_0_pred_465.cif,Model_8747_af3_woUnpaired_af3_seed_787941_sample_0_pred_465.cif,8747,AF3,af3_woUnpaired,787941,0,465,woUnpaired,,False,casp17/massivefold_external_pool_intake/h2319_t333/extracted_models/H2319_all_pdbs/Model_8747_af3_woUnpaired_af3_seed_787941_sample_0_pred_465.cif,awaiting_extract,"MassiveFold model pool index only. It parses organizer-provided external model tarball listings and stages balanced extraction/rerank candidates. These models remain external rerank and accuracy-estimation inputs, not internal predictions, not CASP submissions, and not competitive-proof evidence."
7,H2319,H2319_T333,4052,H2319_all_pdbs/Model_6369_af3_woUnpaired_af3_seed_631610_sample_3_pred_1003.cif,Model_6369_af3_woUnpaired_af3_seed_631610_sample_3_pred_1003.cif,6369,AF3,af3_woUnpaired,631610,3,1003,woUnpaired,,False,casp17/massivefold_external_pool_intake/h2319_t333/extracted_models/H2319_all_pdbs/Model_6369_af3_woUnpaired_af3_seed_631610_sample_3_pred_1003.cif,awaiting_extract,"MassiveFold model pool index only. It parses organizer-provided external model tarball listings and stages balanced extraction/rerank candidates. These models remain external rerank and accuracy-estimation inputs, not internal predictions, not CASP submissions, and not competitive-proof evidence."
7,H2319,H2319_T333,4065,H2319_all_pdbs/Model_7080_af3_woUnpaired_af3_seed_466152_sample_1_pred_76.cif,Model_7080_af3_woUnpaired_af3_seed_466152_sample_1_pred_76.cif,7080,AF3,af3_woUnpaired,466152,1,76,woUnpaired,,False,casp17/massivefold_external_pool_intake/h2319_t333/extracted_models/H2319_all_pdbs/Model_7080_af3_woUnpaired_af3_seed_466152_sample_1_pred_76.cif,awaiting_extract,"MassiveFold model pool index only. It parses organizer-provided external model tarball listings and stages balanced extraction/rerank candidates. These models remain external rerank and accuracy-estimation inputs, not internal predictions, not CASP submissions, and not competitive-proof evidence."
7,H2319,H2319_T333,4089,H2319_all_pdbs/Model_7088_af3_woUnpaired_af3_seed_646834_sample_1_pred_211.cif,Model_7088_af3_woUnpaired_af3_seed_646834_sample_1_pred_211.cif,7088,AF3,af3_woUnpaired,646834,1,211,woUnpaired,,False,casp17/massivefold_external_pool_intake/h2319_t333/extracted_models/H2319_all_pdbs/Model_7088_af3_woUnpaired_af3_seed_646834_sample_1_pred_211.cif,awaiting_extract,"MassiveFold model pool index only. It parses organizer-provided external model tarball listings and stages balanced extraction/rerank candidates. These models remain external rerank and accuracy-estimation inputs, not internal predictions, not CASP submissions, and not competitive-proof evidence."
7,H2319,H2319_T333,4100,H2319_all_pdbs/Model_8820_af3_woUnpaired_af3_seed_334597_sample_3_pred_688.cif,Model_8820_af3_woUnpaired_af3_seed_334597_sample_3_pred_688.cif,8820,AF3,af3_woUnpaired,334597,3,688,woUnpaired,,False,casp17/massivefold_external_pool_intake/h2319_t333/extracted_models/H2319_all_pdbs/Model_8820_af3_woUnpaired_af3_seed_334597_sample_3_pred_688.cif,awaiting_extract,"MassiveFold model pool index only. It parses organizer-provided external model tarball listings and stages balanced extraction/rerank candidates. These models remain external rerank and accuracy-estimation inputs, not internal predictions, not CASP submissions, and not competitive-proof evidence."
7,H2319,H2319_T333,4105,H2319_all_pdbs/Model_8625_af3_woUnpaired_af3_seed_787942_sample_4_pred_474.cif,Model_8625_af3_woUnpaired_af3_seed_787942_sample_4_pred_474.cif,8625,AF3,af3_woUnpaired,787942,4,474,woUnpaired,,False,casp17/massivefold_external_pool_intake/h2319_t333/extracted_models/H2319_all_pdbs/Model_8625_af3_woUnpaired_af3_seed_787942_sample_4_pred_474.cif,awaiting_extract,"MassiveFold model pool index only. It parses organizer-provided external model tarball listings and stages balanced extraction/rerank candidates. These models remain external rerank and accuracy-estimation inputs, not internal predictions, not CASP submissions, and not competitive-proof evidence."
7,H2319,H2319_T333,4126,H2319_all_pdbs/Model_6142_af3_woUnpaired_af3_seed_787927_sample_3_pred_398.cif,Model_6142_af3_woUnpaired_af3_seed_787927_sample_3_pred_398.cif,6142,AF3,af3_woUnpaired,787927,3,398,woUnpaired,,False,casp17/massivefold_external_pool_intake/h2319_t333/extracted_models/H2319_all_pdbs/Model_6142_af3_woUnpaired_af3_seed_787927_sample_3_pred_398.cif,awaiting_extract,"MassiveFold model pool index only. It parses organizer-provided external model tarball listings and stages balanced extraction/rerank candidates. These models remain external rerank and accuracy-estimation inputs, not internal predictions, not CASP submissions, and not competitive-proof evidence."
7,H2319,H2319_T333,4129,H2319_all_pdbs/Model_8786_af3_woUnpaired_af3_seed_57442_sample_3_pred_813.cif,Model_8786_af3_woUnpaired_af3_seed_57442_sample_3_pred_813.cif,8786,AF3,af3_woUnpaired,57442,3,813,woUnpaired,,False,casp17/massivefold_external_pool_intake/h2319_t333/extracted_models/H2319_all_pdbs/Model_8786_af3_woUnpaired_af3_seed_57442_sample_3_pred_813.cif,awaiting_extract,"MassiveFold model pool index only. It parses organizer-provided external model tarball listings and stages balanced extraction/rerank candidates. These models remain external rerank and accuracy-estimation inputs, not internal predictions, not CASP submissions, and not competitive-proof evidence."
7,H2319,H2319_T333,4137,H2319_all_pdbs/Model_7095_af3_woUnpaired_af3_seed_787932_sample_3_pred_423.cif,Model_7095_af3_woUnpaired_af3_seed_787932_sample_3_pred_423.cif,7095,AF3,af3_woUnpaired,787932,3,423,woUnpaired,,False,casp17/massivefold_external_pool_intake/h2319_t333/extracted_models/H2319_all_pdbs/Model_7095_af3_woUnpaired_af3_seed_787932_sample_3_pred_423.cif,awaiting_extract,"MassiveFold model pool index only. It parses organizer-provided external model tarball listings and stages balanced extraction/rerank candidates. These models remain external rerank and accuracy-estimation inputs, not internal predictions, not CASP submissions, and not competitive-proof evidence."
7,H2319,H2319_T333,4140,H2319_all_pdbs/Model_8738_af3_woUnpaired_af3_seed_42981_sample_0_pred_325.cif,Model_8738_af3_woUnpaired_af3_seed_42981_sample_0_pred_325.cif,8738,AF3,af3_woUnpaired,42981,0,325,woUnpaired,,False,casp17/massivefold_external_pool_intake/h2319_t333/extracted_models/H2319_all_pdbs/Model_8738_af3_woUnpaired_af3_seed_42981_sample_0_pred_325.cif,awaiting_extract,"MassiveFold model pool index only. It parses organizer-provided external model tarball listings and stages balanced extraction/rerank candidates. These models remain external rerank and accuracy-estimation inputs, not internal predictions, not CASP submissions, and not competitive-proof evidence."
7,H2319,H2319_T333,4143,H2319_all_pdbs/Model_10243_af3_woUnpaired_af3_seed_646836_sample_0_pred_220.cif,Model_10243_af3_woUnpaired_af3_seed_646836_sample_0_pred_220.cif,10243,AF3,af3_woUnpaired,646836,0,220,woUnpaired,,False,casp17/massivefold_external_pool_intake/h2319_t333/extracted_models/H2319_all_pdbs/Model_10243_af3_woUnpaired_af3_seed_646836_sample_0_pred_220.cif,awaiting_extract,"MassiveFold model pool index only. It parses organizer-provided external model tarball listings and stages balanced extraction/rerank candidates. These models remain external rerank and accuracy-estimation inputs, not internal predictions, not CASP submissions, and not competitive-proof evidence."
7,H2319,H2319_T333,4149,H2319_all_pdbs/Model_8720_af3_woUnpaired_af3_seed_787926_sample_4_pred_394.cif,Model_8720_af3_woUnpaired_af3_seed_787926_sample_4_pred_394.cif,8720,AF3,af3_woUnpaired,787926,4,394,woUnpaired,,False,casp17/massivefold_external_pool_intake/h2319_t333/extracted_models/H2319_all_pdbs/Model_8720_af3_woUnpaired_af3_seed_787926_sample_4_pred_394.cif,awaiting_extract,"MassiveFold model pool index only. It parses organizer-provided external model tarball listings and stages balanced extraction/rerank candidates. These models remain external rerank and accuracy-estimation inputs, not internal predictions, not CASP submissions, and not competitive-proof evidence."
7,H2319,H2319_T333,4153,H2319_all_pdbs/Model_8717_af3_woUnpaired_af3_seed_787933_sample_4_pred_429.cif,Model_8717_af3_woUnpaired_af3_seed_787933_sample_4_pred_429.cif,8717,AF3,af3_woUnpaired,787933,4,429,woUnpaired,,False,casp17/massivefold_external_pool_intake/h2319_t333/extracted_models/H2319_all_pdbs/Model_8717_af3_woUnpaired_af3_seed_787933_sample_4_pred_429.cif,awaiting_extract,"MassiveFold model pool index only. It parses organizer-provided external model tarball listings and stages balanced extraction/rerank candidates. These models remain external rerank and accuracy-estimation inputs, not internal predictions, not CASP submissions, and not competitive-proof evidence."
7,H2319,H2319_T333,4173,H2319_all_pdbs/Model_7726_af3_woUnpaired_af3_seed_787945_sample_1_pred_486.cif,Model_7726_af3_woUnpaired_af3_seed_787945_sample_1_pred_486.cif,7726,AF3,af3_woUnpaired,787945,1,486,woUnpaired,,False,casp17/massivefold_external_pool_intake/h2319_t333/extracted_models/H2319_all_pdbs/Model_7726_af3_woUnpaired_af3_seed_787945_sample_1_pred_486.cif,awaiting_extract,"MassiveFold model pool index only. It parses organizer-provided external model tarball listings and stages balanced extraction/rerank candidates. These models remain external rerank and accuracy-estimation inputs, not internal predictions, not CASP submissions, and not competitive-proof evidence."
7,H2319,H2319_T333,4181,H2319_all_pdbs/Model_8660_af3_woUnpaired_af3_seed_646822_sample_3_pred_153.cif,Model_8660_af3_woUnpaired_af3_seed_646822_sample_3_pred_153.cif,8660,AF3,af3_woUnpaired,646822,3,153,woUnpaired,,False,casp17/massivefold_external_pool_intake/h2319_t333/extracted_models/H2319_all_pdbs/Model_8660_af3_woUnpaired_af3_seed_646822_sample_3_pred_153.cif,awaiting_extract,"MassiveFold model pool index only. It parses organizer-provided external model tarball listings and stages balanced extraction/rerank candidates. These models remain external rerank and accuracy-estimation inputs, not internal predictions, not CASP submissions, and not competitive-proof evidence."
7,H2319,H2319_T333,4183,H2319_all_pdbs/Model_10929_af3_woUnpaired_af3_seed_466160_sample_1_pred_116.cif,Model_10929_af3_woUnpaired_af3_seed_466160_sample_1_pred_116.cif,10929,AF3,af3_woUnpaired,466160,1,116,woUnpaired,,False,casp17/massivefold_external_pool_intake/h2319_t333/extracted_models/H2319_all_pdbs/Model_10929_af3_woUnpaired_af3_seed_466160_sample_1_pred_116.cif,awaiting_extract,"MassiveFold model pool index only. It parses organizer-provided external model tarball listings and stages balanced extraction/rerank candidates. These models remain external rerank and accuracy-estimation inputs, not internal predictions, not CASP submissions, and not competitive-proof evidence."
7,H2319,H2319_T333,4190,H2319_all_pdbs/Model_8749_af3_woUnpaired_af3_seed_57433_sample_0_pred_765.cif,Model_8749_af3_woUnpaired_af3_seed_57433_sample_0_pred_765.cif,8749,AF3,af3_woUnpaired,57433,0,765,woUnpaired,,False,casp17/massivefold_external_pool_intake/h2319_t333/extracted_models/H2319_all_pdbs/Model_8749_af3_woUnpaired_af3_seed_57433_sample_0_pred_765.cif,awaiting_extract,"MassiveFold model pool index only. It parses organizer-provided external model tarball listings and stages balanced extraction/rerank candidates. These models remain external rerank and accuracy-estimation inputs, not internal predictions, not CASP submissions, and not competitive-proof evidence."
7,H2319,H2319_T333,4211,H2319_all_pdbs/Model_8869_af3_woUnpaired_af3_seed_42974_sample_3_pred_293.cif,Model_8869_af3_woUnpaired_af3_seed_42974_sample_3_pred_293.cif,8869,AF3,af3_woUnpaired,42974,3,293,woUnpaired,,False,casp17/massivefold_external_pool_intake/h2319_t333/extracted_models/H2319_all_pdbs/Model_8869_af3_woUnpaired_af3_seed_42974_sample_3_pred_293.cif,awaiting_extract,"MassiveFold model pool index only. It parses organizer-provided external model tarball listings and stages balanced extraction/rerank candidates. These models remain external rerank and accuracy-estimation inputs, not internal predictions, not CASP submissions, and not competitive-proof evidence."
7,H2319,H2319_T333,4219,H2319_all_pdbs/Model_6398_af3_woUnpaired_af3_seed_42978_sample_1_pred_311.cif,Model_6398_af3_woUnpaired_af3_seed_42978_sample_1_pred_311.cif,6398,AF3,af3_woUnpaired,42978,1,311,woUnpaired,,False,casp17/massivefold_external_pool_intake/h2319_t333/extracted_models/H2319_all_pdbs/Model_6398_af3_woUnpaired_af3_seed_42978_sample_1_pred_311.cif,awaiting_extract,"MassiveFold model pool index only. It parses organizer-provided external model tarball listings and stages balanced extraction/rerank candidates. These models remain external rerank and accuracy-estimation inputs, not internal predictions, not CASP submissions, and not competitive-proof evidence."
7,H2319,H2319_T333,4258,H2319_all_pdbs/Model_7698_af3_woUnpaired_af3_seed_646824_sample_4_pred_164.cif,Model_7698_af3_woUnpaired_af3_seed_646824_sample_4_pred_164.cif,7698,AF3,af3_woUnpaired,646824,4,164,woUnpaired,,False,casp17/massivefold_external_pool_intake/h2319_t333/extracted_models/H2319_all_pdbs/Model_7698_af3_woUnpaired_af3_seed_646824_sample_4_pred_164.cif,awaiting_extract,"MassiveFold model pool index only. It parses organizer-provided external model tarball listings and stages balanced extraction/rerank candidates. These models remain external rerank and accuracy-estimation inputs, not internal predictions, not CASP submissions, and not competitive-proof evidence."
7,H2319,H2319_T333,4264,H2319_all_pdbs/Model_8863_af3_woUnpaired_af3_seed_578568_sample_3_pred_918.cif,Model_8863_af3_woUnpaired_af3_seed_578568_sample_3_pred_918.cif,8863,AF3,af3_woUnpaired,578568,3,918,woUnpaired,,False,casp17/massivefold_external_pool_intake/h2319_t333/extracted_models/H2319_all_pdbs/Model_8863_af3_woUnpaired_af3_seed_578568_sample_3_pred_918.cif,awaiting_extract,"MassiveFold model pool index only. It parses organizer-provided external model tarball listings and stages balanced extraction/rerank candidates. These models remain external rerank and accuracy-estimation inputs, not internal predictions, not CASP submissions, and not competitive-proof evidence."
7,H2319,H2319_T333,4270,H2319_all_pdbs/Model_8742_af3_woUnpaired_af3_seed_578564_sample_4_pred_899.cif,Model_8742_af3_woUnpaired_af3_seed_578564_sample_4_pred_899.cif,8742,AF3,af3_woUnpaired,578564,4,899,woUnpaired,,False,casp17/massivefold_external_pool_intake/h2319_t333/extracted_models/H2319_all_pdbs/Model_8742_af3_woUnpaired_af3_seed_578564_sample_4_pred_899.cif,awaiting_extract,"MassiveFold model pool index only. It parses organizer-provided external model tarball listings and stages balanced extraction/rerank candidates. These models remain external rerank and accuracy-estimation inputs, not internal predictions, not CASP submissions, and not competitive-proof evidence."
7,H2319,H2319_T333,4272,H2319_all_pdbs/Model_8591_af3_woUnpaired_af3_seed_334609_sample_1_pred_746.cif,Model_8591_af3_woUnpaired_af3_seed_334609_sample_1_pred_746.cif,8591,AF3,af3_woUnpaired,334609,1,746,woUnpaired,,False,casp17/massivefold_external_pool_intake/h2319_t333/extracted_models/H2319_all_pdbs/Model_8591_af3_woUnpaired_af3_seed_334609_sample_1_pred_746.cif,awaiting_extract,"MassiveFold model pool index only. It parses organizer-provided external model tarball listings and stages balanced extraction/rerank candidates. These models remain external rerank and accuracy-estimation inputs, not internal predictions, not CASP submissions, and not competitive-proof evidence."
7,H2319,H2319_T333,4291,H2319_all_pdbs/Model_8788_af3_woUnpaired_af3_seed_466158_sample_1_pred_106.cif,Model_8788_af3_woUnpaired_af3_seed_466158_sample_1_pred_106.cif,8788,AF3,af3_woUnpaired,466158,1,106,woUnpaired,,False,casp17/massivefold_external_pool_intake/h2319_t333/extracted_models/H2319_all_pdbs/Model_8788_af3_woUnpaired_af3_seed_466158_sample_1_pred_106.cif,awaiting_extract,"MassiveFold model pool index only. It parses organizer-provided external model tarball listings and stages balanced extraction/rerank candidates. These models remain external rerank and accuracy-estimation inputs, not internal predictions, not CASP submissions, and not competitive-proof evidence."
7,H2319,H2319_T333,4293,H2319_all_pdbs/Model_8679_af3_woUnpaired_af3_seed_646832_sample_0_pred_200.cif,Model_8679_af3_woUnpaired_af3_seed_646832_sample_0_pred_200.cif,8679,AF3,af3_woUnpaired,646832,0,200,woUnpaired,,False,casp17/massivefold_external_pool_intake/h2319_t333/extracted_models/H2319_all_pdbs/Model_8679_af3_woUnpaired_af3_seed_646832_sample_0_pred_200.cif,awaiting_extract,"MassiveFold model pool index only. It parses organizer-provided external model tarball listings and stages balanced extraction/rerank candidates. These models remain external rerank and accuracy-estimation inputs, not internal predictions, not CASP submissions, and not competitive-proof evidence."
7,H2319,H2319_T333,4327,H2319_all_pdbs/Model_8937_af3_woUnpaired_af3_seed_714114_sample_4_pred_529.cif,Model_8937_af3_woUnpaired_af3_seed_714114_sample_4_pred_529.cif,8937,AF3,af3_woUnpaired,714114,4,529,woUnpaired,,False,casp17/massivefold_external_pool_intake/h2319_t333/extracted_models/H2319_all_pdbs/Model_8937_af3_woUnpaired_af3_seed_714114_sample_4_pred_529.cif,awaiting_extract,"MassiveFold model pool index only. It parses organizer-provided external model tarball listings and stages balanced extraction/rerank candidates. These models remain external rerank and accuracy-estimation inputs, not internal predictions, not CASP submissions, and not competitive-proof evidence."
7,H2319,H2319_T333,4362,H2319_all_pdbs/Model_8650_af3_woUnpaired_af3_seed_42989_sample_1_pred_366.cif,Model_8650_af3_woUnpaired_af3_seed_42989_sample_1_pred_366.cif,8650,AF3,af3_woUnpaired,42989,1,366,woUnpaired,,False,casp17/massivefold_external_pool_intake/h2319_t333/extracted_models/H2319_all_pdbs/Model_8650_af3_woUnpaired_af3_seed_42989_sample_1_pred_366.cif,awaiting_extract,"MassiveFold model pool index only. It parses organizer-provided external model tarball listings and stages balanced extraction/rerank candidates. These models remain external rerank and accuracy-estimation inputs, not internal predictions, not CASP submissions, and not competitive-proof evidence."
7,H2319,H2319_T333,4364,H2319_all_pdbs/Model_8756_af3_woUnpaired_af3_seed_787938_sample_1_pred_451.cif,Model_8756_af3_woUnpaired_af3_seed_787938_sample_1_pred_451.cif,8756,AF3,af3_woUnpaired,787938,1,451,woUnpaired,,False,casp17/massivefold_external_pool_intake/h2319_t333/extracted_models/H2319_all_pdbs/Model_8756_af3_woUnpaired_af3_seed_787938_sample_1_pred_451.cif,awaiting_extract,"MassiveFold model pool index only. It parses organizer-provided external model tarball listings and stages balanced extraction/rerank candidates. These models remain external rerank and accuracy-estimation inputs, not internal predictions, not CASP submissions, and not competitive-proof evidence."
7,H2319,H2319_T333,4397,H2319_all_pdbs/Model_6909_af3_woUnpaired_af3_seed_646819_sample_0_pred_135.cif,Model_6909_af3_woUnpaired_af3_seed_646819_sample_0_pred_135.cif,6909,AF3,af3_woUnpaired,646819,0,135,woUnpaired,,False,casp17/massivefold_external_pool_intake/h2319_t333/extracted_models/H2319_all_pdbs/Model_6909_af3_woUnpaired_af3_seed_646819_sample_0_pred_135.cif,awaiting_extract,"MassiveFold model pool index only. It parses organizer-provided external model tarball listings and stages balanced extraction/rerank candidates. These models remain external rerank and accuracy-estimation inputs, not internal predictions, not CASP submissions, and not competitive-proof evidence."
7,H2319,H2319_T333,4405,H2319_all_pdbs/Model_7098_af3_woUnpaired_af3_seed_466154_sample_4_pred_89.cif,Model_7098_af3_woUnpaired_af3_seed_466154_sample_4_pred_89.cif,7098,AF3,af3_woUnpaired,466154,4,89,woUnpaired,,False,casp17/massivefold_external_pool_intake/h2319_t333/extracted_models/H2319_all_pdbs/Model_7098_af3_woUnpaired_af3_seed_466154_sample_4_pred_89.cif,awaiting_extract,"MassiveFold model pool index only. It parses organizer-provided external model tarball listings and stages balanced extraction/rerank candidates. These models remain external rerank and accuracy-estimation inputs, not internal predictions, not CASP submissions, and not competitive-proof evidence."
7,H2319,H2319_T333,4435,H2319_all_pdbs/Model_7735_af3_woUnpaired_af3_seed_714121_sample_4_pred_564.cif,Model_7735_af3_woUnpaired_af3_seed_714121_sample_4_pred_564.cif,7735,AF3,af3_woUnpaired,714121,4,564,woUnpaired,,False,casp17/massivefold_external_pool_intake/h2319_t333/extracted_models/H2319_all_pdbs/Model_7735_af3_woUnpaired_af3_seed_714121_sample_4_pred_564.cif,awaiting_extract,"MassiveFold model pool index only. It parses organizer-provided external model tarball listings and stages balanced extraction/rerank candidates. These models remain external rerank and accuracy-estimation inputs, not internal predictions, not CASP submissions, and not competitive-proof evidence."
7,H2319,H2319_T333,4471,H2319_all_pdbs/Model_10931_af3_woUnpaired_af3_seed_646820_sample_0_pred_140.cif,Model_10931_af3_woUnpaired_af3_seed_646820_sample_0_pred_140.cif,10931,AF3,af3_woUnpaired,646820,0,140,woUnpaired,,False,casp17/massivefold_external_pool_intake/h2319_t333/extracted_models/H2319_all_pdbs/Model_10931_af3_woUnpaired_af3_seed_646820_sample_0_pred_140.cif,awaiting_extract,"MassiveFold model pool index only. It parses organizer-provided external model tarball listings and stages balanced extraction/rerank candidates. These models remain external rerank and accuracy-estimation inputs, not internal predictions, not CASP submissions, and not competitive-proof evidence."
7,H2319,H2319_T333,4486,H2319_all_pdbs/Model_10274_af3_woUnpaired_af3_seed_714115_sample_3_pred_533.cif,Model_10274_af3_woUnpaired_af3_seed_714115_sample_3_pred_533.cif,10274,AF3,af3_woUnpaired,714115,3,533,woUnpaired,,False,casp17/massivefold_external_pool_intake/h2319_t333/extracted_models/H2319_all_pdbs/Model_10274_af3_woUnpaired_af3_seed_714115_sample_3_pred_533.cif,awaiting_extract,"MassiveFold model pool index only. It parses organizer-provided external model tarball listings and stages balanced extraction/rerank candidates. These models remain external rerank and accuracy-estimation inputs, not internal predictions, not CASP submissions, and not competitive-proof evidence."
7,H2319,H2319_T333,4489,H2319_all_pdbs/Model_8594_af3_woUnpaired_af3_seed_578582_sample_2_pred_987.cif,Model_8594_af3_woUnpaired_af3_seed_578582_sample_2_pred_987.cif,8594,AF3,af3_woUnpaired,578582,2,987,woUnpaired,,False,casp17/massivefold_external_pool_intake/h2319_t333/extracted_models/H2319_all_pdbs/Model_8594_af3_woUnpaired_af3_seed_578582_sample_2_pred_987.cif,awaiting_extract,"MassiveFold model pool index only. It parses organizer-provided external model tarball listings and stages balanced extraction/rerank candidates. These models remain external rerank and accuracy-estimation inputs, not internal predictions, not CASP submissions, and not competitive-proof evidence."
7,H2319,H2319_T333,4494,H2319_all_pdbs/Model_8849_af3_woUnpaired_af3_seed_466142_sample_1_pred_26.cif,Model_8849_af3_woUnpaired_af3_seed_466142_sample_1_pred_26.cif,8849,AF3,af3_woUnpaired,466142,1,26,woUnpaired,,False,casp17/massivefold_external_pool_intake/h2319_t333/extracted_models/H2319_all_pdbs/Model_8849_af3_woUnpaired_af3_seed_466142_sample_1_pred_26.cif,awaiting_extract,"MassiveFold model pool index only. It parses organizer-provided external model tarball listings and stages balanced extraction/rerank candidates. These models remain external rerank and accuracy-estimation inputs, not internal predictions, not CASP submissions, and not competitive-proof evidence."
7,H2319,H2319_T333,4500,H2319_all_pdbs/Model_6407_af3_woUnpaired_af3_seed_57432_sample_0_pred_760.cif,Model_6407_af3_woUnpaired_af3_seed_57432_sample_0_pred_760.cif,6407,AF3,af3_woUnpaired,57432,0,760,woUnpaired,,False,casp17/massivefold_external_pool_intake/h2319_t333/extracted_models/H2319_all_pdbs/Model_6407_af3_woUnpaired_af3_seed_57432_sample_0_pred_760.cif,awaiting_extract,"MassiveFold model pool index only. It parses organizer-provided external model tarball listings and stages balanced extraction/rerank candidates. These models remain external rerank and accuracy-estimation inputs, not internal predictions, not CASP submissions, and not competitive-proof evidence."
7,H2319,H2319_T333,4511,H2319_all_pdbs/Model_6921_af3_woUnpaired_af3_seed_787928_sample_4_pred_404.cif,Model_6921_af3_woUnpaired_af3_seed_787928_sample_4_pred_404.cif,6921,AF3,af3_woUnpaired,787928,4,404,woUnpaired,,False,casp17/massivefold_external_pool_intake/h2319_t333/extracted_models/H2319_all_pdbs/Model_6921_af3_woUnpaired_af3_seed_787928_sample_4_pred_404.cif,awaiting_extract,"MassiveFold model pool index only. It parses organizer-provided external model tarball listings and stages balanced extraction/rerank candidates. These models remain external rerank and accuracy-estimation inputs, not internal predictions, not CASP submissions, and not competitive-proof evidence."
7,H2319,H2319_T333,4526,H2319_all_pdbs/Model_8894_af3_woUnpaired_af3_seed_57446_sample_2_pred_832.cif,Model_8894_af3_woUnpaired_af3_seed_57446_sample_2_pred_832.cif,8894,AF3,af3_woUnpaired,57446,2,832,woUnpaired,,False,casp17/massivefold_external_pool_intake/h2319_t333/extracted_models/H2319_all_pdbs/Model_8894_af3_woUnpaired_af3_seed_57446_sample_2_pred_832.cif,awaiting_extract,"MassiveFold model pool index only. It parses organizer-provided external model tarball listings and stages balanced extraction/rerank candidates. These models remain external rerank and accuracy-estimation inputs, not internal predictions, not CASP submissions, and not competitive-proof evidence."
7,H2319,H2319_T333,4545,H2319_all_pdbs/Model_7732_af3_woUnpaired_af3_seed_787931_sample_0_pred_415.cif,Model_7732_af3_woUnpaired_af3_seed_787931_sample_0_pred_415.cif,7732,AF3,af3_woUnpaired,787931,0,415,woUnpaired,,False,casp17/massivefold_external_pool_intake/h2319_t333/extracted_models/H2319_all_pdbs/Model_7732_af3_woUnpaired_af3_seed_787931_sample_0_pred_415.cif,awaiting_extract,"MassiveFold model pool index only. It parses organizer-provided external model tarball listings and stages balanced extraction/rerank candidates. These models remain external rerank and accuracy-estimation inputs, not internal predictions, not CASP submissions, and not competitive-proof evidence."
7,H2319,H2319_T333,4554,H2319_all_pdbs/Model_10954_af3_woUnpaired_af3_seed_646837_sample_0_pred_225.cif,Model_10954_af3_woUnpaired_af3_seed_646837_sample_0_pred_225.cif,10954,AF3,af3_woUnpaired,646837,0,225,woUnpaired,,False,casp17/massivefold_external_pool_intake/h2319_t333/extracted_models/H2319_all_pdbs/Model_10954_af3_woUnpaired_af3_seed_646837_sample_0_pred_225.cif,awaiting_extract,"MassiveFold model pool index only. It parses organizer-provided external model tarball listings and stages balanced extraction/rerank candidates. These models remain external rerank and accuracy-estimation inputs, not internal predictions, not CASP submissions, and not competitive-proof evidence."
7,H2319,H2319_T333,4601,H2319_all_pdbs/Model_10951_af3_woUnpaired_af3_seed_334597_sample_0_pred_685.cif,Model_10951_af3_woUnpaired_af3_seed_334597_sample_0_pred_685.cif,10951,AF3,af3_woUnpaired,334597,0,685,woUnpaired,,False,casp17/massivefold_external_pool_intake/h2319_t333/extracted_models/H2319_all_pdbs/Model_10951_af3_woUnpaired_af3_seed_334597_sample_0_pred_685.cif,awaiting_extract,"MassiveFold model pool index only. It parses organizer-provided external model tarball listings and stages balanced extraction/rerank candidates. These models remain external rerank and accuracy-estimation inputs, not internal predictions, not CASP submissions, and not competitive-proof evidence."
7,H2319,H2319_T333,4615,H2319_all_pdbs/Model_6966_af3_woUnpaired_af3_seed_714123_sample_4_pred_574.cif,Model_6966_af3_woUnpaired_af3_seed_714123_sample_4_pred_574.cif,6966,AF3,af3_woUnpaired,714123,4,574,woUnpaired,,False,casp17/massivefold_external_pool_intake/h2319_t333/extracted_models/H2319_all_pdbs/Model_6966_af3_woUnpaired_af3_seed_714123_sample_4_pred_574.cif,awaiting_extract,"MassiveFold model pool index only. It parses organizer-provided external model tarball listings and stages balanced extraction/rerank candidates. These models remain external rerank and accuracy-estimation inputs, not internal predictions, not CASP submissions, and not competitive-proof evidence."
7,H2319,H2319_T333,4623,H2319_all_pdbs/Model_8629_af3_woUnpaired_af3_seed_466159_sample_2_pred_112.cif,Model_8629_af3_woUnpaired_af3_seed_466159_sample_2_pred_112.cif,8629,AF3,af3_woUnpaired,466159,2,112,woUnpaired,,False,casp17/massivefold_external_pool_intake/h2319_t333/extracted_models/H2319_all_pdbs/Model_8629_af3_woUnpaired_af3_seed_466159_sample_2_pred_112.cif,awaiting_extract,"MassiveFold model pool index only. It parses organizer-provided external model tarball listings and stages balanced extraction/rerank candidates. These models remain external rerank and accuracy-estimation inputs, not internal predictions, not CASP submissions, and not competitive-proof evidence."
7,H2319,H2319_T333,4632,H2319_all_pdbs/Model_8795_af3_woUnpaired_af3_seed_646829_sample_1_pred_186.cif,Model_8795_af3_woUnpaired_af3_seed_646829_sample_1_pred_186.cif,8795,AF3,af3_woUnpaired,646829,1,186,woUnpaired,,False,casp17/massivefold_external_pool_intake/h2319_t333/extracted_models/H2319_all_pdbs/Model_8795_af3_woUnpaired_af3_seed_646829_sample_1_pred_186.cif,awaiting_extract,"MassiveFold model pool index only. It parses organizer-provided external model tarball listings and stages balanced extraction/rerank candidates. These models remain external rerank and accuracy-estimation inputs, not internal predictions, not CASP submissions, and not competitive-proof evidence."
7,H2319,H2319_T333,4634,H2319_all_pdbs/Model_10958_af3_woUnpaired_af3_seed_466157_sample_3_pred_103.cif,Model_10958_af3_woUnpaired_af3_seed_466157_sample_3_pred_103.cif,10958,AF3,af3_woUnpaired,466157,3,103,woUnpaired,,False,casp17/massivefold_external_pool_intake/h2319_t333/extracted_models/H2319_all_pdbs/Model_10958_af3_woUnpaired_af3_seed_466157_sample_3_pred_103.cif,awaiting_extract,"MassiveFold model pool index only. It parses organizer-provided external model tarball listings and stages balanced extraction/rerank candidates. These models remain external rerank and accuracy-estimation inputs, not internal predictions, not CASP submissions, and not competitive-proof evidence."
7,H2319,H2319_T333,4665,H2319_all_pdbs/Model_6404_af3_woUnpaired_af3_seed_646830_sample_1_pred_191.cif,Model_6404_af3_woUnpaired_af3_seed_646830_sample_1_pred_191.cif,6404,AF3,af3_woUnpaired,646830,1,191,woUnpaired,,False,casp17/massivefold_external_pool_intake/h2319_t333/extracted_models/H2319_all_pdbs/Model_6404_af3_woUnpaired_af3_seed_646830_sample_1_pred_191.cif,awaiting_extract,"MassiveFold model pool index only. It parses organizer-provided external model tarball listings and stages balanced extraction/rerank candidates. These models remain external rerank and accuracy-estimation inputs, not internal predictions, not CASP submissions, and not competitive-proof evidence."
7,H2319,H2319_T333,4669,H2319_all_pdbs/Model_6904_af3_woUnpaired_af3_seed_714129_sample_1_pred_601.cif,Model_6904_af3_woUnpaired_af3_seed_714129_sample_1_pred_601.cif,6904,AF3,af3_woUnpaired,714129,1,601,woUnpaired,,False,casp17/massivefold_external_pool_intake/h2319_t333/extracted_models/H2319_all_pdbs/Model_6904_af3_woUnpaired_af3_seed_714129_sample_1_pred_601.cif,awaiting_extract,"MassiveFold model pool index only. It parses organizer-provided external model tarball listings and stages balanced extraction/rerank candidates. These models remain external rerank and accuracy-estimation inputs, not internal predictions, not CASP submissions, and not competitive-proof evidence."
7,H2319,H2319_T333,4699,H2319_all_pdbs/Model_8881_af3_woUnpaired_af3_seed_787936_sample_1_pred_441.cif,Model_8881_af3_woUnpaired_af3_seed_787936_sample_1_pred_441.cif,8881,AF3,af3_woUnpaired,787936,1,441,woUnpaired,,False,casp17/massivefold_external_pool_intake/h2319_t333/extracted_models/H2319_all_pdbs/Model_8881_af3_woUnpaired_af3_seed_787936_sample_1_pred_441.cif,awaiting_extract,"MassiveFold model pool index only. It parses organizer-provided external model tarball listings and stages balanced extraction/rerank candidates. These models remain external rerank and accuracy-estimation inputs, not internal predictions, not CASP submissions, and not competitive-proof evidence."
7,H2319,H2319_T333,4701,H2319_all_pdbs/Model_7013_af3_woUnpaired_af3_seed_466147_sample_3_pred_53.cif,Model_7013_af3_woUnpaired_af3_seed_466147_sample_3_pred_53.cif,7013,AF3,af3_woUnpaired,466147,3,53,woUnpaired,,False,casp17/massivefold_external_pool_intake/h2319_t333/extracted_models/H2319_all_pdbs/Model_7013_af3_woUnpaired_af3_seed_466147_sample_3_pred_53.cif,awaiting_extract,"MassiveFold model pool index only. It parses organizer-provided external model tarball listings and stages balanced extraction/rerank candidates. These models remain external rerank and accuracy-estimation inputs, not internal predictions, not CASP submissions, and not competitive-proof evidence."
7,H2319,H2319_T333,4709,H2319_all_pdbs/Model_10925_af3_woUnpaired_af3_seed_466147_sample_4_pred_54.cif,Model_10925_af3_woUnpaired_af3_seed_466147_sample_4_pred_54.cif,10925,AF3,af3_woUnpaired,466147,4,54,woUnpaired,,False,casp17/massivefold_external_pool_intake/h2319_t333/extracted_models/H2319_all_pdbs/Model_10925_af3_woUnpaired_af3_seed_466147_sample_4_pred_54.cif,awaiting_extract,"MassiveFold model pool index only. It parses organizer-provided external model tarball listings and stages balanced extraction/rerank candidates. These models remain external rerank and accuracy-estimation inputs, not internal predictions, not CASP submissions, and not competitive-proof evidence."
7,H2319,H2319_T333,4740,H2319_all_pdbs/Model_7804_af3_woUnpaired_af3_seed_466150_sample_1_pred_66.cif,Model_7804_af3_woUnpaired_af3_seed_466150_sample_1_pred_66.cif,7804,AF3,af3_woUnpaired,466150,1,66,woUnpaired,,False,casp17/massivefold_external_pool_intake/h2319_t333/extracted_models/H2319_all_pdbs/Model_7804_af3_woUnpaired_af3_seed_466150_sample_1_pred_66.cif,awaiting_extract,"MassiveFold model pool index only. It parses organizer-provided external model tarball listings and stages balanced extraction/rerank candidates. These models remain external rerank and accuracy-estimation inputs, not internal predictions, not CASP submissions, and not competitive-proof evidence."
7,H2319,H2319_T333,4745,H2319_all_pdbs/Model_10265_af3_woUnpaired_af3_seed_714133_sample_3_pred_623.cif,Model_10265_af3_woUnpaired_af3_seed_714133_sample_3_pred_623.cif,10265,AF3,af3_woUnpaired,714133,3,623,woUnpaired,,False,casp17/massivefold_external_pool_intake/h2319_t333/extracted_models/H2319_all_pdbs/Model_10265_af3_woUnpaired_af3_seed_714133_sample_3_pred_623.cif,awaiting_extract,"MassiveFold model pool index only. It parses organizer-provided external model tarball listings and stages balanced extraction/rerank candidates. These models remain external rerank and accuracy-estimation inputs, not internal predictions, not CASP submissions, and not competitive-proof evidence."
7,H2319,H2319_T333,4757,H2319_all_pdbs/Model_7744_af3_woUnpaired_af3_seed_466161_sample_2_pred_122.cif,Model_7744_af3_woUnpaired_af3_seed_466161_sample_2_pred_122.cif,7744,AF3,af3_woUnpaired,466161,2,122,woUnpaired,,False,casp17/massivefold_external_pool_intake/h2319_t333/extracted_models/H2319_all_pdbs/Model_7744_af3_woUnpaired_af3_seed_466161_sample_2_pred_122.cif,awaiting_extract,"MassiveFold model pool index only. It parses organizer-provided external model tarball listings and stages balanced extraction/rerank candidates. These models remain external rerank and accuracy-estimation inputs, not internal predictions, not CASP submissions, and not competitive-proof evidence."
7,H2319,H2319_T333,4759,H2319_all_pdbs/Model_7081_af3_woUnpaired_af3_seed_578566_sample_1_pred_906.cif,Model_7081_af3_woUnpaired_af3_seed_578566_sample_1_pred_906.cif,7081,AF3,af3_woUnpaired,578566,1,906,woUnpaired,,False,casp17/massivefold_external_pool_intake/h2319_t333/extracted_models/H2319_all_pdbs/Model_7081_af3_woUnpaired_af3_seed_578566_sample_1_pred_906.cif,awaiting_extract,"MassiveFold model pool index only. It parses organizer-provided external model tarball listings and stages balanced extraction/rerank candidates. These models remain external rerank and accuracy-estimation inputs, not internal predictions, not CASP submissions, and not competitive-proof evidence."
7,H2319,H2319_T333,4812,H2319_all_pdbs/Model_12206_af3_woUnpaired_af3_seed_42986_sample_3_pred_353.cif,Model_12206_af3_woUnpaired_af3_seed_42986_sample_3_pred_353.cif,12206,AF3,af3_woUnpaired,42986,3,353,woUnpaired,,False,casp17/massivefold_external_pool_intake/h2319_t333/extracted_models/H2319_all_pdbs/Model_12206_af3_woUnpaired_af3_seed_42986_sample_3_pred_353.cif,awaiting_extract,"MassiveFold model pool index only. It parses organizer-provided external model tarball listings and stages balanced extraction/rerank candidates. These models remain external rerank and accuracy-estimation inputs, not internal predictions, not CASP submissions, and not competitive-proof evidence."
7,H2319,H2319_T333,4849,H2319_all_pdbs/Model_6962_af3_woUnpaired_af3_seed_714128_sample_0_pred_595.cif,Model_6962_af3_woUnpaired_af3_seed_714128_sample_0_pred_595.cif,6962,AF3,af3_woUnpaired,714128,0,595,woUnpaired,,False,casp17/massivefold_external_pool_intake/h2319_t333/extracted_models/H2319_all_pdbs/Model_6962_af3_woUnpaired_af3_seed_714128_sample_0_pred_595.cif,awaiting_extract,"MassiveFold model pool index only. It parses organizer-provided external model tarball listings and stages balanced extraction/rerank candidates. These models remain external rerank and accuracy-estimation inputs, not internal predictions, not CASP submissions, and not competitive-proof evidence."
7,H2319,H2319_T333,4851,H2319_all_pdbs/Model_10890_af3_woUnpaired_af3_seed_466158_sample_3_pred_108.cif,Model_10890_af3_woUnpaired_af3_seed_466158_sample_3_pred_108.cif,10890,AF3,af3_woUnpaired,466158,3,108,woUnpaired,,False,casp17/massivefold_external_pool_intake/h2319_t333/extracted_models/H2319_all_pdbs/Model_10890_af3_woUnpaired_af3_seed_466158_sample_3_pred_108.cif,awaiting_extract,"MassiveFold model pool index only. It parses organizer-provided external model tarball listings and stages balanced extraction/rerank candidates. These models remain external rerank and accuracy-estimation inputs, not internal predictions, not CASP submissions, and not competitive-proof evidence."
7,H2319,H2319_T333,4853,H2319_all_pdbs/Model_8748_af3_woUnpaired_af3_seed_578575_sample_3_pred_953.cif,Model_8748_af3_woUnpaired_af3_seed_578575_sample_3_pred_953.cif,8748,AF3,af3_woUnpaired,578575,3,953,woUnpaired,,False,casp17/massivefold_external_pool_intake/h2319_t333/extracted_models/H2319_all_pdbs/Model_8748_af3_woUnpaired_af3_seed_578575_sample_3_pred_953.cif,awaiting_extract,"MassiveFold model pool index only. It parses organizer-provided external model tarball listings and stages balanced extraction/rerank candidates. These models remain external rerank and accuracy-estimation inputs, not internal predictions, not CASP submissions, and not competitive-proof evidence."
7,H2319,H2319_T333,4858,H2319_all_pdbs/Model_8694_af3_woUnpaired_af3_seed_57453_sample_2_pred_867.cif,Model_8694_af3_woUnpaired_af3_seed_57453_sample_2_pred_867.cif,8694,AF3,af3_woUnpaired,57453,2,867,woUnpaired,,False,casp17/massivefold_external_pool_intake/h2319_t333/extracted_models/H2319_all_pdbs/Model_8694_af3_woUnpaired_af3_seed_57453_sample_2_pred_867.cif,awaiting_extract,"MassiveFold model pool index only. It parses organizer-provided external model tarball listings and stages balanced extraction/rerank candidates. These models remain external rerank and accuracy-estimation inputs, not internal predictions, not CASP submissions, and not competitive-proof evidence."
7,H2319,H2319_T333,4882,H2319_all_pdbs/Model_7723_af3_woUnpaired_af3_seed_787930_sample_4_pred_414.cif,Model_7723_af3_woUnpaired_af3_seed_787930_sample_4_pred_414.cif,7723,AF3,af3_woUnpaired,787930,4,414,woUnpaired,,False,casp17/massivefold_external_pool_intake/h2319_t333/extracted_models/H2319_all_pdbs/Model_7723_af3_woUnpaired_af3_seed_787930_sample_4_pred_414.cif,awaiting_extract,"MassiveFold model pool index only. It parses organizer-provided external model tarball listings and stages balanced extraction/rerank candidates. These models remain external rerank and accuracy-estimation inputs, not internal predictions, not CASP submissions, and not competitive-proof evidence."
7,H2319,H2319_T333,4887,H2319_all_pdbs/Model_6155_af3_woUnpaired_af3_seed_57450_sample_4_pred_854.cif,Model_6155_af3_woUnpaired_af3_seed_57450_sample_4_pred_854.cif,6155,AF3,af3_woUnpaired,57450,4,854,woUnpaired,,False,casp17/massivefold_external_pool_intake/h2319_t333/extracted_models/H2319_all_pdbs/Model_6155_af3_woUnpaired_af3_seed_57450_sample_4_pred_854.cif,awaiting_extract,"MassiveFold model pool index only. It parses organizer-provided external model tarball listings and stages balanced extraction/rerank candidates. These models remain external rerank and accuracy-estimation inputs, not internal predictions, not CASP submissions, and not competitive-proof evidence."
7,H2319,H2319_T333,4895,H2319_all_pdbs/Model_6387_af3_woUnpaired_af3_seed_57430_sample_0_pred_750.cif,Model_6387_af3_woUnpaired_af3_seed_57430_sample_0_pred_750.cif,6387,AF3,af3_woUnpaired,57430,0,750,woUnpaired,,False,casp17/massivefold_external_pool_intake/h2319_t333/extracted_models/H2319_all_pdbs/Model_6387_af3_woUnpaired_af3_seed_57430_sample_0_pred_750.cif,awaiting_extract,"MassiveFold model pool index only. It parses organizer-provided external model tarball listings and stages balanced extraction/rerank candidates. These models remain external rerank and accuracy-estimation inputs, not internal predictions, not CASP submissions, and not competitive-proof evidence."
7,H2319,H2319_T333,4900,H2319_all_pdbs/Model_6168_af3_woUnpaired_af3_seed_466139_sample_1_pred_11.cif,Model_6168_af3_woUnpaired_af3_seed_466139_sample_1_pred_11.cif,6168,AF3,af3_woUnpaired,466139,1,11,woUnpaired,,False,casp17/massivefold_external_pool_intake/h2319_t333/extracted_models/H2319_all_pdbs/Model_6168_af3_woUnpaired_af3_seed_466139_sample_1_pred_11.cif,awaiting_extract,"MassiveFold model pool index only. It parses organizer-provided external model tarball listings and stages balanced extraction/rerank candidates. These models remain external rerank and accuracy-estimation inputs, not internal predictions, not CASP submissions, and not competitive-proof evidence."
7,H2319,H2319_T333,4943,H2319_all_pdbs/Model_5851_af3_woUnpaired_af3_seed_646840_sample_2_pred_242.cif,Model_5851_af3_woUnpaired_af3_seed_646840_sample_2_pred_242.cif,5851,AF3,af3_woUnpaired,646840,2,242,woUnpaired,46,True,casp17/massivefold_external_pool_intake/h2319_t333/extracted_models/H2319_all_pdbs/Model_5851_af3_woUnpaired_af3_seed_646840_sample_2_pred_242.cif,extracted,"MassiveFold model pool index only. It parses organizer-provided external model tarball listings and stages balanced extraction/rerank candidates. These models remain external rerank and accuracy-estimation inputs, not internal predictions, not CASP submissions, and not competitive-proof evidence."
7,H2319,H2319_T333,4945,H2319_all_pdbs/Model_10987_af3_woUnpaired_af3_seed_787934_sample_0_pred_430.cif,Model_10987_af3_woUnpaired_af3_seed_787934_sample_0_pred_430.cif,10987,AF3,af3_woUnpaired,787934,0,430,woUnpaired,,False,casp17/massivefold_external_pool_intake/h2319_t333/extracted_models/H2319_all_pdbs/Model_10987_af3_woUnpaired_af3_seed_787934_sample_0_pred_430.cif,awaiting_extract,"MassiveFold model pool index only. It parses organizer-provided external model tarball listings and stages balanced extraction/rerank candidates. These models remain external rerank and accuracy-estimation inputs, not internal predictions, not CASP submissions, and not competitive-proof evidence."
7,H2319,H2319_T333,4947,H2319_all_pdbs/Model_8701_af3_woUnpaired_af3_seed_466137_sample_4_pred_4.cif,Model_8701_af3_woUnpaired_af3_seed_466137_sample_4_pred_4.cif,8701,AF3,af3_woUnpaired,466137,4,4,woUnpaired,,False,casp17/massivefold_external_pool_intake/h2319_t333/extracted_models/H2319_all_pdbs/Model_8701_af3_woUnpaired_af3_seed_466137_sample_4_pred_4.cif,awaiting_extract,"MassiveFold model pool index only. It parses organizer-provided external model tarball listings and stages balanced extraction/rerank candidates. These models remain external rerank and accuracy-estimation inputs, not internal predictions, not CASP submissions, and not competitive-proof evidence."
7,H2319,H2319_T333,4948,H2319_all_pdbs/Model_8613_af3_woUnpaired_af3_seed_334609_sample_4_pred_749.cif,Model_8613_af3_woUnpaired_af3_seed_334609_sample_4_pred_749.cif,8613,AF3,af3_woUnpaired,334609,4,749,woUnpaired,,False,casp17/massivefold_external_pool_intake/h2319_t333/extracted_models/H2319_all_pdbs/Model_8613_af3_woUnpaired_af3_seed_334609_sample_4_pred_749.cif,awaiting_extract,"MassiveFold model pool index only. It parses organizer-provided external model tarball listings and stages balanced extraction/rerank candidates. These models remain external rerank and accuracy-estimation inputs, not internal predictions, not CASP submissions, and not competitive-proof evidence."
7,H2319,H2319_T333,4958,H2319_all_pdbs/Model_6170_af3_woUnpaired_af3_seed_334594_sample_4_pred_674.cif,Model_6170_af3_woUnpaired_af3_seed_334594_sample_4_pred_674.cif,6170,AF3,af3_woUnpaired,334594,4,674,woUnpaired,,False,casp17/massivefold_external_pool_intake/h2319_t333/extracted_models/H2319_all_pdbs/Model_6170_af3_woUnpaired_af3_seed_334594_sample_4_pred_674.cif,awaiting_extract,"MassiveFold model pool index only. It parses organizer-provided external model tarball listings and stages balanced extraction/rerank candidates. These models remain external rerank and accuracy-estimation inputs, not internal predictions, not CASP submissions, and not competitive-proof evidence."
7,H2319,H2319_T333,4960,H2319_all_pdbs/Model_8673_af3_woUnpaired_af3_seed_714122_sample_3_pred_568.cif,Model_8673_af3_woUnpaired_af3_seed_714122_sample_3_pred_568.cif,8673,AF3,af3_woUnpaired,714122,3,568,woUnpaired,,False,casp17/massivefold_external_pool_intake/h2319_t333/extracted_models/H2319_all_pdbs/Model_8673_af3_woUnpaired_af3_seed_714122_sample_3_pred_568.cif,awaiting_extract,"MassiveFold model pool index only. It parses organizer-provided external model tarball listings and stages balanced extraction/rerank candidates. These models remain external rerank and accuracy-estimation inputs, not internal predictions, not CASP submissions, and not competitive-proof evidence."
7,H2319,H2319_T333,5002,H2319_all_pdbs/Model_8721_af3_woUnpaired_af3_seed_334588_sample_3_pred_643.cif,Model_8721_af3_woUnpaired_af3_seed_334588_sample_3_pred_643.cif,8721,AF3,af3_woUnpaired,334588,3,643,woUnpaired,,False,casp17/massivefold_external_pool_intake/h2319_t333/extracted_models/H2319_all_pdbs/Model_8721_af3_woUnpaired_af3_seed_334588_sample_3_pred_643.cif,awaiting_extract,"MassiveFold model pool index only. It parses organizer-provided external model tarball listings and stages balanced extraction/rerank candidates. These models remain external rerank and accuracy-estimation inputs, not internal predictions, not CASP submissions, and not competitive-proof evidence."
7,H2319,H2319_T333,5006,H2319_all_pdbs/Model_10885_af3_woUnpaired_af3_seed_787946_sample_3_pred_493.cif,Model_10885_af3_woUnpaired_af3_seed_787946_sample_3_pred_493.cif,10885,AF3,af3_woUnpaired,787946,3,493,woUnpaired,,False,casp17/massivefold_external_pool_intake/h2319_t333/extracted_models/H2319_all_pdbs/Model_10885_af3_woUnpaired_af3_seed_787946_sample_3_pred_493.cif,awaiting_extract,"MassiveFold model pool index only. It parses organizer-provided external model tarball listings and stages balanced extraction/rerank candidates. These models remain external rerank and accuracy-estimation inputs, not internal predictions, not CASP submissions, and not competitive-proof evidence."
7,H2319,H2319_T333,5037,H2319_all_pdbs/Model_6928_af3_woUnpaired_af3_seed_787934_sample_4_pred_434.cif,Model_6928_af3_woUnpaired_af3_seed_787934_sample_4_pred_434.cif,6928,AF3,af3_woUnpaired,787934,4,434,woUnpaired,,False,casp17/massivefold_external_pool_intake/h2319_t333/extracted_models/H2319_all_pdbs/Model_6928_af3_woUnpaired_af3_seed_787934_sample_4_pred_434.cif,awaiting_extract,"MassiveFold model pool index only. It parses organizer-provided external model tarball listings and stages balanced extraction/rerank candidates. These models remain external rerank and accuracy-estimation inputs, not internal predictions, not CASP submissions, and not competitive-proof evidence."
7,H2319,H2319_T333,5042,H2319_all_pdbs/Model_6933_af3_woUnpaired_af3_seed_466141_sample_4_pred_24.cif,Model_6933_af3_woUnpaired_af3_seed_466141_sample_4_pred_24.cif,6933,AF3,af3_woUnpaired,466141,4,24,woUnpaired,,False,casp17/massivefold_external_pool_intake/h2319_t333/extracted_models/H2319_all_pdbs/Model_6933_af3_woUnpaired_af3_seed_466141_sample_4_pred_24.cif,awaiting_extract,"MassiveFold model pool index only. It parses organizer-provided external model tarball listings and stages balanced extraction/rerank candidates. These models remain external rerank and accuracy-estimation inputs, not internal predictions, not CASP submissions, and not competitive-proof evidence."
7,H2319,H2319_T333,5046,H2319_all_pdbs/Model_8604_af3_woUnpaired_af3_seed_578563_sample_3_pred_893.cif,Model_8604_af3_woUnpaired_af3_seed_578563_sample_3_pred_893.cif,8604,AF3,af3_woUnpaired,578563,3,893,woUnpaired,,False,casp17/massivefold_external_pool_intake/h2319_t333/extracted_models/H2319_all_pdbs/Model_8604_af3_woUnpaired_af3_seed_578563_sample_3_pred_893.cif,awaiting_extract,"MassiveFold model pool index only. It parses organizer-provided external model tarball listings and stages balanced extraction/rerank candidates. These models remain external rerank and accuracy-estimation inputs, not internal predictions, not CASP submissions, and not competitive-proof evidence."
7,H2319,H2319_T333,5054,H2319_all_pdbs/Model_7051_af3_woUnpaired_af3_seed_787941_sample_3_pred_468.cif,Model_7051_af3_woUnpaired_af3_seed_787941_sample_3_pred_468.cif,7051,AF3,af3_woUnpaired,787941,3,468,woUnpaired,,False,casp17/massivefold_external_pool_intake/h2319_t333/extracted_models/H2319_all_pdbs/Model_7051_af3_woUnpaired_af3_seed_787941_sample_3_pred_468.cif,awaiting_extract,"MassiveFold model pool index only. It parses organizer-provided external model tarball listings and stages balanced extraction/rerank candidates. These models remain external rerank and accuracy-estimation inputs, not internal predictions, not CASP submissions, and not competitive-proof evidence."
7,H2319,H2319_T333,5067,H2319_all_pdbs/Model_8861_af3_woUnpaired_af3_seed_466147_sample_0_pred_50.cif,Model_8861_af3_woUnpaired_af3_seed_466147_sample_0_pred_50.cif,8861,AF3,af3_woUnpaired,466147,0,50,woUnpaired,,False,casp17/massivefold_external_pool_intake/h2319_t333/extracted_models/H2319_all_pdbs/Model_8861_af3_woUnpaired_af3_seed_466147_sample_0_pred_50.cif,awaiting_extract,"MassiveFold model pool index only. It parses organizer-provided external model tarball listings and stages balanced extraction/rerank candidates. These models remain external rerank and accuracy-estimation inputs, not internal predictions, not CASP submissions, and not competitive-proof evidence."
7,H2319,H2319_T333,5097,H2319_all_pdbs/Model_10251_af3_woUnpaired_af3_seed_646836_sample_2_pred_222.cif,Model_10251_af3_woUnpaired_af3_seed_646836_sample_2_pred_222.cif,10251,AF3,af3_woUnpaired,646836,2,222,woUnpaired,,False,casp17/massivefold_external_pool_intake/h2319_t333/extracted_models/H2319_all_pdbs/Model_10251_af3_woUnpaired_af3_seed_646836_sample_2_pred_222.cif,awaiting_extract,"MassiveFold model pool index only. It parses organizer-provided external model tarball listings and stages balanced extraction/rerank candidates. These models remain external rerank and accuracy-estimation inputs, not internal predictions, not CASP submissions, and not competitive-proof evidence."
7,H2319,H2319_T333,5102,H2319_all_pdbs/Model_8722_af3_woUnpaired_af3_seed_57435_sample_0_pred_775.cif,Model_8722_af3_woUnpaired_af3_seed_57435_sample_0_pred_775.cif,8722,AF3,af3_woUnpaired,57435,0,775,woUnpaired,,False,casp17/massivefold_external_pool_intake/h2319_t333/extracted_models/H2319_all_pdbs/Model_8722_af3_woUnpaired_af3_seed_57435_sample_0_pred_775.cif,awaiting_extract,"MassiveFold model pool index only. It parses organizer-provided external model tarball listings and stages balanced extraction/rerank candidates. These models remain external rerank and accuracy-estimation inputs, not internal predictions, not CASP submissions, and not competitive-proof evidence."
7,H2319,H2319_T333,5116,H2319_all_pdbs/Model_7017_af3_woUnpaired_af3_seed_787938_sample_4_pred_454.cif,Model_7017_af3_woUnpaired_af3_seed_787938_sample_4_pred_454.cif,7017,AF3,af3_woUnpaired,787938,4,454,woUnpaired,,False,casp17/massivefold_external_pool_intake/h2319_t333/extracted_models/H2319_all_pdbs/Model_7017_af3_woUnpaired_af3_seed_787938_sample_4_pred_454.cif,awaiting_extract,"MassiveFold model pool index only. It parses organizer-provided external model tarball listings and stages balanced extraction/rerank candidates. These models remain external rerank and accuracy-estimation inputs, not internal predictions, not CASP submissions, and not competitive-proof evidence."
7,H2319,H2319_T333,5133,H2319_all_pdbs/Model_7010_af3_woUnpaired_af3_seed_714113_sample_4_pred_524.cif,Model_7010_af3_woUnpaired_af3_seed_714113_sample_4_pred_524.cif,7010,AF3,af3_woUnpaired,714113,4,524,woUnpaired,,False,casp17/massivefold_external_pool_intake/h2319_t333/extracted_models/H2319_all_pdbs/Model_7010_af3_woUnpaired_af3_seed_714113_sample_4_pred_524.cif,awaiting_extract,"MassiveFold model pool index only. It parses organizer-provided external model tarball listings and stages balanced extraction/rerank candidates. These models remain external rerank and accuracy-estimation inputs, not internal predictions, not CASP submissions, and not competitive-proof evidence."
7,H2319,H2319_T333,5144,H2319_all_pdbs/Model_6937_af3_woUnpaired_af3_seed_334593_sample_2_pred_667.cif,Model_6937_af3_woUnpaired_af3_seed_334593_sample_2_pred_667.cif,6937,AF3,af3_woUnpaired,334593,2,667,woUnpaired,,False,casp17/massivefold_external_pool_intake/h2319_t333/extracted_models/H2319_all_pdbs/Model_6937_af3_woUnpaired_af3_seed_334593_sample_2_pred_667.cif,awaiting_extract,"MassiveFold model pool index only. It parses organizer-provided external model tarball listings and stages balanced extraction/rerank candidates. These models remain external rerank and accuracy-estimation inputs, not internal predictions, not CASP submissions, and not competitive-proof evidence."
7,H2319,H2319_T333,5165,H2319_all_pdbs/Model_8619_af3_woUnpaired_af3_seed_646835_sample_4_pred_219.cif,Model_8619_af3_woUnpaired_af3_seed_646835_sample_4_pred_219.cif,8619,AF3,af3_woUnpaired,646835,4,219,woUnpaired,,False,casp17/massivefold_external_pool_intake/h2319_t333/extracted_models/H2319_all_pdbs/Model_8619_af3_woUnpaired_af3_seed_646835_sample_4_pred_219.cif,awaiting_extract,"MassiveFold model pool index only. It parses organizer-provided external model tarball listings and stages balanced extraction/rerank candidates. These models remain external rerank and accuracy-estimation inputs, not internal predictions, not CASP submissions, and not competitive-proof evidence."
7,H2319,H2319_T333,5178,H2319_all_pdbs/Model_10260_af3_woUnpaired_af3_seed_42983_sample_2_pred_337.cif,Model_10260_af3_woUnpaired_af3_seed_42983_sample_2_pred_337.cif,10260,AF3,af3_woUnpaired,42983,2,337,woUnpaired,,False,casp17/massivefold_external_pool_intake/h2319_t333/extracted_models/H2319_all_pdbs/Model_10260_af3_woUnpaired_af3_seed_42983_sample_2_pred_337.cif,awaiting_extract,"MassiveFold model pool index only. It parses organizer-provided external model tarball listings and stages balanced extraction/rerank candidates. These models remain external rerank and accuracy-estimation inputs, not internal predictions, not CASP submissions, and not competitive-proof evidence."
7,H2319,H2319_T333,5206,H2319_all_pdbs/Model_10935_af3_woUnpaired_af3_seed_578568_sample_4_pred_919.cif,Model_10935_af3_woUnpaired_af3_seed_578568_sample_4_pred_919.cif,10935,AF3,af3_woUnpaired,578568,4,919,woUnpaired,,False,casp17/massivefold_external_pool_intake/h2319_t333/extracted_models/H2319_all_pdbs/Model_10935_af3_woUnpaired_af3_seed_578568_sample_4_pred_919.cif,awaiting_extract,"MassiveFold model pool index only. It parses organizer-provided external model tarball listings and stages balanced extraction/rerank candidates. These models remain external rerank and accuracy-estimation inputs, not internal predictions, not CASP submissions, and not competitive-proof evidence."
7,H2319,H2319_T333,5211,H2319_all_pdbs/Model_6947_af3_woUnpaired_af3_seed_466161_sample_1_pred_121.cif,Model_6947_af3_woUnpaired_af3_seed_466161_sample_1_pred_121.cif,6947,AF3,af3_woUnpaired,466161,1,121,woUnpaired,,False,casp17/massivefold_external_pool_intake/h2319_t333/extracted_models/H2319_all_pdbs/Model_6947_af3_woUnpaired_af3_seed_466161_sample_1_pred_121.cif,awaiting_extract,"MassiveFold model pool index only. It parses organizer-provided external model tarball listings and stages balanced extraction/rerank candidates. These models remain external rerank and accuracy-estimation inputs, not internal predictions, not CASP submissions, and not competitive-proof evidence."
7,H2319,H2319_T333,5213,H2319_all_pdbs/Model_8804_af3_woUnpaired_af3_seed_466146_sample_1_pred_46.cif,Model_8804_af3_woUnpaired_af3_seed_466146_sample_1_pred_46.cif,8804,AF3,af3_woUnpaired,466146,1,46,woUnpaired,,False,casp17/massivefold_external_pool_intake/h2319_t333/extracted_models/H2319_all_pdbs/Model_8804_af3_woUnpaired_af3_seed_466146_sample_1_pred_46.cif,awaiting_extract,"MassiveFold model pool index only. It parses organizer-provided external model tarball listings and stages balanced extraction/rerank candidates. These models remain external rerank and accuracy-estimation inputs, not internal predictions, not CASP submissions, and not competitive-proof evidence."
7,H2319,H2319_T333,5234,H2319_all_pdbs/Model_7806_af3_woUnpaired_af3_seed_334593_sample_1_pred_666.cif,Model_7806_af3_woUnpaired_af3_seed_334593_sample_1_pred_666.cif,7806,AF3,af3_woUnpaired,334593,1,666,woUnpaired,,False,casp17/massivefold_external_pool_intake/h2319_t333/extracted_models/H2319_all_pdbs/Model_7806_af3_woUnpaired_af3_seed_334593_sample_1_pred_666.cif,awaiting_extract,"MassiveFold model pool index only. It parses organizer-provided external model tarball listings and stages balanced extraction/rerank candidates. These models remain external rerank and accuracy-estimation inputs, not internal predictions, not CASP submissions, and not competitive-proof evidence."
7,H2319,H2319_T333,5236,H2319_all_pdbs/Model_8753_af3_woUnpaired_af3_seed_578567_sample_1_pred_911.cif,Model_8753_af3_woUnpaired_af3_seed_578567_sample_1_pred_911.cif,8753,AF3,af3_woUnpaired,578567,1,911,woUnpaired,,False,casp17/massivefold_external_pool_intake/h2319_t333/extracted_models/H2319_all_pdbs/Model_8753_af3_woUnpaired_af3_seed_578567_sample_1_pred_911.cif,awaiting_extract,"MassiveFold model pool index only. It parses organizer-provided external model tarball listings and stages balanced extraction/rerank candidates. These models remain external rerank and accuracy-estimation inputs, not internal predictions, not CASP submissions, and not competitive-proof evidence."
7,H2319,H2319_T333,5237,H2319_all_pdbs/Model_7086_af3_woUnpaired_af3_seed_57452_sample_4_pred_864.cif,Model_7086_af3_woUnpaired_af3_seed_57452_sample_4_pred_864.cif,7086,AF3,af3_woUnpaired,57452,4,864,woUnpaired,,False,casp17/massivefold_external_pool_intake/h2319_t333/extracted_models/H2319_all_pdbs/Model_7086_af3_woUnpaired_af3_seed_57452_sample_4_pred_864.cif,awaiting_extract,"MassiveFold model pool index only. It parses organizer-provided external model tarball listings and stages balanced extraction/rerank candidates. These models remain external rerank and accuracy-estimation inputs, not internal predictions, not CASP submissions, and not competitive-proof evidence."
7,H2319,H2319_T333,5239,H2319_all_pdbs/Model_8918_af3_woUnpaired_af3_seed_42975_sample_0_pred_295.cif,Model_8918_af3_woUnpaired_af3_seed_42975_sample_0_pred_295.cif,8918,AF3,af3_woUnpaired,42975,0,295,woUnpaired,,False,casp17/massivefold_external_pool_intake/h2319_t333/extracted_models/H2319_all_pdbs/Model_8918_af3_woUnpaired_af3_seed_42975_sample_0_pred_295.cif,awaiting_extract,"MassiveFold model pool index only. It parses organizer-provided external model tarball listings and stages balanced extraction/rerank candidates. These models remain external rerank and accuracy-estimation inputs, not internal predictions, not CASP submissions, and not competitive-proof evidence."
7,H2319,H2319_T333,5249,H2319_all_pdbs/Model_6166_af3_woUnpaired_af3_seed_334602_sample_4_pred_714.cif,Model_6166_af3_woUnpaired_af3_seed_334602_sample_4_pred_714.cif,6166,AF3,af3_woUnpaired,334602,4,714,woUnpaired,,False,casp17/massivefold_external_pool_intake/h2319_t333/extracted_models/H2319_all_pdbs/Model_6166_af3_woUnpaired_af3_seed_334602_sample_4_pred_714.cif,awaiting_extract,"MassiveFold model pool index only. It parses organizer-provided external model tarball listings and stages balanced extraction/rerank candidates. These models remain external rerank and accuracy-estimation inputs, not internal predictions, not CASP submissions, and not competitive-proof evidence."
7,H2319,H2319_T333,5257,H2319_all_pdbs/Model_8728_af3_woUnpaired_af3_seed_42976_sample_2_pred_302.cif,Model_8728_af3_woUnpaired_af3_seed_42976_sample_2_pred_302.cif,8728,AF3,af3_woUnpaired,42976,2,302,woUnpaired,,False,casp17/massivefold_external_pool_intake/h2319_t333/extracted_models/H2319_all_pdbs/Model_8728_af3_woUnpaired_af3_seed_42976_sample_2_pred_302.cif,awaiting_extract,"MassiveFold model pool index only. It parses organizer-provided external model tarball listings and stages balanced extraction/rerank candidates. These models remain external rerank and accuracy-estimation inputs, not internal predictions, not CASP submissions, and not competitive-proof evidence."
7,H2319,H2319_T333,5262,H2319_all_pdbs/Model_8783_af3_woUnpaired_af3_seed_578580_sample_3_pred_978.cif,Model_8783_af3_woUnpaired_af3_seed_578580_sample_3_pred_978.cif,8783,AF3,af3_woUnpaired,578580,3,978,woUnpaired,,False,casp17/massivefold_external_pool_intake/h2319_t333/extracted_models/H2319_all_pdbs/Model_8783_af3_woUnpaired_af3_seed_578580_sample_3_pred_978.cif,awaiting_extract,"MassiveFold model pool index only. It parses organizer-provided external model tarball listings and stages balanced extraction/rerank candidates. These models remain external rerank and accuracy-estimation inputs, not internal predictions, not CASP submissions, and not competitive-proof evidence."
7,H2319,H2319_T333,5302,H2319_all_pdbs/Model_8859_af3_woUnpaired_af3_seed_714127_sample_0_pred_590.cif,Model_8859_af3_woUnpaired_af3_seed_714127_sample_0_pred_590.cif,8859,AF3,af3_woUnpaired,714127,0,590,woUnpaired,,False,casp17/massivefold_external_pool_intake/h2319_t333/extracted_models/H2319_all_pdbs/Model_8859_af3_woUnpaired_af3_seed_714127_sample_0_pred_590.cif,awaiting_extract,"MassiveFold model pool index only. It parses organizer-provided external model tarball listings and stages balanced extraction/rerank candidates. These models remain external rerank and accuracy-estimation inputs, not internal predictions, not CASP submissions, and not competitive-proof evidence."
7,H2319,H2319_T333,5321,H2319_all_pdbs/Model_7059_af3_woUnpaired_af3_seed_578565_sample_0_pred_900.cif,Model_7059_af3_woUnpaired_af3_seed_578565_sample_0_pred_900.cif,7059,AF3,af3_woUnpaired,578565,0,900,woUnpaired,,False,casp17/massivefold_external_pool_intake/h2319_t333/extracted_models/H2319_all_pdbs/Model_7059_af3_woUnpaired_af3_seed_578565_sample_0_pred_900.cif,awaiting_extract,"MassiveFold model pool index only. It parses organizer-provided external model tarball listings and stages balanced extraction/rerank candidates. These models remain external rerank and accuracy-estimation inputs, not internal predictions, not CASP submissions, and not competitive-proof evidence."
7,H2319,H2319_T333,5325,H2319_all_pdbs/Model_10916_af3_woUnpaired_af3_seed_57442_sample_0_pred_810.cif,Model_10916_af3_woUnpaired_af3_seed_57442_sample_0_pred_810.cif,10916,AF3,af3_woUnpaired,57442,0,810,woUnpaired,,False,casp17/massivefold_external_pool_intake/h2319_t333/extracted_models/H2319_all_pdbs/Model_10916_af3_woUnpaired_af3_seed_57442_sample_0_pred_810.cif,awaiting_extract,"MassiveFold model pool index only. It parses organizer-provided external model tarball listings and stages balanced extraction/rerank candidates. These models remain external rerank and accuracy-estimation inputs, not internal predictions, not CASP submissions, and not competitive-proof evidence."
7,H2319,H2319_T333,5326,H2319_all_pdbs/Model_7040_af3_woUnpaired_af3_seed_334601_sample_3_pred_708.cif,Model_7040_af3_woUnpaired_af3_seed_334601_sample_3_pred_708.cif,7040,AF3,af3_woUnpaired,334601,3,708,woUnpaired,,False,casp17/massivefold_external_pool_intake/h2319_t333/extracted_models/H2319_all_pdbs/Model_7040_af3_woUnpaired_af3_seed_334601_sample_3_pred_708.cif,awaiting_extract,"MassiveFold model pool index only. It parses organizer-provided external model tarball listings and stages balanced extraction/rerank candidates. These models remain external rerank and accuracy-estimation inputs, not internal predictions, not CASP submissions, and not competitive-proof evidence."
7,H2319,H2319_T333,5328,H2319_all_pdbs/Model_6930_af3_woUnpaired_af3_seed_787940_sample_2_pred_462.cif,Model_6930_af3_woUnpaired_af3_seed_787940_sample_2_pred_462.cif,6930,AF3,af3_woUnpaired,787940,2,462,woUnpaired,,False,casp17/massivefold_external_pool_intake/h2319_t333/extracted_models/H2319_all_pdbs/Model_6930_af3_woUnpaired_af3_seed_787940_sample_2_pred_462.cif,awaiting_extract,"MassiveFold model pool index only. It parses organizer-provided external model tarball listings and stages balanced extraction/rerank candidates. These models remain external rerank and accuracy-estimation inputs, not internal predictions, not CASP submissions, and not competitive-proof evidence."
7,H2319,H2319_T333,5349,H2319_all_pdbs/Model_7787_af3_woUnpaired_af3_seed_714117_sample_3_pred_543.cif,Model_7787_af3_woUnpaired_af3_seed_714117_sample_3_pred_543.cif,7787,AF3,af3_woUnpaired,714117,3,543,woUnpaired,,False,casp17/massivefold_external_pool_intake/h2319_t333/extracted_models/H2319_all_pdbs/Model_7787_af3_woUnpaired_af3_seed_714117_sample_3_pred_543.cif,awaiting_extract,"MassiveFold model pool index only. It parses organizer-provided external model tarball listings and stages balanced extraction/rerank candidates. These models remain external rerank and accuracy-estimation inputs, not internal predictions, not CASP submissions, and not competitive-proof evidence."
7,H2319,H2319_T333,5364,H2319_all_pdbs/Model_8627_af3_woUnpaired_af3_seed_714120_sample_0_pred_555.cif,Model_8627_af3_woUnpaired_af3_seed_714120_sample_0_pred_555.cif,8627,AF3,af3_woUnpaired,714120,0,555,woUnpaired,,False,casp17/massivefold_external_pool_intake/h2319_t333/extracted_models/H2319_all_pdbs/Model_8627_af3_woUnpaired_af3_seed_714120_sample_0_pred_555.cif,awaiting_extract,"MassiveFold model pool index only. It parses organizer-provided external model tarball listings and stages balanced extraction/rerank candidates. These models remain external rerank and accuracy-estimation inputs, not internal predictions, not CASP submissions, and not competitive-proof evidence."
7,H2319,H2319_T333,5379,H2319_all_pdbs/Model_8784_af3_woUnpaired_af3_seed_787947_sample_3_pred_498.cif,Model_8784_af3_woUnpaired_af3_seed_787947_sample_3_pred_498.cif,8784,AF3,af3_woUnpaired,787947,3,498,woUnpaired,,False,casp17/massivefold_external_pool_intake/h2319_t333/extracted_models/H2319_all_pdbs/Model_8784_af3_woUnpaired_af3_seed_787947_sample_3_pred_498.cif,awaiting_extract,"MassiveFold model pool index only. It parses organizer-provided external model tarball listings and stages balanced extraction/rerank candidates. These models remain external rerank and accuracy-estimation inputs, not internal predictions, not CASP submissions, and not competitive-proof evidence."
7,H2319,H2319_T333,5444,H2319_all_pdbs/Model_8872_af3_woUnpaired_af3_seed_57444_sample_0_pred_820.cif,Model_8872_af3_woUnpaired_af3_seed_57444_sample_0_pred_820.cif,8872,AF3,af3_woUnpaired,57444,0,820,woUnpaired,,False,casp17/massivefold_external_pool_intake/h2319_t333/extracted_models/H2319_all_pdbs/Model_8872_af3_woUnpaired_af3_seed_57444_sample_0_pred_820.cif,awaiting_extract,"MassiveFold model pool index only. It parses organizer-provided external model tarball listings and stages balanced extraction/rerank candidates. These models remain external rerank and accuracy-estimation inputs, not internal predictions, not CASP submissions, and not competitive-proof evidence."
7,H2319,H2319_T333,5461,H2319_all_pdbs/Model_6364_af3_woUnpaired_af3_seed_57431_sample_0_pred_755.cif,Model_6364_af3_woUnpaired_af3_seed_57431_sample_0_pred_755.cif,6364,AF3,af3_woUnpaired,57431,0,755,woUnpaired,,False,casp17/massivefold_external_pool_intake/h2319_t333/extracted_models/H2319_all_pdbs/Model_6364_af3_woUnpaired_af3_seed_57431_sample_0_pred_755.cif,awaiting_extract,"MassiveFold model pool index only. It parses organizer-provided external model tarball listings and stages balanced extraction/rerank candidates. These models remain external rerank and accuracy-estimation inputs, not internal predictions, not CASP submissions, and not competitive-proof evidence."
7,H2319,H2319_T333,5467,H2319_all_pdbs/Model_8916_af3_woUnpaired_af3_seed_787926_sample_3_pred_393.cif,Model_8916_af3_woUnpaired_af3_seed_787926_sample_3_pred_393.cif,8916,AF3,af3_woUnpaired,787926,3,393,woUnpaired,,False,casp17/massivefold_external_pool_intake/h2319_t333/extracted_models/H2319_all_pdbs/Model_8916_af3_woUnpaired_af3_seed_787926_sample_3_pred_393.cif,awaiting_extract,"MassiveFold model pool index only. It parses organizer-provided external model tarball listings and stages balanced extraction/rerank candidates. These models remain external rerank and accuracy-estimation inputs, not internal predictions, not CASP submissions, and not competitive-proof evidence."
7,H2319,H2319_T333,5472,H2319_all_pdbs/Model_8798_af3_woUnpaired_af3_seed_466153_sample_1_pred_81.cif,Model_8798_af3_woUnpaired_af3_seed_466153_sample_1_pred_81.cif,8798,AF3,af3_woUnpaired,466153,1,81,woUnpaired,,False,casp17/massivefold_external_pool_intake/h2319_t333/extracted_models/H2319_all_pdbs/Model_8798_af3_woUnpaired_af3_seed_466153_sample_1_pred_81.cif,awaiting_extract,"MassiveFold model pool index only. It parses organizer-provided external model tarball listings and stages balanced extraction/rerank candidates. These models remain external rerank and accuracy-estimation inputs, not internal predictions, not CASP submissions, and not competitive-proof evidence."
7,H2319,H2319_T333,5474,H2319_all_pdbs/Model_10946_af3_woUnpaired_af3_seed_787940_sample_1_pred_461.cif,Model_10946_af3_woUnpaired_af3_seed_787940_sample_1_pred_461.cif,10946,AF3,af3_woUnpaired,787940,1,461,woUnpaired,,False,casp17/massivefold_external_pool_intake/h2319_t333/extracted_models/H2319_all_pdbs/Model_10946_af3_woUnpaired_af3_seed_787940_sample_1_pred_461.cif,awaiting_extract,"MassiveFold model pool index only. It parses organizer-provided external model tarball listings and stages balanced extraction/rerank candidates. These models remain external rerank and accuracy-estimation inputs, not internal predictions, not CASP submissions, and not competitive-proof evidence."
7,H2319,H2319_T333,5475,H2319_all_pdbs/Model_7057_af3_woUnpaired_af3_seed_714131_sample_1_pred_611.cif,Model_7057_af3_woUnpaired_af3_seed_714131_sample_1_pred_611.cif,7057,AF3,af3_woUnpaired,714131,1,611,woUnpaired,,False,casp17/massivefold_external_pool_intake/h2319_t333/extracted_models/H2319_all_pdbs/Model_7057_af3_woUnpaired_af3_seed_714131_sample_1_pred_611.cif,awaiting_extract,"MassiveFold model pool index only. It parses organizer-provided external model tarball listings and stages balanced extraction/rerank candidates. These models remain external rerank and accuracy-estimation inputs, not internal predictions, not CASP submissions, and not competitive-proof evidence."
7,H2319,H2319_T333,5509,H2319_all_pdbs/Model_8875_af3_woUnpaired_af3_seed_57440_sample_1_pred_801.cif,Model_8875_af3_woUnpaired_af3_seed_57440_sample_1_pred_801.cif,8875,AF3,af3_woUnpaired,57440,1,801,woUnpaired,,False,casp17/massivefold_external_pool_intake/h2319_t333/extracted_models/H2319_all_pdbs/Model_8875_af3_woUnpaired_af3_seed_57440_sample_1_pred_801.cif,awaiting_extract,"MassiveFold model pool index only. It parses organizer-provided external model tarball listings and stages balanced extraction/rerank candidates. These models remain external rerank and accuracy-estimation inputs, not internal predictions, not CASP submissions, and not competitive-proof evidence."
7,H2319,H2319_T333,5535,H2319_all_pdbs/Model_7030_af3_woUnpaired_af3_seed_466156_sample_4_pred_99.cif,Model_7030_af3_woUnpaired_af3_seed_466156_sample_4_pred_99.cif,7030,AF3,af3_woUnpaired,466156,4,99,woUnpaired,,False,casp17/massivefold_external_pool_intake/h2319_t333/extracted_models/H2319_all_pdbs/Model_7030_af3_woUnpaired_af3_seed_466156_sample_4_pred_99.cif,awaiting_extract,"MassiveFold model pool index only. It parses organizer-provided external model tarball listings and stages balanced extraction/rerank candidates. These models remain external rerank and accuracy-estimation inputs, not internal predictions, not CASP submissions, and not competitive-proof evidence."
7,H2319,H2319_T333,5542,H2319_all_pdbs/Model_10246_af3_woUnpaired_af3_seed_334608_sample_3_pred_743.cif,Model_10246_af3_woUnpaired_af3_seed_334608_sample_3_pred_743.cif,10246,AF3,af3_woUnpaired,334608,3,743,woUnpaired,,False,casp17/massivefold_external_pool_intake/h2319_t333/extracted_models/H2319_all_pdbs/Model_10246_af3_woUnpaired_af3_seed_334608_sample_3_pred_743.cif,awaiting_extract,"MassiveFold model pool index only. It parses organizer-provided external model tarball listings and stages balanced extraction/rerank candidates. These models remain external rerank and accuracy-estimation inputs, not internal predictions, not CASP submissions, and not competitive-proof evidence."
7,H2319,H2319_T333,5583,H2319_all_pdbs/Model_8799_af3_woUnpaired_af3_seed_42987_sample_2_pred_357.cif,Model_8799_af3_woUnpaired_af3_seed_42987_sample_2_pred_357.cif,8799,AF3,af3_woUnpaired,42987,2,357,woUnpaired,,False,casp17/massivefold_external_pool_intake/h2319_t333/extracted_models/H2319_all_pdbs/Model_8799_af3_woUnpaired_af3_seed_42987_sample_2_pred_357.cif,awaiting_extract,"MassiveFold model pool index only. It parses organizer-provided external model tarball listings and stages balanced extraction/rerank candidates. These models remain external rerank and accuracy-estimation inputs, not internal predictions, not CASP submissions, and not competitive-proof evidence."
7,H2319,H2319_T333,5584,H2319_all_pdbs/Model_6985_af3_woUnpaired_af3_seed_57444_sample_2_pred_822.cif,Model_6985_af3_woUnpaired_af3_seed_57444_sample_2_pred_822.cif,6985,AF3,af3_woUnpaired,57444,2,822,woUnpaired,,False,casp17/massivefold_external_pool_intake/h2319_t333/extracted_models/H2319_all_pdbs/Model_6985_af3_woUnpaired_af3_seed_57444_sample_2_pred_822.cif,awaiting_extract,"MassiveFold model pool index only. It parses organizer-provided external model tarball listings and stages balanced extraction/rerank candidates. These models remain external rerank and accuracy-estimation inputs, not internal predictions, not CASP submissions, and not competitive-proof evidence."
7,H2319,H2319_T333,5620,H2319_all_pdbs/Model_8944_af3_woUnpaired_af3_seed_42980_sample_2_pred_322.cif,Model_8944_af3_woUnpaired_af3_seed_42980_sample_2_pred_322.cif,8944,AF3,af3_woUnpaired,42980,2,322,woUnpaired,,False,casp17/massivefold_external_pool_intake/h2319_t333/extracted_models/H2319_all_pdbs/Model_8944_af3_woUnpaired_af3_seed_42980_sample_2_pred_322.cif,awaiting_extract,"MassiveFold model pool index only. It parses organizer-provided external model tarball listings and stages balanced extraction/rerank candidates. These models remain external rerank and accuracy-estimation inputs, not internal predictions, not CASP submissions, and not competitive-proof evidence."
7,H2319,H2319_T333,5658,H2319_all_pdbs/Model_7070_af3_woUnpaired_af3_seed_714110_sample_4_pred_509.cif,Model_7070_af3_woUnpaired_af3_seed_714110_sample_4_pred_509.cif,7070,AF3,af3_woUnpaired,714110,4,509,woUnpaired,,False,casp17/massivefold_external_pool_intake/h2319_t333/extracted_models/H2319_all_pdbs/Model_7070_af3_woUnpaired_af3_seed_714110_sample_4_pred_509.cif,awaiting_extract,"MassiveFold model pool index only. It parses organizer-provided external model tarball listings and stages balanced extraction/rerank candidates. These models remain external rerank and accuracy-estimation inputs, not internal predictions, not CASP submissions, and not competitive-proof evidence."
7,H2319,H2319_T333,5690,H2319_all_pdbs/Model_8864_af3_woUnpaired_af3_seed_42977_sample_1_pred_306.cif,Model_8864_af3_woUnpaired_af3_seed_42977_sample_1_pred_306.cif,8864,AF3,af3_woUnpaired,42977,1,306,woUnpaired,,False,casp17/massivefold_external_pool_intake/h2319_t333/extracted_models/H2319_all_pdbs/Model_8864_af3_woUnpaired_af3_seed_42977_sample_1_pred_306.cif,awaiting_extract,"MassiveFold model pool index only. It parses organizer-provided external model tarball listings and stages balanced extraction/rerank candidates. These models remain external rerank and accuracy-estimation inputs, not internal predictions, not CASP submissions, and not competitive-proof evidence."
7,H2319,H2319_T333,5696,H2319_all_pdbs/Model_7746_af3_woUnpaired_af3_seed_57441_sample_4_pred_809.cif,Model_7746_af3_woUnpaired_af3_seed_57441_sample_4_pred_809.cif,7746,AF3,af3_woUnpaired,57441,4,809,woUnpaired,,False,casp17/massivefold_external_pool_intake/h2319_t333/extracted_models/H2319_all_pdbs/Model_7746_af3_woUnpaired_af3_seed_57441_sample_4_pred_809.cif,awaiting_extract,"MassiveFold model pool index only. It parses organizer-provided external model tarball listings and stages balanced extraction/rerank candidates. These models remain external rerank and accuracy-estimation inputs, not internal predictions, not CASP submissions, and not competitive-proof evidence."
7,H2319,H2319_T333,5699,H2319_all_pdbs/Model_8936_af3_woUnpaired_af3_seed_57444_sample_1_pred_821.cif,Model_8936_af3_woUnpaired_af3_seed_57444_sample_1_pred_821.cif,8936,AF3,af3_woUnpaired,57444,1,821,woUnpaired,,False,casp17/massivefold_external_pool_intake/h2319_t333/extracted_models/H2319_all_pdbs/Model_8936_af3_woUnpaired_af3_seed_57444_sample_1_pred_821.cif,awaiting_extract,"MassiveFold model pool index only. It parses organizer-provided external model tarball listings and stages balanced extraction/rerank candidates. These models remain external rerank and accuracy-estimation inputs, not internal predictions, not CASP submissions, and not competitive-proof evidence."
7,H2319,H2319_T333,5714,H2319_all_pdbs/Model_7695_af3_woUnpaired_af3_seed_714111_sample_3_pred_513.cif,Model_7695_af3_woUnpaired_af3_seed_714111_sample_3_pred_513.cif,7695,AF3,af3_woUnpaired,714111,3,513,woUnpaired,,False,casp17/massivefold_external_pool_intake/h2319_t333/extracted_models/H2319_all_pdbs/Model_7695_af3_woUnpaired_af3_seed_714111_sample_3_pred_513.cif,awaiting_extract,"MassiveFold model pool index only. It parses organizer-provided external model tarball listings and stages balanced extraction/rerank candidates. These models remain external rerank and accuracy-estimation inputs, not internal predictions, not CASP submissions, and not competitive-proof evidence."
7,H2319,H2319_T333,5733,H2319_all_pdbs/Model_7003_af3_woUnpaired_af3_seed_42977_sample_4_pred_309.cif,Model_7003_af3_woUnpaired_af3_seed_42977_sample_4_pred_309.cif,7003,AF3,af3_woUnpaired,42977,4,309,woUnpaired,,False,casp17/massivefold_external_pool_intake/h2319_t333/extracted_models/H2319_all_pdbs/Model_7003_af3_woUnpaired_af3_seed_42977_sample_4_pred_309.cif,awaiting_extract,"MassiveFold model pool index only. It parses organizer-provided external model tarball listings and stages balanced extraction/rerank candidates. These models remain external rerank and accuracy-estimation inputs, not internal predictions, not CASP submissions, and not competitive-proof evidence."
7,H2319,H2319_T333,5744,H2319_all_pdbs/Model_7752_af3_woUnpaired_af3_seed_57439_sample_4_pred_799.cif,Model_7752_af3_woUnpaired_af3_seed_57439_sample_4_pred_799.cif,7752,AF3,af3_woUnpaired,57439,4,799,woUnpaired,,False,casp17/massivefold_external_pool_intake/h2319_t333/extracted_models/H2319_all_pdbs/Model_7752_af3_woUnpaired_af3_seed_57439_sample_4_pred_799.cif,awaiting_extract,"MassiveFold model pool index only. It parses organizer-provided external model tarball listings and stages balanced extraction/rerank candidates. These models remain external rerank and accuracy-estimation inputs, not internal predictions, not CASP submissions, and not competitive-proof evidence."
7,H2319,H2319_T333,5792,H2319_all_pdbs/Model_10962_af3_woUnpaired_af3_seed_578584_sample_0_pred_995.cif,Model_10962_af3_woUnpaired_af3_seed_578584_sample_0_pred_995.cif,10962,AF3,af3_woUnpaired,578584,0,995,woUnpaired,,False,casp17/massivefold_external_pool_intake/h2319_t333/extracted_models/H2319_all_pdbs/Model_10962_af3_woUnpaired_af3_seed_578584_sample_0_pred_995.cif,awaiting_extract,"MassiveFold model pool index only. It parses organizer-provided external model tarball listings and stages balanced extraction/rerank candidates. These models remain external rerank and accuracy-estimation inputs, not internal predictions, not CASP submissions, and not competitive-proof evidence."
7,H2319,H2319_T333,5799,H2319_all_pdbs/Model_7038_af3_woUnpaired_af3_seed_57433_sample_2_pred_767.cif,Model_7038_af3_woUnpaired_af3_seed_57433_sample_2_pred_767.cif,7038,AF3,af3_woUnpaired,57433,2,767,woUnpaired,,False,casp17/massivefold_external_pool_intake/h2319_t333/extracted_models/H2319_all_pdbs/Model_7038_af3_woUnpaired_af3_seed_57433_sample_2_pred_767.cif,awaiting_extract,"MassiveFold model pool index only. It parses organizer-provided external model tarball listings and stages balanced extraction/rerank candidates. These models remain external rerank and accuracy-estimation inputs, not internal predictions, not CASP submissions, and not competitive-proof evidence."
7,H2319,H2319_T333,5814,H2319_all_pdbs/Model_6154_af3_woUnpaired_af3_seed_646821_sample_4_pred_149.cif,Model_6154_af3_woUnpaired_af3_seed_646821_sample_4_pred_149.cif,6154,AF3,af3_woUnpaired,646821,4,149,woUnpaired,,False,casp17/massivefold_external_pool_intake/h2319_t333/extracted_models/H2319_all_pdbs/Model_6154_af3_woUnpaired_af3_seed_646821_sample_4_pred_149.cif,awaiting_extract,"MassiveFold model pool index only. It parses organizer-provided external model tarball listings and stages balanced extraction/rerank candidates. These models remain external rerank and accuracy-estimation inputs, not internal predictions, not CASP submissions, and not competitive-proof evidence."
7,H2319,H2319_T333,5826,H2319_all_pdbs/Model_6978_af3_woUnpaired_af3_seed_714130_sample_4_pred_609.cif,Model_6978_af3_woUnpaired_af3_seed_714130_sample_4_pred_609.cif,6978,AF3,af3_woUnpaired,714130,4,609,woUnpaired,,False,casp17/massivefold_external_pool_intake/h2319_t333/extracted_models/H2319_all_pdbs/Model_6978_af3_woUnpaired_af3_seed_714130_sample_4_pred_609.cif,awaiting_extract,"MassiveFold model pool index only. It parses organizer-provided external model tarball listings and stages balanced extraction/rerank candidates. These models remain external rerank and accuracy-estimation inputs, not internal predictions, not CASP submissions, and not competitive-proof evidence."
7,H2319,H2319_T333,5830,H2319_all_pdbs/Model_6936_af3_woUnpaired_af3_seed_578561_sample_0_pred_880.cif,Model_6936_af3_woUnpaired_af3_seed_578561_sample_0_pred_880.cif,6936,AF3,af3_woUnpaired,578561,0,880,woUnpaired,,False,casp17/massivefold_external_pool_intake/h2319_t333/extracted_models/H2319_all_pdbs/Model_6936_af3_woUnpaired_af3_seed_578561_sample_0_pred_880.cif,awaiting_extract,"MassiveFold model pool index only. It parses organizer-provided external model tarball listings and stages balanced extraction/rerank candidates. These models remain external rerank and accuracy-estimation inputs, not internal predictions, not CASP submissions, and not competitive-proof evidence."
7,H2319,H2319_T333,5838,H2319_all_pdbs/Model_7047_af3_woUnpaired_af3_seed_466154_sample_2_pred_87.cif,Model_7047_af3_woUnpaired_af3_seed_466154_sample_2_pred_87.cif,7047,AF3,af3_woUnpaired,466154,2,87,woUnpaired,,False,casp17/massivefold_external_pool_intake/h2319_t333/extracted_models/H2319_all_pdbs/Model_7047_af3_woUnpaired_af3_seed_466154_sample_2_pred_87.cif,awaiting_extract,"MassiveFold model pool index only. It parses organizer-provided external model tarball listings and stages balanced extraction/rerank candidates. These models remain external rerank and accuracy-estimation inputs, not internal predictions, not CASP submissions, and not competitive-proof evidence."
7,H2319,H2319_T333,5854,H2319_all_pdbs/Model_6954_af3_woUnpaired_af3_seed_57439_sample_2_pred_797.cif,Model_6954_af3_woUnpaired_af3_seed_57439_sample_2_pred_797.cif,6954,AF3,af3_woUnpaired,57439,2,797,woUnpaired,,False,casp17/massivefold_external_pool_intake/h2319_t333/extracted_models/H2319_all_pdbs/Model_6954_af3_woUnpaired_af3_seed_57439_sample_2_pred_797.cif,awaiting_extract,"MassiveFold model pool index only. It parses organizer-provided external model tarball listings and stages balanced extraction/rerank candidates. These models remain external rerank and accuracy-estimation inputs, not internal predictions, not CASP submissions, and not competitive-proof evidence."
7,H2319,H2319_T333,5871,H2319_all_pdbs/Model_8699_af3_woUnpaired_af3_seed_578570_sample_0_pred_925.cif,Model_8699_af3_woUnpaired_af3_seed_578570_sample_0_pred_925.cif,8699,AF3,af3_woUnpaired,578570,0,925,woUnpaired,,False,casp17/massivefold_external_pool_intake/h2319_t333/extracted_models/H2319_all_pdbs/Model_8699_af3_woUnpaired_af3_seed_578570_sample_0_pred_925.cif,awaiting_extract,"MassiveFold model pool index only. It parses organizer-provided external model tarball listings and stages balanced extraction/rerank candidates. These models remain external rerank and accuracy-estimation inputs, not internal predictions, not CASP submissions, and not competitive-proof evidence."
7,H2319,H2319_T333,5890,H2319_all_pdbs/Model_8607_af3_woUnpaired_af3_seed_42966_sample_2_pred_252.cif,Model_8607_af3_woUnpaired_af3_seed_42966_sample_2_pred_252.cif,8607,AF3,af3_woUnpaired,42966,2,252,woUnpaired,,False,casp17/massivefold_external_pool_intake/h2319_t333/extracted_models/H2319_all_pdbs/Model_8607_af3_woUnpaired_af3_seed_42966_sample_2_pred_252.cif,awaiting_extract,"MassiveFold model pool index only. It parses organizer-provided external model tarball listings and stages balanced extraction/rerank candidates. These models remain external rerank and accuracy-estimation inputs, not internal predictions, not CASP submissions, and not competitive-proof evidence."
7,H2319,H2319_T333,5895,H2319_all_pdbs/Model_10997_af3_woUnpaired_af3_seed_466160_sample_0_pred_115.cif,Model_10997_af3_woUnpaired_af3_seed_466160_sample_0_pred_115.cif,10997,AF3,af3_woUnpaired,466160,0,115,woUnpaired,,False,casp17/massivefold_external_pool_intake/h2319_t333/extracted_models/H2319_all_pdbs/Model_10997_af3_woUnpaired_af3_seed_466160_sample_0_pred_115.cif,awaiting_extract,"MassiveFold model pool index only. It parses organizer-provided external model tarball listings and stages balanced extraction/rerank candidates. These models remain external rerank and accuracy-estimation inputs, not internal predictions, not CASP submissions, and not competitive-proof evidence."
7,H2319,H2319_T333,5899,H2319_all_pdbs/Model_8657_af3_woUnpaired_af3_seed_714117_sample_2_pred_542.cif,Model_8657_af3_woUnpaired_af3_seed_714117_sample_2_pred_542.cif,8657,AF3,af3_woUnpaired,714117,2,542,woUnpaired,,False,casp17/massivefold_external_pool_intake/h2319_t333/extracted_models/H2319_all_pdbs/Model_8657_af3_woUnpaired_af3_seed_714117_sample_2_pred_542.cif,awaiting_extract,"MassiveFold model pool index only. It parses organizer-provided external model tarball listings and stages balanced extraction/rerank candidates. These models remain external rerank and accuracy-estimation inputs, not internal predictions, not CASP submissions, and not competitive-proof evidence."
7,H2319,H2319_T333,5912,H2319_all_pdbs/Model_8686_af3_woUnpaired_af3_seed_714133_sample_1_pred_621.cif,Model_8686_af3_woUnpaired_af3_seed_714133_sample_1_pred_621.cif,8686,AF3,af3_woUnpaired,714133,1,621,woUnpaired,,False,casp17/massivefold_external_pool_intake/h2319_t333/extracted_models/H2319_all_pdbs/Model_8686_af3_woUnpaired_af3_seed_714133_sample_1_pred_621.cif,awaiting_extract,"MassiveFold model pool index only. It parses organizer-provided external model tarball listings and stages balanced extraction/rerank candidates. These models remain external rerank and accuracy-estimation inputs, not internal predictions, not CASP submissions, and not competitive-proof evidence."
7,H2319,H2319_T333,5968,H2319_all_pdbs/Model_7053_af3_woUnpaired_af3_seed_646835_sample_2_pred_217.cif,Model_7053_af3_woUnpaired_af3_seed_646835_sample_2_pred_217.cif,7053,AF3,af3_woUnpaired,646835,2,217,woUnpaired,,False,casp17/massivefold_external_pool_intake/h2319_t333/extracted_models/H2319_all_pdbs/Model_7053_af3_woUnpaired_af3_seed_646835_sample_2_pred_217.cif,awaiting_extract,"MassiveFold model pool index only. It parses organizer-provided external model tarball listings and stages balanced extraction/rerank candidates. These models remain external rerank and accuracy-estimation inputs, not internal predictions, not CASP submissions, and not competitive-proof evidence."
7,H2319,H2319_T333,5976,H2319_all_pdbs/Model_8752_af3_woUnpaired_af3_seed_42970_sample_2_pred_272.cif,Model_8752_af3_woUnpaired_af3_seed_42970_sample_2_pred_272.cif,8752,AF3,af3_woUnpaired,42970,2,272,woUnpaired,,False,casp17/massivefold_external_pool_intake/h2319_t333/extracted_models/H2319_all_pdbs/Model_8752_af3_woUnpaired_af3_seed_42970_sample_2_pred_272.cif,awaiting_extract,"MassiveFold model pool index only. It parses organizer-provided external model tarball listings and stages balanced extraction/rerank candidates. These models remain external rerank and accuracy-estimation inputs, not internal predictions, not CASP submissions, and not competitive-proof evidence."
7,H2319,H2319_T333,6006,H2319_all_pdbs/Model_8942_af3_woUnpaired_af3_seed_714115_sample_1_pred_531.cif,Model_8942_af3_woUnpaired_af3_seed_714115_sample_1_pred_531.cif,8942,AF3,af3_woUnpaired,714115,1,531,woUnpaired,,False,casp17/massivefold_external_pool_intake/h2319_t333/extracted_models/H2319_all_pdbs/Model_8942_af3_woUnpaired_af3_seed_714115_sample_1_pred_531.cif,awaiting_extract,"MassiveFold model pool index only. It parses organizer-provided external model tarball listings and stages balanced extraction/rerank candidates. These models remain external rerank and accuracy-estimation inputs, not internal predictions, not CASP submissions, and not competitive-proof evidence."
7,H2319,H2319_T333,6018,H2319_all_pdbs/Model_12204_af3_woUnpaired_af3_seed_646829_sample_3_pred_188.cif,Model_12204_af3_woUnpaired_af3_seed_646829_sample_3_pred_188.cif,12204,AF3,af3_woUnpaired,646829,3,188,woUnpaired,,False,casp17/massivefold_external_pool_intake/h2319_t333/extracted_models/H2319_all_pdbs/Model_12204_af3_woUnpaired_af3_seed_646829_sample_3_pred_188.cif,awaiting_extract,"MassiveFold model pool index only. It parses organizer-provided external model tarball listings and stages balanced extraction/rerank candidates. These models remain external rerank and accuracy-estimation inputs, not internal predictions, not CASP submissions, and not competitive-proof evidence."
7,H2319,H2319_T333,6023,H2319_all_pdbs/Model_12209_af3_woUnpaired_af3_seed_787935_sample_4_pred_439.cif,Model_12209_af3_woUnpaired_af3_seed_787935_sample_4_pred_439.cif,12209,AF3,af3_woUnpaired,787935,4,439,woUnpaired,,False,casp17/massivefold_external_pool_intake/h2319_t333/extracted_models/H2319_all_pdbs/Model_12209_af3_woUnpaired_af3_seed_787935_sample_4_pred_439.cif,awaiting_extract,"MassiveFold model pool index only. It parses organizer-provided external model tarball listings and stages balanced extraction/rerank candidates. These models remain external rerank and accuracy-estimation inputs, not internal predictions, not CASP submissions, and not competitive-proof evidence."
7,H2319,H2319_T333,6032,H2319_all_pdbs/Model_8811_af3_woUnpaired_af3_seed_787929_sample_0_pred_405.cif,Model_8811_af3_woUnpaired_af3_seed_787929_sample_0_pred_405.cif,8811,AF3,af3_woUnpaired,787929,0,405,woUnpaired,,False,casp17/massivefold_external_pool_intake/h2319_t333/extracted_models/H2319_all_pdbs/Model_8811_af3_woUnpaired_af3_seed_787929_sample_0_pred_405.cif,awaiting_extract,"MassiveFold model pool index only. It parses organizer-provided external model tarball listings and stages balanced extraction/rerank candidates. These models remain external rerank and accuracy-estimation inputs, not internal predictions, not CASP submissions, and not competitive-proof evidence."
7,H2319,H2319_T333,6064,H2319_all_pdbs/Model_7734_af3_woUnpaired_af3_seed_42970_sample_4_pred_274.cif,Model_7734_af3_woUnpaired_af3_seed_42970_sample_4_pred_274.cif,7734,AF3,af3_woUnpaired,42970,4,274,woUnpaired,,False,casp17/massivefold_external_pool_intake/h2319_t333/extracted_models/H2319_all_pdbs/Model_7734_af3_woUnpaired_af3_seed_42970_sample_4_pred_274.cif,awaiting_extract,"MassiveFold model pool index only. It parses organizer-provided external model tarball listings and stages balanced extraction/rerank candidates. These models remain external rerank and accuracy-estimation inputs, not internal predictions, not CASP submissions, and not competitive-proof evidence."
7,H2319,H2319_T333,6075,H2319_all_pdbs/Model_8676_af3_woUnpaired_af3_seed_714129_sample_4_pred_604.cif,Model_8676_af3_woUnpaired_af3_seed_714129_sample_4_pred_604.cif,8676,AF3,af3_woUnpaired,714129,4,604,woUnpaired,,False,casp17/massivefold_external_pool_intake/h2319_t333/extracted_models/H2319_all_pdbs/Model_8676_af3_woUnpaired_af3_seed_714129_sample_4_pred_604.cif,awaiting_extract,"MassiveFold model pool index only. It parses organizer-provided external model tarball listings and stages balanced extraction/rerank candidates. These models remain external rerank and accuracy-estimation inputs, not internal predictions, not CASP submissions, and not competitive-proof evidence."
7,H2319,H2319_T333,6082,H2319_all_pdbs/Model_10950_af3_woUnpaired_af3_seed_787938_sample_3_pred_453.cif,Model_10950_af3_woUnpaired_af3_seed_787938_sample_3_pred_453.cif,10950,AF3,af3_woUnpaired,787938,3,453,woUnpaired,,False,casp17/massivefold_external_pool_intake/h2319_t333/extracted_models/H2319_all_pdbs/Model_10950_af3_woUnpaired_af3_seed_787938_sample_3_pred_453.cif,awaiting_extract,"MassiveFold model pool index only. It parses organizer-provided external model tarball listings and stages balanced extraction/rerank candidates. These models remain external rerank and accuracy-estimation inputs, not internal predictions, not CASP submissions, and not competitive-proof evidence."
7,H2319,H2319_T333,6084,H2319_all_pdbs/Model_11009_af3_woUnpaired_af3_seed_646841_sample_4_pred_249.cif,Model_11009_af3_woUnpaired_af3_seed_646841_sample_4_pred_249.cif,11009,AF3,af3_woUnpaired,646841,4,249,woUnpaired,,False,casp17/massivefold_external_pool_intake/h2319_t333/extracted_models/H2319_all_pdbs/Model_11009_af3_woUnpaired_af3_seed_646841_sample_4_pred_249.cif,awaiting_extract,"MassiveFold model pool index only. It parses organizer-provided external model tarball listings and stages balanced extraction/rerank candidates. These models remain external rerank and accuracy-estimation inputs, not internal predictions, not CASP submissions, and not competitive-proof evidence."
7,H2319,H2319_T333,6107,H2319_all_pdbs/Model_8940_af3_woUnpaired_af3_seed_466138_sample_2_pred_7.cif,Model_8940_af3_woUnpaired_af3_seed_466138_sample_2_pred_7.cif,8940,AF3,af3_woUnpaired,466138,2,7,woUnpaired,,False,casp17/massivefold_external_pool_intake/h2319_t333/extracted_models/H2319_all_pdbs/Model_8940_af3_woUnpaired_af3_seed_466138_sample_2_pred_7.cif,awaiting_extract,"MassiveFold model pool index only. It parses organizer-provided external model tarball listings and stages balanced extraction/rerank candidates. These models remain external rerank and accuracy-estimation inputs, not internal predictions, not CASP submissions, and not competitive-proof evidence."
7,H2319,H2319_T333,6109,H2319_all_pdbs/Model_6898_af3_woUnpaired_af3_seed_42976_sample_4_pred_304.cif,Model_6898_af3_woUnpaired_af3_seed_42976_sample_4_pred_304.cif,6898,AF3,af3_woUnpaired,42976,4,304,woUnpaired,,False,casp17/massivefold_external_pool_intake/h2319_t333/extracted_models/H2319_all_pdbs/Model_6898_af3_woUnpaired_af3_seed_42976_sample_4_pred_304.cif,awaiting_extract,"MassiveFold model pool index only. It parses organizer-provided external model tarball listings and stages balanced extraction/rerank candidates. These models remain external rerank and accuracy-estimation inputs, not internal predictions, not CASP submissions, and not competitive-proof evidence."
7,H2319,H2319_T333,6133,H2319_all_pdbs/Model_8860_af3_woUnpaired_af3_seed_714122_sample_2_pred_567.cif,Model_8860_af3_woUnpaired_af3_seed_714122_sample_2_pred_567.cif,8860,AF3,af3_woUnpaired,714122,2,567,woUnpaired,,False,casp17/massivefold_external_pool_intake/h2319_t333/extracted_models/H2319_all_pdbs/Model_8860_af3_woUnpaired_af3_seed_714122_sample_2_pred_567.cif,awaiting_extract,"MassiveFold model pool index only. It parses organizer-provided external model tarball listings and stages balanced extraction/rerank candidates. These models remain external rerank and accuracy-estimation inputs, not internal predictions, not CASP submissions, and not competitive-proof evidence."
7,H2319,H2319_T333,6137,H2319_all_pdbs/Model_6388_af3_woUnpaired_af3_seed_42969_sample_0_pred_265.cif,Model_6388_af3_woUnpaired_af3_seed_42969_sample_0_pred_265.cif,6388,AF3,af3_woUnpaired,42969,0,265,woUnpaired,,False,casp17/massivefold_external_pool_intake/h2319_t333/extracted_models/H2319_all_pdbs/Model_6388_af3_woUnpaired_af3_seed_42969_sample_0_pred_265.cif,awaiting_extract,"MassiveFold model pool index only. It parses organizer-provided external model tarball listings and stages balanced extraction/rerank candidates. These models remain external rerank and accuracy-estimation inputs, not internal predictions, not CASP submissions, and not competitive-proof evidence."
7,H2319,H2319_T333,6141,H2319_all_pdbs/Model_6940_af3_woUnpaired_af3_seed_787923_sample_1_pred_376.cif,Model_6940_af3_woUnpaired_af3_seed_787923_sample_1_pred_376.cif,6940,AF3,af3_woUnpaired,787923,1,376,woUnpaired,,False,casp17/massivefold_external_pool_intake/h2319_t333/extracted_models/H2319_all_pdbs/Model_6940_af3_woUnpaired_af3_seed_787923_sample_1_pred_376.cif,awaiting_extract,"MassiveFold model pool index only. It parses organizer-provided external model tarball listings and stages balanced extraction/rerank candidates. These models remain external rerank and accuracy-estimation inputs, not internal predictions, not CASP submissions, and not competitive-proof evidence."
7,H2319,H2319_T333,6203,H2319_all_pdbs/Model_7067_af3_woUnpaired_af3_seed_42980_sample_0_pred_320.cif,Model_7067_af3_woUnpaired_af3_seed_42980_sample_0_pred_320.cif,7067,AF3,af3_woUnpaired,42980,0,320,woUnpaired,,False,casp17/massivefold_external_pool_intake/h2319_t333/extracted_models/H2319_all_pdbs/Model_7067_af3_woUnpaired_af3_seed_42980_sample_0_pred_320.cif,awaiting_extract,"MassiveFold model pool index only. It parses organizer-provided external model tarball listings and stages balanced extraction/rerank candidates. These models remain external rerank and accuracy-estimation inputs, not internal predictions, not CASP submissions, and not competitive-proof evidence."
7,H2319,H2319_T333,6205,H2319_all_pdbs/Model_7729_af3_woUnpaired_af3_seed_334606_sample_0_pred_730.cif,Model_7729_af3_woUnpaired_af3_seed_334606_sample_0_pred_730.cif,7729,AF3,af3_woUnpaired,334606,0,730,woUnpaired,,False,casp17/massivefold_external_pool_intake/h2319_t333/extracted_models/H2319_all_pdbs/Model_7729_af3_woUnpaired_af3_seed_334606_sample_0_pred_730.cif,awaiting_extract,"MassiveFold model pool index only. It parses organizer-provided external model tarball listings and stages balanced extraction/rerank candidates. These models remain external rerank and accuracy-estimation inputs, not internal predictions, not CASP submissions, and not competitive-proof evidence."
7,H2319,H2319_T333,6236,H2319_all_pdbs/Model_7753_af3_woUnpaired_af3_seed_57438_sample_1_pred_791.cif,Model_7753_af3_woUnpaired_af3_seed_57438_sample_1_pred_791.cif,7753,AF3,af3_woUnpaired,57438,1,791,woUnpaired,,False,casp17/massivefold_external_pool_intake/h2319_t333/extracted_models/H2319_all_pdbs/Model_7753_af3_woUnpaired_af3_seed_57438_sample_1_pred_791.cif,awaiting_extract,"MassiveFold model pool index only. It parses organizer-provided external model tarball listings and stages balanced extraction/rerank candidates. These models remain external rerank and accuracy-estimation inputs, not internal predictions, not CASP submissions, and not competitive-proof evidence."
7,H2319,H2319_T333,6247,H2319_all_pdbs/Model_7718_af3_woUnpaired_af3_seed_334603_sample_0_pred_715.cif,Model_7718_af3_woUnpaired_af3_seed_334603_sample_0_pred_715.cif,7718,AF3,af3_woUnpaired,334603,0,715,woUnpaired,,False,casp17/massivefold_external_pool_intake/h2319_t333/extracted_models/H2319_all_pdbs/Model_7718_af3_woUnpaired_af3_seed_334603_sample_0_pred_715.cif,awaiting_extract,"MassiveFold model pool index only. It parses organizer-provided external model tarball listings and stages balanced extraction/rerank candidates. These models remain external rerank and accuracy-estimation inputs, not internal predictions, not CASP submissions, and not competitive-proof evidence."
7,H2319,H2319_T333,6262,H2319_all_pdbs/Model_7697_af3_woUnpaired_af3_seed_578582_sample_1_pred_986.cif,Model_7697_af3_woUnpaired_af3_seed_578582_sample_1_pred_986.cif,7697,AF3,af3_woUnpaired,578582,1,986,woUnpaired,,False,casp17/massivefold_external_pool_intake/h2319_t333/extracted_models/H2319_all_pdbs/Model_7697_af3_woUnpaired_af3_seed_578582_sample_1_pred_986.cif,awaiting_extract,"MassiveFold model pool index only. It parses organizer-provided external model tarball listings and stages balanced extraction/rerank candidates. These models remain external rerank and accuracy-estimation inputs, not internal predictions, not CASP submissions, and not competitive-proof evidence."
7,H2319,H2319_T333,6293,H2319_all_pdbs/Model_8913_af3_woUnpaired_af3_seed_334606_sample_1_pred_731.cif,Model_8913_af3_woUnpaired_af3_seed_334606_sample_1_pred_731.cif,8913,AF3,af3_woUnpaired,334606,1,731,woUnpaired,,False,casp17/massivefold_external_pool_intake/h2319_t333/extracted_models/H2319_all_pdbs/Model_8913_af3_woUnpaired_af3_seed_334606_sample_1_pred_731.cif,awaiting_extract,"MassiveFold model pool index only. It parses organizer-provided external model tarball listings and stages balanced extraction/rerank candidates. These models remain external rerank and accuracy-estimation inputs, not internal predictions, not CASP submissions, and not competitive-proof evidence."
7,H2319,H2319_T333,6315,H2319_all_pdbs/Model_7760_af3_woUnpaired_af3_seed_57434_sample_1_pred_771.cif,Model_7760_af3_woUnpaired_af3_seed_57434_sample_1_pred_771.cif,7760,AF3,af3_woUnpaired,57434,1,771,woUnpaired,,False,casp17/massivefold_external_pool_intake/h2319_t333/extracted_models/H2319_all_pdbs/Model_7760_af3_woUnpaired_af3_seed_57434_sample_1_pred_771.cif,awaiting_extract,"MassiveFold model pool index only. It parses organizer-provided external model tarball listings and stages balanced extraction/rerank candidates. These models remain external rerank and accuracy-estimation inputs, not internal predictions, not CASP submissions, and not competitive-proof evidence."
7,H2319,H2319_T333,6342,H2319_all_pdbs/Model_6402_af3_woUnpaired_af3_seed_646817_sample_4_pred_129.cif,Model_6402_af3_woUnpaired_af3_seed_646817_sample_4_pred_129.cif,6402,AF3,af3_woUnpaired,646817,4,129,woUnpaired,,False,casp17/massivefold_external_pool_intake/h2319_t333/extracted_models/H2319_all_pdbs/Model_6402_af3_woUnpaired_af3_seed_646817_sample_4_pred_129.cif,awaiting_extract,"MassiveFold model pool index only. It parses organizer-provided external model tarball listings and stages balanced extraction/rerank candidates. These models remain external rerank and accuracy-estimation inputs, not internal predictions, not CASP submissions, and not competitive-proof evidence."
7,H2319,H2319_T333,6381,H2319_all_pdbs/Model_8672_af3_woUnpaired_af3_seed_334598_sample_4_pred_694.cif,Model_8672_af3_woUnpaired_af3_seed_334598_sample_4_pred_694.cif,8672,AF3,af3_woUnpaired,334598,4,694,woUnpaired,,False,casp17/massivefold_external_pool_intake/h2319_t333/extracted_models/H2319_all_pdbs/Model_8672_af3_woUnpaired_af3_seed_334598_sample_4_pred_694.cif,awaiting_extract,"MassiveFold model pool index only. It parses organizer-provided external model tarball listings and stages balanced extraction/rerank candidates. These models remain external rerank and accuracy-estimation inputs, not internal predictions, not CASP submissions, and not competitive-proof evidence."
7,H2319,H2319_T333,6384,H2319_all_pdbs/Model_6943_af3_woUnpaired_af3_seed_578577_sample_1_pred_961.cif,Model_6943_af3_woUnpaired_af3_seed_578577_sample_1_pred_961.cif,6943,AF3,af3_woUnpaired,578577,1,961,woUnpaired,,False,casp17/massivefold_external_pool_intake/h2319_t333/extracted_models/H2319_all_pdbs/Model_6943_af3_woUnpaired_af3_seed_578577_sample_1_pred_961.cif,awaiting_extract,"MassiveFold model pool index only. It parses organizer-provided external model tarball listings and stages balanced extraction/rerank candidates. These models remain external rerank and accuracy-estimation inputs, not internal predictions, not CASP submissions, and not competitive-proof evidence."
7,H2319,H2319_T333,6392,H2319_all_pdbs/Model_7758_af3_woUnpaired_af3_seed_334601_sample_0_pred_705.cif,Model_7758_af3_woUnpaired_af3_seed_334601_sample_0_pred_705.cif,7758,AF3,af3_woUnpaired,334601,0,705,woUnpaired,,False,casp17/massivefold_external_pool_intake/h2319_t333/extracted_models/H2319_all_pdbs/Model_7758_af3_woUnpaired_af3_seed_334601_sample_0_pred_705.cif,awaiting_extract,"MassiveFold model pool index only. It parses organizer-provided external model tarball listings and stages balanced extraction/rerank candidates. These models remain external rerank and accuracy-estimation inputs, not internal predictions, not CASP submissions, and not competitive-proof evidence."
7,H2319,H2319_T333,6395,H2319_all_pdbs/Model_8587_af3_woUnpaired_af3_seed_42972_sample_1_pred_281.cif,Model_8587_af3_woUnpaired_af3_seed_42972_sample_1_pred_281.cif,8587,AF3,af3_woUnpaired,42972,1,281,woUnpaired,,False,casp17/massivefold_external_pool_intake/h2319_t333/extracted_models/H2319_all_pdbs/Model_8587_af3_woUnpaired_af3_seed_42972_sample_1_pred_281.cif,awaiting_extract,"MassiveFold model pool index only. It parses organizer-provided external model tarball listings and stages balanced extraction/rerank candidates. These models remain external rerank and accuracy-estimation inputs, not internal predictions, not CASP submissions, and not competitive-proof evidence."
7,H2319,H2319_T333,6401,H2319_all_pdbs/Model_8815_af3_woUnpaired_af3_seed_42990_sample_1_pred_371.cif,Model_8815_af3_woUnpaired_af3_seed_42990_sample_1_pred_371.cif,8815,AF3,af3_woUnpaired,42990,1,371,woUnpaired,,False,casp17/massivefold_external_pool_intake/h2319_t333/extracted_models/H2319_all_pdbs/Model_8815_af3_woUnpaired_af3_seed_42990_sample_1_pred_371.cif,awaiting_extract,"MassiveFold model pool index only. It parses organizer-provided external model tarball listings and stages balanced extraction/rerank candidates. These models remain external rerank and accuracy-estimation inputs, not internal predictions, not CASP submissions, and not competitive-proof evidence."
7,H2319,H2319_T333,6425,H2319_all_pdbs/Model_8796_af3_woUnpaired_af3_seed_57453_sample_3_pred_868.cif,Model_8796_af3_woUnpaired_af3_seed_57453_sample_3_pred_868.cif,8796,AF3,af3_woUnpaired,57453,3,868,woUnpaired,,False,casp17/massivefold_external_pool_intake/h2319_t333/extracted_models/H2319_all_pdbs/Model_8796_af3_woUnpaired_af3_seed_57453_sample_3_pred_868.cif,awaiting_extract,"MassiveFold model pool index only. It parses organizer-provided external model tarball listings and stages balanced extraction/rerank candidates. These models remain external rerank and accuracy-estimation inputs, not internal predictions, not CASP submissions, and not competitive-proof evidence."
7,H2319,H2319_T333,6428,H2319_all_pdbs/Model_10254_af3_woUnpaired_af3_seed_578566_sample_4_pred_909.cif,Model_10254_af3_woUnpaired_af3_seed_578566_sample_4_pred_909.cif,10254,AF3,af3_woUnpaired,578566,4,909,woUnpaired,,False,casp17/massivefold_external_pool_intake/h2319_t333/extracted_models/H2319_all_pdbs/Model_10254_af3_woUnpaired_af3_seed_578566_sample_4_pred_909.cif,awaiting_extract,"MassiveFold model pool index only. It parses organizer-provided external model tarball listings and stages balanced extraction/rerank candidates. These models remain external rerank and accuracy-estimation inputs, not internal predictions, not CASP submissions, and not competitive-proof evidence."
7,H2319,H2319_T333,6430,H2319_all_pdbs/Model_7688_af3_woUnpaired_af3_seed_466157_sample_0_pred_100.cif,Model_7688_af3_woUnpaired_af3_seed_466157_sample_0_pred_100.cif,7688,AF3,af3_woUnpaired,466157,0,100,woUnpaired,,False,casp17/massivefold_external_pool_intake/h2319_t333/extracted_models/H2319_all_pdbs/Model_7688_af3_woUnpaired_af3_seed_466157_sample_0_pred_100.cif,awaiting_extract,"MassiveFold model pool index only. It parses organizer-provided external model tarball listings and stages balanced extraction/rerank candidates. These models remain external rerank and accuracy-estimation inputs, not internal predictions, not CASP submissions, and not competitive-proof evidence."
7,H2319,H2319_T333,6459,H2319_all_pdbs/Model_8597_af3_woUnpaired_af3_seed_466144_sample_0_pred_35.cif,Model_8597_af3_woUnpaired_af3_seed_466144_sample_0_pred_35.cif,8597,AF3,af3_woUnpaired,466144,0,35,woUnpaired,,False,casp17/massivefold_external_pool_intake/h2319_t333/extracted_models/H2319_all_pdbs/Model_8597_af3_woUnpaired_af3_seed_466144_sample_0_pred_35.cif,awaiting_extract,"MassiveFold model pool index only. It parses organizer-provided external model tarball listings and stages balanced extraction/rerank candidates. These models remain external rerank and accuracy-estimation inputs, not internal predictions, not CASP submissions, and not competitive-proof evidence."
7,H2319,H2319_T333,6475,H2319_all_pdbs/Model_7102_af3_woUnpaired_af3_seed_334600_sample_1_pred_701.cif,Model_7102_af3_woUnpaired_af3_seed_334600_sample_1_pred_701.cif,7102,AF3,af3_woUnpaired,334600,1,701,woUnpaired,,False,casp17/massivefold_external_pool_intake/h2319_t333/extracted_models/H2319_all_pdbs/Model_7102_af3_woUnpaired_af3_seed_334600_sample_1_pred_701.cif,awaiting_extract,"MassiveFold model pool index only. It parses organizer-provided external model tarball listings and stages balanced extraction/rerank candidates. These models remain external rerank and accuracy-estimation inputs, not internal predictions, not CASP submissions, and not competitive-proof evidence."
7,H2319,H2319_T333,6477,H2319_all_pdbs/Model_8602_af3_woUnpaired_af3_seed_646835_sample_1_pred_216.cif,Model_8602_af3_woUnpaired_af3_seed_646835_sample_1_pred_216.cif,8602,AF3,af3_woUnpaired,646835,1,216,woUnpaired,,False,casp17/massivefold_external_pool_intake/h2319_t333/extracted_models/H2319_all_pdbs/Model_8602_af3_woUnpaired_af3_seed_646835_sample_1_pred_216.cif,awaiting_extract,"MassiveFold model pool index only. It parses organizer-provided external model tarball listings and stages balanced extraction/rerank candidates. These models remain external rerank and accuracy-estimation inputs, not internal predictions, not CASP submissions, and not competitive-proof evidence."
7,H2319,H2319_T333,6482,H2319_all_pdbs/Model_7780_af3_woUnpaired_af3_seed_466148_sample_1_pred_56.cif,Model_7780_af3_woUnpaired_af3_seed_466148_sample_1_pred_56.cif,7780,AF3,af3_woUnpaired,466148,1,56,woUnpaired,,False,casp17/massivefold_external_pool_intake/h2319_t333/extracted_models/H2319_all_pdbs/Model_7780_af3_woUnpaired_af3_seed_466148_sample_1_pred_56.cif,awaiting_extract,"MassiveFold model pool index only. It parses organizer-provided external model tarball listings and stages balanced extraction/rerank candidates. These models remain external rerank and accuracy-estimation inputs, not internal predictions, not CASP submissions, and not competitive-proof evidence."
7,H2319,H2319_T333,6489,H2319_all_pdbs/Model_8797_af3_woUnpaired_af3_seed_714125_sample_1_pred_581.cif,Model_8797_af3_woUnpaired_af3_seed_714125_sample_1_pred_581.cif,8797,AF3,af3_woUnpaired,714125,1,581,woUnpaired,,False,casp17/massivefold_external_pool_intake/h2319_t333/extracted_models/H2319_all_pdbs/Model_8797_af3_woUnpaired_af3_seed_714125_sample_1_pred_581.cif,awaiting_extract,"MassiveFold model pool index only. It parses organizer-provided external model tarball listings and stages balanced extraction/rerank candidates. These models remain external rerank and accuracy-estimation inputs, not internal predictions, not CASP submissions, and not competitive-proof evidence."
7,H2319,H2319_T333,6534,H2319_all_pdbs/Model_7683_af3_woUnpaired_af3_seed_646832_sample_1_pred_201.cif,Model_7683_af3_woUnpaired_af3_seed_646832_sample_1_pred_201.cif,7683,AF3,af3_woUnpaired,646832,1,201,woUnpaired,,False,casp17/massivefold_external_pool_intake/h2319_t333/extracted_models/H2319_all_pdbs/Model_7683_af3_woUnpaired_af3_seed_646832_sample_1_pred_201.cif,awaiting_extract,"MassiveFold model pool index only. It parses organizer-provided external model tarball listings and stages balanced extraction/rerank candidates. These models remain external rerank and accuracy-estimation inputs, not internal predictions, not CASP submissions, and not competitive-proof evidence."
7,H2319,H2319_T333,6535,H2319_all_pdbs/Model_8910_af3_woUnpaired_af3_seed_578561_sample_2_pred_882.cif,Model_8910_af3_woUnpaired_af3_seed_578561_sample_2_pred_882.cif,8910,AF3,af3_woUnpaired,578561,2,882,woUnpaired,,False,casp17/massivefold_external_pool_intake/h2319_t333/extracted_models/H2319_all_pdbs/Model_8910_af3_woUnpaired_af3_seed_578561_sample_2_pred_882.cif,awaiting_extract,"MassiveFold model pool index only. It parses organizer-provided external model tarball listings and stages balanced extraction/rerank candidates. These models remain external rerank and accuracy-estimation inputs, not internal predictions, not CASP submissions, and not competitive-proof evidence."
7,H2319,H2319_T333,6546,H2319_all_pdbs/Model_7779_af3_woUnpaired_af3_seed_334604_sample_2_pred_722.cif,Model_7779_af3_woUnpaired_af3_seed_334604_sample_2_pred_722.cif,7779,AF3,af3_woUnpaired,334604,2,722,woUnpaired,,False,casp17/massivefold_external_pool_intake/h2319_t333/extracted_models/H2319_all_pdbs/Model_7779_af3_woUnpaired_af3_seed_334604_sample_2_pred_722.cif,awaiting_extract,"MassiveFold model pool index only. It parses organizer-provided external model tarball listings and stages balanced extraction/rerank candidates. These models remain external rerank and accuracy-estimation inputs, not internal predictions, not CASP submissions, and not competitive-proof evidence."
7,H2319,H2319_T333,6569,H2319_all_pdbs/Model_7068_af3_woUnpaired_af3_seed_787945_sample_4_pred_489.cif,Model_7068_af3_woUnpaired_af3_seed_787945_sample_4_pred_489.cif,7068,AF3,af3_woUnpaired,787945,4,489,woUnpaired,,False,casp17/massivefold_external_pool_intake/h2319_t333/extracted_models/H2319_all_pdbs/Model_7068_af3_woUnpaired_af3_seed_787945_sample_4_pred_489.cif,awaiting_extract,"MassiveFold model pool index only. It parses organizer-provided external model tarball listings and stages balanced extraction/rerank candidates. These models remain external rerank and accuracy-estimation inputs, not internal predictions, not CASP submissions, and not competitive-proof evidence."
7,H2319,H2319_T333,6588,H2319_all_pdbs/Model_8588_af3_woUnpaired_af3_seed_787924_sample_4_pred_384.cif,Model_8588_af3_woUnpaired_af3_seed_787924_sample_4_pred_384.cif,8588,AF3,af3_woUnpaired,787924,4,384,woUnpaired,,False,casp17/massivefold_external_pool_intake/h2319_t333/extracted_models/H2319_all_pdbs/Model_8588_af3_woUnpaired_af3_seed_787924_sample_4_pred_384.cif,awaiting_extract,"MassiveFold model pool index only. It parses organizer-provided external model tarball listings and stages balanced extraction/rerank candidates. These models remain external rerank and accuracy-estimation inputs, not internal predictions, not CASP submissions, and not competitive-proof evidence."
7,H2319,H2319_T333,6602,H2319_all_pdbs/Model_7687_af3_woUnpaired_af3_seed_714112_sample_3_pred_518.cif,Model_7687_af3_woUnpaired_af3_seed_714112_sample_3_pred_518.cif,7687,AF3,af3_woUnpaired,714112,3,518,woUnpaired,,False,casp17/massivefold_external_pool_intake/h2319_t333/extracted_models/H2319_all_pdbs/Model_7687_af3_woUnpaired_af3_seed_714112_sample_3_pred_518.cif,awaiting_extract,"MassiveFold model pool index only. It parses organizer-provided external model tarball listings and stages balanced extraction/rerank candidates. These models remain external rerank and accuracy-estimation inputs, not internal predictions, not CASP submissions, and not competitive-proof evidence."
7,H2319,H2319_T333,6617,H2319_all_pdbs/Model_12205_af3_woUnpaired_af3_seed_466151_sample_0_pred_70.cif,Model_12205_af3_woUnpaired_af3_seed_466151_sample_0_pred_70.cif,12205,AF3,af3_woUnpaired,466151,0,70,woUnpaired,,False,casp17/massivefold_external_pool_intake/h2319_t333/extracted_models/H2319_all_pdbs/Model_12205_af3_woUnpaired_af3_seed_466151_sample_0_pred_70.cif,awaiting_extract,"MassiveFold model pool index only. It parses organizer-provided external model tarball listings and stages balanced extraction/rerank candidates. These models remain external rerank and accuracy-estimation inputs, not internal predictions, not CASP submissions, and not competitive-proof evidence."
7,H2319,H2319_T333,6635,H2319_all_pdbs/Model_8678_af3_woUnpaired_af3_seed_334608_sample_4_pred_744.cif,Model_8678_af3_woUnpaired_af3_seed_334608_sample_4_pred_744.cif,8678,AF3,af3_woUnpaired,334608,4,744,woUnpaired,,False,casp17/massivefold_external_pool_intake/h2319_t333/extracted_models/H2319_all_pdbs/Model_8678_af3_woUnpaired_af3_seed_334608_sample_4_pred_744.cif,awaiting_extract,"MassiveFold model pool index only. It parses organizer-provided external model tarball listings and stages balanced extraction/rerank candidates. These models remain external rerank and accuracy-estimation inputs, not internal predictions, not CASP submissions, and not competitive-proof evidence."
7,H2319,H2319_T333,6664,H2319_all_pdbs/Model_6951_af3_woUnpaired_af3_seed_334588_sample_1_pred_641.cif,Model_6951_af3_woUnpaired_af3_seed_334588_sample_1_pred_641.cif,6951,AF3,af3_woUnpaired,334588,1,641,woUnpaired,,False,casp17/massivefold_external_pool_intake/h2319_t333/extracted_models/H2319_all_pdbs/Model_6951_af3_woUnpaired_af3_seed_334588_sample_1_pred_641.cif,awaiting_extract,"MassiveFold model pool index only. It parses organizer-provided external model tarball listings and stages balanced extraction/rerank candidates. These models remain external rerank and accuracy-estimation inputs, not internal predictions, not CASP submissions, and not competitive-proof evidence."
7,H2319,H2319_T333,6685,H2319_all_pdbs/Model_10927_af3_woUnpaired_af3_seed_714127_sample_4_pred_594.cif,Model_10927_af3_woUnpaired_af3_seed_714127_sample_4_pred_594.cif,10927,AF3,af3_woUnpaired,714127,4,594,woUnpaired,,False,casp17/massivefold_external_pool_intake/h2319_t333/extracted_models/H2319_all_pdbs/Model_10927_af3_woUnpaired_af3_seed_714127_sample_4_pred_594.cif,awaiting_extract,"MassiveFold model pool index only. It parses organizer-provided external model tarball listings and stages balanced extraction/rerank candidates. These models remain external rerank and accuracy-estimation inputs, not internal predictions, not CASP submissions, and not competitive-proof evidence."
7,H2319,H2319_T333,6690,H2319_all_pdbs/Model_6927_af3_woUnpaired_af3_seed_334585_sample_3_pred_628.cif,Model_6927_af3_woUnpaired_af3_seed_334585_sample_3_pred_628.cif,6927,AF3,af3_woUnpaired,334585,3,628,woUnpaired,,False,casp17/massivefold_external_pool_intake/h2319_t333/extracted_models/H2319_all_pdbs/Model_6927_af3_woUnpaired_af3_seed_334585_sample_3_pred_628.cif,awaiting_extract,"MassiveFold model pool index only. It parses organizer-provided external model tarball listings and stages balanced extraction/rerank candidates. These models remain external rerank and accuracy-estimation inputs, not internal predictions, not CASP submissions, and not competitive-proof evidence."
7,H2319,H2319_T333,6692,H2319_all_pdbs/Model_8831_af3_woUnpaired_af3_seed_714131_sample_2_pred_612.cif,Model_8831_af3_woUnpaired_af3_seed_714131_sample_2_pred_612.cif,8831,AF3,af3_woUnpaired,714131,2,612,woUnpaired,,False,casp17/massivefold_external_pool_intake/h2319_t333/extracted_models/H2319_all_pdbs/Model_8831_af3_woUnpaired_af3_seed_714131_sample_2_pred_612.cif,awaiting_extract,"MassiveFold model pool index only. It parses organizer-provided external model tarball listings and stages balanced extraction/rerank candidates. These models remain external rerank and accuracy-estimation inputs, not internal predictions, not CASP submissions, and not competitive-proof evidence."
7,H2319,H2319_T333,6726,H2319_all_pdbs/Model_7680_af3_woUnpaired_af3_seed_646825_sample_2_pred_167.cif,Model_7680_af3_woUnpaired_af3_seed_646825_sample_2_pred_167.cif,7680,AF3,af3_woUnpaired,646825,2,167,woUnpaired,,False,casp17/massivefold_external_pool_intake/h2319_t333/extracted_models/H2319_all_pdbs/Model_7680_af3_woUnpaired_af3_seed_646825_sample_2_pred_167.cif,awaiting_extract,"MassiveFold model pool index only. It parses organizer-provided external model tarball listings and stages balanced extraction/rerank candidates. These models remain external rerank and accuracy-estimation inputs, not internal predictions, not CASP submissions, and not competitive-proof evidence."
7,H2319,H2319_T333,6740,H2319_all_pdbs/Model_8603_af3_woUnpaired_af3_seed_578579_sample_3_pred_973.cif,Model_8603_af3_woUnpaired_af3_seed_578579_sample_3_pred_973.cif,8603,AF3,af3_woUnpaired,578579,3,973,woUnpaired,,False,casp17/massivefold_external_pool_intake/h2319_t333/extracted_models/H2319_all_pdbs/Model_8603_af3_woUnpaired_af3_seed_578579_sample_3_pred_973.cif,awaiting_extract,"MassiveFold model pool index only. It parses organizer-provided external model tarball listings and stages balanced extraction/rerank candidates. These models remain external rerank and accuracy-estimation inputs, not internal predictions, not CASP submissions, and not competitive-proof evidence."
7,H2319,H2319_T333,6750,H2319_all_pdbs/Model_8879_af3_woUnpaired_af3_seed_646833_sample_3_pred_208.cif,Model_8879_af3_woUnpaired_af3_seed_646833_sample_3_pred_208.cif,8879,AF3,af3_woUnpaired,646833,3,208,woUnpaired,,False,casp17/massivefold_external_pool_intake/h2319_t333/extracted_models/H2319_all_pdbs/Model_8879_af3_woUnpaired_af3_seed_646833_sample_3_pred_208.cif,awaiting_extract,"MassiveFold model pool index only. It parses organizer-provided external model tarball listings and stages balanced extraction/rerank candidates. These models remain external rerank and accuracy-estimation inputs, not internal predictions, not CASP submissions, and not competitive-proof evidence."
7,H2319,H2319_T333,6760,H2319_all_pdbs/Model_8908_af3_woUnpaired_af3_seed_57443_sample_1_pred_816.cif,Model_8908_af3_woUnpaired_af3_seed_57443_sample_1_pred_816.cif,8908,AF3,af3_woUnpaired,57443,1,816,woUnpaired,,False,casp17/massivefold_external_pool_intake/h2319_t333/extracted_models/H2319_all_pdbs/Model_8908_af3_woUnpaired_af3_seed_57443_sample_1_pred_816.cif,awaiting_extract,"MassiveFold model pool index only. It parses organizer-provided external model tarball listings and stages balanced extraction/rerank candidates. These models remain external rerank and accuracy-estimation inputs, not internal predictions, not CASP submissions, and not competitive-proof evidence."
7,H2319,H2319_T333,6763,H2319_all_pdbs/Model_10241_af3_woUnpaired_af3_seed_334608_sample_2_pred_742.cif,Model_10241_af3_woUnpaired_af3_seed_334608_sample_2_pred_742.cif,10241,AF3,af3_woUnpaired,334608,2,742,woUnpaired,,False,casp17/massivefold_external_pool_intake/h2319_t333/extracted_models/H2319_all_pdbs/Model_10241_af3_woUnpaired_af3_seed_334608_sample_2_pred_742.cif,awaiting_extract,"MassiveFold model pool index only. It parses organizer-provided external model tarball listings and stages balanced extraction/rerank candidates. These models remain external rerank and accuracy-estimation inputs, not internal predictions, not CASP submissions, and not competitive-proof evidence."
7,H2319,H2319_T333,6778,H2319_all_pdbs/Model_7767_af3_woUnpaired_af3_seed_42984_sample_2_pred_342.cif,Model_7767_af3_woUnpaired_af3_seed_42984_sample_2_pred_342.cif,7767,AF3,af3_woUnpaired,42984,2,342,woUnpaired,,False,casp17/massivefold_external_pool_intake/h2319_t333/extracted_models/H2319_all_pdbs/Model_7767_af3_woUnpaired_af3_seed_42984_sample_2_pred_342.cif,awaiting_extract,"MassiveFold model pool index only. It parses organizer-provided external model tarball listings and stages balanced extraction/rerank candidates. These models remain external rerank and accuracy-estimation inputs, not internal predictions, not CASP submissions, and not competitive-proof evidence."
7,H2319,H2319_T333,6788,H2319_all_pdbs/Model_7774_af3_woUnpaired_af3_seed_578578_sample_0_pred_965.cif,Model_7774_af3_woUnpaired_af3_seed_578578_sample_0_pred_965.cif,7774,AF3,af3_woUnpaired,578578,0,965,woUnpaired,,False,casp17/massivefold_external_pool_intake/h2319_t333/extracted_models/H2319_all_pdbs/Model_7774_af3_woUnpaired_af3_seed_578578_sample_0_pred_965.cif,awaiting_extract,"MassiveFold model pool index only. It parses organizer-provided external model tarball listings and stages balanced extraction/rerank candidates. These models remain external rerank and accuracy-estimation inputs, not internal predictions, not CASP submissions, and not competitive-proof evidence."
7,H2319,H2319_T333,6791,H2319_all_pdbs/Model_8911_af3_woUnpaired_af3_seed_466140_sample_0_pred_15.cif,Model_8911_af3_woUnpaired_af3_seed_466140_sample_0_pred_15.cif,8911,AF3,af3_woUnpaired,466140,0,15,woUnpaired,,False,casp17/massivefold_external_pool_intake/h2319_t333/extracted_models/H2319_all_pdbs/Model_8911_af3_woUnpaired_af3_seed_466140_sample_0_pred_15.cif,awaiting_extract,"MassiveFold model pool index only. It parses organizer-provided external model tarball listings and stages balanced extraction/rerank candidates. These models remain external rerank and accuracy-estimation inputs, not internal predictions, not CASP submissions, and not competitive-proof evidence."
7,H2319,H2319_T333,6830,H2319_all_pdbs/Model_10276_af3_woUnpaired_af3_seed_466159_sample_4_pred_114.cif,Model_10276_af3_woUnpaired_af3_seed_466159_sample_4_pred_114.cif,10276,AF3,af3_woUnpaired,466159,4,114,woUnpaired,,False,casp17/massivefold_external_pool_intake/h2319_t333/extracted_models/H2319_all_pdbs/Model_10276_af3_woUnpaired_af3_seed_466159_sample_4_pred_114.cif,awaiting_extract,"MassiveFold model pool index only. It parses organizer-provided external model tarball listings and stages balanced extraction/rerank candidates. These models remain external rerank and accuracy-estimation inputs, not internal predictions, not CASP submissions, and not competitive-proof evidence."
7,H2319,H2319_T333,6850,H2319_all_pdbs/Model_10960_af3_woUnpaired_af3_seed_57454_sample_1_pred_871.cif,Model_10960_af3_woUnpaired_af3_seed_57454_sample_1_pred_871.cif,10960,AF3,af3_woUnpaired,57454,1,871,woUnpaired,,False,casp17/massivefold_external_pool_intake/h2319_t333/extracted_models/H2319_all_pdbs/Model_10960_af3_woUnpaired_af3_seed_57454_sample_1_pred_871.cif,awaiting_extract,"MassiveFold model pool index only. It parses organizer-provided external model tarball listings and stages balanced extraction/rerank candidates. These models remain external rerank and accuracy-estimation inputs, not internal predictions, not CASP submissions, and not competitive-proof evidence."
7,H2319,H2319_T333,6860,H2319_all_pdbs/Model_6406_af3_woUnpaired_af3_seed_578580_sample_2_pred_977.cif,Model_6406_af3_woUnpaired_af3_seed_578580_sample_2_pred_977.cif,6406,AF3,af3_woUnpaired,578580,2,977,woUnpaired,,False,casp17/massivefold_external_pool_intake/h2319_t333/extracted_models/H2319_all_pdbs/Model_6406_af3_woUnpaired_af3_seed_578580_sample_2_pred_977.cif,awaiting_extract,"MassiveFold model pool index only. It parses organizer-provided external model tarball listings and stages balanced extraction/rerank candidates. These models remain external rerank and accuracy-estimation inputs, not internal predictions, not CASP submissions, and not competitive-proof evidence."
7,H2319,H2319_T333,6877,H2319_all_pdbs/Model_8792_af3_woUnpaired_af3_seed_334590_sample_2_pred_652.cif,Model_8792_af3_woUnpaired_af3_seed_334590_sample_2_pred_652.cif,8792,AF3,af3_woUnpaired,334590,2,652,woUnpaired,,False,casp17/massivefold_external_pool_intake/h2319_t333/extracted_models/H2319_all_pdbs/Model_8792_af3_woUnpaired_af3_seed_334590_sample_2_pred_652.cif,awaiting_extract,"MassiveFold model pool index only. It parses organizer-provided external model tarball listings and stages balanced extraction/rerank candidates. These models remain external rerank and accuracy-estimation inputs, not internal predictions, not CASP submissions, and not competitive-proof evidence."
7,H2319,H2319_T333,6894,H2319_all_pdbs/Model_7091_af3_woUnpaired_af3_seed_578574_sample_2_pred_947.cif,Model_7091_af3_woUnpaired_af3_seed_578574_sample_2_pred_947.cif,7091,AF3,af3_woUnpaired,578574,2,947,woUnpaired,,False,casp17/massivefold_external_pool_intake/h2319_t333/extracted_models/H2319_all_pdbs/Model_7091_af3_woUnpaired_af3_seed_578574_sample_2_pred_947.cif,awaiting_extract,"MassiveFold model pool index only. It parses organizer-provided external model tarball listings and stages balanced extraction/rerank candidates. These models remain external rerank and accuracy-estimation inputs, not internal predictions, not CASP submissions, and not competitive-proof evidence."
7,H2319,H2319_T333,6914,H2319_all_pdbs/Model_6374_af3_woUnpaired_af3_seed_578583_sample_4_pred_994.cif,Model_6374_af3_woUnpaired_af3_seed_578583_sample_4_pred_994.cif,6374,AF3,af3_woUnpaired,578583,4,994,woUnpaired,,False,casp17/massivefold_external_pool_intake/h2319_t333/extracted_models/H2319_all_pdbs/Model_6374_af3_woUnpaired_af3_seed_578583_sample_4_pred_994.cif,awaiting_extract,"MassiveFold model pool index only. It parses organizer-provided external model tarball listings and stages balanced extraction/rerank candidates. These models remain external rerank and accuracy-estimation inputs, not internal predictions, not CASP submissions, and not competitive-proof evidence."
7,H2319,H2319_T333,6915,H2319_all_pdbs/Model_7090_af3_woUnpaired_af3_seed_57450_sample_1_pred_851.cif,Model_7090_af3_woUnpaired_af3_seed_57450_sample_1_pred_851.cif,7090,AF3,af3_woUnpaired,57450,1,851,woUnpaired,,False,casp17/massivefold_external_pool_intake/h2319_t333/extracted_models/H2319_all_pdbs/Model_7090_af3_woUnpaired_af3_seed_57450_sample_1_pred_851.cif,awaiting_extract,"MassiveFold model pool index only. It parses organizer-provided external model tarball listings and stages balanced extraction/rerank candidates. These models remain external rerank and accuracy-estimation inputs, not internal predictions, not CASP submissions, and not competitive-proof evidence."
7,H2319,H2319_T333,7000,H2319_all_pdbs/Model_6383_af3_woUnpaired_af3_seed_466152_sample_3_pred_78.cif,Model_6383_af3_woUnpaired_af3_seed_466152_sample_3_pred_78.cif,6383,AF3,af3_woUnpaired,466152,3,78,woUnpaired,,False,casp17/massivefold_external_pool_intake/h2319_t333/extracted_models/H2319_all_pdbs/Model_6383_af3_woUnpaired_af3_seed_466152_sample_3_pred_78.cif,awaiting_extract,"MassiveFold model pool index only. It parses organizer-provided external model tarball listings and stages balanced extraction/rerank candidates. These models remain external rerank and accuracy-estimation inputs, not internal predictions, not CASP submissions, and not competitive-proof evidence."
7,H2319,H2319_T333,7019,H2319_all_pdbs/Model_8813_af3_woUnpaired_af3_seed_787933_sample_0_pred_425.cif,Model_8813_af3_woUnpaired_af3_seed_787933_sample_0_pred_425.cif,8813,AF3,af3_woUnpaired,787933,0,425,woUnpaired,,False,casp17/massivefold_external_pool_intake/h2319_t333/extracted_models/H2319_all_pdbs/Model_8813_af3_woUnpaired_af3_seed_787933_sample_0_pred_425.cif,awaiting_extract,"MassiveFold model pool index only. It parses organizer-provided external model tarball listings and stages balanced extraction/rerank candidates. These models remain external rerank and accuracy-estimation inputs, not internal predictions, not CASP submissions, and not competitive-proof evidence."
7,H2319,H2319_T333,7020,H2319_all_pdbs/Model_8837_af3_woUnpaired_af3_seed_646828_sample_4_pred_184.cif,Model_8837_af3_woUnpaired_af3_seed_646828_sample_4_pred_184.cif,8837,AF3,af3_woUnpaired,646828,4,184,woUnpaired,,False,casp17/massivefold_external_pool_intake/h2319_t333/extracted_models/H2319_all_pdbs/Model_8837_af3_woUnpaired_af3_seed_646828_sample_4_pred_184.cif,awaiting_extract,"MassiveFold model pool index only. It parses organizer-provided external model tarball listings and stages balanced extraction/rerank candidates. These models remain external rerank and accuracy-estimation inputs, not internal predictions, not CASP submissions, and not competitive-proof evidence."
7,H2319,H2319_T333,7046,H2319_all_pdbs/Model_6897_af3_woUnpaired_af3_seed_334602_sample_2_pred_712.cif,Model_6897_af3_woUnpaired_af3_seed_334602_sample_2_pred_712.cif,6897,AF3,af3_woUnpaired,334602,2,712,woUnpaired,,False,casp17/massivefold_external_pool_intake/h2319_t333/extracted_models/H2319_all_pdbs/Model_6897_af3_woUnpaired_af3_seed_334602_sample_2_pred_712.cif,awaiting_extract,"MassiveFold model pool index only. It parses organizer-provided external model tarball listings and stages balanced extraction/rerank candidates. These models remain external rerank and accuracy-estimation inputs, not internal predictions, not CASP submissions, and not competitive-proof evidence."
7,H2319,H2319_T333,7057,H2319_all_pdbs/Model_8929_af3_woUnpaired_af3_seed_466158_sample_2_pred_107.cif,Model_8929_af3_woUnpaired_af3_seed_466158_sample_2_pred_107.cif,8929,AF3,af3_woUnpaired,466158,2,107,woUnpaired,,False,casp17/massivefold_external_pool_intake/h2319_t333/extracted_models/H2319_all_pdbs/Model_8929_af3_woUnpaired_af3_seed_466158_sample_2_pred_107.cif,awaiting_extract,"MassiveFold model pool index only. It parses organizer-provided external model tarball listings and stages balanced extraction/rerank candidates. These models remain external rerank and accuracy-estimation inputs, not internal predictions, not CASP submissions, and not competitive-proof evidence."
7,H2319,H2319_T333,7090,H2319_all_pdbs/Model_7075_af3_woUnpaired_af3_seed_466140_sample_4_pred_19.cif,Model_7075_af3_woUnpaired_af3_seed_466140_sample_4_pred_19.cif,7075,AF3,af3_woUnpaired,466140,4,19,woUnpaired,,False,casp17/massivefold_external_pool_intake/h2319_t333/extracted_models/H2319_all_pdbs/Model_7075_af3_woUnpaired_af3_seed_466140_sample_4_pred_19.cif,awaiting_extract,"MassiveFold model pool index only. It parses organizer-provided external model tarball listings and stages balanced extraction/rerank candidates. These models remain external rerank and accuracy-estimation inputs, not internal predictions, not CASP submissions, and not competitive-proof evidence."
7,H2319,H2319_T333,7104,H2319_all_pdbs/Model_10922_af3_woUnpaired_af3_seed_57430_sample_3_pred_753.cif,Model_10922_af3_woUnpaired_af3_seed_57430_sample_3_pred_753.cif,10922,AF3,af3_woUnpaired,57430,3,753,woUnpaired,,False,casp17/massivefold_external_pool_intake/h2319_t333/extracted_models/H2319_all_pdbs/Model_10922_af3_woUnpaired_af3_seed_57430_sample_3_pred_753.cif,awaiting_extract,"MassiveFold model pool index only. It parses organizer-provided external model tarball listings and stages balanced extraction/rerank candidates. These models remain external rerank and accuracy-estimation inputs, not internal predictions, not CASP submissions, and not competitive-proof evidence."
7,H2319,H2319_T333,7114,H2319_all_pdbs/Model_10979_af3_woUnpaired_af3_seed_57453_sample_4_pred_869.cif,Model_10979_af3_woUnpaired_af3_seed_57453_sample_4_pred_869.cif,10979,AF3,af3_woUnpaired,57453,4,869,woUnpaired,,False,casp17/massivefold_external_pool_intake/h2319_t333/extracted_models/H2319_all_pdbs/Model_10979_af3_woUnpaired_af3_seed_57453_sample_4_pred_869.cif,awaiting_extract,"MassiveFold model pool index only. It parses organizer-provided external model tarball listings and stages balanced extraction/rerank candidates. These models remain external rerank and accuracy-estimation inputs, not internal predictions, not CASP submissions, and not competitive-proof evidence."
7,H2319,H2319_T333,7122,H2319_all_pdbs/Model_6972_af3_woUnpaired_af3_seed_42984_sample_1_pred_341.cif,Model_6972_af3_woUnpaired_af3_seed_42984_sample_1_pred_341.cif,6972,AF3,af3_woUnpaired,42984,1,341,woUnpaired,,False,casp17/massivefold_external_pool_intake/h2319_t333/extracted_models/H2319_all_pdbs/Model_6972_af3_woUnpaired_af3_seed_42984_sample_1_pred_341.cif,awaiting_extract,"MassiveFold model pool index only. It parses organizer-provided external model tarball listings and stages balanced extraction/rerank candidates. These models remain external rerank and accuracy-estimation inputs, not internal predictions, not CASP submissions, and not competitive-proof evidence."
7,H2319,H2319_T333,7144,H2319_all_pdbs/Model_6922_af3_woUnpaired_af3_seed_466149_sample_4_pred_64.cif,Model_6922_af3_woUnpaired_af3_seed_466149_sample_4_pred_64.cif,6922,AF3,af3_woUnpaired,466149,4,64,woUnpaired,,False,casp17/massivefold_external_pool_intake/h2319_t333/extracted_models/H2319_all_pdbs/Model_6922_af3_woUnpaired_af3_seed_466149_sample_4_pred_64.cif,awaiting_extract,"MassiveFold model pool index only. It parses organizer-provided external model tarball listings and stages balanced extraction/rerank candidates. These models remain external rerank and accuracy-estimation inputs, not internal predictions, not CASP submissions, and not competitive-proof evidence."
7,H2319,H2319_T333,7181,H2319_all_pdbs/Model_7805_af3_woUnpaired_af3_seed_334606_sample_4_pred_734.cif,Model_7805_af3_woUnpaired_af3_seed_334606_sample_4_pred_734.cif,7805,AF3,af3_woUnpaired,334606,4,734,woUnpaired,,False,casp17/massivefold_external_pool_intake/h2319_t333/extracted_models/H2319_all_pdbs/Model_7805_af3_woUnpaired_af3_seed_334606_sample_4_pred_734.cif,awaiting_extract,"MassiveFold model pool index only. It parses organizer-provided external model tarball listings and stages balanced extraction/rerank candidates. These models remain external rerank and accuracy-estimation inputs, not internal predictions, not CASP submissions, and not competitive-proof evidence."
7,H2319,H2319_T333,7182,H2319_all_pdbs/Model_7085_af3_woUnpaired_af3_seed_57444_sample_4_pred_824.cif,Model_7085_af3_woUnpaired_af3_seed_57444_sample_4_pred_824.cif,7085,AF3,af3_woUnpaired,57444,4,824,woUnpaired,,False,casp17/massivefold_external_pool_intake/h2319_t333/extracted_models/H2319_all_pdbs/Model_7085_af3_woUnpaired_af3_seed_57444_sample_4_pred_824.cif,awaiting_extract,"MassiveFold model pool index only. It parses organizer-provided external model tarball listings and stages balanced extraction/rerank candidates. These models remain external rerank and accuracy-estimation inputs, not internal predictions, not CASP submissions, and not competitive-proof evidence."
7,H2319,H2319_T333,7220,H2319_all_pdbs/Model_8659_af3_woUnpaired_af3_seed_787943_sample_0_pred_475.cif,Model_8659_af3_woUnpaired_af3_seed_787943_sample_0_pred_475.cif,8659,AF3,af3_woUnpaired,787943,0,475,woUnpaired,,False,casp17/massivefold_external_pool_intake/h2319_t333/extracted_models/H2319_all_pdbs/Model_8659_af3_woUnpaired_af3_seed_787943_sample_0_pred_475.cif,awaiting_extract,"MassiveFold model pool index only. It parses organizer-provided external model tarball listings and stages balanced extraction/rerank candidates. These models remain external rerank and accuracy-estimation inputs, not internal predictions, not CASP submissions, and not competitive-proof evidence."
7,H2319,H2319_T333,7221,H2319_all_pdbs/Model_7796_af3_woUnpaired_af3_seed_787925_sample_2_pred_387.cif,Model_7796_af3_woUnpaired_af3_seed_787925_sample_2_pred_387.cif,7796,AF3,af3_woUnpaired,787925,2,387,woUnpaired,,False,casp17/massivefold_external_pool_intake/h2319_t333/extracted_models/H2319_all_pdbs/Model_7796_af3_woUnpaired_af3_seed_787925_sample_2_pred_387.cif,awaiting_extract,"MassiveFold model pool index only. It parses organizer-provided external model tarball listings and stages balanced extraction/rerank candidates. These models remain external rerank and accuracy-estimation inputs, not internal predictions, not CASP submissions, and not competitive-proof evidence."
7,H2319,H2319_T333,7252,H2319_all_pdbs/Model_8729_af3_woUnpaired_af3_seed_334604_sample_0_pred_720.cif,Model_8729_af3_woUnpaired_af3_seed_334604_sample_0_pred_720.cif,8729,AF3,af3_woUnpaired,334604,0,720,woUnpaired,,False,casp17/massivefold_external_pool_intake/h2319_t333/extracted_models/H2319_all_pdbs/Model_8729_af3_woUnpaired_af3_seed_334604_sample_0_pred_720.cif,awaiting_extract,"MassiveFold model pool index only. It parses organizer-provided external model tarball listings and stages balanced extraction/rerank candidates. These models remain external rerank and accuracy-estimation inputs, not internal predictions, not CASP submissions, and not competitive-proof evidence."
7,H2319,H2319_T333,7269,H2319_all_pdbs/Model_8743_af3_woUnpaired_af3_seed_714125_sample_3_pred_583.cif,Model_8743_af3_woUnpaired_af3_seed_714125_sample_3_pred_583.cif,8743,AF3,af3_woUnpaired,714125,3,583,woUnpaired,,False,casp17/massivefold_external_pool_intake/h2319_t333/extracted_models/H2319_all_pdbs/Model_8743_af3_woUnpaired_af3_seed_714125_sample_3_pred_583.cif,awaiting_extract,"MassiveFold model pool index only. It parses organizer-provided external model tarball listings and stages balanced extraction/rerank candidates. These models remain external rerank and accuracy-estimation inputs, not internal predictions, not CASP submissions, and not competitive-proof evidence."
7,H2319,H2319_T333,7272,H2319_all_pdbs/Model_10239_af3_woUnpaired_af3_seed_466142_sample_4_pred_29.cif,Model_10239_af3_woUnpaired_af3_seed_466142_sample_4_pred_29.cif,10239,AF3,af3_woUnpaired,466142,4,29,woUnpaired,,False,casp17/massivefold_external_pool_intake/h2319_t333/extracted_models/H2319_all_pdbs/Model_10239_af3_woUnpaired_af3_seed_466142_sample_4_pred_29.cif,awaiting_extract,"MassiveFold model pool index only. It parses organizer-provided external model tarball listings and stages balanced extraction/rerank candidates. These models remain external rerank and accuracy-estimation inputs, not internal predictions, not CASP submissions, and not competitive-proof evidence."
7,H2319,H2319_T333,7285,H2319_all_pdbs/Model_8806_af3_woUnpaired_af3_seed_787939_sample_1_pred_456.cif,Model_8806_af3_woUnpaired_af3_seed_787939_sample_1_pred_456.cif,8806,AF3,af3_woUnpaired,787939,1,456,woUnpaired,,False,casp17/massivefold_external_pool_intake/h2319_t333/extracted_models/H2319_all_pdbs/Model_8806_af3_woUnpaired_af3_seed_787939_sample_1_pred_456.cif,awaiting_extract,"MassiveFold model pool index only. It parses organizer-provided external model tarball listings and stages balanced extraction/rerank candidates. These models remain external rerank and accuracy-estimation inputs, not internal predictions, not CASP submissions, and not competitive-proof evidence."
7,H2319,H2319_T333,7324,H2319_all_pdbs/Model_6980_af3_woUnpaired_af3_seed_57438_sample_0_pred_790.cif,Model_6980_af3_woUnpaired_af3_seed_57438_sample_0_pred_790.cif,6980,AF3,af3_woUnpaired,57438,0,790,woUnpaired,,False,casp17/massivefold_external_pool_intake/h2319_t333/extracted_models/H2319_all_pdbs/Model_6980_af3_woUnpaired_af3_seed_57438_sample_0_pred_790.cif,awaiting_extract,"MassiveFold model pool index only. It parses organizer-provided external model tarball listings and stages balanced extraction/rerank candidates. These models remain external rerank and accuracy-estimation inputs, not internal predictions, not CASP submissions, and not competitive-proof evidence."
7,H2319,H2319_T333,7350,H2319_all_pdbs/Model_6899_af3_woUnpaired_af3_seed_334597_sample_2_pred_687.cif,Model_6899_af3_woUnpaired_af3_seed_334597_sample_2_pred_687.cif,6899,AF3,af3_woUnpaired,334597,2,687,woUnpaired,,False,casp17/massivefold_external_pool_intake/h2319_t333/extracted_models/H2319_all_pdbs/Model_6899_af3_woUnpaired_af3_seed_334597_sample_2_pred_687.cif,awaiting_extract,"MassiveFold model pool index only. It parses organizer-provided external model tarball listings and stages balanced extraction/rerank candidates. These models remain external rerank and accuracy-estimation inputs, not internal predictions, not CASP submissions, and not competitive-proof evidence."
7,H2319,H2319_T333,7354,H2319_all_pdbs/Model_6987_af3_woUnpaired_af3_seed_714128_sample_4_pred_599.cif,Model_6987_af3_woUnpaired_af3_seed_714128_sample_4_pred_599.cif,6987,AF3,af3_woUnpaired,714128,4,599,woUnpaired,,False,casp17/massivefold_external_pool_intake/h2319_t333/extracted_models/H2319_all_pdbs/Model_6987_af3_woUnpaired_af3_seed_714128_sample_4_pred_599.cif,awaiting_extract,"MassiveFold model pool index only. It parses organizer-provided external model tarball listings and stages balanced extraction/rerank candidates. These models remain external rerank and accuracy-estimation inputs, not internal predictions, not CASP submissions, and not competitive-proof evidence."
7,H2319,H2319_T333,7390,H2319_all_pdbs/Model_8754_af3_woUnpaired_af3_seed_646828_sample_2_pred_182.cif,Model_8754_af3_woUnpaired_af3_seed_646828_sample_2_pred_182.cif,8754,AF3,af3_woUnpaired,646828,2,182,woUnpaired,,False,casp17/massivefold_external_pool_intake/h2319_t333/extracted_models/H2319_all_pdbs/Model_8754_af3_woUnpaired_af3_seed_646828_sample_2_pred_182.cif,awaiting_extract,"MassiveFold model pool index only. It parses organizer-provided external model tarball listings and stages balanced extraction/rerank candidates. These models remain external rerank and accuracy-estimation inputs, not internal predictions, not CASP submissions, and not competitive-proof evidence."
7,H2319,H2319_T333,7406,H2319_all_pdbs/Model_8775_af3_woUnpaired_af3_seed_466144_sample_4_pred_39.cif,Model_8775_af3_woUnpaired_af3_seed_466144_sample_4_pred_39.cif,8775,AF3,af3_woUnpaired,466144,4,39,woUnpaired,,False,casp17/massivefold_external_pool_intake/h2319_t333/extracted_models/H2319_all_pdbs/Model_8775_af3_woUnpaired_af3_seed_466144_sample_4_pred_39.cif,awaiting_extract,"MassiveFold model pool index only. It parses organizer-provided external model tarball listings and stages balanced extraction/rerank candidates. These models remain external rerank and accuracy-estimation inputs, not internal predictions, not CASP submissions, and not competitive-proof evidence."
7,H2319,H2319_T333,7440,H2319_all_pdbs/Model_8909_af3_woUnpaired_af3_seed_466150_sample_2_pred_67.cif,Model_8909_af3_woUnpaired_af3_seed_466150_sample_2_pred_67.cif,8909,AF3,af3_woUnpaired,466150,2,67,woUnpaired,,False,casp17/massivefold_external_pool_intake/h2319_t333/extracted_models/H2319_all_pdbs/Model_8909_af3_woUnpaired_af3_seed_466150_sample_2_pred_67.cif,awaiting_extract,"MassiveFold model pool index only. It parses organizer-provided external model tarball listings and stages balanced extraction/rerank candidates. These models remain external rerank and accuracy-estimation inputs, not internal predictions, not CASP submissions, and not competitive-proof evidence."
7,H2319,H2319_T333,7441,H2319_all_pdbs/Model_8793_af3_woUnpaired_af3_seed_787929_sample_1_pred_406.cif,Model_8793_af3_woUnpaired_af3_seed_787929_sample_1_pred_406.cif,8793,AF3,af3_woUnpaired,787929,1,406,woUnpaired,,False,casp17/massivefold_external_pool_intake/h2319_t333/extracted_models/H2319_all_pdbs/Model_8793_af3_woUnpaired_af3_seed_787929_sample_1_pred_406.cif,awaiting_extract,"MassiveFold model pool index only. It parses organizer-provided external model tarball listings and stages balanced extraction/rerank candidates. These models remain external rerank and accuracy-estimation inputs, not internal predictions, not CASP submissions, and not competitive-proof evidence."
7,H2319,H2319_T333,7478,H2319_all_pdbs/Model_7690_af3_woUnpaired_af3_seed_466137_sample_0_pred_0.cif,Model_7690_af3_woUnpaired_af3_seed_466137_sample_0_pred_0.cif,7690,AF3,af3_woUnpaired,466137,0,0,woUnpaired,,False,casp17/massivefold_external_pool_intake/h2319_t333/extracted_models/H2319_all_pdbs/Model_7690_af3_woUnpaired_af3_seed_466137_sample_0_pred_0.cif,awaiting_extract,"MassiveFold model pool index only. It parses organizer-provided external model tarball listings and stages balanced extraction/rerank candidates. These models remain external rerank and accuracy-estimation inputs, not internal predictions, not CASP submissions, and not competitive-proof evidence."
7,H2319,H2319_T333,7493,H2319_all_pdbs/Model_8919_af3_woUnpaired_af3_seed_57454_sample_3_pred_873.cif,Model_8919_af3_woUnpaired_af3_seed_57454_sample_3_pred_873.cif,8919,AF3,af3_woUnpaired,57454,3,873,woUnpaired,,False,casp17/massivefold_external_pool_intake/h2319_t333/extracted_models/H2319_all_pdbs/Model_8919_af3_woUnpaired_af3_seed_57454_sample_3_pred_873.cif,awaiting_extract,"MassiveFold model pool index only. It parses organizer-provided external model tarball listings and stages balanced extraction/rerank candidates. These models remain external rerank and accuracy-estimation inputs, not internal predictions, not CASP submissions, and not competitive-proof evidence."
7,H2319,H2319_T333,7499,H2319_all_pdbs/Model_8605_af3_woUnpaired_af3_seed_578574_sample_3_pred_948.cif,Model_8605_af3_woUnpaired_af3_seed_578574_sample_3_pred_948.cif,8605,AF3,af3_woUnpaired,578574,3,948,woUnpaired,,False,casp17/massivefold_external_pool_intake/h2319_t333/extracted_models/H2319_all_pdbs/Model_8605_af3_woUnpaired_af3_seed_578574_sample_3_pred_948.cif,awaiting_extract,"MassiveFold model pool index only. It parses organizer-provided external model tarball listings and stages balanced extraction/rerank candidates. These models remain external rerank and accuracy-estimation inputs, not internal predictions, not CASP submissions, and not competitive-proof evidence."
7,H2319,H2319_T333,7539,H2319_all_pdbs/Model_10267_af3_woUnpaired_af3_seed_646834_sample_2_pred_212.cif,Model_10267_af3_woUnpaired_af3_seed_646834_sample_2_pred_212.cif,10267,AF3,af3_woUnpaired,646834,2,212,woUnpaired,,False,casp17/massivefold_external_pool_intake/h2319_t333/extracted_models/H2319_all_pdbs/Model_10267_af3_woUnpaired_af3_seed_646834_sample_2_pred_212.cif,awaiting_extract,"MassiveFold model pool index only. It parses organizer-provided external model tarball listings and stages balanced extraction/rerank candidates. These models remain external rerank and accuracy-estimation inputs, not internal predictions, not CASP submissions, and not competitive-proof evidence."
7,H2319,H2319_T333,7575,H2319_all_pdbs/Model_8821_af3_woUnpaired_af3_seed_334596_sample_2_pred_682.cif,Model_8821_af3_woUnpaired_af3_seed_334596_sample_2_pred_682.cif,8821,AF3,af3_woUnpaired,334596,2,682,woUnpaired,,False,casp17/massivefold_external_pool_intake/h2319_t333/extracted_models/H2319_all_pdbs/Model_8821_af3_woUnpaired_af3_seed_334596_sample_2_pred_682.cif,awaiting_extract,"MassiveFold model pool index only. It parses organizer-provided external model tarball listings and stages balanced extraction/rerank candidates. These models remain external rerank and accuracy-estimation inputs, not internal predictions, not CASP submissions, and not competitive-proof evidence."
7,H2319,H2319_T333,7592,H2319_all_pdbs/Model_10284_af3_woUnpaired_af3_seed_57431_sample_1_pred_756.cif,Model_10284_af3_woUnpaired_af3_seed_57431_sample_1_pred_756.cif,10284,AF3,af3_woUnpaired,57431,1,756,woUnpaired,,False,casp17/massivefold_external_pool_intake/h2319_t333/extracted_models/H2319_all_pdbs/Model_10284_af3_woUnpaired_af3_seed_57431_sample_1_pred_756.cif,awaiting_extract,"MassiveFold model pool index only. It parses organizer-provided external model tarball listings and stages balanced extraction/rerank candidates. These models remain external rerank and accuracy-estimation inputs, not internal predictions, not CASP submissions, and not competitive-proof evidence."
7,H2319,H2319_T333,7609,H2319_all_pdbs/Model_10986_af3_woUnpaired_af3_seed_787936_sample_2_pred_442.cif,Model_10986_af3_woUnpaired_af3_seed_787936_sample_2_pred_442.cif,10986,AF3,af3_woUnpaired,787936,2,442,woUnpaired,,False,casp17/massivefold_external_pool_intake/h2319_t333/extracted_models/H2319_all_pdbs/Model_10986_af3_woUnpaired_af3_seed_787936_sample_2_pred_442.cif,awaiting_extract,"MassiveFold model pool index only. It parses organizer-provided external model tarball listings and stages balanced extraction/rerank candidates. These models remain external rerank and accuracy-estimation inputs, not internal predictions, not CASP submissions, and not competitive-proof evidence."
7,H2319,H2319_T333,7610,H2319_all_pdbs/Model_7755_af3_woUnpaired_af3_seed_646827_sample_1_pred_176.cif,Model_7755_af3_woUnpaired_af3_seed_646827_sample_1_pred_176.cif,7755,AF3,af3_woUnpaired,646827,1,176,woUnpaired,,False,casp17/massivefold_external_pool_intake/h2319_t333/extracted_models/H2319_all_pdbs/Model_7755_af3_woUnpaired_af3_seed_646827_sample_1_pred_176.cif,awaiting_extract,"MassiveFold model pool index only. It parses organizer-provided external model tarball listings and stages balanced extraction/rerank candidates. These models remain external rerank and accuracy-estimation inputs, not internal predictions, not CASP submissions, and not competitive-proof evidence."
7,H2319,H2319_T333,7616,H2319_all_pdbs/Model_10896_af3_woUnpaired_af3_seed_787935_sample_3_pred_438.cif,Model_10896_af3_woUnpaired_af3_seed_787935_sample_3_pred_438.cif,10896,AF3,af3_woUnpaired,787935,3,438,woUnpaired,,False,casp17/massivefold_external_pool_intake/h2319_t333/extracted_models/H2319_all_pdbs/Model_10896_af3_woUnpaired_af3_seed_787935_sample_3_pred_438.cif,awaiting_extract,"MassiveFold model pool index only. It parses organizer-provided external model tarball listings and stages balanced extraction/rerank candidates. These models remain external rerank and accuracy-estimation inputs, not internal predictions, not CASP submissions, and not competitive-proof evidence."
7,H2319,H2319_T333,7663,H2319_all_pdbs/Model_11001_af3_woUnpaired_af3_seed_787933_sample_2_pred_427.cif,Model_11001_af3_woUnpaired_af3_seed_787933_sample_2_pred_427.cif,11001,AF3,af3_woUnpaired,787933,2,427,woUnpaired,,False,casp17/massivefold_external_pool_intake/h2319_t333/extracted_models/H2319_all_pdbs/Model_11001_af3_woUnpaired_af3_seed_787933_sample_2_pred_427.cif,awaiting_extract,"MassiveFold model pool index only. It parses organizer-provided external model tarball listings and stages balanced extraction/rerank candidates. These models remain external rerank and accuracy-estimation inputs, not internal predictions, not CASP submissions, and not competitive-proof evidence."
7,H2319,H2319_T333,7701,H2319_all_pdbs/Model_8790_af3_woUnpaired_af3_seed_578580_sample_1_pred_976.cif,Model_8790_af3_woUnpaired_af3_seed_578580_sample_1_pred_976.cif,8790,AF3,af3_woUnpaired,578580,1,976,woUnpaired,,False,casp17/massivefold_external_pool_intake/h2319_t333/extracted_models/H2319_all_pdbs/Model_8790_af3_woUnpaired_af3_seed_578580_sample_1_pred_976.cif,awaiting_extract,"MassiveFold model pool index only. It parses organizer-provided external model tarball listings and stages balanced extraction/rerank candidates. These models remain external rerank and accuracy-estimation inputs, not internal predictions, not CASP submissions, and not competitive-proof evidence."
7,H2319,H2319_T333,7727,H2319_all_pdbs/Model_8888_af3_woUnpaired_af3_seed_646838_sample_3_pred_233.cif,Model_8888_af3_woUnpaired_af3_seed_646838_sample_3_pred_233.cif,8888,AF3,af3_woUnpaired,646838,3,233,woUnpaired,,False,casp17/massivefold_external_pool_intake/h2319_t333/extracted_models/H2319_all_pdbs/Model_8888_af3_woUnpaired_af3_seed_646838_sample_3_pred_233.cif,awaiting_extract,"MassiveFold model pool index only. It parses organizer-provided external model tarball listings and stages balanced extraction/rerank candidates. These models remain external rerank and accuracy-estimation inputs, not internal predictions, not CASP submissions, and not competitive-proof evidence."
7,H2319,H2319_T333,7732,H2319_all_pdbs/Model_12207_af3_woUnpaired_af3_seed_646838_sample_4_pred_234.cif,Model_12207_af3_woUnpaired_af3_seed_646838_sample_4_pred_234.cif,12207,AF3,af3_woUnpaired,646838,4,234,woUnpaired,,False,casp17/massivefold_external_pool_intake/h2319_t333/extracted_models/H2319_all_pdbs/Model_12207_af3_woUnpaired_af3_seed_646838_sample_4_pred_234.cif,awaiting_extract,"MassiveFold model pool index only. It parses organizer-provided external model tarball listings and stages balanced extraction/rerank candidates. These models remain external rerank and accuracy-estimation inputs, not internal predictions, not CASP submissions, and not competitive-proof evidence."
7,H2319,H2319_T333,7736,H2319_all_pdbs/Model_7782_af3_woUnpaired_af3_seed_334599_sample_4_pred_699.cif,Model_7782_af3_woUnpaired_af3_seed_334599_sample_4_pred_699.cif,7782,AF3,af3_woUnpaired,334599,4,699,woUnpaired,,False,casp17/massivefold_external_pool_intake/h2319_t333/extracted_models/H2319_all_pdbs/Model_7782_af3_woUnpaired_af3_seed_334599_sample_4_pred_699.cif,awaiting_extract,"MassiveFold model pool index only. It parses organizer-provided external model tarball listings and stages balanced extraction/rerank candidates. These models remain external rerank and accuracy-estimation inputs, not internal predictions, not CASP submissions, and not competitive-proof evidence."
7,H2319,H2319_T333,7753,H2319_all_pdbs/Model_8688_af3_woUnpaired_af3_seed_714119_sample_3_pred_553.cif,Model_8688_af3_woUnpaired_af3_seed_714119_sample_3_pred_553.cif,8688,AF3,af3_woUnpaired,714119,3,553,woUnpaired,,False,casp17/massivefold_external_pool_intake/h2319_t333/extracted_models/H2319_all_pdbs/Model_8688_af3_woUnpaired_af3_seed_714119_sample_3_pred_553.cif,awaiting_extract,"MassiveFold model pool index only. It parses organizer-provided external model tarball listings and stages balanced extraction/rerank candidates. These models remain external rerank and accuracy-estimation inputs, not internal predictions, not CASP submissions, and not competitive-proof evidence."
7,H2319,H2319_T333,7756,H2319_all_pdbs/Model_8631_af3_woUnpaired_af3_seed_334595_sample_1_pred_676.cif,Model_8631_af3_woUnpaired_af3_seed_334595_sample_1_pred_676.cif,8631,AF3,af3_woUnpaired,334595,1,676,woUnpaired,,False,casp17/massivefold_external_pool_intake/h2319_t333/extracted_models/H2319_all_pdbs/Model_8631_af3_woUnpaired_af3_seed_334595_sample_1_pred_676.cif,awaiting_extract,"MassiveFold model pool index only. It parses organizer-provided external model tarball listings and stages balanced extraction/rerank candidates. These models remain external rerank and accuracy-estimation inputs, not internal predictions, not CASP submissions, and not competitive-proof evidence."
7,H2319,H2319_T333,7760,H2319_all_pdbs/Model_8862_af3_woUnpaired_af3_seed_646830_sample_4_pred_194.cif,Model_8862_af3_woUnpaired_af3_seed_646830_sample_4_pred_194.cif,8862,AF3,af3_woUnpaired,646830,4,194,woUnpaired,,False,casp17/massivefold_external_pool_intake/h2319_t333/extracted_models/H2319_all_pdbs/Model_8862_af3_woUnpaired_af3_seed_646830_sample_4_pred_194.cif,awaiting_extract,"MassiveFold model pool index only. It parses organizer-provided external model tarball listings and stages balanced extraction/rerank candidates. These models remain external rerank and accuracy-estimation inputs, not internal predictions, not CASP submissions, and not competitive-proof evidence."
7,H2319,H2319_T333,7787,H2319_all_pdbs/Model_7097_af3_woUnpaired_af3_seed_57445_sample_3_pred_828.cif,Model_7097_af3_woUnpaired_af3_seed_57445_sample_3_pred_828.cif,7097,AF3,af3_woUnpaired,57445,3,828,woUnpaired,,False,casp17/massivefold_external_pool_intake/h2319_t333/extracted_models/H2319_all_pdbs/Model_7097_af3_woUnpaired_af3_seed_57445_sample_3_pred_828.cif,awaiting_extract,"MassiveFold model pool index only. It parses organizer-provided external model tarball listings and stages balanced extraction/rerank candidates. These models remain external rerank and accuracy-estimation inputs, not internal predictions, not CASP submissions, and not competitive-proof evidence."
7,H2319,H2319_T333,7791,H2319_all_pdbs/Model_8826_af3_woUnpaired_af3_seed_57448_sample_3_pred_843.cif,Model_8826_af3_woUnpaired_af3_seed_57448_sample_3_pred_843.cif,8826,AF3,af3_woUnpaired,57448,3,843,woUnpaired,,False,casp17/massivefold_external_pool_intake/h2319_t333/extracted_models/H2319_all_pdbs/Model_8826_af3_woUnpaired_af3_seed_57448_sample_3_pred_843.cif,awaiting_extract,"MassiveFold model pool index only. It parses organizer-provided external model tarball listings and stages balanced extraction/rerank candidates. These models remain external rerank and accuracy-estimation inputs, not internal predictions, not CASP submissions, and not competitive-proof evidence."
7,H2319,H2319_T333,7806,H2319_all_pdbs/Model_8814_af3_woUnpaired_af3_seed_57446_sample_4_pred_834.cif,Model_8814_af3_woUnpaired_af3_seed_57446_sample_4_pred_834.cif,8814,AF3,af3_woUnpaired,57446,4,834,woUnpaired,,False,casp17/massivefold_external_pool_intake/h2319_t333/extracted_models/H2319_all_pdbs/Model_8814_af3_woUnpaired_af3_seed_57446_sample_4_pred_834.cif,awaiting_extract,"MassiveFold model pool index only. It parses organizer-provided external model tarball listings and stages balanced extraction/rerank candidates. These models remain external rerank and accuracy-estimation inputs, not internal predictions, not CASP submissions, and not competitive-proof evidence."
7,H2319,H2319_T333,7808,H2319_all_pdbs/Model_6989_af3_woUnpaired_af3_seed_42974_sample_4_pred_294.cif,Model_6989_af3_woUnpaired_af3_seed_42974_sample_4_pred_294.cif,6989,AF3,af3_woUnpaired,42974,4,294,woUnpaired,,False,casp17/massivefold_external_pool_intake/h2319_t333/extracted_models/H2319_all_pdbs/Model_6989_af3_woUnpaired_af3_seed_42974_sample_4_pred_294.cif,awaiting_extract,"MassiveFold model pool index only. It parses organizer-provided external model tarball listings and stages balanced extraction/rerank candidates. These models remain external rerank and accuracy-estimation inputs, not internal predictions, not CASP submissions, and not competitive-proof evidence."
7,H2319,H2319_T333,7815,H2319_all_pdbs/Model_6959_af3_woUnpaired_af3_seed_578570_sample_3_pred_928.cif,Model_6959_af3_woUnpaired_af3_seed_578570_sample_3_pred_928.cif,6959,AF3,af3_woUnpaired,578570,3,928,woUnpaired,,False,casp17/massivefold_external_pool_intake/h2319_t333/extracted_models/H2319_all_pdbs/Model_6959_af3_woUnpaired_af3_seed_578570_sample_3_pred_928.cif,awaiting_extract,"MassiveFold model pool index only. It parses organizer-provided external model tarball listings and stages balanced extraction/rerank candidates. These models remain external rerank and accuracy-estimation inputs, not internal predictions, not CASP submissions, and not competitive-proof evidence."
7,H2319,H2319_T333,7833,H2319_all_pdbs/Model_7045_af3_woUnpaired_af3_seed_646823_sample_4_pred_159.cif,Model_7045_af3_woUnpaired_af3_seed_646823_sample_4_pred_159.cif,7045,AF3,af3_woUnpaired,646823,4,159,woUnpaired,,False,casp17/massivefold_external_pool_intake/h2319_t333/extracted_models/H2319_all_pdbs/Model_7045_af3_woUnpaired_af3_seed_646823_sample_4_pred_159.cif,awaiting_extract,"MassiveFold model pool index only. It parses organizer-provided external model tarball listings and stages balanced extraction/rerank candidates. These models remain external rerank and accuracy-estimation inputs, not internal predictions, not CASP submissions, and not competitive-proof evidence."
7,H2319,H2319_T333,7836,H2319_all_pdbs/Model_6983_af3_woUnpaired_af3_seed_787935_sample_0_pred_435.cif,Model_6983_af3_woUnpaired_af3_seed_787935_sample_0_pred_435.cif,6983,AF3,af3_woUnpaired,787935,0,435,woUnpaired,,False,casp17/massivefold_external_pool_intake/h2319_t333/extracted_models/H2319_all_pdbs/Model_6983_af3_woUnpaired_af3_seed_787935_sample_0_pred_435.cif,awaiting_extract,"MassiveFold model pool index only. It parses organizer-provided external model tarball listings and stages balanced extraction/rerank candidates. These models remain external rerank and accuracy-estimation inputs, not internal predictions, not CASP submissions, and not competitive-proof evidence."
7,H2319,H2319_T333,7843,H2319_all_pdbs/Model_8896_af3_woUnpaired_af3_seed_57436_sample_1_pred_781.cif,Model_8896_af3_woUnpaired_af3_seed_57436_sample_1_pred_781.cif,8896,AF3,af3_woUnpaired,57436,1,781,woUnpaired,,False,casp17/massivefold_external_pool_intake/h2319_t333/extracted_models/H2319_all_pdbs/Model_8896_af3_woUnpaired_af3_seed_57436_sample_1_pred_781.cif,awaiting_extract,"MassiveFold model pool index only. It parses organizer-provided external model tarball listings and stages balanced extraction/rerank candidates. These models remain external rerank and accuracy-estimation inputs, not internal predictions, not CASP submissions, and not competitive-proof evidence."
7,H2319,H2319_T333,7871,H2319_all_pdbs/Model_6981_af3_woUnpaired_af3_seed_578572_sample_4_pred_939.cif,Model_6981_af3_woUnpaired_af3_seed_578572_sample_4_pred_939.cif,6981,AF3,af3_woUnpaired,578572,4,939,woUnpaired,,False,casp17/massivefold_external_pool_intake/h2319_t333/extracted_models/H2319_all_pdbs/Model_6981_af3_woUnpaired_af3_seed_578572_sample_4_pred_939.cif,awaiting_extract,"MassiveFold model pool index only. It parses organizer-provided external model tarball listings and stages balanced extraction/rerank candidates. These models remain external rerank and accuracy-estimation inputs, not internal predictions, not CASP submissions, and not competitive-proof evidence."
7,H2319,H2319_T333,7881,H2319_all_pdbs/Model_8628_af3_woUnpaired_af3_seed_57443_sample_4_pred_819.cif,Model_8628_af3_woUnpaired_af3_seed_57443_sample_4_pred_819.cif,8628,AF3,af3_woUnpaired,57443,4,819,woUnpaired,,False,casp17/massivefold_external_pool_intake/h2319_t333/extracted_models/H2319_all_pdbs/Model_8628_af3_woUnpaired_af3_seed_57443_sample_4_pred_819.cif,awaiting_extract,"MassiveFold model pool index only. It parses organizer-provided external model tarball listings and stages balanced extraction/rerank candidates. These models remain external rerank and accuracy-estimation inputs, not internal predictions, not CASP submissions, and not competitive-proof evidence."
7,H2319,H2319_T333,7885,H2319_all_pdbs/Model_8887_af3_woUnpaired_af3_seed_42986_sample_0_pred_350.cif,Model_8887_af3_woUnpaired_af3_seed_42986_sample_0_pred_350.cif,8887,AF3,af3_woUnpaired,42986,0,350,woUnpaired,,False,casp17/massivefold_external_pool_intake/h2319_t333/extracted_models/H2319_all_pdbs/Model_8887_af3_woUnpaired_af3_seed_42986_sample_0_pred_350.cif,awaiting_extract,"MassiveFold model pool index only. It parses organizer-provided external model tarball listings and stages balanced extraction/rerank candidates. These models remain external rerank and accuracy-estimation inputs, not internal predictions, not CASP submissions, and not competitive-proof evidence."
7,H2319,H2319_T333,7894,H2319_all_pdbs/Model_7077_af3_woUnpaired_af3_seed_334605_sample_2_pred_727.cif,Model_7077_af3_woUnpaired_af3_seed_334605_sample_2_pred_727.cif,7077,AF3,af3_woUnpaired,334605,2,727,woUnpaired,,False,casp17/massivefold_external_pool_intake/h2319_t333/extracted_models/H2319_all_pdbs/Model_7077_af3_woUnpaired_af3_seed_334605_sample_2_pred_727.cif,awaiting_extract,"MassiveFold model pool index only. It parses organizer-provided external model tarball listings and stages balanced extraction/rerank candidates. These models remain external rerank and accuracy-estimation inputs, not internal predictions, not CASP submissions, and not competitive-proof evidence."
7,H2319,H2319_T333,7895,H2319_all_pdbs/Model_6887_af3_woUnpaired_af3_seed_646834_sample_0_pred_210.cif,Model_6887_af3_woUnpaired_af3_seed_646834_sample_0_pred_210.cif,6887,AF3,af3_woUnpaired,646834,0,210,woUnpaired,,False,casp17/massivefold_external_pool_intake/h2319_t333/extracted_models/H2319_all_pdbs/Model_6887_af3_woUnpaired_af3_seed_646834_sample_0_pred_210.cif,awaiting_extract,"MassiveFold model pool index only. It parses organizer-provided external model tarball listings and stages balanced extraction/rerank candidates. These models remain external rerank and accuracy-estimation inputs, not internal predictions, not CASP submissions, and not competitive-proof evidence."
7,H2319,H2319_T333,7898,H2319_all_pdbs/Model_8646_af3_woUnpaired_af3_seed_787929_sample_3_pred_408.cif,Model_8646_af3_woUnpaired_af3_seed_787929_sample_3_pred_408.cif,8646,AF3,af3_woUnpaired,787929,3,408,woUnpaired,,False,casp17/massivefold_external_pool_intake/h2319_t333/extracted_models/H2319_all_pdbs/Model_8646_af3_woUnpaired_af3_seed_787929_sample_3_pred_408.cif,awaiting_extract,"MassiveFold model pool index only. It parses organizer-provided external model tarball listings and stages balanced extraction/rerank candidates. These models remain external rerank and accuracy-estimation inputs, not internal predictions, not CASP submissions, and not competitive-proof evidence."
7,H2319,H2319_T333,7908,H2319_all_pdbs/Model_10279_af3_woUnpaired_af3_seed_714128_sample_1_pred_596.cif,Model_10279_af3_woUnpaired_af3_seed_714128_sample_1_pred_596.cif,10279,AF3,af3_woUnpaired,714128,1,596,woUnpaired,,False,casp17/massivefold_external_pool_intake/h2319_t333/extracted_models/H2319_all_pdbs/Model_10279_af3_woUnpaired_af3_seed_714128_sample_1_pred_596.cif,awaiting_extract,"MassiveFold model pool index only. It parses organizer-provided external model tarball listings and stages balanced extraction/rerank candidates. These models remain external rerank and accuracy-estimation inputs, not internal predictions, not CASP submissions, and not competitive-proof evidence."
7,H2319,H2319_T333,7913,H2319_all_pdbs/Model_10259_af3_woUnpaired_af3_seed_42984_sample_4_pred_344.cif,Model_10259_af3_woUnpaired_af3_seed_42984_sample_4_pred_344.cif,10259,AF3,af3_woUnpaired,42984,4,344,woUnpaired,,False,casp17/massivefold_external_pool_intake/h2319_t333/extracted_models/H2319_all_pdbs/Model_10259_af3_woUnpaired_af3_seed_42984_sample_4_pred_344.cif,awaiting_extract,"MassiveFold model pool index only. It parses organizer-provided external model tarball listings and stages balanced extraction/rerank candidates. These models remain external rerank and accuracy-estimation inputs, not internal predictions, not CASP submissions, and not competitive-proof evidence."
7,H2319,H2319_T333,7917,H2319_all_pdbs/Model_8893_af3_woUnpaired_af3_seed_578566_sample_2_pred_907.cif,Model_8893_af3_woUnpaired_af3_seed_578566_sample_2_pred_907.cif,8893,AF3,af3_woUnpaired,578566,2,907,woUnpaired,,False,casp17/massivefold_external_pool_intake/h2319_t333/extracted_models/H2319_all_pdbs/Model_8893_af3_woUnpaired_af3_seed_578566_sample_2_pred_907.cif,awaiting_extract,"MassiveFold model pool index only. It parses organizer-provided external model tarball listings and stages balanced extraction/rerank candidates. These models remain external rerank and accuracy-estimation inputs, not internal predictions, not CASP submissions, and not competitive-proof evidence."
7,H2319,H2319_T333,7922,H2319_all_pdbs/Model_8692_af3_woUnpaired_af3_seed_578560_sample_0_pred_875.cif,Model_8692_af3_woUnpaired_af3_seed_578560_sample_0_pred_875.cif,8692,AF3,af3_woUnpaired,578560,0,875,woUnpaired,,False,casp17/massivefold_external_pool_intake/h2319_t333/extracted_models/H2319_all_pdbs/Model_8692_af3_woUnpaired_af3_seed_578560_sample_0_pred_875.cif,awaiting_extract,"MassiveFold model pool index only. It parses organizer-provided external model tarball listings and stages balanced extraction/rerank candidates. These models remain external rerank and accuracy-estimation inputs, not internal predictions, not CASP submissions, and not competitive-proof evidence."
7,H2319,H2319_T333,7951,H2319_all_pdbs/Model_10983_af3_woUnpaired_af3_seed_334587_sample_3_pred_638.cif,Model_10983_af3_woUnpaired_af3_seed_334587_sample_3_pred_638.cif,10983,AF3,af3_woUnpaired,334587,3,638,woUnpaired,,False,casp17/massivefold_external_pool_intake/h2319_t333/extracted_models/H2319_all_pdbs/Model_10983_af3_woUnpaired_af3_seed_334587_sample_3_pred_638.cif,awaiting_extract,"MassiveFold model pool index only. It parses organizer-provided external model tarball listings and stages balanced extraction/rerank candidates. These models remain external rerank and accuracy-estimation inputs, not internal predictions, not CASP submissions, and not competitive-proof evidence."
7,H2319,H2319_T333,7996,H2319_all_pdbs/Model_8611_af3_woUnpaired_af3_seed_714112_sample_0_pred_515.cif,Model_8611_af3_woUnpaired_af3_seed_714112_sample_0_pred_515.cif,8611,AF3,af3_woUnpaired,714112,0,515,woUnpaired,,False,casp17/massivefold_external_pool_intake/h2319_t333/extracted_models/H2319_all_pdbs/Model_8611_af3_woUnpaired_af3_seed_714112_sample_0_pred_515.cif,awaiting_extract,"MassiveFold model pool index only. It parses organizer-provided external model tarball listings and stages balanced extraction/rerank candidates. These models remain external rerank and accuracy-estimation inputs, not internal predictions, not CASP submissions, and not competitive-proof evidence."
7,H2319,H2319_T333,8004,H2319_all_pdbs/Model_10293_af3_woUnpaired_af3_seed_646823_sample_3_pred_158.cif,Model_10293_af3_woUnpaired_af3_seed_646823_sample_3_pred_158.cif,10293,AF3,af3_woUnpaired,646823,3,158,woUnpaired,,False,casp17/massivefold_external_pool_intake/h2319_t333/extracted_models/H2319_all_pdbs/Model_10293_af3_woUnpaired_af3_seed_646823_sample_3_pred_158.cif,awaiting_extract,"MassiveFold model pool index only. It parses organizer-provided external model tarball listings and stages balanced extraction/rerank candidates. These models remain external rerank and accuracy-estimation inputs, not internal predictions, not CASP submissions, and not competitive-proof evidence."
7,H2319,H2319_T333,8028,H2319_all_pdbs/Model_8833_af3_woUnpaired_af3_seed_646823_sample_2_pred_157.cif,Model_8833_af3_woUnpaired_af3_seed_646823_sample_2_pred_157.cif,8833,AF3,af3_woUnpaired,646823,2,157,woUnpaired,,False,casp17/massivefold_external_pool_intake/h2319_t333/extracted_models/H2319_all_pdbs/Model_8833_af3_woUnpaired_af3_seed_646823_sample_2_pred_157.cif,awaiting_extract,"MassiveFold model pool index only. It parses organizer-provided external model tarball listings and stages balanced extraction/rerank candidates. These models remain external rerank and accuracy-estimation inputs, not internal predictions, not CASP submissions, and not competitive-proof evidence."
7,H2319,H2319_T333,8057,H2319_all_pdbs/Model_10942_af3_woUnpaired_af3_seed_334607_sample_1_pred_736.cif,Model_10942_af3_woUnpaired_af3_seed_334607_sample_1_pred_736.cif,10942,AF3,af3_woUnpaired,334607,1,736,woUnpaired,,False,casp17/massivefold_external_pool_intake/h2319_t333/extracted_models/H2319_all_pdbs/Model_10942_af3_woUnpaired_af3_seed_334607_sample_1_pred_736.cif,awaiting_extract,"MassiveFold model pool index only. It parses organizer-provided external model tarball listings and stages balanced extraction/rerank candidates. These models remain external rerank and accuracy-estimation inputs, not internal predictions, not CASP submissions, and not competitive-proof evidence."
7,H2319,H2319_T333,8060,H2319_all_pdbs/Model_10253_af3_woUnpaired_af3_seed_646822_sample_0_pred_150.cif,Model_10253_af3_woUnpaired_af3_seed_646822_sample_0_pred_150.cif,10253,AF3,af3_woUnpaired,646822,0,150,woUnpaired,,False,casp17/massivefold_external_pool_intake/h2319_t333/extracted_models/H2319_all_pdbs/Model_10253_af3_woUnpaired_af3_seed_646822_sample_0_pred_150.cif,awaiting_extract,"MassiveFold model pool index only. It parses organizer-provided external model tarball listings and stages balanced extraction/rerank candidates. These models remain external rerank and accuracy-estimation inputs, not internal predictions, not CASP submissions, and not competitive-proof evidence."
7,H2319,H2319_T333,8063,H2319_all_pdbs/Model_6974_af3_woUnpaired_af3_seed_787940_sample_4_pred_464.cif,Model_6974_af3_woUnpaired_af3_seed_787940_sample_4_pred_464.cif,6974,AF3,af3_woUnpaired,787940,4,464,woUnpaired,,False,casp17/massivefold_external_pool_intake/h2319_t333/extracted_models/H2319_all_pdbs/Model_6974_af3_woUnpaired_af3_seed_787940_sample_4_pred_464.cif,awaiting_extract,"MassiveFold model pool index only. It parses organizer-provided external model tarball listings and stages balanced extraction/rerank candidates. These models remain external rerank and accuracy-estimation inputs, not internal predictions, not CASP submissions, and not competitive-proof evidence."
7,H2319,H2319_T333,8077,H2319_all_pdbs/Model_6150_af3_woUnpaired_af3_seed_334602_sample_0_pred_710.cif,Model_6150_af3_woUnpaired_af3_seed_334602_sample_0_pred_710.cif,6150,AF3,af3_woUnpaired,334602,0,710,woUnpaired,,False,casp17/massivefold_external_pool_intake/h2319_t333/extracted_models/H2319_all_pdbs/Model_6150_af3_woUnpaired_af3_seed_334602_sample_0_pred_710.cif,awaiting_extract,"MassiveFold model pool index only. It parses organizer-provided external model tarball listings and stages balanced extraction/rerank candidates. These models remain external rerank and accuracy-estimation inputs, not internal predictions, not CASP submissions, and not competitive-proof evidence."
7,H2319,H2319_T333,8078,H2319_all_pdbs/Model_8803_af3_woUnpaired_af3_seed_787925_sample_1_pred_386.cif,Model_8803_af3_woUnpaired_af3_seed_787925_sample_1_pred_386.cif,8803,AF3,af3_woUnpaired,787925,1,386,woUnpaired,,False,casp17/massivefold_external_pool_intake/h2319_t333/extracted_models/H2319_all_pdbs/Model_8803_af3_woUnpaired_af3_seed_787925_sample_1_pred_386.cif,awaiting_extract,"MassiveFold model pool index only. It parses organizer-provided external model tarball listings and stages balanced extraction/rerank candidates. These models remain external rerank and accuracy-estimation inputs, not internal predictions, not CASP submissions, and not competitive-proof evidence."
7,H2319,H2319_T333,8109,H2319_all_pdbs/Model_8734_af3_woUnpaired_af3_seed_578579_sample_2_pred_972.cif,Model_8734_af3_woUnpaired_af3_seed_578579_sample_2_pred_972.cif,8734,AF3,af3_woUnpaired,578579,2,972,woUnpaired,,False,casp17/massivefold_external_pool_intake/h2319_t333/extracted_models/H2319_all_pdbs/Model_8734_af3_woUnpaired_af3_seed_578579_sample_2_pred_972.cif,awaiting_extract,"MassiveFold model pool index only. It parses organizer-provided external model tarball listings and stages balanced extraction/rerank candidates. These models remain external rerank and accuracy-estimation inputs, not internal predictions, not CASP submissions, and not competitive-proof evidence."
7,H2319,H2319_T333,8141,H2319_all_pdbs/Model_7706_af3_woUnpaired_af3_seed_466161_sample_4_pred_124.cif,Model_7706_af3_woUnpaired_af3_seed_466161_sample_4_pred_124.cif,7706,AF3,af3_woUnpaired,466161,4,124,woUnpaired,,False,casp17/massivefold_external_pool_intake/h2319_t333/extracted_models/H2319_all_pdbs/Model_7706_af3_woUnpaired_af3_seed_466161_sample_4_pred_124.cif,awaiting_extract,"MassiveFold model pool index only. It parses organizer-provided external model tarball listings and stages balanced extraction/rerank candidates. These models remain external rerank and accuracy-estimation inputs, not internal predictions, not CASP submissions, and not competitive-proof evidence."
7,H2319,H2319_T333,8143,H2319_all_pdbs/Model_10889_af3_woUnpaired_af3_seed_787928_sample_1_pred_401.cif,Model_10889_af3_woUnpaired_af3_seed_787928_sample_1_pred_401.cif,10889,AF3,af3_woUnpaired,787928,1,401,woUnpaired,,False,casp17/massivefold_external_pool_intake/h2319_t333/extracted_models/H2319_all_pdbs/Model_10889_af3_woUnpaired_af3_seed_787928_sample_1_pred_401.cif,awaiting_extract,"MassiveFold model pool index only. It parses organizer-provided external model tarball listings and stages balanced extraction/rerank candidates. These models remain external rerank and accuracy-estimation inputs, not internal predictions, not CASP submissions, and not competitive-proof evidence."
7,H2319,H2319_T333,8160,H2319_all_pdbs/Model_8802_af3_woUnpaired_af3_seed_714131_sample_3_pred_613.cif,Model_8802_af3_woUnpaired_af3_seed_714131_sample_3_pred_613.cif,8802,AF3,af3_woUnpaired,714131,3,613,woUnpaired,,False,casp17/massivefold_external_pool_intake/h2319_t333/extracted_models/H2319_all_pdbs/Model_8802_af3_woUnpaired_af3_seed_714131_sample_3_pred_613.cif,awaiting_extract,"MassiveFold model pool index only. It parses organizer-provided external model tarball listings and stages balanced extraction/rerank candidates. These models remain external rerank and accuracy-estimation inputs, not internal predictions, not CASP submissions, and not competitive-proof evidence."
7,H2319,H2319_T333,8192,H2319_all_pdbs/Model_6955_af3_woUnpaired_af3_seed_787944_sample_2_pred_482.cif,Model_6955_af3_woUnpaired_af3_seed_787944_sample_2_pred_482.cif,6955,AF3,af3_woUnpaired,787944,2,482,woUnpaired,,False,casp17/massivefold_external_pool_intake/h2319_t333/extracted_models/H2319_all_pdbs/Model_6955_af3_woUnpaired_af3_seed_787944_sample_2_pred_482.cif,awaiting_extract,"MassiveFold model pool index only. It parses organizer-provided external model tarball listings and stages balanced extraction/rerank candidates. These models remain external rerank and accuracy-estimation inputs, not internal predictions, not CASP submissions, and not competitive-proof evidence."
7,H2319,H2319_T333,8199,H2319_all_pdbs/Model_8641_af3_woUnpaired_af3_seed_466143_sample_2_pred_32.cif,Model_8641_af3_woUnpaired_af3_seed_466143_sample_2_pred_32.cif,8641,AF3,af3_woUnpaired,466143,2,32,woUnpaired,,False,casp17/massivefold_external_pool_intake/h2319_t333/extracted_models/H2319_all_pdbs/Model_8641_af3_woUnpaired_af3_seed_466143_sample_2_pred_32.cif,awaiting_extract,"MassiveFold model pool index only. It parses organizer-provided external model tarball listings and stages balanced extraction/rerank candidates. These models remain external rerank and accuracy-estimation inputs, not internal predictions, not CASP submissions, and not competitive-proof evidence."
7,H2319,H2319_T333,8215,H2319_all_pdbs/Model_12208_af3_woUnpaired_af3_seed_466147_sample_1_pred_51.cif,Model_12208_af3_woUnpaired_af3_seed_466147_sample_1_pred_51.cif,12208,AF3,af3_woUnpaired,466147,1,51,woUnpaired,,False,casp17/massivefold_external_pool_intake/h2319_t333/extracted_models/H2319_all_pdbs/Model_12208_af3_woUnpaired_af3_seed_466147_sample_1_pred_51.cif,awaiting_extract,"MassiveFold model pool index only. It parses organizer-provided external model tarball listings and stages balanced extraction/rerank candidates. These models remain external rerank and accuracy-estimation inputs, not internal predictions, not CASP submissions, and not competitive-proof evidence."
7,H2319,H2319_T333,8243,H2319_all_pdbs/Model_7751_af3_woUnpaired_af3_seed_578577_sample_0_pred_960.cif,Model_7751_af3_woUnpaired_af3_seed_578577_sample_0_pred_960.cif,7751,AF3,af3_woUnpaired,578577,0,960,woUnpaired,,False,casp17/massivefold_external_pool_intake/h2319_t333/extracted_models/H2319_all_pdbs/Model_7751_af3_woUnpaired_af3_seed_578577_sample_0_pred_960.cif,awaiting_extract,"MassiveFold model pool index only. It parses organizer-provided external model tarball listings and stages balanced extraction/rerank candidates. These models remain external rerank and accuracy-estimation inputs, not internal predictions, not CASP submissions, and not competitive-proof evidence."
7,H2319,H2319_T333,8247,H2319_all_pdbs/Model_6964_af3_woUnpaired_af3_seed_42981_sample_4_pred_329.cif,Model_6964_af3_woUnpaired_af3_seed_42981_sample_4_pred_329.cif,6964,AF3,af3_woUnpaired,42981,4,329,woUnpaired,,False,casp17/massivefold_external_pool_intake/h2319_t333/extracted_models/H2319_all_pdbs/Model_6964_af3_woUnpaired_af3_seed_42981_sample_4_pred_329.cif,awaiting_extract,"MassiveFold model pool index only. It parses organizer-provided external model tarball listings and stages balanced extraction/rerank candidates. These models remain external rerank and accuracy-estimation inputs, not internal predictions, not CASP submissions, and not competitive-proof evidence."
7,H2319,H2319_T333,8268,H2319_all_pdbs/Model_6144_af3_woUnpaired_af3_seed_334602_sample_3_pred_713.cif,Model_6144_af3_woUnpaired_af3_seed_334602_sample_3_pred_713.cif,6144,AF3,af3_woUnpaired,334602,3,713,woUnpaired,,False,casp17/massivefold_external_pool_intake/h2319_t333/extracted_models/H2319_all_pdbs/Model_6144_af3_woUnpaired_af3_seed_334602_sample_3_pred_713.cif,awaiting_extract,"MassiveFold model pool index only. It parses organizer-provided external model tarball listings and stages balanced extraction/rerank candidates. These models remain external rerank and accuracy-estimation inputs, not internal predictions, not CASP submissions, and not competitive-proof evidence."
7,H2319,H2319_T333,8270,H2319_all_pdbs/Model_7791_af3_woUnpaired_af3_seed_57442_sample_1_pred_811.cif,Model_7791_af3_woUnpaired_af3_seed_57442_sample_1_pred_811.cif,7791,AF3,af3_woUnpaired,57442,1,811,woUnpaired,,False,casp17/massivefold_external_pool_intake/h2319_t333/extracted_models/H2319_all_pdbs/Model_7791_af3_woUnpaired_af3_seed_57442_sample_1_pred_811.cif,awaiting_extract,"MassiveFold model pool index only. It parses organizer-provided external model tarball listings and stages balanced extraction/rerank candidates. These models remain external rerank and accuracy-estimation inputs, not internal predictions, not CASP submissions, and not competitive-proof evidence."
7,H2319,H2319_T333,8284,H2319_all_pdbs/Model_6143_af3_woUnpaired_af3_seed_646821_sample_2_pred_147.cif,Model_6143_af3_woUnpaired_af3_seed_646821_sample_2_pred_147.cif,6143,AF3,af3_woUnpaired,646821,2,147,woUnpaired,,False,casp17/massivefold_external_pool_intake/h2319_t333/extracted_models/H2319_all_pdbs/Model_6143_af3_woUnpaired_af3_seed_646821_sample_2_pred_147.cif,awaiting_extract,"MassiveFold model pool index only. It parses organizer-provided external model tarball listings and stages balanced extraction/rerank candidates. These models remain external rerank and accuracy-estimation inputs, not internal predictions, not CASP submissions, and not competitive-proof evidence."
7,H2319,H2319_T333,8298,H2319_all_pdbs/Model_8669_af3_woUnpaired_af3_seed_57441_sample_1_pred_806.cif,Model_8669_af3_woUnpaired_af3_seed_57441_sample_1_pred_806.cif,8669,AF3,af3_woUnpaired,57441,1,806,woUnpaired,,False,casp17/massivefold_external_pool_intake/h2319_t333/extracted_models/H2319_all_pdbs/Model_8669_af3_woUnpaired_af3_seed_57441_sample_1_pred_806.cif,awaiting_extract,"MassiveFold model pool index only. It parses organizer-provided external model tarball listings and stages balanced extraction/rerank candidates. These models remain external rerank and accuracy-estimation inputs, not internal predictions, not CASP submissions, and not competitive-proof evidence."
7,H2319,H2319_T333,8329,H2319_all_pdbs/Model_7042_af3_woUnpaired_af3_seed_57445_sample_4_pred_829.cif,Model_7042_af3_woUnpaired_af3_seed_57445_sample_4_pred_829.cif,7042,AF3,af3_woUnpaired,57445,4,829,woUnpaired,,False,casp17/massivefold_external_pool_intake/h2319_t333/extracted_models/H2319_all_pdbs/Model_7042_af3_woUnpaired_af3_seed_57445_sample_4_pred_829.cif,awaiting_extract,"MassiveFold model pool index only. It parses organizer-provided external model tarball listings and stages balanced extraction/rerank candidates. These models remain external rerank and accuracy-estimation inputs, not internal predictions, not CASP submissions, and not competitive-proof evidence."
7,H2319,H2319_T333,8334,H2319_all_pdbs/Model_6953_af3_woUnpaired_af3_seed_714114_sample_2_pred_527.cif,Model_6953_af3_woUnpaired_af3_seed_714114_sample_2_pred_527.cif,6953,AF3,af3_woUnpaired,714114,2,527,woUnpaired,,False,casp17/massivefold_external_pool_intake/h2319_t333/extracted_models/H2319_all_pdbs/Model_6953_af3_woUnpaired_af3_seed_714114_sample_2_pred_527.cif,awaiting_extract,"MassiveFold model pool index only. It parses organizer-provided external model tarball listings and stages balanced extraction/rerank candidates. These models remain external rerank and accuracy-estimation inputs, not internal predictions, not CASP submissions, and not competitive-proof evidence."
7,H2319,H2319_T333,8350,H2319_all_pdbs/Model_10891_af3_woUnpaired_af3_seed_42967_sample_0_pred_255.cif,Model_10891_af3_woUnpaired_af3_seed_42967_sample_0_pred_255.cif,10891,AF3,af3_woUnpaired,42967,0,255,woUnpaired,,False,casp17/massivefold_external_pool_intake/h2319_t333/extracted_models/H2319_all_pdbs/Model_10891_af3_woUnpaired_af3_seed_42967_sample_0_pred_255.cif,awaiting_extract,"MassiveFold model pool index only. It parses organizer-provided external model tarball listings and stages balanced extraction/rerank candidates. These models remain external rerank and accuracy-estimation inputs, not internal predictions, not CASP submissions, and not competitive-proof evidence."
7,H2319,H2319_T333,8366,H2319_all_pdbs/Model_7714_af3_woUnpaired_af3_seed_57431_sample_3_pred_758.cif,Model_7714_af3_woUnpaired_af3_seed_57431_sample_3_pred_758.cif,7714,AF3,af3_woUnpaired,57431,3,758,woUnpaired,,False,casp17/massivefold_external_pool_intake/h2319_t333/extracted_models/H2319_all_pdbs/Model_7714_af3_woUnpaired_af3_seed_57431_sample_3_pred_758.cif,awaiting_extract,"MassiveFold model pool index only. It parses organizer-provided external model tarball listings and stages balanced extraction/rerank candidates. These models remain external rerank and accuracy-estimation inputs, not internal predictions, not CASP submissions, and not competitive-proof evidence."
7,H2319,H2319_T333,8383,H2319_all_pdbs/Model_7036_af3_woUnpaired_af3_seed_714130_sample_0_pred_605.cif,Model_7036_af3_woUnpaired_af3_seed_714130_sample_0_pred_605.cif,7036,AF3,af3_woUnpaired,714130,0,605,woUnpaired,,False,casp17/massivefold_external_pool_intake/h2319_t333/extracted_models/H2319_all_pdbs/Model_7036_af3_woUnpaired_af3_seed_714130_sample_0_pred_605.cif,awaiting_extract,"MassiveFold model pool index only. It parses organizer-provided external model tarball listings and stages balanced extraction/rerank candidates. These models remain external rerank and accuracy-estimation inputs, not internal predictions, not CASP submissions, and not competitive-proof evidence."
7,H2319,H2319_T333,8385,H2319_all_pdbs/Model_6390_af3_woUnpaired_af3_seed_334599_sample_0_pred_695.cif,Model_6390_af3_woUnpaired_af3_seed_334599_sample_0_pred_695.cif,6390,AF3,af3_woUnpaired,334599,0,695,woUnpaired,,False,casp17/massivefold_external_pool_intake/h2319_t333/extracted_models/H2319_all_pdbs/Model_6390_af3_woUnpaired_af3_seed_334599_sample_0_pred_695.cif,awaiting_extract,"MassiveFold model pool index only. It parses organizer-provided external model tarball listings and stages balanced extraction/rerank candidates. These models remain external rerank and accuracy-estimation inputs, not internal predictions, not CASP submissions, and not competitive-proof evidence."
7,H2319,H2319_T333,8402,H2319_all_pdbs/Model_7096_af3_woUnpaired_af3_seed_42975_sample_2_pred_297.cif,Model_7096_af3_woUnpaired_af3_seed_42975_sample_2_pred_297.cif,7096,AF3,af3_woUnpaired,42975,2,297,woUnpaired,,False,casp17/massivefold_external_pool_intake/h2319_t333/extracted_models/H2319_all_pdbs/Model_7096_af3_woUnpaired_af3_seed_42975_sample_2_pred_297.cif,awaiting_extract,"MassiveFold model pool index only. It parses organizer-provided external model tarball listings and stages balanced extraction/rerank candidates. These models remain external rerank and accuracy-estimation inputs, not internal predictions, not CASP submissions, and not competitive-proof evidence."
7,H2319,H2319_T333,8411,H2319_all_pdbs/Model_8685_af3_woUnpaired_af3_seed_714133_sample_0_pred_620.cif,Model_8685_af3_woUnpaired_af3_seed_714133_sample_0_pred_620.cif,8685,AF3,af3_woUnpaired,714133,0,620,woUnpaired,,False,casp17/massivefold_external_pool_intake/h2319_t333/extracted_models/H2319_all_pdbs/Model_8685_af3_woUnpaired_af3_seed_714133_sample_0_pred_620.cif,awaiting_extract,"MassiveFold model pool index only. It parses organizer-provided external model tarball listings and stages balanced extraction/rerank candidates. These models remain external rerank and accuracy-estimation inputs, not internal predictions, not CASP submissions, and not competitive-proof evidence."
7,H2319,H2319_T333,8416,H2319_all_pdbs/Model_8723_af3_woUnpaired_af3_seed_714118_sample_3_pred_548.cif,Model_8723_af3_woUnpaired_af3_seed_714118_sample_3_pred_548.cif,8723,AF3,af3_woUnpaired,714118,3,548,woUnpaired,,False,casp17/massivefold_external_pool_intake/h2319_t333/extracted_models/H2319_all_pdbs/Model_8723_af3_woUnpaired_af3_seed_714118_sample_3_pred_548.cif,awaiting_extract,"MassiveFold model pool index only. It parses organizer-provided external model tarball listings and stages balanced extraction/rerank candidates. These models remain external rerank and accuracy-estimation inputs, not internal predictions, not CASP submissions, and not competitive-proof evidence."
7,H2319,H2319_T333,8436,H2319_all_pdbs/Model_10966_af3_woUnpaired_af3_seed_646836_sample_3_pred_223.cif,Model_10966_af3_woUnpaired_af3_seed_646836_sample_3_pred_223.cif,10966,AF3,af3_woUnpaired,646836,3,223,woUnpaired,,False,casp17/massivefold_external_pool_intake/h2319_t333/extracted_models/H2319_all_pdbs/Model_10966_af3_woUnpaired_af3_seed_646836_sample_3_pred_223.cif,awaiting_extract,"MassiveFold model pool index only. It parses organizer-provided external model tarball listings and stages balanced extraction/rerank candidates. These models remain external rerank and accuracy-estimation inputs, not internal predictions, not CASP submissions, and not competitive-proof evidence."
7,H2319,H2319_T333,8437,H2319_all_pdbs/Model_8903_af3_woUnpaired_af3_seed_466143_sample_1_pred_31.cif,Model_8903_af3_woUnpaired_af3_seed_466143_sample_1_pred_31.cif,8903,AF3,af3_woUnpaired,466143,1,31,woUnpaired,,False,casp17/massivefold_external_pool_intake/h2319_t333/extracted_models/H2319_all_pdbs/Model_8903_af3_woUnpaired_af3_seed_466143_sample_1_pred_31.cif,awaiting_extract,"MassiveFold model pool index only. It parses organizer-provided external model tarball listings and stages balanced extraction/rerank candidates. These models remain external rerank and accuracy-estimation inputs, not internal predictions, not CASP submissions, and not competitive-proof evidence."
7,H2319,H2319_T333,8443,H2319_all_pdbs/Model_10989_af3_woUnpaired_af3_seed_714126_sample_3_pred_588.cif,Model_10989_af3_woUnpaired_af3_seed_714126_sample_3_pred_588.cif,10989,AF3,af3_woUnpaired,714126,3,588,woUnpaired,,False,casp17/massivefold_external_pool_intake/h2319_t333/extracted_models/H2319_all_pdbs/Model_10989_af3_woUnpaired_af3_seed_714126_sample_3_pred_588.cif,awaiting_extract,"MassiveFold model pool index only. It parses organizer-provided external model tarball listings and stages balanced extraction/rerank candidates. These models remain external rerank and accuracy-estimation inputs, not internal predictions, not CASP submissions, and not competitive-proof evidence."
7,H2319,H2319_T333,8463,H2319_all_pdbs/Model_10268_af3_woUnpaired_af3_seed_787932_sample_2_pred_422.cif,Model_10268_af3_woUnpaired_af3_seed_787932_sample_2_pred_422.cif,10268,AF3,af3_woUnpaired,787932,2,422,woUnpaired,,False,casp17/massivefold_external_pool_intake/h2319_t333/extracted_models/H2319_all_pdbs/Model_10268_af3_woUnpaired_af3_seed_787932_sample_2_pred_422.cif,awaiting_extract,"MassiveFold model pool index only. It parses organizer-provided external model tarball listings and stages balanced extraction/rerank candidates. These models remain external rerank and accuracy-estimation inputs, not internal predictions, not CASP submissions, and not competitive-proof evidence."
7,H2319,H2319_T333,8478,H2319_all_pdbs/Model_6956_af3_woUnpaired_af3_seed_42976_sample_3_pred_303.cif,Model_6956_af3_woUnpaired_af3_seed_42976_sample_3_pred_303.cif,6956,AF3,af3_woUnpaired,42976,3,303,woUnpaired,,False,casp17/massivefold_external_pool_intake/h2319_t333/extracted_models/H2319_all_pdbs/Model_6956_af3_woUnpaired_af3_seed_42976_sample_3_pred_303.cif,awaiting_extract,"MassiveFold model pool index only. It parses organizer-provided external model tarball listings and stages balanced extraction/rerank candidates. These models remain external rerank and accuracy-estimation inputs, not internal predictions, not CASP submissions, and not competitive-proof evidence."
7,H2319,H2319_T333,8496,H2319_all_pdbs/Model_8816_af3_woUnpaired_af3_seed_714120_sample_4_pred_559.cif,Model_8816_af3_woUnpaired_af3_seed_714120_sample_4_pred_559.cif,8816,AF3,af3_woUnpaired,714120,4,559,woUnpaired,,False,casp17/massivefold_external_pool_intake/h2319_t333/extracted_models/H2319_all_pdbs/Model_8816_af3_woUnpaired_af3_seed_714120_sample_4_pred_559.cif,awaiting_extract,"MassiveFold model pool index only. It parses organizer-provided external model tarball listings and stages balanced extraction/rerank candidates. These models remain external rerank and accuracy-estimation inputs, not internal predictions, not CASP submissions, and not competitive-proof evidence."
7,H2319,H2319_T333,8504,H2319_all_pdbs/Model_7099_af3_woUnpaired_af3_seed_57449_sample_1_pred_846.cif,Model_7099_af3_woUnpaired_af3_seed_57449_sample_1_pred_846.cif,7099,AF3,af3_woUnpaired,57449,1,846,woUnpaired,,False,casp17/massivefold_external_pool_intake/h2319_t333/extracted_models/H2319_all_pdbs/Model_7099_af3_woUnpaired_af3_seed_57449_sample_1_pred_846.cif,awaiting_extract,"MassiveFold model pool index only. It parses organizer-provided external model tarball listings and stages balanced extraction/rerank candidates. These models remain external rerank and accuracy-estimation inputs, not internal predictions, not CASP submissions, and not competitive-proof evidence."
7,H2319,H2319_T333,8509,H2319_all_pdbs/Model_7731_af3_woUnpaired_af3_seed_334598_sample_3_pred_693.cif,Model_7731_af3_woUnpaired_af3_seed_334598_sample_3_pred_693.cif,7731,AF3,af3_woUnpaired,334598,3,693,woUnpaired,,False,casp17/massivefold_external_pool_intake/h2319_t333/extracted_models/H2319_all_pdbs/Model_7731_af3_woUnpaired_af3_seed_334598_sample_3_pred_693.cif,awaiting_extract,"MassiveFold model pool index only. It parses organizer-provided external model tarball listings and stages balanced extraction/rerank candidates. These models remain external rerank and accuracy-estimation inputs, not internal predictions, not CASP submissions, and not competitive-proof evidence."
7,H2319,H2319_T333,8533,H2319_all_pdbs/Model_7063_af3_woUnpaired_af3_seed_787947_sample_4_pred_499.cif,Model_7063_af3_woUnpaired_af3_seed_787947_sample_4_pred_499.cif,7063,AF3,af3_woUnpaired,787947,4,499,woUnpaired,,False,casp17/massivefold_external_pool_intake/h2319_t333/extracted_models/H2319_all_pdbs/Model_7063_af3_woUnpaired_af3_seed_787947_sample_4_pred_499.cif,awaiting_extract,"MassiveFold model pool index only. It parses organizer-provided external model tarball listings and stages balanced extraction/rerank candidates. These models remain external rerank and accuracy-estimation inputs, not internal predictions, not CASP submissions, and not competitive-proof evidence."
7,H2319,H2319_T333,8539,H2319_all_pdbs/Model_10909_af3_woUnpaired_af3_seed_57437_sample_2_pred_787.cif,Model_10909_af3_woUnpaired_af3_seed_57437_sample_2_pred_787.cif,10909,AF3,af3_woUnpaired,57437,2,787,woUnpaired,,False,casp17/massivefold_external_pool_intake/h2319_t333/extracted_models/H2319_all_pdbs/Model_10909_af3_woUnpaired_af3_seed_57437_sample_2_pred_787.cif,awaiting_extract,"MassiveFold model pool index only. It parses organizer-provided external model tarball listings and stages balanced extraction/rerank candidates. These models remain external rerank and accuracy-estimation inputs, not internal predictions, not CASP submissions, and not competitive-proof evidence."
7,H2319,H2319_T333,8543,H2319_all_pdbs/Model_7032_af3_woUnpaired_af3_seed_578565_sample_3_pred_903.cif,Model_7032_af3_woUnpaired_af3_seed_578565_sample_3_pred_903.cif,7032,AF3,af3_woUnpaired,578565,3,903,woUnpaired,,False,casp17/massivefold_external_pool_intake/h2319_t333/extracted_models/H2319_all_pdbs/Model_7032_af3_woUnpaired_af3_seed_578565_sample_3_pred_903.cif,awaiting_extract,"MassiveFold model pool index only. It parses organizer-provided external model tarball listings and stages balanced extraction/rerank candidates. These models remain external rerank and accuracy-estimation inputs, not internal predictions, not CASP submissions, and not competitive-proof evidence."
7,H2319,H2319_T333,8546,H2319_all_pdbs/Model_10944_af3_woUnpaired_af3_seed_646818_sample_3_pred_133.cif,Model_10944_af3_woUnpaired_af3_seed_646818_sample_3_pred_133.cif,10944,AF3,af3_woUnpaired,646818,3,133,woUnpaired,,False,casp17/massivefold_external_pool_intake/h2319_t333/extracted_models/H2319_all_pdbs/Model_10944_af3_woUnpaired_af3_seed_646818_sample_3_pred_133.cif,awaiting_extract,"MassiveFold model pool index only. It parses organizer-provided external model tarball listings and stages balanced extraction/rerank candidates. These models remain external rerank and accuracy-estimation inputs, not internal predictions, not CASP submissions, and not competitive-proof evidence."
7,H2319,H2319_T333,8556,H2319_all_pdbs/Model_7069_af3_woUnpaired_af3_seed_646821_sample_1_pred_146.cif,Model_7069_af3_woUnpaired_af3_seed_646821_sample_1_pred_146.cif,7069,AF3,af3_woUnpaired,646821,1,146,woUnpaired,,False,casp17/massivefold_external_pool_intake/h2319_t333/extracted_models/H2319_all_pdbs/Model_7069_af3_woUnpaired_af3_seed_646821_sample_1_pred_146.cif,awaiting_extract,"MassiveFold model pool index only. It parses organizer-provided external model tarball listings and stages balanced extraction/rerank candidates. These models remain external rerank and accuracy-estimation inputs, not internal predictions, not CASP submissions, and not competitive-proof evidence."
7,H2319,H2319_T333,8566,H2319_all_pdbs/Model_8696_af3_woUnpaired_af3_seed_466157_sample_1_pred_101.cif,Model_8696_af3_woUnpaired_af3_seed_466157_sample_1_pred_101.cif,8696,AF3,af3_woUnpaired,466157,1,101,woUnpaired,,False,casp17/massivefold_external_pool_intake/h2319_t333/extracted_models/H2319_all_pdbs/Model_8696_af3_woUnpaired_af3_seed_466157_sample_1_pred_101.cif,awaiting_extract,"MassiveFold model pool index only. It parses organizer-provided external model tarball listings and stages balanced extraction/rerank candidates. These models remain external rerank and accuracy-estimation inputs, not internal predictions, not CASP submissions, and not competitive-proof evidence."
7,H2319,H2319_T333,8578,H2319_all_pdbs/Model_8610_af3_woUnpaired_af3_seed_42984_sample_3_pred_343.cif,Model_8610_af3_woUnpaired_af3_seed_42984_sample_3_pred_343.cif,8610,AF3,af3_woUnpaired,42984,3,343,woUnpaired,,False,casp17/massivefold_external_pool_intake/h2319_t333/extracted_models/H2319_all_pdbs/Model_8610_af3_woUnpaired_af3_seed_42984_sample_3_pred_343.cif,awaiting_extract,"MassiveFold model pool index only. It parses organizer-provided external model tarball listings and stages balanced extraction/rerank candidates. These models remain external rerank and accuracy-estimation inputs, not internal predictions, not CASP submissions, and not competitive-proof evidence."
7,H2319,H2319_T333,8583,H2319_all_pdbs/Model_8914_af3_woUnpaired_af3_seed_578576_sample_1_pred_956.cif,Model_8914_af3_woUnpaired_af3_seed_578576_sample_1_pred_956.cif,8914,AF3,af3_woUnpaired,578576,1,956,woUnpaired,,False,casp17/massivefold_external_pool_intake/h2319_t333/extracted_models/H2319_all_pdbs/Model_8914_af3_woUnpaired_af3_seed_578576_sample_1_pred_956.cif,awaiting_extract,"MassiveFold model pool index only. It parses organizer-provided external model tarball listings and stages balanced extraction/rerank candidates. These models remain external rerank and accuracy-estimation inputs, not internal predictions, not CASP submissions, and not competitive-proof evidence."
7,H2319,H2319_T333,8605,H2319_all_pdbs/Model_6174_af3_woUnpaired_af3_seed_787933_sample_3_pred_428.cif,Model_6174_af3_woUnpaired_af3_seed_787933_sample_3_pred_428.cif,6174,AF3,af3_woUnpaired,787933,3,428,woUnpaired,,False,casp17/massivefold_external_pool_intake/h2319_t333/extracted_models/H2319_all_pdbs/Model_6174_af3_woUnpaired_af3_seed_787933_sample_3_pred_428.cif,awaiting_extract,"MassiveFold model pool index only. It parses organizer-provided external model tarball listings and stages balanced extraction/rerank candidates. These models remain external rerank and accuracy-estimation inputs, not internal predictions, not CASP submissions, and not competitive-proof evidence."
7,H2319,H2319_T333,8622,H2319_all_pdbs/Model_6939_af3_woUnpaired_af3_seed_57439_sample_0_pred_795.cif,Model_6939_af3_woUnpaired_af3_seed_57439_sample_0_pred_795.cif,6939,AF3,af3_woUnpaired,57439,0,795,woUnpaired,,False,casp17/massivefold_external_pool_intake/h2319_t333/extracted_models/H2319_all_pdbs/Model_6939_af3_woUnpaired_af3_seed_57439_sample_0_pred_795.cif,awaiting_extract,"MassiveFold model pool index only. It parses organizer-provided external model tarball listings and stages balanced extraction/rerank candidates. These models remain external rerank and accuracy-estimation inputs, not internal predictions, not CASP submissions, and not competitive-proof evidence."
7,H2319,H2319_T333,8648,H2319_all_pdbs/Model_7763_af3_woUnpaired_af3_seed_334591_sample_2_pred_657.cif,Model_7763_af3_woUnpaired_af3_seed_334591_sample_2_pred_657.cif,7763,AF3,af3_woUnpaired,334591,2,657,woUnpaired,,False,casp17/massivefold_external_pool_intake/h2319_t333/extracted_models/H2319_all_pdbs/Model_7763_af3_woUnpaired_af3_seed_334591_sample_2_pred_657.cif,awaiting_extract,"MassiveFold model pool index only. It parses organizer-provided external model tarball listings and stages balanced extraction/rerank candidates. These models remain external rerank and accuracy-estimation inputs, not internal predictions, not CASP submissions, and not competitive-proof evidence."
7,H2319,H2319_T333,8657,H2319_all_pdbs/Model_8851_af3_woUnpaired_af3_seed_42987_sample_1_pred_356.cif,Model_8851_af3_woUnpaired_af3_seed_42987_sample_1_pred_356.cif,8851,AF3,af3_woUnpaired,42987,1,356,woUnpaired,,False,casp17/massivefold_external_pool_intake/h2319_t333/extracted_models/H2319_all_pdbs/Model_8851_af3_woUnpaired_af3_seed_42987_sample_1_pred_356.cif,awaiting_extract,"MassiveFold model pool index only. It parses organizer-provided external model tarball listings and stages balanced extraction/rerank candidates. These models remain external rerank and accuracy-estimation inputs, not internal predictions, not CASP submissions, and not competitive-proof evidence."
7,H2319,H2319_T333,8658,H2319_all_pdbs/Model_7788_af3_woUnpaired_af3_seed_42971_sample_3_pred_278.cif,Model_7788_af3_woUnpaired_af3_seed_42971_sample_3_pred_278.cif,7788,AF3,af3_woUnpaired,42971,3,278,woUnpaired,,False,casp17/massivefold_external_pool_intake/h2319_t333/extracted_models/H2319_all_pdbs/Model_7788_af3_woUnpaired_af3_seed_42971_sample_3_pred_278.cif,awaiting_extract,"MassiveFold model pool index only. It parses organizer-provided external model tarball listings and stages balanced extraction/rerank candidates. These models remain external rerank and accuracy-estimation inputs, not internal predictions, not CASP submissions, and not competitive-proof evidence."
7,H2319,H2319_T333,8675,H2319_all_pdbs/Model_8938_af3_woUnpaired_af3_seed_57439_sample_3_pred_798.cif,Model_8938_af3_woUnpaired_af3_seed_57439_sample_3_pred_798.cif,8938,AF3,af3_woUnpaired,57439,3,798,woUnpaired,,False,casp17/massivefold_external_pool_intake/h2319_t333/extracted_models/H2319_all_pdbs/Model_8938_af3_woUnpaired_af3_seed_57439_sample_3_pred_798.cif,awaiting_extract,"MassiveFold model pool index only. It parses organizer-provided external model tarball listings and stages balanced extraction/rerank candidates. These models remain external rerank and accuracy-estimation inputs, not internal predictions, not CASP submissions, and not competitive-proof evidence."
7,H2319,H2319_T333,8690,H2319_all_pdbs/Model_6977_af3_woUnpaired_af3_seed_42987_sample_0_pred_355.cif,Model_6977_af3_woUnpaired_af3_seed_42987_sample_0_pred_355.cif,6977,AF3,af3_woUnpaired,42987,0,355,woUnpaired,,False,casp17/massivefold_external_pool_intake/h2319_t333/extracted_models/H2319_all_pdbs/Model_6977_af3_woUnpaired_af3_seed_42987_sample_0_pred_355.cif,awaiting_extract,"MassiveFold model pool index only. It parses organizer-provided external model tarball listings and stages balanced extraction/rerank candidates. These models remain external rerank and accuracy-estimation inputs, not internal predictions, not CASP submissions, and not competitive-proof evidence."
7,H2319,H2319_T333,8716,H2319_all_pdbs/Model_8751_af3_woUnpaired_af3_seed_42986_sample_1_pred_351.cif,Model_8751_af3_woUnpaired_af3_seed_42986_sample_1_pred_351.cif,8751,AF3,af3_woUnpaired,42986,1,351,woUnpaired,,False,casp17/massivefold_external_pool_intake/h2319_t333/extracted_models/H2319_all_pdbs/Model_8751_af3_woUnpaired_af3_seed_42986_sample_1_pred_351.cif,awaiting_extract,"MassiveFold model pool index only. It parses organizer-provided external model tarball listings and stages balanced extraction/rerank candidates. These models remain external rerank and accuracy-estimation inputs, not internal predictions, not CASP submissions, and not competitive-proof evidence."
7,H2319,H2319_T333,8720,H2319_all_pdbs/Model_8870_af3_woUnpaired_af3_seed_714126_sample_4_pred_589.cif,Model_8870_af3_woUnpaired_af3_seed_714126_sample_4_pred_589.cif,8870,AF3,af3_woUnpaired,714126,4,589,woUnpaired,,False,casp17/massivefold_external_pool_intake/h2319_t333/extracted_models/H2319_all_pdbs/Model_8870_af3_woUnpaired_af3_seed_714126_sample_4_pred_589.cif,awaiting_extract,"MassiveFold model pool index only. It parses organizer-provided external model tarball listings and stages balanced extraction/rerank candidates. These models remain external rerank and accuracy-estimation inputs, not internal predictions, not CASP submissions, and not competitive-proof evidence."
7,H2319,H2319_T333,8741,H2319_all_pdbs/Model_6365_af3_woUnpaired_af3_seed_646840_sample_0_pred_240.cif,Model_6365_af3_woUnpaired_af3_seed_646840_sample_0_pred_240.cif,6365,AF3,af3_woUnpaired,646840,0,240,woUnpaired,,False,casp17/massivefold_external_pool_intake/h2319_t333/extracted_models/H2319_all_pdbs/Model_6365_af3_woUnpaired_af3_seed_646840_sample_0_pred_240.cif,awaiting_extract,"MassiveFold model pool index only. It parses organizer-provided external model tarball listings and stages balanced extraction/rerank candidates. These models remain external rerank and accuracy-estimation inputs, not internal predictions, not CASP submissions, and not competitive-proof evidence."
7,H2319,H2319_T333,8751,H2319_all_pdbs/Model_8648_af3_woUnpaired_af3_seed_42967_sample_3_pred_258.cif,Model_8648_af3_woUnpaired_af3_seed_42967_sample_3_pred_258.cif,8648,AF3,af3_woUnpaired,42967,3,258,woUnpaired,,False,casp17/massivefold_external_pool_intake/h2319_t333/extracted_models/H2319_all_pdbs/Model_8648_af3_woUnpaired_af3_seed_42967_sample_3_pred_258.cif,awaiting_extract,"MassiveFold model pool index only. It parses organizer-provided external model tarball listings and stages balanced extraction/rerank candidates. These models remain external rerank and accuracy-estimation inputs, not internal predictions, not CASP submissions, and not competitive-proof evidence."
7,H2319,H2319_T333,8765,H2319_all_pdbs/Model_8829_af3_woUnpaired_af3_seed_714113_sample_2_pred_522.cif,Model_8829_af3_woUnpaired_af3_seed_714113_sample_2_pred_522.cif,8829,AF3,af3_woUnpaired,714113,2,522,woUnpaired,,False,casp17/massivefold_external_pool_intake/h2319_t333/extracted_models/H2319_all_pdbs/Model_8829_af3_woUnpaired_af3_seed_714113_sample_2_pred_522.cif,awaiting_extract,"MassiveFold model pool index only. It parses organizer-provided external model tarball listings and stages balanced extraction/rerank candidates. These models remain external rerank and accuracy-estimation inputs, not internal predictions, not CASP submissions, and not competitive-proof evidence."
7,H2319,H2319_T333,8793,H2319_all_pdbs/Model_8930_af3_woUnpaired_af3_seed_42983_sample_0_pred_335.cif,Model_8930_af3_woUnpaired_af3_seed_42983_sample_0_pred_335.cif,8930,AF3,af3_woUnpaired,42983,0,335,woUnpaired,,False,casp17/massivefold_external_pool_intake/h2319_t333/extracted_models/H2319_all_pdbs/Model_8930_af3_woUnpaired_af3_seed_42983_sample_0_pred_335.cif,awaiting_extract,"MassiveFold model pool index only. It parses organizer-provided external model tarball listings and stages balanced extraction/rerank candidates. These models remain external rerank and accuracy-estimation inputs, not internal predictions, not CASP submissions, and not competitive-proof evidence."
7,H2319,H2319_T333,8820,H2319_all_pdbs/Model_8827_af3_woUnpaired_af3_seed_57432_sample_1_pred_761.cif,Model_8827_af3_woUnpaired_af3_seed_57432_sample_1_pred_761.cif,8827,AF3,af3_woUnpaired,57432,1,761,woUnpaired,,False,casp17/massivefold_external_pool_intake/h2319_t333/extracted_models/H2319_all_pdbs/Model_8827_af3_woUnpaired_af3_seed_57432_sample_1_pred_761.cif,awaiting_extract,"MassiveFold model pool index only. It parses organizer-provided external model tarball listings and stages balanced extraction/rerank candidates. These models remain external rerank and accuracy-estimation inputs, not internal predictions, not CASP submissions, and not competitive-proof evidence."
7,H2319,H2319_T333,8829,H2319_all_pdbs/Model_7021_af3_woUnpaired_af3_seed_646840_sample_4_pred_244.cif,Model_7021_af3_woUnpaired_af3_seed_646840_sample_4_pred_244.cif,7021,AF3,af3_woUnpaired,646840,4,244,woUnpaired,,False,casp17/massivefold_external_pool_intake/h2319_t333/extracted_models/H2319_all_pdbs/Model_7021_af3_woUnpaired_af3_seed_646840_sample_4_pred_244.cif,awaiting_extract,"MassiveFold model pool index only. It parses organizer-provided external model tarball listings and stages balanced extraction/rerank candidates. These models remain external rerank and accuracy-estimation inputs, not internal predictions, not CASP submissions, and not competitive-proof evidence."
7,H2319,H2319_T333,8857,H2319_all_pdbs/Model_8767_af3_woUnpaired_af3_seed_646839_sample_2_pred_237.cif,Model_8767_af3_woUnpaired_af3_seed_646839_sample_2_pred_237.cif,8767,AF3,af3_woUnpaired,646839,2,237,woUnpaired,,False,casp17/massivefold_external_pool_intake/h2319_t333/extracted_models/H2319_all_pdbs/Model_8767_af3_woUnpaired_af3_seed_646839_sample_2_pred_237.cif,awaiting_extract,"MassiveFold model pool index only. It parses organizer-provided external model tarball listings and stages balanced extraction/rerank candidates. These models remain external rerank and accuracy-estimation inputs, not internal predictions, not CASP submissions, and not competitive-proof evidence."
7,H2319,H2319_T333,8889,H2319_all_pdbs/Model_12798_af3_woUnpaired_af3_seed_57449_sample_4_pred_849.cif,Model_12798_af3_woUnpaired_af3_seed_57449_sample_4_pred_849.cif,12798,AF3,af3_woUnpaired,57449,4,849,woUnpaired,,False,casp17/massivefold_external_pool_intake/h2319_t333/extracted_models/H2319_all_pdbs/Model_12798_af3_woUnpaired_af3_seed_57449_sample_4_pred_849.cif,awaiting_extract,"MassiveFold model pool index only. It parses organizer-provided external model tarball listings and stages balanced extraction/rerank candidates. These models remain external rerank and accuracy-estimation inputs, not internal predictions, not CASP submissions, and not competitive-proof evidence."
7,H2319,H2319_T333,8907,H2319_all_pdbs/Model_8711_af3_woUnpaired_af3_seed_57454_sample_2_pred_872.cif,Model_8711_af3_woUnpaired_af3_seed_57454_sample_2_pred_872.cif,8711,AF3,af3_woUnpaired,57454,2,872,woUnpaired,,False,casp17/massivefold_external_pool_intake/h2319_t333/extracted_models/H2319_all_pdbs/Model_8711_af3_woUnpaired_af3_seed_57454_sample_2_pred_872.cif,awaiting_extract,"MassiveFold model pool index only. It parses organizer-provided external model tarball listings and stages balanced extraction/rerank candidates. These models remain external rerank and accuracy-estimation inputs, not internal predictions, not CASP submissions, and not competitive-proof evidence."
7,H2319,H2319_T333,8933,H2319_all_pdbs/Model_6171_af3_woUnpaired_af3_seed_466139_sample_3_pred_13.cif,Model_6171_af3_woUnpaired_af3_seed_466139_sample_3_pred_13.cif,6171,AF3,af3_woUnpaired,466139,3,13,woUnpaired,,False,casp17/massivefold_external_pool_intake/h2319_t333/extracted_models/H2319_all_pdbs/Model_6171_af3_woUnpaired_af3_seed_466139_sample_3_pred_13.cif,awaiting_extract,"MassiveFold model pool index only. It parses organizer-provided external model tarball listings and stages balanced extraction/rerank candidates. These models remain external rerank and accuracy-estimation inputs, not internal predictions, not CASP submissions, and not competitive-proof evidence."
7,H2319,H2319_T333,8941,H2319_all_pdbs/Model_8834_af3_woUnpaired_af3_seed_714110_sample_0_pred_505.cif,Model_8834_af3_woUnpaired_af3_seed_714110_sample_0_pred_505.cif,8834,AF3,af3_woUnpaired,714110,0,505,woUnpaired,,False,casp17/massivefold_external_pool_intake/h2319_t333/extracted_models/H2319_all_pdbs/Model_8834_af3_woUnpaired_af3_seed_714110_sample_0_pred_505.cif,awaiting_extract,"MassiveFold model pool index only. It parses organizer-provided external model tarball listings and stages balanced extraction/rerank candidates. These models remain external rerank and accuracy-estimation inputs, not internal predictions, not CASP submissions, and not competitive-proof evidence."
7,H2319,H2319_T333,8952,H2319_all_pdbs/Model_7056_af3_woUnpaired_af3_seed_57431_sample_2_pred_757.cif,Model_7056_af3_woUnpaired_af3_seed_57431_sample_2_pred_757.cif,7056,AF3,af3_woUnpaired,57431,2,757,woUnpaired,,False,casp17/massivefold_external_pool_intake/h2319_t333/extracted_models/H2319_all_pdbs/Model_7056_af3_woUnpaired_af3_seed_57431_sample_2_pred_757.cif,awaiting_extract,"MassiveFold model pool index only. It parses organizer-provided external model tarball listings and stages balanced extraction/rerank candidates. These models remain external rerank and accuracy-estimation inputs, not internal predictions, not CASP submissions, and not competitive-proof evidence."
7,H2319,H2319_T333,8965,H2319_all_pdbs/Model_8706_af3_woUnpaired_af3_seed_42979_sample_0_pred_315.cif,Model_8706_af3_woUnpaired_af3_seed_42979_sample_0_pred_315.cif,8706,AF3,af3_woUnpaired,42979,0,315,woUnpaired,,False,casp17/massivefold_external_pool_intake/h2319_t333/extracted_models/H2319_all_pdbs/Model_8706_af3_woUnpaired_af3_seed_42979_sample_0_pred_315.cif,awaiting_extract,"MassiveFold model pool index only. It parses organizer-provided external model tarball listings and stages balanced extraction/rerank candidates. These models remain external rerank and accuracy-estimation inputs, not internal predictions, not CASP submissions, and not competitive-proof evidence."
7,H2319,H2319_T333,8980,H2319_all_pdbs/Model_8755_af3_woUnpaired_af3_seed_714115_sample_2_pred_532.cif,Model_8755_af3_woUnpaired_af3_seed_714115_sample_2_pred_532.cif,8755,AF3,af3_woUnpaired,714115,2,532,woUnpaired,,False,casp17/massivefold_external_pool_intake/h2319_t333/extracted_models/H2319_all_pdbs/Model_8755_af3_woUnpaired_af3_seed_714115_sample_2_pred_532.cif,awaiting_extract,"MassiveFold model pool index only. It parses organizer-provided external model tarball listings and stages balanced extraction/rerank candidates. These models remain external rerank and accuracy-estimation inputs, not internal predictions, not CASP submissions, and not competitive-proof evidence."
7,H2319,H2319_T333,8991,H2319_all_pdbs/Model_10282_af3_woUnpaired_af3_seed_787943_sample_1_pred_476.cif,Model_10282_af3_woUnpaired_af3_seed_787943_sample_1_pred_476.cif,10282,AF3,af3_woUnpaired,787943,1,476,woUnpaired,,False,casp17/massivefold_external_pool_intake/h2319_t333/extracted_models/H2319_all_pdbs/Model_10282_af3_woUnpaired_af3_seed_787943_sample_1_pred_476.cif,awaiting_extract,"MassiveFold model pool index only. It parses organizer-provided external model tarball listings and stages balanced extraction/rerank candidates. These models remain external rerank and accuracy-estimation inputs, not internal predictions, not CASP submissions, and not competitive-proof evidence."
7,H2319,H2319_T333,9010,H2319_all_pdbs/Model_6957_af3_woUnpaired_af3_seed_787945_sample_3_pred_488.cif,Model_6957_af3_woUnpaired_af3_seed_787945_sample_3_pred_488.cif,6957,AF3,af3_woUnpaired,787945,3,488,woUnpaired,,False,casp17/massivefold_external_pool_intake/h2319_t333/extracted_models/H2319_all_pdbs/Model_6957_af3_woUnpaired_af3_seed_787945_sample_3_pred_488.cif,awaiting_extract,"MassiveFold model pool index only. It parses organizer-provided external model tarball listings and stages balanced extraction/rerank candidates. These models remain external rerank and accuracy-estimation inputs, not internal predictions, not CASP submissions, and not competitive-proof evidence."
7,H2319,H2319_T333,9011,H2319_all_pdbs/Model_8746_af3_woUnpaired_af3_seed_42970_sample_3_pred_273.cif,Model_8746_af3_woUnpaired_af3_seed_42970_sample_3_pred_273.cif,8746,AF3,af3_woUnpaired,42970,3,273,woUnpaired,,False,casp17/massivefold_external_pool_intake/h2319_t333/extracted_models/H2319_all_pdbs/Model_8746_af3_woUnpaired_af3_seed_42970_sample_3_pred_273.cif,awaiting_extract,"MassiveFold model pool index only. It parses organizer-provided external model tarball listings and stages balanced extraction/rerank candidates. These models remain external rerank and accuracy-estimation inputs, not internal predictions, not CASP submissions, and not competitive-proof evidence."
7,H2319,H2319_T333,9018,H2319_all_pdbs/Model_10269_af3_woUnpaired_af3_seed_646841_sample_1_pred_246.cif,Model_10269_af3_woUnpaired_af3_seed_646841_sample_1_pred_246.cif,10269,AF3,af3_woUnpaired,646841,1,246,woUnpaired,,False,casp17/massivefold_external_pool_intake/h2319_t333/extracted_models/H2319_all_pdbs/Model_10269_af3_woUnpaired_af3_seed_646841_sample_1_pred_246.cif,awaiting_extract,"MassiveFold model pool index only. It parses organizer-provided external model tarball listings and stages balanced extraction/rerank candidates. These models remain external rerank and accuracy-estimation inputs, not internal predictions, not CASP submissions, and not competitive-proof evidence."
7,H2319,H2319_T333,9036,H2319_all_pdbs/Model_8681_af3_woUnpaired_af3_seed_334593_sample_0_pred_665.cif,Model_8681_af3_woUnpaired_af3_seed_334593_sample_0_pred_665.cif,8681,AF3,af3_woUnpaired,334593,0,665,woUnpaired,,False,casp17/massivefold_external_pool_intake/h2319_t333/extracted_models/H2319_all_pdbs/Model_8681_af3_woUnpaired_af3_seed_334593_sample_0_pred_665.cif,awaiting_extract,"MassiveFold model pool index only. It parses organizer-provided external model tarball listings and stages balanced extraction/rerank candidates. These models remain external rerank and accuracy-estimation inputs, not internal predictions, not CASP submissions, and not competitive-proof evidence."
7,H2319,H2319_T333,9058,H2319_all_pdbs/Model_7776_af3_woUnpaired_af3_seed_42985_sample_0_pred_345.cif,Model_7776_af3_woUnpaired_af3_seed_42985_sample_0_pred_345.cif,7776,AF3,af3_woUnpaired,42985,0,345,woUnpaired,,False,casp17/massivefold_external_pool_intake/h2319_t333/extracted_models/H2319_all_pdbs/Model_7776_af3_woUnpaired_af3_seed_42985_sample_0_pred_345.cif,awaiting_extract,"MassiveFold model pool index only. It parses organizer-provided external model tarball listings and stages balanced extraction/rerank candidates. These models remain external rerank and accuracy-estimation inputs, not internal predictions, not CASP submissions, and not competitive-proof evidence."
7,H2319,H2319_T333,9078,H2319_all_pdbs/Model_8853_af3_woUnpaired_af3_seed_42973_sample_4_pred_289.cif,Model_8853_af3_woUnpaired_af3_seed_42973_sample_4_pred_289.cif,8853,AF3,af3_woUnpaired,42973,4,289,woUnpaired,,False,casp17/massivefold_external_pool_intake/h2319_t333/extracted_models/H2319_all_pdbs/Model_8853_af3_woUnpaired_af3_seed_42973_sample_4_pred_289.cif,awaiting_extract,"MassiveFold model pool index only. It parses organizer-provided external model tarball listings and stages balanced extraction/rerank candidates. These models remain external rerank and accuracy-estimation inputs, not internal predictions, not CASP submissions, and not competitive-proof evidence."
7,H2319,H2319_T333,9079,H2319_all_pdbs/Model_6167_af3_woUnpaired_af3_seed_714117_sample_4_pred_544.cif,Model_6167_af3_woUnpaired_af3_seed_714117_sample_4_pred_544.cif,6167,AF3,af3_woUnpaired,714117,4,544,woUnpaired,,False,casp17/massivefold_external_pool_intake/h2319_t333/extracted_models/H2319_all_pdbs/Model_6167_af3_woUnpaired_af3_seed_714117_sample_4_pred_544.cif,awaiting_extract,"MassiveFold model pool index only. It parses organizer-provided external model tarball listings and stages balanced extraction/rerank candidates. These models remain external rerank and accuracy-estimation inputs, not internal predictions, not CASP submissions, and not competitive-proof evidence."
7,H2319,H2319_T333,9099,H2319_all_pdbs/Model_7684_af3_woUnpaired_af3_seed_334592_sample_0_pred_660.cif,Model_7684_af3_woUnpaired_af3_seed_334592_sample_0_pred_660.cif,7684,AF3,af3_woUnpaired,334592,0,660,woUnpaired,,False,casp17/massivefold_external_pool_intake/h2319_t333/extracted_models/H2319_all_pdbs/Model_7684_af3_woUnpaired_af3_seed_334592_sample_0_pred_660.cif,awaiting_extract,"MassiveFold model pool index only. It parses organizer-provided external model tarball listings and stages balanced extraction/rerank candidates. These models remain external rerank and accuracy-estimation inputs, not internal predictions, not CASP submissions, and not competitive-proof evidence."
7,H2319,H2319_T333,9100,H2319_all_pdbs/Model_10998_af3_woUnpaired_af3_seed_466156_sample_1_pred_96.cif,Model_10998_af3_woUnpaired_af3_seed_466156_sample_1_pred_96.cif,10998,AF3,af3_woUnpaired,466156,1,96,woUnpaired,,False,casp17/massivefold_external_pool_intake/h2319_t333/extracted_models/H2319_all_pdbs/Model_10998_af3_woUnpaired_af3_seed_466156_sample_1_pred_96.cif,awaiting_extract,"MassiveFold model pool index only. It parses organizer-provided external model tarball listings and stages balanced extraction/rerank candidates. These models remain external rerank and accuracy-estimation inputs, not internal predictions, not CASP submissions, and not competitive-proof evidence."
7,H2319,H2319_T333,9113,H2319_all_pdbs/Model_6916_af3_woUnpaired_af3_seed_334590_sample_3_pred_653.cif,Model_6916_af3_woUnpaired_af3_seed_334590_sample_3_pred_653.cif,6916,AF3,af3_woUnpaired,334590,3,653,woUnpaired,,False,casp17/massivefold_external_pool_intake/h2319_t333/extracted_models/H2319_all_pdbs/Model_6916_af3_woUnpaired_af3_seed_334590_sample_3_pred_653.cif,awaiting_extract,"MassiveFold model pool index only. It parses organizer-provided external model tarball listings and stages balanced extraction/rerank candidates. These models remain external rerank and accuracy-estimation inputs, not internal predictions, not CASP submissions, and not competitive-proof evidence."
7,H2319,H2319_T333,9126,H2319_all_pdbs/Model_8716_af3_woUnpaired_af3_seed_57436_sample_3_pred_783.cif,Model_8716_af3_woUnpaired_af3_seed_57436_sample_3_pred_783.cif,8716,AF3,af3_woUnpaired,57436,3,783,woUnpaired,,False,casp17/massivefold_external_pool_intake/h2319_t333/extracted_models/H2319_all_pdbs/Model_8716_af3_woUnpaired_af3_seed_57436_sample_3_pred_783.cif,awaiting_extract,"MassiveFold model pool index only. It parses organizer-provided external model tarball listings and stages balanced extraction/rerank candidates. These models remain external rerank and accuracy-estimation inputs, not internal predictions, not CASP submissions, and not competitive-proof evidence."
7,H2319,H2319_T333,9179,H2319_all_pdbs/Model_7775_af3_woUnpaired_af3_seed_334609_sample_2_pred_747.cif,Model_7775_af3_woUnpaired_af3_seed_334609_sample_2_pred_747.cif,7775,AF3,af3_woUnpaired,334609,2,747,woUnpaired,,False,casp17/massivefold_external_pool_intake/h2319_t333/extracted_models/H2319_all_pdbs/Model_7775_af3_woUnpaired_af3_seed_334609_sample_2_pred_747.cif,awaiting_extract,"MassiveFold model pool index only. It parses organizer-provided external model tarball listings and stages balanced extraction/rerank candidates. These models remain external rerank and accuracy-estimation inputs, not internal predictions, not CASP submissions, and not competitive-proof evidence."
7,H2319,H2319_T333,9194,H2319_all_pdbs/Model_8898_af3_woUnpaired_af3_seed_57440_sample_4_pred_804.cif,Model_8898_af3_woUnpaired_af3_seed_57440_sample_4_pred_804.cif,8898,AF3,af3_woUnpaired,57440,4,804,woUnpaired,,False,casp17/massivefold_external_pool_intake/h2319_t333/extracted_models/H2319_all_pdbs/Model_8898_af3_woUnpaired_af3_seed_57440_sample_4_pred_804.cif,awaiting_extract,"MassiveFold model pool index only. It parses organizer-provided external model tarball listings and stages balanced extraction/rerank candidates. These models remain external rerank and accuracy-estimation inputs, not internal predictions, not CASP submissions, and not competitive-proof evidence."
7,H2319,H2319_T333,9202,H2319_all_pdbs/Model_10910_af3_woUnpaired_af3_seed_42979_sample_2_pred_317.cif,Model_10910_af3_woUnpaired_af3_seed_42979_sample_2_pred_317.cif,10910,AF3,af3_woUnpaired,42979,2,317,woUnpaired,,False,casp17/massivefold_external_pool_intake/h2319_t333/extracted_models/H2319_all_pdbs/Model_10910_af3_woUnpaired_af3_seed_42979_sample_2_pred_317.cif,awaiting_extract,"MassiveFold model pool index only. It parses organizer-provided external model tarball listings and stages balanced extraction/rerank candidates. These models remain external rerank and accuracy-estimation inputs, not internal predictions, not CASP submissions, and not competitive-proof evidence."
7,H2319,H2319_T333,9218,H2319_all_pdbs/Model_7092_af3_woUnpaired_af3_seed_578571_sample_3_pred_933.cif,Model_7092_af3_woUnpaired_af3_seed_578571_sample_3_pred_933.cif,7092,AF3,af3_woUnpaired,578571,3,933,woUnpaired,,False,casp17/massivefold_external_pool_intake/h2319_t333/extracted_models/H2319_all_pdbs/Model_7092_af3_woUnpaired_af3_seed_578571_sample_3_pred_933.cif,awaiting_extract,"MassiveFold model pool index only. It parses organizer-provided external model tarball listings and stages balanced extraction/rerank candidates. These models remain external rerank and accuracy-estimation inputs, not internal predictions, not CASP submissions, and not competitive-proof evidence."
7,H2319,H2319_T333,9219,H2319_all_pdbs/Model_8695_af3_woUnpaired_af3_seed_787946_sample_4_pred_494.cif,Model_8695_af3_woUnpaired_af3_seed_787946_sample_4_pred_494.cif,8695,AF3,af3_woUnpaired,787946,4,494,woUnpaired,,False,casp17/massivefold_external_pool_intake/h2319_t333/extracted_models/H2319_all_pdbs/Model_8695_af3_woUnpaired_af3_seed_787946_sample_4_pred_494.cif,awaiting_extract,"MassiveFold model pool index only. It parses organizer-provided external model tarball listings and stages balanced extraction/rerank candidates. These models remain external rerank and accuracy-estimation inputs, not internal predictions, not CASP submissions, and not competitive-proof evidence."
7,H2319,H2319_T333,9242,H2319_all_pdbs/Model_6400_af3_woUnpaired_af3_seed_714116_sample_2_pred_537.cif,Model_6400_af3_woUnpaired_af3_seed_714116_sample_2_pred_537.cif,6400,AF3,af3_woUnpaired,714116,2,537,woUnpaired,,False,casp17/massivefold_external_pool_intake/h2319_t333/extracted_models/H2319_all_pdbs/Model_6400_af3_woUnpaired_af3_seed_714116_sample_2_pred_537.cif,awaiting_extract,"MassiveFold model pool index only. It parses organizer-provided external model tarball listings and stages balanced extraction/rerank candidates. These models remain external rerank and accuracy-estimation inputs, not internal predictions, not CASP submissions, and not competitive-proof evidence."
7,H2319,H2319_T333,9261,H2319_all_pdbs/Model_7024_af3_woUnpaired_af3_seed_57431_sample_4_pred_759.cif,Model_7024_af3_woUnpaired_af3_seed_57431_sample_4_pred_759.cif,7024,AF3,af3_woUnpaired,57431,4,759,woUnpaired,,False,casp17/massivefold_external_pool_intake/h2319_t333/extracted_models/H2319_all_pdbs/Model_7024_af3_woUnpaired_af3_seed_57431_sample_4_pred_759.cif,awaiting_extract,"MassiveFold model pool index only. It parses organizer-provided external model tarball listings and stages balanced extraction/rerank candidates. These models remain external rerank and accuracy-estimation inputs, not internal predictions, not CASP submissions, and not competitive-proof evidence."
7,H2319,H2319_T333,9276,H2319_all_pdbs/Model_10906_af3_woUnpaired_af3_seed_787929_sample_2_pred_407.cif,Model_10906_af3_woUnpaired_af3_seed_787929_sample_2_pred_407.cif,10906,AF3,af3_woUnpaired,787929,2,407,woUnpaired,,False,casp17/massivefold_external_pool_intake/h2319_t333/extracted_models/H2319_all_pdbs/Model_10906_af3_woUnpaired_af3_seed_787929_sample_2_pred_407.cif,awaiting_extract,"MassiveFold model pool index only. It parses organizer-provided external model tarball listings and stages balanced extraction/rerank candidates. These models remain external rerank and accuracy-estimation inputs, not internal predictions, not CASP submissions, and not competitive-proof evidence."
7,H2319,H2319_T333,9300,H2319_all_pdbs/Model_6910_af3_woUnpaired_af3_seed_42989_sample_4_pred_369.cif,Model_6910_af3_woUnpaired_af3_seed_42989_sample_4_pred_369.cif,6910,AF3,af3_woUnpaired,42989,4,369,woUnpaired,,False,casp17/massivefold_external_pool_intake/h2319_t333/extracted_models/H2319_all_pdbs/Model_6910_af3_woUnpaired_af3_seed_42989_sample_4_pred_369.cif,awaiting_extract,"MassiveFold model pool index only. It parses organizer-provided external model tarball listings and stages balanced extraction/rerank candidates. These models remain external rerank and accuracy-estimation inputs, not internal predictions, not CASP submissions, and not competitive-proof evidence."
7,H2319,H2319_T333,9312,H2319_all_pdbs/Model_8794_af3_woUnpaired_af3_seed_466157_sample_2_pred_102.cif,Model_8794_af3_woUnpaired_af3_seed_466157_sample_2_pred_102.cif,8794,AF3,af3_woUnpaired,466157,2,102,woUnpaired,,False,casp17/massivefold_external_pool_intake/h2319_t333/extracted_models/H2319_all_pdbs/Model_8794_af3_woUnpaired_af3_seed_466157_sample_2_pred_102.cif,awaiting_extract,"MassiveFold model pool index only. It parses organizer-provided external model tarball listings and stages balanced extraction/rerank candidates. These models remain external rerank and accuracy-estimation inputs, not internal predictions, not CASP submissions, and not competitive-proof evidence."
7,H2319,H2319_T333,9315,H2319_all_pdbs/Model_8634_af3_woUnpaired_af3_seed_714121_sample_1_pred_561.cif,Model_8634_af3_woUnpaired_af3_seed_714121_sample_1_pred_561.cif,8634,AF3,af3_woUnpaired,714121,1,561,woUnpaired,,False,casp17/massivefold_external_pool_intake/h2319_t333/extracted_models/H2319_all_pdbs/Model_8634_af3_woUnpaired_af3_seed_714121_sample_1_pred_561.cif,awaiting_extract,"MassiveFold model pool index only. It parses organizer-provided external model tarball listings and stages balanced extraction/rerank candidates. These models remain external rerank and accuracy-estimation inputs, not internal predictions, not CASP submissions, and not competitive-proof evidence."
7,H2319,H2319_T333,9323,H2319_all_pdbs/Model_10933_af3_woUnpaired_af3_seed_42968_sample_4_pred_264.cif,Model_10933_af3_woUnpaired_af3_seed_42968_sample_4_pred_264.cif,10933,AF3,af3_woUnpaired,42968,4,264,woUnpaired,,False,casp17/massivefold_external_pool_intake/h2319_t333/extracted_models/H2319_all_pdbs/Model_10933_af3_woUnpaired_af3_seed_42968_sample_4_pred_264.cif,awaiting_extract,"MassiveFold model pool index only. It parses organizer-provided external model tarball listings and stages balanced extraction/rerank candidates. These models remain external rerank and accuracy-estimation inputs, not internal predictions, not CASP submissions, and not competitive-proof evidence."
7,H2319,H2319_T333,9329,H2319_all_pdbs/Model_8719_af3_woUnpaired_af3_seed_714111_sample_2_pred_512.cif,Model_8719_af3_woUnpaired_af3_seed_714111_sample_2_pred_512.cif,8719,AF3,af3_woUnpaired,714111,2,512,woUnpaired,,False,casp17/massivefold_external_pool_intake/h2319_t333/extracted_models/H2319_all_pdbs/Model_8719_af3_woUnpaired_af3_seed_714111_sample_2_pred_512.cif,awaiting_extract,"MassiveFold model pool index only. It parses organizer-provided external model tarball listings and stages balanced extraction/rerank candidates. These models remain external rerank and accuracy-estimation inputs, not internal predictions, not CASP submissions, and not competitive-proof evidence."
7,H2319,H2319_T333,9331,H2319_all_pdbs/Model_7800_af3_woUnpaired_af3_seed_787946_sample_2_pred_492.cif,Model_7800_af3_woUnpaired_af3_seed_787946_sample_2_pred_492.cif,7800,AF3,af3_woUnpaired,787946,2,492,woUnpaired,,False,casp17/massivefold_external_pool_intake/h2319_t333/extracted_models/H2319_all_pdbs/Model_7800_af3_woUnpaired_af3_seed_787946_sample_2_pred_492.cif,awaiting_extract,"MassiveFold model pool index only. It parses organizer-provided external model tarball listings and stages balanced extraction/rerank candidates. These models remain external rerank and accuracy-estimation inputs, not internal predictions, not CASP submissions, and not competitive-proof evidence."
7,H2319,H2319_T333,9344,H2319_all_pdbs/Model_8915_af3_woUnpaired_af3_seed_334601_sample_2_pred_707.cif,Model_8915_af3_woUnpaired_af3_seed_334601_sample_2_pred_707.cif,8915,AF3,af3_woUnpaired,334601,2,707,woUnpaired,,False,casp17/massivefold_external_pool_intake/h2319_t333/extracted_models/H2319_all_pdbs/Model_8915_af3_woUnpaired_af3_seed_334601_sample_2_pred_707.cif,awaiting_extract,"MassiveFold model pool index only. It parses organizer-provided external model tarball listings and stages balanced extraction/rerank candidates. These models remain external rerank and accuracy-estimation inputs, not internal predictions, not CASP submissions, and not competitive-proof evidence."
7,H2319,H2319_T333,9348,H2319_all_pdbs/Model_10257_af3_woUnpaired_af3_seed_334608_sample_0_pred_740.cif,Model_10257_af3_woUnpaired_af3_seed_334608_sample_0_pred_740.cif,10257,AF3,af3_woUnpaired,334608,0,740,woUnpaired,,False,casp17/massivefold_external_pool_intake/h2319_t333/extracted_models/H2319_all_pdbs/Model_10257_af3_woUnpaired_af3_seed_334608_sample_0_pred_740.cif,awaiting_extract,"MassiveFold model pool index only. It parses organizer-provided external model tarball listings and stages balanced extraction/rerank candidates. These models remain external rerank and accuracy-estimation inputs, not internal predictions, not CASP submissions, and not competitive-proof evidence."
7,H2319,H2319_T333,9352,H2319_all_pdbs/Model_10964_af3_woUnpaired_af3_seed_57451_sample_0_pred_855.cif,Model_10964_af3_woUnpaired_af3_seed_57451_sample_0_pred_855.cif,10964,AF3,af3_woUnpaired,57451,0,855,woUnpaired,,False,casp17/massivefold_external_pool_intake/h2319_t333/extracted_models/H2319_all_pdbs/Model_10964_af3_woUnpaired_af3_seed_57451_sample_0_pred_855.cif,awaiting_extract,"MassiveFold model pool index only. It parses organizer-provided external model tarball listings and stages balanced extraction/rerank candidates. These models remain external rerank and accuracy-estimation inputs, not internal predictions, not CASP submissions, and not competitive-proof evidence."
7,H2319,H2319_T333,9381,H2319_all_pdbs/Model_6994_af3_woUnpaired_af3_seed_466143_sample_0_pred_30.cif,Model_6994_af3_woUnpaired_af3_seed_466143_sample_0_pred_30.cif,6994,AF3,af3_woUnpaired,466143,0,30,woUnpaired,,False,casp17/massivefold_external_pool_intake/h2319_t333/extracted_models/H2319_all_pdbs/Model_6994_af3_woUnpaired_af3_seed_466143_sample_0_pred_30.cif,awaiting_extract,"MassiveFold model pool index only. It parses organizer-provided external model tarball listings and stages balanced extraction/rerank candidates. These models remain external rerank and accuracy-estimation inputs, not internal predictions, not CASP submissions, and not competitive-proof evidence."
7,H2319,H2319_T333,9401,H2319_all_pdbs/Model_7745_af3_woUnpaired_af3_seed_646824_sample_3_pred_163.cif,Model_7745_af3_woUnpaired_af3_seed_646824_sample_3_pred_163.cif,7745,AF3,af3_woUnpaired,646824,3,163,woUnpaired,,False,casp17/massivefold_external_pool_intake/h2319_t333/extracted_models/H2319_all_pdbs/Model_7745_af3_woUnpaired_af3_seed_646824_sample_3_pred_163.cif,awaiting_extract,"MassiveFold model pool index only. It parses organizer-provided external model tarball listings and stages balanced extraction/rerank candidates. These models remain external rerank and accuracy-estimation inputs, not internal predictions, not CASP submissions, and not competitive-proof evidence."
7,H2319,H2319_T333,9406,H2319_all_pdbs/Model_8926_af3_woUnpaired_af3_seed_334594_sample_3_pred_673.cif,Model_8926_af3_woUnpaired_af3_seed_334594_sample_3_pred_673.cif,8926,AF3,af3_woUnpaired,334594,3,673,woUnpaired,,False,casp17/massivefold_external_pool_intake/h2319_t333/extracted_models/H2319_all_pdbs/Model_8926_af3_woUnpaired_af3_seed_334594_sample_3_pred_673.cif,awaiting_extract,"MassiveFold model pool index only. It parses organizer-provided external model tarball listings and stages balanced extraction/rerank candidates. These models remain external rerank and accuracy-estimation inputs, not internal predictions, not CASP submissions, and not competitive-proof evidence."
7,H2319,H2319_T333,9425,H2319_all_pdbs/Model_7037_af3_woUnpaired_af3_seed_787941_sample_2_pred_467.cif,Model_7037_af3_woUnpaired_af3_seed_787941_sample_2_pred_467.cif,7037,AF3,af3_woUnpaired,787941,2,467,woUnpaired,,False,casp17/massivefold_external_pool_intake/h2319_t333/extracted_models/H2319_all_pdbs/Model_7037_af3_woUnpaired_af3_seed_787941_sample_2_pred_467.cif,awaiting_extract,"MassiveFold model pool index only. It parses organizer-provided external model tarball listings and stages balanced extraction/rerank candidates. These models remain external rerank and accuracy-estimation inputs, not internal predictions, not CASP submissions, and not competitive-proof evidence."
7,H2319,H2319_T333,9449,H2319_all_pdbs/Model_8598_af3_woUnpaired_af3_seed_646825_sample_1_pred_166.cif,Model_8598_af3_woUnpaired_af3_seed_646825_sample_1_pred_166.cif,8598,AF3,af3_woUnpaired,646825,1,166,woUnpaired,,False,casp17/massivefold_external_pool_intake/h2319_t333/extracted_models/H2319_all_pdbs/Model_8598_af3_woUnpaired_af3_seed_646825_sample_1_pred_166.cif,awaiting_extract,"MassiveFold model pool index only. It parses organizer-provided external model tarball listings and stages balanced extraction/rerank candidates. These models remain external rerank and accuracy-estimation inputs, not internal predictions, not CASP submissions, and not competitive-proof evidence."
7,H2319,H2319_T333,9467,H2319_all_pdbs/Model_10886_af3_woUnpaired_af3_seed_714109_sample_2_pred_502.cif,Model_10886_af3_woUnpaired_af3_seed_714109_sample_2_pred_502.cif,10886,AF3,af3_woUnpaired,714109,2,502,woUnpaired,,False,casp17/massivefold_external_pool_intake/h2319_t333/extracted_models/H2319_all_pdbs/Model_10886_af3_woUnpaired_af3_seed_714109_sample_2_pred_502.cif,awaiting_extract,"MassiveFold model pool index only. It parses organizer-provided external model tarball listings and stages balanced extraction/rerank candidates. These models remain external rerank and accuracy-estimation inputs, not internal predictions, not CASP submissions, and not competitive-proof evidence."
7,H2319,H2319_T333,9469,H2319_all_pdbs/Model_7700_af3_woUnpaired_af3_seed_334606_sample_2_pred_732.cif,Model_7700_af3_woUnpaired_af3_seed_334606_sample_2_pred_732.cif,7700,AF3,af3_woUnpaired,334606,2,732,woUnpaired,,False,casp17/massivefold_external_pool_intake/h2319_t333/extracted_models/H2319_all_pdbs/Model_7700_af3_woUnpaired_af3_seed_334606_sample_2_pred_732.cif,awaiting_extract,"MassiveFold model pool index only. It parses organizer-provided external model tarball listings and stages balanced extraction/rerank candidates. These models remain external rerank and accuracy-estimation inputs, not internal predictions, not CASP submissions, and not competitive-proof evidence."
7,H2319,H2319_T333,9484,H2319_all_pdbs/Model_8691_af3_woUnpaired_af3_seed_578572_sample_3_pred_938.cif,Model_8691_af3_woUnpaired_af3_seed_578572_sample_3_pred_938.cif,8691,AF3,af3_woUnpaired,578572,3,938,woUnpaired,,False,casp17/massivefold_external_pool_intake/h2319_t333/extracted_models/H2319_all_pdbs/Model_8691_af3_woUnpaired_af3_seed_578572_sample_3_pred_938.cif,awaiting_extract,"MassiveFold model pool index only. It parses organizer-provided external model tarball listings and stages balanced extraction/rerank candidates. These models remain external rerank and accuracy-estimation inputs, not internal predictions, not CASP submissions, and not competitive-proof evidence."
7,H2319,H2319_T333,9493,H2319_all_pdbs/Model_11002_af3_woUnpaired_af3_seed_578570_sample_4_pred_929.cif,Model_11002_af3_woUnpaired_af3_seed_578570_sample_4_pred_929.cif,11002,AF3,af3_woUnpaired,578570,4,929,woUnpaired,,False,casp17/massivefold_external_pool_intake/h2319_t333/extracted_models/H2319_all_pdbs/Model_11002_af3_woUnpaired_af3_seed_578570_sample_4_pred_929.cif,awaiting_extract,"MassiveFold model pool index only. It parses organizer-provided external model tarball listings and stages balanced extraction/rerank candidates. These models remain external rerank and accuracy-estimation inputs, not internal predictions, not CASP submissions, and not competitive-proof evidence."
7,H2319,H2319_T333,9501,H2319_all_pdbs/Model_6894_af3_woUnpaired_af3_seed_646824_sample_1_pred_161.cif,Model_6894_af3_woUnpaired_af3_seed_646824_sample_1_pred_161.cif,6894,AF3,af3_woUnpaired,646824,1,161,woUnpaired,,False,casp17/massivefold_external_pool_intake/h2319_t333/extracted_models/H2319_all_pdbs/Model_6894_af3_woUnpaired_af3_seed_646824_sample_1_pred_161.cif,awaiting_extract,"MassiveFold model pool index only. It parses organizer-provided external model tarball listings and stages balanced extraction/rerank candidates. These models remain external rerank and accuracy-estimation inputs, not internal predictions, not CASP submissions, and not competitive-proof evidence."
7,H2319,H2319_T333,9502,H2319_all_pdbs/Model_6889_af3_woUnpaired_af3_seed_646825_sample_3_pred_168.cif,Model_6889_af3_woUnpaired_af3_seed_646825_sample_3_pred_168.cif,6889,AF3,af3_woUnpaired,646825,3,168,woUnpaired,,False,casp17/massivefold_external_pool_intake/h2319_t333/extracted_models/H2319_all_pdbs/Model_6889_af3_woUnpaired_af3_seed_646825_sample_3_pred_168.cif,awaiting_extract,"MassiveFold model pool index only. It parses organizer-provided external model tarball listings and stages balanced extraction/rerank candidates. These models remain external rerank and accuracy-estimation inputs, not internal predictions, not CASP submissions, and not competitive-proof evidence."
7,H2319,H2319_T333,9507,H2319_all_pdbs/Model_7060_af3_woUnpaired_af3_seed_334592_sample_3_pred_663.cif,Model_7060_af3_woUnpaired_af3_seed_334592_sample_3_pred_663.cif,7060,AF3,af3_woUnpaired,334592,3,663,woUnpaired,,False,casp17/massivefold_external_pool_intake/h2319_t333/extracted_models/H2319_all_pdbs/Model_7060_af3_woUnpaired_af3_seed_334592_sample_3_pred_663.cif,awaiting_extract,"MassiveFold model pool index only. It parses organizer-provided external model tarball listings and stages balanced extraction/rerank candidates. These models remain external rerank and accuracy-estimation inputs, not internal predictions, not CASP submissions, and not competitive-proof evidence."
7,H2319,H2319_T333,9520,H2319_all_pdbs/Model_10992_af3_woUnpaired_af3_seed_646826_sample_0_pred_170.cif,Model_10992_af3_woUnpaired_af3_seed_646826_sample_0_pred_170.cif,10992,AF3,af3_woUnpaired,646826,0,170,woUnpaired,,False,casp17/massivefold_external_pool_intake/h2319_t333/extracted_models/H2319_all_pdbs/Model_10992_af3_woUnpaired_af3_seed_646826_sample_0_pred_170.cif,awaiting_extract,"MassiveFold model pool index only. It parses organizer-provided external model tarball listings and stages balanced extraction/rerank candidates. These models remain external rerank and accuracy-estimation inputs, not internal predictions, not CASP submissions, and not competitive-proof evidence."
7,H2319,H2319_T333,9553,H2319_all_pdbs/Model_7742_af3_woUnpaired_af3_seed_714132_sample_2_pred_617.cif,Model_7742_af3_woUnpaired_af3_seed_714132_sample_2_pred_617.cif,7742,AF3,af3_woUnpaired,714132,2,617,woUnpaired,,False,casp17/massivefold_external_pool_intake/h2319_t333/extracted_models/H2319_all_pdbs/Model_7742_af3_woUnpaired_af3_seed_714132_sample_2_pred_617.cif,awaiting_extract,"MassiveFold model pool index only. It parses organizer-provided external model tarball listings and stages balanced extraction/rerank candidates. These models remain external rerank and accuracy-estimation inputs, not internal predictions, not CASP submissions, and not competitive-proof evidence."
7,H2319,H2319_T333,9578,H2319_all_pdbs/Model_7103_af3_woUnpaired_af3_seed_787924_sample_0_pred_380.cif,Model_7103_af3_woUnpaired_af3_seed_787924_sample_0_pred_380.cif,7103,AF3,af3_woUnpaired,787924,0,380,woUnpaired,,False,casp17/massivefold_external_pool_intake/h2319_t333/extracted_models/H2319_all_pdbs/Model_7103_af3_woUnpaired_af3_seed_787924_sample_0_pred_380.cif,awaiting_extract,"MassiveFold model pool index only. It parses organizer-provided external model tarball listings and stages balanced extraction/rerank candidates. These models remain external rerank and accuracy-estimation inputs, not internal predictions, not CASP submissions, and not competitive-proof evidence."
7,H2319,H2319_T333,9596,H2319_all_pdbs/Model_10937_af3_woUnpaired_af3_seed_787940_sample_3_pred_463.cif,Model_10937_af3_woUnpaired_af3_seed_787940_sample_3_pred_463.cif,10937,AF3,af3_woUnpaired,787940,3,463,woUnpaired,,False,casp17/massivefold_external_pool_intake/h2319_t333/extracted_models/H2319_all_pdbs/Model_10937_af3_woUnpaired_af3_seed_787940_sample_3_pred_463.cif,awaiting_extract,"MassiveFold model pool index only. It parses organizer-provided external model tarball listings and stages balanced extraction/rerank candidates. These models remain external rerank and accuracy-estimation inputs, not internal predictions, not CASP submissions, and not competitive-proof evidence."
7,H2319,H2319_T333,9610,H2319_all_pdbs/Model_7713_af3_woUnpaired_af3_seed_787937_sample_2_pred_447.cif,Model_7713_af3_woUnpaired_af3_seed_787937_sample_2_pred_447.cif,7713,AF3,af3_woUnpaired,787937,2,447,woUnpaired,,False,casp17/massivefold_external_pool_intake/h2319_t333/extracted_models/H2319_all_pdbs/Model_7713_af3_woUnpaired_af3_seed_787937_sample_2_pred_447.cif,awaiting_extract,"MassiveFold model pool index only. It parses organizer-provided external model tarball listings and stages balanced extraction/rerank candidates. These models remain external rerank and accuracy-estimation inputs, not internal predictions, not CASP submissions, and not competitive-proof evidence."
7,H2319,H2319_T333,9617,H2319_all_pdbs/Model_10286_af3_woUnpaired_af3_seed_334589_sample_4_pred_649.cif,Model_10286_af3_woUnpaired_af3_seed_334589_sample_4_pred_649.cif,10286,AF3,af3_woUnpaired,334589,4,649,woUnpaired,,False,casp17/massivefold_external_pool_intake/h2319_t333/extracted_models/H2319_all_pdbs/Model_10286_af3_woUnpaired_af3_seed_334589_sample_4_pred_649.cif,awaiting_extract,"MassiveFold model pool index only. It parses organizer-provided external model tarball listings and stages balanced extraction/rerank candidates. These models remain external rerank and accuracy-estimation inputs, not internal predictions, not CASP submissions, and not competitive-proof evidence."
7,H2319,H2319_T333,9677,H2319_all_pdbs/Model_6890_af3_woUnpaired_af3_seed_466147_sample_2_pred_52.cif,Model_6890_af3_woUnpaired_af3_seed_466147_sample_2_pred_52.cif,6890,AF3,af3_woUnpaired,466147,2,52,woUnpaired,,False,casp17/massivefold_external_pool_intake/h2319_t333/extracted_models/H2319_all_pdbs/Model_6890_af3_woUnpaired_af3_seed_466147_sample_2_pred_52.cif,awaiting_extract,"MassiveFold model pool index only. It parses organizer-provided external model tarball listings and stages balanced extraction/rerank candidates. These models remain external rerank and accuracy-estimation inputs, not internal predictions, not CASP submissions, and not competitive-proof evidence."
7,H2319,H2319_T333,9684,H2319_all_pdbs/Model_8876_af3_woUnpaired_af3_seed_334585_sample_2_pred_627.cif,Model_8876_af3_woUnpaired_af3_seed_334585_sample_2_pred_627.cif,8876,AF3,af3_woUnpaired,334585,2,627,woUnpaired,,False,casp17/massivefold_external_pool_intake/h2319_t333/extracted_models/H2319_all_pdbs/Model_8876_af3_woUnpaired_af3_seed_334585_sample_2_pred_627.cif,awaiting_extract,"MassiveFold model pool index only. It parses organizer-provided external model tarball listings and stages balanced extraction/rerank candidates. These models remain external rerank and accuracy-estimation inputs, not internal predictions, not CASP submissions, and not competitive-proof evidence."
7,H2319,H2319_T333,9736,H2319_all_pdbs/Model_7798_af3_woUnpaired_af3_seed_714116_sample_1_pred_536.cif,Model_7798_af3_woUnpaired_af3_seed_714116_sample_1_pred_536.cif,7798,AF3,af3_woUnpaired,714116,1,536,woUnpaired,,False,casp17/massivefold_external_pool_intake/h2319_t333/extracted_models/H2319_all_pdbs/Model_7798_af3_woUnpaired_af3_seed_714116_sample_1_pred_536.cif,awaiting_extract,"MassiveFold model pool index only. It parses organizer-provided external model tarball listings and stages balanced extraction/rerank candidates. These models remain external rerank and accuracy-estimation inputs, not internal predictions, not CASP submissions, and not competitive-proof evidence."
7,H2319,H2319_T333,9744,H2319_all_pdbs/Model_11007_af3_woUnpaired_af3_seed_646818_sample_2_pred_132.cif,Model_11007_af3_woUnpaired_af3_seed_646818_sample_2_pred_132.cif,11007,AF3,af3_woUnpaired,646818,2,132,woUnpaired,,False,casp17/massivefold_external_pool_intake/h2319_t333/extracted_models/H2319_all_pdbs/Model_11007_af3_woUnpaired_af3_seed_646818_sample_2_pred_132.cif,awaiting_extract,"MassiveFold model pool index only. It parses organizer-provided external model tarball listings and stages balanced extraction/rerank candidates. These models remain external rerank and accuracy-estimation inputs, not internal predictions, not CASP submissions, and not competitive-proof evidence."
7,H2319,H2319_T333,9749,H2319_all_pdbs/Model_8874_af3_woUnpaired_af3_seed_334600_sample_2_pred_702.cif,Model_8874_af3_woUnpaired_af3_seed_334600_sample_2_pred_702.cif,8874,AF3,af3_woUnpaired,334600,2,702,woUnpaired,,False,casp17/massivefold_external_pool_intake/h2319_t333/extracted_models/H2319_all_pdbs/Model_8874_af3_woUnpaired_af3_seed_334600_sample_2_pred_702.cif,awaiting_extract,"MassiveFold model pool index only. It parses organizer-provided external model tarball listings and stages balanced extraction/rerank candidates. These models remain external rerank and accuracy-estimation inputs, not internal predictions, not CASP submissions, and not competitive-proof evidence."
7,H2319,H2319_T333,9783,H2319_all_pdbs/Model_6141_af3_woUnpaired_af3_seed_334591_sample_0_pred_655.cif,Model_6141_af3_woUnpaired_af3_seed_334591_sample_0_pred_655.cif,6141,AF3,af3_woUnpaired,334591,0,655,woUnpaired,,False,casp17/massivefold_external_pool_intake/h2319_t333/extracted_models/H2319_all_pdbs/Model_6141_af3_woUnpaired_af3_seed_334591_sample_0_pred_655.cif,awaiting_extract,"MassiveFold model pool index only. It parses organizer-provided external model tarball listings and stages balanced extraction/rerank candidates. These models remain external rerank and accuracy-estimation inputs, not internal predictions, not CASP submissions, and not competitive-proof evidence."
7,H2319,H2319_T333,9784,H2319_all_pdbs/Model_8854_af3_woUnpaired_af3_seed_646823_sample_0_pred_155.cif,Model_8854_af3_woUnpaired_af3_seed_646823_sample_0_pred_155.cif,8854,AF3,af3_woUnpaired,646823,0,155,woUnpaired,,False,casp17/massivefold_external_pool_intake/h2319_t333/extracted_models/H2319_all_pdbs/Model_8854_af3_woUnpaired_af3_seed_646823_sample_0_pred_155.cif,awaiting_extract,"MassiveFold model pool index only. It parses organizer-provided external model tarball listings and stages balanced extraction/rerank candidates. These models remain external rerank and accuracy-estimation inputs, not internal predictions, not CASP submissions, and not competitive-proof evidence."
7,H2319,H2319_T333,9807,H2319_all_pdbs/Model_6998_af3_woUnpaired_af3_seed_714128_sample_3_pred_598.cif,Model_6998_af3_woUnpaired_af3_seed_714128_sample_3_pred_598.cif,6998,AF3,af3_woUnpaired,714128,3,598,woUnpaired,,False,casp17/massivefold_external_pool_intake/h2319_t333/extracted_models/H2319_all_pdbs/Model_6998_af3_woUnpaired_af3_seed_714128_sample_3_pred_598.cif,awaiting_extract,"MassiveFold model pool index only. It parses organizer-provided external model tarball listings and stages balanced extraction/rerank candidates. These models remain external rerank and accuracy-estimation inputs, not internal predictions, not CASP submissions, and not competitive-proof evidence."
7,H2319,H2319_T333,9820,H2319_all_pdbs/Model_8883_af3_woUnpaired_af3_seed_57435_sample_2_pred_777.cif,Model_8883_af3_woUnpaired_af3_seed_57435_sample_2_pred_777.cif,8883,AF3,af3_woUnpaired,57435,2,777,woUnpaired,,False,casp17/massivefold_external_pool_intake/h2319_t333/extracted_models/H2319_all_pdbs/Model_8883_af3_woUnpaired_af3_seed_57435_sample_2_pred_777.cif,awaiting_extract,"MassiveFold model pool index only. It parses organizer-provided external model tarball listings and stages balanced extraction/rerank candidates. These models remain external rerank and accuracy-estimation inputs, not internal predictions, not CASP submissions, and not competitive-proof evidence."
7,H2319,H2319_T333,9830,H2319_all_pdbs/Model_7790_af3_woUnpaired_af3_seed_334595_sample_0_pred_675.cif,Model_7790_af3_woUnpaired_af3_seed_334595_sample_0_pred_675.cif,7790,AF3,af3_woUnpaired,334595,0,675,woUnpaired,,False,casp17/massivefold_external_pool_intake/h2319_t333/extracted_models/H2319_all_pdbs/Model_7790_af3_woUnpaired_af3_seed_334595_sample_0_pred_675.cif,awaiting_extract,"MassiveFold model pool index only. It parses organizer-provided external model tarball listings and stages balanced extraction/rerank candidates. These models remain external rerank and accuracy-estimation inputs, not internal predictions, not CASP submissions, and not competitive-proof evidence."
7,H2319,H2319_T333,9833,H2319_all_pdbs/Model_8663_af3_woUnpaired_af3_seed_646832_sample_3_pred_203.cif,Model_8663_af3_woUnpaired_af3_seed_646832_sample_3_pred_203.cif,8663,AF3,af3_woUnpaired,646832,3,203,woUnpaired,,False,casp17/massivefold_external_pool_intake/h2319_t333/extracted_models/H2319_all_pdbs/Model_8663_af3_woUnpaired_af3_seed_646832_sample_3_pred_203.cif,awaiting_extract,"MassiveFold model pool index only. It parses organizer-provided external model tarball listings and stages balanced extraction/rerank candidates. These models remain external rerank and accuracy-estimation inputs, not internal predictions, not CASP submissions, and not competitive-proof evidence."
7,H2319,H2319_T333,9851,H2319_all_pdbs/Model_6882_af3_woUnpaired_af3_seed_334600_sample_4_pred_704.cif,Model_6882_af3_woUnpaired_af3_seed_334600_sample_4_pred_704.cif,6882,AF3,af3_woUnpaired,334600,4,704,woUnpaired,,False,casp17/massivefold_external_pool_intake/h2319_t333/extracted_models/H2319_all_pdbs/Model_6882_af3_woUnpaired_af3_seed_334600_sample_4_pred_704.cif,awaiting_extract,"MassiveFold model pool index only. It parses organizer-provided external model tarball listings and stages balanced extraction/rerank candidates. These models remain external rerank and accuracy-estimation inputs, not internal predictions, not CASP submissions, and not competitive-proof evidence."
7,H2319,H2319_T333,9853,H2319_all_pdbs/Model_6386_af3_woUnpaired_af3_seed_42988_sample_1_pred_361.cif,Model_6386_af3_woUnpaired_af3_seed_42988_sample_1_pred_361.cif,6386,AF3,af3_woUnpaired,42988,1,361,woUnpaired,,False,casp17/massivefold_external_pool_intake/h2319_t333/extracted_models/H2319_all_pdbs/Model_6386_af3_woUnpaired_af3_seed_42988_sample_1_pred_361.cif,awaiting_extract,"MassiveFold model pool index only. It parses organizer-provided external model tarball listings and stages balanced extraction/rerank candidates. These models remain external rerank and accuracy-estimation inputs, not internal predictions, not CASP submissions, and not competitive-proof evidence."
7,H2319,H2319_T333,9862,H2319_all_pdbs/Model_6391_af3_woUnpaired_af3_seed_42968_sample_3_pred_263.cif,Model_6391_af3_woUnpaired_af3_seed_42968_sample_3_pred_263.cif,6391,AF3,af3_woUnpaired,42968,3,263,woUnpaired,,False,casp17/massivefold_external_pool_intake/h2319_t333/extracted_models/H2319_all_pdbs/Model_6391_af3_woUnpaired_af3_seed_42968_sample_3_pred_263.cif,awaiting_extract,"MassiveFold model pool index only. It parses organizer-provided external model tarball listings and stages balanced extraction/rerank candidates. These models remain external rerank and accuracy-estimation inputs, not internal predictions, not CASP submissions, and not competitive-proof evidence."
7,H2319,H2319_T333,9867,H2319_all_pdbs/Model_10907_af3_woUnpaired_af3_seed_578560_sample_1_pred_876.cif,Model_10907_af3_woUnpaired_af3_seed_578560_sample_1_pred_876.cif,10907,AF3,af3_woUnpaired,578560,1,876,woUnpaired,,False,casp17/massivefold_external_pool_intake/h2319_t333/extracted_models/H2319_all_pdbs/Model_10907_af3_woUnpaired_af3_seed_578560_sample_1_pred_876.cif,awaiting_extract,"MassiveFold model pool index only. It parses organizer-provided external model tarball listings and stages balanced extraction/rerank candidates. These models remain external rerank and accuracy-estimation inputs, not internal predictions, not CASP submissions, and not competitive-proof evidence."
7,H2319,H2319_T333,9872,H2319_all_pdbs/Model_6401_af3_woUnpaired_af3_seed_578583_sample_2_pred_992.cif,Model_6401_af3_woUnpaired_af3_seed_578583_sample_2_pred_992.cif,6401,AF3,af3_woUnpaired,578583,2,992,woUnpaired,,False,casp17/massivefold_external_pool_intake/h2319_t333/extracted_models/H2319_all_pdbs/Model_6401_af3_woUnpaired_af3_seed_578583_sample_2_pred_992.cif,awaiting_extract,"MassiveFold model pool index only. It parses organizer-provided external model tarball listings and stages balanced extraction/rerank candidates. These models remain external rerank and accuracy-estimation inputs, not internal predictions, not CASP submissions, and not competitive-proof evidence."
7,H2319,H2319_T333,9886,H2319_all_pdbs/Model_10959_af3_woUnpaired_af3_seed_57454_sample_0_pred_870.cif,Model_10959_af3_woUnpaired_af3_seed_57454_sample_0_pred_870.cif,10959,AF3,af3_woUnpaired,57454,0,870,woUnpaired,,False,casp17/massivefold_external_pool_intake/h2319_t333/extracted_models/H2319_all_pdbs/Model_10959_af3_woUnpaired_af3_seed_57454_sample_0_pred_870.cif,awaiting_extract,"MassiveFold model pool index only. It parses organizer-provided external model tarball listings and stages balanced extraction/rerank candidates. These models remain external rerank and accuracy-estimation inputs, not internal predictions, not CASP submissions, and not competitive-proof evidence."
7,H2319,H2319_T333,9904,H2319_all_pdbs/Model_8712_af3_woUnpaired_af3_seed_334598_sample_1_pred_691.cif,Model_8712_af3_woUnpaired_af3_seed_334598_sample_1_pred_691.cif,8712,AF3,af3_woUnpaired,334598,1,691,woUnpaired,,False,casp17/massivefold_external_pool_intake/h2319_t333/extracted_models/H2319_all_pdbs/Model_8712_af3_woUnpaired_af3_seed_334598_sample_1_pred_691.cif,awaiting_extract,"MassiveFold model pool index only. It parses organizer-provided external model tarball listings and stages balanced extraction/rerank candidates. These models remain external rerank and accuracy-estimation inputs, not internal predictions, not CASP submissions, and not competitive-proof evidence."
7,H2319,H2319_T333,9908,H2319_all_pdbs/Model_6918_af3_woUnpaired_af3_seed_466146_sample_3_pred_48.cif,Model_6918_af3_woUnpaired_af3_seed_466146_sample_3_pred_48.cif,6918,AF3,af3_woUnpaired,466146,3,48,woUnpaired,,False,casp17/massivefold_external_pool_intake/h2319_t333/extracted_models/H2319_all_pdbs/Model_6918_af3_woUnpaired_af3_seed_466146_sample_3_pred_48.cif,awaiting_extract,"MassiveFold model pool index only. It parses organizer-provided external model tarball listings and stages balanced extraction/rerank candidates. These models remain external rerank and accuracy-estimation inputs, not internal predictions, not CASP submissions, and not competitive-proof evidence."
7,H2319,H2319_T333,9909,H2319_all_pdbs/Model_8764_af3_woUnpaired_af3_seed_466148_sample_0_pred_55.cif,Model_8764_af3_woUnpaired_af3_seed_466148_sample_0_pred_55.cif,8764,AF3,af3_woUnpaired,466148,0,55,woUnpaired,,False,casp17/massivefold_external_pool_intake/h2319_t333/extracted_models/H2319_all_pdbs/Model_8764_af3_woUnpaired_af3_seed_466148_sample_0_pred_55.cif,awaiting_extract,"MassiveFold model pool index only. It parses organizer-provided external model tarball listings and stages balanced extraction/rerank candidates. These models remain external rerank and accuracy-estimation inputs, not internal predictions, not CASP submissions, and not competitive-proof evidence."
7,H2319,H2319_T333,9917,H2319_all_pdbs/Model_6984_af3_woUnpaired_af3_seed_646834_sample_4_pred_214.cif,Model_6984_af3_woUnpaired_af3_seed_646834_sample_4_pred_214.cif,6984,AF3,af3_woUnpaired,646834,4,214,woUnpaired,,False,casp17/massivefold_external_pool_intake/h2319_t333/extracted_models/H2319_all_pdbs/Model_6984_af3_woUnpaired_af3_seed_646834_sample_4_pred_214.cif,awaiting_extract,"MassiveFold model pool index only. It parses organizer-provided external model tarball listings and stages balanced extraction/rerank candidates. These models remain external rerank and accuracy-estimation inputs, not internal predictions, not CASP submissions, and not competitive-proof evidence."
7,H2319,H2319_T333,9922,H2319_all_pdbs/Model_7058_af3_woUnpaired_af3_seed_42972_sample_3_pred_283.cif,Model_7058_af3_woUnpaired_af3_seed_42972_sample_3_pred_283.cif,7058,AF3,af3_woUnpaired,42972,3,283,woUnpaired,,False,casp17/massivefold_external_pool_intake/h2319_t333/extracted_models/H2319_all_pdbs/Model_7058_af3_woUnpaired_af3_seed_42972_sample_3_pred_283.cif,awaiting_extract,"MassiveFold model pool index only. It parses organizer-provided external model tarball listings and stages balanced extraction/rerank candidates. These models remain external rerank and accuracy-estimation inputs, not internal predictions, not CASP submissions, and not competitive-proof evidence."
7,H2319,H2319_T333,9962,H2319_all_pdbs/Model_6172_af3_woUnpaired_af3_seed_578573_sample_4_pred_944.cif,Model_6172_af3_woUnpaired_af3_seed_578573_sample_4_pred_944.cif,6172,AF3,af3_woUnpaired,578573,4,944,woUnpaired,,False,casp17/massivefold_external_pool_intake/h2319_t333/extracted_models/H2319_all_pdbs/Model_6172_af3_woUnpaired_af3_seed_578573_sample_4_pred_944.cif,awaiting_extract,"MassiveFold model pool index only. It parses organizer-provided external model tarball listings and stages balanced extraction/rerank candidates. These models remain external rerank and accuracy-estimation inputs, not internal predictions, not CASP submissions, and not competitive-proof evidence."
7,H2319,H2319_T333,9988,H2319_all_pdbs/Model_8845_af3_woUnpaired_af3_seed_714124_sample_4_pred_579.cif,Model_8845_af3_woUnpaired_af3_seed_714124_sample_4_pred_579.cif,8845,AF3,af3_woUnpaired,714124,4,579,woUnpaired,,False,casp17/massivefold_external_pool_intake/h2319_t333/extracted_models/H2319_all_pdbs/Model_8845_af3_woUnpaired_af3_seed_714124_sample_4_pred_579.cif,awaiting_extract,"MassiveFold model pool index only. It parses organizer-provided external model tarball listings and stages balanced extraction/rerank candidates. These models remain external rerank and accuracy-estimation inputs, not internal predictions, not CASP submissions, and not competitive-proof evidence."
7,H2319,H2319_T333,10014,H2319_all_pdbs/Model_6163_af3_woUnpaired_af3_seed_42968_sample_0_pred_260.cif,Model_6163_af3_woUnpaired_af3_seed_42968_sample_0_pred_260.cif,6163,AF3,af3_woUnpaired,42968,0,260,woUnpaired,,False,casp17/massivefold_external_pool_intake/h2319_t333/extracted_models/H2319_all_pdbs/Model_6163_af3_woUnpaired_af3_seed_42968_sample_0_pred_260.cif,awaiting_extract,"MassiveFold model pool index only. It parses organizer-provided external model tarball listings and stages balanced extraction/rerank candidates. These models remain external rerank and accuracy-estimation inputs, not internal predictions, not CASP submissions, and not competitive-proof evidence."
7,H2319,H2319_T333,10030,H2319_all_pdbs/Model_8670_af3_woUnpaired_af3_seed_57449_sample_0_pred_845.cif,Model_8670_af3_woUnpaired_af3_seed_57449_sample_0_pred_845.cif,8670,AF3,af3_woUnpaired,57449,0,845,woUnpaired,,False,casp17/massivefold_external_pool_intake/h2319_t333/extracted_models/H2319_all_pdbs/Model_8670_af3_woUnpaired_af3_seed_57449_sample_0_pred_845.cif,awaiting_extract,"MassiveFold model pool index only. It parses organizer-provided external model tarball listings and stages balanced extraction/rerank candidates. These models remain external rerank and accuracy-estimation inputs, not internal predictions, not CASP submissions, and not competitive-proof evidence."
7,H2319,H2319_T333,10034,H2319_all_pdbs/Model_6892_af3_woUnpaired_af3_seed_714123_sample_1_pred_571.cif,Model_6892_af3_woUnpaired_af3_seed_714123_sample_1_pred_571.cif,6892,AF3,af3_woUnpaired,714123,1,571,woUnpaired,,False,casp17/massivefold_external_pool_intake/h2319_t333/extracted_models/H2319_all_pdbs/Model_6892_af3_woUnpaired_af3_seed_714123_sample_1_pred_571.cif,awaiting_extract,"MassiveFold model pool index only. It parses organizer-provided external model tarball listings and stages balanced extraction/rerank candidates. These models remain external rerank and accuracy-estimation inputs, not internal predictions, not CASP submissions, and not competitive-proof evidence."
7,H2319,H2319_T333,10059,H2319_all_pdbs/Model_7005_af3_woUnpaired_af3_seed_787944_sample_3_pred_483.cif,Model_7005_af3_woUnpaired_af3_seed_787944_sample_3_pred_483.cif,7005,AF3,af3_woUnpaired,787944,3,483,woUnpaired,,False,casp17/massivefold_external_pool_intake/h2319_t333/extracted_models/H2319_all_pdbs/Model_7005_af3_woUnpaired_af3_seed_787944_sample_3_pred_483.cif,awaiting_extract,"MassiveFold model pool index only. It parses organizer-provided external model tarball listings and stages balanced extraction/rerank candidates. These models remain external rerank and accuracy-estimation inputs, not internal predictions, not CASP submissions, and not competitive-proof evidence."
7,H2319,H2319_T333,10108,H2319_all_pdbs/Model_8689_af3_woUnpaired_af3_seed_466151_sample_2_pred_72.cif,Model_8689_af3_woUnpaired_af3_seed_466151_sample_2_pred_72.cif,8689,AF3,af3_woUnpaired,466151,2,72,woUnpaired,,False,casp17/massivefold_external_pool_intake/h2319_t333/extracted_models/H2319_all_pdbs/Model_8689_af3_woUnpaired_af3_seed_466151_sample_2_pred_72.cif,awaiting_extract,"MassiveFold model pool index only. It parses organizer-provided external model tarball listings and stages balanced extraction/rerank candidates. These models remain external rerank and accuracy-estimation inputs, not internal predictions, not CASP submissions, and not competitive-proof evidence."
7,H2319,H2319_T333,10126,H2319_all_pdbs/Model_10936_af3_woUnpaired_af3_seed_57441_sample_2_pred_807.cif,Model_10936_af3_woUnpaired_af3_seed_57441_sample_2_pred_807.cif,10936,AF3,af3_woUnpaired,57441,2,807,woUnpaired,,False,casp17/massivefold_external_pool_intake/h2319_t333/extracted_models/H2319_all_pdbs/Model_10936_af3_woUnpaired_af3_seed_57441_sample_2_pred_807.cif,awaiting_extract,"MassiveFold model pool index only. It parses organizer-provided external model tarball listings and stages balanced extraction/rerank candidates. These models remain external rerank and accuracy-estimation inputs, not internal predictions, not CASP submissions, and not competitive-proof evidence."
7,H2319,H2319_T333,10130,H2319_all_pdbs/Model_8822_af3_woUnpaired_af3_seed_578583_sample_0_pred_990.cif,Model_8822_af3_woUnpaired_af3_seed_578583_sample_0_pred_990.cif,8822,AF3,af3_woUnpaired,578583,0,990,woUnpaired,,False,casp17/massivefold_external_pool_intake/h2319_t333/extracted_models/H2319_all_pdbs/Model_8822_af3_woUnpaired_af3_seed_578583_sample_0_pred_990.cif,awaiting_extract,"MassiveFold model pool index only. It parses organizer-provided external model tarball listings and stages balanced extraction/rerank candidates. These models remain external rerank and accuracy-estimation inputs, not internal predictions, not CASP submissions, and not competitive-proof evidence."
7,H2319,H2319_T333,10133,H2319_all_pdbs/Model_8624_af3_woUnpaired_af3_seed_42975_sample_4_pred_299.cif,Model_8624_af3_woUnpaired_af3_seed_42975_sample_4_pred_299.cif,8624,AF3,af3_woUnpaired,42975,4,299,woUnpaired,,False,casp17/massivefold_external_pool_intake/h2319_t333/extracted_models/H2319_all_pdbs/Model_8624_af3_woUnpaired_af3_seed_42975_sample_4_pred_299.cif,awaiting_extract,"MassiveFold model pool index only. It parses organizer-provided external model tarball listings and stages balanced extraction/rerank candidates. These models remain external rerank and accuracy-estimation inputs, not internal predictions, not CASP submissions, and not competitive-proof evidence."
7,H2319,H2319_T333,10143,H2319_all_pdbs/Model_6903_af3_woUnpaired_af3_seed_646820_sample_2_pred_142.cif,Model_6903_af3_woUnpaired_af3_seed_646820_sample_2_pred_142.cif,6903,AF3,af3_woUnpaired,646820,2,142,woUnpaired,,False,casp17/massivefold_external_pool_intake/h2319_t333/extracted_models/H2319_all_pdbs/Model_6903_af3_woUnpaired_af3_seed_646820_sample_2_pred_142.cif,awaiting_extract,"MassiveFold model pool index only. It parses organizer-provided external model tarball listings and stages balanced extraction/rerank candidates. These models remain external rerank and accuracy-estimation inputs, not internal predictions, not CASP submissions, and not competitive-proof evidence."
7,H2319,H2319_T333,10169,H2319_all_pdbs/Model_8652_af3_woUnpaired_af3_seed_42975_sample_3_pred_298.cif,Model_8652_af3_woUnpaired_af3_seed_42975_sample_3_pred_298.cif,8652,AF3,af3_woUnpaired,42975,3,298,woUnpaired,,False,casp17/massivefold_external_pool_intake/h2319_t333/extracted_models/H2319_all_pdbs/Model_8652_af3_woUnpaired_af3_seed_42975_sample_3_pred_298.cif,awaiting_extract,"MassiveFold model pool index only. It parses organizer-provided external model tarball listings and stages balanced extraction/rerank candidates. These models remain external rerank and accuracy-estimation inputs, not internal predictions, not CASP submissions, and not competitive-proof evidence."
7,H2319,H2319_T333,10175,H2319_all_pdbs/Model_8912_af3_woUnpaired_af3_seed_466143_sample_3_pred_33.cif,Model_8912_af3_woUnpaired_af3_seed_466143_sample_3_pred_33.cif,8912,AF3,af3_woUnpaired,466143,3,33,woUnpaired,,False,casp17/massivefold_external_pool_intake/h2319_t333/extracted_models/H2319_all_pdbs/Model_8912_af3_woUnpaired_af3_seed_466143_sample_3_pred_33.cif,awaiting_extract,"MassiveFold model pool index only. It parses organizer-provided external model tarball listings and stages balanced extraction/rerank candidates. These models remain external rerank and accuracy-estimation inputs, not internal predictions, not CASP submissions, and not competitive-proof evidence."
7,H2319,H2319_T333,10211,H2319_all_pdbs/Model_7011_af3_woUnpaired_af3_seed_42970_sample_0_pred_270.cif,Model_7011_af3_woUnpaired_af3_seed_42970_sample_0_pred_270.cif,7011,AF3,af3_woUnpaired,42970,0,270,woUnpaired,,False,casp17/massivefold_external_pool_intake/h2319_t333/extracted_models/H2319_all_pdbs/Model_7011_af3_woUnpaired_af3_seed_42970_sample_0_pred_270.cif,awaiting_extract,"MassiveFold model pool index only. It parses organizer-provided external model tarball listings and stages balanced extraction/rerank candidates. These models remain external rerank and accuracy-estimation inputs, not internal predictions, not CASP submissions, and not competitive-proof evidence."
7,H2319,H2319_T333,10217,H2319_all_pdbs/Model_7719_af3_woUnpaired_af3_seed_578565_sample_2_pred_902.cif,Model_7719_af3_woUnpaired_af3_seed_578565_sample_2_pred_902.cif,7719,AF3,af3_woUnpaired,578565,2,902,woUnpaired,,False,casp17/massivefold_external_pool_intake/h2319_t333/extracted_models/H2319_all_pdbs/Model_7719_af3_woUnpaired_af3_seed_578565_sample_2_pred_902.cif,awaiting_extract,"MassiveFold model pool index only. It parses organizer-provided external model tarball listings and stages balanced extraction/rerank candidates. These models remain external rerank and accuracy-estimation inputs, not internal predictions, not CASP submissions, and not competitive-proof evidence."
7,H2319,H2319_T333,10218,H2319_all_pdbs/Model_7022_af3_woUnpaired_af3_seed_714121_sample_0_pred_560.cif,Model_7022_af3_woUnpaired_af3_seed_714121_sample_0_pred_560.cif,7022,AF3,af3_woUnpaired,714121,0,560,woUnpaired,,False,casp17/massivefold_external_pool_intake/h2319_t333/extracted_models/H2319_all_pdbs/Model_7022_af3_woUnpaired_af3_seed_714121_sample_0_pred_560.cif,awaiting_extract,"MassiveFold model pool index only. It parses organizer-provided external model tarball listings and stages balanced extraction/rerank candidates. These models remain external rerank and accuracy-estimation inputs, not internal predictions, not CASP submissions, and not competitive-proof evidence."
7,H2319,H2319_T333,10227,H2319_all_pdbs/Model_7771_af3_woUnpaired_af3_seed_42978_sample_2_pred_312.cif,Model_7771_af3_woUnpaired_af3_seed_42978_sample_2_pred_312.cif,7771,AF3,af3_woUnpaired,42978,2,312,woUnpaired,,False,casp17/massivefold_external_pool_intake/h2319_t333/extracted_models/H2319_all_pdbs/Model_7771_af3_woUnpaired_af3_seed_42978_sample_2_pred_312.cif,awaiting_extract,"MassiveFold model pool index only. It parses organizer-provided external model tarball listings and stages balanced extraction/rerank candidates. These models remain external rerank and accuracy-estimation inputs, not internal predictions, not CASP submissions, and not competitive-proof evidence."
7,H2319,H2319_T333,10277,H2319_all_pdbs/Model_10920_af3_woUnpaired_af3_seed_787936_sample_0_pred_440.cif,Model_10920_af3_woUnpaired_af3_seed_787936_sample_0_pred_440.cif,10920,AF3,af3_woUnpaired,787936,0,440,woUnpaired,,False,casp17/massivefold_external_pool_intake/h2319_t333/extracted_models/H2319_all_pdbs/Model_10920_af3_woUnpaired_af3_seed_787936_sample_0_pred_440.cif,awaiting_extract,"MassiveFold model pool index only. It parses organizer-provided external model tarball listings and stages balanced extraction/rerank candidates. These models remain external rerank and accuracy-estimation inputs, not internal predictions, not CASP submissions, and not competitive-proof evidence."
7,H2319,H2319_T333,10292,H2319_all_pdbs/Model_8724_af3_woUnpaired_af3_seed_578564_sample_1_pred_896.cif,Model_8724_af3_woUnpaired_af3_seed_578564_sample_1_pred_896.cif,8724,AF3,af3_woUnpaired,578564,1,896,woUnpaired,,False,casp17/massivefold_external_pool_intake/h2319_t333/extracted_models/H2319_all_pdbs/Model_8724_af3_woUnpaired_af3_seed_578564_sample_1_pred_896.cif,awaiting_extract,"MassiveFold model pool index only. It parses organizer-provided external model tarball listings and stages balanced extraction/rerank candidates. These models remain external rerank and accuracy-estimation inputs, not internal predictions, not CASP submissions, and not competitive-proof evidence."
7,H2319,H2319_T333,10310,H2319_all_pdbs/Model_8585_af3_woUnpaired_af3_seed_42977_sample_0_pred_305.cif,Model_8585_af3_woUnpaired_af3_seed_42977_sample_0_pred_305.cif,8585,AF3,af3_woUnpaired,42977,0,305,woUnpaired,,False,casp17/massivefold_external_pool_intake/h2319_t333/extracted_models/H2319_all_pdbs/Model_8585_af3_woUnpaired_af3_seed_42977_sample_0_pred_305.cif,awaiting_extract,"MassiveFold model pool index only. It parses organizer-provided external model tarball listings and stages balanced extraction/rerank candidates. These models remain external rerank and accuracy-estimation inputs, not internal predictions, not CASP submissions, and not competitive-proof evidence."
7,H2319,H2319_T333,10332,H2319_all_pdbs/Model_7689_af3_woUnpaired_af3_seed_646819_sample_2_pred_137.cif,Model_7689_af3_woUnpaired_af3_seed_646819_sample_2_pred_137.cif,7689,AF3,af3_woUnpaired,646819,2,137,woUnpaired,,False,casp17/massivefold_external_pool_intake/h2319_t333/extracted_models/H2319_all_pdbs/Model_7689_af3_woUnpaired_af3_seed_646819_sample_2_pred_137.cif,awaiting_extract,"MassiveFold model pool index only. It parses organizer-provided external model tarball listings and stages balanced extraction/rerank candidates. These models remain external rerank and accuracy-estimation inputs, not internal predictions, not CASP submissions, and not competitive-proof evidence."
7,H2319,H2319_T333,10338,H2319_all_pdbs/Model_10263_af3_woUnpaired_af3_seed_466156_sample_0_pred_95.cif,Model_10263_af3_woUnpaired_af3_seed_466156_sample_0_pred_95.cif,10263,AF3,af3_woUnpaired,466156,0,95,woUnpaired,,False,casp17/massivefold_external_pool_intake/h2319_t333/extracted_models/H2319_all_pdbs/Model_10263_af3_woUnpaired_af3_seed_466156_sample_0_pred_95.cif,awaiting_extract,"MassiveFold model pool index only. It parses organizer-provided external model tarball listings and stages balanced extraction/rerank candidates. These models remain external rerank and accuracy-estimation inputs, not internal predictions, not CASP submissions, and not competitive-proof evidence."
7,H2319,H2319_T333,10386,H2319_all_pdbs/Model_6379_af3_woUnpaired_af3_seed_42989_sample_3_pred_368.cif,Model_6379_af3_woUnpaired_af3_seed_42989_sample_3_pred_368.cif,6379,AF3,af3_woUnpaired,42989,3,368,woUnpaired,,False,casp17/massivefold_external_pool_intake/h2319_t333/extracted_models/H2319_all_pdbs/Model_6379_af3_woUnpaired_af3_seed_42989_sample_3_pred_368.cif,awaiting_extract,"MassiveFold model pool index only. It parses organizer-provided external model tarball listings and stages balanced extraction/rerank candidates. These models remain external rerank and accuracy-estimation inputs, not internal predictions, not CASP submissions, and not competitive-proof evidence."
7,H2319,H2319_T333,10399,H2319_all_pdbs/Model_8927_af3_woUnpaired_af3_seed_42987_sample_4_pred_359.cif,Model_8927_af3_woUnpaired_af3_seed_42987_sample_4_pred_359.cif,8927,AF3,af3_woUnpaired,42987,4,359,woUnpaired,,False,casp17/massivefold_external_pool_intake/h2319_t333/extracted_models/H2319_all_pdbs/Model_8927_af3_woUnpaired_af3_seed_42987_sample_4_pred_359.cif,awaiting_extract,"MassiveFold model pool index only. It parses organizer-provided external model tarball listings and stages balanced extraction/rerank candidates. These models remain external rerank and accuracy-estimation inputs, not internal predictions, not CASP submissions, and not competitive-proof evidence."
7,H2319,H2319_T333,10422,H2319_all_pdbs/Model_8592_af3_woUnpaired_af3_seed_578569_sample_3_pred_923.cif,Model_8592_af3_woUnpaired_af3_seed_578569_sample_3_pred_923.cif,8592,AF3,af3_woUnpaired,578569,3,923,woUnpaired,,False,casp17/massivefold_external_pool_intake/h2319_t333/extracted_models/H2319_all_pdbs/Model_8592_af3_woUnpaired_af3_seed_578569_sample_3_pred_923.cif,awaiting_extract,"MassiveFold model pool index only. It parses organizer-provided external model tarball listings and stages balanced extraction/rerank candidates. These models remain external rerank and accuracy-estimation inputs, not internal predictions, not CASP submissions, and not competitive-proof evidence."
7,H2319,H2319_T333,10433,H2319_all_pdbs/Model_6361_af3_woUnpaired_af3_seed_42969_sample_4_pred_269.cif,Model_6361_af3_woUnpaired_af3_seed_42969_sample_4_pred_269.cif,6361,AF3,af3_woUnpaired,42969,4,269,woUnpaired,,False,casp17/massivefold_external_pool_intake/h2319_t333/extracted_models/H2319_all_pdbs/Model_6361_af3_woUnpaired_af3_seed_42969_sample_4_pred_269.cif,awaiting_extract,"MassiveFold model pool index only. It parses organizer-provided external model tarball listings and stages balanced extraction/rerank candidates. These models remain external rerank and accuracy-estimation inputs, not internal predictions, not CASP submissions, and not competitive-proof evidence."
7,H2319,H2319_T333,10439,H2319_all_pdbs/Model_10945_af3_woUnpaired_af3_seed_646839_sample_4_pred_239.cif,Model_10945_af3_woUnpaired_af3_seed_646839_sample_4_pred_239.cif,10945,AF3,af3_woUnpaired,646839,4,239,woUnpaired,,False,casp17/massivefold_external_pool_intake/h2319_t333/extracted_models/H2319_all_pdbs/Model_10945_af3_woUnpaired_af3_seed_646839_sample_4_pred_239.cif,awaiting_extract,"MassiveFold model pool index only. It parses organizer-provided external model tarball listings and stages balanced extraction/rerank candidates. These models remain external rerank and accuracy-estimation inputs, not internal predictions, not CASP submissions, and not competitive-proof evidence."
7,H2319,H2319_T333,10462,H2319_all_pdbs/Model_5743_af3_woUnpaired_af3_seed_57451_sample_3_pred_858.cif,Model_5743_af3_woUnpaired_af3_seed_57451_sample_3_pred_858.cif,5743,AF3,af3_woUnpaired,57451,3,858,woUnpaired,101,True,casp17/massivefold_external_pool_intake/h2319_t333/extracted_models/H2319_all_pdbs/Model_5743_af3_woUnpaired_af3_seed_57451_sample_3_pred_858.cif,extracted,"MassiveFold model pool index only. It parses organizer-provided external model tarball listings and stages balanced extraction/rerank candidates. These models remain external rerank and accuracy-estimation inputs, not internal predictions, not CASP submissions, and not competitive-proof evidence."
7,H2319,H2319_T333,10473,H2319_all_pdbs/Model_8759_af3_woUnpaired_af3_seed_646831_sample_2_pred_197.cif,Model_8759_af3_woUnpaired_af3_seed_646831_sample_2_pred_197.cif,8759,AF3,af3_woUnpaired,646831,2,197,woUnpaired,,False,casp17/massivefold_external_pool_intake/h2319_t333/extracted_models/H2319_all_pdbs/Model_8759_af3_woUnpaired_af3_seed_646831_sample_2_pred_197.cif,awaiting_extract,"MassiveFold model pool index only. It parses organizer-provided external model tarball listings and stages balanced extraction/rerank candidates. These models remain external rerank and accuracy-estimation inputs, not internal predictions, not CASP submissions, and not competitive-proof evidence."
7,H2319,H2319_T333,10485,H2319_all_pdbs/Model_8708_af3_woUnpaired_af3_seed_787934_sample_3_pred_433.cif,Model_8708_af3_woUnpaired_af3_seed_787934_sample_3_pred_433.cif,8708,AF3,af3_woUnpaired,787934,3,433,woUnpaired,,False,casp17/massivefold_external_pool_intake/h2319_t333/extracted_models/H2319_all_pdbs/Model_8708_af3_woUnpaired_af3_seed_787934_sample_3_pred_433.cif,awaiting_extract,"MassiveFold model pool index only. It parses organizer-provided external model tarball listings and stages balanced extraction/rerank candidates. These models remain external rerank and accuracy-estimation inputs, not internal predictions, not CASP submissions, and not competitive-proof evidence."
7,H2319,H2319_T333,10487,H2319_all_pdbs/Model_10994_af3_woUnpaired_af3_seed_578574_sample_1_pred_946.cif,Model_10994_af3_woUnpaired_af3_seed_578574_sample_1_pred_946.cif,10994,AF3,af3_woUnpaired,578574,1,946,woUnpaired,,False,casp17/massivefold_external_pool_intake/h2319_t333/extracted_models/H2319_all_pdbs/Model_10994_af3_woUnpaired_af3_seed_578574_sample_1_pred_946.cif,awaiting_extract,"MassiveFold model pool index only. It parses organizer-provided external model tarball listings and stages balanced extraction/rerank candidates. These models remain external rerank and accuracy-estimation inputs, not internal predictions, not CASP submissions, and not competitive-proof evidence."
7,H2319,H2319_T333,10518,H2319_all_pdbs/Model_7766_af3_woUnpaired_af3_seed_42977_sample_2_pred_307.cif,Model_7766_af3_woUnpaired_af3_seed_42977_sample_2_pred_307.cif,7766,AF3,af3_woUnpaired,42977,2,307,woUnpaired,,False,casp17/massivefold_external_pool_intake/h2319_t333/extracted_models/H2319_all_pdbs/Model_7766_af3_woUnpaired_af3_seed_42977_sample_2_pred_307.cif,awaiting_extract,"MassiveFold model pool index only. It parses organizer-provided external model tarball listings and stages balanced extraction/rerank candidates. These models remain external rerank and accuracy-estimation inputs, not internal predictions, not CASP submissions, and not competitive-proof evidence."
7,H2319,H2319_T333,10520,H2319_all_pdbs/Model_10283_af3_woUnpaired_af3_seed_334596_sample_0_pred_680.cif,Model_10283_af3_woUnpaired_af3_seed_334596_sample_0_pred_680.cif,10283,AF3,af3_woUnpaired,334596,0,680,woUnpaired,,False,casp17/massivefold_external_pool_intake/h2319_t333/extracted_models/H2319_all_pdbs/Model_10283_af3_woUnpaired_af3_seed_334596_sample_0_pred_680.cif,awaiting_extract,"MassiveFold model pool index only. It parses organizer-provided external model tarball listings and stages balanced extraction/rerank candidates. These models remain external rerank and accuracy-estimation inputs, not internal predictions, not CASP submissions, and not competitive-proof evidence."
7,H2319,H2319_T333,10526,H2319_all_pdbs/Model_8856_af3_woUnpaired_af3_seed_57438_sample_2_pred_792.cif,Model_8856_af3_woUnpaired_af3_seed_57438_sample_2_pred_792.cif,8856,AF3,af3_woUnpaired,57438,2,792,woUnpaired,,False,casp17/massivefold_external_pool_intake/h2319_t333/extracted_models/H2319_all_pdbs/Model_8856_af3_woUnpaired_af3_seed_57438_sample_2_pred_792.cif,awaiting_extract,"MassiveFold model pool index only. It parses organizer-provided external model tarball listings and stages balanced extraction/rerank candidates. These models remain external rerank and accuracy-estimation inputs, not internal predictions, not CASP submissions, and not competitive-proof evidence."
7,H2319,H2319_T333,10555,H2319_all_pdbs/Model_8618_af3_woUnpaired_af3_seed_646825_sample_0_pred_165.cif,Model_8618_af3_woUnpaired_af3_seed_646825_sample_0_pred_165.cif,8618,AF3,af3_woUnpaired,646825,0,165,woUnpaired,,False,casp17/massivefold_external_pool_intake/h2319_t333/extracted_models/H2319_all_pdbs/Model_8618_af3_woUnpaired_af3_seed_646825_sample_0_pred_165.cif,awaiting_extract,"MassiveFold model pool index only. It parses organizer-provided external model tarball listings and stages balanced extraction/rerank candidates. These models remain external rerank and accuracy-estimation inputs, not internal predictions, not CASP submissions, and not competitive-proof evidence."
7,H2319,H2319_T333,10561,H2319_all_pdbs/Model_6165_af3_woUnpaired_af3_seed_714117_sample_1_pred_541.cif,Model_6165_af3_woUnpaired_af3_seed_714117_sample_1_pred_541.cif,6165,AF3,af3_woUnpaired,714117,1,541,woUnpaired,,False,casp17/massivefold_external_pool_intake/h2319_t333/extracted_models/H2319_all_pdbs/Model_6165_af3_woUnpaired_af3_seed_714117_sample_1_pred_541.cif,awaiting_extract,"MassiveFold model pool index only. It parses organizer-provided external model tarball listings and stages balanced extraction/rerank candidates. These models remain external rerank and accuracy-estimation inputs, not internal predictions, not CASP submissions, and not competitive-proof evidence."
7,H2319,H2319_T333,10570,H2319_all_pdbs/Model_7756_af3_woUnpaired_af3_seed_646822_sample_4_pred_154.cif,Model_7756_af3_woUnpaired_af3_seed_646822_sample_4_pred_154.cif,7756,AF3,af3_woUnpaired,646822,4,154,woUnpaired,,False,casp17/massivefold_external_pool_intake/h2319_t333/extracted_models/H2319_all_pdbs/Model_7756_af3_woUnpaired_af3_seed_646822_sample_4_pred_154.cif,awaiting_extract,"MassiveFold model pool index only. It parses organizer-provided external model tarball listings and stages balanced extraction/rerank candidates. These models remain external rerank and accuracy-estimation inputs, not internal predictions, not CASP submissions, and not competitive-proof evidence."
7,H2319,H2319_T333,10571,H2319_all_pdbs/Model_6906_af3_woUnpaired_af3_seed_631610_sample_0_pred_1000.cif,Model_6906_af3_woUnpaired_af3_seed_631610_sample_0_pred_1000.cif,6906,AF3,af3_woUnpaired,631610,0,1000,woUnpaired,,False,casp17/massivefold_external_pool_intake/h2319_t333/extracted_models/H2319_all_pdbs/Model_6906_af3_woUnpaired_af3_seed_631610_sample_0_pred_1000.cif,awaiting_extract,"MassiveFold model pool index only. It parses organizer-provided external model tarball listings and stages balanced extraction/rerank candidates. These models remain external rerank and accuracy-estimation inputs, not internal predictions, not CASP submissions, and not competitive-proof evidence."
7,H2319,H2319_T333,10578,H2319_all_pdbs/Model_8843_af3_woUnpaired_af3_seed_57453_sample_1_pred_866.cif,Model_8843_af3_woUnpaired_af3_seed_57453_sample_1_pred_866.cif,8843,AF3,af3_woUnpaired,57453,1,866,woUnpaired,,False,casp17/massivefold_external_pool_intake/h2319_t333/extracted_models/H2319_all_pdbs/Model_8843_af3_woUnpaired_af3_seed_57453_sample_1_pred_866.cif,awaiting_extract,"MassiveFold model pool index only. It parses organizer-provided external model tarball listings and stages balanced extraction/rerank candidates. These models remain external rerank and accuracy-estimation inputs, not internal predictions, not CASP submissions, and not competitive-proof evidence."
7,H2319,H2319_T333,10594,H2319_all_pdbs/Model_8805_af3_woUnpaired_af3_seed_787932_sample_4_pred_424.cif,Model_8805_af3_woUnpaired_af3_seed_787932_sample_4_pred_424.cif,8805,AF3,af3_woUnpaired,787932,4,424,woUnpaired,,False,casp17/massivefold_external_pool_intake/h2319_t333/extracted_models/H2319_all_pdbs/Model_8805_af3_woUnpaired_af3_seed_787932_sample_4_pred_424.cif,awaiting_extract,"MassiveFold model pool index only. It parses organizer-provided external model tarball listings and stages balanced extraction/rerank candidates. These models remain external rerank and accuracy-estimation inputs, not internal predictions, not CASP submissions, and not competitive-proof evidence."
7,H2319,H2319_T333,10599,H2319_all_pdbs/Model_5852_af3_woUnpaired_af3_seed_787939_sample_3_pred_458.cif,Model_5852_af3_woUnpaired_af3_seed_787939_sample_3_pred_458.cif,5852,AF3,af3_woUnpaired,787939,3,458,woUnpaired,103,True,casp17/massivefold_external_pool_intake/h2319_t333/extracted_models/H2319_all_pdbs/Model_5852_af3_woUnpaired_af3_seed_787939_sample_3_pred_458.cif,extracted,"MassiveFold model pool index only. It parses organizer-provided external model tarball listings and stages balanced extraction/rerank candidates. These models remain external rerank and accuracy-estimation inputs, not internal predictions, not CASP submissions, and not competitive-proof evidence."
7,H2319,H2319_T333,10625,H2319_all_pdbs/Model_7748_af3_woUnpaired_af3_seed_646832_sample_4_pred_204.cif,Model_7748_af3_woUnpaired_af3_seed_646832_sample_4_pred_204.cif,7748,AF3,af3_woUnpaired,646832,4,204,woUnpaired,,False,casp17/massivefold_external_pool_intake/h2319_t333/extracted_models/H2319_all_pdbs/Model_7748_af3_woUnpaired_af3_seed_646832_sample_4_pred_204.cif,awaiting_extract,"MassiveFold model pool index only. It parses organizer-provided external model tarball listings and stages balanced extraction/rerank candidates. These models remain external rerank and accuracy-estimation inputs, not internal predictions, not CASP submissions, and not competitive-proof evidence."
7,H2319,H2319_T333,10655,H2319_all_pdbs/Model_7759_af3_woUnpaired_af3_seed_578567_sample_0_pred_910.cif,Model_7759_af3_woUnpaired_af3_seed_578567_sample_0_pred_910.cif,7759,AF3,af3_woUnpaired,578567,0,910,woUnpaired,,False,casp17/massivefold_external_pool_intake/h2319_t333/extracted_models/H2319_all_pdbs/Model_7759_af3_woUnpaired_af3_seed_578567_sample_0_pred_910.cif,awaiting_extract,"MassiveFold model pool index only. It parses organizer-provided external model tarball listings and stages balanced extraction/rerank candidates. These models remain external rerank and accuracy-estimation inputs, not internal predictions, not CASP submissions, and not competitive-proof evidence."
7,H2319,H2319_T333,10675,H2319_all_pdbs/Model_8871_af3_woUnpaired_af3_seed_334609_sample_3_pred_748.cif,Model_8871_af3_woUnpaired_af3_seed_334609_sample_3_pred_748.cif,8871,AF3,af3_woUnpaired,334609,3,748,woUnpaired,,False,casp17/massivefold_external_pool_intake/h2319_t333/extracted_models/H2319_all_pdbs/Model_8871_af3_woUnpaired_af3_seed_334609_sample_3_pred_748.cif,awaiting_extract,"MassiveFold model pool index only. It parses organizer-provided external model tarball listings and stages balanced extraction/rerank candidates. These models remain external rerank and accuracy-estimation inputs, not internal predictions, not CASP submissions, and not competitive-proof evidence."
7,H2319,H2319_T333,10676,H2319_all_pdbs/Model_7702_af3_woUnpaired_af3_seed_42988_sample_3_pred_363.cif,Model_7702_af3_woUnpaired_af3_seed_42988_sample_3_pred_363.cif,7702,AF3,af3_woUnpaired,42988,3,363,woUnpaired,,False,casp17/massivefold_external_pool_intake/h2319_t333/extracted_models/H2319_all_pdbs/Model_7702_af3_woUnpaired_af3_seed_42988_sample_3_pred_363.cif,awaiting_extract,"MassiveFold model pool index only. It parses organizer-provided external model tarball listings and stages balanced extraction/rerank candidates. These models remain external rerank and accuracy-estimation inputs, not internal predictions, not CASP submissions, and not competitive-proof evidence."
7,H2319,H2319_T333,10688,H2319_all_pdbs/Model_10294_af3_woUnpaired_af3_seed_42988_sample_2_pred_362.cif,Model_10294_af3_woUnpaired_af3_seed_42988_sample_2_pred_362.cif,10294,AF3,af3_woUnpaired,42988,2,362,woUnpaired,,False,casp17/massivefold_external_pool_intake/h2319_t333/extracted_models/H2319_all_pdbs/Model_10294_af3_woUnpaired_af3_seed_42988_sample_2_pred_362.cif,awaiting_extract,"MassiveFold model pool index only. It parses organizer-provided external model tarball listings and stages balanced extraction/rerank candidates. These models remain external rerank and accuracy-estimation inputs, not internal predictions, not CASP submissions, and not competitive-proof evidence."
7,H2319,H2319_T333,10689,H2319_all_pdbs/Model_7754_af3_woUnpaired_af3_seed_714119_sample_2_pred_552.cif,Model_7754_af3_woUnpaired_af3_seed_714119_sample_2_pred_552.cif,7754,AF3,af3_woUnpaired,714119,2,552,woUnpaired,,False,casp17/massivefold_external_pool_intake/h2319_t333/extracted_models/H2319_all_pdbs/Model_7754_af3_woUnpaired_af3_seed_714119_sample_2_pred_552.cif,awaiting_extract,"MassiveFold model pool index only. It parses organizer-provided external model tarball listings and stages balanced extraction/rerank candidates. These models remain external rerank and accuracy-estimation inputs, not internal predictions, not CASP submissions, and not competitive-proof evidence."
7,H2319,H2319_T333,10702,H2319_all_pdbs/Model_7747_af3_woUnpaired_af3_seed_42990_sample_4_pred_374.cif,Model_7747_af3_woUnpaired_af3_seed_42990_sample_4_pred_374.cif,7747,AF3,af3_woUnpaired,42990,4,374,woUnpaired,,False,casp17/massivefold_external_pool_intake/h2319_t333/extracted_models/H2319_all_pdbs/Model_7747_af3_woUnpaired_af3_seed_42990_sample_4_pred_374.cif,awaiting_extract,"MassiveFold model pool index only. It parses organizer-provided external model tarball listings and stages balanced extraction/rerank candidates. These models remain external rerank and accuracy-estimation inputs, not internal predictions, not CASP submissions, and not competitive-proof evidence."
7,H2319,H2319_T333,10740,H2319_all_pdbs/Model_8835_af3_woUnpaired_af3_seed_334594_sample_2_pred_672.cif,Model_8835_af3_woUnpaired_af3_seed_334594_sample_2_pred_672.cif,8835,AF3,af3_woUnpaired,334594,2,672,woUnpaired,,False,casp17/massivefold_external_pool_intake/h2319_t333/extracted_models/H2319_all_pdbs/Model_8835_af3_woUnpaired_af3_seed_334594_sample_2_pred_672.cif,awaiting_extract,"MassiveFold model pool index only. It parses organizer-provided external model tarball listings and stages balanced extraction/rerank candidates. These models remain external rerank and accuracy-estimation inputs, not internal predictions, not CASP submissions, and not competitive-proof evidence."
7,H2319,H2319_T333,10746,H2319_all_pdbs/Model_10968_af3_woUnpaired_af3_seed_646836_sample_1_pred_221.cif,Model_10968_af3_woUnpaired_af3_seed_646836_sample_1_pred_221.cif,10968,AF3,af3_woUnpaired,646836,1,221,woUnpaired,,False,casp17/massivefold_external_pool_intake/h2319_t333/extracted_models/H2319_all_pdbs/Model_10968_af3_woUnpaired_af3_seed_646836_sample_1_pred_221.cif,awaiting_extract,"MassiveFold model pool index only. It parses organizer-provided external model tarball listings and stages balanced extraction/rerank candidates. These models remain external rerank and accuracy-estimation inputs, not internal predictions, not CASP submissions, and not competitive-proof evidence."
7,H2319,H2319_T333,10760,H2319_all_pdbs/Model_10934_af3_woUnpaired_af3_seed_578582_sample_4_pred_989.cif,Model_10934_af3_woUnpaired_af3_seed_578582_sample_4_pred_989.cif,10934,AF3,af3_woUnpaired,578582,4,989,woUnpaired,,False,casp17/massivefold_external_pool_intake/h2319_t333/extracted_models/H2319_all_pdbs/Model_10934_af3_woUnpaired_af3_seed_578582_sample_4_pred_989.cif,awaiting_extract,"MassiveFold model pool index only. It parses organizer-provided external model tarball listings and stages balanced extraction/rerank candidates. These models remain external rerank and accuracy-estimation inputs, not internal predictions, not CASP submissions, and not competitive-proof evidence."
7,H2319,H2319_T333,10769,H2319_all_pdbs/Model_12212_af3_woUnpaired_af3_seed_646833_sample_4_pred_209.cif,Model_12212_af3_woUnpaired_af3_seed_646833_sample_4_pred_209.cif,12212,AF3,af3_woUnpaired,646833,4,209,woUnpaired,,False,casp17/massivefold_external_pool_intake/h2319_t333/extracted_models/H2319_all_pdbs/Model_12212_af3_woUnpaired_af3_seed_646833_sample_4_pred_209.cif,awaiting_extract,"MassiveFold model pool index only. It parses organizer-provided external model tarball listings and stages balanced extraction/rerank candidates. These models remain external rerank and accuracy-estimation inputs, not internal predictions, not CASP submissions, and not competitive-proof evidence."
7,H2319,H2319_T333,10775,H2319_all_pdbs/Model_6372_af3_woUnpaired_af3_seed_42983_sample_3_pred_338.cif,Model_6372_af3_woUnpaired_af3_seed_42983_sample_3_pred_338.cif,6372,AF3,af3_woUnpaired,42983,3,338,woUnpaired,,False,casp17/massivefold_external_pool_intake/h2319_t333/extracted_models/H2319_all_pdbs/Model_6372_af3_woUnpaired_af3_seed_42983_sample_3_pred_338.cif,awaiting_extract,"MassiveFold model pool index only. It parses organizer-provided external model tarball listings and stages balanced extraction/rerank candidates. These models remain external rerank and accuracy-estimation inputs, not internal predictions, not CASP submissions, and not competitive-proof evidence."
7,H2319,H2319_T333,10779,H2319_all_pdbs/Model_7028_af3_woUnpaired_af3_seed_578569_sample_1_pred_921.cif,Model_7028_af3_woUnpaired_af3_seed_578569_sample_1_pred_921.cif,7028,AF3,af3_woUnpaired,578569,1,921,woUnpaired,,False,casp17/massivefold_external_pool_intake/h2319_t333/extracted_models/H2319_all_pdbs/Model_7028_af3_woUnpaired_af3_seed_578569_sample_1_pred_921.cif,awaiting_extract,"MassiveFold model pool index only. It parses organizer-provided external model tarball listings and stages balanced extraction/rerank candidates. These models remain external rerank and accuracy-estimation inputs, not internal predictions, not CASP submissions, and not competitive-proof evidence."
7,H2319,H2319_T333,10789,H2319_all_pdbs/Model_8640_af3_woUnpaired_af3_seed_787947_sample_1_pred_496.cif,Model_8640_af3_woUnpaired_af3_seed_787947_sample_1_pred_496.cif,8640,AF3,af3_woUnpaired,787947,1,496,woUnpaired,,False,casp17/massivefold_external_pool_intake/h2319_t333/extracted_models/H2319_all_pdbs/Model_8640_af3_woUnpaired_af3_seed_787947_sample_1_pred_496.cif,awaiting_extract,"MassiveFold model pool index only. It parses organizer-provided external model tarball listings and stages balanced extraction/rerank candidates. These models remain external rerank and accuracy-estimation inputs, not internal predictions, not CASP submissions, and not competitive-proof evidence."
7,H2319,H2319_T333,10794,H2319_all_pdbs/Model_6941_af3_woUnpaired_af3_seed_57430_sample_4_pred_754.cif,Model_6941_af3_woUnpaired_af3_seed_57430_sample_4_pred_754.cif,6941,AF3,af3_woUnpaired,57430,4,754,woUnpaired,,False,casp17/massivefold_external_pool_intake/h2319_t333/extracted_models/H2319_all_pdbs/Model_6941_af3_woUnpaired_af3_seed_57430_sample_4_pred_754.cif,awaiting_extract,"MassiveFold model pool index only. It parses organizer-provided external model tarball listings and stages balanced extraction/rerank candidates. These models remain external rerank and accuracy-estimation inputs, not internal predictions, not CASP submissions, and not competitive-proof evidence."
7,H2319,H2319_T333,10818,H2319_all_pdbs/Model_6153_af3_woUnpaired_af3_seed_787944_sample_0_pred_480.cif,Model_6153_af3_woUnpaired_af3_seed_787944_sample_0_pred_480.cif,6153,AF3,af3_woUnpaired,787944,0,480,woUnpaired,,False,casp17/massivefold_external_pool_intake/h2319_t333/extracted_models/H2319_all_pdbs/Model_6153_af3_woUnpaired_af3_seed_787944_sample_0_pred_480.cif,awaiting_extract,"MassiveFold model pool index only. It parses organizer-provided external model tarball listings and stages balanced extraction/rerank candidates. These models remain external rerank and accuracy-estimation inputs, not internal predictions, not CASP submissions, and not competitive-proof evidence."
7,H2319,H2319_T333,10829,H2319_all_pdbs/Model_8890_af3_woUnpaired_af3_seed_578567_sample_3_pred_913.cif,Model_8890_af3_woUnpaired_af3_seed_578567_sample_3_pred_913.cif,8890,AF3,af3_woUnpaired,578567,3,913,woUnpaired,,False,casp17/massivefold_external_pool_intake/h2319_t333/extracted_models/H2319_all_pdbs/Model_8890_af3_woUnpaired_af3_seed_578567_sample_3_pred_913.cif,awaiting_extract,"MassiveFold model pool index only. It parses organizer-provided external model tarball listings and stages balanced extraction/rerank candidates. These models remain external rerank and accuracy-estimation inputs, not internal predictions, not CASP submissions, and not competitive-proof evidence."
7,H2319,H2319_T333,10835,H2319_all_pdbs/Model_10996_af3_woUnpaired_af3_seed_787931_sample_4_pred_419.cif,Model_10996_af3_woUnpaired_af3_seed_787931_sample_4_pred_419.cif,10996,AF3,af3_woUnpaired,787931,4,419,woUnpaired,,False,casp17/massivefold_external_pool_intake/h2319_t333/extracted_models/H2319_all_pdbs/Model_10996_af3_woUnpaired_af3_seed_787931_sample_4_pred_419.cif,awaiting_extract,"MassiveFold model pool index only. It parses organizer-provided external model tarball listings and stages balanced extraction/rerank candidates. These models remain external rerank and accuracy-estimation inputs, not internal predictions, not CASP submissions, and not competitive-proof evidence."
7,H2319,H2319_T333,10841,H2319_all_pdbs/Model_10972_af3_woUnpaired_af3_seed_466139_sample_0_pred_10.cif,Model_10972_af3_woUnpaired_af3_seed_466139_sample_0_pred_10.cif,10972,AF3,af3_woUnpaired,466139,0,10,woUnpaired,,False,casp17/massivefold_external_pool_intake/h2319_t333/extracted_models/H2319_all_pdbs/Model_10972_af3_woUnpaired_af3_seed_466139_sample_0_pred_10.cif,awaiting_extract,"MassiveFold model pool index only. It parses organizer-provided external model tarball listings and stages balanced extraction/rerank candidates. These models remain external rerank and accuracy-estimation inputs, not internal predictions, not CASP submissions, and not competitive-proof evidence."
7,H2319,H2319_T333,10842,H2319_all_pdbs/Model_8621_af3_woUnpaired_af3_seed_714118_sample_1_pred_546.cif,Model_8621_af3_woUnpaired_af3_seed_714118_sample_1_pred_546.cif,8621,AF3,af3_woUnpaired,714118,1,546,woUnpaired,,False,casp17/massivefold_external_pool_intake/h2319_t333/extracted_models/H2319_all_pdbs/Model_8621_af3_woUnpaired_af3_seed_714118_sample_1_pred_546.cif,awaiting_extract,"MassiveFold model pool index only. It parses organizer-provided external model tarball listings and stages balanced extraction/rerank candidates. These models remain external rerank and accuracy-estimation inputs, not internal predictions, not CASP submissions, and not competitive-proof evidence."
7,H2319,H2319_T333,10845,H2319_all_pdbs/Model_8677_af3_woUnpaired_af3_seed_646828_sample_3_pred_183.cif,Model_8677_af3_woUnpaired_af3_seed_646828_sample_3_pred_183.cif,8677,AF3,af3_woUnpaired,646828,3,183,woUnpaired,,False,casp17/massivefold_external_pool_intake/h2319_t333/extracted_models/H2319_all_pdbs/Model_8677_af3_woUnpaired_af3_seed_646828_sample_3_pred_183.cif,awaiting_extract,"MassiveFold model pool index only. It parses organizer-provided external model tarball listings and stages balanced extraction/rerank candidates. These models remain external rerank and accuracy-estimation inputs, not internal predictions, not CASP submissions, and not competitive-proof evidence."
7,H2319,H2319_T333,10886,H2319_all_pdbs/Model_7792_af3_woUnpaired_af3_seed_334602_sample_1_pred_711.cif,Model_7792_af3_woUnpaired_af3_seed_334602_sample_1_pred_711.cif,7792,AF3,af3_woUnpaired,334602,1,711,woUnpaired,,False,casp17/massivefold_external_pool_intake/h2319_t333/extracted_models/H2319_all_pdbs/Model_7792_af3_woUnpaired_af3_seed_334602_sample_1_pred_711.cif,awaiting_extract,"MassiveFold model pool index only. It parses organizer-provided external model tarball listings and stages balanced extraction/rerank candidates. These models remain external rerank and accuracy-estimation inputs, not internal predictions, not CASP submissions, and not competitive-proof evidence."
7,H2319,H2319_T333,10893,H2319_all_pdbs/Model_6967_af3_woUnpaired_af3_seed_57439_sample_1_pred_796.cif,Model_6967_af3_woUnpaired_af3_seed_57439_sample_1_pred_796.cif,6967,AF3,af3_woUnpaired,57439,1,796,woUnpaired,,False,casp17/massivefold_external_pool_intake/h2319_t333/extracted_models/H2319_all_pdbs/Model_6967_af3_woUnpaired_af3_seed_57439_sample_1_pred_796.cif,awaiting_extract,"MassiveFold model pool index only. It parses organizer-provided external model tarball listings and stages balanced extraction/rerank candidates. These models remain external rerank and accuracy-estimation inputs, not internal predictions, not CASP submissions, and not competitive-proof evidence."
7,H2319,H2319_T333,10909,H2319_all_pdbs/Model_10973_af3_woUnpaired_af3_seed_334598_sample_0_pred_690.cif,Model_10973_af3_woUnpaired_af3_seed_334598_sample_0_pred_690.cif,10973,AF3,af3_woUnpaired,334598,0,690,woUnpaired,,False,casp17/massivefold_external_pool_intake/h2319_t333/extracted_models/H2319_all_pdbs/Model_10973_af3_woUnpaired_af3_seed_334598_sample_0_pred_690.cif,awaiting_extract,"MassiveFold model pool index only. It parses organizer-provided external model tarball listings and stages balanced extraction/rerank candidates. These models remain external rerank and accuracy-estimation inputs, not internal predictions, not CASP submissions, and not competitive-proof evidence."
7,H2319,H2319_T333,10910,H2319_all_pdbs/Model_7707_af3_woUnpaired_af3_seed_42971_sample_2_pred_277.cif,Model_7707_af3_woUnpaired_af3_seed_42971_sample_2_pred_277.cif,7707,AF3,af3_woUnpaired,42971,2,277,woUnpaired,,False,casp17/massivefold_external_pool_intake/h2319_t333/extracted_models/H2319_all_pdbs/Model_7707_af3_woUnpaired_af3_seed_42971_sample_2_pred_277.cif,awaiting_extract,"MassiveFold model pool index only. It parses organizer-provided external model tarball listings and stages balanced extraction/rerank candidates. These models remain external rerank and accuracy-estimation inputs, not internal predictions, not CASP submissions, and not competitive-proof evidence."
7,H2319,H2319_T333,10948,H2319_all_pdbs/Model_11012_af3_woUnpaired_af3_seed_787931_sample_2_pred_417.cif,Model_11012_af3_woUnpaired_af3_seed_787931_sample_2_pred_417.cif,11012,AF3,af3_woUnpaired,787931,2,417,woUnpaired,,False,casp17/massivefold_external_pool_intake/h2319_t333/extracted_models/H2319_all_pdbs/Model_11012_af3_woUnpaired_af3_seed_787931_sample_2_pred_417.cif,awaiting_extract,"MassiveFold model pool index only. It parses organizer-provided external model tarball listings and stages balanced extraction/rerank candidates. These models remain external rerank and accuracy-estimation inputs, not internal predictions, not CASP submissions, and not competitive-proof evidence."
7,H2319,H2319_T333,10951,H2319_all_pdbs/Model_8735_af3_woUnpaired_af3_seed_57437_sample_1_pred_786.cif,Model_8735_af3_woUnpaired_af3_seed_57437_sample_1_pred_786.cif,8735,AF3,af3_woUnpaired,57437,1,786,woUnpaired,,False,casp17/massivefold_external_pool_intake/h2319_t333/extracted_models/H2319_all_pdbs/Model_8735_af3_woUnpaired_af3_seed_57437_sample_1_pred_786.cif,awaiting_extract,"MassiveFold model pool index only. It parses organizer-provided external model tarball listings and stages balanced extraction/rerank candidates. These models remain external rerank and accuracy-estimation inputs, not internal predictions, not CASP submissions, and not competitive-proof evidence."
7,H2319,H2319_T333,10955,H2319_all_pdbs/Model_7725_af3_woUnpaired_af3_seed_714120_sample_1_pred_556.cif,Model_7725_af3_woUnpaired_af3_seed_714120_sample_1_pred_556.cif,7725,AF3,af3_woUnpaired,714120,1,556,woUnpaired,,False,casp17/massivefold_external_pool_intake/h2319_t333/extracted_models/H2319_all_pdbs/Model_7725_af3_woUnpaired_af3_seed_714120_sample_1_pred_556.cif,awaiting_extract,"MassiveFold model pool index only. It parses organizer-provided external model tarball listings and stages balanced extraction/rerank candidates. These models remain external rerank and accuracy-estimation inputs, not internal predictions, not CASP submissions, and not competitive-proof evidence."
7,H2319,H2319_T333,10964,H2319_all_pdbs/Model_7020_af3_woUnpaired_af3_seed_42987_sample_3_pred_358.cif,Model_7020_af3_woUnpaired_af3_seed_42987_sample_3_pred_358.cif,7020,AF3,af3_woUnpaired,42987,3,358,woUnpaired,,False,casp17/massivefold_external_pool_intake/h2319_t333/extracted_models/H2319_all_pdbs/Model_7020_af3_woUnpaired_af3_seed_42987_sample_3_pred_358.cif,awaiting_extract,"MassiveFold model pool index only. It parses organizer-provided external model tarball listings and stages balanced extraction/rerank candidates. These models remain external rerank and accuracy-estimation inputs, not internal predictions, not CASP submissions, and not competitive-proof evidence."
7,H2319,H2319_T333,11000,H2319_all_pdbs/Model_7031_af3_woUnpaired_af3_seed_42974_sample_2_pred_292.cif,Model_7031_af3_woUnpaired_af3_seed_42974_sample_2_pred_292.cif,7031,AF3,af3_woUnpaired,42974,2,292,woUnpaired,,False,casp17/massivefold_external_pool_intake/h2319_t333/extracted_models/H2319_all_pdbs/Model_7031_af3_woUnpaired_af3_seed_42974_sample_2_pred_292.cif,awaiting_extract,"MassiveFold model pool index only. It parses organizer-provided external model tarball listings and stages balanced extraction/rerank candidates. These models remain external rerank and accuracy-estimation inputs, not internal predictions, not CASP submissions, and not competitive-proof evidence."
7,H2319,H2319_T333,11017,H2319_all_pdbs/Model_6929_af3_woUnpaired_af3_seed_466148_sample_2_pred_57.cif,Model_6929_af3_woUnpaired_af3_seed_466148_sample_2_pred_57.cif,6929,AF3,af3_woUnpaired,466148,2,57,woUnpaired,,False,casp17/massivefold_external_pool_intake/h2319_t333/extracted_models/H2319_all_pdbs/Model_6929_af3_woUnpaired_af3_seed_466148_sample_2_pred_57.cif,awaiting_extract,"MassiveFold model pool index only. It parses organizer-provided external model tarball listings and stages balanced extraction/rerank candidates. These models remain external rerank and accuracy-estimation inputs, not internal predictions, not CASP submissions, and not competitive-proof evidence."
7,H2319,H2319_T333,11037,H2319_all_pdbs/Model_10240_af3_woUnpaired_af3_seed_57446_sample_3_pred_833.cif,Model_10240_af3_woUnpaired_af3_seed_57446_sample_3_pred_833.cif,10240,AF3,af3_woUnpaired,57446,3,833,woUnpaired,,False,casp17/massivefold_external_pool_intake/h2319_t333/extracted_models/H2319_all_pdbs/Model_10240_af3_woUnpaired_af3_seed_57446_sample_3_pred_833.cif,awaiting_extract,"MassiveFold model pool index only. It parses organizer-provided external model tarball listings and stages balanced extraction/rerank candidates. These models remain external rerank and accuracy-estimation inputs, not internal predictions, not CASP submissions, and not competitive-proof evidence."
7,H2319,H2319_T333,11046,H2319_all_pdbs/Model_8644_af3_woUnpaired_af3_seed_466137_sample_3_pred_3.cif,Model_8644_af3_woUnpaired_af3_seed_466137_sample_3_pred_3.cif,8644,AF3,af3_woUnpaired,466137,3,3,woUnpaired,,False,casp17/massivefold_external_pool_intake/h2319_t333/extracted_models/H2319_all_pdbs/Model_8644_af3_woUnpaired_af3_seed_466137_sample_3_pred_3.cif,awaiting_extract,"MassiveFold model pool index only. It parses organizer-provided external model tarball listings and stages balanced extraction/rerank candidates. These models remain external rerank and accuracy-estimation inputs, not internal predictions, not CASP submissions, and not competitive-proof evidence."
7,H2319,H2319_T333,11096,H2319_all_pdbs/Model_6911_af3_woUnpaired_af3_seed_714127_sample_1_pred_591.cif,Model_6911_af3_woUnpaired_af3_seed_714127_sample_1_pred_591.cif,6911,AF3,af3_woUnpaired,714127,1,591,woUnpaired,,False,casp17/massivefold_external_pool_intake/h2319_t333/extracted_models/H2319_all_pdbs/Model_6911_af3_woUnpaired_af3_seed_714127_sample_1_pred_591.cif,awaiting_extract,"MassiveFold model pool index only. It parses organizer-provided external model tarball listings and stages balanced extraction/rerank candidates. These models remain external rerank and accuracy-estimation inputs, not internal predictions, not CASP submissions, and not competitive-proof evidence."
7,H2319,H2319_T333,11102,H2319_all_pdbs/Model_10988_af3_woUnpaired_af3_seed_466142_sample_3_pred_28.cif,Model_10988_af3_woUnpaired_af3_seed_466142_sample_3_pred_28.cif,10988,AF3,af3_woUnpaired,466142,3,28,woUnpaired,,False,casp17/massivefold_external_pool_intake/h2319_t333/extracted_models/H2319_all_pdbs/Model_10988_af3_woUnpaired_af3_seed_466142_sample_3_pred_28.cif,awaiting_extract,"MassiveFold model pool index only. It parses organizer-provided external model tarball listings and stages balanced extraction/rerank candidates. These models remain external rerank and accuracy-estimation inputs, not internal predictions, not CASP submissions, and not competitive-proof evidence."
7,H2319,H2319_T333,11107,H2319_all_pdbs/Model_8830_af3_woUnpaired_af3_seed_57435_sample_1_pred_776.cif,Model_8830_af3_woUnpaired_af3_seed_57435_sample_1_pred_776.cif,8830,AF3,af3_woUnpaired,57435,1,776,woUnpaired,,False,casp17/massivefold_external_pool_intake/h2319_t333/extracted_models/H2319_all_pdbs/Model_8830_af3_woUnpaired_af3_seed_57435_sample_1_pred_776.cif,awaiting_extract,"MassiveFold model pool index only. It parses organizer-provided external model tarball listings and stages balanced extraction/rerank candidates. These models remain external rerank and accuracy-estimation inputs, not internal predictions, not CASP submissions, and not competitive-proof evidence."
7,H2319,H2319_T333,11129,H2319_all_pdbs/Model_10904_af3_woUnpaired_af3_seed_466152_sample_0_pred_75.cif,Model_10904_af3_woUnpaired_af3_seed_466152_sample_0_pred_75.cif,10904,AF3,af3_woUnpaired,466152,0,75,woUnpaired,,False,casp17/massivefold_external_pool_intake/h2319_t333/extracted_models/H2319_all_pdbs/Model_10904_af3_woUnpaired_af3_seed_466152_sample_0_pred_75.cif,awaiting_extract,"MassiveFold model pool index only. It parses organizer-provided external model tarball listings and stages balanced extraction/rerank candidates. These models remain external rerank and accuracy-estimation inputs, not internal predictions, not CASP submissions, and not competitive-proof evidence."
7,H2319,H2319_T333,11133,H2319_all_pdbs/Model_7104_af3_woUnpaired_af3_seed_334603_sample_3_pred_718.cif,Model_7104_af3_woUnpaired_af3_seed_334603_sample_3_pred_718.cif,7104,AF3,af3_woUnpaired,334603,3,718,woUnpaired,,False,casp17/massivefold_external_pool_intake/h2319_t333/extracted_models/H2319_all_pdbs/Model_7104_af3_woUnpaired_af3_seed_334603_sample_3_pred_718.cif,awaiting_extract,"MassiveFold model pool index only. It parses organizer-provided external model tarball listings and stages balanced extraction/rerank candidates. These models remain external rerank and accuracy-estimation inputs, not internal predictions, not CASP submissions, and not competitive-proof evidence."
7,H2319,H2319_T333,11146,H2319_all_pdbs/Model_8763_af3_woUnpaired_af3_seed_42972_sample_4_pred_284.cif,Model_8763_af3_woUnpaired_af3_seed_42972_sample_4_pred_284.cif,8763,AF3,af3_woUnpaired,42972,4,284,woUnpaired,,False,casp17/massivefold_external_pool_intake/h2319_t333/extracted_models/H2319_all_pdbs/Model_8763_af3_woUnpaired_af3_seed_42972_sample_4_pred_284.cif,awaiting_extract,"MassiveFold model pool index only. It parses organizer-provided external model tarball listings and stages balanced extraction/rerank candidates. These models remain external rerank and accuracy-estimation inputs, not internal predictions, not CASP submissions, and not competitive-proof evidence."
7,H2319,H2319_T333,11148,H2319_all_pdbs/Model_7043_af3_woUnpaired_af3_seed_334586_sample_4_pred_634.cif,Model_7043_af3_woUnpaired_af3_seed_334586_sample_4_pred_634.cif,7043,AF3,af3_woUnpaired,334586,4,634,woUnpaired,,False,casp17/massivefold_external_pool_intake/h2319_t333/extracted_models/H2319_all_pdbs/Model_7043_af3_woUnpaired_af3_seed_334586_sample_4_pred_634.cif,awaiting_extract,"MassiveFold model pool index only. It parses organizer-provided external model tarball listings and stages balanced extraction/rerank candidates. These models remain external rerank and accuracy-estimation inputs, not internal predictions, not CASP submissions, and not competitive-proof evidence."
7,H2319,H2319_T333,11154,H2319_all_pdbs/Model_10288_af3_woUnpaired_af3_seed_714113_sample_3_pred_523.cif,Model_10288_af3_woUnpaired_af3_seed_714113_sample_3_pred_523.cif,10288,AF3,af3_woUnpaired,714113,3,523,woUnpaired,,False,casp17/massivefold_external_pool_intake/h2319_t333/extracted_models/H2319_all_pdbs/Model_10288_af3_woUnpaired_af3_seed_714113_sample_3_pred_523.cif,awaiting_extract,"MassiveFold model pool index only. It parses organizer-provided external model tarball listings and stages balanced extraction/rerank candidates. These models remain external rerank and accuracy-estimation inputs, not internal predictions, not CASP submissions, and not competitive-proof evidence."
7,H2319,H2319_T333,11160,H2319_all_pdbs/Model_8762_af3_woUnpaired_af3_seed_646838_sample_1_pred_231.cif,Model_8762_af3_woUnpaired_af3_seed_646838_sample_1_pred_231.cif,8762,AF3,af3_woUnpaired,646838,1,231,woUnpaired,,False,casp17/massivefold_external_pool_intake/h2319_t333/extracted_models/H2319_all_pdbs/Model_8762_af3_woUnpaired_af3_seed_646838_sample_1_pred_231.cif,awaiting_extract,"MassiveFold model pool index only. It parses organizer-provided external model tarball listings and stages balanced extraction/rerank candidates. These models remain external rerank and accuracy-estimation inputs, not internal predictions, not CASP submissions, and not competitive-proof evidence."
7,H2319,H2319_T333,11177,H2319_all_pdbs/Model_6908_af3_woUnpaired_af3_seed_466155_sample_0_pred_90.cif,Model_6908_af3_woUnpaired_af3_seed_466155_sample_0_pred_90.cif,6908,AF3,af3_woUnpaired,466155,0,90,woUnpaired,,False,casp17/massivefold_external_pool_intake/h2319_t333/extracted_models/H2319_all_pdbs/Model_6908_af3_woUnpaired_af3_seed_466155_sample_0_pred_90.cif,awaiting_extract,"MassiveFold model pool index only. It parses organizer-provided external model tarball listings and stages balanced extraction/rerank candidates. These models remain external rerank and accuracy-estimation inputs, not internal predictions, not CASP submissions, and not competitive-proof evidence."
7,H2319,H2319_T333,11179,H2319_all_pdbs/Model_7785_af3_woUnpaired_af3_seed_334601_sample_4_pred_709.cif,Model_7785_af3_woUnpaired_af3_seed_334601_sample_4_pred_709.cif,7785,AF3,af3_woUnpaired,334601,4,709,woUnpaired,,False,casp17/massivefold_external_pool_intake/h2319_t333/extracted_models/H2319_all_pdbs/Model_7785_af3_woUnpaired_af3_seed_334601_sample_4_pred_709.cif,awaiting_extract,"MassiveFold model pool index only. It parses organizer-provided external model tarball listings and stages balanced extraction/rerank candidates. These models remain external rerank and accuracy-estimation inputs, not internal predictions, not CASP submissions, and not competitive-proof evidence."
7,H2319,H2319_T333,11190,H2319_all_pdbs/Model_7699_af3_woUnpaired_af3_seed_646827_sample_2_pred_177.cif,Model_7699_af3_woUnpaired_af3_seed_646827_sample_2_pred_177.cif,7699,AF3,af3_woUnpaired,646827,2,177,woUnpaired,,False,casp17/massivefold_external_pool_intake/h2319_t333/extracted_models/H2319_all_pdbs/Model_7699_af3_woUnpaired_af3_seed_646827_sample_2_pred_177.cif,awaiting_extract,"MassiveFold model pool index only. It parses organizer-provided external model tarball listings and stages balanced extraction/rerank candidates. These models remain external rerank and accuracy-estimation inputs, not internal predictions, not CASP submissions, and not competitive-proof evidence."
7,H2319,H2319_T333,11195,H2319_all_pdbs/Model_6971_af3_woUnpaired_af3_seed_578580_sample_4_pred_979.cif,Model_6971_af3_woUnpaired_af3_seed_578580_sample_4_pred_979.cif,6971,AF3,af3_woUnpaired,578580,4,979,woUnpaired,,False,casp17/massivefold_external_pool_intake/h2319_t333/extracted_models/H2319_all_pdbs/Model_6971_af3_woUnpaired_af3_seed_578580_sample_4_pred_979.cif,awaiting_extract,"MassiveFold model pool index only. It parses organizer-provided external model tarball listings and stages balanced extraction/rerank candidates. These models remain external rerank and accuracy-estimation inputs, not internal predictions, not CASP submissions, and not competitive-proof evidence."
7,H2319,H2319_T333,11198,H2319_all_pdbs/Model_8838_af3_woUnpaired_af3_seed_334592_sample_2_pred_662.cif,Model_8838_af3_woUnpaired_af3_seed_334592_sample_2_pred_662.cif,8838,AF3,af3_woUnpaired,334592,2,662,woUnpaired,,False,casp17/massivefold_external_pool_intake/h2319_t333/extracted_models/H2319_all_pdbs/Model_8838_af3_woUnpaired_af3_seed_334592_sample_2_pred_662.cif,awaiting_extract,"MassiveFold model pool index only. It parses organizer-provided external model tarball listings and stages balanced extraction/rerank candidates. These models remain external rerank and accuracy-estimation inputs, not internal predictions, not CASP submissions, and not competitive-proof evidence."
7,H2319,H2319_T333,11227,H2319_all_pdbs/Model_8626_af3_woUnpaired_af3_seed_57454_sample_4_pred_874.cif,Model_8626_af3_woUnpaired_af3_seed_57454_sample_4_pred_874.cif,8626,AF3,af3_woUnpaired,57454,4,874,woUnpaired,,False,casp17/massivefold_external_pool_intake/h2319_t333/extracted_models/H2319_all_pdbs/Model_8626_af3_woUnpaired_af3_seed_57454_sample_4_pred_874.cif,awaiting_extract,"MassiveFold model pool index only. It parses organizer-provided external model tarball listings and stages balanced extraction/rerank candidates. These models remain external rerank and accuracy-estimation inputs, not internal predictions, not CASP submissions, and not competitive-proof evidence."
7,H2319,H2319_T333,11233,H2319_all_pdbs/Model_6945_af3_woUnpaired_af3_seed_42978_sample_3_pred_313.cif,Model_6945_af3_woUnpaired_af3_seed_42978_sample_3_pred_313.cif,6945,AF3,af3_woUnpaired,42978,3,313,woUnpaired,,False,casp17/massivefold_external_pool_intake/h2319_t333/extracted_models/H2319_all_pdbs/Model_6945_af3_woUnpaired_af3_seed_42978_sample_3_pred_313.cif,awaiting_extract,"MassiveFold model pool index only. It parses organizer-provided external model tarball listings and stages balanced extraction/rerank candidates. These models remain external rerank and accuracy-estimation inputs, not internal predictions, not CASP submissions, and not competitive-proof evidence."
7,H2319,H2319_T333,11234,H2319_all_pdbs/Model_6378_af3_woUnpaired_af3_seed_714131_sample_0_pred_610.cif,Model_6378_af3_woUnpaired_af3_seed_714131_sample_0_pred_610.cif,6378,AF3,af3_woUnpaired,714131,0,610,woUnpaired,,False,casp17/massivefold_external_pool_intake/h2319_t333/extracted_models/H2319_all_pdbs/Model_6378_af3_woUnpaired_af3_seed_714131_sample_0_pred_610.cif,awaiting_extract,"MassiveFold model pool index only. It parses organizer-provided external model tarball listings and stages balanced extraction/rerank candidates. These models remain external rerank and accuracy-estimation inputs, not internal predictions, not CASP submissions, and not competitive-proof evidence."
7,H2319,H2319_T333,11237,H2319_all_pdbs/Model_7016_af3_woUnpaired_af3_seed_466152_sample_4_pred_79.cif,Model_7016_af3_woUnpaired_af3_seed_466152_sample_4_pred_79.cif,7016,AF3,af3_woUnpaired,466152,4,79,woUnpaired,,False,casp17/massivefold_external_pool_intake/h2319_t333/extracted_models/H2319_all_pdbs/Model_7016_af3_woUnpaired_af3_seed_466152_sample_4_pred_79.cif,awaiting_extract,"MassiveFold model pool index only. It parses organizer-provided external model tarball listings and stages balanced extraction/rerank candidates. These models remain external rerank and accuracy-estimation inputs, not internal predictions, not CASP submissions, and not competitive-proof evidence."
7,H2319,H2319_T333,11242,H2319_all_pdbs/Model_7100_af3_woUnpaired_af3_seed_42973_sample_1_pred_286.cif,Model_7100_af3_woUnpaired_af3_seed_42973_sample_1_pred_286.cif,7100,AF3,af3_woUnpaired,42973,1,286,woUnpaired,,False,casp17/massivefold_external_pool_intake/h2319_t333/extracted_models/H2319_all_pdbs/Model_7100_af3_woUnpaired_af3_seed_42973_sample_1_pred_286.cif,awaiting_extract,"MassiveFold model pool index only. It parses organizer-provided external model tarball listings and stages balanced extraction/rerank candidates. These models remain external rerank and accuracy-estimation inputs, not internal predictions, not CASP submissions, and not competitive-proof evidence."
7,H2319,H2319_T333,11243,H2319_all_pdbs/Model_10900_af3_woUnpaired_af3_seed_42990_sample_0_pred_370.cif,Model_10900_af3_woUnpaired_af3_seed_42990_sample_0_pred_370.cif,10900,AF3,af3_woUnpaired,42990,0,370,woUnpaired,,False,casp17/massivefold_external_pool_intake/h2319_t333/extracted_models/H2319_all_pdbs/Model_10900_af3_woUnpaired_af3_seed_42990_sample_0_pred_370.cif,awaiting_extract,"MassiveFold model pool index only. It parses organizer-provided external model tarball listings and stages balanced extraction/rerank candidates. These models remain external rerank and accuracy-estimation inputs, not internal predictions, not CASP submissions, and not competitive-proof evidence."
7,H2319,H2319_T333,11246,H2319_all_pdbs/Model_5850_af3_woUnpaired_af3_seed_466155_sample_4_pred_94.cif,Model_5850_af3_woUnpaired_af3_seed_466155_sample_4_pred_94.cif,5850,AF3,af3_woUnpaired,466155,4,94,woUnpaired,107,True,casp17/massivefold_external_pool_intake/h2319_t333/extracted_models/H2319_all_pdbs/Model_5850_af3_woUnpaired_af3_seed_466155_sample_4_pred_94.cif,extracted,"MassiveFold model pool index only. It parses organizer-provided external model tarball listings and stages balanced extraction/rerank candidates. These models remain external rerank and accuracy-estimation inputs, not internal predictions, not CASP submissions, and not competitive-proof evidence."
7,H2319,H2319_T333,11257,H2319_all_pdbs/Model_10926_af3_woUnpaired_af3_seed_646823_sample_1_pred_156.cif,Model_10926_af3_woUnpaired_af3_seed_646823_sample_1_pred_156.cif,10926,AF3,af3_woUnpaired,646823,1,156,woUnpaired,,False,casp17/massivefold_external_pool_intake/h2319_t333/extracted_models/H2319_all_pdbs/Model_10926_af3_woUnpaired_af3_seed_646823_sample_1_pred_156.cif,awaiting_extract,"MassiveFold model pool index only. It parses organizer-provided external model tarball listings and stages balanced extraction/rerank candidates. These models remain external rerank and accuracy-estimation inputs, not internal predictions, not CASP submissions, and not competitive-proof evidence."
7,H2319,H2319_T333,11262,H2319_all_pdbs/Model_7076_af3_woUnpaired_af3_seed_466160_sample_4_pred_119.cif,Model_7076_af3_woUnpaired_af3_seed_466160_sample_4_pred_119.cif,7076,AF3,af3_woUnpaired,466160,4,119,woUnpaired,,False,casp17/massivefold_external_pool_intake/h2319_t333/extracted_models/H2319_all_pdbs/Model_7076_af3_woUnpaired_af3_seed_466160_sample_4_pred_119.cif,awaiting_extract,"MassiveFold model pool index only. It parses organizer-provided external model tarball listings and stages balanced extraction/rerank candidates. These models remain external rerank and accuracy-estimation inputs, not internal predictions, not CASP submissions, and not competitive-proof evidence."
7,H2319,H2319_T333,11281,H2319_all_pdbs/Model_8718_af3_woUnpaired_af3_seed_334598_sample_2_pred_692.cif,Model_8718_af3_woUnpaired_af3_seed_334598_sample_2_pred_692.cif,8718,AF3,af3_woUnpaired,334598,2,692,woUnpaired,,False,casp17/massivefold_external_pool_intake/h2319_t333/extracted_models/H2319_all_pdbs/Model_8718_af3_woUnpaired_af3_seed_334598_sample_2_pred_692.cif,awaiting_extract,"MassiveFold model pool index only. It parses organizer-provided external model tarball listings and stages balanced extraction/rerank candidates. These models remain external rerank and accuracy-estimation inputs, not internal predictions, not CASP submissions, and not competitive-proof evidence."
7,H2319,H2319_T333,11320,H2319_all_pdbs/Model_7739_af3_woUnpaired_af3_seed_578563_sample_2_pred_892.cif,Model_7739_af3_woUnpaired_af3_seed_578563_sample_2_pred_892.cif,7739,AF3,af3_woUnpaired,578563,2,892,woUnpaired,,False,casp17/massivefold_external_pool_intake/h2319_t333/extracted_models/H2319_all_pdbs/Model_7739_af3_woUnpaired_af3_seed_578563_sample_2_pred_892.cif,awaiting_extract,"MassiveFold model pool index only. It parses organizer-provided external model tarball listings and stages balanced extraction/rerank candidates. These models remain external rerank and accuracy-estimation inputs, not internal predictions, not CASP submissions, and not competitive-proof evidence."
7,H2319,H2319_T333,11321,H2319_all_pdbs/Model_10249_af3_woUnpaired_af3_seed_646829_sample_2_pred_187.cif,Model_10249_af3_woUnpaired_af3_seed_646829_sample_2_pred_187.cif,10249,AF3,af3_woUnpaired,646829,2,187,woUnpaired,,False,casp17/massivefold_external_pool_intake/h2319_t333/extracted_models/H2319_all_pdbs/Model_10249_af3_woUnpaired_af3_seed_646829_sample_2_pred_187.cif,awaiting_extract,"MassiveFold model pool index only. It parses organizer-provided external model tarball listings and stages balanced extraction/rerank candidates. These models remain external rerank and accuracy-estimation inputs, not internal predictions, not CASP submissions, and not competitive-proof evidence."
7,H2319,H2319_T333,11326,H2319_all_pdbs/Model_6380_af3_woUnpaired_af3_seed_578577_sample_3_pred_963.cif,Model_6380_af3_woUnpaired_af3_seed_578577_sample_3_pred_963.cif,6380,AF3,af3_woUnpaired,578577,3,963,woUnpaired,,False,casp17/massivefold_external_pool_intake/h2319_t333/extracted_models/H2319_all_pdbs/Model_6380_af3_woUnpaired_af3_seed_578577_sample_3_pred_963.cif,awaiting_extract,"MassiveFold model pool index only. It parses organizer-provided external model tarball listings and stages balanced extraction/rerank candidates. These models remain external rerank and accuracy-estimation inputs, not internal predictions, not CASP submissions, and not competitive-proof evidence."
7,H2319,H2319_T333,11331,H2319_all_pdbs/Model_7764_af3_woUnpaired_af3_seed_57434_sample_4_pred_774.cif,Model_7764_af3_woUnpaired_af3_seed_57434_sample_4_pred_774.cif,7764,AF3,af3_woUnpaired,57434,4,774,woUnpaired,,False,casp17/massivefold_external_pool_intake/h2319_t333/extracted_models/H2319_all_pdbs/Model_7764_af3_woUnpaired_af3_seed_57434_sample_4_pred_774.cif,awaiting_extract,"MassiveFold model pool index only. It parses organizer-provided external model tarball listings and stages balanced extraction/rerank candidates. These models remain external rerank and accuracy-estimation inputs, not internal predictions, not CASP submissions, and not competitive-proof evidence."
7,H2319,H2319_T333,11341,H2319_all_pdbs/Model_7772_af3_woUnpaired_af3_seed_334592_sample_4_pred_664.cif,Model_7772_af3_woUnpaired_af3_seed_334592_sample_4_pred_664.cif,7772,AF3,af3_woUnpaired,334592,4,664,woUnpaired,,False,casp17/massivefold_external_pool_intake/h2319_t333/extracted_models/H2319_all_pdbs/Model_7772_af3_woUnpaired_af3_seed_334592_sample_4_pred_664.cif,awaiting_extract,"MassiveFold model pool index only. It parses organizer-provided external model tarball listings and stages balanced extraction/rerank candidates. These models remain external rerank and accuracy-estimation inputs, not internal predictions, not CASP submissions, and not competitive-proof evidence."
7,H2319,H2319_T333,11347,H2319_all_pdbs/Model_8583_af3_woUnpaired_af3_seed_714129_sample_2_pred_602.cif,Model_8583_af3_woUnpaired_af3_seed_714129_sample_2_pred_602.cif,8583,AF3,af3_woUnpaired,714129,2,602,woUnpaired,,False,casp17/massivefold_external_pool_intake/h2319_t333/extracted_models/H2319_all_pdbs/Model_8583_af3_woUnpaired_af3_seed_714129_sample_2_pred_602.cif,awaiting_extract,"MassiveFold model pool index only. It parses organizer-provided external model tarball listings and stages balanced extraction/rerank candidates. These models remain external rerank and accuracy-estimation inputs, not internal predictions, not CASP submissions, and not competitive-proof evidence."
7,H2319,H2319_T333,11380,H2319_all_pdbs/Model_6173_af3_woUnpaired_af3_seed_466149_sample_0_pred_60.cif,Model_6173_af3_woUnpaired_af3_seed_466149_sample_0_pred_60.cif,6173,AF3,af3_woUnpaired,466149,0,60,woUnpaired,,False,casp17/massivefold_external_pool_intake/h2319_t333/extracted_models/H2319_all_pdbs/Model_6173_af3_woUnpaired_af3_seed_466149_sample_0_pred_60.cif,awaiting_extract,"MassiveFold model pool index only. It parses organizer-provided external model tarball listings and stages balanced extraction/rerank candidates. These models remain external rerank and accuracy-estimation inputs, not internal predictions, not CASP submissions, and not competitive-proof evidence."
7,H2319,H2319_T333,11381,H2319_all_pdbs/Model_6993_af3_woUnpaired_af3_seed_578575_sample_0_pred_950.cif,Model_6993_af3_woUnpaired_af3_seed_578575_sample_0_pred_950.cif,6993,AF3,af3_woUnpaired,578575,0,950,woUnpaired,,False,casp17/massivefold_external_pool_intake/h2319_t333/extracted_models/H2319_all_pdbs/Model_6993_af3_woUnpaired_af3_seed_578575_sample_0_pred_950.cif,awaiting_extract,"MassiveFold model pool index only. It parses organizer-provided external model tarball listings and stages balanced extraction/rerank candidates. These models remain external rerank and accuracy-estimation inputs, not internal predictions, not CASP submissions, and not competitive-proof evidence."
7,H2319,H2319_T333,11385,H2319_all_pdbs/Model_6942_af3_woUnpaired_af3_seed_714125_sample_0_pred_580.cif,Model_6942_af3_woUnpaired_af3_seed_714125_sample_0_pred_580.cif,6942,AF3,af3_woUnpaired,714125,0,580,woUnpaired,,False,casp17/massivefold_external_pool_intake/h2319_t333/extracted_models/H2319_all_pdbs/Model_6942_af3_woUnpaired_af3_seed_714125_sample_0_pred_580.cif,awaiting_extract,"MassiveFold model pool index only. It parses organizer-provided external model tarball listings and stages balanced extraction/rerank candidates. These models remain external rerank and accuracy-estimation inputs, not internal predictions, not CASP submissions, and not competitive-proof evidence."
7,H2319,H2319_T333,11400,H2319_all_pdbs/Model_6950_af3_woUnpaired_af3_seed_578573_sample_3_pred_943.cif,Model_6950_af3_woUnpaired_af3_seed_578573_sample_3_pred_943.cif,6950,AF3,af3_woUnpaired,578573,3,943,woUnpaired,,False,casp17/massivefold_external_pool_intake/h2319_t333/extracted_models/H2319_all_pdbs/Model_6950_af3_woUnpaired_af3_seed_578573_sample_3_pred_943.cif,awaiting_extract,"MassiveFold model pool index only. It parses organizer-provided external model tarball listings and stages balanced extraction/rerank candidates. These models remain external rerank and accuracy-estimation inputs, not internal predictions, not CASP submissions, and not competitive-proof evidence."
7,H2319,H2319_T333,11420,H2319_all_pdbs/Model_8740_af3_woUnpaired_af3_seed_787926_sample_0_pred_390.cif,Model_8740_af3_woUnpaired_af3_seed_787926_sample_0_pred_390.cif,8740,AF3,af3_woUnpaired,787926,0,390,woUnpaired,,False,casp17/massivefold_external_pool_intake/h2319_t333/extracted_models/H2319_all_pdbs/Model_8740_af3_woUnpaired_af3_seed_787926_sample_0_pred_390.cif,awaiting_extract,"MassiveFold model pool index only. It parses organizer-provided external model tarball listings and stages balanced extraction/rerank candidates. These models remain external rerank and accuracy-estimation inputs, not internal predictions, not CASP submissions, and not competitive-proof evidence."
7,H2319,H2319_T333,11444,H2319_all_pdbs/Model_10271_af3_woUnpaired_af3_seed_787935_sample_2_pred_437.cif,Model_10271_af3_woUnpaired_af3_seed_787935_sample_2_pred_437.cif,10271,AF3,af3_woUnpaired,787935,2,437,woUnpaired,,False,casp17/massivefold_external_pool_intake/h2319_t333/extracted_models/H2319_all_pdbs/Model_10271_af3_woUnpaired_af3_seed_787935_sample_2_pred_437.cif,awaiting_extract,"MassiveFold model pool index only. It parses organizer-provided external model tarball listings and stages balanced extraction/rerank candidates. These models remain external rerank and accuracy-estimation inputs, not internal predictions, not CASP submissions, and not competitive-proof evidence."
7,H2319,H2319_T333,11446,H2319_all_pdbs/Model_10985_af3_woUnpaired_af3_seed_646826_sample_3_pred_173.cif,Model_10985_af3_woUnpaired_af3_seed_646826_sample_3_pred_173.cif,10985,AF3,af3_woUnpaired,646826,3,173,woUnpaired,,False,casp17/massivefold_external_pool_intake/h2319_t333/extracted_models/H2319_all_pdbs/Model_10985_af3_woUnpaired_af3_seed_646826_sample_3_pred_173.cif,awaiting_extract,"MassiveFold model pool index only. It parses organizer-provided external model tarball listings and stages balanced extraction/rerank candidates. These models remain external rerank and accuracy-estimation inputs, not internal predictions, not CASP submissions, and not competitive-proof evidence."
7,H2319,H2319_T333,11459,H2319_all_pdbs/Model_8655_af3_woUnpaired_af3_seed_787933_sample_1_pred_426.cif,Model_8655_af3_woUnpaired_af3_seed_787933_sample_1_pred_426.cif,8655,AF3,af3_woUnpaired,787933,1,426,woUnpaired,,False,casp17/massivefold_external_pool_intake/h2319_t333/extracted_models/H2319_all_pdbs/Model_8655_af3_woUnpaired_af3_seed_787933_sample_1_pred_426.cif,awaiting_extract,"MassiveFold model pool index only. It parses organizer-provided external model tarball listings and stages balanced extraction/rerank candidates. These models remain external rerank and accuracy-estimation inputs, not internal predictions, not CASP submissions, and not competitive-proof evidence."
7,H2319,H2319_T333,11460,H2319_all_pdbs/Model_7783_af3_woUnpaired_af3_seed_334587_sample_0_pred_635.cif,Model_7783_af3_woUnpaired_af3_seed_334587_sample_0_pred_635.cif,7783,AF3,af3_woUnpaired,334587,0,635,woUnpaired,,False,casp17/massivefold_external_pool_intake/h2319_t333/extracted_models/H2319_all_pdbs/Model_7783_af3_woUnpaired_af3_seed_334587_sample_0_pred_635.cif,awaiting_extract,"MassiveFold model pool index only. It parses organizer-provided external model tarball listings and stages balanced extraction/rerank candidates. These models remain external rerank and accuracy-estimation inputs, not internal predictions, not CASP submissions, and not competitive-proof evidence."
7,H2319,H2319_T333,11461,H2319_all_pdbs/Model_6370_af3_woUnpaired_af3_seed_57452_sample_2_pred_862.cif,Model_6370_af3_woUnpaired_af3_seed_57452_sample_2_pred_862.cif,6370,AF3,af3_woUnpaired,57452,2,862,woUnpaired,,False,casp17/massivefold_external_pool_intake/h2319_t333/extracted_models/H2319_all_pdbs/Model_6370_af3_woUnpaired_af3_seed_57452_sample_2_pred_862.cif,awaiting_extract,"MassiveFold model pool index only. It parses organizer-provided external model tarball listings and stages balanced extraction/rerank candidates. These models remain external rerank and accuracy-estimation inputs, not internal predictions, not CASP submissions, and not competitive-proof evidence."
7,H2319,H2319_T333,11492,H2319_all_pdbs/Model_10991_af3_woUnpaired_af3_seed_57441_sample_3_pred_808.cif,Model_10991_af3_woUnpaired_af3_seed_57441_sample_3_pred_808.cif,10991,AF3,af3_woUnpaired,57441,3,808,woUnpaired,,False,casp17/massivefold_external_pool_intake/h2319_t333/extracted_models/H2319_all_pdbs/Model_10991_af3_woUnpaired_af3_seed_57441_sample_3_pred_808.cif,awaiting_extract,"MassiveFold model pool index only. It parses organizer-provided external model tarball listings and stages balanced extraction/rerank candidates. These models remain external rerank and accuracy-estimation inputs, not internal predictions, not CASP submissions, and not competitive-proof evidence."
7,H2319,H2319_T333,11499,H2319_all_pdbs/Model_6371_af3_woUnpaired_af3_seed_787946_sample_0_pred_490.cif,Model_6371_af3_woUnpaired_af3_seed_787946_sample_0_pred_490.cif,6371,AF3,af3_woUnpaired,787946,0,490,woUnpaired,,False,casp17/massivefold_external_pool_intake/h2319_t333/extracted_models/H2319_all_pdbs/Model_6371_af3_woUnpaired_af3_seed_787946_sample_0_pred_490.cif,awaiting_extract,"MassiveFold model pool index only. It parses organizer-provided external model tarball listings and stages balanced extraction/rerank candidates. These models remain external rerank and accuracy-estimation inputs, not internal predictions, not CASP submissions, and not competitive-proof evidence."
7,H2319,H2319_T333,11550,H2319_all_pdbs/Model_8867_af3_woUnpaired_af3_seed_646833_sample_0_pred_205.cif,Model_8867_af3_woUnpaired_af3_seed_646833_sample_0_pred_205.cif,8867,AF3,af3_woUnpaired,646833,0,205,woUnpaired,,False,casp17/massivefold_external_pool_intake/h2319_t333/extracted_models/H2319_all_pdbs/Model_8867_af3_woUnpaired_af3_seed_646833_sample_0_pred_205.cif,awaiting_extract,"MassiveFold model pool index only. It parses organizer-provided external model tarball listings and stages balanced extraction/rerank candidates. These models remain external rerank and accuracy-estimation inputs, not internal predictions, not CASP submissions, and not competitive-proof evidence."
7,H2319,H2319_T333,11553,H2319_all_pdbs/Model_10915_af3_woUnpaired_af3_seed_57446_sample_1_pred_831.cif,Model_10915_af3_woUnpaired_af3_seed_57446_sample_1_pred_831.cif,10915,AF3,af3_woUnpaired,57446,1,831,woUnpaired,,False,casp17/massivefold_external_pool_intake/h2319_t333/extracted_models/H2319_all_pdbs/Model_10915_af3_woUnpaired_af3_seed_57446_sample_1_pred_831.cif,awaiting_extract,"MassiveFold model pool index only. It parses organizer-provided external model tarball listings and stages balanced extraction/rerank candidates. These models remain external rerank and accuracy-estimation inputs, not internal predictions, not CASP submissions, and not competitive-proof evidence."
7,H2319,H2319_T333,11555,H2319_all_pdbs/Model_6373_af3_woUnpaired_af3_seed_466149_sample_2_pred_62.cif,Model_6373_af3_woUnpaired_af3_seed_466149_sample_2_pred_62.cif,6373,AF3,af3_woUnpaired,466149,2,62,woUnpaired,,False,casp17/massivefold_external_pool_intake/h2319_t333/extracted_models/H2319_all_pdbs/Model_6373_af3_woUnpaired_af3_seed_466149_sample_2_pred_62.cif,awaiting_extract,"MassiveFold model pool index only. It parses organizer-provided external model tarball listings and stages balanced extraction/rerank candidates. These models remain external rerank and accuracy-estimation inputs, not internal predictions, not CASP submissions, and not competitive-proof evidence."
7,H2319,H2319_T333,11565,H2319_all_pdbs/Model_8661_af3_woUnpaired_af3_seed_714115_sample_4_pred_534.cif,Model_8661_af3_woUnpaired_af3_seed_714115_sample_4_pred_534.cif,8661,AF3,af3_woUnpaired,714115,4,534,woUnpaired,,False,casp17/massivefold_external_pool_intake/h2319_t333/extracted_models/H2319_all_pdbs/Model_8661_af3_woUnpaired_af3_seed_714115_sample_4_pred_534.cif,awaiting_extract,"MassiveFold model pool index only. It parses organizer-provided external model tarball listings and stages balanced extraction/rerank candidates. These models remain external rerank and accuracy-estimation inputs, not internal predictions, not CASP submissions, and not competitive-proof evidence."
7,H2319,H2319_T333,11566,H2319_all_pdbs/Model_7018_af3_woUnpaired_af3_seed_714128_sample_2_pred_597.cif,Model_7018_af3_woUnpaired_af3_seed_714128_sample_2_pred_597.cif,7018,AF3,af3_woUnpaired,714128,2,597,woUnpaired,,False,casp17/massivefold_external_pool_intake/h2319_t333/extracted_models/H2319_all_pdbs/Model_7018_af3_woUnpaired_af3_seed_714128_sample_2_pred_597.cif,awaiting_extract,"MassiveFold model pool index only. It parses organizer-provided external model tarball listings and stages balanced extraction/rerank candidates. These models remain external rerank and accuracy-estimation inputs, not internal predictions, not CASP submissions, and not competitive-proof evidence."
7,H2319,H2319_T333,11568,H2319_all_pdbs/Model_8665_af3_woUnpaired_af3_seed_714119_sample_1_pred_551.cif,Model_8665_af3_woUnpaired_af3_seed_714119_sample_1_pred_551.cif,8665,AF3,af3_woUnpaired,714119,1,551,woUnpaired,,False,casp17/massivefold_external_pool_intake/h2319_t333/extracted_models/H2319_all_pdbs/Model_8665_af3_woUnpaired_af3_seed_714119_sample_1_pred_551.cif,awaiting_extract,"MassiveFold model pool index only. It parses organizer-provided external model tarball listings and stages balanced extraction/rerank candidates. These models remain external rerank and accuracy-estimation inputs, not internal predictions, not CASP submissions, and not competitive-proof evidence."
7,H2319,H2319_T333,11586,H2319_all_pdbs/Model_8825_af3_woUnpaired_af3_seed_334588_sample_2_pred_642.cif,Model_8825_af3_woUnpaired_af3_seed_334588_sample_2_pred_642.cif,8825,AF3,af3_woUnpaired,334588,2,642,woUnpaired,,False,casp17/massivefold_external_pool_intake/h2319_t333/extracted_models/H2319_all_pdbs/Model_8825_af3_woUnpaired_af3_seed_334588_sample_2_pred_642.cif,awaiting_extract,"MassiveFold model pool index only. It parses organizer-provided external model tarball listings and stages balanced extraction/rerank candidates. These models remain external rerank and accuracy-estimation inputs, not internal predictions, not CASP submissions, and not competitive-proof evidence."
7,H2319,H2319_T333,11588,H2319_all_pdbs/Model_8684_af3_woUnpaired_af3_seed_466154_sample_3_pred_88.cif,Model_8684_af3_woUnpaired_af3_seed_466154_sample_3_pred_88.cif,8684,AF3,af3_woUnpaired,466154,3,88,woUnpaired,,False,casp17/massivefold_external_pool_intake/h2319_t333/extracted_models/H2319_all_pdbs/Model_8684_af3_woUnpaired_af3_seed_466154_sample_3_pred_88.cif,awaiting_extract,"MassiveFold model pool index only. It parses organizer-provided external model tarball listings and stages balanced extraction/rerank candidates. These models remain external rerank and accuracy-estimation inputs, not internal predictions, not CASP submissions, and not competitive-proof evidence."
7,H2319,H2319_T333,11594,H2319_all_pdbs/Model_11004_af3_woUnpaired_af3_seed_646837_sample_3_pred_228.cif,Model_11004_af3_woUnpaired_af3_seed_646837_sample_3_pred_228.cif,11004,AF3,af3_woUnpaired,646837,3,228,woUnpaired,,False,casp17/massivefold_external_pool_intake/h2319_t333/extracted_models/H2319_all_pdbs/Model_11004_af3_woUnpaired_af3_seed_646837_sample_3_pred_228.cif,awaiting_extract,"MassiveFold model pool index only. It parses organizer-provided external model tarball listings and stages balanced extraction/rerank candidates. These models remain external rerank and accuracy-estimation inputs, not internal predictions, not CASP submissions, and not competitive-proof evidence."
7,H2319,H2319_T333,11616,H2319_all_pdbs/Model_6949_af3_woUnpaired_af3_seed_787944_sample_4_pred_484.cif,Model_6949_af3_woUnpaired_af3_seed_787944_sample_4_pred_484.cif,6949,AF3,af3_woUnpaired,787944,4,484,woUnpaired,,False,casp17/massivefold_external_pool_intake/h2319_t333/extracted_models/H2319_all_pdbs/Model_6949_af3_woUnpaired_af3_seed_787944_sample_4_pred_484.cif,awaiting_extract,"MassiveFold model pool index only. It parses organizer-provided external model tarball listings and stages balanced extraction/rerank candidates. These models remain external rerank and accuracy-estimation inputs, not internal predictions, not CASP submissions, and not competitive-proof evidence."
7,H2319,H2319_T333,11651,H2319_all_pdbs/Model_10976_af3_woUnpaired_af3_seed_578582_sample_3_pred_988.cif,Model_10976_af3_woUnpaired_af3_seed_578582_sample_3_pred_988.cif,10976,AF3,af3_woUnpaired,578582,3,988,woUnpaired,,False,casp17/massivefold_external_pool_intake/h2319_t333/extracted_models/H2319_all_pdbs/Model_10976_af3_woUnpaired_af3_seed_578582_sample_3_pred_988.cif,awaiting_extract,"MassiveFold model pool index only. It parses organizer-provided external model tarball listings and stages balanced extraction/rerank candidates. These models remain external rerank and accuracy-estimation inputs, not internal predictions, not CASP submissions, and not competitive-proof evidence."
7,H2319,H2319_T333,11670,H2319_all_pdbs/Model_7786_af3_woUnpaired_af3_seed_334601_sample_1_pred_706.cif,Model_7786_af3_woUnpaired_af3_seed_334601_sample_1_pred_706.cif,7786,AF3,af3_woUnpaired,334601,1,706,woUnpaired,,False,casp17/massivefold_external_pool_intake/h2319_t333/extracted_models/H2319_all_pdbs/Model_7786_af3_woUnpaired_af3_seed_334601_sample_1_pred_706.cif,awaiting_extract,"MassiveFold model pool index only. It parses organizer-provided external model tarball listings and stages balanced extraction/rerank candidates. These models remain external rerank and accuracy-estimation inputs, not internal predictions, not CASP submissions, and not competitive-proof evidence."
7,H2319,H2319_T333,11683,H2319_all_pdbs/Model_6901_af3_woUnpaired_af3_seed_578574_sample_4_pred_949.cif,Model_6901_af3_woUnpaired_af3_seed_578574_sample_4_pred_949.cif,6901,AF3,af3_woUnpaired,578574,4,949,woUnpaired,,False,casp17/massivefold_external_pool_intake/h2319_t333/extracted_models/H2319_all_pdbs/Model_6901_af3_woUnpaired_af3_seed_578574_sample_4_pred_949.cif,awaiting_extract,"MassiveFold model pool index only. It parses organizer-provided external model tarball listings and stages balanced extraction/rerank candidates. These models remain external rerank and accuracy-estimation inputs, not internal predictions, not CASP submissions, and not competitive-proof evidence."
7,H2319,H2319_T333,11702,H2319_all_pdbs/Model_7004_af3_woUnpaired_af3_seed_334590_sample_0_pred_650.cif,Model_7004_af3_woUnpaired_af3_seed_334590_sample_0_pred_650.cif,7004,AF3,af3_woUnpaired,334590,0,650,woUnpaired,,False,casp17/massivefold_external_pool_intake/h2319_t333/extracted_models/H2319_all_pdbs/Model_7004_af3_woUnpaired_af3_seed_334590_sample_0_pred_650.cif,awaiting_extract,"MassiveFold model pool index only. It parses organizer-provided external model tarball listings and stages balanced extraction/rerank candidates. These models remain external rerank and accuracy-estimation inputs, not internal predictions, not CASP submissions, and not competitive-proof evidence."
7,H2319,H2319_T333,11703,H2319_all_pdbs/Model_8698_af3_woUnpaired_af3_seed_578581_sample_4_pred_984.cif,Model_8698_af3_woUnpaired_af3_seed_578581_sample_4_pred_984.cif,8698,AF3,af3_woUnpaired,578581,4,984,woUnpaired,,False,casp17/massivefold_external_pool_intake/h2319_t333/extracted_models/H2319_all_pdbs/Model_8698_af3_woUnpaired_af3_seed_578581_sample_4_pred_984.cif,awaiting_extract,"MassiveFold model pool index only. It parses organizer-provided external model tarball listings and stages balanced extraction/rerank candidates. These models remain external rerank and accuracy-estimation inputs, not internal predictions, not CASP submissions, and not competitive-proof evidence."
7,H2319,H2319_T333,11707,H2319_all_pdbs/Model_8939_af3_woUnpaired_af3_seed_578572_sample_1_pred_936.cif,Model_8939_af3_woUnpaired_af3_seed_578572_sample_1_pred_936.cif,8939,AF3,af3_woUnpaired,578572,1,936,woUnpaired,,False,casp17/massivefold_external_pool_intake/h2319_t333/extracted_models/H2319_all_pdbs/Model_8939_af3_woUnpaired_af3_seed_578572_sample_1_pred_936.cif,awaiting_extract,"MassiveFold model pool index only. It parses organizer-provided external model tarball listings and stages balanced extraction/rerank candidates. These models remain external rerank and accuracy-estimation inputs, not internal predictions, not CASP submissions, and not competitive-proof evidence."
7,H2319,H2319_T333,11716,H2319_all_pdbs/Model_6888_af3_woUnpaired_af3_seed_787930_sample_3_pred_413.cif,Model_6888_af3_woUnpaired_af3_seed_787930_sample_3_pred_413.cif,6888,AF3,af3_woUnpaired,787930,3,413,woUnpaired,,False,casp17/massivefold_external_pool_intake/h2319_t333/extracted_models/H2319_all_pdbs/Model_6888_af3_woUnpaired_af3_seed_787930_sample_3_pred_413.cif,awaiting_extract,"MassiveFold model pool index only. It parses organizer-provided external model tarball listings and stages balanced extraction/rerank candidates. These models remain external rerank and accuracy-estimation inputs, not internal predictions, not CASP submissions, and not competitive-proof evidence."
7,H2319,H2319_T333,11731,H2319_all_pdbs/Model_8614_af3_woUnpaired_af3_seed_646839_sample_3_pred_238.cif,Model_8614_af3_woUnpaired_af3_seed_646839_sample_3_pred_238.cif,8614,AF3,af3_woUnpaired,646839,3,238,woUnpaired,,False,casp17/massivefold_external_pool_intake/h2319_t333/extracted_models/H2319_all_pdbs/Model_8614_af3_woUnpaired_af3_seed_646839_sample_3_pred_238.cif,awaiting_extract,"MassiveFold model pool index only. It parses organizer-provided external model tarball listings and stages balanced extraction/rerank candidates. These models remain external rerank and accuracy-estimation inputs, not internal predictions, not CASP submissions, and not competitive-proof evidence."
7,H2319,H2319_T333,11746,H2319_all_pdbs/Model_6996_af3_woUnpaired_af3_seed_646817_sample_1_pred_126.cif,Model_6996_af3_woUnpaired_af3_seed_646817_sample_1_pred_126.cif,6996,AF3,af3_woUnpaired,646817,1,126,woUnpaired,,False,casp17/massivefold_external_pool_intake/h2319_t333/extracted_models/H2319_all_pdbs/Model_6996_af3_woUnpaired_af3_seed_646817_sample_1_pred_126.cif,awaiting_extract,"MassiveFold model pool index only. It parses organizer-provided external model tarball listings and stages balanced extraction/rerank candidates. These models remain external rerank and accuracy-estimation inputs, not internal predictions, not CASP submissions, and not competitive-proof evidence."
7,H2319,H2319_T333,11793,H2319_all_pdbs/Model_6960_af3_woUnpaired_af3_seed_466150_sample_3_pred_68.cif,Model_6960_af3_woUnpaired_af3_seed_466150_sample_3_pred_68.cif,6960,AF3,af3_woUnpaired,466150,3,68,woUnpaired,,False,casp17/massivefold_external_pool_intake/h2319_t333/extracted_models/H2319_all_pdbs/Model_6960_af3_woUnpaired_af3_seed_466150_sample_3_pred_68.cif,awaiting_extract,"MassiveFold model pool index only. It parses organizer-provided external model tarball listings and stages balanced extraction/rerank candidates. These models remain external rerank and accuracy-estimation inputs, not internal predictions, not CASP submissions, and not competitive-proof evidence."
7,H2319,H2319_T333,11818,H2319_all_pdbs/Model_10902_af3_woUnpaired_af3_seed_334589_sample_2_pred_647.cif,Model_10902_af3_woUnpaired_af3_seed_334589_sample_2_pred_647.cif,10902,AF3,af3_woUnpaired,334589,2,647,woUnpaired,,False,casp17/massivefold_external_pool_intake/h2319_t333/extracted_models/H2319_all_pdbs/Model_10902_af3_woUnpaired_af3_seed_334589_sample_2_pred_647.cif,awaiting_extract,"MassiveFold model pool index only. It parses organizer-provided external model tarball listings and stages balanced extraction/rerank candidates. These models remain external rerank and accuracy-estimation inputs, not internal predictions, not CASP submissions, and not competitive-proof evidence."
7,H2319,H2319_T333,11835,H2319_all_pdbs/Model_6139_af3_woUnpaired_af3_seed_334585_sample_1_pred_626.cif,Model_6139_af3_woUnpaired_af3_seed_334585_sample_1_pred_626.cif,6139,AF3,af3_woUnpaired,334585,1,626,woUnpaired,,False,casp17/massivefold_external_pool_intake/h2319_t333/extracted_models/H2319_all_pdbs/Model_6139_af3_woUnpaired_af3_seed_334585_sample_1_pred_626.cif,awaiting_extract,"MassiveFold model pool index only. It parses organizer-provided external model tarball listings and stages balanced extraction/rerank candidates. These models remain external rerank and accuracy-estimation inputs, not internal predictions, not CASP submissions, and not competitive-proof evidence."
7,H2319,H2319_T333,11837,H2319_all_pdbs/Model_7083_af3_woUnpaired_af3_seed_787936_sample_3_pred_443.cif,Model_7083_af3_woUnpaired_af3_seed_787936_sample_3_pred_443.cif,7083,AF3,af3_woUnpaired,787936,3,443,woUnpaired,,False,casp17/massivefold_external_pool_intake/h2319_t333/extracted_models/H2319_all_pdbs/Model_7083_af3_woUnpaired_af3_seed_787936_sample_3_pred_443.cif,awaiting_extract,"MassiveFold model pool index only. It parses organizer-provided external model tarball listings and stages balanced extraction/rerank candidates. These models remain external rerank and accuracy-estimation inputs, not internal predictions, not CASP submissions, and not competitive-proof evidence."
7,H2319,H2319_T333,11857,H2319_all_pdbs/Model_8599_af3_woUnpaired_af3_seed_57444_sample_3_pred_823.cif,Model_8599_af3_woUnpaired_af3_seed_57444_sample_3_pred_823.cif,8599,AF3,af3_woUnpaired,57444,3,823,woUnpaired,,False,casp17/massivefold_external_pool_intake/h2319_t333/extracted_models/H2319_all_pdbs/Model_8599_af3_woUnpaired_af3_seed_57444_sample_3_pred_823.cif,awaiting_extract,"MassiveFold model pool index only. It parses organizer-provided external model tarball listings and stages balanced extraction/rerank candidates. These models remain external rerank and accuracy-estimation inputs, not internal predictions, not CASP submissions, and not competitive-proof evidence."
7,H2319,H2319_T333,11858,H2319_all_pdbs/Model_8653_af3_woUnpaired_af3_seed_714119_sample_0_pred_550.cif,Model_8653_af3_woUnpaired_af3_seed_714119_sample_0_pred_550.cif,8653,AF3,af3_woUnpaired,714119,0,550,woUnpaired,,False,casp17/massivefold_external_pool_intake/h2319_t333/extracted_models/H2319_all_pdbs/Model_8653_af3_woUnpaired_af3_seed_714119_sample_0_pred_550.cif,awaiting_extract,"MassiveFold model pool index only. It parses organizer-provided external model tarball listings and stages balanced extraction/rerank candidates. These models remain external rerank and accuracy-estimation inputs, not internal predictions, not CASP submissions, and not competitive-proof evidence."
7,H2319,H2319_T333,11866,H2319_all_pdbs/Model_8667_af3_woUnpaired_af3_seed_787942_sample_2_pred_472.cif,Model_8667_af3_woUnpaired_af3_seed_787942_sample_2_pred_472.cif,8667,AF3,af3_woUnpaired,787942,2,472,woUnpaired,,False,casp17/massivefold_external_pool_intake/h2319_t333/extracted_models/H2319_all_pdbs/Model_8667_af3_woUnpaired_af3_seed_787942_sample_2_pred_472.cif,awaiting_extract,"MassiveFold model pool index only. It parses organizer-provided external model tarball listings and stages balanced extraction/rerank candidates. These models remain external rerank and accuracy-estimation inputs, not internal predictions, not CASP submissions, and not competitive-proof evidence."
7,H2319,H2319_T333,11894,H2319_all_pdbs/Model_7740_af3_woUnpaired_af3_seed_787927_sample_2_pred_397.cif,Model_7740_af3_woUnpaired_af3_seed_787927_sample_2_pred_397.cif,7740,AF3,af3_woUnpaired,787927,2,397,woUnpaired,,False,casp17/massivefold_external_pool_intake/h2319_t333/extracted_models/H2319_all_pdbs/Model_7740_af3_woUnpaired_af3_seed_787927_sample_2_pred_397.cif,awaiting_extract,"MassiveFold model pool index only. It parses organizer-provided external model tarball listings and stages balanced extraction/rerank candidates. These models remain external rerank and accuracy-estimation inputs, not internal predictions, not CASP submissions, and not competitive-proof evidence."
7,H2319,H2319_T333,11895,H2319_all_pdbs/Model_8758_af3_woUnpaired_af3_seed_42984_sample_0_pred_340.cif,Model_8758_af3_woUnpaired_af3_seed_42984_sample_0_pred_340.cif,8758,AF3,af3_woUnpaired,42984,0,340,woUnpaired,,False,casp17/massivefold_external_pool_intake/h2319_t333/extracted_models/H2319_all_pdbs/Model_8758_af3_woUnpaired_af3_seed_42984_sample_0_pred_340.cif,awaiting_extract,"MassiveFold model pool index only. It parses organizer-provided external model tarball listings and stages balanced extraction/rerank candidates. These models remain external rerank and accuracy-estimation inputs, not internal predictions, not CASP submissions, and not competitive-proof evidence."
7,H2319,H2319_T333,11922,H2319_all_pdbs/Model_8715_af3_woUnpaired_af3_seed_334587_sample_1_pred_636.cif,Model_8715_af3_woUnpaired_af3_seed_334587_sample_1_pred_636.cif,8715,AF3,af3_woUnpaired,334587,1,636,woUnpaired,,False,casp17/massivefold_external_pool_intake/h2319_t333/extracted_models/H2319_all_pdbs/Model_8715_af3_woUnpaired_af3_seed_334587_sample_1_pred_636.cif,awaiting_extract,"MassiveFold model pool index only. It parses organizer-provided external model tarball listings and stages balanced extraction/rerank candidates. These models remain external rerank and accuracy-estimation inputs, not internal predictions, not CASP submissions, and not competitive-proof evidence."
7,H2319,H2319_T333,11924,H2319_all_pdbs/Model_7025_af3_woUnpaired_af3_seed_578560_sample_2_pred_877.cif,Model_7025_af3_woUnpaired_af3_seed_578560_sample_2_pred_877.cif,7025,AF3,af3_woUnpaired,578560,2,877,woUnpaired,,False,casp17/massivefold_external_pool_intake/h2319_t333/extracted_models/H2319_all_pdbs/Model_7025_af3_woUnpaired_af3_seed_578560_sample_2_pred_877.cif,awaiting_extract,"MassiveFold model pool index only. It parses organizer-provided external model tarball listings and stages balanced extraction/rerank candidates. These models remain external rerank and accuracy-estimation inputs, not internal predictions, not CASP submissions, and not competitive-proof evidence."
7,H2319,H2319_T333,11930,H2319_all_pdbs/Model_8693_af3_woUnpaired_af3_seed_57435_sample_4_pred_779.cif,Model_8693_af3_woUnpaired_af3_seed_57435_sample_4_pred_779.cif,8693,AF3,af3_woUnpaired,57435,4,779,woUnpaired,,False,casp17/massivefold_external_pool_intake/h2319_t333/extracted_models/H2319_all_pdbs/Model_8693_af3_woUnpaired_af3_seed_57435_sample_4_pred_779.cif,awaiting_extract,"MassiveFold model pool index only. It parses organizer-provided external model tarball listings and stages balanced extraction/rerank candidates. These models remain external rerank and accuracy-estimation inputs, not internal predictions, not CASP submissions, and not competitive-proof evidence."
7,H2319,H2319_T333,11931,H2319_all_pdbs/Model_10923_af3_woUnpaired_af3_seed_42982_sample_1_pred_331.cif,Model_10923_af3_woUnpaired_af3_seed_42982_sample_1_pred_331.cif,10923,AF3,af3_woUnpaired,42982,1,331,woUnpaired,,False,casp17/massivefold_external_pool_intake/h2319_t333/extracted_models/H2319_all_pdbs/Model_10923_af3_woUnpaired_af3_seed_42982_sample_1_pred_331.cif,awaiting_extract,"MassiveFold model pool index only. It parses organizer-provided external model tarball listings and stages balanced extraction/rerank candidates. These models remain external rerank and accuracy-estimation inputs, not internal predictions, not CASP submissions, and not competitive-proof evidence."
7,H2319,H2319_T333,11950,H2319_all_pdbs/Model_6396_af3_woUnpaired_af3_seed_578563_sample_1_pred_891.cif,Model_6396_af3_woUnpaired_af3_seed_578563_sample_1_pred_891.cif,6396,AF3,af3_woUnpaired,578563,1,891,woUnpaired,,False,casp17/massivefold_external_pool_intake/h2319_t333/extracted_models/H2319_all_pdbs/Model_6396_af3_woUnpaired_af3_seed_578563_sample_1_pred_891.cif,awaiting_extract,"MassiveFold model pool index only. It parses organizer-provided external model tarball listings and stages balanced extraction/rerank candidates. These models remain external rerank and accuracy-estimation inputs, not internal predictions, not CASP submissions, and not competitive-proof evidence."
7,H2319,H2319_T333,11962,H2319_all_pdbs/Model_10255_af3_woUnpaired_af3_seed_578560_sample_4_pred_879.cif,Model_10255_af3_woUnpaired_af3_seed_578560_sample_4_pred_879.cif,10255,AF3,af3_woUnpaired,578560,4,879,woUnpaired,,False,casp17/massivefold_external_pool_intake/h2319_t333/extracted_models/H2319_all_pdbs/Model_10255_af3_woUnpaired_af3_seed_578560_sample_4_pred_879.cif,awaiting_extract,"MassiveFold model pool index only. It parses organizer-provided external model tarball listings and stages balanced extraction/rerank candidates. These models remain external rerank and accuracy-estimation inputs, not internal predictions, not CASP submissions, and not competitive-proof evidence."
7,H2319,H2319_T333,11964,H2319_all_pdbs/Model_8726_af3_woUnpaired_af3_seed_42979_sample_1_pred_316.cif,Model_8726_af3_woUnpaired_af3_seed_42979_sample_1_pred_316.cif,8726,AF3,af3_woUnpaired,42979,1,316,woUnpaired,,False,casp17/massivefold_external_pool_intake/h2319_t333/extracted_models/H2319_all_pdbs/Model_8726_af3_woUnpaired_af3_seed_42979_sample_1_pred_316.cif,awaiting_extract,"MassiveFold model pool index only. It parses organizer-provided external model tarball listings and stages balanced extraction/rerank candidates. These models remain external rerank and accuracy-estimation inputs, not internal predictions, not CASP submissions, and not competitive-proof evidence."
7,H2319,H2319_T333,11968,H2319_all_pdbs/Model_8774_af3_woUnpaired_af3_seed_787939_sample_0_pred_455.cif,Model_8774_af3_woUnpaired_af3_seed_787939_sample_0_pred_455.cif,8774,AF3,af3_woUnpaired,787939,0,455,woUnpaired,,False,casp17/massivefold_external_pool_intake/h2319_t333/extracted_models/H2319_all_pdbs/Model_8774_af3_woUnpaired_af3_seed_787939_sample_0_pred_455.cif,awaiting_extract,"MassiveFold model pool index only. It parses organizer-provided external model tarball listings and stages balanced extraction/rerank candidates. These models remain external rerank and accuracy-estimation inputs, not internal predictions, not CASP submissions, and not competitive-proof evidence."
7,H2319,H2319_T333,11980,H2319_all_pdbs/Model_7730_af3_woUnpaired_af3_seed_714131_sample_4_pred_614.cif,Model_7730_af3_woUnpaired_af3_seed_714131_sample_4_pred_614.cif,7730,AF3,af3_woUnpaired,714131,4,614,woUnpaired,,False,casp17/massivefold_external_pool_intake/h2319_t333/extracted_models/H2319_all_pdbs/Model_7730_af3_woUnpaired_af3_seed_714131_sample_4_pred_614.cif,awaiting_extract,"MassiveFold model pool index only. It parses organizer-provided external model tarball listings and stages balanced extraction/rerank candidates. These models remain external rerank and accuracy-estimation inputs, not internal predictions, not CASP submissions, and not competitive-proof evidence."
7,H2319,H2319_T333,12043,H2319_all_pdbs/Model_7050_af3_woUnpaired_af3_seed_578569_sample_0_pred_920.cif,Model_7050_af3_woUnpaired_af3_seed_578569_sample_0_pred_920.cif,7050,AF3,af3_woUnpaired,578569,0,920,woUnpaired,,False,casp17/massivefold_external_pool_intake/h2319_t333/extracted_models/H2319_all_pdbs/Model_7050_af3_woUnpaired_af3_seed_578569_sample_0_pred_920.cif,awaiting_extract,"MassiveFold model pool index only. It parses organizer-provided external model tarball listings and stages balanced extraction/rerank candidates. These models remain external rerank and accuracy-estimation inputs, not internal predictions, not CASP submissions, and not competitive-proof evidence."
7,H2319,H2319_T333,12074,H2319_all_pdbs/Model_7737_af3_woUnpaired_af3_seed_787932_sample_0_pred_420.cif,Model_7737_af3_woUnpaired_af3_seed_787932_sample_0_pred_420.cif,7737,AF3,af3_woUnpaired,787932,0,420,woUnpaired,,False,casp17/massivefold_external_pool_intake/h2319_t333/extracted_models/H2319_all_pdbs/Model_7737_af3_woUnpaired_af3_seed_787932_sample_0_pred_420.cif,awaiting_extract,"MassiveFold model pool index only. It parses organizer-provided external model tarball listings and stages balanced extraction/rerank candidates. These models remain external rerank and accuracy-estimation inputs, not internal predictions, not CASP submissions, and not competitive-proof evidence."
7,H2319,H2319_T333,12078,H2319_all_pdbs/Model_8647_af3_woUnpaired_af3_seed_787932_sample_1_pred_421.cif,Model_8647_af3_woUnpaired_af3_seed_787932_sample_1_pred_421.cif,8647,AF3,af3_woUnpaired,787932,1,421,woUnpaired,,False,casp17/massivefold_external_pool_intake/h2319_t333/extracted_models/H2319_all_pdbs/Model_8647_af3_woUnpaired_af3_seed_787932_sample_1_pred_421.cif,awaiting_extract,"MassiveFold model pool index only. It parses organizer-provided external model tarball listings and stages balanced extraction/rerank candidates. These models remain external rerank and accuracy-estimation inputs, not internal predictions, not CASP submissions, and not competitive-proof evidence."
7,H2319,H2319_T333,12103,H2319_all_pdbs/Model_10965_af3_woUnpaired_af3_seed_334591_sample_1_pred_656.cif,Model_10965_af3_woUnpaired_af3_seed_334591_sample_1_pred_656.cif,10965,AF3,af3_woUnpaired,334591,1,656,woUnpaired,,False,casp17/massivefold_external_pool_intake/h2319_t333/extracted_models/H2319_all_pdbs/Model_10965_af3_woUnpaired_af3_seed_334591_sample_1_pred_656.cif,awaiting_extract,"MassiveFold model pool index only. It parses organizer-provided external model tarball listings and stages balanced extraction/rerank candidates. These models remain external rerank and accuracy-estimation inputs, not internal predictions, not CASP submissions, and not competitive-proof evidence."
7,H2319,H2319_T333,12144,H2319_all_pdbs/Model_10895_af3_woUnpaired_af3_seed_466138_sample_1_pred_6.cif,Model_10895_af3_woUnpaired_af3_seed_466138_sample_1_pred_6.cif,10895,AF3,af3_woUnpaired,466138,1,6,woUnpaired,,False,casp17/massivefold_external_pool_intake/h2319_t333/extracted_models/H2319_all_pdbs/Model_10895_af3_woUnpaired_af3_seed_466138_sample_1_pred_6.cif,awaiting_extract,"MassiveFold model pool index only. It parses organizer-provided external model tarball listings and stages balanced extraction/rerank candidates. These models remain external rerank and accuracy-estimation inputs, not internal predictions, not CASP submissions, and not competitive-proof evidence."
7,H2319,H2319_T333,12155,H2319_all_pdbs/Model_6377_af3_woUnpaired_af3_seed_631610_sample_2_pred_1002.cif,Model_6377_af3_woUnpaired_af3_seed_631610_sample_2_pred_1002.cif,6377,AF3,af3_woUnpaired,631610,2,1002,woUnpaired,,False,casp17/massivefold_external_pool_intake/h2319_t333/extracted_models/H2319_all_pdbs/Model_6377_af3_woUnpaired_af3_seed_631610_sample_2_pred_1002.cif,awaiting_extract,"MassiveFold model pool index only. It parses organizer-provided external model tarball listings and stages balanced extraction/rerank candidates. These models remain external rerank and accuracy-estimation inputs, not internal predictions, not CASP submissions, and not competitive-proof evidence."
7,H2319,H2319_T333,12161,H2319_all_pdbs/Model_10980_af3_woUnpaired_af3_seed_334603_sample_2_pred_717.cif,Model_10980_af3_woUnpaired_af3_seed_334603_sample_2_pred_717.cif,10980,AF3,af3_woUnpaired,334603,2,717,woUnpaired,,False,casp17/massivefold_external_pool_intake/h2319_t333/extracted_models/H2319_all_pdbs/Model_10980_af3_woUnpaired_af3_seed_334603_sample_2_pred_717.cif,awaiting_extract,"MassiveFold model pool index only. It parses organizer-provided external model tarball listings and stages balanced extraction/rerank candidates. These models remain external rerank and accuracy-estimation inputs, not internal predictions, not CASP submissions, and not competitive-proof evidence."
7,H2319,H2319_T333,12162,H2319_all_pdbs/Model_6917_af3_woUnpaired_af3_seed_646824_sample_0_pred_160.cif,Model_6917_af3_woUnpaired_af3_seed_646824_sample_0_pred_160.cif,6917,AF3,af3_woUnpaired,646824,0,160,woUnpaired,,False,casp17/massivefold_external_pool_intake/h2319_t333/extracted_models/H2319_all_pdbs/Model_6917_af3_woUnpaired_af3_seed_646824_sample_0_pred_160.cif,awaiting_extract,"MassiveFold model pool index only. It parses organizer-provided external model tarball listings and stages balanced extraction/rerank candidates. These models remain external rerank and accuracy-estimation inputs, not internal predictions, not CASP submissions, and not competitive-proof evidence."
7,H2319,H2319_T333,12166,H2319_all_pdbs/Model_8739_af3_woUnpaired_af3_seed_466140_sample_2_pred_17.cif,Model_8739_af3_woUnpaired_af3_seed_466140_sample_2_pred_17.cif,8739,AF3,af3_woUnpaired,466140,2,17,woUnpaired,,False,casp17/massivefold_external_pool_intake/h2319_t333/extracted_models/H2319_all_pdbs/Model_8739_af3_woUnpaired_af3_seed_466140_sample_2_pred_17.cif,awaiting_extract,"MassiveFold model pool index only. It parses organizer-provided external model tarball listings and stages balanced extraction/rerank candidates. These models remain external rerank and accuracy-estimation inputs, not internal predictions, not CASP submissions, and not competitive-proof evidence."
7,H2319,H2319_T333,12223,H2319_all_pdbs/Model_10277_af3_woUnpaired_af3_seed_578567_sample_2_pred_912.cif,Model_10277_af3_woUnpaired_af3_seed_578567_sample_2_pred_912.cif,10277,AF3,af3_woUnpaired,578567,2,912,woUnpaired,,False,casp17/massivefold_external_pool_intake/h2319_t333/extracted_models/H2319_all_pdbs/Model_10277_af3_woUnpaired_af3_seed_578567_sample_2_pred_912.cif,awaiting_extract,"MassiveFold model pool index only. It parses organizer-provided external model tarball listings and stages balanced extraction/rerank candidates. These models remain external rerank and accuracy-estimation inputs, not internal predictions, not CASP submissions, and not competitive-proof evidence."
7,H2319,H2319_T333,12252,H2319_all_pdbs/Model_8801_af3_woUnpaired_af3_seed_646838_sample_2_pred_232.cif,Model_8801_af3_woUnpaired_af3_seed_646838_sample_2_pred_232.cif,8801,AF3,af3_woUnpaired,646838,2,232,woUnpaired,,False,casp17/massivefold_external_pool_intake/h2319_t333/extracted_models/H2319_all_pdbs/Model_8801_af3_woUnpaired_af3_seed_646838_sample_2_pred_232.cif,awaiting_extract,"MassiveFold model pool index only. It parses organizer-provided external model tarball listings and stages balanced extraction/rerank candidates. These models remain external rerank and accuracy-estimation inputs, not internal predictions, not CASP submissions, and not competitive-proof evidence."
7,H2319,H2319_T333,12291,H2319_all_pdbs/Model_10244_af3_woUnpaired_af3_seed_714114_sample_0_pred_525.cif,Model_10244_af3_woUnpaired_af3_seed_714114_sample_0_pred_525.cif,10244,AF3,af3_woUnpaired,714114,0,525,woUnpaired,,False,casp17/massivefold_external_pool_intake/h2319_t333/extracted_models/H2319_all_pdbs/Model_10244_af3_woUnpaired_af3_seed_714114_sample_0_pred_525.cif,awaiting_extract,"MassiveFold model pool index only. It parses organizer-provided external model tarball listings and stages balanced extraction/rerank candidates. These models remain external rerank and accuracy-estimation inputs, not internal predictions, not CASP submissions, and not competitive-proof evidence."
7,H2319,H2319_T333,12303,H2319_all_pdbs/Model_10908_af3_woUnpaired_af3_seed_42967_sample_2_pred_257.cif,Model_10908_af3_woUnpaired_af3_seed_42967_sample_2_pred_257.cif,10908,AF3,af3_woUnpaired,42967,2,257,woUnpaired,,False,casp17/massivefold_external_pool_intake/h2319_t333/extracted_models/H2319_all_pdbs/Model_10908_af3_woUnpaired_af3_seed_42967_sample_2_pred_257.cif,awaiting_extract,"MassiveFold model pool index only. It parses organizer-provided external model tarball listings and stages balanced extraction/rerank candidates. These models remain external rerank and accuracy-estimation inputs, not internal predictions, not CASP submissions, and not competitive-proof evidence."
7,H2319,H2319_T333,12316,H2319_all_pdbs/Model_10275_af3_woUnpaired_af3_seed_466149_sample_1_pred_61.cif,Model_10275_af3_woUnpaired_af3_seed_466149_sample_1_pred_61.cif,10275,AF3,af3_woUnpaired,466149,1,61,woUnpaired,,False,casp17/massivefold_external_pool_intake/h2319_t333/extracted_models/H2319_all_pdbs/Model_10275_af3_woUnpaired_af3_seed_466149_sample_1_pred_61.cif,awaiting_extract,"MassiveFold model pool index only. It parses organizer-provided external model tarball listings and stages balanced extraction/rerank candidates. These models remain external rerank and accuracy-estimation inputs, not internal predictions, not CASP submissions, and not competitive-proof evidence."
7,H2319,H2319_T333,12331,H2319_all_pdbs/Model_10975_af3_woUnpaired_af3_seed_714113_sample_0_pred_520.cif,Model_10975_af3_woUnpaired_af3_seed_714113_sample_0_pred_520.cif,10975,AF3,af3_woUnpaired,714113,0,520,woUnpaired,,False,casp17/massivefold_external_pool_intake/h2319_t333/extracted_models/H2319_all_pdbs/Model_10975_af3_woUnpaired_af3_seed_714113_sample_0_pred_520.cif,awaiting_extract,"MassiveFold model pool index only. It parses organizer-provided external model tarball listings and stages balanced extraction/rerank candidates. These models remain external rerank and accuracy-estimation inputs, not internal predictions, not CASP submissions, and not competitive-proof evidence."
7,H2319,H2319_T333,12342,H2319_all_pdbs/Model_10290_af3_woUnpaired_af3_seed_466141_sample_2_pred_22.cif,Model_10290_af3_woUnpaired_af3_seed_466141_sample_2_pred_22.cif,10290,AF3,af3_woUnpaired,466141,2,22,woUnpaired,,False,casp17/massivefold_external_pool_intake/h2319_t333/extracted_models/H2319_all_pdbs/Model_10290_af3_woUnpaired_af3_seed_466141_sample_2_pred_22.cif,awaiting_extract,"MassiveFold model pool index only. It parses organizer-provided external model tarball listings and stages balanced extraction/rerank candidates. These models remain external rerank and accuracy-estimation inputs, not internal predictions, not CASP submissions, and not competitive-proof evidence."
7,H2319,H2319_T333,12347,H2319_all_pdbs/Model_8858_af3_woUnpaired_af3_seed_57442_sample_2_pred_812.cif,Model_8858_af3_woUnpaired_af3_seed_57442_sample_2_pred_812.cif,8858,AF3,af3_woUnpaired,57442,2,812,woUnpaired,,False,casp17/massivefold_external_pool_intake/h2319_t333/extracted_models/H2319_all_pdbs/Model_8858_af3_woUnpaired_af3_seed_57442_sample_2_pred_812.cif,awaiting_extract,"MassiveFold model pool index only. It parses organizer-provided external model tarball listings and stages balanced extraction/rerank candidates. These models remain external rerank and accuracy-estimation inputs, not internal predictions, not CASP submissions, and not competitive-proof evidence."
7,H2319,H2319_T333,12350,H2319_all_pdbs/Model_10245_af3_woUnpaired_af3_seed_646817_sample_3_pred_128.cif,Model_10245_af3_woUnpaired_af3_seed_646817_sample_3_pred_128.cif,10245,AF3,af3_woUnpaired,646817,3,128,woUnpaired,,False,casp17/massivefold_external_pool_intake/h2319_t333/extracted_models/H2319_all_pdbs/Model_10245_af3_woUnpaired_af3_seed_646817_sample_3_pred_128.cif,awaiting_extract,"MassiveFold model pool index only. It parses organizer-provided external model tarball listings and stages balanced extraction/rerank candidates. These models remain external rerank and accuracy-estimation inputs, not internal predictions, not CASP submissions, and not competitive-proof evidence."
7,H2319,H2319_T333,12353,H2319_all_pdbs/Model_8865_af3_woUnpaired_af3_seed_57451_sample_2_pred_857.cif,Model_8865_af3_woUnpaired_af3_seed_57451_sample_2_pred_857.cif,8865,AF3,af3_woUnpaired,57451,2,857,woUnpaired,,False,casp17/massivefold_external_pool_intake/h2319_t333/extracted_models/H2319_all_pdbs/Model_8865_af3_woUnpaired_af3_seed_57451_sample_2_pred_857.cif,awaiting_extract,"MassiveFold model pool index only. It parses organizer-provided external model tarball listings and stages balanced extraction/rerank candidates. These models remain external rerank and accuracy-estimation inputs, not internal predictions, not CASP submissions, and not competitive-proof evidence."
7,H2319,H2319_T333,12366,H2319_all_pdbs/Model_7777_af3_woUnpaired_af3_seed_42973_sample_0_pred_285.cif,Model_7777_af3_woUnpaired_af3_seed_42973_sample_0_pred_285.cif,7777,AF3,af3_woUnpaired,42973,0,285,woUnpaired,,False,casp17/massivefold_external_pool_intake/h2319_t333/extracted_models/H2319_all_pdbs/Model_7777_af3_woUnpaired_af3_seed_42973_sample_0_pred_285.cif,awaiting_extract,"MassiveFold model pool index only. It parses organizer-provided external model tarball listings and stages balanced extraction/rerank candidates. These models remain external rerank and accuracy-estimation inputs, not internal predictions, not CASP submissions, and not competitive-proof evidence."
7,H2319,H2319_T333,12395,H2319_all_pdbs/Model_7769_af3_woUnpaired_af3_seed_466159_sample_3_pred_113.cif,Model_7769_af3_woUnpaired_af3_seed_466159_sample_3_pred_113.cif,7769,AF3,af3_woUnpaired,466159,3,113,woUnpaired,,False,casp17/massivefold_external_pool_intake/h2319_t333/extracted_models/H2319_all_pdbs/Model_7769_af3_woUnpaired_af3_seed_466159_sample_3_pred_113.cif,awaiting_extract,"MassiveFold model pool index only. It parses organizer-provided external model tarball listings and stages balanced extraction/rerank candidates. These models remain external rerank and accuracy-estimation inputs, not internal predictions, not CASP submissions, and not competitive-proof evidence."
7,H2319,H2319_T333,12397,H2319_all_pdbs/Model_7054_af3_woUnpaired_af3_seed_714110_sample_1_pred_506.cif,Model_7054_af3_woUnpaired_af3_seed_714110_sample_1_pred_506.cif,7054,AF3,af3_woUnpaired,714110,1,506,woUnpaired,,False,casp17/massivefold_external_pool_intake/h2319_t333/extracted_models/H2319_all_pdbs/Model_7054_af3_woUnpaired_af3_seed_714110_sample_1_pred_506.cif,awaiting_extract,"MassiveFold model pool index only. It parses organizer-provided external model tarball listings and stages balanced extraction/rerank candidates. These models remain external rerank and accuracy-estimation inputs, not internal predictions, not CASP submissions, and not competitive-proof evidence."
7,H2319,H2319_T333,12409,H2319_all_pdbs/Model_10266_af3_woUnpaired_af3_seed_466141_sample_1_pred_21.cif,Model_10266_af3_woUnpaired_af3_seed_466141_sample_1_pred_21.cif,10266,AF3,af3_woUnpaired,466141,1,21,woUnpaired,,False,casp17/massivefold_external_pool_intake/h2319_t333/extracted_models/H2319_all_pdbs/Model_10266_af3_woUnpaired_af3_seed_466141_sample_1_pred_21.cif,awaiting_extract,"MassiveFold model pool index only. It parses organizer-provided external model tarball listings and stages balanced extraction/rerank candidates. These models remain external rerank and accuracy-estimation inputs, not internal predictions, not CASP submissions, and not competitive-proof evidence."
7,H2319,H2319_T333,12428,H2319_all_pdbs/Model_6991_af3_woUnpaired_af3_seed_714132_sample_0_pred_615.cif,Model_6991_af3_woUnpaired_af3_seed_714132_sample_0_pred_615.cif,6991,AF3,af3_woUnpaired,714132,0,615,woUnpaired,,False,casp17/massivefold_external_pool_intake/h2319_t333/extracted_models/H2319_all_pdbs/Model_6991_af3_woUnpaired_af3_seed_714132_sample_0_pred_615.cif,awaiting_extract,"MassiveFold model pool index only. It parses organizer-provided external model tarball listings and stages balanced extraction/rerank candidates. These models remain external rerank and accuracy-estimation inputs, not internal predictions, not CASP submissions, and not competitive-proof evidence."
7,H2319,H2319_T333,12439,H2319_all_pdbs/Model_8704_af3_woUnpaired_af3_seed_57442_sample_4_pred_814.cif,Model_8704_af3_woUnpaired_af3_seed_57442_sample_4_pred_814.cif,8704,AF3,af3_woUnpaired,57442,4,814,woUnpaired,,False,casp17/massivefold_external_pool_intake/h2319_t333/extracted_models/H2319_all_pdbs/Model_8704_af3_woUnpaired_af3_seed_57442_sample_4_pred_814.cif,awaiting_extract,"MassiveFold model pool index only. It parses organizer-provided external model tarball listings and stages balanced extraction/rerank candidates. These models remain external rerank and accuracy-estimation inputs, not internal predictions, not CASP submissions, and not competitive-proof evidence."
7,H2319,H2319_T333,12455,H2319_all_pdbs/Model_11013_af3_woUnpaired_af3_seed_334605_sample_0_pred_725.cif,Model_11013_af3_woUnpaired_af3_seed_334605_sample_0_pred_725.cif,11013,AF3,af3_woUnpaired,334605,0,725,woUnpaired,,False,casp17/massivefold_external_pool_intake/h2319_t333/extracted_models/H2319_all_pdbs/Model_11013_af3_woUnpaired_af3_seed_334605_sample_0_pred_725.cif,awaiting_extract,"MassiveFold model pool index only. It parses organizer-provided external model tarball listings and stages balanced extraction/rerank candidates. These models remain external rerank and accuracy-estimation inputs, not internal predictions, not CASP submissions, and not competitive-proof evidence."
7,H2319,H2319_T333,12459,H2319_all_pdbs/Model_7727_af3_woUnpaired_af3_seed_334595_sample_2_pred_677.cif,Model_7727_af3_woUnpaired_af3_seed_334595_sample_2_pred_677.cif,7727,AF3,af3_woUnpaired,334595,2,677,woUnpaired,,False,casp17/massivefold_external_pool_intake/h2319_t333/extracted_models/H2319_all_pdbs/Model_7727_af3_woUnpaired_af3_seed_334595_sample_2_pred_677.cif,awaiting_extract,"MassiveFold model pool index only. It parses organizer-provided external model tarball listings and stages balanced extraction/rerank candidates. These models remain external rerank and accuracy-estimation inputs, not internal predictions, not CASP submissions, and not competitive-proof evidence."
7,H2319,H2319_T333,12479,H2319_all_pdbs/Model_7046_af3_woUnpaired_af3_seed_466145_sample_0_pred_40.cif,Model_7046_af3_woUnpaired_af3_seed_466145_sample_0_pred_40.cif,7046,AF3,af3_woUnpaired,466145,0,40,woUnpaired,,False,casp17/massivefold_external_pool_intake/h2319_t333/extracted_models/H2319_all_pdbs/Model_7046_af3_woUnpaired_af3_seed_466145_sample_0_pred_40.cif,awaiting_extract,"MassiveFold model pool index only. It parses organizer-provided external model tarball listings and stages balanced extraction/rerank candidates. These models remain external rerank and accuracy-estimation inputs, not internal predictions, not CASP submissions, and not competitive-proof evidence."
7,H2319,H2319_T333,12493,H2319_all_pdbs/Model_8905_af3_woUnpaired_af3_seed_42980_sample_1_pred_321.cif,Model_8905_af3_woUnpaired_af3_seed_42980_sample_1_pred_321.cif,8905,AF3,af3_woUnpaired,42980,1,321,woUnpaired,,False,casp17/massivefold_external_pool_intake/h2319_t333/extracted_models/H2319_all_pdbs/Model_8905_af3_woUnpaired_af3_seed_42980_sample_1_pred_321.cif,awaiting_extract,"MassiveFold model pool index only. It parses organizer-provided external model tarball listings and stages balanced extraction/rerank candidates. These models remain external rerank and accuracy-estimation inputs, not internal predictions, not CASP submissions, and not competitive-proof evidence."
7,H2319,H2319_T333,12508,H2319_all_pdbs/Model_10291_af3_woUnpaired_af3_seed_466145_sample_4_pred_44.cif,Model_10291_af3_woUnpaired_af3_seed_466145_sample_4_pred_44.cif,10291,AF3,af3_woUnpaired,466145,4,44,woUnpaired,,False,casp17/massivefold_external_pool_intake/h2319_t333/extracted_models/H2319_all_pdbs/Model_10291_af3_woUnpaired_af3_seed_466145_sample_4_pred_44.cif,awaiting_extract,"MassiveFold model pool index only. It parses organizer-provided external model tarball listings and stages balanced extraction/rerank candidates. These models remain external rerank and accuracy-estimation inputs, not internal predictions, not CASP submissions, and not competitive-proof evidence."
7,H2319,H2319_T333,12513,H2319_all_pdbs/Model_7033_af3_woUnpaired_af3_seed_578573_sample_1_pred_941.cif,Model_7033_af3_woUnpaired_af3_seed_578573_sample_1_pred_941.cif,7033,AF3,af3_woUnpaired,578573,1,941,woUnpaired,,False,casp17/massivefold_external_pool_intake/h2319_t333/extracted_models/H2319_all_pdbs/Model_7033_af3_woUnpaired_af3_seed_578573_sample_1_pred_941.cif,awaiting_extract,"MassiveFold model pool index only. It parses organizer-provided external model tarball listings and stages balanced extraction/rerank candidates. These models remain external rerank and accuracy-estimation inputs, not internal predictions, not CASP submissions, and not competitive-proof evidence."
7,H2319,H2319_T333,12518,H2319_all_pdbs/Model_7001_af3_woUnpaired_af3_seed_578576_sample_0_pred_955.cif,Model_7001_af3_woUnpaired_af3_seed_578576_sample_0_pred_955.cif,7001,AF3,af3_woUnpaired,578576,0,955,woUnpaired,,False,casp17/massivefold_external_pool_intake/h2319_t333/extracted_models/H2319_all_pdbs/Model_7001_af3_woUnpaired_af3_seed_578576_sample_0_pred_955.cif,awaiting_extract,"MassiveFold model pool index only. It parses organizer-provided external model tarball listings and stages balanced extraction/rerank candidates. These models remain external rerank and accuracy-estimation inputs, not internal predictions, not CASP submissions, and not competitive-proof evidence."
7,H2319,H2319_T333,12537,H2319_all_pdbs/Model_8877_af3_woUnpaired_af3_seed_42966_sample_1_pred_251.cif,Model_8877_af3_woUnpaired_af3_seed_42966_sample_1_pred_251.cif,8877,AF3,af3_woUnpaired,42966,1,251,woUnpaired,,False,casp17/massivefold_external_pool_intake/h2319_t333/extracted_models/H2319_all_pdbs/Model_8877_af3_woUnpaired_af3_seed_42966_sample_1_pred_251.cif,awaiting_extract,"MassiveFold model pool index only. It parses organizer-provided external model tarball listings and stages balanced extraction/rerank candidates. These models remain external rerank and accuracy-estimation inputs, not internal predictions, not CASP submissions, and not competitive-proof evidence."
7,H2319,H2319_T333,12568,H2319_all_pdbs/Model_8601_af3_woUnpaired_af3_seed_334600_sample_3_pred_703.cif,Model_8601_af3_woUnpaired_af3_seed_334600_sample_3_pred_703.cif,8601,AF3,af3_woUnpaired,334600,3,703,woUnpaired,,False,casp17/massivefold_external_pool_intake/h2319_t333/extracted_models/H2319_all_pdbs/Model_8601_af3_woUnpaired_af3_seed_334600_sample_3_pred_703.cif,awaiting_extract,"MassiveFold model pool index only. It parses organizer-provided external model tarball listings and stages balanced extraction/rerank candidates. These models remain external rerank and accuracy-estimation inputs, not internal predictions, not CASP submissions, and not competitive-proof evidence."
7,H2319,H2319_T333,12585,H2319_all_pdbs/Model_8852_af3_woUnpaired_af3_seed_578581_sample_3_pred_983.cif,Model_8852_af3_woUnpaired_af3_seed_578581_sample_3_pred_983.cif,8852,AF3,af3_woUnpaired,578581,3,983,woUnpaired,,False,casp17/massivefold_external_pool_intake/h2319_t333/extracted_models/H2319_all_pdbs/Model_8852_af3_woUnpaired_af3_seed_578581_sample_3_pred_983.cif,awaiting_extract,"MassiveFold model pool index only. It parses organizer-provided external model tarball listings and stages balanced extraction/rerank candidates. These models remain external rerank and accuracy-estimation inputs, not internal predictions, not CASP submissions, and not competitive-proof evidence."
7,H2319,H2319_T333,12621,H2319_all_pdbs/Model_8730_af3_woUnpaired_af3_seed_714109_sample_0_pred_500.cif,Model_8730_af3_woUnpaired_af3_seed_714109_sample_0_pred_500.cif,8730,AF3,af3_woUnpaired,714109,0,500,woUnpaired,,False,casp17/massivefold_external_pool_intake/h2319_t333/extracted_models/H2319_all_pdbs/Model_8730_af3_woUnpaired_af3_seed_714109_sample_0_pred_500.cif,awaiting_extract,"MassiveFold model pool index only. It parses organizer-provided external model tarball listings and stages balanced extraction/rerank candidates. These models remain external rerank and accuracy-estimation inputs, not internal predictions, not CASP submissions, and not competitive-proof evidence."
7,H2319,H2319_T333,12625,H2319_all_pdbs/Model_7012_af3_woUnpaired_af3_seed_578560_sample_3_pred_878.cif,Model_7012_af3_woUnpaired_af3_seed_578560_sample_3_pred_878.cif,7012,AF3,af3_woUnpaired,578560,3,878,woUnpaired,,False,casp17/massivefold_external_pool_intake/h2319_t333/extracted_models/H2319_all_pdbs/Model_7012_af3_woUnpaired_af3_seed_578560_sample_3_pred_878.cif,awaiting_extract,"MassiveFold model pool index only. It parses organizer-provided external model tarball listings and stages balanced extraction/rerank candidates. These models remain external rerank and accuracy-estimation inputs, not internal predictions, not CASP submissions, and not competitive-proof evidence."
7,H2319,H2319_T333,12652,H2319_all_pdbs/Model_8778_af3_woUnpaired_af3_seed_57438_sample_3_pred_793.cif,Model_8778_af3_woUnpaired_af3_seed_57438_sample_3_pred_793.cif,8778,AF3,af3_woUnpaired,57438,3,793,woUnpaired,,False,casp17/massivefold_external_pool_intake/h2319_t333/extracted_models/H2319_all_pdbs/Model_8778_af3_woUnpaired_af3_seed_57438_sample_3_pred_793.cif,awaiting_extract,"MassiveFold model pool index only. It parses organizer-provided external model tarball listings and stages balanced extraction/rerank candidates. These models remain external rerank and accuracy-estimation inputs, not internal predictions, not CASP submissions, and not competitive-proof evidence."
7,H2319,H2319_T333,12654,H2319_all_pdbs/Model_6920_af3_woUnpaired_af3_seed_42968_sample_1_pred_261.cif,Model_6920_af3_woUnpaired_af3_seed_42968_sample_1_pred_261.cif,6920,AF3,af3_woUnpaired,42968,1,261,woUnpaired,,False,casp17/massivefold_external_pool_intake/h2319_t333/extracted_models/H2319_all_pdbs/Model_6920_af3_woUnpaired_af3_seed_42968_sample_1_pred_261.cif,awaiting_extract,"MassiveFold model pool index only. It parses organizer-provided external model tarball listings and stages balanced extraction/rerank candidates. These models remain external rerank and accuracy-estimation inputs, not internal predictions, not CASP submissions, and not competitive-proof evidence."
7,H2319,H2319_T333,12658,H2319_all_pdbs/Model_8732_af3_woUnpaired_af3_seed_57443_sample_3_pred_818.cif,Model_8732_af3_woUnpaired_af3_seed_57443_sample_3_pred_818.cif,8732,AF3,af3_woUnpaired,57443,3,818,woUnpaired,,False,casp17/massivefold_external_pool_intake/h2319_t333/extracted_models/H2319_all_pdbs/Model_8732_af3_woUnpaired_af3_seed_57443_sample_3_pred_818.cif,awaiting_extract,"MassiveFold model pool index only. It parses organizer-provided external model tarball listings and stages balanced extraction/rerank candidates. These models remain external rerank and accuracy-estimation inputs, not internal predictions, not CASP submissions, and not competitive-proof evidence."
7,H2319,H2319_T333,12678,H2319_all_pdbs/Model_8878_af3_woUnpaired_af3_seed_714109_sample_3_pred_503.cif,Model_8878_af3_woUnpaired_af3_seed_714109_sample_3_pred_503.cif,8878,AF3,af3_woUnpaired,714109,3,503,woUnpaired,,False,casp17/massivefold_external_pool_intake/h2319_t333/extracted_models/H2319_all_pdbs/Model_8878_af3_woUnpaired_af3_seed_714109_sample_3_pred_503.cif,awaiting_extract,"MassiveFold model pool index only. It parses organizer-provided external model tarball listings and stages balanced extraction/rerank candidates. These models remain external rerank and accuracy-estimation inputs, not internal predictions, not CASP submissions, and not competitive-proof evidence."
7,H2319,H2319_T333,12688,H2319_all_pdbs/Model_8656_af3_woUnpaired_af3_seed_578570_sample_1_pred_926.cif,Model_8656_af3_woUnpaired_af3_seed_578570_sample_1_pred_926.cif,8656,AF3,af3_woUnpaired,578570,1,926,woUnpaired,,False,casp17/massivefold_external_pool_intake/h2319_t333/extracted_models/H2319_all_pdbs/Model_8656_af3_woUnpaired_af3_seed_578570_sample_1_pred_926.cif,awaiting_extract,"MassiveFold model pool index only. It parses organizer-provided external model tarball listings and stages balanced extraction/rerank candidates. These models remain external rerank and accuracy-estimation inputs, not internal predictions, not CASP submissions, and not competitive-proof evidence."
7,H2319,H2319_T333,12708,H2319_all_pdbs/Model_8824_af3_woUnpaired_af3_seed_42982_sample_2_pred_332.cif,Model_8824_af3_woUnpaired_af3_seed_42982_sample_2_pred_332.cif,8824,AF3,af3_woUnpaired,42982,2,332,woUnpaired,,False,casp17/massivefold_external_pool_intake/h2319_t333/extracted_models/H2319_all_pdbs/Model_8824_af3_woUnpaired_af3_seed_42982_sample_2_pred_332.cif,awaiting_extract,"MassiveFold model pool index only. It parses organizer-provided external model tarball listings and stages balanced extraction/rerank candidates. These models remain external rerank and accuracy-estimation inputs, not internal predictions, not CASP submissions, and not competitive-proof evidence."
7,H2319,H2319_T333,12754,H2319_all_pdbs/Model_10280_af3_woUnpaired_af3_seed_714112_sample_2_pred_517.cif,Model_10280_af3_woUnpaired_af3_seed_714112_sample_2_pred_517.cif,10280,AF3,af3_woUnpaired,714112,2,517,woUnpaired,,False,casp17/massivefold_external_pool_intake/h2319_t333/extracted_models/H2319_all_pdbs/Model_10280_af3_woUnpaired_af3_seed_714112_sample_2_pred_517.cif,awaiting_extract,"MassiveFold model pool index only. It parses organizer-provided external model tarball listings and stages balanced extraction/rerank candidates. These models remain external rerank and accuracy-estimation inputs, not internal predictions, not CASP submissions, and not competitive-proof evidence."
7,H2319,H2319_T333,12764,H2319_all_pdbs/Model_6913_af3_woUnpaired_af3_seed_42971_sample_4_pred_279.cif,Model_6913_af3_woUnpaired_af3_seed_42971_sample_4_pred_279.cif,6913,AF3,af3_woUnpaired,42971,4,279,woUnpaired,,False,casp17/massivefold_external_pool_intake/h2319_t333/extracted_models/H2319_all_pdbs/Model_6913_af3_woUnpaired_af3_seed_42971_sample_4_pred_279.cif,awaiting_extract,"MassiveFold model pool index only. It parses organizer-provided external model tarball listings and stages balanced extraction/rerank candidates. These models remain external rerank and accuracy-estimation inputs, not internal predictions, not CASP submissions, and not competitive-proof evidence."
7,H2319,H2319_T333,12765,H2319_all_pdbs/Model_8593_af3_woUnpaired_af3_seed_334605_sample_1_pred_726.cif,Model_8593_af3_woUnpaired_af3_seed_334605_sample_1_pred_726.cif,8593,AF3,af3_woUnpaired,334605,1,726,woUnpaired,,False,casp17/massivefold_external_pool_intake/h2319_t333/extracted_models/H2319_all_pdbs/Model_8593_af3_woUnpaired_af3_seed_334605_sample_1_pred_726.cif,awaiting_extract,"MassiveFold model pool index only. It parses organizer-provided external model tarball listings and stages balanced extraction/rerank candidates. These models remain external rerank and accuracy-estimation inputs, not internal predictions, not CASP submissions, and not competitive-proof evidence."
7,H2319,H2319_T333,12774,H2319_all_pdbs/Model_8899_af3_woUnpaired_af3_seed_714126_sample_0_pred_585.cif,Model_8899_af3_woUnpaired_af3_seed_714126_sample_0_pred_585.cif,8899,AF3,af3_woUnpaired,714126,0,585,woUnpaired,,False,casp17/massivefold_external_pool_intake/h2319_t333/extracted_models/H2319_all_pdbs/Model_8899_af3_woUnpaired_af3_seed_714126_sample_0_pred_585.cif,awaiting_extract,"MassiveFold model pool index only. It parses organizer-provided external model tarball listings and stages balanced extraction/rerank candidates. These models remain external rerank and accuracy-estimation inputs, not internal predictions, not CASP submissions, and not competitive-proof evidence."
7,H2319,H2319_T333,12790,H2319_all_pdbs/Model_10262_af3_woUnpaired_af3_seed_578579_sample_4_pred_974.cif,Model_10262_af3_woUnpaired_af3_seed_578579_sample_4_pred_974.cif,10262,AF3,af3_woUnpaired,578579,4,974,woUnpaired,,False,casp17/massivefold_external_pool_intake/h2319_t333/extracted_models/H2319_all_pdbs/Model_10262_af3_woUnpaired_af3_seed_578579_sample_4_pred_974.cif,awaiting_extract,"MassiveFold model pool index only. It parses organizer-provided external model tarball listings and stages balanced extraction/rerank candidates. These models remain external rerank and accuracy-estimation inputs, not internal predictions, not CASP submissions, and not competitive-proof evidence."
7,H2319,H2319_T333,12807,H2319_all_pdbs/Model_7691_af3_woUnpaired_af3_seed_578562_sample_2_pred_887.cif,Model_7691_af3_woUnpaired_af3_seed_578562_sample_2_pred_887.cif,7691,AF3,af3_woUnpaired,578562,2,887,woUnpaired,,False,casp17/massivefold_external_pool_intake/h2319_t333/extracted_models/H2319_all_pdbs/Model_7691_af3_woUnpaired_af3_seed_578562_sample_2_pred_887.cif,awaiting_extract,"MassiveFold model pool index only. It parses organizer-provided external model tarball listings and stages balanced extraction/rerank candidates. These models remain external rerank and accuracy-estimation inputs, not internal predictions, not CASP submissions, and not competitive-proof evidence."
7,H2319,H2319_T333,12809,H2319_all_pdbs/Model_7008_af3_woUnpaired_af3_seed_578575_sample_2_pred_952.cif,Model_7008_af3_woUnpaired_af3_seed_578575_sample_2_pred_952.cif,7008,AF3,af3_woUnpaired,578575,2,952,woUnpaired,,False,casp17/massivefold_external_pool_intake/h2319_t333/extracted_models/H2319_all_pdbs/Model_7008_af3_woUnpaired_af3_seed_578575_sample_2_pred_952.cif,awaiting_extract,"MassiveFold model pool index only. It parses organizer-provided external model tarball listings and stages balanced extraction/rerank candidates. These models remain external rerank and accuracy-estimation inputs, not internal predictions, not CASP submissions, and not competitive-proof evidence."
7,H2319,H2319_T333,12819,H2319_all_pdbs/Model_10940_af3_woUnpaired_af3_seed_646839_sample_0_pred_235.cif,Model_10940_af3_woUnpaired_af3_seed_646839_sample_0_pred_235.cif,10940,AF3,af3_woUnpaired,646839,0,235,woUnpaired,,False,casp17/massivefold_external_pool_intake/h2319_t333/extracted_models/H2319_all_pdbs/Model_10940_af3_woUnpaired_af3_seed_646839_sample_0_pred_235.cif,awaiting_extract,"MassiveFold model pool index only. It parses organizer-provided external model tarball listings and stages balanced extraction/rerank candidates. These models remain external rerank and accuracy-estimation inputs, not internal predictions, not CASP submissions, and not competitive-proof evidence."
7,H2319,H2319_T333,12826,H2319_all_pdbs/Model_8844_af3_woUnpaired_af3_seed_646831_sample_3_pred_198.cif,Model_8844_af3_woUnpaired_af3_seed_646831_sample_3_pred_198.cif,8844,AF3,af3_woUnpaired,646831,3,198,woUnpaired,,False,casp17/massivefold_external_pool_intake/h2319_t333/extracted_models/H2319_all_pdbs/Model_8844_af3_woUnpaired_af3_seed_646831_sample_3_pred_198.cif,awaiting_extract,"MassiveFold model pool index only. It parses organizer-provided external model tarball listings and stages balanced extraction/rerank candidates. These models remain external rerank and accuracy-estimation inputs, not internal predictions, not CASP submissions, and not competitive-proof evidence."
7,H2319,H2319_T333,12846,H2319_all_pdbs/Model_7029_af3_woUnpaired_af3_seed_787927_sample_4_pred_399.cif,Model_7029_af3_woUnpaired_af3_seed_787927_sample_4_pred_399.cif,7029,AF3,af3_woUnpaired,787927,4,399,woUnpaired,,False,casp17/massivefold_external_pool_intake/h2319_t333/extracted_models/H2319_all_pdbs/Model_7029_af3_woUnpaired_af3_seed_787927_sample_4_pred_399.cif,awaiting_extract,"MassiveFold model pool index only. It parses organizer-provided external model tarball listings and stages balanced extraction/rerank candidates. These models remain external rerank and accuracy-estimation inputs, not internal predictions, not CASP submissions, and not competitive-proof evidence."
7,H2319,H2319_T333,12853,H2319_all_pdbs/Model_10999_af3_woUnpaired_af3_seed_466159_sample_1_pred_111.cif,Model_10999_af3_woUnpaired_af3_seed_466159_sample_1_pred_111.cif,10999,AF3,af3_woUnpaired,466159,1,111,woUnpaired,,False,casp17/massivefold_external_pool_intake/h2319_t333/extracted_models/H2319_all_pdbs/Model_10999_af3_woUnpaired_af3_seed_466159_sample_1_pred_111.cif,awaiting_extract,"MassiveFold model pool index only. It parses organizer-provided external model tarball listings and stages balanced extraction/rerank candidates. These models remain external rerank and accuracy-estimation inputs, not internal predictions, not CASP submissions, and not competitive-proof evidence."
7,H2319,H2319_T333,12886,H2319_all_pdbs/Model_8836_af3_woUnpaired_af3_seed_646822_sample_2_pred_152.cif,Model_8836_af3_woUnpaired_af3_seed_646822_sample_2_pred_152.cif,8836,AF3,af3_woUnpaired,646822,2,152,woUnpaired,,False,casp17/massivefold_external_pool_intake/h2319_t333/extracted_models/H2319_all_pdbs/Model_8836_af3_woUnpaired_af3_seed_646822_sample_2_pred_152.cif,awaiting_extract,"MassiveFold model pool index only. It parses organizer-provided external model tarball listings and stages balanced extraction/rerank candidates. These models remain external rerank and accuracy-estimation inputs, not internal predictions, not CASP submissions, and not competitive-proof evidence."
7,H2319,H2319_T333,12890,H2319_all_pdbs/Model_10981_af3_woUnpaired_af3_seed_714124_sample_2_pred_577.cif,Model_10981_af3_woUnpaired_af3_seed_714124_sample_2_pred_577.cif,10981,AF3,af3_woUnpaired,714124,2,577,woUnpaired,,False,casp17/massivefold_external_pool_intake/h2319_t333/extracted_models/H2319_all_pdbs/Model_10981_af3_woUnpaired_af3_seed_714124_sample_2_pred_577.cif,awaiting_extract,"MassiveFold model pool index only. It parses organizer-provided external model tarball listings and stages balanced extraction/rerank candidates. These models remain external rerank and accuracy-estimation inputs, not internal predictions, not CASP submissions, and not competitive-proof evidence."
7,H2319,H2319_T333,12912,H2319_all_pdbs/Model_8651_af3_woUnpaired_af3_seed_57435_sample_3_pred_778.cif,Model_8651_af3_woUnpaired_af3_seed_57435_sample_3_pred_778.cif,8651,AF3,af3_woUnpaired,57435,3,778,woUnpaired,,False,casp17/massivefold_external_pool_intake/h2319_t333/extracted_models/H2319_all_pdbs/Model_8651_af3_woUnpaired_af3_seed_57435_sample_3_pred_778.cif,awaiting_extract,"MassiveFold model pool index only. It parses organizer-provided external model tarball listings and stages balanced extraction/rerank candidates. These models remain external rerank and accuracy-estimation inputs, not internal predictions, not CASP submissions, and not competitive-proof evidence."
7,H2319,H2319_T333,12916,H2319_all_pdbs/Model_8642_af3_woUnpaired_af3_seed_787928_sample_3_pred_403.cif,Model_8642_af3_woUnpaired_af3_seed_787928_sample_3_pred_403.cif,8642,AF3,af3_woUnpaired,787928,3,403,woUnpaired,,False,casp17/massivefold_external_pool_intake/h2319_t333/extracted_models/H2319_all_pdbs/Model_8642_af3_woUnpaired_af3_seed_787928_sample_3_pred_403.cif,awaiting_extract,"MassiveFold model pool index only. It parses organizer-provided external model tarball listings and stages balanced extraction/rerank candidates. These models remain external rerank and accuracy-estimation inputs, not internal predictions, not CASP submissions, and not competitive-proof evidence."
7,H2319,H2319_T333,12937,H2319_all_pdbs/Model_7007_af3_woUnpaired_af3_seed_334588_sample_4_pred_644.cif,Model_7007_af3_woUnpaired_af3_seed_334588_sample_4_pred_644.cif,7007,AF3,af3_woUnpaired,334588,4,644,woUnpaired,,False,casp17/massivefold_external_pool_intake/h2319_t333/extracted_models/H2319_all_pdbs/Model_7007_af3_woUnpaired_af3_seed_334588_sample_4_pred_644.cif,awaiting_extract,"MassiveFold model pool index only. It parses organizer-provided external model tarball listings and stages balanced extraction/rerank candidates. These models remain external rerank and accuracy-estimation inputs, not internal predictions, not CASP submissions, and not competitive-proof evidence."
7,H2319,H2319_T333,12952,H2319_all_pdbs/Model_7703_af3_woUnpaired_af3_seed_646836_sample_4_pred_224.cif,Model_7703_af3_woUnpaired_af3_seed_646836_sample_4_pred_224.cif,7703,AF3,af3_woUnpaired,646836,4,224,woUnpaired,,False,casp17/massivefold_external_pool_intake/h2319_t333/extracted_models/H2319_all_pdbs/Model_7703_af3_woUnpaired_af3_seed_646836_sample_4_pred_224.cif,awaiting_extract,"MassiveFold model pool index only. It parses organizer-provided external model tarball listings and stages balanced extraction/rerank candidates. These models remain external rerank and accuracy-estimation inputs, not internal predictions, not CASP submissions, and not competitive-proof evidence."
7,H2319,H2319_T333,12958,H2319_all_pdbs/Model_8866_af3_woUnpaired_af3_seed_578571_sample_4_pred_934.cif,Model_8866_af3_woUnpaired_af3_seed_578571_sample_4_pred_934.cif,8866,AF3,af3_woUnpaired,578571,4,934,woUnpaired,,False,casp17/massivefold_external_pool_intake/h2319_t333/extracted_models/H2319_all_pdbs/Model_8866_af3_woUnpaired_af3_seed_578571_sample_4_pred_934.cif,awaiting_extract,"MassiveFold model pool index only. It parses organizer-provided external model tarball listings and stages balanced extraction/rerank candidates. These models remain external rerank and accuracy-estimation inputs, not internal predictions, not CASP submissions, and not competitive-proof evidence."
7,H2319,H2319_T333,12964,H2319_all_pdbs/Model_7052_af3_woUnpaired_af3_seed_466155_sample_3_pred_93.cif,Model_7052_af3_woUnpaired_af3_seed_466155_sample_3_pred_93.cif,7052,AF3,af3_woUnpaired,466155,3,93,woUnpaired,,False,casp17/massivefold_external_pool_intake/h2319_t333/extracted_models/H2319_all_pdbs/Model_7052_af3_woUnpaired_af3_seed_466155_sample_3_pred_93.cif,awaiting_extract,"MassiveFold model pool index only. It parses organizer-provided external model tarball listings and stages balanced extraction/rerank candidates. These models remain external rerank and accuracy-estimation inputs, not internal predictions, not CASP submissions, and not competitive-proof evidence."
7,H2319,H2319_T333,12976,H2319_all_pdbs/Model_7795_af3_woUnpaired_af3_seed_42967_sample_1_pred_256.cif,Model_7795_af3_woUnpaired_af3_seed_42967_sample_1_pred_256.cif,7795,AF3,af3_woUnpaired,42967,1,256,woUnpaired,,False,casp17/massivefold_external_pool_intake/h2319_t333/extracted_models/H2319_all_pdbs/Model_7795_af3_woUnpaired_af3_seed_42967_sample_1_pred_256.cif,awaiting_extract,"MassiveFold model pool index only. It parses organizer-provided external model tarball listings and stages balanced extraction/rerank candidates. These models remain external rerank and accuracy-estimation inputs, not internal predictions, not CASP submissions, and not competitive-proof evidence."
7,H2319,H2319_T333,12987,H2319_all_pdbs/Model_8857_af3_woUnpaired_af3_seed_42976_sample_1_pred_301.cif,Model_8857_af3_woUnpaired_af3_seed_42976_sample_1_pred_301.cif,8857,AF3,af3_woUnpaired,42976,1,301,woUnpaired,,False,casp17/massivefold_external_pool_intake/h2319_t333/extracted_models/H2319_all_pdbs/Model_8857_af3_woUnpaired_af3_seed_42976_sample_1_pred_301.cif,awaiting_extract,"MassiveFold model pool index only. It parses organizer-provided external model tarball listings and stages balanced extraction/rerank candidates. These models remain external rerank and accuracy-estimation inputs, not internal predictions, not CASP submissions, and not competitive-proof evidence."
7,H2319,H2319_T333,12997,H2319_all_pdbs/Model_6900_af3_woUnpaired_af3_seed_466140_sample_1_pred_16.cif,Model_6900_af3_woUnpaired_af3_seed_466140_sample_1_pred_16.cif,6900,AF3,af3_woUnpaired,466140,1,16,woUnpaired,,False,casp17/massivefold_external_pool_intake/h2319_t333/extracted_models/H2319_all_pdbs/Model_6900_af3_woUnpaired_af3_seed_466140_sample_1_pred_16.cif,awaiting_extract,"MassiveFold model pool index only. It parses organizer-provided external model tarball listings and stages balanced extraction/rerank candidates. These models remain external rerank and accuracy-estimation inputs, not internal predictions, not CASP submissions, and not competitive-proof evidence."
7,H2319,H2319_T333,12998,H2319_all_pdbs/Model_7071_af3_woUnpaired_af3_seed_334589_sample_3_pred_648.cif,Model_7071_af3_woUnpaired_af3_seed_334589_sample_3_pred_648.cif,7071,AF3,af3_woUnpaired,334589,3,648,woUnpaired,,False,casp17/massivefold_external_pool_intake/h2319_t333/extracted_models/H2319_all_pdbs/Model_7071_af3_woUnpaired_af3_seed_334589_sample_3_pred_648.cif,awaiting_extract,"MassiveFold model pool index only. It parses organizer-provided external model tarball listings and stages balanced extraction/rerank candidates. These models remain external rerank and accuracy-estimation inputs, not internal predictions, not CASP submissions, and not competitive-proof evidence."
7,H2319,H2319_T333,13013,H2319_all_pdbs/Model_6158_af3_woUnpaired_af3_seed_466154_sample_1_pred_86.cif,Model_6158_af3_woUnpaired_af3_seed_466154_sample_1_pred_86.cif,6158,AF3,af3_woUnpaired,466154,1,86,woUnpaired,,False,casp17/massivefold_external_pool_intake/h2319_t333/extracted_models/H2319_all_pdbs/Model_6158_af3_woUnpaired_af3_seed_466154_sample_1_pred_86.cif,awaiting_extract,"MassiveFold model pool index only. It parses organizer-provided external model tarball listings and stages balanced extraction/rerank candidates. These models remain external rerank and accuracy-estimation inputs, not internal predictions, not CASP submissions, and not competitive-proof evidence."
7,H2319,H2319_T333,13029,H2319_all_pdbs/Model_6395_af3_woUnpaired_af3_seed_57445_sample_0_pred_825.cif,Model_6395_af3_woUnpaired_af3_seed_57445_sample_0_pred_825.cif,6395,AF3,af3_woUnpaired,57445,0,825,woUnpaired,,False,casp17/massivefold_external_pool_intake/h2319_t333/extracted_models/H2319_all_pdbs/Model_6395_af3_woUnpaired_af3_seed_57445_sample_0_pred_825.cif,awaiting_extract,"MassiveFold model pool index only. It parses organizer-provided external model tarball listings and stages balanced extraction/rerank candidates. These models remain external rerank and accuracy-estimation inputs, not internal predictions, not CASP submissions, and not competitive-proof evidence."
7,H2319,H2319_T333,13031,H2319_all_pdbs/Model_6363_af3_woUnpaired_af3_seed_646840_sample_3_pred_243.cif,Model_6363_af3_woUnpaired_af3_seed_646840_sample_3_pred_243.cif,6363,AF3,af3_woUnpaired,646840,3,243,woUnpaired,,False,casp17/massivefold_external_pool_intake/h2319_t333/extracted_models/H2319_all_pdbs/Model_6363_af3_woUnpaired_af3_seed_646840_sample_3_pred_243.cif,awaiting_extract,"MassiveFold model pool index only. It parses organizer-provided external model tarball listings and stages balanced extraction/rerank candidates. These models remain external rerank and accuracy-estimation inputs, not internal predictions, not CASP submissions, and not competitive-proof evidence."
7,H2319,H2319_T333,13035,H2319_all_pdbs/Model_10961_af3_woUnpaired_af3_seed_646820_sample_4_pred_144.cif,Model_10961_af3_woUnpaired_af3_seed_646820_sample_4_pred_144.cif,10961,AF3,af3_woUnpaired,646820,4,144,woUnpaired,,False,casp17/massivefold_external_pool_intake/h2319_t333/extracted_models/H2319_all_pdbs/Model_10961_af3_woUnpaired_af3_seed_646820_sample_4_pred_144.cif,awaiting_extract,"MassiveFold model pool index only. It parses organizer-provided external model tarball listings and stages balanced extraction/rerank candidates. These models remain external rerank and accuracy-estimation inputs, not internal predictions, not CASP submissions, and not competitive-proof evidence."
7,H2319,H2319_T333,13037,H2319_all_pdbs/Model_8935_af3_woUnpaired_af3_seed_578561_sample_4_pred_884.cif,Model_8935_af3_woUnpaired_af3_seed_578561_sample_4_pred_884.cif,8935,AF3,af3_woUnpaired,578561,4,884,woUnpaired,,False,casp17/massivefold_external_pool_intake/h2319_t333/extracted_models/H2319_all_pdbs/Model_8935_af3_woUnpaired_af3_seed_578561_sample_4_pred_884.cif,awaiting_extract,"MassiveFold model pool index only. It parses organizer-provided external model tarball listings and stages balanced extraction/rerank candidates. These models remain external rerank and accuracy-estimation inputs, not internal predictions, not CASP submissions, and not competitive-proof evidence."
7,H2319,H2319_T333,13038,H2319_all_pdbs/Model_8847_af3_woUnpaired_af3_seed_787929_sample_4_pred_409.cif,Model_8847_af3_woUnpaired_af3_seed_787929_sample_4_pred_409.cif,8847,AF3,af3_woUnpaired,787929,4,409,woUnpaired,,False,casp17/massivefold_external_pool_intake/h2319_t333/extracted_models/H2319_all_pdbs/Model_8847_af3_woUnpaired_af3_seed_787929_sample_4_pred_409.cif,awaiting_extract,"MassiveFold model pool index only. It parses organizer-provided external model tarball listings and stages balanced extraction/rerank candidates. These models remain external rerank and accuracy-estimation inputs, not internal predictions, not CASP submissions, and not competitive-proof evidence."
7,H2319,H2319_T333,13050,H2319_all_pdbs/Model_7064_af3_woUnpaired_af3_seed_334609_sample_0_pred_745.cif,Model_7064_af3_woUnpaired_af3_seed_334609_sample_0_pred_745.cif,7064,AF3,af3_woUnpaired,334609,0,745,woUnpaired,,False,casp17/massivefold_external_pool_intake/h2319_t333/extracted_models/H2319_all_pdbs/Model_7064_af3_woUnpaired_af3_seed_334609_sample_0_pred_745.cif,awaiting_extract,"MassiveFold model pool index only. It parses organizer-provided external model tarball listings and stages balanced extraction/rerank candidates. These models remain external rerank and accuracy-estimation inputs, not internal predictions, not CASP submissions, and not competitive-proof evidence."
7,H2319,H2319_T333,13069,H2319_all_pdbs/Model_8662_af3_woUnpaired_af3_seed_42985_sample_2_pred_347.cif,Model_8662_af3_woUnpaired_af3_seed_42985_sample_2_pred_347.cif,8662,AF3,af3_woUnpaired,42985,2,347,woUnpaired,,False,casp17/massivefold_external_pool_intake/h2319_t333/extracted_models/H2319_all_pdbs/Model_8662_af3_woUnpaired_af3_seed_42985_sample_2_pred_347.cif,awaiting_extract,"MassiveFold model pool index only. It parses organizer-provided external model tarball listings and stages balanced extraction/rerank candidates. These models remain external rerank and accuracy-estimation inputs, not internal predictions, not CASP submissions, and not competitive-proof evidence."
7,H2319,H2319_T333,13072,H2319_all_pdbs/Model_7711_af3_woUnpaired_af3_seed_646819_sample_4_pred_139.cif,Model_7711_af3_woUnpaired_af3_seed_646819_sample_4_pred_139.cif,7711,AF3,af3_woUnpaired,646819,4,139,woUnpaired,,False,casp17/massivefold_external_pool_intake/h2319_t333/extracted_models/H2319_all_pdbs/Model_7711_af3_woUnpaired_af3_seed_646819_sample_4_pred_139.cif,awaiting_extract,"MassiveFold model pool index only. It parses organizer-provided external model tarball listings and stages balanced extraction/rerank candidates. These models remain external rerank and accuracy-estimation inputs, not internal predictions, not CASP submissions, and not competitive-proof evidence."
7,H2319,H2319_T333,13075,H2319_all_pdbs/Model_6362_af3_woUnpaired_af3_seed_42986_sample_4_pred_354.cif,Model_6362_af3_woUnpaired_af3_seed_42986_sample_4_pred_354.cif,6362,AF3,af3_woUnpaired,42986,4,354,woUnpaired,,False,casp17/massivefold_external_pool_intake/h2319_t333/extracted_models/H2319_all_pdbs/Model_6362_af3_woUnpaired_af3_seed_42986_sample_4_pred_354.cif,awaiting_extract,"MassiveFold model pool index only. It parses organizer-provided external model tarball listings and stages balanced extraction/rerank candidates. These models remain external rerank and accuracy-estimation inputs, not internal predictions, not CASP submissions, and not competitive-proof evidence."
7,H2319,H2319_T333,13076,H2319_all_pdbs/Model_10928_af3_woUnpaired_af3_seed_42977_sample_3_pred_308.cif,Model_10928_af3_woUnpaired_af3_seed_42977_sample_3_pred_308.cif,10928,AF3,af3_woUnpaired,42977,3,308,woUnpaired,,False,casp17/massivefold_external_pool_intake/h2319_t333/extracted_models/H2319_all_pdbs/Model_10928_af3_woUnpaired_af3_seed_42977_sample_3_pred_308.cif,awaiting_extract,"MassiveFold model pool index only. It parses organizer-provided external model tarball listings and stages balanced extraction/rerank candidates. These models remain external rerank and accuracy-estimation inputs, not internal predictions, not CASP submissions, and not competitive-proof evidence."
7,H2319,H2319_T333,13091,H2319_all_pdbs/Model_10273_af3_woUnpaired_af3_seed_787931_sample_3_pred_418.cif,Model_10273_af3_woUnpaired_af3_seed_787931_sample_3_pred_418.cif,10273,AF3,af3_woUnpaired,787931,3,418,woUnpaired,,False,casp17/massivefold_external_pool_intake/h2319_t333/extracted_models/H2319_all_pdbs/Model_10273_af3_woUnpaired_af3_seed_787931_sample_3_pred_418.cif,awaiting_extract,"MassiveFold model pool index only. It parses organizer-provided external model tarball listings and stages balanced extraction/rerank candidates. These models remain external rerank and accuracy-estimation inputs, not internal predictions, not CASP submissions, and not competitive-proof evidence."
7,H2319,H2319_T333,13092,H2319_all_pdbs/Model_6924_af3_woUnpaired_af3_seed_578569_sample_4_pred_924.cif,Model_6924_af3_woUnpaired_af3_seed_578569_sample_4_pred_924.cif,6924,AF3,af3_woUnpaired,578569,4,924,woUnpaired,,False,casp17/massivefold_external_pool_intake/h2319_t333/extracted_models/H2319_all_pdbs/Model_6924_af3_woUnpaired_af3_seed_578569_sample_4_pred_924.cif,awaiting_extract,"MassiveFold model pool index only. It parses organizer-provided external model tarball listings and stages balanced extraction/rerank candidates. These models remain external rerank and accuracy-estimation inputs, not internal predictions, not CASP submissions, and not competitive-proof evidence."
7,H2319,H2319_T333,13138,H2319_all_pdbs/Model_12211_af3_woUnpaired_af3_seed_57452_sample_1_pred_861.cif,Model_12211_af3_woUnpaired_af3_seed_57452_sample_1_pred_861.cif,12211,AF3,af3_woUnpaired,57452,1,861,woUnpaired,,False,casp17/massivefold_external_pool_intake/h2319_t333/extracted_models/H2319_all_pdbs/Model_12211_af3_woUnpaired_af3_seed_57452_sample_1_pred_861.cif,awaiting_extract,"MassiveFold model pool index only. It parses organizer-provided external model tarball listings and stages balanced extraction/rerank candidates. These models remain external rerank and accuracy-estimation inputs, not internal predictions, not CASP submissions, and not competitive-proof evidence."
7,H2319,H2319_T333,13154,H2319_all_pdbs/Model_6152_af3_woUnpaired_af3_seed_646824_sample_2_pred_162.cif,Model_6152_af3_woUnpaired_af3_seed_646824_sample_2_pred_162.cif,6152,AF3,af3_woUnpaired,646824,2,162,woUnpaired,,False,casp17/massivefold_external_pool_intake/h2319_t333/extracted_models/H2319_all_pdbs/Model_6152_af3_woUnpaired_af3_seed_646824_sample_2_pred_162.cif,awaiting_extract,"MassiveFold model pool index only. It parses organizer-provided external model tarball listings and stages balanced extraction/rerank candidates. These models remain external rerank and accuracy-estimation inputs, not internal predictions, not CASP submissions, and not competitive-proof evidence."
7,H2319,H2319_T333,13162,H2319_all_pdbs/Model_8731_af3_woUnpaired_af3_seed_714132_sample_3_pred_618.cif,Model_8731_af3_woUnpaired_af3_seed_714132_sample_3_pred_618.cif,8731,AF3,af3_woUnpaired,714132,3,618,woUnpaired,,False,casp17/massivefold_external_pool_intake/h2319_t333/extracted_models/H2319_all_pdbs/Model_8731_af3_woUnpaired_af3_seed_714132_sample_3_pred_618.cif,awaiting_extract,"MassiveFold model pool index only. It parses organizer-provided external model tarball listings and stages balanced extraction/rerank candidates. These models remain external rerank and accuracy-estimation inputs, not internal predictions, not CASP submissions, and not competitive-proof evidence."
7,H2319,H2319_T333,13167,H2319_all_pdbs/Model_6156_af3_woUnpaired_af3_seed_42973_sample_2_pred_287.cif,Model_6156_af3_woUnpaired_af3_seed_42973_sample_2_pred_287.cif,6156,AF3,af3_woUnpaired,42973,2,287,woUnpaired,,False,casp17/massivefold_external_pool_intake/h2319_t333/extracted_models/H2319_all_pdbs/Model_6156_af3_woUnpaired_af3_seed_42973_sample_2_pred_287.cif,awaiting_extract,"MassiveFold model pool index only. It parses organizer-provided external model tarball listings and stages balanced extraction/rerank candidates. These models remain external rerank and accuracy-estimation inputs, not internal predictions, not CASP submissions, and not competitive-proof evidence."
7,H2319,H2319_T333,13190,H2319_all_pdbs/Model_8897_af3_woUnpaired_af3_seed_578582_sample_0_pred_985.cif,Model_8897_af3_woUnpaired_af3_seed_578582_sample_0_pred_985.cif,8897,AF3,af3_woUnpaired,578582,0,985,woUnpaired,,False,casp17/massivefold_external_pool_intake/h2319_t333/extracted_models/H2319_all_pdbs/Model_8897_af3_woUnpaired_af3_seed_578582_sample_0_pred_985.cif,awaiting_extract,"MassiveFold model pool index only. It parses organizer-provided external model tarball listings and stages balanced extraction/rerank candidates. These models remain external rerank and accuracy-estimation inputs, not internal predictions, not CASP submissions, and not competitive-proof evidence."
7,H2319,H2319_T333,13195,H2319_all_pdbs/Model_7026_af3_woUnpaired_af3_seed_787941_sample_4_pred_469.cif,Model_7026_af3_woUnpaired_af3_seed_787941_sample_4_pred_469.cif,7026,AF3,af3_woUnpaired,787941,4,469,woUnpaired,,False,casp17/massivefold_external_pool_intake/h2319_t333/extracted_models/H2319_all_pdbs/Model_7026_af3_woUnpaired_af3_seed_787941_sample_4_pred_469.cif,awaiting_extract,"MassiveFold model pool index only. It parses organizer-provided external model tarball listings and stages balanced extraction/rerank candidates. These models remain external rerank and accuracy-estimation inputs, not internal predictions, not CASP submissions, and not competitive-proof evidence."
7,H2319,H2319_T333,13220,H2319_all_pdbs/Model_6147_af3_woUnpaired_af3_seed_334603_sample_4_pred_719.cif,Model_6147_af3_woUnpaired_af3_seed_334603_sample_4_pred_719.cif,6147,AF3,af3_woUnpaired,334603,4,719,woUnpaired,,False,casp17/massivefold_external_pool_intake/h2319_t333/extracted_models/H2319_all_pdbs/Model_6147_af3_woUnpaired_af3_seed_334603_sample_4_pred_719.cif,awaiting_extract,"MassiveFold model pool index only. It parses organizer-provided external model tarball listings and stages balanced extraction/rerank candidates. These models remain external rerank and accuracy-estimation inputs, not internal predictions, not CASP submissions, and not competitive-proof evidence."
7,H2319,H2319_T333,13232,H2319_all_pdbs/Model_8819_af3_woUnpaired_af3_seed_646827_sample_4_pred_179.cif,Model_8819_af3_woUnpaired_af3_seed_646827_sample_4_pred_179.cif,8819,AF3,af3_woUnpaired,646827,4,179,woUnpaired,,False,casp17/massivefold_external_pool_intake/h2319_t333/extracted_models/H2319_all_pdbs/Model_8819_af3_woUnpaired_af3_seed_646827_sample_4_pred_179.cif,awaiting_extract,"MassiveFold model pool index only. It parses organizer-provided external model tarball listings and stages balanced extraction/rerank candidates. These models remain external rerank and accuracy-estimation inputs, not internal predictions, not CASP submissions, and not competitive-proof evidence."
7,H2319,H2319_T333,13256,H2319_all_pdbs/Model_8850_af3_woUnpaired_af3_seed_631610_sample_1_pred_1001.cif,Model_8850_af3_woUnpaired_af3_seed_631610_sample_1_pred_1001.cif,8850,AF3,af3_woUnpaired,631610,1,1001,woUnpaired,,False,casp17/massivefold_external_pool_intake/h2319_t333/extracted_models/H2319_all_pdbs/Model_8850_af3_woUnpaired_af3_seed_631610_sample_1_pred_1001.cif,awaiting_extract,"MassiveFold model pool index only. It parses organizer-provided external model tarball listings and stages balanced extraction/rerank candidates. These models remain external rerank and accuracy-estimation inputs, not internal predictions, not CASP submissions, and not competitive-proof evidence."
7,H2319,H2319_T333,13257,H2319_all_pdbs/Model_8643_af3_woUnpaired_af3_seed_631610_sample_4_pred_1004.cif,Model_8643_af3_woUnpaired_af3_seed_631610_sample_4_pred_1004.cif,8643,AF3,af3_woUnpaired,631610,4,1004,woUnpaired,,False,casp17/massivefold_external_pool_intake/h2319_t333/extracted_models/H2319_all_pdbs/Model_8643_af3_woUnpaired_af3_seed_631610_sample_4_pred_1004.cif,awaiting_extract,"MassiveFold model pool index only. It parses organizer-provided external model tarball listings and stages balanced extraction/rerank candidates. These models remain external rerank and accuracy-estimation inputs, not internal predictions, not CASP submissions, and not competitive-proof evidence."
7,H2319,H2319_T333,13289,H2319_all_pdbs/Model_8768_af3_woUnpaired_af3_seed_42990_sample_3_pred_373.cif,Model_8768_af3_woUnpaired_af3_seed_42990_sample_3_pred_373.cif,8768,AF3,af3_woUnpaired,42990,3,373,woUnpaired,,False,casp17/massivefold_external_pool_intake/h2319_t333/extracted_models/H2319_all_pdbs/Model_8768_af3_woUnpaired_af3_seed_42990_sample_3_pred_373.cif,awaiting_extract,"MassiveFold model pool index only. It parses organizer-provided external model tarball listings and stages balanced extraction/rerank candidates. These models remain external rerank and accuracy-estimation inputs, not internal predictions, not CASP submissions, and not competitive-proof evidence."
7,H2319,H2319_T333,13290,H2319_all_pdbs/Model_6140_af3_woUnpaired_af3_seed_646821_sample_0_pred_145.cif,Model_6140_af3_woUnpaired_af3_seed_646821_sample_0_pred_145.cif,6140,AF3,af3_woUnpaired,646821,0,145,woUnpaired,,False,casp17/massivefold_external_pool_intake/h2319_t333/extracted_models/H2319_all_pdbs/Model_6140_af3_woUnpaired_af3_seed_646821_sample_0_pred_145.cif,awaiting_extract,"MassiveFold model pool index only. It parses organizer-provided external model tarball listings and stages balanced extraction/rerank candidates. These models remain external rerank and accuracy-estimation inputs, not internal predictions, not CASP submissions, and not competitive-proof evidence."
7,H2319,H2319_T333,13293,H2319_all_pdbs/Model_10238_af3_woUnpaired_af3_seed_787928_sample_2_pred_402.cif,Model_10238_af3_woUnpaired_af3_seed_787928_sample_2_pred_402.cif,10238,AF3,af3_woUnpaired,787928,2,402,woUnpaired,,False,casp17/massivefold_external_pool_intake/h2319_t333/extracted_models/H2319_all_pdbs/Model_10238_af3_woUnpaired_af3_seed_787928_sample_2_pred_402.cif,awaiting_extract,"MassiveFold model pool index only. It parses organizer-provided external model tarball listings and stages balanced extraction/rerank candidates. These models remain external rerank and accuracy-estimation inputs, not internal predictions, not CASP submissions, and not competitive-proof evidence."
7,H2319,H2319_T333,13322,H2319_all_pdbs/Model_7073_af3_woUnpaired_af3_seed_714112_sample_1_pred_516.cif,Model_7073_af3_woUnpaired_af3_seed_714112_sample_1_pred_516.cif,7073,AF3,af3_woUnpaired,714112,1,516,woUnpaired,,False,casp17/massivefold_external_pool_intake/h2319_t333/extracted_models/H2319_all_pdbs/Model_7073_af3_woUnpaired_af3_seed_714112_sample_1_pred_516.cif,awaiting_extract,"MassiveFold model pool index only. It parses organizer-provided external model tarball listings and stages balanced extraction/rerank candidates. These models remain external rerank and accuracy-estimation inputs, not internal predictions, not CASP submissions, and not competitive-proof evidence."
7,H2319,H2319_T333,13348,H2319_all_pdbs/Model_8782_af3_woUnpaired_af3_seed_714116_sample_4_pred_539.cif,Model_8782_af3_woUnpaired_af3_seed_714116_sample_4_pred_539.cif,8782,AF3,af3_woUnpaired,714116,4,539,woUnpaired,,False,casp17/massivefold_external_pool_intake/h2319_t333/extracted_models/H2319_all_pdbs/Model_8782_af3_woUnpaired_af3_seed_714116_sample_4_pred_539.cif,awaiting_extract,"MassiveFold model pool index only. It parses organizer-provided external model tarball listings and stages balanced extraction/rerank candidates. These models remain external rerank and accuracy-estimation inputs, not internal predictions, not CASP submissions, and not competitive-proof evidence."
7,H2319,H2319_T333,13353,H2319_all_pdbs/Model_6914_af3_woUnpaired_af3_seed_646817_sample_2_pred_127.cif,Model_6914_af3_woUnpaired_af3_seed_646817_sample_2_pred_127.cif,6914,AF3,af3_woUnpaired,646817,2,127,woUnpaired,,False,casp17/massivefold_external_pool_intake/h2319_t333/extracted_models/H2319_all_pdbs/Model_6914_af3_woUnpaired_af3_seed_646817_sample_2_pred_127.cif,awaiting_extract,"MassiveFold model pool index only. It parses organizer-provided external model tarball listings and stages balanced extraction/rerank candidates. These models remain external rerank and accuracy-estimation inputs, not internal predictions, not CASP submissions, and not competitive-proof evidence."
7,H2319,H2319_T333,13371,H2319_all_pdbs/Model_8889_af3_woUnpaired_af3_seed_334587_sample_4_pred_639.cif,Model_8889_af3_woUnpaired_af3_seed_334587_sample_4_pred_639.cif,8889,AF3,af3_woUnpaired,334587,4,639,woUnpaired,,False,casp17/massivefold_external_pool_intake/h2319_t333/extracted_models/H2319_all_pdbs/Model_8889_af3_woUnpaired_af3_seed_334587_sample_4_pred_639.cif,awaiting_extract,"MassiveFold model pool index only. It parses organizer-provided external model tarball listings and stages balanced extraction/rerank candidates. These models remain external rerank and accuracy-estimation inputs, not internal predictions, not CASP submissions, and not competitive-proof evidence."
7,H2319,H2319_T333,13376,H2319_all_pdbs/Model_7681_af3_woUnpaired_af3_seed_714129_sample_3_pred_603.cif,Model_7681_af3_woUnpaired_af3_seed_714129_sample_3_pred_603.cif,7681,AF3,af3_woUnpaired,714129,3,603,woUnpaired,,False,casp17/massivefold_external_pool_intake/h2319_t333/extracted_models/H2319_all_pdbs/Model_7681_af3_woUnpaired_af3_seed_714129_sample_3_pred_603.cif,awaiting_extract,"MassiveFold model pool index only. It parses organizer-provided external model tarball listings and stages balanced extraction/rerank candidates. These models remain external rerank and accuracy-estimation inputs, not internal predictions, not CASP submissions, and not competitive-proof evidence."
7,H2319,H2319_T333,13416,H2319_all_pdbs/Model_8766_af3_woUnpaired_af3_seed_787927_sample_1_pred_396.cif,Model_8766_af3_woUnpaired_af3_seed_787927_sample_1_pred_396.cif,8766,AF3,af3_woUnpaired,787927,1,396,woUnpaired,,False,casp17/massivefold_external_pool_intake/h2319_t333/extracted_models/H2319_all_pdbs/Model_8766_af3_woUnpaired_af3_seed_787927_sample_1_pred_396.cif,awaiting_extract,"MassiveFold model pool index only. It parses organizer-provided external model tarball listings and stages balanced extraction/rerank candidates. These models remain external rerank and accuracy-estimation inputs, not internal predictions, not CASP submissions, and not competitive-proof evidence."
7,H2319,H2319_T333,13417,H2319_all_pdbs/Model_8744_af3_woUnpaired_af3_seed_466138_sample_0_pred_5.cif,Model_8744_af3_woUnpaired_af3_seed_466138_sample_0_pred_5.cif,8744,AF3,af3_woUnpaired,466138,0,5,woUnpaired,,False,casp17/massivefold_external_pool_intake/h2319_t333/extracted_models/H2319_all_pdbs/Model_8744_af3_woUnpaired_af3_seed_466138_sample_0_pred_5.cif,awaiting_extract,"MassiveFold model pool index only. It parses organizer-provided external model tarball listings and stages balanced extraction/rerank candidates. These models remain external rerank and accuracy-estimation inputs, not internal predictions, not CASP submissions, and not competitive-proof evidence."
7,H2319,H2319_T333,13418,H2319_all_pdbs/Model_8842_af3_woUnpaired_af3_seed_57434_sample_0_pred_770.cif,Model_8842_af3_woUnpaired_af3_seed_57434_sample_0_pred_770.cif,8842,AF3,af3_woUnpaired,57434,0,770,woUnpaired,,False,casp17/massivefold_external_pool_intake/h2319_t333/extracted_models/H2319_all_pdbs/Model_8842_af3_woUnpaired_af3_seed_57434_sample_0_pred_770.cif,awaiting_extract,"MassiveFold model pool index only. It parses organizer-provided external model tarball listings and stages balanced extraction/rerank candidates. These models remain external rerank and accuracy-estimation inputs, not internal predictions, not CASP submissions, and not competitive-proof evidence."
7,H2319,H2319_T333,13419,H2319_all_pdbs/Model_10995_af3_woUnpaired_af3_seed_334606_sample_3_pred_733.cif,Model_10995_af3_woUnpaired_af3_seed_334606_sample_3_pred_733.cif,10995,AF3,af3_woUnpaired,334606,3,733,woUnpaired,,False,casp17/massivefold_external_pool_intake/h2319_t333/extracted_models/H2319_all_pdbs/Model_10995_af3_woUnpaired_af3_seed_334606_sample_3_pred_733.cif,awaiting_extract,"MassiveFold model pool index only. It parses organizer-provided external model tarball listings and stages balanced extraction/rerank candidates. These models remain external rerank and accuracy-estimation inputs, not internal predictions, not CASP submissions, and not competitive-proof evidence."
7,H2319,H2319_T333,13429,H2319_all_pdbs/Model_8595_af3_woUnpaired_af3_seed_466157_sample_4_pred_104.cif,Model_8595_af3_woUnpaired_af3_seed_466157_sample_4_pred_104.cif,8595,AF3,af3_woUnpaired,466157,4,104,woUnpaired,,False,casp17/massivefold_external_pool_intake/h2319_t333/extracted_models/H2319_all_pdbs/Model_8595_af3_woUnpaired_af3_seed_466157_sample_4_pred_104.cif,awaiting_extract,"MassiveFold model pool index only. It parses organizer-provided external model tarball listings and stages balanced extraction/rerank candidates. These models remain external rerank and accuracy-estimation inputs, not internal predictions, not CASP submissions, and not competitive-proof evidence."
7,H2319,H2319_T333,13432,H2319_all_pdbs/Model_7778_af3_woUnpaired_af3_seed_466144_sample_2_pred_37.cif,Model_7778_af3_woUnpaired_af3_seed_466144_sample_2_pred_37.cif,7778,AF3,af3_woUnpaired,466144,2,37,woUnpaired,,False,casp17/massivefold_external_pool_intake/h2319_t333/extracted_models/H2319_all_pdbs/Model_7778_af3_woUnpaired_af3_seed_466144_sample_2_pred_37.cif,awaiting_extract,"MassiveFold model pool index only. It parses organizer-provided external model tarball listings and stages balanced extraction/rerank candidates. These models remain external rerank and accuracy-estimation inputs, not internal predictions, not CASP submissions, and not competitive-proof evidence."
7,H2319,H2319_T333,13439,H2319_all_pdbs/Model_6982_af3_woUnpaired_af3_seed_42989_sample_2_pred_367.cif,Model_6982_af3_woUnpaired_af3_seed_42989_sample_2_pred_367.cif,6982,AF3,af3_woUnpaired,42989,2,367,woUnpaired,,False,casp17/massivefold_external_pool_intake/h2319_t333/extracted_models/H2319_all_pdbs/Model_6982_af3_woUnpaired_af3_seed_42989_sample_2_pred_367.cif,awaiting_extract,"MassiveFold model pool index only. It parses organizer-provided external model tarball listings and stages balanced extraction/rerank candidates. These models remain external rerank and accuracy-estimation inputs, not internal predictions, not CASP submissions, and not competitive-proof evidence."
7,H2319,H2319_T333,13449,H2319_all_pdbs/Model_8873_af3_woUnpaired_af3_seed_466139_sample_4_pred_14.cif,Model_8873_af3_woUnpaired_af3_seed_466139_sample_4_pred_14.cif,8873,AF3,af3_woUnpaired,466139,4,14,woUnpaired,,False,casp17/massivefold_external_pool_intake/h2319_t333/extracted_models/H2319_all_pdbs/Model_8873_af3_woUnpaired_af3_seed_466139_sample_4_pred_14.cif,awaiting_extract,"MassiveFold model pool index only. It parses organizer-provided external model tarball listings and stages balanced extraction/rerank candidates. These models remain external rerank and accuracy-estimation inputs, not internal predictions, not CASP submissions, and not competitive-proof evidence."
7,H2319,H2319_T333,13454,H2319_all_pdbs/Model_7701_af3_woUnpaired_af3_seed_714110_sample_3_pred_508.cif,Model_7701_af3_woUnpaired_af3_seed_714110_sample_3_pred_508.cif,7701,AF3,af3_woUnpaired,714110,3,508,woUnpaired,,False,casp17/massivefold_external_pool_intake/h2319_t333/extracted_models/H2319_all_pdbs/Model_7701_af3_woUnpaired_af3_seed_714110_sample_3_pred_508.cif,awaiting_extract,"MassiveFold model pool index only. It parses organizer-provided external model tarball listings and stages balanced extraction/rerank candidates. These models remain external rerank and accuracy-estimation inputs, not internal predictions, not CASP submissions, and not competitive-proof evidence."
7,H2319,H2319_T333,13463,H2319_all_pdbs/Model_10888_af3_woUnpaired_af3_seed_466158_sample_0_pred_105.cif,Model_10888_af3_woUnpaired_af3_seed_466158_sample_0_pred_105.cif,10888,AF3,af3_woUnpaired,466158,0,105,woUnpaired,,False,casp17/massivefold_external_pool_intake/h2319_t333/extracted_models/H2319_all_pdbs/Model_10888_af3_woUnpaired_af3_seed_466158_sample_0_pred_105.cif,awaiting_extract,"MassiveFold model pool index only. It parses organizer-provided external model tarball listings and stages balanced extraction/rerank candidates. These models remain external rerank and accuracy-estimation inputs, not internal predictions, not CASP submissions, and not competitive-proof evidence."
7,H2319,H2319_T333,13475,H2319_all_pdbs/Model_7072_af3_woUnpaired_af3_seed_57452_sample_0_pred_860.cif,Model_7072_af3_woUnpaired_af3_seed_57452_sample_0_pred_860.cif,7072,AF3,af3_woUnpaired,57452,0,860,woUnpaired,,False,casp17/massivefold_external_pool_intake/h2319_t333/extracted_models/H2319_all_pdbs/Model_7072_af3_woUnpaired_af3_seed_57452_sample_0_pred_860.cif,awaiting_extract,"MassiveFold model pool index only. It parses organizer-provided external model tarball listings and stages balanced extraction/rerank candidates. These models remain external rerank and accuracy-estimation inputs, not internal predictions, not CASP submissions, and not competitive-proof evidence."
7,H2319,H2319_T333,13478,H2319_all_pdbs/Model_7736_af3_woUnpaired_af3_seed_578568_sample_0_pred_915.cif,Model_7736_af3_woUnpaired_af3_seed_578568_sample_0_pred_915.cif,7736,AF3,af3_woUnpaired,578568,0,915,woUnpaired,,False,casp17/massivefold_external_pool_intake/h2319_t333/extracted_models/H2319_all_pdbs/Model_7736_af3_woUnpaired_af3_seed_578568_sample_0_pred_915.cif,awaiting_extract,"MassiveFold model pool index only. It parses organizer-provided external model tarball listings and stages balanced extraction/rerank candidates. These models remain external rerank and accuracy-estimation inputs, not internal predictions, not CASP submissions, and not competitive-proof evidence."
7,H2319,H2319_T333,13479,H2319_all_pdbs/Model_7692_af3_woUnpaired_af3_seed_714114_sample_1_pred_526.cif,Model_7692_af3_woUnpaired_af3_seed_714114_sample_1_pred_526.cif,7692,AF3,af3_woUnpaired,714114,1,526,woUnpaired,,False,casp17/massivefold_external_pool_intake/h2319_t333/extracted_models/H2319_all_pdbs/Model_7692_af3_woUnpaired_af3_seed_714114_sample_1_pred_526.cif,awaiting_extract,"MassiveFold model pool index only. It parses organizer-provided external model tarball listings and stages balanced extraction/rerank candidates. These models remain external rerank and accuracy-estimation inputs, not internal predictions, not CASP submissions, and not competitive-proof evidence."
7,H2319,H2319_T333,13480,H2319_all_pdbs/Model_6392_af3_woUnpaired_af3_seed_646827_sample_0_pred_175.cif,Model_6392_af3_woUnpaired_af3_seed_646827_sample_0_pred_175.cif,6392,AF3,af3_woUnpaired,646827,0,175,woUnpaired,,False,casp17/massivefold_external_pool_intake/h2319_t333/extracted_models/H2319_all_pdbs/Model_6392_af3_woUnpaired_af3_seed_646827_sample_0_pred_175.cif,awaiting_extract,"MassiveFold model pool index only. It parses organizer-provided external model tarball listings and stages balanced extraction/rerank candidates. These models remain external rerank and accuracy-estimation inputs, not internal predictions, not CASP submissions, and not competitive-proof evidence."
7,H2319,H2319_T333,13485,H2319_all_pdbs/Model_10242_af3_woUnpaired_af3_seed_466153_sample_4_pred_84.cif,Model_10242_af3_woUnpaired_af3_seed_466153_sample_4_pred_84.cif,10242,AF3,af3_woUnpaired,466153,4,84,woUnpaired,,False,casp17/massivefold_external_pool_intake/h2319_t333/extracted_models/H2319_all_pdbs/Model_10242_af3_woUnpaired_af3_seed_466153_sample_4_pred_84.cif,awaiting_extract,"MassiveFold model pool index only. It parses organizer-provided external model tarball listings and stages balanced extraction/rerank candidates. These models remain external rerank and accuracy-estimation inputs, not internal predictions, not CASP submissions, and not competitive-proof evidence."
7,H2319,H2319_T333,13490,H2319_all_pdbs/Model_6986_af3_woUnpaired_af3_seed_334603_sample_1_pred_716.cif,Model_6986_af3_woUnpaired_af3_seed_334603_sample_1_pred_716.cif,6986,AF3,af3_woUnpaired,334603,1,716,woUnpaired,,False,casp17/massivefold_external_pool_intake/h2319_t333/extracted_models/H2319_all_pdbs/Model_6986_af3_woUnpaired_af3_seed_334603_sample_1_pred_716.cif,awaiting_extract,"MassiveFold model pool index only. It parses organizer-provided external model tarball listings and stages balanced extraction/rerank candidates. These models remain external rerank and accuracy-estimation inputs, not internal predictions, not CASP submissions, and not competitive-proof evidence."
7,H2319,H2319_T333,13499,H2319_all_pdbs/Model_6932_af3_woUnpaired_af3_seed_42985_sample_3_pred_348.cif,Model_6932_af3_woUnpaired_af3_seed_42985_sample_3_pred_348.cif,6932,AF3,af3_woUnpaired,42985,3,348,woUnpaired,,False,casp17/massivefold_external_pool_intake/h2319_t333/extracted_models/H2319_all_pdbs/Model_6932_af3_woUnpaired_af3_seed_42985_sample_3_pred_348.cif,awaiting_extract,"MassiveFold model pool index only. It parses organizer-provided external model tarball listings and stages balanced extraction/rerank candidates. These models remain external rerank and accuracy-estimation inputs, not internal predictions, not CASP submissions, and not competitive-proof evidence."
7,H2319,H2319_T333,13533,H2319_all_pdbs/Model_8713_af3_woUnpaired_af3_seed_466138_sample_3_pred_8.cif,Model_8713_af3_woUnpaired_af3_seed_466138_sample_3_pred_8.cif,8713,AF3,af3_woUnpaired,466138,3,8,woUnpaired,,False,casp17/massivefold_external_pool_intake/h2319_t333/extracted_models/H2319_all_pdbs/Model_8713_af3_woUnpaired_af3_seed_466138_sample_3_pred_8.cif,awaiting_extract,"MassiveFold model pool index only. It parses organizer-provided external model tarball listings and stages balanced extraction/rerank candidates. These models remain external rerank and accuracy-estimation inputs, not internal predictions, not CASP submissions, and not competitive-proof evidence."
7,H2319,H2319_T333,13546,H2319_all_pdbs/Model_10938_af3_woUnpaired_af3_seed_578561_sample_3_pred_883.cif,Model_10938_af3_woUnpaired_af3_seed_578561_sample_3_pred_883.cif,10938,AF3,af3_woUnpaired,578561,3,883,woUnpaired,,False,casp17/massivefold_external_pool_intake/h2319_t333/extracted_models/H2319_all_pdbs/Model_10938_af3_woUnpaired_af3_seed_578561_sample_3_pred_883.cif,awaiting_extract,"MassiveFold model pool index only. It parses organizer-provided external model tarball listings and stages balanced extraction/rerank candidates. These models remain external rerank and accuracy-estimation inputs, not internal predictions, not CASP submissions, and not competitive-proof evidence."
7,H2319,H2319_T333,13565,H2319_all_pdbs/Model_7686_af3_woUnpaired_af3_seed_57449_sample_3_pred_848.cif,Model_7686_af3_woUnpaired_af3_seed_57449_sample_3_pred_848.cif,7686,AF3,af3_woUnpaired,57449,3,848,woUnpaired,,False,casp17/massivefold_external_pool_intake/h2319_t333/extracted_models/H2319_all_pdbs/Model_7686_af3_woUnpaired_af3_seed_57449_sample_3_pred_848.cif,awaiting_extract,"MassiveFold model pool index only. It parses organizer-provided external model tarball listings and stages balanced extraction/rerank candidates. These models remain external rerank and accuracy-estimation inputs, not internal predictions, not CASP submissions, and not competitive-proof evidence."
7,H2319,H2319_T333,13593,H2319_all_pdbs/Model_8639_af3_woUnpaired_af3_seed_787925_sample_4_pred_389.cif,Model_8639_af3_woUnpaired_af3_seed_787925_sample_4_pred_389.cif,8639,AF3,af3_woUnpaired,787925,4,389,woUnpaired,,False,casp17/massivefold_external_pool_intake/h2319_t333/extracted_models/H2319_all_pdbs/Model_8639_af3_woUnpaired_af3_seed_787925_sample_4_pred_389.cif,awaiting_extract,"MassiveFold model pool index only. It parses organizer-provided external model tarball listings and stages balanced extraction/rerank candidates. These models remain external rerank and accuracy-estimation inputs, not internal predictions, not CASP submissions, and not competitive-proof evidence."
7,H2319,H2319_T333,13643,H2319_all_pdbs/Model_10919_af3_woUnpaired_af3_seed_42974_sample_0_pred_290.cif,Model_10919_af3_woUnpaired_af3_seed_42974_sample_0_pred_290.cif,10919,AF3,af3_woUnpaired,42974,0,290,woUnpaired,,False,casp17/massivefold_external_pool_intake/h2319_t333/extracted_models/H2319_all_pdbs/Model_10919_af3_woUnpaired_af3_seed_42974_sample_0_pred_290.cif,awaiting_extract,"MassiveFold model pool index only. It parses organizer-provided external model tarball listings and stages balanced extraction/rerank candidates. These models remain external rerank and accuracy-estimation inputs, not internal predictions, not CASP submissions, and not competitive-proof evidence."
7,H2319,H2319_T333,13647,H2319_all_pdbs/Model_7041_af3_woUnpaired_af3_seed_57451_sample_4_pred_859.cif,Model_7041_af3_woUnpaired_af3_seed_57451_sample_4_pred_859.cif,7041,AF3,af3_woUnpaired,57451,4,859,woUnpaired,,False,casp17/massivefold_external_pool_intake/h2319_t333/extracted_models/H2319_all_pdbs/Model_7041_af3_woUnpaired_af3_seed_57451_sample_4_pred_859.cif,awaiting_extract,"MassiveFold model pool index only. It parses organizer-provided external model tarball listings and stages balanced extraction/rerank candidates. These models remain external rerank and accuracy-estimation inputs, not internal predictions, not CASP submissions, and not competitive-proof evidence."
7,H2319,H2319_T333,13649,H2319_all_pdbs/Model_8581_af3_woUnpaired_af3_seed_334607_sample_4_pred_739.cif,Model_8581_af3_woUnpaired_af3_seed_334607_sample_4_pred_739.cif,8581,AF3,af3_woUnpaired,334607,4,739,woUnpaired,,False,casp17/massivefold_external_pool_intake/h2319_t333/extracted_models/H2319_all_pdbs/Model_8581_af3_woUnpaired_af3_seed_334607_sample_4_pred_739.cif,awaiting_extract,"MassiveFold model pool index only. It parses organizer-provided external model tarball listings and stages balanced extraction/rerank candidates. These models remain external rerank and accuracy-estimation inputs, not internal predictions, not CASP submissions, and not competitive-proof evidence."
7,H2319,H2319_T333,13652,H2319_all_pdbs/Model_10949_af3_woUnpaired_af3_seed_714118_sample_2_pred_547.cif,Model_10949_af3_woUnpaired_af3_seed_714118_sample_2_pred_547.cif,10949,AF3,af3_woUnpaired,714118,2,547,woUnpaired,,False,casp17/massivefold_external_pool_intake/h2319_t333/extracted_models/H2319_all_pdbs/Model_10949_af3_woUnpaired_af3_seed_714118_sample_2_pred_547.cif,awaiting_extract,"MassiveFold model pool index only. It parses organizer-provided external model tarball listings and stages balanced extraction/rerank candidates. These models remain external rerank and accuracy-estimation inputs, not internal predictions, not CASP submissions, and not competitive-proof evidence."
7,H2319,H2319_T333,13664,H2319_all_pdbs/Model_7066_af3_woUnpaired_af3_seed_714121_sample_3_pred_563.cif,Model_7066_af3_woUnpaired_af3_seed_714121_sample_3_pred_563.cif,7066,AF3,af3_woUnpaired,714121,3,563,woUnpaired,,False,casp17/massivefold_external_pool_intake/h2319_t333/extracted_models/H2319_all_pdbs/Model_7066_af3_woUnpaired_af3_seed_714121_sample_3_pred_563.cif,awaiting_extract,"MassiveFold model pool index only. It parses organizer-provided external model tarball listings and stages balanced extraction/rerank candidates. These models remain external rerank and accuracy-estimation inputs, not internal predictions, not CASP submissions, and not competitive-proof evidence."
7,H2319,H2319_T333,13693,H2319_all_pdbs/Model_8736_af3_woUnpaired_af3_seed_646818_sample_1_pred_131.cif,Model_8736_af3_woUnpaired_af3_seed_646818_sample_1_pred_131.cif,8736,AF3,af3_woUnpaired,646818,1,131,woUnpaired,,False,casp17/massivefold_external_pool_intake/h2319_t333/extracted_models/H2319_all_pdbs/Model_8736_af3_woUnpaired_af3_seed_646818_sample_1_pred_131.cif,awaiting_extract,"MassiveFold model pool index only. It parses organizer-provided external model tarball listings and stages balanced extraction/rerank candidates. These models remain external rerank and accuracy-estimation inputs, not internal predictions, not CASP submissions, and not competitive-proof evidence."
7,H2319,H2319_T333,13695,H2319_all_pdbs/Model_8901_af3_woUnpaired_af3_seed_646830_sample_3_pred_193.cif,Model_8901_af3_woUnpaired_af3_seed_646830_sample_3_pred_193.cif,8901,AF3,af3_woUnpaired,646830,3,193,woUnpaired,,False,casp17/massivefold_external_pool_intake/h2319_t333/extracted_models/H2319_all_pdbs/Model_8901_af3_woUnpaired_af3_seed_646830_sample_3_pred_193.cif,awaiting_extract,"MassiveFold model pool index only. It parses organizer-provided external model tarball listings and stages balanced extraction/rerank candidates. These models remain external rerank and accuracy-estimation inputs, not internal predictions, not CASP submissions, and not competitive-proof evidence."
7,H2319,H2319_T333,13703,H2319_all_pdbs/Model_10237_af3_woUnpaired_af3_seed_466145_sample_1_pred_41.cif,Model_10237_af3_woUnpaired_af3_seed_466145_sample_1_pred_41.cif,10237,AF3,af3_woUnpaired,466145,1,41,woUnpaired,,False,casp17/massivefold_external_pool_intake/h2319_t333/extracted_models/H2319_all_pdbs/Model_10237_af3_woUnpaired_af3_seed_466145_sample_1_pred_41.cif,awaiting_extract,"MassiveFold model pool index only. It parses organizer-provided external model tarball listings and stages balanced extraction/rerank candidates. These models remain external rerank and accuracy-estimation inputs, not internal predictions, not CASP submissions, and not competitive-proof evidence."
7,H2319,H2319_T333,13726,H2319_all_pdbs/Model_6975_af3_woUnpaired_af3_seed_646830_sample_0_pred_190.cif,Model_6975_af3_woUnpaired_af3_seed_646830_sample_0_pred_190.cif,6975,AF3,af3_woUnpaired,646830,0,190,woUnpaired,,False,casp17/massivefold_external_pool_intake/h2319_t333/extracted_models/H2319_all_pdbs/Model_6975_af3_woUnpaired_af3_seed_646830_sample_0_pred_190.cif,awaiting_extract,"MassiveFold model pool index only. It parses organizer-provided external model tarball listings and stages balanced extraction/rerank candidates. These models remain external rerank and accuracy-estimation inputs, not internal predictions, not CASP submissions, and not competitive-proof evidence."
7,H2319,H2319_T333,13749,H2319_all_pdbs/Model_6376_af3_woUnpaired_af3_seed_787925_sample_3_pred_388.cif,Model_6376_af3_woUnpaired_af3_seed_787925_sample_3_pred_388.cif,6376,AF3,af3_woUnpaired,787925,3,388,woUnpaired,,False,casp17/massivefold_external_pool_intake/h2319_t333/extracted_models/H2319_all_pdbs/Model_6376_af3_woUnpaired_af3_seed_787925_sample_3_pred_388.cif,awaiting_extract,"MassiveFold model pool index only. It parses organizer-provided external model tarball listings and stages balanced extraction/rerank candidates. These models remain external rerank and accuracy-estimation inputs, not internal predictions, not CASP submissions, and not competitive-proof evidence."
7,H2319,H2319_T333,13754,H2319_all_pdbs/Model_8714_af3_woUnpaired_af3_seed_334586_sample_2_pred_632.cif,Model_8714_af3_woUnpaired_af3_seed_334586_sample_2_pred_632.cif,8714,AF3,af3_woUnpaired,334586,2,632,woUnpaired,,False,casp17/massivefold_external_pool_intake/h2319_t333/extracted_models/H2319_all_pdbs/Model_8714_af3_woUnpaired_af3_seed_334586_sample_2_pred_632.cif,awaiting_extract,"MassiveFold model pool index only. It parses organizer-provided external model tarball listings and stages balanced extraction/rerank candidates. These models remain external rerank and accuracy-estimation inputs, not internal predictions, not CASP submissions, and not competitive-proof evidence."
7,H2319,H2319_T333,13767,H2319_all_pdbs/Model_7799_af3_woUnpaired_af3_seed_57437_sample_4_pred_789.cif,Model_7799_af3_woUnpaired_af3_seed_57437_sample_4_pred_789.cif,7799,AF3,af3_woUnpaired,57437,4,789,woUnpaired,,False,casp17/massivefold_external_pool_intake/h2319_t333/extracted_models/H2319_all_pdbs/Model_7799_af3_woUnpaired_af3_seed_57437_sample_4_pred_789.cif,awaiting_extract,"MassiveFold model pool index only. It parses organizer-provided external model tarball listings and stages balanced extraction/rerank candidates. These models remain external rerank and accuracy-estimation inputs, not internal predictions, not CASP submissions, and not competitive-proof evidence."
7,H2319,H2319_T333,13777,H2319_all_pdbs/Model_8891_af3_woUnpaired_af3_seed_334593_sample_4_pred_669.cif,Model_8891_af3_woUnpaired_af3_seed_334593_sample_4_pred_669.cif,8891,AF3,af3_woUnpaired,334593,4,669,woUnpaired,,False,casp17/massivefold_external_pool_intake/h2319_t333/extracted_models/H2319_all_pdbs/Model_8891_af3_woUnpaired_af3_seed_334593_sample_4_pred_669.cif,awaiting_extract,"MassiveFold model pool index only. It parses organizer-provided external model tarball listings and stages balanced extraction/rerank candidates. These models remain external rerank and accuracy-estimation inputs, not internal predictions, not CASP submissions, and not competitive-proof evidence."
7,H2319,H2319_T333,13782,H2319_all_pdbs/Model_6979_af3_woUnpaired_af3_seed_57430_sample_1_pred_751.cif,Model_6979_af3_woUnpaired_af3_seed_57430_sample_1_pred_751.cif,6979,AF3,af3_woUnpaired,57430,1,751,woUnpaired,,False,casp17/massivefold_external_pool_intake/h2319_t333/extracted_models/H2319_all_pdbs/Model_6979_af3_woUnpaired_af3_seed_57430_sample_1_pred_751.cif,awaiting_extract,"MassiveFold model pool index only. It parses organizer-provided external model tarball listings and stages balanced extraction/rerank candidates. These models remain external rerank and accuracy-estimation inputs, not internal predictions, not CASP submissions, and not competitive-proof evidence."
7,H2319,H2319_T333,13797,H2319_all_pdbs/Model_8773_af3_woUnpaired_af3_seed_334586_sample_0_pred_630.cif,Model_8773_af3_woUnpaired_af3_seed_334586_sample_0_pred_630.cif,8773,AF3,af3_woUnpaired,334586,0,630,woUnpaired,,False,casp17/massivefold_external_pool_intake/h2319_t333/extracted_models/H2319_all_pdbs/Model_8773_af3_woUnpaired_af3_seed_334586_sample_0_pred_630.cif,awaiting_extract,"MassiveFold model pool index only. It parses organizer-provided external model tarball listings and stages balanced extraction/rerank candidates. These models remain external rerank and accuracy-estimation inputs, not internal predictions, not CASP submissions, and not competitive-proof evidence."
7,H2319,H2319_T333,13813,H2319_all_pdbs/Model_10894_af3_woUnpaired_af3_seed_646826_sample_2_pred_172.cif,Model_10894_af3_woUnpaired_af3_seed_646826_sample_2_pred_172.cif,10894,AF3,af3_woUnpaired,646826,2,172,woUnpaired,,False,casp17/massivefold_external_pool_intake/h2319_t333/extracted_models/H2319_all_pdbs/Model_10894_af3_woUnpaired_af3_seed_646826_sample_2_pred_172.cif,awaiting_extract,"MassiveFold model pool index only. It parses organizer-provided external model tarball listings and stages balanced extraction/rerank candidates. These models remain external rerank and accuracy-estimation inputs, not internal predictions, not CASP submissions, and not competitive-proof evidence."
7,H2319,H2319_T333,13816,H2319_all_pdbs/Model_10897_af3_woUnpaired_af3_seed_466150_sample_4_pred_69.cif,Model_10897_af3_woUnpaired_af3_seed_466150_sample_4_pred_69.cif,10897,AF3,af3_woUnpaired,466150,4,69,woUnpaired,,False,casp17/massivefold_external_pool_intake/h2319_t333/extracted_models/H2319_all_pdbs/Model_10897_af3_woUnpaired_af3_seed_466150_sample_4_pred_69.cif,awaiting_extract,"MassiveFold model pool index only. It parses organizer-provided external model tarball listings and stages balanced extraction/rerank candidates. These models remain external rerank and accuracy-estimation inputs, not internal predictions, not CASP submissions, and not competitive-proof evidence."
7,H2319,H2319_T333,13820,H2319_all_pdbs/Model_8615_af3_woUnpaired_af3_seed_42986_sample_2_pred_352.cif,Model_8615_af3_woUnpaired_af3_seed_42986_sample_2_pred_352.cif,8615,AF3,af3_woUnpaired,42986,2,352,woUnpaired,,False,casp17/massivefold_external_pool_intake/h2319_t333/extracted_models/H2319_all_pdbs/Model_8615_af3_woUnpaired_af3_seed_42986_sample_2_pred_352.cif,awaiting_extract,"MassiveFold model pool index only. It parses organizer-provided external model tarball listings and stages balanced extraction/rerank candidates. These models remain external rerank and accuracy-estimation inputs, not internal predictions, not CASP submissions, and not competitive-proof evidence."
7,H2319,H2319_T333,13823,H2319_all_pdbs/Model_8600_af3_woUnpaired_af3_seed_466153_sample_2_pred_82.cif,Model_8600_af3_woUnpaired_af3_seed_466153_sample_2_pred_82.cif,8600,AF3,af3_woUnpaired,466153,2,82,woUnpaired,,False,casp17/massivefold_external_pool_intake/h2319_t333/extracted_models/H2319_all_pdbs/Model_8600_af3_woUnpaired_af3_seed_466153_sample_2_pred_82.cif,awaiting_extract,"MassiveFold model pool index only. It parses organizer-provided external model tarball listings and stages balanced extraction/rerank candidates. These models remain external rerank and accuracy-estimation inputs, not internal predictions, not CASP submissions, and not competitive-proof evidence."
7,H2319,H2319_T333,13833,H2319_all_pdbs/Model_8828_af3_woUnpaired_af3_seed_578566_sample_0_pred_905.cif,Model_8828_af3_woUnpaired_af3_seed_578566_sample_0_pred_905.cif,8828,AF3,af3_woUnpaired,578566,0,905,woUnpaired,,False,casp17/massivefold_external_pool_intake/h2319_t333/extracted_models/H2319_all_pdbs/Model_8828_af3_woUnpaired_af3_seed_578566_sample_0_pred_905.cif,awaiting_extract,"MassiveFold model pool index only. It parses organizer-provided external model tarball listings and stages balanced extraction/rerank candidates. These models remain external rerank and accuracy-estimation inputs, not internal predictions, not CASP submissions, and not competitive-proof evidence."
7,H2319,H2319_T333,13845,H2319_all_pdbs/Model_7035_af3_woUnpaired_af3_seed_714129_sample_0_pred_600.cif,Model_7035_af3_woUnpaired_af3_seed_714129_sample_0_pred_600.cif,7035,AF3,af3_woUnpaired,714129,0,600,woUnpaired,,False,casp17/massivefold_external_pool_intake/h2319_t333/extracted_models/H2319_all_pdbs/Model_7035_af3_woUnpaired_af3_seed_714129_sample_0_pred_600.cif,awaiting_extract,"MassiveFold model pool index only. It parses organizer-provided external model tarball listings and stages balanced extraction/rerank candidates. These models remain external rerank and accuracy-estimation inputs, not internal predictions, not CASP submissions, and not competitive-proof evidence."
7,H2319,H2319_T333,13858,H2319_all_pdbs/Model_7023_af3_woUnpaired_af3_seed_578564_sample_0_pred_895.cif,Model_7023_af3_woUnpaired_af3_seed_578564_sample_0_pred_895.cif,7023,AF3,af3_woUnpaired,578564,0,895,woUnpaired,,False,casp17/massivefold_external_pool_intake/h2319_t333/extracted_models/H2319_all_pdbs/Model_7023_af3_woUnpaired_af3_seed_578564_sample_0_pred_895.cif,awaiting_extract,"MassiveFold model pool index only. It parses organizer-provided external model tarball listings and stages balanced extraction/rerank candidates. These models remain external rerank and accuracy-estimation inputs, not internal predictions, not CASP submissions, and not competitive-proof evidence."
7,H2319,H2319_T333,13868,H2319_all_pdbs/Model_8892_af3_woUnpaired_af3_seed_714117_sample_0_pred_540.cif,Model_8892_af3_woUnpaired_af3_seed_714117_sample_0_pred_540.cif,8892,AF3,af3_woUnpaired,714117,0,540,woUnpaired,,False,casp17/massivefold_external_pool_intake/h2319_t333/extracted_models/H2319_all_pdbs/Model_8892_af3_woUnpaired_af3_seed_714117_sample_0_pred_540.cif,awaiting_extract,"MassiveFold model pool index only. It parses organizer-provided external model tarball listings and stages balanced extraction/rerank candidates. These models remain external rerank and accuracy-estimation inputs, not internal predictions, not CASP submissions, and not competitive-proof evidence."
7,H2319,H2319_T333,13877,H2319_all_pdbs/Model_7014_af3_woUnpaired_af3_seed_334597_sample_4_pred_689.cif,Model_7014_af3_woUnpaired_af3_seed_334597_sample_4_pred_689.cif,7014,AF3,af3_woUnpaired,334597,4,689,woUnpaired,,False,casp17/massivefold_external_pool_intake/h2319_t333/extracted_models/H2319_all_pdbs/Model_7014_af3_woUnpaired_af3_seed_334597_sample_4_pred_689.cif,awaiting_extract,"MassiveFold model pool index only. It parses organizer-provided external model tarball listings and stages balanced extraction/rerank candidates. These models remain external rerank and accuracy-estimation inputs, not internal predictions, not CASP submissions, and not competitive-proof evidence."
7,H2319,H2319_T333,13903,H2319_all_pdbs/Model_6970_af3_woUnpaired_af3_seed_334595_sample_4_pred_679.cif,Model_6970_af3_woUnpaired_af3_seed_334595_sample_4_pred_679.cif,6970,AF3,af3_woUnpaired,334595,4,679,woUnpaired,,False,casp17/massivefold_external_pool_intake/h2319_t333/extracted_models/H2319_all_pdbs/Model_6970_af3_woUnpaired_af3_seed_334595_sample_4_pred_679.cif,awaiting_extract,"MassiveFold model pool index only. It parses organizer-provided external model tarball listings and stages balanced extraction/rerank candidates. These models remain external rerank and accuracy-estimation inputs, not internal predictions, not CASP submissions, and not competitive-proof evidence."
7,H2319,H2319_T333,13916,H2319_all_pdbs/Model_6160_af3_woUnpaired_af3_seed_578564_sample_2_pred_897.cif,Model_6160_af3_woUnpaired_af3_seed_578564_sample_2_pred_897.cif,6160,AF3,af3_woUnpaired,578564,2,897,woUnpaired,,False,casp17/massivefold_external_pool_intake/h2319_t333/extracted_models/H2319_all_pdbs/Model_6160_af3_woUnpaired_af3_seed_578564_sample_2_pred_897.cif,awaiting_extract,"MassiveFold model pool index only. It parses organizer-provided external model tarball listings and stages balanced extraction/rerank candidates. These models remain external rerank and accuracy-estimation inputs, not internal predictions, not CASP submissions, and not competitive-proof evidence."
7,H2319,H2319_T333,13928,H2319_all_pdbs/Model_6905_af3_woUnpaired_af3_seed_42981_sample_1_pred_326.cif,Model_6905_af3_woUnpaired_af3_seed_42981_sample_1_pred_326.cif,6905,AF3,af3_woUnpaired,42981,1,326,woUnpaired,,False,casp17/massivefold_external_pool_intake/h2319_t333/extracted_models/H2319_all_pdbs/Model_6905_af3_woUnpaired_af3_seed_42981_sample_1_pred_326.cif,awaiting_extract,"MassiveFold model pool index only. It parses organizer-provided external model tarball listings and stages balanced extraction/rerank candidates. These models remain external rerank and accuracy-estimation inputs, not internal predictions, not CASP submissions, and not competitive-proof evidence."
7,H2319,H2319_T333,13971,H2319_all_pdbs/Model_12210_af3_woUnpaired_af3_seed_57448_sample_1_pred_841.cif,Model_12210_af3_woUnpaired_af3_seed_57448_sample_1_pred_841.cif,12210,AF3,af3_woUnpaired,57448,1,841,woUnpaired,,False,casp17/massivefold_external_pool_intake/h2319_t333/extracted_models/H2319_all_pdbs/Model_12210_af3_woUnpaired_af3_seed_57448_sample_1_pred_841.cif,awaiting_extract,"MassiveFold model pool index only. It parses organizer-provided external model tarball listings and stages balanced extraction/rerank candidates. These models remain external rerank and accuracy-estimation inputs, not internal predictions, not CASP submissions, and not competitive-proof evidence."
7,H2319,H2319_T333,13990,H2319_all_pdbs/Model_6137_af3_woUnpaired_af3_seed_578577_sample_4_pred_964.cif,Model_6137_af3_woUnpaired_af3_seed_578577_sample_4_pred_964.cif,6137,AF3,af3_woUnpaired,578577,4,964,woUnpaired,128,True,casp17/massivefold_external_pool_intake/h2319_t333/extracted_models/H2319_all_pdbs/Model_6137_af3_woUnpaired_af3_seed_578577_sample_4_pred_964.cif,extracted,"MassiveFold model pool index only. It parses organizer-provided external model tarball listings and stages balanced extraction/rerank candidates. These models remain external rerank and accuracy-estimation inputs, not internal predictions, not CASP submissions, and not competitive-proof evidence."
7,H2319,H2319_T333,14004,H2319_all_pdbs/Model_8622_af3_woUnpaired_af3_seed_42978_sample_0_pred_310.cif,Model_8622_af3_woUnpaired_af3_seed_42978_sample_0_pred_310.cif,8622,AF3,af3_woUnpaired,42978,0,310,woUnpaired,,False,casp17/massivefold_external_pool_intake/h2319_t333/extracted_models/H2319_all_pdbs/Model_8622_af3_woUnpaired_af3_seed_42978_sample_0_pred_310.cif,awaiting_extract,"MassiveFold model pool index only. It parses organizer-provided external model tarball listings and stages balanced extraction/rerank candidates. These models remain external rerank and accuracy-estimation inputs, not internal predictions, not CASP submissions, and not competitive-proof evidence."
7,H2319,H2319_T333,14033,H2319_all_pdbs/Model_10955_af3_woUnpaired_af3_seed_646837_sample_2_pred_227.cif,Model_10955_af3_woUnpaired_af3_seed_646837_sample_2_pred_227.cif,10955,AF3,af3_woUnpaired,646837,2,227,woUnpaired,,False,casp17/massivefold_external_pool_intake/h2319_t333/extracted_models/H2319_all_pdbs/Model_10955_af3_woUnpaired_af3_seed_646837_sample_2_pred_227.cif,awaiting_extract,"MassiveFold model pool index only. It parses organizer-provided external model tarball listings and stages balanced extraction/rerank candidates. These models remain external rerank and accuracy-estimation inputs, not internal predictions, not CASP submissions, and not competitive-proof evidence."
7,H2319,H2319_T333,14043,H2319_all_pdbs/Model_6151_af3_woUnpaired_af3_seed_57452_sample_3_pred_863.cif,Model_6151_af3_woUnpaired_af3_seed_57452_sample_3_pred_863.cif,6151,AF3,af3_woUnpaired,57452,3,863,woUnpaired,,False,casp17/massivefold_external_pool_intake/h2319_t333/extracted_models/H2319_all_pdbs/Model_6151_af3_woUnpaired_af3_seed_57452_sample_3_pred_863.cif,awaiting_extract,"MassiveFold model pool index only. It parses organizer-provided external model tarball listings and stages balanced extraction/rerank candidates. These models remain external rerank and accuracy-estimation inputs, not internal predictions, not CASP submissions, and not competitive-proof evidence."
7,H2319,H2319_T333,14054,H2319_all_pdbs/Model_10921_af3_woUnpaired_af3_seed_714124_sample_0_pred_575.cif,Model_10921_af3_woUnpaired_af3_seed_714124_sample_0_pred_575.cif,10921,AF3,af3_woUnpaired,714124,0,575,woUnpaired,,False,casp17/massivefold_external_pool_intake/h2319_t333/extracted_models/H2319_all_pdbs/Model_10921_af3_woUnpaired_af3_seed_714124_sample_0_pred_575.cif,awaiting_extract,"MassiveFold model pool index only. It parses organizer-provided external model tarball listings and stages balanced extraction/rerank candidates. These models remain external rerank and accuracy-estimation inputs, not internal predictions, not CASP submissions, and not competitive-proof evidence."
7,H2319,H2319_T333,14067,H2319_all_pdbs/Model_8907_af3_woUnpaired_af3_seed_334594_sample_0_pred_670.cif,Model_8907_af3_woUnpaired_af3_seed_334594_sample_0_pred_670.cif,8907,AF3,af3_woUnpaired,334594,0,670,woUnpaired,,False,casp17/massivefold_external_pool_intake/h2319_t333/extracted_models/H2319_all_pdbs/Model_8907_af3_woUnpaired_af3_seed_334594_sample_0_pred_670.cif,awaiting_extract,"MassiveFold model pool index only. It parses organizer-provided external model tarball listings and stages balanced extraction/rerank candidates. These models remain external rerank and accuracy-estimation inputs, not internal predictions, not CASP submissions, and not competitive-proof evidence."
7,H2319,H2319_T333,14068,H2319_all_pdbs/Model_6162_af3_woUnpaired_af3_seed_714133_sample_4_pred_624.cif,Model_6162_af3_woUnpaired_af3_seed_714133_sample_4_pred_624.cif,6162,AF3,af3_woUnpaired,714133,4,624,woUnpaired,,False,casp17/massivefold_external_pool_intake/h2319_t333/extracted_models/H2319_all_pdbs/Model_6162_af3_woUnpaired_af3_seed_714133_sample_4_pred_624.cif,awaiting_extract,"MassiveFold model pool index only. It parses organizer-provided external model tarball listings and stages balanced extraction/rerank candidates. These models remain external rerank and accuracy-estimation inputs, not internal predictions, not CASP submissions, and not competitive-proof evidence."
