pool_rank,target_id,model_set_id,model_rank,tar_member_path,filename,model_serial,af_engine,af_protocol,seed,sample,pred,rerank_bucket,selection_rank,selected_for_balanced_extract,extract_destination,extraction_status,claim_boundary
3,H2312,H2312_T329,79,H2312_all_pdbs/Model_10629_afm_dropout_04_woTemplates_model_4_multimer_v1_pred_43.pdb,Model_10629_afm_dropout_04_woTemplates_model_4_multimer_v1_pred_43.pdb,10629,AFM,afm_dropout_04_woTemplates_multimer_v1,,4,43,afm_dropout_04_woTemplates_v1,,False,casp17/massivefold_external_pool_intake/h2312_t329/extracted_models/H2312_all_pdbs/Model_10629_afm_dropout_04_woTemplates_model_4_multimer_v1_pred_43.pdb,awaiting_extract,"MassiveFold model pool index only. It parses organizer-provided external model tarball listings and stages balanced extraction/rerank candidates. These models remain external rerank and accuracy-estimation inputs, not internal predictions, not CASP submissions, and not competitive-proof evidence."
3,H2312,H2312_T329,83,H2312_all_pdbs/Model_11993_afm_dropout_04_woTemplates_model_3_multimer_v1_pred_55.pdb,Model_11993_afm_dropout_04_woTemplates_model_3_multimer_v1_pred_55.pdb,11993,AFM,afm_dropout_04_woTemplates_multimer_v1,,3,55,afm_dropout_04_woTemplates_v1,,False,casp17/massivefold_external_pool_intake/h2312_t329/extracted_models/H2312_all_pdbs/Model_11993_afm_dropout_04_woTemplates_model_3_multimer_v1_pred_55.pdb,awaiting_extract,"MassiveFold model pool index only. It parses organizer-provided external model tarball listings and stages balanced extraction/rerank candidates. These models remain external rerank and accuracy-estimation inputs, not internal predictions, not CASP submissions, and not competitive-proof evidence."
3,H2312,H2312_T329,103,H2312_all_pdbs/Model_11491_afm_dropout_04_woTemplates_model_1_multimer_v1_pred_44.pdb,Model_11491_afm_dropout_04_woTemplates_model_1_multimer_v1_pred_44.pdb,11491,AFM,afm_dropout_04_woTemplates_multimer_v1,,1,44,afm_dropout_04_woTemplates_v1,,False,casp17/massivefold_external_pool_intake/h2312_t329/extracted_models/H2312_all_pdbs/Model_11491_afm_dropout_04_woTemplates_model_1_multimer_v1_pred_44.pdb,awaiting_extract,"MassiveFold model pool index only. It parses organizer-provided external model tarball listings and stages balanced extraction/rerank candidates. These models remain external rerank and accuracy-estimation inputs, not internal predictions, not CASP submissions, and not competitive-proof evidence."
3,H2312,H2312_T329,107,H2312_all_pdbs/Model_10561_afm_dropout_04_woTemplates_model_5_multimer_v1_pred_10.pdb,Model_10561_afm_dropout_04_woTemplates_model_5_multimer_v1_pred_10.pdb,10561,AFM,afm_dropout_04_woTemplates_multimer_v1,,5,10,afm_dropout_04_woTemplates_v1,,False,casp17/massivefold_external_pool_intake/h2312_t329/extracted_models/H2312_all_pdbs/Model_10561_afm_dropout_04_woTemplates_model_5_multimer_v1_pred_10.pdb,awaiting_extract,"MassiveFold model pool index only. It parses organizer-provided external model tarball listings and stages balanced extraction/rerank candidates. These models remain external rerank and accuracy-estimation inputs, not internal predictions, not CASP submissions, and not competitive-proof evidence."
3,H2312,H2312_T329,121,H2312_all_pdbs/Model_11054_afm_dropout_04_woTemplates_model_1_multimer_v1_pred_47.pdb,Model_11054_afm_dropout_04_woTemplates_model_1_multimer_v1_pred_47.pdb,11054,AFM,afm_dropout_04_woTemplates_multimer_v1,,1,47,afm_dropout_04_woTemplates_v1,,False,casp17/massivefold_external_pool_intake/h2312_t329/extracted_models/H2312_all_pdbs/Model_11054_afm_dropout_04_woTemplates_model_1_multimer_v1_pred_47.pdb,awaiting_extract,"MassiveFold model pool index only. It parses organizer-provided external model tarball listings and stages balanced extraction/rerank candidates. These models remain external rerank and accuracy-estimation inputs, not internal predictions, not CASP submissions, and not competitive-proof evidence."
3,H2312,H2312_T329,153,H2312_all_pdbs/Model_11919_afm_dropout_04_woTemplates_model_3_multimer_v1_pred_34.pdb,Model_11919_afm_dropout_04_woTemplates_model_3_multimer_v1_pred_34.pdb,11919,AFM,afm_dropout_04_woTemplates_multimer_v1,,3,34,afm_dropout_04_woTemplates_v1,,False,casp17/massivefold_external_pool_intake/h2312_t329/extracted_models/H2312_all_pdbs/Model_11919_afm_dropout_04_woTemplates_model_3_multimer_v1_pred_34.pdb,awaiting_extract,"MassiveFold model pool index only. It parses organizer-provided external model tarball listings and stages balanced extraction/rerank candidates. These models remain external rerank and accuracy-estimation inputs, not internal predictions, not CASP submissions, and not competitive-proof evidence."
3,H2312,H2312_T329,160,H2312_all_pdbs/Model_10493_afm_dropout_04_woTemplates_model_4_multimer_v1_pred_47.pdb,Model_10493_afm_dropout_04_woTemplates_model_4_multimer_v1_pred_47.pdb,10493,AFM,afm_dropout_04_woTemplates_multimer_v1,,4,47,afm_dropout_04_woTemplates_v1,,False,casp17/massivefold_external_pool_intake/h2312_t329/extracted_models/H2312_all_pdbs/Model_10493_afm_dropout_04_woTemplates_model_4_multimer_v1_pred_47.pdb,awaiting_extract,"MassiveFold model pool index only. It parses organizer-provided external model tarball listings and stages balanced extraction/rerank candidates. These models remain external rerank and accuracy-estimation inputs, not internal predictions, not CASP submissions, and not competitive-proof evidence."
3,H2312,H2312_T329,164,H2312_all_pdbs/Model_10739_afm_dropout_04_woTemplates_model_2_multimer_v1_pred_47.pdb,Model_10739_afm_dropout_04_woTemplates_model_2_multimer_v1_pred_47.pdb,10739,AFM,afm_dropout_04_woTemplates_multimer_v1,,2,47,afm_dropout_04_woTemplates_v1,,False,casp17/massivefold_external_pool_intake/h2312_t329/extracted_models/H2312_all_pdbs/Model_10739_afm_dropout_04_woTemplates_model_2_multimer_v1_pred_47.pdb,awaiting_extract,"MassiveFold model pool index only. It parses organizer-provided external model tarball listings and stages balanced extraction/rerank candidates. These models remain external rerank and accuracy-estimation inputs, not internal predictions, not CASP submissions, and not competitive-proof evidence."
3,H2312,H2312_T329,247,H2312_all_pdbs/Model_10890_afm_dropout_04_woTemplates_model_4_multimer_v1_pred_66.pdb,Model_10890_afm_dropout_04_woTemplates_model_4_multimer_v1_pred_66.pdb,10890,AFM,afm_dropout_04_woTemplates_multimer_v1,,4,66,afm_dropout_04_woTemplates_v1,,False,casp17/massivefold_external_pool_intake/h2312_t329/extracted_models/H2312_all_pdbs/Model_10890_afm_dropout_04_woTemplates_model_4_multimer_v1_pred_66.pdb,awaiting_extract,"MassiveFold model pool index only. It parses organizer-provided external model tarball listings and stages balanced extraction/rerank candidates. These models remain external rerank and accuracy-estimation inputs, not internal predictions, not CASP submissions, and not competitive-proof evidence."
3,H2312,H2312_T329,339,H2312_all_pdbs/Model_10437_afm_dropout_04_woTemplates_model_5_multimer_v1_pred_64.pdb,Model_10437_afm_dropout_04_woTemplates_model_5_multimer_v1_pred_64.pdb,10437,AFM,afm_dropout_04_woTemplates_multimer_v1,,5,64,afm_dropout_04_woTemplates_v1,,False,casp17/massivefold_external_pool_intake/h2312_t329/extracted_models/H2312_all_pdbs/Model_10437_afm_dropout_04_woTemplates_model_5_multimer_v1_pred_64.pdb,awaiting_extract,"MassiveFold model pool index only. It parses organizer-provided external model tarball listings and stages balanced extraction/rerank candidates. These models remain external rerank and accuracy-estimation inputs, not internal predictions, not CASP submissions, and not competitive-proof evidence."
3,H2312,H2312_T329,400,H2312_all_pdbs/Model_11811_afm_dropout_04_woTemplates_model_2_multimer_v1_pred_59.pdb,Model_11811_afm_dropout_04_woTemplates_model_2_multimer_v1_pred_59.pdb,11811,AFM,afm_dropout_04_woTemplates_multimer_v1,,2,59,afm_dropout_04_woTemplates_v1,,False,casp17/massivefold_external_pool_intake/h2312_t329/extracted_models/H2312_all_pdbs/Model_11811_afm_dropout_04_woTemplates_model_2_multimer_v1_pred_59.pdb,awaiting_extract,"MassiveFold model pool index only. It parses organizer-provided external model tarball listings and stages balanced extraction/rerank candidates. These models remain external rerank and accuracy-estimation inputs, not internal predictions, not CASP submissions, and not competitive-proof evidence."
3,H2312,H2312_T329,414,H2312_all_pdbs/Model_10567_afm_dropout_04_woTemplates_model_5_multimer_v1_pred_18.pdb,Model_10567_afm_dropout_04_woTemplates_model_5_multimer_v1_pred_18.pdb,10567,AFM,afm_dropout_04_woTemplates_multimer_v1,,5,18,afm_dropout_04_woTemplates_v1,,False,casp17/massivefold_external_pool_intake/h2312_t329/extracted_models/H2312_all_pdbs/Model_10567_afm_dropout_04_woTemplates_model_5_multimer_v1_pred_18.pdb,awaiting_extract,"MassiveFold model pool index only. It parses organizer-provided external model tarball listings and stages balanced extraction/rerank candidates. These models remain external rerank and accuracy-estimation inputs, not internal predictions, not CASP submissions, and not competitive-proof evidence."
3,H2312,H2312_T329,510,H2312_all_pdbs/Model_10060_afm_dropout_04_woTemplates_model_5_multimer_v1_pred_29.pdb,Model_10060_afm_dropout_04_woTemplates_model_5_multimer_v1_pred_29.pdb,10060,AFM,afm_dropout_04_woTemplates_multimer_v1,,5,29,afm_dropout_04_woTemplates_v1,,False,casp17/massivefold_external_pool_intake/h2312_t329/extracted_models/H2312_all_pdbs/Model_10060_afm_dropout_04_woTemplates_model_5_multimer_v1_pred_29.pdb,awaiting_extract,"MassiveFold model pool index only. It parses organizer-provided external model tarball listings and stages balanced extraction/rerank candidates. These models remain external rerank and accuracy-estimation inputs, not internal predictions, not CASP submissions, and not competitive-proof evidence."
3,H2312,H2312_T329,534,H2312_all_pdbs/Model_10439_afm_dropout_04_woTemplates_model_5_multimer_v1_pred_57.pdb,Model_10439_afm_dropout_04_woTemplates_model_5_multimer_v1_pred_57.pdb,10439,AFM,afm_dropout_04_woTemplates_multimer_v1,,5,57,afm_dropout_04_woTemplates_v1,,False,casp17/massivefold_external_pool_intake/h2312_t329/extracted_models/H2312_all_pdbs/Model_10439_afm_dropout_04_woTemplates_model_5_multimer_v1_pred_57.pdb,awaiting_extract,"MassiveFold model pool index only. It parses organizer-provided external model tarball listings and stages balanced extraction/rerank candidates. These models remain external rerank and accuracy-estimation inputs, not internal predictions, not CASP submissions, and not competitive-proof evidence."
3,H2312,H2312_T329,552,H2312_all_pdbs/Model_10411_afm_dropout_04_woTemplates_model_5_multimer_v1_pred_59.pdb,Model_10411_afm_dropout_04_woTemplates_model_5_multimer_v1_pred_59.pdb,10411,AFM,afm_dropout_04_woTemplates_multimer_v1,,5,59,afm_dropout_04_woTemplates_v1,,False,casp17/massivefold_external_pool_intake/h2312_t329/extracted_models/H2312_all_pdbs/Model_10411_afm_dropout_04_woTemplates_model_5_multimer_v1_pred_59.pdb,awaiting_extract,"MassiveFold model pool index only. It parses organizer-provided external model tarball listings and stages balanced extraction/rerank candidates. These models remain external rerank and accuracy-estimation inputs, not internal predictions, not CASP submissions, and not competitive-proof evidence."
3,H2312,H2312_T329,559,H2312_all_pdbs/Model_11962_afm_dropout_04_woTemplates_model_1_multimer_v1_pred_8.pdb,Model_11962_afm_dropout_04_woTemplates_model_1_multimer_v1_pred_8.pdb,11962,AFM,afm_dropout_04_woTemplates_multimer_v1,,1,8,afm_dropout_04_woTemplates_v1,,False,casp17/massivefold_external_pool_intake/h2312_t329/extracted_models/H2312_all_pdbs/Model_11962_afm_dropout_04_woTemplates_model_1_multimer_v1_pred_8.pdb,awaiting_extract,"MassiveFold model pool index only. It parses organizer-provided external model tarball listings and stages balanced extraction/rerank candidates. These models remain external rerank and accuracy-estimation inputs, not internal predictions, not CASP submissions, and not competitive-proof evidence."
3,H2312,H2312_T329,594,H2312_all_pdbs/Model_11836_afm_dropout_04_woTemplates_model_3_multimer_v1_pred_50.pdb,Model_11836_afm_dropout_04_woTemplates_model_3_multimer_v1_pred_50.pdb,11836,AFM,afm_dropout_04_woTemplates_multimer_v1,,3,50,afm_dropout_04_woTemplates_v1,,False,casp17/massivefold_external_pool_intake/h2312_t329/extracted_models/H2312_all_pdbs/Model_11836_afm_dropout_04_woTemplates_model_3_multimer_v1_pred_50.pdb,awaiting_extract,"MassiveFold model pool index only. It parses organizer-provided external model tarball listings and stages balanced extraction/rerank candidates. These models remain external rerank and accuracy-estimation inputs, not internal predictions, not CASP submissions, and not competitive-proof evidence."
3,H2312,H2312_T329,692,H2312_all_pdbs/Model_11350_afm_dropout_04_woTemplates_model_3_multimer_v1_pred_14.pdb,Model_11350_afm_dropout_04_woTemplates_model_3_multimer_v1_pred_14.pdb,11350,AFM,afm_dropout_04_woTemplates_multimer_v1,,3,14,afm_dropout_04_woTemplates_v1,,False,casp17/massivefold_external_pool_intake/h2312_t329/extracted_models/H2312_all_pdbs/Model_11350_afm_dropout_04_woTemplates_model_3_multimer_v1_pred_14.pdb,awaiting_extract,"MassiveFold model pool index only. It parses organizer-provided external model tarball listings and stages balanced extraction/rerank candidates. These models remain external rerank and accuracy-estimation inputs, not internal predictions, not CASP submissions, and not competitive-proof evidence."
3,H2312,H2312_T329,726,H2312_all_pdbs/Model_10803_afm_dropout_04_woTemplates_model_2_multimer_v1_pred_30.pdb,Model_10803_afm_dropout_04_woTemplates_model_2_multimer_v1_pred_30.pdb,10803,AFM,afm_dropout_04_woTemplates_multimer_v1,,2,30,afm_dropout_04_woTemplates_v1,,False,casp17/massivefold_external_pool_intake/h2312_t329/extracted_models/H2312_all_pdbs/Model_10803_afm_dropout_04_woTemplates_model_2_multimer_v1_pred_30.pdb,awaiting_extract,"MassiveFold model pool index only. It parses organizer-provided external model tarball listings and stages balanced extraction/rerank candidates. These models remain external rerank and accuracy-estimation inputs, not internal predictions, not CASP submissions, and not competitive-proof evidence."
3,H2312,H2312_T329,838,H2312_all_pdbs/Model_11693_afm_dropout_04_woTemplates_model_3_multimer_v1_pred_20.pdb,Model_11693_afm_dropout_04_woTemplates_model_3_multimer_v1_pred_20.pdb,11693,AFM,afm_dropout_04_woTemplates_multimer_v1,,3,20,afm_dropout_04_woTemplates_v1,,False,casp17/massivefold_external_pool_intake/h2312_t329/extracted_models/H2312_all_pdbs/Model_11693_afm_dropout_04_woTemplates_model_3_multimer_v1_pred_20.pdb,awaiting_extract,"MassiveFold model pool index only. It parses organizer-provided external model tarball listings and stages balanced extraction/rerank candidates. These models remain external rerank and accuracy-estimation inputs, not internal predictions, not CASP submissions, and not competitive-proof evidence."
3,H2312,H2312_T329,913,H2312_all_pdbs/Model_12026_afm_dropout_04_woTemplates_model_3_multimer_v1_pred_48.pdb,Model_12026_afm_dropout_04_woTemplates_model_3_multimer_v1_pred_48.pdb,12026,AFM,afm_dropout_04_woTemplates_multimer_v1,,3,48,afm_dropout_04_woTemplates_v1,,False,casp17/massivefold_external_pool_intake/h2312_t329/extracted_models/H2312_all_pdbs/Model_12026_afm_dropout_04_woTemplates_model_3_multimer_v1_pred_48.pdb,awaiting_extract,"MassiveFold model pool index only. It parses organizer-provided external model tarball listings and stages balanced extraction/rerank candidates. These models remain external rerank and accuracy-estimation inputs, not internal predictions, not CASP submissions, and not competitive-proof evidence."
3,H2312,H2312_T329,955,H2312_all_pdbs/Model_11508_afm_dropout_04_woTemplates_model_2_multimer_v1_pred_36.pdb,Model_11508_afm_dropout_04_woTemplates_model_2_multimer_v1_pred_36.pdb,11508,AFM,afm_dropout_04_woTemplates_multimer_v1,,2,36,afm_dropout_04_woTemplates_v1,,False,casp17/massivefold_external_pool_intake/h2312_t329/extracted_models/H2312_all_pdbs/Model_11508_afm_dropout_04_woTemplates_model_2_multimer_v1_pred_36.pdb,awaiting_extract,"MassiveFold model pool index only. It parses organizer-provided external model tarball listings and stages balanced extraction/rerank candidates. These models remain external rerank and accuracy-estimation inputs, not internal predictions, not CASP submissions, and not competitive-proof evidence."
3,H2312,H2312_T329,980,H2312_all_pdbs/Model_10402_afm_dropout_04_woTemplates_model_5_multimer_v1_pred_40.pdb,Model_10402_afm_dropout_04_woTemplates_model_5_multimer_v1_pred_40.pdb,10402,AFM,afm_dropout_04_woTemplates_multimer_v1,,5,40,afm_dropout_04_woTemplates_v1,,False,casp17/massivefold_external_pool_intake/h2312_t329/extracted_models/H2312_all_pdbs/Model_10402_afm_dropout_04_woTemplates_model_5_multimer_v1_pred_40.pdb,awaiting_extract,"MassiveFold model pool index only. It parses organizer-provided external model tarball listings and stages balanced extraction/rerank candidates. These models remain external rerank and accuracy-estimation inputs, not internal predictions, not CASP submissions, and not competitive-proof evidence."
3,H2312,H2312_T329,1044,H2312_all_pdbs/Model_11495_afm_dropout_04_woTemplates_model_2_multimer_v1_pred_60.pdb,Model_11495_afm_dropout_04_woTemplates_model_2_multimer_v1_pred_60.pdb,11495,AFM,afm_dropout_04_woTemplates_multimer_v1,,2,60,afm_dropout_04_woTemplates_v1,,False,casp17/massivefold_external_pool_intake/h2312_t329/extracted_models/H2312_all_pdbs/Model_11495_afm_dropout_04_woTemplates_model_2_multimer_v1_pred_60.pdb,awaiting_extract,"MassiveFold model pool index only. It parses organizer-provided external model tarball listings and stages balanced extraction/rerank candidates. These models remain external rerank and accuracy-estimation inputs, not internal predictions, not CASP submissions, and not competitive-proof evidence."
3,H2312,H2312_T329,1106,H2312_all_pdbs/Model_11801_afm_dropout_04_woTemplates_model_3_multimer_v1_pred_10.pdb,Model_11801_afm_dropout_04_woTemplates_model_3_multimer_v1_pred_10.pdb,11801,AFM,afm_dropout_04_woTemplates_multimer_v1,,3,10,afm_dropout_04_woTemplates_v1,,False,casp17/massivefold_external_pool_intake/h2312_t329/extracted_models/H2312_all_pdbs/Model_11801_afm_dropout_04_woTemplates_model_3_multimer_v1_pred_10.pdb,awaiting_extract,"MassiveFold model pool index only. It parses organizer-provided external model tarball listings and stages balanced extraction/rerank candidates. These models remain external rerank and accuracy-estimation inputs, not internal predictions, not CASP submissions, and not competitive-proof evidence."
3,H2312,H2312_T329,1108,H2312_all_pdbs/Model_10469_afm_dropout_04_woTemplates_model_5_multimer_v1_pred_60.pdb,Model_10469_afm_dropout_04_woTemplates_model_5_multimer_v1_pred_60.pdb,10469,AFM,afm_dropout_04_woTemplates_multimer_v1,,5,60,afm_dropout_04_woTemplates_v1,,False,casp17/massivefold_external_pool_intake/h2312_t329/extracted_models/H2312_all_pdbs/Model_10469_afm_dropout_04_woTemplates_model_5_multimer_v1_pred_60.pdb,awaiting_extract,"MassiveFold model pool index only. It parses organizer-provided external model tarball listings and stages balanced extraction/rerank candidates. These models remain external rerank and accuracy-estimation inputs, not internal predictions, not CASP submissions, and not competitive-proof evidence."
3,H2312,H2312_T329,1120,H2312_all_pdbs/Model_11558_afm_dropout_04_woTemplates_model_1_multimer_v1_pred_33.pdb,Model_11558_afm_dropout_04_woTemplates_model_1_multimer_v1_pred_33.pdb,11558,AFM,afm_dropout_04_woTemplates_multimer_v1,,1,33,afm_dropout_04_woTemplates_v1,,False,casp17/massivefold_external_pool_intake/h2312_t329/extracted_models/H2312_all_pdbs/Model_11558_afm_dropout_04_woTemplates_model_1_multimer_v1_pred_33.pdb,awaiting_extract,"MassiveFold model pool index only. It parses organizer-provided external model tarball listings and stages balanced extraction/rerank candidates. These models remain external rerank and accuracy-estimation inputs, not internal predictions, not CASP submissions, and not competitive-proof evidence."
3,H2312,H2312_T329,1270,H2312_all_pdbs/Model_10621_afm_dropout_04_woTemplates_model_4_multimer_v1_pred_51.pdb,Model_10621_afm_dropout_04_woTemplates_model_4_multimer_v1_pred_51.pdb,10621,AFM,afm_dropout_04_woTemplates_multimer_v1,,4,51,afm_dropout_04_woTemplates_v1,,False,casp17/massivefold_external_pool_intake/h2312_t329/extracted_models/H2312_all_pdbs/Model_10621_afm_dropout_04_woTemplates_model_4_multimer_v1_pred_51.pdb,awaiting_extract,"MassiveFold model pool index only. It parses organizer-provided external model tarball listings and stages balanced extraction/rerank candidates. These models remain external rerank and accuracy-estimation inputs, not internal predictions, not CASP submissions, and not competitive-proof evidence."
3,H2312,H2312_T329,1280,H2312_all_pdbs/Model_10806_afm_dropout_04_woTemplates_model_4_multimer_v1_pred_62.pdb,Model_10806_afm_dropout_04_woTemplates_model_4_multimer_v1_pred_62.pdb,10806,AFM,afm_dropout_04_woTemplates_multimer_v1,,4,62,afm_dropout_04_woTemplates_v1,,False,casp17/massivefold_external_pool_intake/h2312_t329/extracted_models/H2312_all_pdbs/Model_10806_afm_dropout_04_woTemplates_model_4_multimer_v1_pred_62.pdb,awaiting_extract,"MassiveFold model pool index only. It parses organizer-provided external model tarball listings and stages balanced extraction/rerank candidates. These models remain external rerank and accuracy-estimation inputs, not internal predictions, not CASP submissions, and not competitive-proof evidence."
3,H2312,H2312_T329,1324,H2312_all_pdbs/Model_11515_afm_dropout_04_woTemplates_model_1_multimer_v1_pred_3.pdb,Model_11515_afm_dropout_04_woTemplates_model_1_multimer_v1_pred_3.pdb,11515,AFM,afm_dropout_04_woTemplates_multimer_v1,,1,3,afm_dropout_04_woTemplates_v1,,False,casp17/massivefold_external_pool_intake/h2312_t329/extracted_models/H2312_all_pdbs/Model_11515_afm_dropout_04_woTemplates_model_1_multimer_v1_pred_3.pdb,awaiting_extract,"MassiveFold model pool index only. It parses organizer-provided external model tarball listings and stages balanced extraction/rerank candidates. These models remain external rerank and accuracy-estimation inputs, not internal predictions, not CASP submissions, and not competitive-proof evidence."
3,H2312,H2312_T329,1348,H2312_all_pdbs/Model_9917_afm_dropout_04_woTemplates_model_5_multimer_v1_pred_41.pdb,Model_9917_afm_dropout_04_woTemplates_model_5_multimer_v1_pred_41.pdb,9917,AFM,afm_dropout_04_woTemplates_multimer_v1,,5,41,afm_dropout_04_woTemplates_v1,,False,casp17/massivefold_external_pool_intake/h2312_t329/extracted_models/H2312_all_pdbs/Model_9917_afm_dropout_04_woTemplates_model_5_multimer_v1_pred_41.pdb,awaiting_extract,"MassiveFold model pool index only. It parses organizer-provided external model tarball listings and stages balanced extraction/rerank candidates. These models remain external rerank and accuracy-estimation inputs, not internal predictions, not CASP submissions, and not competitive-proof evidence."
3,H2312,H2312_T329,1384,H2312_all_pdbs/Model_11692_afm_dropout_04_woTemplates_model_1_multimer_v1_pred_4.pdb,Model_11692_afm_dropout_04_woTemplates_model_1_multimer_v1_pred_4.pdb,11692,AFM,afm_dropout_04_woTemplates_multimer_v1,,1,4,afm_dropout_04_woTemplates_v1,,False,casp17/massivefold_external_pool_intake/h2312_t329/extracted_models/H2312_all_pdbs/Model_11692_afm_dropout_04_woTemplates_model_1_multimer_v1_pred_4.pdb,awaiting_extract,"MassiveFold model pool index only. It parses organizer-provided external model tarball listings and stages balanced extraction/rerank candidates. These models remain external rerank and accuracy-estimation inputs, not internal predictions, not CASP submissions, and not competitive-proof evidence."
3,H2312,H2312_T329,1543,H2312_all_pdbs/Model_11872_afm_dropout_04_woTemplates_model_3_multimer_v1_pred_49.pdb,Model_11872_afm_dropout_04_woTemplates_model_3_multimer_v1_pred_49.pdb,11872,AFM,afm_dropout_04_woTemplates_multimer_v1,,3,49,afm_dropout_04_woTemplates_v1,,False,casp17/massivefold_external_pool_intake/h2312_t329/extracted_models/H2312_all_pdbs/Model_11872_afm_dropout_04_woTemplates_model_3_multimer_v1_pred_49.pdb,awaiting_extract,"MassiveFold model pool index only. It parses organizer-provided external model tarball listings and stages balanced extraction/rerank candidates. These models remain external rerank and accuracy-estimation inputs, not internal predictions, not CASP submissions, and not competitive-proof evidence."
3,H2312,H2312_T329,1560,H2312_all_pdbs/Model_10763_afm_dropout_04_woTemplates_model_4_multimer_v1_pred_32.pdb,Model_10763_afm_dropout_04_woTemplates_model_4_multimer_v1_pred_32.pdb,10763,AFM,afm_dropout_04_woTemplates_multimer_v1,,4,32,afm_dropout_04_woTemplates_v1,,False,casp17/massivefold_external_pool_intake/h2312_t329/extracted_models/H2312_all_pdbs/Model_10763_afm_dropout_04_woTemplates_model_4_multimer_v1_pred_32.pdb,awaiting_extract,"MassiveFold model pool index only. It parses organizer-provided external model tarball listings and stages balanced extraction/rerank candidates. These models remain external rerank and accuracy-estimation inputs, not internal predictions, not CASP submissions, and not competitive-proof evidence."
3,H2312,H2312_T329,1604,H2312_all_pdbs/Model_11759_afm_dropout_04_woTemplates_model_3_multimer_v1_pred_42.pdb,Model_11759_afm_dropout_04_woTemplates_model_3_multimer_v1_pred_42.pdb,11759,AFM,afm_dropout_04_woTemplates_multimer_v1,,3,42,afm_dropout_04_woTemplates_v1,,False,casp17/massivefold_external_pool_intake/h2312_t329/extracted_models/H2312_all_pdbs/Model_11759_afm_dropout_04_woTemplates_model_3_multimer_v1_pred_42.pdb,awaiting_extract,"MassiveFold model pool index only. It parses organizer-provided external model tarball listings and stages balanced extraction/rerank candidates. These models remain external rerank and accuracy-estimation inputs, not internal predictions, not CASP submissions, and not competitive-proof evidence."
3,H2312,H2312_T329,1610,H2312_all_pdbs/Model_11896_afm_dropout_04_woTemplates_model_1_multimer_v1_pred_43.pdb,Model_11896_afm_dropout_04_woTemplates_model_1_multimer_v1_pred_43.pdb,11896,AFM,afm_dropout_04_woTemplates_multimer_v1,,1,43,afm_dropout_04_woTemplates_v1,,False,casp17/massivefold_external_pool_intake/h2312_t329/extracted_models/H2312_all_pdbs/Model_11896_afm_dropout_04_woTemplates_model_1_multimer_v1_pred_43.pdb,awaiting_extract,"MassiveFold model pool index only. It parses organizer-provided external model tarball listings and stages balanced extraction/rerank candidates. These models remain external rerank and accuracy-estimation inputs, not internal predictions, not CASP submissions, and not competitive-proof evidence."
3,H2312,H2312_T329,1621,H2312_all_pdbs/Model_11293_afm_dropout_04_woTemplates_model_4_multimer_v1_pred_28.pdb,Model_11293_afm_dropout_04_woTemplates_model_4_multimer_v1_pred_28.pdb,11293,AFM,afm_dropout_04_woTemplates_multimer_v1,,4,28,afm_dropout_04_woTemplates_v1,,False,casp17/massivefold_external_pool_intake/h2312_t329/extracted_models/H2312_all_pdbs/Model_11293_afm_dropout_04_woTemplates_model_4_multimer_v1_pred_28.pdb,awaiting_extract,"MassiveFold model pool index only. It parses organizer-provided external model tarball listings and stages balanced extraction/rerank candidates. These models remain external rerank and accuracy-estimation inputs, not internal predictions, not CASP submissions, and not competitive-proof evidence."
3,H2312,H2312_T329,1624,H2312_all_pdbs/Model_11074_afm_dropout_04_woTemplates_model_2_multimer_v1_pred_40.pdb,Model_11074_afm_dropout_04_woTemplates_model_2_multimer_v1_pred_40.pdb,11074,AFM,afm_dropout_04_woTemplates_multimer_v1,,2,40,afm_dropout_04_woTemplates_v1,,False,casp17/massivefold_external_pool_intake/h2312_t329/extracted_models/H2312_all_pdbs/Model_11074_afm_dropout_04_woTemplates_model_2_multimer_v1_pred_40.pdb,awaiting_extract,"MassiveFold model pool index only. It parses organizer-provided external model tarball listings and stages balanced extraction/rerank candidates. These models remain external rerank and accuracy-estimation inputs, not internal predictions, not CASP submissions, and not competitive-proof evidence."
3,H2312,H2312_T329,1668,H2312_all_pdbs/Model_11907_afm_dropout_04_woTemplates_model_3_multimer_v1_pred_11.pdb,Model_11907_afm_dropout_04_woTemplates_model_3_multimer_v1_pred_11.pdb,11907,AFM,afm_dropout_04_woTemplates_multimer_v1,,3,11,afm_dropout_04_woTemplates_v1,,False,casp17/massivefold_external_pool_intake/h2312_t329/extracted_models/H2312_all_pdbs/Model_11907_afm_dropout_04_woTemplates_model_3_multimer_v1_pred_11.pdb,awaiting_extract,"MassiveFold model pool index only. It parses organizer-provided external model tarball listings and stages balanced extraction/rerank candidates. These models remain external rerank and accuracy-estimation inputs, not internal predictions, not CASP submissions, and not competitive-proof evidence."
3,H2312,H2312_T329,1706,H2312_all_pdbs/Model_10501_afm_dropout_04_woTemplates_model_4_multimer_v1_pred_55.pdb,Model_10501_afm_dropout_04_woTemplates_model_4_multimer_v1_pred_55.pdb,10501,AFM,afm_dropout_04_woTemplates_multimer_v1,,4,55,afm_dropout_04_woTemplates_v1,,False,casp17/massivefold_external_pool_intake/h2312_t329/extracted_models/H2312_all_pdbs/Model_10501_afm_dropout_04_woTemplates_model_4_multimer_v1_pred_55.pdb,awaiting_extract,"MassiveFold model pool index only. It parses organizer-provided external model tarball listings and stages balanced extraction/rerank candidates. These models remain external rerank and accuracy-estimation inputs, not internal predictions, not CASP submissions, and not competitive-proof evidence."
3,H2312,H2312_T329,1821,H2312_all_pdbs/Model_10764_afm_dropout_04_woTemplates_model_4_multimer_v1_pred_16.pdb,Model_10764_afm_dropout_04_woTemplates_model_4_multimer_v1_pred_16.pdb,10764,AFM,afm_dropout_04_woTemplates_multimer_v1,,4,16,afm_dropout_04_woTemplates_v1,,False,casp17/massivefold_external_pool_intake/h2312_t329/extracted_models/H2312_all_pdbs/Model_10764_afm_dropout_04_woTemplates_model_4_multimer_v1_pred_16.pdb,awaiting_extract,"MassiveFold model pool index only. It parses organizer-provided external model tarball listings and stages balanced extraction/rerank candidates. These models remain external rerank and accuracy-estimation inputs, not internal predictions, not CASP submissions, and not competitive-proof evidence."
3,H2312,H2312_T329,1955,H2312_all_pdbs/Model_11077_afm_dropout_04_woTemplates_model_2_multimer_v1_pred_1.pdb,Model_11077_afm_dropout_04_woTemplates_model_2_multimer_v1_pred_1.pdb,11077,AFM,afm_dropout_04_woTemplates_multimer_v1,,2,1,afm_dropout_04_woTemplates_v1,,False,casp17/massivefold_external_pool_intake/h2312_t329/extracted_models/H2312_all_pdbs/Model_11077_afm_dropout_04_woTemplates_model_2_multimer_v1_pred_1.pdb,awaiting_extract,"MassiveFold model pool index only. It parses organizer-provided external model tarball listings and stages balanced extraction/rerank candidates. These models remain external rerank and accuracy-estimation inputs, not internal predictions, not CASP submissions, and not competitive-proof evidence."
3,H2312,H2312_T329,1957,H2312_all_pdbs/Model_10776_afm_dropout_04_woTemplates_model_4_multimer_v1_pred_50.pdb,Model_10776_afm_dropout_04_woTemplates_model_4_multimer_v1_pred_50.pdb,10776,AFM,afm_dropout_04_woTemplates_multimer_v1,,4,50,afm_dropout_04_woTemplates_v1,,False,casp17/massivefold_external_pool_intake/h2312_t329/extracted_models/H2312_all_pdbs/Model_10776_afm_dropout_04_woTemplates_model_4_multimer_v1_pred_50.pdb,awaiting_extract,"MassiveFold model pool index only. It parses organizer-provided external model tarball listings and stages balanced extraction/rerank candidates. These models remain external rerank and accuracy-estimation inputs, not internal predictions, not CASP submissions, and not competitive-proof evidence."
3,H2312,H2312_T329,2287,H2312_all_pdbs/Model_10693_afm_dropout_04_woTemplates_model_2_multimer_v1_pred_33.pdb,Model_10693_afm_dropout_04_woTemplates_model_2_multimer_v1_pred_33.pdb,10693,AFM,afm_dropout_04_woTemplates_multimer_v1,,2,33,afm_dropout_04_woTemplates_v1,,False,casp17/massivefold_external_pool_intake/h2312_t329/extracted_models/H2312_all_pdbs/Model_10693_afm_dropout_04_woTemplates_model_2_multimer_v1_pred_33.pdb,awaiting_extract,"MassiveFold model pool index only. It parses organizer-provided external model tarball listings and stages balanced extraction/rerank candidates. These models remain external rerank and accuracy-estimation inputs, not internal predictions, not CASP submissions, and not competitive-proof evidence."
3,H2312,H2312_T329,2375,H2312_all_pdbs/Model_10989_afm_dropout_04_woTemplates_model_2_multimer_v1_pred_21.pdb,Model_10989_afm_dropout_04_woTemplates_model_2_multimer_v1_pred_21.pdb,10989,AFM,afm_dropout_04_woTemplates_multimer_v1,,2,21,afm_dropout_04_woTemplates_v1,,False,casp17/massivefold_external_pool_intake/h2312_t329/extracted_models/H2312_all_pdbs/Model_10989_afm_dropout_04_woTemplates_model_2_multimer_v1_pred_21.pdb,awaiting_extract,"MassiveFold model pool index only. It parses organizer-provided external model tarball listings and stages balanced extraction/rerank candidates. These models remain external rerank and accuracy-estimation inputs, not internal predictions, not CASP submissions, and not competitive-proof evidence."
3,H2312,H2312_T329,2407,H2312_all_pdbs/Model_11540_afm_dropout_04_woTemplates_model_1_multimer_v1_pred_37.pdb,Model_11540_afm_dropout_04_woTemplates_model_1_multimer_v1_pred_37.pdb,11540,AFM,afm_dropout_04_woTemplates_multimer_v1,,1,37,afm_dropout_04_woTemplates_v1,,False,casp17/massivefold_external_pool_intake/h2312_t329/extracted_models/H2312_all_pdbs/Model_11540_afm_dropout_04_woTemplates_model_1_multimer_v1_pred_37.pdb,awaiting_extract,"MassiveFold model pool index only. It parses organizer-provided external model tarball listings and stages balanced extraction/rerank candidates. These models remain external rerank and accuracy-estimation inputs, not internal predictions, not CASP submissions, and not competitive-proof evidence."
3,H2312,H2312_T329,2433,H2312_all_pdbs/Model_10900_afm_dropout_04_woTemplates_model_2_multimer_v1_pred_28.pdb,Model_10900_afm_dropout_04_woTemplates_model_2_multimer_v1_pred_28.pdb,10900,AFM,afm_dropout_04_woTemplates_multimer_v1,,2,28,afm_dropout_04_woTemplates_v1,,False,casp17/massivefold_external_pool_intake/h2312_t329/extracted_models/H2312_all_pdbs/Model_10900_afm_dropout_04_woTemplates_model_2_multimer_v1_pred_28.pdb,awaiting_extract,"MassiveFold model pool index only. It parses organizer-provided external model tarball listings and stages balanced extraction/rerank candidates. These models remain external rerank and accuracy-estimation inputs, not internal predictions, not CASP submissions, and not competitive-proof evidence."
3,H2312,H2312_T329,2444,H2312_all_pdbs/Model_10671_afm_dropout_04_woTemplates_model_2_multimer_v1_pred_53.pdb,Model_10671_afm_dropout_04_woTemplates_model_2_multimer_v1_pred_53.pdb,10671,AFM,afm_dropout_04_woTemplates_multimer_v1,,2,53,afm_dropout_04_woTemplates_v1,,False,casp17/massivefold_external_pool_intake/h2312_t329/extracted_models/H2312_all_pdbs/Model_10671_afm_dropout_04_woTemplates_model_2_multimer_v1_pred_53.pdb,awaiting_extract,"MassiveFold model pool index only. It parses organizer-provided external model tarball listings and stages balanced extraction/rerank candidates. These models remain external rerank and accuracy-estimation inputs, not internal predictions, not CASP submissions, and not competitive-proof evidence."
3,H2312,H2312_T329,2448,H2312_all_pdbs/Model_11963_afm_dropout_04_woTemplates_model_3_multimer_v1_pred_36.pdb,Model_11963_afm_dropout_04_woTemplates_model_3_multimer_v1_pred_36.pdb,11963,AFM,afm_dropout_04_woTemplates_multimer_v1,,3,36,afm_dropout_04_woTemplates_v1,,False,casp17/massivefold_external_pool_intake/h2312_t329/extracted_models/H2312_all_pdbs/Model_11963_afm_dropout_04_woTemplates_model_3_multimer_v1_pred_36.pdb,awaiting_extract,"MassiveFold model pool index only. It parses organizer-provided external model tarball listings and stages balanced extraction/rerank candidates. These models remain external rerank and accuracy-estimation inputs, not internal predictions, not CASP submissions, and not competitive-proof evidence."
3,H2312,H2312_T329,2480,H2312_all_pdbs/Model_10581_afm_dropout_04_woTemplates_model_5_multimer_v1_pred_56.pdb,Model_10581_afm_dropout_04_woTemplates_model_5_multimer_v1_pred_56.pdb,10581,AFM,afm_dropout_04_woTemplates_multimer_v1,,5,56,afm_dropout_04_woTemplates_v1,,False,casp17/massivefold_external_pool_intake/h2312_t329/extracted_models/H2312_all_pdbs/Model_10581_afm_dropout_04_woTemplates_model_5_multimer_v1_pred_56.pdb,awaiting_extract,"MassiveFold model pool index only. It parses organizer-provided external model tarball listings and stages balanced extraction/rerank candidates. These models remain external rerank and accuracy-estimation inputs, not internal predictions, not CASP submissions, and not competitive-proof evidence."
3,H2312,H2312_T329,2506,H2312_all_pdbs/Model_11240_afm_dropout_04_woTemplates_model_4_multimer_v1_pred_17.pdb,Model_11240_afm_dropout_04_woTemplates_model_4_multimer_v1_pred_17.pdb,11240,AFM,afm_dropout_04_woTemplates_multimer_v1,,4,17,afm_dropout_04_woTemplates_v1,,False,casp17/massivefold_external_pool_intake/h2312_t329/extracted_models/H2312_all_pdbs/Model_11240_afm_dropout_04_woTemplates_model_4_multimer_v1_pred_17.pdb,awaiting_extract,"MassiveFold model pool index only. It parses organizer-provided external model tarball listings and stages balanced extraction/rerank candidates. These models remain external rerank and accuracy-estimation inputs, not internal predictions, not CASP submissions, and not competitive-proof evidence."
3,H2312,H2312_T329,2508,H2312_all_pdbs/Model_11877_afm_dropout_04_woTemplates_model_3_multimer_v1_pred_17.pdb,Model_11877_afm_dropout_04_woTemplates_model_3_multimer_v1_pred_17.pdb,11877,AFM,afm_dropout_04_woTemplates_multimer_v1,,3,17,afm_dropout_04_woTemplates_v1,,False,casp17/massivefold_external_pool_intake/h2312_t329/extracted_models/H2312_all_pdbs/Model_11877_afm_dropout_04_woTemplates_model_3_multimer_v1_pred_17.pdb,awaiting_extract,"MassiveFold model pool index only. It parses organizer-provided external model tarball listings and stages balanced extraction/rerank candidates. These models remain external rerank and accuracy-estimation inputs, not internal predictions, not CASP submissions, and not competitive-proof evidence."
3,H2312,H2312_T329,2531,H2312_all_pdbs/Model_11443_afm_dropout_04_woTemplates_model_4_multimer_v1_pred_34.pdb,Model_11443_afm_dropout_04_woTemplates_model_4_multimer_v1_pred_34.pdb,11443,AFM,afm_dropout_04_woTemplates_multimer_v1,,4,34,afm_dropout_04_woTemplates_v1,,False,casp17/massivefold_external_pool_intake/h2312_t329/extracted_models/H2312_all_pdbs/Model_11443_afm_dropout_04_woTemplates_model_4_multimer_v1_pred_34.pdb,awaiting_extract,"MassiveFold model pool index only. It parses organizer-provided external model tarball listings and stages balanced extraction/rerank candidates. These models remain external rerank and accuracy-estimation inputs, not internal predictions, not CASP submissions, and not competitive-proof evidence."
3,H2312,H2312_T329,2592,H2312_all_pdbs/Model_11631_afm_dropout_04_woTemplates_model_1_multimer_v1_pred_41.pdb,Model_11631_afm_dropout_04_woTemplates_model_1_multimer_v1_pred_41.pdb,11631,AFM,afm_dropout_04_woTemplates_multimer_v1,,1,41,afm_dropout_04_woTemplates_v1,,False,casp17/massivefold_external_pool_intake/h2312_t329/extracted_models/H2312_all_pdbs/Model_11631_afm_dropout_04_woTemplates_model_1_multimer_v1_pred_41.pdb,awaiting_extract,"MassiveFold model pool index only. It parses organizer-provided external model tarball listings and stages balanced extraction/rerank candidates. These models remain external rerank and accuracy-estimation inputs, not internal predictions, not CASP submissions, and not competitive-proof evidence."
3,H2312,H2312_T329,2609,H2312_all_pdbs/Model_10975_afm_dropout_04_woTemplates_model_2_multimer_v1_pred_44.pdb,Model_10975_afm_dropout_04_woTemplates_model_2_multimer_v1_pred_44.pdb,10975,AFM,afm_dropout_04_woTemplates_multimer_v1,,2,44,afm_dropout_04_woTemplates_v1,,False,casp17/massivefold_external_pool_intake/h2312_t329/extracted_models/H2312_all_pdbs/Model_10975_afm_dropout_04_woTemplates_model_2_multimer_v1_pred_44.pdb,awaiting_extract,"MassiveFold model pool index only. It parses organizer-provided external model tarball listings and stages balanced extraction/rerank candidates. These models remain external rerank and accuracy-estimation inputs, not internal predictions, not CASP submissions, and not competitive-proof evidence."
3,H2312,H2312_T329,2700,H2312_all_pdbs/Model_11685_afm_dropout_04_woTemplates_model_3_multimer_v1_pred_45.pdb,Model_11685_afm_dropout_04_woTemplates_model_3_multimer_v1_pred_45.pdb,11685,AFM,afm_dropout_04_woTemplates_multimer_v1,,3,45,afm_dropout_04_woTemplates_v1,,False,casp17/massivefold_external_pool_intake/h2312_t329/extracted_models/H2312_all_pdbs/Model_11685_afm_dropout_04_woTemplates_model_3_multimer_v1_pred_45.pdb,awaiting_extract,"MassiveFold model pool index only. It parses organizer-provided external model tarball listings and stages balanced extraction/rerank candidates. These models remain external rerank and accuracy-estimation inputs, not internal predictions, not CASP submissions, and not competitive-proof evidence."
3,H2312,H2312_T329,2790,H2312_all_pdbs/Model_10399_afm_dropout_04_woTemplates_model_5_multimer_v1_pred_12.pdb,Model_10399_afm_dropout_04_woTemplates_model_5_multimer_v1_pred_12.pdb,10399,AFM,afm_dropout_04_woTemplates_multimer_v1,,5,12,afm_dropout_04_woTemplates_v1,,False,casp17/massivefold_external_pool_intake/h2312_t329/extracted_models/H2312_all_pdbs/Model_10399_afm_dropout_04_woTemplates_model_5_multimer_v1_pred_12.pdb,awaiting_extract,"MassiveFold model pool index only. It parses organizer-provided external model tarball listings and stages balanced extraction/rerank candidates. These models remain external rerank and accuracy-estimation inputs, not internal predictions, not CASP submissions, and not competitive-proof evidence."
3,H2312,H2312_T329,2806,H2312_all_pdbs/Model_11955_afm_dropout_04_woTemplates_model_1_multimer_v1_pred_42.pdb,Model_11955_afm_dropout_04_woTemplates_model_1_multimer_v1_pred_42.pdb,11955,AFM,afm_dropout_04_woTemplates_multimer_v1,,1,42,afm_dropout_04_woTemplates_v1,,False,casp17/massivefold_external_pool_intake/h2312_t329/extracted_models/H2312_all_pdbs/Model_11955_afm_dropout_04_woTemplates_model_1_multimer_v1_pred_42.pdb,awaiting_extract,"MassiveFold model pool index only. It parses organizer-provided external model tarball listings and stages balanced extraction/rerank candidates. These models remain external rerank and accuracy-estimation inputs, not internal predictions, not CASP submissions, and not competitive-proof evidence."
3,H2312,H2312_T329,2830,H2312_all_pdbs/Model_10271_afm_dropout_04_woTemplates_model_5_multimer_v1_pred_24.pdb,Model_10271_afm_dropout_04_woTemplates_model_5_multimer_v1_pred_24.pdb,10271,AFM,afm_dropout_04_woTemplates_multimer_v1,,5,24,afm_dropout_04_woTemplates_v1,,False,casp17/massivefold_external_pool_intake/h2312_t329/extracted_models/H2312_all_pdbs/Model_10271_afm_dropout_04_woTemplates_model_5_multimer_v1_pred_24.pdb,awaiting_extract,"MassiveFold model pool index only. It parses organizer-provided external model tarball listings and stages balanced extraction/rerank candidates. These models remain external rerank and accuracy-estimation inputs, not internal predictions, not CASP submissions, and not competitive-proof evidence."
3,H2312,H2312_T329,2849,H2312_all_pdbs/Model_11888_afm_dropout_04_woTemplates_model_3_multimer_v1_pred_27.pdb,Model_11888_afm_dropout_04_woTemplates_model_3_multimer_v1_pred_27.pdb,11888,AFM,afm_dropout_04_woTemplates_multimer_v1,,3,27,afm_dropout_04_woTemplates_v1,,False,casp17/massivefold_external_pool_intake/h2312_t329/extracted_models/H2312_all_pdbs/Model_11888_afm_dropout_04_woTemplates_model_3_multimer_v1_pred_27.pdb,awaiting_extract,"MassiveFold model pool index only. It parses organizer-provided external model tarball listings and stages balanced extraction/rerank candidates. These models remain external rerank and accuracy-estimation inputs, not internal predictions, not CASP submissions, and not competitive-proof evidence."
3,H2312,H2312_T329,2898,H2312_all_pdbs/Model_10617_afm_dropout_04_woTemplates_model_4_multimer_v1_pred_48.pdb,Model_10617_afm_dropout_04_woTemplates_model_4_multimer_v1_pred_48.pdb,10617,AFM,afm_dropout_04_woTemplates_multimer_v1,,4,48,afm_dropout_04_woTemplates_v1,,False,casp17/massivefold_external_pool_intake/h2312_t329/extracted_models/H2312_all_pdbs/Model_10617_afm_dropout_04_woTemplates_model_4_multimer_v1_pred_48.pdb,awaiting_extract,"MassiveFold model pool index only. It parses organizer-provided external model tarball listings and stages balanced extraction/rerank candidates. These models remain external rerank and accuracy-estimation inputs, not internal predictions, not CASP submissions, and not competitive-proof evidence."
3,H2312,H2312_T329,2953,H2312_all_pdbs/Model_11936_afm_dropout_04_woTemplates_model_3_multimer_v1_pred_32.pdb,Model_11936_afm_dropout_04_woTemplates_model_3_multimer_v1_pred_32.pdb,11936,AFM,afm_dropout_04_woTemplates_multimer_v1,,3,32,afm_dropout_04_woTemplates_v1,,False,casp17/massivefold_external_pool_intake/h2312_t329/extracted_models/H2312_all_pdbs/Model_11936_afm_dropout_04_woTemplates_model_3_multimer_v1_pred_32.pdb,awaiting_extract,"MassiveFold model pool index only. It parses organizer-provided external model tarball listings and stages balanced extraction/rerank candidates. These models remain external rerank and accuracy-estimation inputs, not internal predictions, not CASP submissions, and not competitive-proof evidence."
3,H2312,H2312_T329,2960,H2312_all_pdbs/Model_11544_afm_dropout_04_woTemplates_model_3_multimer_v1_pred_35.pdb,Model_11544_afm_dropout_04_woTemplates_model_3_multimer_v1_pred_35.pdb,11544,AFM,afm_dropout_04_woTemplates_multimer_v1,,3,35,afm_dropout_04_woTemplates_v1,,False,casp17/massivefold_external_pool_intake/h2312_t329/extracted_models/H2312_all_pdbs/Model_11544_afm_dropout_04_woTemplates_model_3_multimer_v1_pred_35.pdb,awaiting_extract,"MassiveFold model pool index only. It parses organizer-provided external model tarball listings and stages balanced extraction/rerank candidates. These models remain external rerank and accuracy-estimation inputs, not internal predictions, not CASP submissions, and not competitive-proof evidence."
3,H2312,H2312_T329,2996,H2312_all_pdbs/Model_11601_afm_dropout_04_woTemplates_model_1_multimer_v1_pred_13.pdb,Model_11601_afm_dropout_04_woTemplates_model_1_multimer_v1_pred_13.pdb,11601,AFM,afm_dropout_04_woTemplates_multimer_v1,,1,13,afm_dropout_04_woTemplates_v1,,False,casp17/massivefold_external_pool_intake/h2312_t329/extracted_models/H2312_all_pdbs/Model_11601_afm_dropout_04_woTemplates_model_1_multimer_v1_pred_13.pdb,awaiting_extract,"MassiveFold model pool index only. It parses organizer-provided external model tarball listings and stages balanced extraction/rerank candidates. These models remain external rerank and accuracy-estimation inputs, not internal predictions, not CASP submissions, and not competitive-proof evidence."
3,H2312,H2312_T329,3056,H2312_all_pdbs/Model_10522_afm_dropout_04_woTemplates_model_5_multimer_v1_pred_65.pdb,Model_10522_afm_dropout_04_woTemplates_model_5_multimer_v1_pred_65.pdb,10522,AFM,afm_dropout_04_woTemplates_multimer_v1,,5,65,afm_dropout_04_woTemplates_v1,,False,casp17/massivefold_external_pool_intake/h2312_t329/extracted_models/H2312_all_pdbs/Model_10522_afm_dropout_04_woTemplates_model_5_multimer_v1_pred_65.pdb,awaiting_extract,"MassiveFold model pool index only. It parses organizer-provided external model tarball listings and stages balanced extraction/rerank candidates. These models remain external rerank and accuracy-estimation inputs, not internal predictions, not CASP submissions, and not competitive-proof evidence."
3,H2312,H2312_T329,3112,H2312_all_pdbs/Model_10769_afm_dropout_04_woTemplates_model_4_multimer_v1_pred_64.pdb,Model_10769_afm_dropout_04_woTemplates_model_4_multimer_v1_pred_64.pdb,10769,AFM,afm_dropout_04_woTemplates_multimer_v1,,4,64,afm_dropout_04_woTemplates_v1,,False,casp17/massivefold_external_pool_intake/h2312_t329/extracted_models/H2312_all_pdbs/Model_10769_afm_dropout_04_woTemplates_model_4_multimer_v1_pred_64.pdb,awaiting_extract,"MassiveFold model pool index only. It parses organizer-provided external model tarball listings and stages balanced extraction/rerank candidates. These models remain external rerank and accuracy-estimation inputs, not internal predictions, not CASP submissions, and not competitive-proof evidence."
3,H2312,H2312_T329,3164,H2312_all_pdbs/Model_11040_afm_dropout_04_woTemplates_model_2_multimer_v1_pred_24.pdb,Model_11040_afm_dropout_04_woTemplates_model_2_multimer_v1_pred_24.pdb,11040,AFM,afm_dropout_04_woTemplates_multimer_v1,,2,24,afm_dropout_04_woTemplates_v1,,False,casp17/massivefold_external_pool_intake/h2312_t329/extracted_models/H2312_all_pdbs/Model_11040_afm_dropout_04_woTemplates_model_2_multimer_v1_pred_24.pdb,awaiting_extract,"MassiveFold model pool index only. It parses organizer-provided external model tarball listings and stages balanced extraction/rerank candidates. These models remain external rerank and accuracy-estimation inputs, not internal predictions, not CASP submissions, and not competitive-proof evidence."
3,H2312,H2312_T329,3218,H2312_all_pdbs/Model_10348_afm_dropout_04_woTemplates_model_5_multimer_v1_pred_21.pdb,Model_10348_afm_dropout_04_woTemplates_model_5_multimer_v1_pred_21.pdb,10348,AFM,afm_dropout_04_woTemplates_multimer_v1,,5,21,afm_dropout_04_woTemplates_v1,,False,casp17/massivefold_external_pool_intake/h2312_t329/extracted_models/H2312_all_pdbs/Model_10348_afm_dropout_04_woTemplates_model_5_multimer_v1_pred_21.pdb,awaiting_extract,"MassiveFold model pool index only. It parses organizer-provided external model tarball listings and stages balanced extraction/rerank candidates. These models remain external rerank and accuracy-estimation inputs, not internal predictions, not CASP submissions, and not competitive-proof evidence."
3,H2312,H2312_T329,3261,H2312_all_pdbs/Model_10718_afm_dropout_04_woTemplates_model_4_multimer_v1_pred_15.pdb,Model_10718_afm_dropout_04_woTemplates_model_4_multimer_v1_pred_15.pdb,10718,AFM,afm_dropout_04_woTemplates_multimer_v1,,4,15,afm_dropout_04_woTemplates_v1,,False,casp17/massivefold_external_pool_intake/h2312_t329/extracted_models/H2312_all_pdbs/Model_10718_afm_dropout_04_woTemplates_model_4_multimer_v1_pred_15.pdb,awaiting_extract,"MassiveFold model pool index only. It parses organizer-provided external model tarball listings and stages balanced extraction/rerank candidates. These models remain external rerank and accuracy-estimation inputs, not internal predictions, not CASP submissions, and not competitive-proof evidence."
3,H2312,H2312_T329,3267,H2312_all_pdbs/Model_10562_afm_dropout_04_woTemplates_model_5_multimer_v1_pred_28.pdb,Model_10562_afm_dropout_04_woTemplates_model_5_multimer_v1_pred_28.pdb,10562,AFM,afm_dropout_04_woTemplates_multimer_v1,,5,28,afm_dropout_04_woTemplates_v1,,False,casp17/massivefold_external_pool_intake/h2312_t329/extracted_models/H2312_all_pdbs/Model_10562_afm_dropout_04_woTemplates_model_5_multimer_v1_pred_28.pdb,awaiting_extract,"MassiveFold model pool index only. It parses organizer-provided external model tarball listings and stages balanced extraction/rerank candidates. These models remain external rerank and accuracy-estimation inputs, not internal predictions, not CASP submissions, and not competitive-proof evidence."
3,H2312,H2312_T329,3277,H2312_all_pdbs/Model_12032_afm_dropout_04_woTemplates_model_1_multimer_v1_pred_1.pdb,Model_12032_afm_dropout_04_woTemplates_model_1_multimer_v1_pred_1.pdb,12032,AFM,afm_dropout_04_woTemplates_multimer_v1,,1,1,afm_dropout_04_woTemplates_v1,,False,casp17/massivefold_external_pool_intake/h2312_t329/extracted_models/H2312_all_pdbs/Model_12032_afm_dropout_04_woTemplates_model_1_multimer_v1_pred_1.pdb,awaiting_extract,"MassiveFold model pool index only. It parses organizer-provided external model tarball listings and stages balanced extraction/rerank candidates. These models remain external rerank and accuracy-estimation inputs, not internal predictions, not CASP submissions, and not competitive-proof evidence."
3,H2312,H2312_T329,3344,H2312_all_pdbs/Model_11701_afm_dropout_04_woTemplates_model_3_multimer_v1_pred_22.pdb,Model_11701_afm_dropout_04_woTemplates_model_3_multimer_v1_pred_22.pdb,11701,AFM,afm_dropout_04_woTemplates_multimer_v1,,3,22,afm_dropout_04_woTemplates_v1,,False,casp17/massivefold_external_pool_intake/h2312_t329/extracted_models/H2312_all_pdbs/Model_11701_afm_dropout_04_woTemplates_model_3_multimer_v1_pred_22.pdb,awaiting_extract,"MassiveFold model pool index only. It parses organizer-provided external model tarball listings and stages balanced extraction/rerank candidates. These models remain external rerank and accuracy-estimation inputs, not internal predictions, not CASP submissions, and not competitive-proof evidence."
3,H2312,H2312_T329,3365,H2312_all_pdbs/Model_10823_afm_dropout_04_woTemplates_model_2_multimer_v1_pred_35.pdb,Model_10823_afm_dropout_04_woTemplates_model_2_multimer_v1_pred_35.pdb,10823,AFM,afm_dropout_04_woTemplates_multimer_v1,,2,35,afm_dropout_04_woTemplates_v1,,False,casp17/massivefold_external_pool_intake/h2312_t329/extracted_models/H2312_all_pdbs/Model_10823_afm_dropout_04_woTemplates_model_2_multimer_v1_pred_35.pdb,awaiting_extract,"MassiveFold model pool index only. It parses organizer-provided external model tarball listings and stages balanced extraction/rerank candidates. These models remain external rerank and accuracy-estimation inputs, not internal predictions, not CASP submissions, and not competitive-proof evidence."
3,H2312,H2312_T329,3402,H2312_all_pdbs/Model_10560_afm_dropout_04_woTemplates_model_5_multimer_v1_pred_58.pdb,Model_10560_afm_dropout_04_woTemplates_model_5_multimer_v1_pred_58.pdb,10560,AFM,afm_dropout_04_woTemplates_multimer_v1,,5,58,afm_dropout_04_woTemplates_v1,,False,casp17/massivefold_external_pool_intake/h2312_t329/extracted_models/H2312_all_pdbs/Model_10560_afm_dropout_04_woTemplates_model_5_multimer_v1_pred_58.pdb,awaiting_extract,"MassiveFold model pool index only. It parses organizer-provided external model tarball listings and stages balanced extraction/rerank candidates. These models remain external rerank and accuracy-estimation inputs, not internal predictions, not CASP submissions, and not competitive-proof evidence."
3,H2312,H2312_T329,3416,H2312_all_pdbs/Model_10751_afm_dropout_04_woTemplates_model_4_multimer_v1_pred_61.pdb,Model_10751_afm_dropout_04_woTemplates_model_4_multimer_v1_pred_61.pdb,10751,AFM,afm_dropout_04_woTemplates_multimer_v1,,4,61,afm_dropout_04_woTemplates_v1,,False,casp17/massivefold_external_pool_intake/h2312_t329/extracted_models/H2312_all_pdbs/Model_10751_afm_dropout_04_woTemplates_model_4_multimer_v1_pred_61.pdb,awaiting_extract,"MassiveFold model pool index only. It parses organizer-provided external model tarball listings and stages balanced extraction/rerank candidates. These models remain external rerank and accuracy-estimation inputs, not internal predictions, not CASP submissions, and not competitive-proof evidence."
3,H2312,H2312_T329,3442,H2312_all_pdbs/Model_10985_afm_dropout_04_woTemplates_model_2_multimer_v1_pred_5.pdb,Model_10985_afm_dropout_04_woTemplates_model_2_multimer_v1_pred_5.pdb,10985,AFM,afm_dropout_04_woTemplates_multimer_v1,,2,5,afm_dropout_04_woTemplates_v1,,False,casp17/massivefold_external_pool_intake/h2312_t329/extracted_models/H2312_all_pdbs/Model_10985_afm_dropout_04_woTemplates_model_2_multimer_v1_pred_5.pdb,awaiting_extract,"MassiveFold model pool index only. It parses organizer-provided external model tarball listings and stages balanced extraction/rerank candidates. These models remain external rerank and accuracy-estimation inputs, not internal predictions, not CASP submissions, and not competitive-proof evidence."
3,H2312,H2312_T329,3480,H2312_all_pdbs/Model_10453_afm_dropout_04_woTemplates_model_5_multimer_v1_pred_32.pdb,Model_10453_afm_dropout_04_woTemplates_model_5_multimer_v1_pred_32.pdb,10453,AFM,afm_dropout_04_woTemplates_multimer_v1,,5,32,afm_dropout_04_woTemplates_v1,,False,casp17/massivefold_external_pool_intake/h2312_t329/extracted_models/H2312_all_pdbs/Model_10453_afm_dropout_04_woTemplates_model_5_multimer_v1_pred_32.pdb,awaiting_extract,"MassiveFold model pool index only. It parses organizer-provided external model tarball listings and stages balanced extraction/rerank candidates. These models remain external rerank and accuracy-estimation inputs, not internal predictions, not CASP submissions, and not competitive-proof evidence."
3,H2312,H2312_T329,3505,H2312_all_pdbs/Model_10760_afm_dropout_04_woTemplates_model_4_multimer_v1_pred_35.pdb,Model_10760_afm_dropout_04_woTemplates_model_4_multimer_v1_pred_35.pdb,10760,AFM,afm_dropout_04_woTemplates_multimer_v1,,4,35,afm_dropout_04_woTemplates_v1,,False,casp17/massivefold_external_pool_intake/h2312_t329/extracted_models/H2312_all_pdbs/Model_10760_afm_dropout_04_woTemplates_model_4_multimer_v1_pred_35.pdb,awaiting_extract,"MassiveFold model pool index only. It parses organizer-provided external model tarball listings and stages balanced extraction/rerank candidates. These models remain external rerank and accuracy-estimation inputs, not internal predictions, not CASP submissions, and not competitive-proof evidence."
3,H2312,H2312_T329,3567,H2312_all_pdbs/Model_10405_afm_dropout_04_woTemplates_model_5_multimer_v1_pred_15.pdb,Model_10405_afm_dropout_04_woTemplates_model_5_multimer_v1_pred_15.pdb,10405,AFM,afm_dropout_04_woTemplates_multimer_v1,,5,15,afm_dropout_04_woTemplates_v1,,False,casp17/massivefold_external_pool_intake/h2312_t329/extracted_models/H2312_all_pdbs/Model_10405_afm_dropout_04_woTemplates_model_5_multimer_v1_pred_15.pdb,awaiting_extract,"MassiveFold model pool index only. It parses organizer-provided external model tarball listings and stages balanced extraction/rerank candidates. These models remain external rerank and accuracy-estimation inputs, not internal predictions, not CASP submissions, and not competitive-proof evidence."
3,H2312,H2312_T329,3655,H2312_all_pdbs/Model_10460_afm_dropout_04_woTemplates_model_5_multimer_v1_pred_19.pdb,Model_10460_afm_dropout_04_woTemplates_model_5_multimer_v1_pred_19.pdb,10460,AFM,afm_dropout_04_woTemplates_multimer_v1,,5,19,afm_dropout_04_woTemplates_v1,,False,casp17/massivefold_external_pool_intake/h2312_t329/extracted_models/H2312_all_pdbs/Model_10460_afm_dropout_04_woTemplates_model_5_multimer_v1_pred_19.pdb,awaiting_extract,"MassiveFold model pool index only. It parses organizer-provided external model tarball listings and stages balanced extraction/rerank candidates. These models remain external rerank and accuracy-estimation inputs, not internal predictions, not CASP submissions, and not competitive-proof evidence."
3,H2312,H2312_T329,3722,H2312_all_pdbs/Model_10505_afm_dropout_04_woTemplates_model_5_multimer_v1_pred_42.pdb,Model_10505_afm_dropout_04_woTemplates_model_5_multimer_v1_pred_42.pdb,10505,AFM,afm_dropout_04_woTemplates_multimer_v1,,5,42,afm_dropout_04_woTemplates_v1,,False,casp17/massivefold_external_pool_intake/h2312_t329/extracted_models/H2312_all_pdbs/Model_10505_afm_dropout_04_woTemplates_model_5_multimer_v1_pred_42.pdb,awaiting_extract,"MassiveFold model pool index only. It parses organizer-provided external model tarball listings and stages balanced extraction/rerank candidates. These models remain external rerank and accuracy-estimation inputs, not internal predictions, not CASP submissions, and not competitive-proof evidence."
3,H2312,H2312_T329,3731,H2312_all_pdbs/Model_11047_afm_dropout_04_woTemplates_model_4_multimer_v1_pred_46.pdb,Model_11047_afm_dropout_04_woTemplates_model_4_multimer_v1_pred_46.pdb,11047,AFM,afm_dropout_04_woTemplates_multimer_v1,,4,46,afm_dropout_04_woTemplates_v1,,False,casp17/massivefold_external_pool_intake/h2312_t329/extracted_models/H2312_all_pdbs/Model_11047_afm_dropout_04_woTemplates_model_4_multimer_v1_pred_46.pdb,awaiting_extract,"MassiveFold model pool index only. It parses organizer-provided external model tarball listings and stages balanced extraction/rerank candidates. These models remain external rerank and accuracy-estimation inputs, not internal predictions, not CASP submissions, and not competitive-proof evidence."
3,H2312,H2312_T329,3736,H2312_all_pdbs/Model_10870_afm_dropout_04_woTemplates_model_4_multimer_v1_pred_8.pdb,Model_10870_afm_dropout_04_woTemplates_model_4_multimer_v1_pred_8.pdb,10870,AFM,afm_dropout_04_woTemplates_multimer_v1,,4,8,afm_dropout_04_woTemplates_v1,,False,casp17/massivefold_external_pool_intake/h2312_t329/extracted_models/H2312_all_pdbs/Model_10870_afm_dropout_04_woTemplates_model_4_multimer_v1_pred_8.pdb,awaiting_extract,"MassiveFold model pool index only. It parses organizer-provided external model tarball listings and stages balanced extraction/rerank candidates. These models remain external rerank and accuracy-estimation inputs, not internal predictions, not CASP submissions, and not competitive-proof evidence."
3,H2312,H2312_T329,4006,H2312_all_pdbs/Model_10615_afm_dropout_04_woTemplates_model_4_multimer_v1_pred_18.pdb,Model_10615_afm_dropout_04_woTemplates_model_4_multimer_v1_pred_18.pdb,10615,AFM,afm_dropout_04_woTemplates_multimer_v1,,4,18,afm_dropout_04_woTemplates_v1,,False,casp17/massivefold_external_pool_intake/h2312_t329/extracted_models/H2312_all_pdbs/Model_10615_afm_dropout_04_woTemplates_model_4_multimer_v1_pred_18.pdb,awaiting_extract,"MassiveFold model pool index only. It parses organizer-provided external model tarball listings and stages balanced extraction/rerank candidates. These models remain external rerank and accuracy-estimation inputs, not internal predictions, not CASP submissions, and not competitive-proof evidence."
3,H2312,H2312_T329,4045,H2312_all_pdbs/Model_11360_afm_dropout_04_woTemplates_model_2_multimer_v1_pred_62.pdb,Model_11360_afm_dropout_04_woTemplates_model_2_multimer_v1_pred_62.pdb,11360,AFM,afm_dropout_04_woTemplates_multimer_v1,,2,62,afm_dropout_04_woTemplates_v1,,False,casp17/massivefold_external_pool_intake/h2312_t329/extracted_models/H2312_all_pdbs/Model_11360_afm_dropout_04_woTemplates_model_2_multimer_v1_pred_62.pdb,awaiting_extract,"MassiveFold model pool index only. It parses organizer-provided external model tarball listings and stages balanced extraction/rerank candidates. These models remain external rerank and accuracy-estimation inputs, not internal predictions, not CASP submissions, and not competitive-proof evidence."
3,H2312,H2312_T329,4100,H2312_all_pdbs/Model_10660_afm_dropout_04_woTemplates_model_4_multimer_v1_pred_65.pdb,Model_10660_afm_dropout_04_woTemplates_model_4_multimer_v1_pred_65.pdb,10660,AFM,afm_dropout_04_woTemplates_multimer_v1,,4,65,afm_dropout_04_woTemplates_v1,,False,casp17/massivefold_external_pool_intake/h2312_t329/extracted_models/H2312_all_pdbs/Model_10660_afm_dropout_04_woTemplates_model_4_multimer_v1_pred_65.pdb,awaiting_extract,"MassiveFold model pool index only. It parses organizer-provided external model tarball listings and stages balanced extraction/rerank candidates. These models remain external rerank and accuracy-estimation inputs, not internal predictions, not CASP submissions, and not competitive-proof evidence."
3,H2312,H2312_T329,4263,H2312_all_pdbs/Model_11972_afm_dropout_04_woTemplates_model_3_multimer_v1_pred_1.pdb,Model_11972_afm_dropout_04_woTemplates_model_3_multimer_v1_pred_1.pdb,11972,AFM,afm_dropout_04_woTemplates_multimer_v1,,3,1,afm_dropout_04_woTemplates_v1,,False,casp17/massivefold_external_pool_intake/h2312_t329/extracted_models/H2312_all_pdbs/Model_11972_afm_dropout_04_woTemplates_model_3_multimer_v1_pred_1.pdb,awaiting_extract,"MassiveFold model pool index only. It parses organizer-provided external model tarball listings and stages balanced extraction/rerank candidates. These models remain external rerank and accuracy-estimation inputs, not internal predictions, not CASP submissions, and not competitive-proof evidence."
3,H2312,H2312_T329,4314,H2312_all_pdbs/Model_11898_afm_dropout_04_woTemplates_model_1_multimer_v1_pred_31.pdb,Model_11898_afm_dropout_04_woTemplates_model_1_multimer_v1_pred_31.pdb,11898,AFM,afm_dropout_04_woTemplates_multimer_v1,,1,31,afm_dropout_04_woTemplates_v1,,False,casp17/massivefold_external_pool_intake/h2312_t329/extracted_models/H2312_all_pdbs/Model_11898_afm_dropout_04_woTemplates_model_1_multimer_v1_pred_31.pdb,awaiting_extract,"MassiveFold model pool index only. It parses organizer-provided external model tarball listings and stages balanced extraction/rerank candidates. These models remain external rerank and accuracy-estimation inputs, not internal predictions, not CASP submissions, and not competitive-proof evidence."
3,H2312,H2312_T329,4441,H2312_all_pdbs/Model_10843_afm_dropout_04_woTemplates_model_2_multimer_v1_pred_3.pdb,Model_10843_afm_dropout_04_woTemplates_model_2_multimer_v1_pred_3.pdb,10843,AFM,afm_dropout_04_woTemplates_multimer_v1,,2,3,afm_dropout_04_woTemplates_v1,,False,casp17/massivefold_external_pool_intake/h2312_t329/extracted_models/H2312_all_pdbs/Model_10843_afm_dropout_04_woTemplates_model_2_multimer_v1_pred_3.pdb,awaiting_extract,"MassiveFold model pool index only. It parses organizer-provided external model tarball listings and stages balanced extraction/rerank candidates. These models remain external rerank and accuracy-estimation inputs, not internal predictions, not CASP submissions, and not competitive-proof evidence."
3,H2312,H2312_T329,4460,H2312_all_pdbs/Model_11837_afm_dropout_04_woTemplates_model_1_multimer_v1_pred_6.pdb,Model_11837_afm_dropout_04_woTemplates_model_1_multimer_v1_pred_6.pdb,11837,AFM,afm_dropout_04_woTemplates_multimer_v1,,1,6,afm_dropout_04_woTemplates_v1,,False,casp17/massivefold_external_pool_intake/h2312_t329/extracted_models/H2312_all_pdbs/Model_11837_afm_dropout_04_woTemplates_model_1_multimer_v1_pred_6.pdb,awaiting_extract,"MassiveFold model pool index only. It parses organizer-provided external model tarball listings and stages balanced extraction/rerank candidates. These models remain external rerank and accuracy-estimation inputs, not internal predictions, not CASP submissions, and not competitive-proof evidence."
3,H2312,H2312_T329,4587,H2312_all_pdbs/Model_11782_afm_dropout_04_woTemplates_model_1_multimer_v1_pred_26.pdb,Model_11782_afm_dropout_04_woTemplates_model_1_multimer_v1_pred_26.pdb,11782,AFM,afm_dropout_04_woTemplates_multimer_v1,,1,26,afm_dropout_04_woTemplates_v1,,False,casp17/massivefold_external_pool_intake/h2312_t329/extracted_models/H2312_all_pdbs/Model_11782_afm_dropout_04_woTemplates_model_1_multimer_v1_pred_26.pdb,awaiting_extract,"MassiveFold model pool index only. It parses organizer-provided external model tarball listings and stages balanced extraction/rerank candidates. These models remain external rerank and accuracy-estimation inputs, not internal predictions, not CASP submissions, and not competitive-proof evidence."
3,H2312,H2312_T329,4592,H2312_all_pdbs/Model_10445_afm_dropout_04_woTemplates_model_5_multimer_v1_pred_6.pdb,Model_10445_afm_dropout_04_woTemplates_model_5_multimer_v1_pred_6.pdb,10445,AFM,afm_dropout_04_woTemplates_multimer_v1,,5,6,afm_dropout_04_woTemplates_v1,,False,casp17/massivefold_external_pool_intake/h2312_t329/extracted_models/H2312_all_pdbs/Model_10445_afm_dropout_04_woTemplates_model_5_multimer_v1_pred_6.pdb,awaiting_extract,"MassiveFold model pool index only. It parses organizer-provided external model tarball listings and stages balanced extraction/rerank candidates. These models remain external rerank and accuracy-estimation inputs, not internal predictions, not CASP submissions, and not competitive-proof evidence."
3,H2312,H2312_T329,4727,H2312_all_pdbs/Model_11920_afm_dropout_04_woTemplates_model_3_multimer_v1_pred_19.pdb,Model_11920_afm_dropout_04_woTemplates_model_3_multimer_v1_pred_19.pdb,11920,AFM,afm_dropout_04_woTemplates_multimer_v1,,3,19,afm_dropout_04_woTemplates_v1,,False,casp17/massivefold_external_pool_intake/h2312_t329/extracted_models/H2312_all_pdbs/Model_11920_afm_dropout_04_woTemplates_model_3_multimer_v1_pred_19.pdb,awaiting_extract,"MassiveFold model pool index only. It parses organizer-provided external model tarball listings and stages balanced extraction/rerank candidates. These models remain external rerank and accuracy-estimation inputs, not internal predictions, not CASP submissions, and not competitive-proof evidence."
3,H2312,H2312_T329,4763,H2312_all_pdbs/Model_10345_afm_dropout_04_woTemplates_model_5_multimer_v1_pred_25.pdb,Model_10345_afm_dropout_04_woTemplates_model_5_multimer_v1_pred_25.pdb,10345,AFM,afm_dropout_04_woTemplates_multimer_v1,,5,25,afm_dropout_04_woTemplates_v1,,False,casp17/massivefold_external_pool_intake/h2312_t329/extracted_models/H2312_all_pdbs/Model_10345_afm_dropout_04_woTemplates_model_5_multimer_v1_pred_25.pdb,awaiting_extract,"MassiveFold model pool index only. It parses organizer-provided external model tarball listings and stages balanced extraction/rerank candidates. These models remain external rerank and accuracy-estimation inputs, not internal predictions, not CASP submissions, and not competitive-proof evidence."
3,H2312,H2312_T329,4791,H2312_all_pdbs/Model_11730_afm_dropout_04_woTemplates_model_1_multimer_v1_pred_53.pdb,Model_11730_afm_dropout_04_woTemplates_model_1_multimer_v1_pred_53.pdb,11730,AFM,afm_dropout_04_woTemplates_multimer_v1,,1,53,afm_dropout_04_woTemplates_v1,,False,casp17/massivefold_external_pool_intake/h2312_t329/extracted_models/H2312_all_pdbs/Model_11730_afm_dropout_04_woTemplates_model_1_multimer_v1_pred_53.pdb,awaiting_extract,"MassiveFold model pool index only. It parses organizer-provided external model tarball listings and stages balanced extraction/rerank candidates. These models remain external rerank and accuracy-estimation inputs, not internal predictions, not CASP submissions, and not competitive-proof evidence."
3,H2312,H2312_T329,4822,H2312_all_pdbs/Model_10278_afm_dropout_04_woTemplates_model_5_multimer_v1_pred_13.pdb,Model_10278_afm_dropout_04_woTemplates_model_5_multimer_v1_pred_13.pdb,10278,AFM,afm_dropout_04_woTemplates_multimer_v1,,5,13,afm_dropout_04_woTemplates_v1,,False,casp17/massivefold_external_pool_intake/h2312_t329/extracted_models/H2312_all_pdbs/Model_10278_afm_dropout_04_woTemplates_model_5_multimer_v1_pred_13.pdb,awaiting_extract,"MassiveFold model pool index only. It parses organizer-provided external model tarball listings and stages balanced extraction/rerank candidates. These models remain external rerank and accuracy-estimation inputs, not internal predictions, not CASP submissions, and not competitive-proof evidence."
3,H2312,H2312_T329,4849,H2312_all_pdbs/Model_11526_afm_dropout_04_woTemplates_model_3_multimer_v1_pred_54.pdb,Model_11526_afm_dropout_04_woTemplates_model_3_multimer_v1_pred_54.pdb,11526,AFM,afm_dropout_04_woTemplates_multimer_v1,,3,54,afm_dropout_04_woTemplates_v1,,False,casp17/massivefold_external_pool_intake/h2312_t329/extracted_models/H2312_all_pdbs/Model_11526_afm_dropout_04_woTemplates_model_3_multimer_v1_pred_54.pdb,awaiting_extract,"MassiveFold model pool index only. It parses organizer-provided external model tarball listings and stages balanced extraction/rerank candidates. These models remain external rerank and accuracy-estimation inputs, not internal predictions, not CASP submissions, and not competitive-proof evidence."
3,H2312,H2312_T329,4850,H2312_all_pdbs/Model_11279_afm_dropout_04_woTemplates_model_2_multimer_v1_pred_29.pdb,Model_11279_afm_dropout_04_woTemplates_model_2_multimer_v1_pred_29.pdb,11279,AFM,afm_dropout_04_woTemplates_multimer_v1,,2,29,afm_dropout_04_woTemplates_v1,,False,casp17/massivefold_external_pool_intake/h2312_t329/extracted_models/H2312_all_pdbs/Model_11279_afm_dropout_04_woTemplates_model_2_multimer_v1_pred_29.pdb,awaiting_extract,"MassiveFold model pool index only. It parses organizer-provided external model tarball listings and stages balanced extraction/rerank candidates. These models remain external rerank and accuracy-estimation inputs, not internal predictions, not CASP submissions, and not competitive-proof evidence."
3,H2312,H2312_T329,4935,H2312_all_pdbs/Model_11078_afm_dropout_04_woTemplates_model_4_multimer_v1_pred_60.pdb,Model_11078_afm_dropout_04_woTemplates_model_4_multimer_v1_pred_60.pdb,11078,AFM,afm_dropout_04_woTemplates_multimer_v1,,4,60,afm_dropout_04_woTemplates_v1,,False,casp17/massivefold_external_pool_intake/h2312_t329/extracted_models/H2312_all_pdbs/Model_11078_afm_dropout_04_woTemplates_model_4_multimer_v1_pred_60.pdb,awaiting_extract,"MassiveFold model pool index only. It parses organizer-provided external model tarball listings and stages balanced extraction/rerank candidates. These models remain external rerank and accuracy-estimation inputs, not internal predictions, not CASP submissions, and not competitive-proof evidence."
3,H2312,H2312_T329,4941,H2312_all_pdbs/Model_10452_afm_dropout_04_woTemplates_model_5_multimer_v1_pred_36.pdb,Model_10452_afm_dropout_04_woTemplates_model_5_multimer_v1_pred_36.pdb,10452,AFM,afm_dropout_04_woTemplates_multimer_v1,,5,36,afm_dropout_04_woTemplates_v1,,False,casp17/massivefold_external_pool_intake/h2312_t329/extracted_models/H2312_all_pdbs/Model_10452_afm_dropout_04_woTemplates_model_5_multimer_v1_pred_36.pdb,awaiting_extract,"MassiveFold model pool index only. It parses organizer-provided external model tarball listings and stages balanced extraction/rerank candidates. These models remain external rerank and accuracy-estimation inputs, not internal predictions, not CASP submissions, and not competitive-proof evidence."
3,H2312,H2312_T329,4945,H2312_all_pdbs/Model_11246_afm_dropout_04_woTemplates_model_3_multimer_v1_pred_62.pdb,Model_11246_afm_dropout_04_woTemplates_model_3_multimer_v1_pred_62.pdb,11246,AFM,afm_dropout_04_woTemplates_multimer_v1,,3,62,afm_dropout_04_woTemplates_v1,,False,casp17/massivefold_external_pool_intake/h2312_t329/extracted_models/H2312_all_pdbs/Model_11246_afm_dropout_04_woTemplates_model_3_multimer_v1_pred_62.pdb,awaiting_extract,"MassiveFold model pool index only. It parses organizer-provided external model tarball listings and stages balanced extraction/rerank candidates. These models remain external rerank and accuracy-estimation inputs, not internal predictions, not CASP submissions, and not competitive-proof evidence."
3,H2312,H2312_T329,4949,H2312_all_pdbs/Model_11606_afm_dropout_04_woTemplates_model_3_multimer_v1_pred_64.pdb,Model_11606_afm_dropout_04_woTemplates_model_3_multimer_v1_pred_64.pdb,11606,AFM,afm_dropout_04_woTemplates_multimer_v1,,3,64,afm_dropout_04_woTemplates_v1,,False,casp17/massivefold_external_pool_intake/h2312_t329/extracted_models/H2312_all_pdbs/Model_11606_afm_dropout_04_woTemplates_model_3_multimer_v1_pred_64.pdb,awaiting_extract,"MassiveFold model pool index only. It parses organizer-provided external model tarball listings and stages balanced extraction/rerank candidates. These models remain external rerank and accuracy-estimation inputs, not internal predictions, not CASP submissions, and not competitive-proof evidence."
3,H2312,H2312_T329,5123,H2312_all_pdbs/Model_10907_afm_dropout_04_woTemplates_model_2_multimer_v1_pred_4.pdb,Model_10907_afm_dropout_04_woTemplates_model_2_multimer_v1_pred_4.pdb,10907,AFM,afm_dropout_04_woTemplates_multimer_v1,,2,4,afm_dropout_04_woTemplates_v1,,False,casp17/massivefold_external_pool_intake/h2312_t329/extracted_models/H2312_all_pdbs/Model_10907_afm_dropout_04_woTemplates_model_2_multimer_v1_pred_4.pdb,awaiting_extract,"MassiveFold model pool index only. It parses organizer-provided external model tarball listings and stages balanced extraction/rerank candidates. These models remain external rerank and accuracy-estimation inputs, not internal predictions, not CASP submissions, and not competitive-proof evidence."
3,H2312,H2312_T329,5148,H2312_all_pdbs/Model_11309_afm_dropout_04_woTemplates_model_4_multimer_v1_pred_9.pdb,Model_11309_afm_dropout_04_woTemplates_model_4_multimer_v1_pred_9.pdb,11309,AFM,afm_dropout_04_woTemplates_multimer_v1,,4,9,afm_dropout_04_woTemplates_v1,,False,casp17/massivefold_external_pool_intake/h2312_t329/extracted_models/H2312_all_pdbs/Model_11309_afm_dropout_04_woTemplates_model_4_multimer_v1_pred_9.pdb,awaiting_extract,"MassiveFold model pool index only. It parses organizer-provided external model tarball listings and stages balanced extraction/rerank candidates. These models remain external rerank and accuracy-estimation inputs, not internal predictions, not CASP submissions, and not competitive-proof evidence."
3,H2312,H2312_T329,5234,H2312_all_pdbs/Model_11315_afm_dropout_04_woTemplates_model_2_multimer_v1_pred_22.pdb,Model_11315_afm_dropout_04_woTemplates_model_2_multimer_v1_pred_22.pdb,11315,AFM,afm_dropout_04_woTemplates_multimer_v1,,2,22,afm_dropout_04_woTemplates_v1,,False,casp17/massivefold_external_pool_intake/h2312_t329/extracted_models/H2312_all_pdbs/Model_11315_afm_dropout_04_woTemplates_model_2_multimer_v1_pred_22.pdb,awaiting_extract,"MassiveFold model pool index only. It parses organizer-provided external model tarball listings and stages balanced extraction/rerank candidates. These models remain external rerank and accuracy-estimation inputs, not internal predictions, not CASP submissions, and not competitive-proof evidence."
3,H2312,H2312_T329,5257,H2312_all_pdbs/Model_10902_afm_dropout_04_woTemplates_model_2_multimer_v1_pred_2.pdb,Model_10902_afm_dropout_04_woTemplates_model_2_multimer_v1_pred_2.pdb,10902,AFM,afm_dropout_04_woTemplates_multimer_v1,,2,2,afm_dropout_04_woTemplates_v1,,False,casp17/massivefold_external_pool_intake/h2312_t329/extracted_models/H2312_all_pdbs/Model_10902_afm_dropout_04_woTemplates_model_2_multimer_v1_pred_2.pdb,awaiting_extract,"MassiveFold model pool index only. It parses organizer-provided external model tarball listings and stages balanced extraction/rerank candidates. These models remain external rerank and accuracy-estimation inputs, not internal predictions, not CASP submissions, and not competitive-proof evidence."
3,H2312,H2312_T329,5298,H2312_all_pdbs/Model_11080_afm_dropout_04_woTemplates_model_2_multimer_v1_pred_23.pdb,Model_11080_afm_dropout_04_woTemplates_model_2_multimer_v1_pred_23.pdb,11080,AFM,afm_dropout_04_woTemplates_multimer_v1,,2,23,afm_dropout_04_woTemplates_v1,,False,casp17/massivefold_external_pool_intake/h2312_t329/extracted_models/H2312_all_pdbs/Model_11080_afm_dropout_04_woTemplates_model_2_multimer_v1_pred_23.pdb,awaiting_extract,"MassiveFold model pool index only. It parses organizer-provided external model tarball listings and stages balanced extraction/rerank candidates. These models remain external rerank and accuracy-estimation inputs, not internal predictions, not CASP submissions, and not competitive-proof evidence."
3,H2312,H2312_T329,5307,H2312_all_pdbs/Model_11969_afm_dropout_04_woTemplates_model_1_multimer_v1_pred_34.pdb,Model_11969_afm_dropout_04_woTemplates_model_1_multimer_v1_pred_34.pdb,11969,AFM,afm_dropout_04_woTemplates_multimer_v1,,1,34,afm_dropout_04_woTemplates_v1,,False,casp17/massivefold_external_pool_intake/h2312_t329/extracted_models/H2312_all_pdbs/Model_11969_afm_dropout_04_woTemplates_model_1_multimer_v1_pred_34.pdb,awaiting_extract,"MassiveFold model pool index only. It parses organizer-provided external model tarball listings and stages balanced extraction/rerank candidates. These models remain external rerank and accuracy-estimation inputs, not internal predictions, not CASP submissions, and not competitive-proof evidence."
3,H2312,H2312_T329,5321,H2312_all_pdbs/Model_10499_afm_dropout_04_woTemplates_model_5_multimer_v1_pred_9.pdb,Model_10499_afm_dropout_04_woTemplates_model_5_multimer_v1_pred_9.pdb,10499,AFM,afm_dropout_04_woTemplates_multimer_v1,,5,9,afm_dropout_04_woTemplates_v1,,False,casp17/massivefold_external_pool_intake/h2312_t329/extracted_models/H2312_all_pdbs/Model_10499_afm_dropout_04_woTemplates_model_5_multimer_v1_pred_9.pdb,awaiting_extract,"MassiveFold model pool index only. It parses organizer-provided external model tarball listings and stages balanced extraction/rerank candidates. These models remain external rerank and accuracy-estimation inputs, not internal predictions, not CASP submissions, and not competitive-proof evidence."
3,H2312,H2312_T329,5327,H2312_all_pdbs/Model_11248_afm_dropout_04_woTemplates_model_1_multimer_v1_pred_39.pdb,Model_11248_afm_dropout_04_woTemplates_model_1_multimer_v1_pred_39.pdb,11248,AFM,afm_dropout_04_woTemplates_multimer_v1,,1,39,afm_dropout_04_woTemplates_v1,,False,casp17/massivefold_external_pool_intake/h2312_t329/extracted_models/H2312_all_pdbs/Model_11248_afm_dropout_04_woTemplates_model_1_multimer_v1_pred_39.pdb,awaiting_extract,"MassiveFold model pool index only. It parses organizer-provided external model tarball listings and stages balanced extraction/rerank candidates. These models remain external rerank and accuracy-estimation inputs, not internal predictions, not CASP submissions, and not competitive-proof evidence."
3,H2312,H2312_T329,5419,H2312_all_pdbs/Model_10716_afm_dropout_04_woTemplates_model_4_multimer_v1_pred_6.pdb,Model_10716_afm_dropout_04_woTemplates_model_4_multimer_v1_pred_6.pdb,10716,AFM,afm_dropout_04_woTemplates_multimer_v1,,4,6,afm_dropout_04_woTemplates_v1,,False,casp17/massivefold_external_pool_intake/h2312_t329/extracted_models/H2312_all_pdbs/Model_10716_afm_dropout_04_woTemplates_model_4_multimer_v1_pred_6.pdb,awaiting_extract,"MassiveFold model pool index only. It parses organizer-provided external model tarball listings and stages balanced extraction/rerank candidates. These models remain external rerank and accuracy-estimation inputs, not internal predictions, not CASP submissions, and not competitive-proof evidence."
3,H2312,H2312_T329,5448,H2312_all_pdbs/Model_10371_afm_dropout_04_woTemplates_model_5_multimer_v1_pred_5.pdb,Model_10371_afm_dropout_04_woTemplates_model_5_multimer_v1_pred_5.pdb,10371,AFM,afm_dropout_04_woTemplates_multimer_v1,,5,5,afm_dropout_04_woTemplates_v1,,False,casp17/massivefold_external_pool_intake/h2312_t329/extracted_models/H2312_all_pdbs/Model_10371_afm_dropout_04_woTemplates_model_5_multimer_v1_pred_5.pdb,awaiting_extract,"MassiveFold model pool index only. It parses organizer-provided external model tarball listings and stages balanced extraction/rerank candidates. These models remain external rerank and accuracy-estimation inputs, not internal predictions, not CASP submissions, and not competitive-proof evidence."
3,H2312,H2312_T329,5488,H2312_all_pdbs/Model_11828_afm_dropout_04_woTemplates_model_3_multimer_v1_pred_4.pdb,Model_11828_afm_dropout_04_woTemplates_model_3_multimer_v1_pred_4.pdb,11828,AFM,afm_dropout_04_woTemplates_multimer_v1,,3,4,afm_dropout_04_woTemplates_v1,,False,casp17/massivefold_external_pool_intake/h2312_t329/extracted_models/H2312_all_pdbs/Model_11828_afm_dropout_04_woTemplates_model_3_multimer_v1_pred_4.pdb,awaiting_extract,"MassiveFold model pool index only. It parses organizer-provided external model tarball listings and stages balanced extraction/rerank candidates. These models remain external rerank and accuracy-estimation inputs, not internal predictions, not CASP submissions, and not competitive-proof evidence."
3,H2312,H2312_T329,5608,H2312_all_pdbs/Model_10882_afm_dropout_04_woTemplates_model_5_multimer_v1_pred_22.pdb,Model_10882_afm_dropout_04_woTemplates_model_5_multimer_v1_pred_22.pdb,10882,AFM,afm_dropout_04_woTemplates_multimer_v1,,5,22,afm_dropout_04_woTemplates_v1,,False,casp17/massivefold_external_pool_intake/h2312_t329/extracted_models/H2312_all_pdbs/Model_10882_afm_dropout_04_woTemplates_model_5_multimer_v1_pred_22.pdb,awaiting_extract,"MassiveFold model pool index only. It parses organizer-provided external model tarball listings and stages balanced extraction/rerank candidates. These models remain external rerank and accuracy-estimation inputs, not internal predictions, not CASP submissions, and not competitive-proof evidence."
3,H2312,H2312_T329,5615,H2312_all_pdbs/Model_11852_afm_dropout_04_woTemplates_model_2_multimer_v1_pred_32.pdb,Model_11852_afm_dropout_04_woTemplates_model_2_multimer_v1_pred_32.pdb,11852,AFM,afm_dropout_04_woTemplates_multimer_v1,,2,32,afm_dropout_04_woTemplates_v1,,False,casp17/massivefold_external_pool_intake/h2312_t329/extracted_models/H2312_all_pdbs/Model_11852_afm_dropout_04_woTemplates_model_2_multimer_v1_pred_32.pdb,awaiting_extract,"MassiveFold model pool index only. It parses organizer-provided external model tarball listings and stages balanced extraction/rerank candidates. These models remain external rerank and accuracy-estimation inputs, not internal predictions, not CASP submissions, and not competitive-proof evidence."
3,H2312,H2312_T329,5625,H2312_all_pdbs/Model_11426_afm_dropout_04_woTemplates_model_3_multimer_v1_pred_46.pdb,Model_11426_afm_dropout_04_woTemplates_model_3_multimer_v1_pred_46.pdb,11426,AFM,afm_dropout_04_woTemplates_multimer_v1,,3,46,afm_dropout_04_woTemplates_v1,,False,casp17/massivefold_external_pool_intake/h2312_t329/extracted_models/H2312_all_pdbs/Model_11426_afm_dropout_04_woTemplates_model_3_multimer_v1_pred_46.pdb,awaiting_extract,"MassiveFold model pool index only. It parses organizer-provided external model tarball listings and stages balanced extraction/rerank candidates. These models remain external rerank and accuracy-estimation inputs, not internal predictions, not CASP submissions, and not competitive-proof evidence."
3,H2312,H2312_T329,5666,H2312_all_pdbs/Model_11589_afm_dropout_04_woTemplates_model_1_multimer_v1_pred_11.pdb,Model_11589_afm_dropout_04_woTemplates_model_1_multimer_v1_pred_11.pdb,11589,AFM,afm_dropout_04_woTemplates_multimer_v1,,1,11,afm_dropout_04_woTemplates_v1,,False,casp17/massivefold_external_pool_intake/h2312_t329/extracted_models/H2312_all_pdbs/Model_11589_afm_dropout_04_woTemplates_model_1_multimer_v1_pred_11.pdb,awaiting_extract,"MassiveFold model pool index only. It parses organizer-provided external model tarball listings and stages balanced extraction/rerank candidates. These models remain external rerank and accuracy-estimation inputs, not internal predictions, not CASP submissions, and not competitive-proof evidence."
3,H2312,H2312_T329,5679,H2312_all_pdbs/Model_12013_afm_dropout_04_woTemplates_model_1_multimer_v1_pred_20.pdb,Model_12013_afm_dropout_04_woTemplates_model_1_multimer_v1_pred_20.pdb,12013,AFM,afm_dropout_04_woTemplates_multimer_v1,,1,20,afm_dropout_04_woTemplates_v1,,False,casp17/massivefold_external_pool_intake/h2312_t329/extracted_models/H2312_all_pdbs/Model_12013_afm_dropout_04_woTemplates_model_1_multimer_v1_pred_20.pdb,awaiting_extract,"MassiveFold model pool index only. It parses organizer-provided external model tarball listings and stages balanced extraction/rerank candidates. These models remain external rerank and accuracy-estimation inputs, not internal predictions, not CASP submissions, and not competitive-proof evidence."
3,H2312,H2312_T329,5705,H2312_all_pdbs/Model_10397_afm_dropout_04_woTemplates_model_5_multimer_v1_pred_55.pdb,Model_10397_afm_dropout_04_woTemplates_model_5_multimer_v1_pred_55.pdb,10397,AFM,afm_dropout_04_woTemplates_multimer_v1,,5,55,afm_dropout_04_woTemplates_v1,,False,casp17/massivefold_external_pool_intake/h2312_t329/extracted_models/H2312_all_pdbs/Model_10397_afm_dropout_04_woTemplates_model_5_multimer_v1_pred_55.pdb,awaiting_extract,"MassiveFold model pool index only. It parses organizer-provided external model tarball listings and stages balanced extraction/rerank candidates. These models remain external rerank and accuracy-estimation inputs, not internal predictions, not CASP submissions, and not competitive-proof evidence."
3,H2312,H2312_T329,5735,H2312_all_pdbs/Model_11574_afm_dropout_04_woTemplates_model_3_multimer_v1_pred_65.pdb,Model_11574_afm_dropout_04_woTemplates_model_3_multimer_v1_pred_65.pdb,11574,AFM,afm_dropout_04_woTemplates_multimer_v1,,3,65,afm_dropout_04_woTemplates_v1,,False,casp17/massivefold_external_pool_intake/h2312_t329/extracted_models/H2312_all_pdbs/Model_11574_afm_dropout_04_woTemplates_model_3_multimer_v1_pred_65.pdb,awaiting_extract,"MassiveFold model pool index only. It parses organizer-provided external model tarball listings and stages balanced extraction/rerank candidates. These models remain external rerank and accuracy-estimation inputs, not internal predictions, not CASP submissions, and not competitive-proof evidence."
3,H2312,H2312_T329,5828,H2312_all_pdbs/Model_11466_afm_dropout_04_woTemplates_model_2_multimer_v1_pred_12.pdb,Model_11466_afm_dropout_04_woTemplates_model_2_multimer_v1_pred_12.pdb,11466,AFM,afm_dropout_04_woTemplates_multimer_v1,,2,12,afm_dropout_04_woTemplates_v1,,False,casp17/massivefold_external_pool_intake/h2312_t329/extracted_models/H2312_all_pdbs/Model_11466_afm_dropout_04_woTemplates_model_2_multimer_v1_pred_12.pdb,awaiting_extract,"MassiveFold model pool index only. It parses organizer-provided external model tarball listings and stages balanced extraction/rerank candidates. These models remain external rerank and accuracy-estimation inputs, not internal predictions, not CASP submissions, and not competitive-proof evidence."
3,H2312,H2312_T329,5847,H2312_all_pdbs/Model_11092_afm_dropout_04_woTemplates_model_4_multimer_v1_pred_11.pdb,Model_11092_afm_dropout_04_woTemplates_model_4_multimer_v1_pred_11.pdb,11092,AFM,afm_dropout_04_woTemplates_multimer_v1,,4,11,afm_dropout_04_woTemplates_v1,,False,casp17/massivefold_external_pool_intake/h2312_t329/extracted_models/H2312_all_pdbs/Model_11092_afm_dropout_04_woTemplates_model_4_multimer_v1_pred_11.pdb,awaiting_extract,"MassiveFold model pool index only. It parses organizer-provided external model tarball listings and stages balanced extraction/rerank candidates. These models remain external rerank and accuracy-estimation inputs, not internal predictions, not CASP submissions, and not competitive-proof evidence."
3,H2312,H2312_T329,5968,H2312_all_pdbs/Model_10948_afm_dropout_04_woTemplates_model_2_multimer_v1_pred_58.pdb,Model_10948_afm_dropout_04_woTemplates_model_2_multimer_v1_pred_58.pdb,10948,AFM,afm_dropout_04_woTemplates_multimer_v1,,2,58,afm_dropout_04_woTemplates_v1,,False,casp17/massivefold_external_pool_intake/h2312_t329/extracted_models/H2312_all_pdbs/Model_10948_afm_dropout_04_woTemplates_model_2_multimer_v1_pred_58.pdb,awaiting_extract,"MassiveFold model pool index only. It parses organizer-provided external model tarball listings and stages balanced extraction/rerank candidates. These models remain external rerank and accuracy-estimation inputs, not internal predictions, not CASP submissions, and not competitive-proof evidence."
3,H2312,H2312_T329,5975,H2312_all_pdbs/Model_11252_afm_dropout_04_woTemplates_model_4_multimer_v1_pred_44.pdb,Model_11252_afm_dropout_04_woTemplates_model_4_multimer_v1_pred_44.pdb,11252,AFM,afm_dropout_04_woTemplates_multimer_v1,,4,44,afm_dropout_04_woTemplates_v1,,False,casp17/massivefold_external_pool_intake/h2312_t329/extracted_models/H2312_all_pdbs/Model_11252_afm_dropout_04_woTemplates_model_4_multimer_v1_pred_44.pdb,awaiting_extract,"MassiveFold model pool index only. It parses organizer-provided external model tarball listings and stages balanced extraction/rerank candidates. These models remain external rerank and accuracy-estimation inputs, not internal predictions, not CASP submissions, and not competitive-proof evidence."
3,H2312,H2312_T329,5978,H2312_all_pdbs/Model_11296_afm_dropout_04_woTemplates_model_1_multimer_v1_pred_65.pdb,Model_11296_afm_dropout_04_woTemplates_model_1_multimer_v1_pred_65.pdb,11296,AFM,afm_dropout_04_woTemplates_multimer_v1,,1,65,afm_dropout_04_woTemplates_v1,,False,casp17/massivefold_external_pool_intake/h2312_t329/extracted_models/H2312_all_pdbs/Model_11296_afm_dropout_04_woTemplates_model_1_multimer_v1_pred_65.pdb,awaiting_extract,"MassiveFold model pool index only. It parses organizer-provided external model tarball listings and stages balanced extraction/rerank candidates. These models remain external rerank and accuracy-estimation inputs, not internal predictions, not CASP submissions, and not competitive-proof evidence."
3,H2312,H2312_T329,6029,H2312_all_pdbs/Model_10587_afm_dropout_04_woTemplates_model_4_multimer_v1_pred_33.pdb,Model_10587_afm_dropout_04_woTemplates_model_4_multimer_v1_pred_33.pdb,10587,AFM,afm_dropout_04_woTemplates_multimer_v1,,4,33,afm_dropout_04_woTemplates_v1,,False,casp17/massivefold_external_pool_intake/h2312_t329/extracted_models/H2312_all_pdbs/Model_10587_afm_dropout_04_woTemplates_model_4_multimer_v1_pred_33.pdb,awaiting_extract,"MassiveFold model pool index only. It parses organizer-provided external model tarball listings and stages balanced extraction/rerank candidates. These models remain external rerank and accuracy-estimation inputs, not internal predictions, not CASP submissions, and not competitive-proof evidence."
3,H2312,H2312_T329,6048,H2312_all_pdbs/Model_11320_afm_dropout_04_woTemplates_model_1_multimer_v1_pred_45.pdb,Model_11320_afm_dropout_04_woTemplates_model_1_multimer_v1_pred_45.pdb,11320,AFM,afm_dropout_04_woTemplates_multimer_v1,,1,45,afm_dropout_04_woTemplates_v1,,False,casp17/massivefold_external_pool_intake/h2312_t329/extracted_models/H2312_all_pdbs/Model_11320_afm_dropout_04_woTemplates_model_1_multimer_v1_pred_45.pdb,awaiting_extract,"MassiveFold model pool index only. It parses organizer-provided external model tarball listings and stages balanced extraction/rerank candidates. These models remain external rerank and accuracy-estimation inputs, not internal predictions, not CASP submissions, and not competitive-proof evidence."
3,H2312,H2312_T329,6077,H2312_all_pdbs/Model_10830_afm_dropout_04_woTemplates_model_4_multimer_v1_pred_63.pdb,Model_10830_afm_dropout_04_woTemplates_model_4_multimer_v1_pred_63.pdb,10830,AFM,afm_dropout_04_woTemplates_multimer_v1,,4,63,afm_dropout_04_woTemplates_v1,,False,casp17/massivefold_external_pool_intake/h2312_t329/extracted_models/H2312_all_pdbs/Model_10830_afm_dropout_04_woTemplates_model_4_multimer_v1_pred_63.pdb,awaiting_extract,"MassiveFold model pool index only. It parses organizer-provided external model tarball listings and stages balanced extraction/rerank candidates. These models remain external rerank and accuracy-estimation inputs, not internal predictions, not CASP submissions, and not competitive-proof evidence."
3,H2312,H2312_T329,6105,H2312_all_pdbs/Model_11938_afm_dropout_04_woTemplates_model_3_multimer_v1_pred_51.pdb,Model_11938_afm_dropout_04_woTemplates_model_3_multimer_v1_pred_51.pdb,11938,AFM,afm_dropout_04_woTemplates_multimer_v1,,3,51,afm_dropout_04_woTemplates_v1,,False,casp17/massivefold_external_pool_intake/h2312_t329/extracted_models/H2312_all_pdbs/Model_11938_afm_dropout_04_woTemplates_model_3_multimer_v1_pred_51.pdb,awaiting_extract,"MassiveFold model pool index only. It parses organizer-provided external model tarball listings and stages balanced extraction/rerank candidates. These models remain external rerank and accuracy-estimation inputs, not internal predictions, not CASP submissions, and not competitive-proof evidence."
3,H2312,H2312_T329,6128,H2312_all_pdbs/Model_11677_afm_dropout_04_woTemplates_model_3_multimer_v1_pred_7.pdb,Model_11677_afm_dropout_04_woTemplates_model_3_multimer_v1_pred_7.pdb,11677,AFM,afm_dropout_04_woTemplates_multimer_v1,,3,7,afm_dropout_04_woTemplates_v1,,False,casp17/massivefold_external_pool_intake/h2312_t329/extracted_models/H2312_all_pdbs/Model_11677_afm_dropout_04_woTemplates_model_3_multimer_v1_pred_7.pdb,awaiting_extract,"MassiveFold model pool index only. It parses organizer-provided external model tarball listings and stages balanced extraction/rerank candidates. These models remain external rerank and accuracy-estimation inputs, not internal predictions, not CASP submissions, and not competitive-proof evidence."
3,H2312,H2312_T329,6155,H2312_all_pdbs/Model_10908_afm_dropout_04_woTemplates_model_4_multimer_v1_pred_12.pdb,Model_10908_afm_dropout_04_woTemplates_model_4_multimer_v1_pred_12.pdb,10908,AFM,afm_dropout_04_woTemplates_multimer_v1,,4,12,afm_dropout_04_woTemplates_v1,,False,casp17/massivefold_external_pool_intake/h2312_t329/extracted_models/H2312_all_pdbs/Model_10908_afm_dropout_04_woTemplates_model_4_multimer_v1_pred_12.pdb,awaiting_extract,"MassiveFold model pool index only. It parses organizer-provided external model tarball listings and stages balanced extraction/rerank candidates. These models remain external rerank and accuracy-estimation inputs, not internal predictions, not CASP submissions, and not competitive-proof evidence."
3,H2312,H2312_T329,6161,H2312_all_pdbs/Model_10572_afm_dropout_04_woTemplates_model_2_multimer_v1_pred_11.pdb,Model_10572_afm_dropout_04_woTemplates_model_2_multimer_v1_pred_11.pdb,10572,AFM,afm_dropout_04_woTemplates_multimer_v1,,2,11,afm_dropout_04_woTemplates_v1,,False,casp17/massivefold_external_pool_intake/h2312_t329/extracted_models/H2312_all_pdbs/Model_10572_afm_dropout_04_woTemplates_model_2_multimer_v1_pred_11.pdb,awaiting_extract,"MassiveFold model pool index only. It parses organizer-provided external model tarball listings and stages balanced extraction/rerank candidates. These models remain external rerank and accuracy-estimation inputs, not internal predictions, not CASP submissions, and not competitive-proof evidence."
3,H2312,H2312_T329,6170,H2312_all_pdbs/Model_10756_afm_dropout_04_woTemplates_model_2_multimer_v1_pred_9.pdb,Model_10756_afm_dropout_04_woTemplates_model_2_multimer_v1_pred_9.pdb,10756,AFM,afm_dropout_04_woTemplates_multimer_v1,,2,9,afm_dropout_04_woTemplates_v1,,False,casp17/massivefold_external_pool_intake/h2312_t329/extracted_models/H2312_all_pdbs/Model_10756_afm_dropout_04_woTemplates_model_2_multimer_v1_pred_9.pdb,awaiting_extract,"MassiveFold model pool index only. It parses organizer-provided external model tarball listings and stages balanced extraction/rerank candidates. These models remain external rerank and accuracy-estimation inputs, not internal predictions, not CASP submissions, and not competitive-proof evidence."
3,H2312,H2312_T329,6184,H2312_all_pdbs/Model_10923_afm_dropout_04_woTemplates_model_2_multimer_v1_pred_16.pdb,Model_10923_afm_dropout_04_woTemplates_model_2_multimer_v1_pred_16.pdb,10923,AFM,afm_dropout_04_woTemplates_multimer_v1,,2,16,afm_dropout_04_woTemplates_v1,,False,casp17/massivefold_external_pool_intake/h2312_t329/extracted_models/H2312_all_pdbs/Model_10923_afm_dropout_04_woTemplates_model_2_multimer_v1_pred_16.pdb,awaiting_extract,"MassiveFold model pool index only. It parses organizer-provided external model tarball listings and stages balanced extraction/rerank candidates. These models remain external rerank and accuracy-estimation inputs, not internal predictions, not CASP submissions, and not competitive-proof evidence."
3,H2312,H2312_T329,6239,H2312_all_pdbs/Model_10491_afm_dropout_04_woTemplates_model_5_multimer_v1_pred_2.pdb,Model_10491_afm_dropout_04_woTemplates_model_5_multimer_v1_pred_2.pdb,10491,AFM,afm_dropout_04_woTemplates_multimer_v1,,5,2,afm_dropout_04_woTemplates_v1,,False,casp17/massivefold_external_pool_intake/h2312_t329/extracted_models/H2312_all_pdbs/Model_10491_afm_dropout_04_woTemplates_model_5_multimer_v1_pred_2.pdb,awaiting_extract,"MassiveFold model pool index only. It parses organizer-provided external model tarball listings and stages balanced extraction/rerank candidates. These models remain external rerank and accuracy-estimation inputs, not internal predictions, not CASP submissions, and not competitive-proof evidence."
3,H2312,H2312_T329,6242,H2312_all_pdbs/Model_11698_afm_dropout_04_woTemplates_model_1_multimer_v1_pred_12.pdb,Model_11698_afm_dropout_04_woTemplates_model_1_multimer_v1_pred_12.pdb,11698,AFM,afm_dropout_04_woTemplates_multimer_v1,,1,12,afm_dropout_04_woTemplates_v1,,False,casp17/massivefold_external_pool_intake/h2312_t329/extracted_models/H2312_all_pdbs/Model_11698_afm_dropout_04_woTemplates_model_1_multimer_v1_pred_12.pdb,awaiting_extract,"MassiveFold model pool index only. It parses organizer-provided external model tarball listings and stages balanced extraction/rerank candidates. These models remain external rerank and accuracy-estimation inputs, not internal predictions, not CASP submissions, and not competitive-proof evidence."
3,H2312,H2312_T329,6320,H2312_all_pdbs/Model_11681_afm_dropout_04_woTemplates_model_3_multimer_v1_pred_18.pdb,Model_11681_afm_dropout_04_woTemplates_model_3_multimer_v1_pred_18.pdb,11681,AFM,afm_dropout_04_woTemplates_multimer_v1,,3,18,afm_dropout_04_woTemplates_v1,,False,casp17/massivefold_external_pool_intake/h2312_t329/extracted_models/H2312_all_pdbs/Model_11681_afm_dropout_04_woTemplates_model_3_multimer_v1_pred_18.pdb,awaiting_extract,"MassiveFold model pool index only. It parses organizer-provided external model tarball listings and stages balanced extraction/rerank candidates. These models remain external rerank and accuracy-estimation inputs, not internal predictions, not CASP submissions, and not competitive-proof evidence."
3,H2312,H2312_T329,6331,H2312_all_pdbs/Model_11334_afm_dropout_04_woTemplates_model_3_multimer_v1_pred_6.pdb,Model_11334_afm_dropout_04_woTemplates_model_3_multimer_v1_pred_6.pdb,11334,AFM,afm_dropout_04_woTemplates_multimer_v1,,3,6,afm_dropout_04_woTemplates_v1,,False,casp17/massivefold_external_pool_intake/h2312_t329/extracted_models/H2312_all_pdbs/Model_11334_afm_dropout_04_woTemplates_model_3_multimer_v1_pred_6.pdb,awaiting_extract,"MassiveFold model pool index only. It parses organizer-provided external model tarball listings and stages balanced extraction/rerank candidates. These models remain external rerank and accuracy-estimation inputs, not internal predictions, not CASP submissions, and not competitive-proof evidence."
3,H2312,H2312_T329,6343,H2312_all_pdbs/Model_10331_afm_dropout_04_woTemplates_model_5_multimer_v1_pred_51.pdb,Model_10331_afm_dropout_04_woTemplates_model_5_multimer_v1_pred_51.pdb,10331,AFM,afm_dropout_04_woTemplates_multimer_v1,,5,51,afm_dropout_04_woTemplates_v1,,False,casp17/massivefold_external_pool_intake/h2312_t329/extracted_models/H2312_all_pdbs/Model_10331_afm_dropout_04_woTemplates_model_5_multimer_v1_pred_51.pdb,awaiting_extract,"MassiveFold model pool index only. It parses organizer-provided external model tarball listings and stages balanced extraction/rerank candidates. These models remain external rerank and accuracy-estimation inputs, not internal predictions, not CASP submissions, and not competitive-proof evidence."
3,H2312,H2312_T329,6372,H2312_all_pdbs/Model_11565_afm_dropout_04_woTemplates_model_3_multimer_v1_pred_31.pdb,Model_11565_afm_dropout_04_woTemplates_model_3_multimer_v1_pred_31.pdb,11565,AFM,afm_dropout_04_woTemplates_multimer_v1,,3,31,afm_dropout_04_woTemplates_v1,,False,casp17/massivefold_external_pool_intake/h2312_t329/extracted_models/H2312_all_pdbs/Model_11565_afm_dropout_04_woTemplates_model_3_multimer_v1_pred_31.pdb,awaiting_extract,"MassiveFold model pool index only. It parses organizer-provided external model tarball listings and stages balanced extraction/rerank candidates. These models remain external rerank and accuracy-estimation inputs, not internal predictions, not CASP submissions, and not competitive-proof evidence."
3,H2312,H2312_T329,6376,H2312_all_pdbs/Model_11860_afm_dropout_04_woTemplates_model_1_multimer_v1_pred_52.pdb,Model_11860_afm_dropout_04_woTemplates_model_1_multimer_v1_pred_52.pdb,11860,AFM,afm_dropout_04_woTemplates_multimer_v1,,1,52,afm_dropout_04_woTemplates_v1,,False,casp17/massivefold_external_pool_intake/h2312_t329/extracted_models/H2312_all_pdbs/Model_11860_afm_dropout_04_woTemplates_model_1_multimer_v1_pred_52.pdb,awaiting_extract,"MassiveFold model pool index only. It parses organizer-provided external model tarball listings and stages balanced extraction/rerank candidates. These models remain external rerank and accuracy-estimation inputs, not internal predictions, not CASP submissions, and not competitive-proof evidence."
3,H2312,H2312_T329,6385,H2312_all_pdbs/Model_10804_afm_dropout_04_woTemplates_model_4_multimer_v1_pred_37.pdb,Model_10804_afm_dropout_04_woTemplates_model_4_multimer_v1_pred_37.pdb,10804,AFM,afm_dropout_04_woTemplates_multimer_v1,,4,37,afm_dropout_04_woTemplates_v1,,False,casp17/massivefold_external_pool_intake/h2312_t329/extracted_models/H2312_all_pdbs/Model_10804_afm_dropout_04_woTemplates_model_4_multimer_v1_pred_37.pdb,awaiting_extract,"MassiveFold model pool index only. It parses organizer-provided external model tarball listings and stages balanced extraction/rerank candidates. These models remain external rerank and accuracy-estimation inputs, not internal predictions, not CASP submissions, and not competitive-proof evidence."
3,H2312,H2312_T329,6399,H2312_all_pdbs/Model_11862_afm_dropout_04_woTemplates_model_3_multimer_v1_pred_38.pdb,Model_11862_afm_dropout_04_woTemplates_model_3_multimer_v1_pred_38.pdb,11862,AFM,afm_dropout_04_woTemplates_multimer_v1,,3,38,afm_dropout_04_woTemplates_v1,,False,casp17/massivefold_external_pool_intake/h2312_t329/extracted_models/H2312_all_pdbs/Model_11862_afm_dropout_04_woTemplates_model_3_multimer_v1_pred_38.pdb,awaiting_extract,"MassiveFold model pool index only. It parses organizer-provided external model tarball listings and stages balanced extraction/rerank candidates. These models remain external rerank and accuracy-estimation inputs, not internal predictions, not CASP submissions, and not competitive-proof evidence."
3,H2312,H2312_T329,6436,H2312_all_pdbs/Model_11370_afm_dropout_04_woTemplates_model_3_multimer_v1_pred_66.pdb,Model_11370_afm_dropout_04_woTemplates_model_3_multimer_v1_pred_66.pdb,11370,AFM,afm_dropout_04_woTemplates_multimer_v1,,3,66,afm_dropout_04_woTemplates_v1,,False,casp17/massivefold_external_pool_intake/h2312_t329/extracted_models/H2312_all_pdbs/Model_11370_afm_dropout_04_woTemplates_model_3_multimer_v1_pred_66.pdb,awaiting_extract,"MassiveFold model pool index only. It parses organizer-provided external model tarball listings and stages balanced extraction/rerank candidates. These models remain external rerank and accuracy-estimation inputs, not internal predictions, not CASP submissions, and not competitive-proof evidence."
3,H2312,H2312_T329,6449,H2312_all_pdbs/Model_10710_afm_dropout_04_woTemplates_model_2_multimer_v1_pred_26.pdb,Model_10710_afm_dropout_04_woTemplates_model_2_multimer_v1_pred_26.pdb,10710,AFM,afm_dropout_04_woTemplates_multimer_v1,,2,26,afm_dropout_04_woTemplates_v1,,False,casp17/massivefold_external_pool_intake/h2312_t329/extracted_models/H2312_all_pdbs/Model_10710_afm_dropout_04_woTemplates_model_2_multimer_v1_pred_26.pdb,awaiting_extract,"MassiveFold model pool index only. It parses organizer-provided external model tarball listings and stages balanced extraction/rerank candidates. These models remain external rerank and accuracy-estimation inputs, not internal predictions, not CASP submissions, and not competitive-proof evidence."
3,H2312,H2312_T329,6518,H2312_all_pdbs/Model_11891_afm_dropout_04_woTemplates_model_1_multimer_v1_pred_7.pdb,Model_11891_afm_dropout_04_woTemplates_model_1_multimer_v1_pred_7.pdb,11891,AFM,afm_dropout_04_woTemplates_multimer_v1,,1,7,afm_dropout_04_woTemplates_v1,,False,casp17/massivefold_external_pool_intake/h2312_t329/extracted_models/H2312_all_pdbs/Model_11891_afm_dropout_04_woTemplates_model_1_multimer_v1_pred_7.pdb,awaiting_extract,"MassiveFold model pool index only. It parses organizer-provided external model tarball listings and stages balanced extraction/rerank candidates. These models remain external rerank and accuracy-estimation inputs, not internal predictions, not CASP submissions, and not competitive-proof evidence."
3,H2312,H2312_T329,6538,H2312_all_pdbs/Model_11662_afm_dropout_04_woTemplates_model_1_multimer_v1_pred_9.pdb,Model_11662_afm_dropout_04_woTemplates_model_1_multimer_v1_pred_9.pdb,11662,AFM,afm_dropout_04_woTemplates_multimer_v1,,1,9,afm_dropout_04_woTemplates_v1,,False,casp17/massivefold_external_pool_intake/h2312_t329/extracted_models/H2312_all_pdbs/Model_11662_afm_dropout_04_woTemplates_model_1_multimer_v1_pred_9.pdb,awaiting_extract,"MassiveFold model pool index only. It parses organizer-provided external model tarball listings and stages balanced extraction/rerank candidates. These models remain external rerank and accuracy-estimation inputs, not internal predictions, not CASP submissions, and not competitive-proof evidence."
3,H2312,H2312_T329,6671,H2312_all_pdbs/Model_9606_afm_dropout_04_woTemplates_model_5_multimer_v1_pred_45.pdb,Model_9606_afm_dropout_04_woTemplates_model_5_multimer_v1_pred_45.pdb,9606,AFM,afm_dropout_04_woTemplates_multimer_v1,,5,45,afm_dropout_04_woTemplates_v1,58,True,casp17/massivefold_external_pool_intake/h2312_t329/extracted_models/H2312_all_pdbs/Model_9606_afm_dropout_04_woTemplates_model_5_multimer_v1_pred_45.pdb,extracted,"MassiveFold model pool index only. It parses organizer-provided external model tarball listings and stages balanced extraction/rerank candidates. These models remain external rerank and accuracy-estimation inputs, not internal predictions, not CASP submissions, and not competitive-proof evidence."
3,H2312,H2312_T329,6697,H2312_all_pdbs/Model_10869_afm_dropout_04_woTemplates_model_4_multimer_v1_pred_19.pdb,Model_10869_afm_dropout_04_woTemplates_model_4_multimer_v1_pred_19.pdb,10869,AFM,afm_dropout_04_woTemplates_multimer_v1,,4,19,afm_dropout_04_woTemplates_v1,,False,casp17/massivefold_external_pool_intake/h2312_t329/extracted_models/H2312_all_pdbs/Model_10869_afm_dropout_04_woTemplates_model_4_multimer_v1_pred_19.pdb,awaiting_extract,"MassiveFold model pool index only. It parses organizer-provided external model tarball listings and stages balanced extraction/rerank candidates. These models remain external rerank and accuracy-estimation inputs, not internal predictions, not CASP submissions, and not competitive-proof evidence."
3,H2312,H2312_T329,6803,H2312_all_pdbs/Model_11643_afm_dropout_04_woTemplates_model_1_multimer_v1_pred_60.pdb,Model_11643_afm_dropout_04_woTemplates_model_1_multimer_v1_pred_60.pdb,11643,AFM,afm_dropout_04_woTemplates_multimer_v1,,1,60,afm_dropout_04_woTemplates_v1,,False,casp17/massivefold_external_pool_intake/h2312_t329/extracted_models/H2312_all_pdbs/Model_11643_afm_dropout_04_woTemplates_model_1_multimer_v1_pred_60.pdb,awaiting_extract,"MassiveFold model pool index only. It parses organizer-provided external model tarball listings and stages balanced extraction/rerank candidates. These models remain external rerank and accuracy-estimation inputs, not internal predictions, not CASP submissions, and not competitive-proof evidence."
3,H2312,H2312_T329,6878,H2312_all_pdbs/Model_11257_afm_dropout_04_woTemplates_model_3_multimer_v1_pred_26.pdb,Model_11257_afm_dropout_04_woTemplates_model_3_multimer_v1_pred_26.pdb,11257,AFM,afm_dropout_04_woTemplates_multimer_v1,,3,26,afm_dropout_04_woTemplates_v1,,False,casp17/massivefold_external_pool_intake/h2312_t329/extracted_models/H2312_all_pdbs/Model_11257_afm_dropout_04_woTemplates_model_3_multimer_v1_pred_26.pdb,awaiting_extract,"MassiveFold model pool index only. It parses organizer-provided external model tarball listings and stages balanced extraction/rerank candidates. These models remain external rerank and accuracy-estimation inputs, not internal predictions, not CASP submissions, and not competitive-proof evidence."
3,H2312,H2312_T329,6890,H2312_all_pdbs/Model_10309_afm_dropout_04_woTemplates_model_5_multimer_v1_pred_53.pdb,Model_10309_afm_dropout_04_woTemplates_model_5_multimer_v1_pred_53.pdb,10309,AFM,afm_dropout_04_woTemplates_multimer_v1,,5,53,afm_dropout_04_woTemplates_v1,,False,casp17/massivefold_external_pool_intake/h2312_t329/extracted_models/H2312_all_pdbs/Model_10309_afm_dropout_04_woTemplates_model_5_multimer_v1_pred_53.pdb,awaiting_extract,"MassiveFold model pool index only. It parses organizer-provided external model tarball listings and stages balanced extraction/rerank candidates. These models remain external rerank and accuracy-estimation inputs, not internal predictions, not CASP submissions, and not competitive-proof evidence."
3,H2312,H2312_T329,6897,H2312_all_pdbs/Model_11900_afm_dropout_04_woTemplates_model_3_multimer_v1_pred_61.pdb,Model_11900_afm_dropout_04_woTemplates_model_3_multimer_v1_pred_61.pdb,11900,AFM,afm_dropout_04_woTemplates_multimer_v1,,3,61,afm_dropout_04_woTemplates_v1,,False,casp17/massivefold_external_pool_intake/h2312_t329/extracted_models/H2312_all_pdbs/Model_11900_afm_dropout_04_woTemplates_model_3_multimer_v1_pred_61.pdb,awaiting_extract,"MassiveFold model pool index only. It parses organizer-provided external model tarball listings and stages balanced extraction/rerank candidates. These models remain external rerank and accuracy-estimation inputs, not internal predictions, not CASP submissions, and not competitive-proof evidence."
3,H2312,H2312_T329,6960,H2312_all_pdbs/Model_10616_afm_dropout_04_woTemplates_model_4_multimer_v1_pred_38.pdb,Model_10616_afm_dropout_04_woTemplates_model_4_multimer_v1_pred_38.pdb,10616,AFM,afm_dropout_04_woTemplates_multimer_v1,,4,38,afm_dropout_04_woTemplates_v1,,False,casp17/massivefold_external_pool_intake/h2312_t329/extracted_models/H2312_all_pdbs/Model_10616_afm_dropout_04_woTemplates_model_4_multimer_v1_pred_38.pdb,awaiting_extract,"MassiveFold model pool index only. It parses organizer-provided external model tarball listings and stages balanced extraction/rerank candidates. These models remain external rerank and accuracy-estimation inputs, not internal predictions, not CASP submissions, and not competitive-proof evidence."
3,H2312,H2312_T329,7008,H2312_all_pdbs/Model_10713_afm_dropout_04_woTemplates_model_4_multimer_v1_pred_56.pdb,Model_10713_afm_dropout_04_woTemplates_model_4_multimer_v1_pred_56.pdb,10713,AFM,afm_dropout_04_woTemplates_multimer_v1,,4,56,afm_dropout_04_woTemplates_v1,,False,casp17/massivefold_external_pool_intake/h2312_t329/extracted_models/H2312_all_pdbs/Model_10713_afm_dropout_04_woTemplates_model_4_multimer_v1_pred_56.pdb,awaiting_extract,"MassiveFold model pool index only. It parses organizer-provided external model tarball listings and stages balanced extraction/rerank candidates. These models remain external rerank and accuracy-estimation inputs, not internal predictions, not CASP submissions, and not competitive-proof evidence."
3,H2312,H2312_T329,7017,H2312_all_pdbs/Model_11144_afm_dropout_04_woTemplates_model_4_multimer_v1_pred_31.pdb,Model_11144_afm_dropout_04_woTemplates_model_4_multimer_v1_pred_31.pdb,11144,AFM,afm_dropout_04_woTemplates_multimer_v1,,4,31,afm_dropout_04_woTemplates_v1,,False,casp17/massivefold_external_pool_intake/h2312_t329/extracted_models/H2312_all_pdbs/Model_11144_afm_dropout_04_woTemplates_model_4_multimer_v1_pred_31.pdb,awaiting_extract,"MassiveFold model pool index only. It parses organizer-provided external model tarball listings and stages balanced extraction/rerank candidates. These models remain external rerank and accuracy-estimation inputs, not internal predictions, not CASP submissions, and not competitive-proof evidence."
3,H2312,H2312_T329,7112,H2312_all_pdbs/Model_11523_afm_dropout_04_woTemplates_model_1_multimer_v1_pred_64.pdb,Model_11523_afm_dropout_04_woTemplates_model_1_multimer_v1_pred_64.pdb,11523,AFM,afm_dropout_04_woTemplates_multimer_v1,,1,64,afm_dropout_04_woTemplates_v1,,False,casp17/massivefold_external_pool_intake/h2312_t329/extracted_models/H2312_all_pdbs/Model_11523_afm_dropout_04_woTemplates_model_1_multimer_v1_pred_64.pdb,awaiting_extract,"MassiveFold model pool index only. It parses organizer-provided external model tarball listings and stages balanced extraction/rerank candidates. These models remain external rerank and accuracy-estimation inputs, not internal predictions, not CASP submissions, and not competitive-proof evidence."
3,H2312,H2312_T329,7151,H2312_all_pdbs/Model_10550_afm_dropout_04_woTemplates_model_4_multimer_v1_pred_26.pdb,Model_10550_afm_dropout_04_woTemplates_model_4_multimer_v1_pred_26.pdb,10550,AFM,afm_dropout_04_woTemplates_multimer_v1,,4,26,afm_dropout_04_woTemplates_v1,,False,casp17/massivefold_external_pool_intake/h2312_t329/extracted_models/H2312_all_pdbs/Model_10550_afm_dropout_04_woTemplates_model_4_multimer_v1_pred_26.pdb,awaiting_extract,"MassiveFold model pool index only. It parses organizer-provided external model tarball listings and stages balanced extraction/rerank candidates. These models remain external rerank and accuracy-estimation inputs, not internal predictions, not CASP submissions, and not competitive-proof evidence."
3,H2312,H2312_T329,7389,H2312_all_pdbs/Model_11595_afm_dropout_04_woTemplates_model_3_multimer_v1_pred_9.pdb,Model_11595_afm_dropout_04_woTemplates_model_3_multimer_v1_pred_9.pdb,11595,AFM,afm_dropout_04_woTemplates_multimer_v1,,3,9,afm_dropout_04_woTemplates_v1,,False,casp17/massivefold_external_pool_intake/h2312_t329/extracted_models/H2312_all_pdbs/Model_11595_afm_dropout_04_woTemplates_model_3_multimer_v1_pred_9.pdb,awaiting_extract,"MassiveFold model pool index only. It parses organizer-provided external model tarball listings and stages balanced extraction/rerank candidates. These models remain external rerank and accuracy-estimation inputs, not internal predictions, not CASP submissions, and not competitive-proof evidence."
3,H2312,H2312_T329,7457,H2312_all_pdbs/Model_10934_afm_dropout_04_woTemplates_model_2_multimer_v1_pred_27.pdb,Model_10934_afm_dropout_04_woTemplates_model_2_multimer_v1_pred_27.pdb,10934,AFM,afm_dropout_04_woTemplates_multimer_v1,,2,27,afm_dropout_04_woTemplates_v1,,False,casp17/massivefold_external_pool_intake/h2312_t329/extracted_models/H2312_all_pdbs/Model_10934_afm_dropout_04_woTemplates_model_2_multimer_v1_pred_27.pdb,awaiting_extract,"MassiveFold model pool index only. It parses organizer-provided external model tarball listings and stages balanced extraction/rerank candidates. These models remain external rerank and accuracy-estimation inputs, not internal predictions, not CASP submissions, and not competitive-proof evidence."
3,H2312,H2312_T329,7470,H2312_all_pdbs/Model_10395_afm_dropout_04_woTemplates_model_5_multimer_v1_pred_50.pdb,Model_10395_afm_dropout_04_woTemplates_model_5_multimer_v1_pred_50.pdb,10395,AFM,afm_dropout_04_woTemplates_multimer_v1,,5,50,afm_dropout_04_woTemplates_v1,,False,casp17/massivefold_external_pool_intake/h2312_t329/extracted_models/H2312_all_pdbs/Model_10395_afm_dropout_04_woTemplates_model_5_multimer_v1_pred_50.pdb,awaiting_extract,"MassiveFold model pool index only. It parses organizer-provided external model tarball listings and stages balanced extraction/rerank candidates. These models remain external rerank and accuracy-estimation inputs, not internal predictions, not CASP submissions, and not competitive-proof evidence."
3,H2312,H2312_T329,7513,H2312_all_pdbs/Model_10600_afm_dropout_04_woTemplates_model_5_multimer_v1_pred_11.pdb,Model_10600_afm_dropout_04_woTemplates_model_5_multimer_v1_pred_11.pdb,10600,AFM,afm_dropout_04_woTemplates_multimer_v1,,5,11,afm_dropout_04_woTemplates_v1,,False,casp17/massivefold_external_pool_intake/h2312_t329/extracted_models/H2312_all_pdbs/Model_10600_afm_dropout_04_woTemplates_model_5_multimer_v1_pred_11.pdb,awaiting_extract,"MassiveFold model pool index only. It parses organizer-provided external model tarball listings and stages balanced extraction/rerank candidates. These models remain external rerank and accuracy-estimation inputs, not internal predictions, not CASP submissions, and not competitive-proof evidence."
3,H2312,H2312_T329,7520,H2312_all_pdbs/Model_10390_afm_dropout_04_woTemplates_model_5_multimer_v1_pred_8.pdb,Model_10390_afm_dropout_04_woTemplates_model_5_multimer_v1_pred_8.pdb,10390,AFM,afm_dropout_04_woTemplates_multimer_v1,,5,8,afm_dropout_04_woTemplates_v1,,False,casp17/massivefold_external_pool_intake/h2312_t329/extracted_models/H2312_all_pdbs/Model_10390_afm_dropout_04_woTemplates_model_5_multimer_v1_pred_8.pdb,awaiting_extract,"MassiveFold model pool index only. It parses organizer-provided external model tarball listings and stages balanced extraction/rerank candidates. These models remain external rerank and accuracy-estimation inputs, not internal predictions, not CASP submissions, and not competitive-proof evidence."
3,H2312,H2312_T329,7594,H2312_all_pdbs/Model_11431_afm_dropout_04_woTemplates_model_4_multimer_v1_pred_22.pdb,Model_11431_afm_dropout_04_woTemplates_model_4_multimer_v1_pred_22.pdb,11431,AFM,afm_dropout_04_woTemplates_multimer_v1,,4,22,afm_dropout_04_woTemplates_v1,,False,casp17/massivefold_external_pool_intake/h2312_t329/extracted_models/H2312_all_pdbs/Model_11431_afm_dropout_04_woTemplates_model_4_multimer_v1_pred_22.pdb,awaiting_extract,"MassiveFold model pool index only. It parses organizer-provided external model tarball listings and stages balanced extraction/rerank candidates. These models remain external rerank and accuracy-estimation inputs, not internal predictions, not CASP submissions, and not competitive-proof evidence."
3,H2312,H2312_T329,7663,H2312_all_pdbs/Model_10427_afm_dropout_04_woTemplates_model_5_multimer_v1_pred_23.pdb,Model_10427_afm_dropout_04_woTemplates_model_5_multimer_v1_pred_23.pdb,10427,AFM,afm_dropout_04_woTemplates_multimer_v1,,5,23,afm_dropout_04_woTemplates_v1,,False,casp17/massivefold_external_pool_intake/h2312_t329/extracted_models/H2312_all_pdbs/Model_10427_afm_dropout_04_woTemplates_model_5_multimer_v1_pred_23.pdb,awaiting_extract,"MassiveFold model pool index only. It parses organizer-provided external model tarball listings and stages balanced extraction/rerank candidates. These models remain external rerank and accuracy-estimation inputs, not internal predictions, not CASP submissions, and not competitive-proof evidence."
3,H2312,H2312_T329,7743,H2312_all_pdbs/Model_11311_afm_dropout_04_woTemplates_model_4_multimer_v1_pred_49.pdb,Model_11311_afm_dropout_04_woTemplates_model_4_multimer_v1_pred_49.pdb,11311,AFM,afm_dropout_04_woTemplates_multimer_v1,,4,49,afm_dropout_04_woTemplates_v1,,False,casp17/massivefold_external_pool_intake/h2312_t329/extracted_models/H2312_all_pdbs/Model_11311_afm_dropout_04_woTemplates_model_4_multimer_v1_pred_49.pdb,awaiting_extract,"MassiveFold model pool index only. It parses organizer-provided external model tarball listings and stages balanced extraction/rerank candidates. These models remain external rerank and accuracy-estimation inputs, not internal predictions, not CASP submissions, and not competitive-proof evidence."
3,H2312,H2312_T329,7788,H2312_all_pdbs/Model_10510_afm_dropout_04_woTemplates_model_5_multimer_v1_pred_33.pdb,Model_10510_afm_dropout_04_woTemplates_model_5_multimer_v1_pred_33.pdb,10510,AFM,afm_dropout_04_woTemplates_multimer_v1,,5,33,afm_dropout_04_woTemplates_v1,,False,casp17/massivefold_external_pool_intake/h2312_t329/extracted_models/H2312_all_pdbs/Model_10510_afm_dropout_04_woTemplates_model_5_multimer_v1_pred_33.pdb,awaiting_extract,"MassiveFold model pool index only. It parses organizer-provided external model tarball listings and stages balanced extraction/rerank candidates. These models remain external rerank and accuracy-estimation inputs, not internal predictions, not CASP submissions, and not competitive-proof evidence."
3,H2312,H2312_T329,7797,H2312_all_pdbs/Model_11150_afm_dropout_04_woTemplates_model_1_multimer_v1_pred_5.pdb,Model_11150_afm_dropout_04_woTemplates_model_1_multimer_v1_pred_5.pdb,11150,AFM,afm_dropout_04_woTemplates_multimer_v1,,1,5,afm_dropout_04_woTemplates_v1,,False,casp17/massivefold_external_pool_intake/h2312_t329/extracted_models/H2312_all_pdbs/Model_11150_afm_dropout_04_woTemplates_model_1_multimer_v1_pred_5.pdb,awaiting_extract,"MassiveFold model pool index only. It parses organizer-provided external model tarball listings and stages balanced extraction/rerank candidates. These models remain external rerank and accuracy-estimation inputs, not internal predictions, not CASP submissions, and not competitive-proof evidence."
3,H2312,H2312_T329,7866,H2312_all_pdbs/Model_9912_afm_dropout_04_woTemplates_model_5_multimer_v1_pred_4.pdb,Model_9912_afm_dropout_04_woTemplates_model_5_multimer_v1_pred_4.pdb,9912,AFM,afm_dropout_04_woTemplates_multimer_v1,,5,4,afm_dropout_04_woTemplates_v1,,False,casp17/massivefold_external_pool_intake/h2312_t329/extracted_models/H2312_all_pdbs/Model_9912_afm_dropout_04_woTemplates_model_5_multimer_v1_pred_4.pdb,awaiting_extract,"MassiveFold model pool index only. It parses organizer-provided external model tarball listings and stages balanced extraction/rerank candidates. These models remain external rerank and accuracy-estimation inputs, not internal predictions, not CASP submissions, and not competitive-proof evidence."
3,H2312,H2312_T329,7872,H2312_all_pdbs/Model_10799_afm_dropout_04_woTemplates_model_2_multimer_v1_pred_43.pdb,Model_10799_afm_dropout_04_woTemplates_model_2_multimer_v1_pred_43.pdb,10799,AFM,afm_dropout_04_woTemplates_multimer_v1,,2,43,afm_dropout_04_woTemplates_v1,,False,casp17/massivefold_external_pool_intake/h2312_t329/extracted_models/H2312_all_pdbs/Model_10799_afm_dropout_04_woTemplates_model_2_multimer_v1_pred_43.pdb,awaiting_extract,"MassiveFold model pool index only. It parses organizer-provided external model tarball listings and stages balanced extraction/rerank candidates. These models remain external rerank and accuracy-estimation inputs, not internal predictions, not CASP submissions, and not competitive-proof evidence."
3,H2312,H2312_T329,7889,H2312_all_pdbs/Model_11823_afm_dropout_04_woTemplates_model_1_multimer_v1_pred_22.pdb,Model_11823_afm_dropout_04_woTemplates_model_1_multimer_v1_pred_22.pdb,11823,AFM,afm_dropout_04_woTemplates_multimer_v1,,1,22,afm_dropout_04_woTemplates_v1,,False,casp17/massivefold_external_pool_intake/h2312_t329/extracted_models/H2312_all_pdbs/Model_11823_afm_dropout_04_woTemplates_model_1_multimer_v1_pred_22.pdb,awaiting_extract,"MassiveFold model pool index only. It parses organizer-provided external model tarball listings and stages balanced extraction/rerank candidates. These models remain external rerank and accuracy-estimation inputs, not internal predictions, not CASP submissions, and not competitive-proof evidence."
3,H2312,H2312_T329,7938,H2312_all_pdbs/Model_10647_afm_dropout_04_woTemplates_model_4_multimer_v1_pred_1.pdb,Model_10647_afm_dropout_04_woTemplates_model_4_multimer_v1_pred_1.pdb,10647,AFM,afm_dropout_04_woTemplates_multimer_v1,,4,1,afm_dropout_04_woTemplates_v1,,False,casp17/massivefold_external_pool_intake/h2312_t329/extracted_models/H2312_all_pdbs/Model_10647_afm_dropout_04_woTemplates_model_4_multimer_v1_pred_1.pdb,awaiting_extract,"MassiveFold model pool index only. It parses organizer-provided external model tarball listings and stages balanced extraction/rerank candidates. These models remain external rerank and accuracy-estimation inputs, not internal predictions, not CASP submissions, and not competitive-proof evidence."
3,H2312,H2312_T329,7972,H2312_all_pdbs/Model_11857_afm_dropout_04_woTemplates_model_3_multimer_v1_pred_33.pdb,Model_11857_afm_dropout_04_woTemplates_model_3_multimer_v1_pred_33.pdb,11857,AFM,afm_dropout_04_woTemplates_multimer_v1,,3,33,afm_dropout_04_woTemplates_v1,,False,casp17/massivefold_external_pool_intake/h2312_t329/extracted_models/H2312_all_pdbs/Model_11857_afm_dropout_04_woTemplates_model_3_multimer_v1_pred_33.pdb,awaiting_extract,"MassiveFold model pool index only. It parses organizer-provided external model tarball listings and stages balanced extraction/rerank candidates. These models remain external rerank and accuracy-estimation inputs, not internal predictions, not CASP submissions, and not competitive-proof evidence."
3,H2312,H2312_T329,7994,H2312_all_pdbs/Model_10951_afm_dropout_04_woTemplates_model_1_multimer_v1_pred_23.pdb,Model_10951_afm_dropout_04_woTemplates_model_1_multimer_v1_pred_23.pdb,10951,AFM,afm_dropout_04_woTemplates_multimer_v1,,1,23,afm_dropout_04_woTemplates_v1,,False,casp17/massivefold_external_pool_intake/h2312_t329/extracted_models/H2312_all_pdbs/Model_10951_afm_dropout_04_woTemplates_model_1_multimer_v1_pred_23.pdb,awaiting_extract,"MassiveFold model pool index only. It parses organizer-provided external model tarball listings and stages balanced extraction/rerank candidates. These models remain external rerank and accuracy-estimation inputs, not internal predictions, not CASP submissions, and not competitive-proof evidence."
3,H2312,H2312_T329,8033,H2312_all_pdbs/Model_10373_afm_dropout_04_woTemplates_model_5_multimer_v1_pred_16.pdb,Model_10373_afm_dropout_04_woTemplates_model_5_multimer_v1_pred_16.pdb,10373,AFM,afm_dropout_04_woTemplates_multimer_v1,,5,16,afm_dropout_04_woTemplates_v1,,False,casp17/massivefold_external_pool_intake/h2312_t329/extracted_models/H2312_all_pdbs/Model_10373_afm_dropout_04_woTemplates_model_5_multimer_v1_pred_16.pdb,awaiting_extract,"MassiveFold model pool index only. It parses organizer-provided external model tarball listings and stages balanced extraction/rerank candidates. These models remain external rerank and accuracy-estimation inputs, not internal predictions, not CASP submissions, and not competitive-proof evidence."
3,H2312,H2312_T329,8061,H2312_all_pdbs/Model_11477_afm_dropout_04_woTemplates_model_3_multimer_v1_pred_37.pdb,Model_11477_afm_dropout_04_woTemplates_model_3_multimer_v1_pred_37.pdb,11477,AFM,afm_dropout_04_woTemplates_multimer_v1,,3,37,afm_dropout_04_woTemplates_v1,,False,casp17/massivefold_external_pool_intake/h2312_t329/extracted_models/H2312_all_pdbs/Model_11477_afm_dropout_04_woTemplates_model_3_multimer_v1_pred_37.pdb,awaiting_extract,"MassiveFold model pool index only. It parses organizer-provided external model tarball listings and stages balanced extraction/rerank candidates. These models remain external rerank and accuracy-estimation inputs, not internal predictions, not CASP submissions, and not competitive-proof evidence."
3,H2312,H2312_T329,8145,H2312_all_pdbs/Model_10496_afm_dropout_04_woTemplates_model_5_multimer_v1_pred_37.pdb,Model_10496_afm_dropout_04_woTemplates_model_5_multimer_v1_pred_37.pdb,10496,AFM,afm_dropout_04_woTemplates_multimer_v1,,5,37,afm_dropout_04_woTemplates_v1,,False,casp17/massivefold_external_pool_intake/h2312_t329/extracted_models/H2312_all_pdbs/Model_10496_afm_dropout_04_woTemplates_model_5_multimer_v1_pred_37.pdb,awaiting_extract,"MassiveFold model pool index only. It parses organizer-provided external model tarball listings and stages balanced extraction/rerank candidates. These models remain external rerank and accuracy-estimation inputs, not internal predictions, not CASP submissions, and not competitive-proof evidence."
3,H2312,H2312_T329,8176,H2312_all_pdbs/Model_11777_afm_dropout_04_woTemplates_model_3_multimer_v1_pred_60.pdb,Model_11777_afm_dropout_04_woTemplates_model_3_multimer_v1_pred_60.pdb,11777,AFM,afm_dropout_04_woTemplates_multimer_v1,,3,60,afm_dropout_04_woTemplates_v1,,False,casp17/massivefold_external_pool_intake/h2312_t329/extracted_models/H2312_all_pdbs/Model_11777_afm_dropout_04_woTemplates_model_3_multimer_v1_pred_60.pdb,awaiting_extract,"MassiveFold model pool index only. It parses organizer-provided external model tarball listings and stages balanced extraction/rerank candidates. These models remain external rerank and accuracy-estimation inputs, not internal predictions, not CASP submissions, and not competitive-proof evidence."
3,H2312,H2312_T329,8195,H2312_all_pdbs/Model_11940_afm_dropout_04_woTemplates_model_3_multimer_v1_pred_5.pdb,Model_11940_afm_dropout_04_woTemplates_model_3_multimer_v1_pred_5.pdb,11940,AFM,afm_dropout_04_woTemplates_multimer_v1,,3,5,afm_dropout_04_woTemplates_v1,,False,casp17/massivefold_external_pool_intake/h2312_t329/extracted_models/H2312_all_pdbs/Model_11940_afm_dropout_04_woTemplates_model_3_multimer_v1_pred_5.pdb,awaiting_extract,"MassiveFold model pool index only. It parses organizer-provided external model tarball listings and stages balanced extraction/rerank candidates. These models remain external rerank and accuracy-estimation inputs, not internal predictions, not CASP submissions, and not competitive-proof evidence."
3,H2312,H2312_T329,8213,H2312_all_pdbs/Model_11600_afm_dropout_04_woTemplates_model_1_multimer_v1_pred_63.pdb,Model_11600_afm_dropout_04_woTemplates_model_1_multimer_v1_pred_63.pdb,11600,AFM,afm_dropout_04_woTemplates_multimer_v1,,1,63,afm_dropout_04_woTemplates_v1,,False,casp17/massivefold_external_pool_intake/h2312_t329/extracted_models/H2312_all_pdbs/Model_11600_afm_dropout_04_woTemplates_model_1_multimer_v1_pred_63.pdb,awaiting_extract,"MassiveFold model pool index only. It parses organizer-provided external model tarball listings and stages balanced extraction/rerank candidates. These models remain external rerank and accuracy-estimation inputs, not internal predictions, not CASP submissions, and not competitive-proof evidence."
3,H2312,H2312_T329,8253,H2312_all_pdbs/Model_10832_afm_dropout_04_woTemplates_model_4_multimer_v1_pred_27.pdb,Model_10832_afm_dropout_04_woTemplates_model_4_multimer_v1_pred_27.pdb,10832,AFM,afm_dropout_04_woTemplates_multimer_v1,,4,27,afm_dropout_04_woTemplates_v1,,False,casp17/massivefold_external_pool_intake/h2312_t329/extracted_models/H2312_all_pdbs/Model_10832_afm_dropout_04_woTemplates_model_4_multimer_v1_pred_27.pdb,awaiting_extract,"MassiveFold model pool index only. It parses organizer-provided external model tarball listings and stages balanced extraction/rerank candidates. These models remain external rerank and accuracy-estimation inputs, not internal predictions, not CASP submissions, and not competitive-proof evidence."
3,H2312,H2312_T329,8276,H2312_all_pdbs/Model_11305_afm_dropout_04_woTemplates_model_3_multimer_v1_pred_2.pdb,Model_11305_afm_dropout_04_woTemplates_model_3_multimer_v1_pred_2.pdb,11305,AFM,afm_dropout_04_woTemplates_multimer_v1,,3,2,afm_dropout_04_woTemplates_v1,,False,casp17/massivefold_external_pool_intake/h2312_t329/extracted_models/H2312_all_pdbs/Model_11305_afm_dropout_04_woTemplates_model_3_multimer_v1_pred_2.pdb,awaiting_extract,"MassiveFold model pool index only. It parses organizer-provided external model tarball listings and stages balanced extraction/rerank candidates. These models remain external rerank and accuracy-estimation inputs, not internal predictions, not CASP submissions, and not competitive-proof evidence."
3,H2312,H2312_T329,8327,H2312_all_pdbs/Model_11015_afm_dropout_04_woTemplates_model_2_multimer_v1_pred_14.pdb,Model_11015_afm_dropout_04_woTemplates_model_2_multimer_v1_pred_14.pdb,11015,AFM,afm_dropout_04_woTemplates_multimer_v1,,2,14,afm_dropout_04_woTemplates_v1,,False,casp17/massivefold_external_pool_intake/h2312_t329/extracted_models/H2312_all_pdbs/Model_11015_afm_dropout_04_woTemplates_model_2_multimer_v1_pred_14.pdb,awaiting_extract,"MassiveFold model pool index only. It parses organizer-provided external model tarball listings and stages balanced extraction/rerank candidates. These models remain external rerank and accuracy-estimation inputs, not internal predictions, not CASP submissions, and not competitive-proof evidence."
3,H2312,H2312_T329,8328,H2312_all_pdbs/Model_11292_afm_dropout_04_woTemplates_model_4_multimer_v1_pred_3.pdb,Model_11292_afm_dropout_04_woTemplates_model_4_multimer_v1_pred_3.pdb,11292,AFM,afm_dropout_04_woTemplates_multimer_v1,,4,3,afm_dropout_04_woTemplates_v1,,False,casp17/massivefold_external_pool_intake/h2312_t329/extracted_models/H2312_all_pdbs/Model_11292_afm_dropout_04_woTemplates_model_4_multimer_v1_pred_3.pdb,awaiting_extract,"MassiveFold model pool index only. It parses organizer-provided external model tarball listings and stages balanced extraction/rerank candidates. These models remain external rerank and accuracy-estimation inputs, not internal predictions, not CASP submissions, and not competitive-proof evidence."
3,H2312,H2312_T329,8380,H2312_all_pdbs/Model_10949_afm_dropout_04_woTemplates_model_4_multimer_v1_pred_14.pdb,Model_10949_afm_dropout_04_woTemplates_model_4_multimer_v1_pred_14.pdb,10949,AFM,afm_dropout_04_woTemplates_multimer_v1,,4,14,afm_dropout_04_woTemplates_v1,,False,casp17/massivefold_external_pool_intake/h2312_t329/extracted_models/H2312_all_pdbs/Model_10949_afm_dropout_04_woTemplates_model_4_multimer_v1_pred_14.pdb,awaiting_extract,"MassiveFold model pool index only. It parses organizer-provided external model tarball listings and stages balanced extraction/rerank candidates. These models remain external rerank and accuracy-estimation inputs, not internal predictions, not CASP submissions, and not competitive-proof evidence."
3,H2312,H2312_T329,8458,H2312_all_pdbs/Model_11317_afm_dropout_04_woTemplates_model_3_multimer_v1_pred_58.pdb,Model_11317_afm_dropout_04_woTemplates_model_3_multimer_v1_pred_58.pdb,11317,AFM,afm_dropout_04_woTemplates_multimer_v1,,3,58,afm_dropout_04_woTemplates_v1,,False,casp17/massivefold_external_pool_intake/h2312_t329/extracted_models/H2312_all_pdbs/Model_11317_afm_dropout_04_woTemplates_model_3_multimer_v1_pred_58.pdb,awaiting_extract,"MassiveFold model pool index only. It parses organizer-provided external model tarball listings and stages balanced extraction/rerank candidates. These models remain external rerank and accuracy-estimation inputs, not internal predictions, not CASP submissions, and not competitive-proof evidence."
3,H2312,H2312_T329,8459,H2312_all_pdbs/Model_10657_afm_dropout_04_woTemplates_model_2_multimer_v1_pred_31.pdb,Model_10657_afm_dropout_04_woTemplates_model_2_multimer_v1_pred_31.pdb,10657,AFM,afm_dropout_04_woTemplates_multimer_v1,,2,31,afm_dropout_04_woTemplates_v1,,False,casp17/massivefold_external_pool_intake/h2312_t329/extracted_models/H2312_all_pdbs/Model_10657_afm_dropout_04_woTemplates_model_2_multimer_v1_pred_31.pdb,awaiting_extract,"MassiveFold model pool index only. It parses organizer-provided external model tarball listings and stages balanced extraction/rerank candidates. These models remain external rerank and accuracy-estimation inputs, not internal predictions, not CASP submissions, and not competitive-proof evidence."
3,H2312,H2312_T329,8481,H2312_all_pdbs/Model_11788_afm_dropout_04_woTemplates_model_1_multimer_v1_pred_59.pdb,Model_11788_afm_dropout_04_woTemplates_model_1_multimer_v1_pred_59.pdb,11788,AFM,afm_dropout_04_woTemplates_multimer_v1,,1,59,afm_dropout_04_woTemplates_v1,,False,casp17/massivefold_external_pool_intake/h2312_t329/extracted_models/H2312_all_pdbs/Model_11788_afm_dropout_04_woTemplates_model_1_multimer_v1_pred_59.pdb,awaiting_extract,"MassiveFold model pool index only. It parses organizer-provided external model tarball listings and stages balanced extraction/rerank candidates. These models remain external rerank and accuracy-estimation inputs, not internal predictions, not CASP submissions, and not competitive-proof evidence."
3,H2312,H2312_T329,8509,H2312_all_pdbs/Model_10748_afm_dropout_04_woTemplates_model_2_multimer_v1_pred_15.pdb,Model_10748_afm_dropout_04_woTemplates_model_2_multimer_v1_pred_15.pdb,10748,AFM,afm_dropout_04_woTemplates_multimer_v1,,2,15,afm_dropout_04_woTemplates_v1,,False,casp17/massivefold_external_pool_intake/h2312_t329/extracted_models/H2312_all_pdbs/Model_10748_afm_dropout_04_woTemplates_model_2_multimer_v1_pred_15.pdb,awaiting_extract,"MassiveFold model pool index only. It parses organizer-provided external model tarball listings and stages balanced extraction/rerank candidates. These models remain external rerank and accuracy-estimation inputs, not internal predictions, not CASP submissions, and not competitive-proof evidence."
3,H2312,H2312_T329,8514,H2312_all_pdbs/Model_10526_afm_dropout_04_woTemplates_model_4_multimer_v1_pred_10.pdb,Model_10526_afm_dropout_04_woTemplates_model_4_multimer_v1_pred_10.pdb,10526,AFM,afm_dropout_04_woTemplates_multimer_v1,,4,10,afm_dropout_04_woTemplates_v1,,False,casp17/massivefold_external_pool_intake/h2312_t329/extracted_models/H2312_all_pdbs/Model_10526_afm_dropout_04_woTemplates_model_4_multimer_v1_pred_10.pdb,awaiting_extract,"MassiveFold model pool index only. It parses organizer-provided external model tarball listings and stages balanced extraction/rerank candidates. These models remain external rerank and accuracy-estimation inputs, not internal predictions, not CASP submissions, and not competitive-proof evidence."
3,H2312,H2312_T329,8551,H2312_all_pdbs/Model_11003_afm_dropout_04_woTemplates_model_2_multimer_v1_pred_63.pdb,Model_11003_afm_dropout_04_woTemplates_model_2_multimer_v1_pred_63.pdb,11003,AFM,afm_dropout_04_woTemplates_multimer_v1,,2,63,afm_dropout_04_woTemplates_v1,,False,casp17/massivefold_external_pool_intake/h2312_t329/extracted_models/H2312_all_pdbs/Model_11003_afm_dropout_04_woTemplates_model_2_multimer_v1_pred_63.pdb,awaiting_extract,"MassiveFold model pool index only. It parses organizer-provided external model tarball listings and stages balanced extraction/rerank candidates. These models remain external rerank and accuracy-estimation inputs, not internal predictions, not CASP submissions, and not competitive-proof evidence."
3,H2312,H2312_T329,8574,H2312_all_pdbs/Model_11825_afm_dropout_04_woTemplates_model_3_multimer_v1_pred_24.pdb,Model_11825_afm_dropout_04_woTemplates_model_3_multimer_v1_pred_24.pdb,11825,AFM,afm_dropout_04_woTemplates_multimer_v1,,3,24,afm_dropout_04_woTemplates_v1,,False,casp17/massivefold_external_pool_intake/h2312_t329/extracted_models/H2312_all_pdbs/Model_11825_afm_dropout_04_woTemplates_model_3_multimer_v1_pred_24.pdb,awaiting_extract,"MassiveFold model pool index only. It parses organizer-provided external model tarball listings and stages balanced extraction/rerank candidates. These models remain external rerank and accuracy-estimation inputs, not internal predictions, not CASP submissions, and not competitive-proof evidence."
3,H2312,H2312_T329,8580,H2312_all_pdbs/Model_9581_afm_dropout_04_woTemplates_model_4_multimer_v1_pred_4.pdb,Model_9581_afm_dropout_04_woTemplates_model_4_multimer_v1_pred_4.pdb,9581,AFM,afm_dropout_04_woTemplates_multimer_v1,,4,4,afm_dropout_04_woTemplates_v1,73,True,casp17/massivefold_external_pool_intake/h2312_t329/extracted_models/H2312_all_pdbs/Model_9581_afm_dropout_04_woTemplates_model_4_multimer_v1_pred_4.pdb,extracted,"MassiveFold model pool index only. It parses organizer-provided external model tarball listings and stages balanced extraction/rerank candidates. These models remain external rerank and accuracy-estimation inputs, not internal predictions, not CASP submissions, and not competitive-proof evidence."
3,H2312,H2312_T329,8582,H2312_all_pdbs/Model_10274_afm_dropout_04_woTemplates_model_5_multimer_v1_pred_0.pdb,Model_10274_afm_dropout_04_woTemplates_model_5_multimer_v1_pred_0.pdb,10274,AFM,afm_dropout_04_woTemplates_multimer_v1,,5,0,afm_dropout_04_woTemplates_v1,,False,casp17/massivefold_external_pool_intake/h2312_t329/extracted_models/H2312_all_pdbs/Model_10274_afm_dropout_04_woTemplates_model_5_multimer_v1_pred_0.pdb,awaiting_extract,"MassiveFold model pool index only. It parses organizer-provided external model tarball listings and stages balanced extraction/rerank candidates. These models remain external rerank and accuracy-estimation inputs, not internal predictions, not CASP submissions, and not competitive-proof evidence."
3,H2312,H2312_T329,8604,H2312_all_pdbs/Model_11795_afm_dropout_04_woTemplates_model_3_multimer_v1_pred_23.pdb,Model_11795_afm_dropout_04_woTemplates_model_3_multimer_v1_pred_23.pdb,11795,AFM,afm_dropout_04_woTemplates_multimer_v1,,3,23,afm_dropout_04_woTemplates_v1,,False,casp17/massivefold_external_pool_intake/h2312_t329/extracted_models/H2312_all_pdbs/Model_11795_afm_dropout_04_woTemplates_model_3_multimer_v1_pred_23.pdb,awaiting_extract,"MassiveFold model pool index only. It parses organizer-provided external model tarball listings and stages balanced extraction/rerank candidates. These models remain external rerank and accuracy-estimation inputs, not internal predictions, not CASP submissions, and not competitive-proof evidence."
3,H2312,H2312_T329,8723,H2312_all_pdbs/Model_11238_afm_dropout_04_woTemplates_model_1_multimer_v1_pred_38.pdb,Model_11238_afm_dropout_04_woTemplates_model_1_multimer_v1_pred_38.pdb,11238,AFM,afm_dropout_04_woTemplates_multimer_v1,,1,38,afm_dropout_04_woTemplates_v1,,False,casp17/massivefold_external_pool_intake/h2312_t329/extracted_models/H2312_all_pdbs/Model_11238_afm_dropout_04_woTemplates_model_1_multimer_v1_pred_38.pdb,awaiting_extract,"MassiveFold model pool index only. It parses organizer-provided external model tarball listings and stages balanced extraction/rerank candidates. These models remain external rerank and accuracy-estimation inputs, not internal predictions, not CASP submissions, and not competitive-proof evidence."
3,H2312,H2312_T329,8785,H2312_all_pdbs/Model_10532_afm_dropout_04_woTemplates_model_5_multimer_v1_pred_54.pdb,Model_10532_afm_dropout_04_woTemplates_model_5_multimer_v1_pred_54.pdb,10532,AFM,afm_dropout_04_woTemplates_multimer_v1,,5,54,afm_dropout_04_woTemplates_v1,,False,casp17/massivefold_external_pool_intake/h2312_t329/extracted_models/H2312_all_pdbs/Model_10532_afm_dropout_04_woTemplates_model_5_multimer_v1_pred_54.pdb,awaiting_extract,"MassiveFold model pool index only. It parses organizer-provided external model tarball listings and stages balanced extraction/rerank candidates. These models remain external rerank and accuracy-estimation inputs, not internal predictions, not CASP submissions, and not competitive-proof evidence."
3,H2312,H2312_T329,8798,H2312_all_pdbs/Model_11343_afm_dropout_04_woTemplates_model_2_multimer_v1_pred_50.pdb,Model_11343_afm_dropout_04_woTemplates_model_2_multimer_v1_pred_50.pdb,11343,AFM,afm_dropout_04_woTemplates_multimer_v1,,2,50,afm_dropout_04_woTemplates_v1,,False,casp17/massivefold_external_pool_intake/h2312_t329/extracted_models/H2312_all_pdbs/Model_11343_afm_dropout_04_woTemplates_model_2_multimer_v1_pred_50.pdb,awaiting_extract,"MassiveFold model pool index only. It parses organizer-provided external model tarball listings and stages balanced extraction/rerank candidates. These models remain external rerank and accuracy-estimation inputs, not internal predictions, not CASP submissions, and not competitive-proof evidence."
3,H2312,H2312_T329,8809,H2312_all_pdbs/Model_10431_afm_dropout_04_woTemplates_model_5_multimer_v1_pred_46.pdb,Model_10431_afm_dropout_04_woTemplates_model_5_multimer_v1_pred_46.pdb,10431,AFM,afm_dropout_04_woTemplates_multimer_v1,,5,46,afm_dropout_04_woTemplates_v1,,False,casp17/massivefold_external_pool_intake/h2312_t329/extracted_models/H2312_all_pdbs/Model_10431_afm_dropout_04_woTemplates_model_5_multimer_v1_pred_46.pdb,awaiting_extract,"MassiveFold model pool index only. It parses organizer-provided external model tarball listings and stages balanced extraction/rerank candidates. These models remain external rerank and accuracy-estimation inputs, not internal predictions, not CASP submissions, and not competitive-proof evidence."
3,H2312,H2312_T329,8853,H2312_all_pdbs/Model_11369_afm_dropout_04_woTemplates_model_2_multimer_v1_pred_17.pdb,Model_11369_afm_dropout_04_woTemplates_model_2_multimer_v1_pred_17.pdb,11369,AFM,afm_dropout_04_woTemplates_multimer_v1,,2,17,afm_dropout_04_woTemplates_v1,,False,casp17/massivefold_external_pool_intake/h2312_t329/extracted_models/H2312_all_pdbs/Model_11369_afm_dropout_04_woTemplates_model_2_multimer_v1_pred_17.pdb,awaiting_extract,"MassiveFold model pool index only. It parses organizer-provided external model tarball listings and stages balanced extraction/rerank candidates. These models remain external rerank and accuracy-estimation inputs, not internal predictions, not CASP submissions, and not competitive-proof evidence."
3,H2312,H2312_T329,8954,H2312_all_pdbs/Model_11591_afm_dropout_04_woTemplates_model_1_multimer_v1_pred_35.pdb,Model_11591_afm_dropout_04_woTemplates_model_1_multimer_v1_pred_35.pdb,11591,AFM,afm_dropout_04_woTemplates_multimer_v1,,1,35,afm_dropout_04_woTemplates_v1,,False,casp17/massivefold_external_pool_intake/h2312_t329/extracted_models/H2312_all_pdbs/Model_11591_afm_dropout_04_woTemplates_model_1_multimer_v1_pred_35.pdb,awaiting_extract,"MassiveFold model pool index only. It parses organizer-provided external model tarball listings and stages balanced extraction/rerank candidates. These models remain external rerank and accuracy-estimation inputs, not internal predictions, not CASP submissions, and not competitive-proof evidence."
3,H2312,H2312_T329,8976,H2312_all_pdbs/Model_11388_afm_dropout_04_woTemplates_model_3_multimer_v1_pred_25.pdb,Model_11388_afm_dropout_04_woTemplates_model_3_multimer_v1_pred_25.pdb,11388,AFM,afm_dropout_04_woTemplates_multimer_v1,,3,25,afm_dropout_04_woTemplates_v1,,False,casp17/massivefold_external_pool_intake/h2312_t329/extracted_models/H2312_all_pdbs/Model_11388_afm_dropout_04_woTemplates_model_3_multimer_v1_pred_25.pdb,awaiting_extract,"MassiveFold model pool index only. It parses organizer-provided external model tarball listings and stages balanced extraction/rerank candidates. These models remain external rerank and accuracy-estimation inputs, not internal predictions, not CASP submissions, and not competitive-proof evidence."
3,H2312,H2312_T329,9008,H2312_all_pdbs/Model_11504_afm_dropout_04_woTemplates_model_2_multimer_v1_pred_10.pdb,Model_11504_afm_dropout_04_woTemplates_model_2_multimer_v1_pred_10.pdb,11504,AFM,afm_dropout_04_woTemplates_multimer_v1,,2,10,afm_dropout_04_woTemplates_v1,,False,casp17/massivefold_external_pool_intake/h2312_t329/extracted_models/H2312_all_pdbs/Model_11504_afm_dropout_04_woTemplates_model_2_multimer_v1_pred_10.pdb,awaiting_extract,"MassiveFold model pool index only. It parses organizer-provided external model tarball listings and stages balanced extraction/rerank candidates. These models remain external rerank and accuracy-estimation inputs, not internal predictions, not CASP submissions, and not competitive-proof evidence."
3,H2312,H2312_T329,9018,H2312_all_pdbs/Model_11864_afm_dropout_04_woTemplates_model_1_multimer_v1_pred_2.pdb,Model_11864_afm_dropout_04_woTemplates_model_1_multimer_v1_pred_2.pdb,11864,AFM,afm_dropout_04_woTemplates_multimer_v1,,1,2,afm_dropout_04_woTemplates_v1,,False,casp17/massivefold_external_pool_intake/h2312_t329/extracted_models/H2312_all_pdbs/Model_11864_afm_dropout_04_woTemplates_model_1_multimer_v1_pred_2.pdb,awaiting_extract,"MassiveFold model pool index only. It parses organizer-provided external model tarball listings and stages balanced extraction/rerank candidates. These models remain external rerank and accuracy-estimation inputs, not internal predictions, not CASP submissions, and not competitive-proof evidence."
3,H2312,H2312_T329,9052,H2312_all_pdbs/Model_10335_afm_dropout_04_woTemplates_model_5_multimer_v1_pred_44.pdb,Model_10335_afm_dropout_04_woTemplates_model_5_multimer_v1_pred_44.pdb,10335,AFM,afm_dropout_04_woTemplates_multimer_v1,,5,44,afm_dropout_04_woTemplates_v1,,False,casp17/massivefold_external_pool_intake/h2312_t329/extracted_models/H2312_all_pdbs/Model_10335_afm_dropout_04_woTemplates_model_5_multimer_v1_pred_44.pdb,awaiting_extract,"MassiveFold model pool index only. It parses organizer-provided external model tarball listings and stages balanced extraction/rerank candidates. These models remain external rerank and accuracy-estimation inputs, not internal predictions, not CASP submissions, and not competitive-proof evidence."
3,H2312,H2312_T329,9069,H2312_all_pdbs/Model_10284_afm_dropout_04_woTemplates_model_4_multimer_v1_pred_21.pdb,Model_10284_afm_dropout_04_woTemplates_model_4_multimer_v1_pred_21.pdb,10284,AFM,afm_dropout_04_woTemplates_multimer_v1,,4,21,afm_dropout_04_woTemplates_v1,,False,casp17/massivefold_external_pool_intake/h2312_t329/extracted_models/H2312_all_pdbs/Model_10284_afm_dropout_04_woTemplates_model_4_multimer_v1_pred_21.pdb,awaiting_extract,"MassiveFold model pool index only. It parses organizer-provided external model tarball listings and stages balanced extraction/rerank candidates. These models remain external rerank and accuracy-estimation inputs, not internal predictions, not CASP submissions, and not competitive-proof evidence."
3,H2312,H2312_T329,9076,H2312_all_pdbs/Model_10703_afm_dropout_04_woTemplates_model_4_multimer_v1_pred_7.pdb,Model_10703_afm_dropout_04_woTemplates_model_4_multimer_v1_pred_7.pdb,10703,AFM,afm_dropout_04_woTemplates_multimer_v1,,4,7,afm_dropout_04_woTemplates_v1,,False,casp17/massivefold_external_pool_intake/h2312_t329/extracted_models/H2312_all_pdbs/Model_10703_afm_dropout_04_woTemplates_model_4_multimer_v1_pred_7.pdb,awaiting_extract,"MassiveFold model pool index only. It parses organizer-provided external model tarball listings and stages balanced extraction/rerank candidates. These models remain external rerank and accuracy-estimation inputs, not internal predictions, not CASP submissions, and not competitive-proof evidence."
3,H2312,H2312_T329,9121,H2312_all_pdbs/Model_10814_afm_dropout_04_woTemplates_model_2_multimer_v1_pred_64.pdb,Model_10814_afm_dropout_04_woTemplates_model_2_multimer_v1_pred_64.pdb,10814,AFM,afm_dropout_04_woTemplates_multimer_v1,,2,64,afm_dropout_04_woTemplates_v1,,False,casp17/massivefold_external_pool_intake/h2312_t329/extracted_models/H2312_all_pdbs/Model_10814_afm_dropout_04_woTemplates_model_2_multimer_v1_pred_64.pdb,awaiting_extract,"MassiveFold model pool index only. It parses organizer-provided external model tarball listings and stages balanced extraction/rerank candidates. These models remain external rerank and accuracy-estimation inputs, not internal predictions, not CASP submissions, and not competitive-proof evidence."
3,H2312,H2312_T329,9138,H2312_all_pdbs/Model_11575_afm_dropout_04_woTemplates_model_3_multimer_v1_pred_8.pdb,Model_11575_afm_dropout_04_woTemplates_model_3_multimer_v1_pred_8.pdb,11575,AFM,afm_dropout_04_woTemplates_multimer_v1,,3,8,afm_dropout_04_woTemplates_v1,,False,casp17/massivefold_external_pool_intake/h2312_t329/extracted_models/H2312_all_pdbs/Model_11575_afm_dropout_04_woTemplates_model_3_multimer_v1_pred_8.pdb,awaiting_extract,"MassiveFold model pool index only. It parses organizer-provided external model tarball listings and stages balanced extraction/rerank candidates. These models remain external rerank and accuracy-estimation inputs, not internal predictions, not CASP submissions, and not competitive-proof evidence."
3,H2312,H2312_T329,9180,H2312_all_pdbs/Model_11689_afm_dropout_04_woTemplates_model_3_multimer_v1_pred_3.pdb,Model_11689_afm_dropout_04_woTemplates_model_3_multimer_v1_pred_3.pdb,11689,AFM,afm_dropout_04_woTemplates_multimer_v1,,3,3,afm_dropout_04_woTemplates_v1,,False,casp17/massivefold_external_pool_intake/h2312_t329/extracted_models/H2312_all_pdbs/Model_11689_afm_dropout_04_woTemplates_model_3_multimer_v1_pred_3.pdb,awaiting_extract,"MassiveFold model pool index only. It parses organizer-provided external model tarball listings and stages balanced extraction/rerank candidates. These models remain external rerank and accuracy-estimation inputs, not internal predictions, not CASP submissions, and not competitive-proof evidence."
3,H2312,H2312_T329,9207,H2312_all_pdbs/Model_11497_afm_dropout_04_woTemplates_model_2_multimer_v1_pred_66.pdb,Model_11497_afm_dropout_04_woTemplates_model_2_multimer_v1_pred_66.pdb,11497,AFM,afm_dropout_04_woTemplates_multimer_v1,,2,66,afm_dropout_04_woTemplates_v1,,False,casp17/massivefold_external_pool_intake/h2312_t329/extracted_models/H2312_all_pdbs/Model_11497_afm_dropout_04_woTemplates_model_2_multimer_v1_pred_66.pdb,awaiting_extract,"MassiveFold model pool index only. It parses organizer-provided external model tarball listings and stages balanced extraction/rerank candidates. These models remain external rerank and accuracy-estimation inputs, not internal predictions, not CASP submissions, and not competitive-proof evidence."
3,H2312,H2312_T329,9208,H2312_all_pdbs/Model_10599_afm_dropout_04_woTemplates_model_4_multimer_v1_pred_42.pdb,Model_10599_afm_dropout_04_woTemplates_model_4_multimer_v1_pred_42.pdb,10599,AFM,afm_dropout_04_woTemplates_multimer_v1,,4,42,afm_dropout_04_woTemplates_v1,,False,casp17/massivefold_external_pool_intake/h2312_t329/extracted_models/H2312_all_pdbs/Model_10599_afm_dropout_04_woTemplates_model_4_multimer_v1_pred_42.pdb,awaiting_extract,"MassiveFold model pool index only. It parses organizer-provided external model tarball listings and stages balanced extraction/rerank candidates. These models remain external rerank and accuracy-estimation inputs, not internal predictions, not CASP submissions, and not competitive-proof evidence."
3,H2312,H2312_T329,9228,H2312_all_pdbs/Model_11843_afm_dropout_04_woTemplates_model_3_multimer_v1_pred_13.pdb,Model_11843_afm_dropout_04_woTemplates_model_3_multimer_v1_pred_13.pdb,11843,AFM,afm_dropout_04_woTemplates_multimer_v1,,3,13,afm_dropout_04_woTemplates_v1,,False,casp17/massivefold_external_pool_intake/h2312_t329/extracted_models/H2312_all_pdbs/Model_11843_afm_dropout_04_woTemplates_model_3_multimer_v1_pred_13.pdb,awaiting_extract,"MassiveFold model pool index only. It parses organizer-provided external model tarball listings and stages balanced extraction/rerank candidates. These models remain external rerank and accuracy-estimation inputs, not internal predictions, not CASP submissions, and not competitive-proof evidence."
3,H2312,H2312_T329,9243,H2312_all_pdbs/Model_10652_afm_dropout_04_woTemplates_model_4_multimer_v1_pred_2.pdb,Model_10652_afm_dropout_04_woTemplates_model_4_multimer_v1_pred_2.pdb,10652,AFM,afm_dropout_04_woTemplates_multimer_v1,,4,2,afm_dropout_04_woTemplates_v1,,False,casp17/massivefold_external_pool_intake/h2312_t329/extracted_models/H2312_all_pdbs/Model_10652_afm_dropout_04_woTemplates_model_4_multimer_v1_pred_2.pdb,awaiting_extract,"MassiveFold model pool index only. It parses organizer-provided external model tarball listings and stages balanced extraction/rerank candidates. These models remain external rerank and accuracy-estimation inputs, not internal predictions, not CASP submissions, and not competitive-proof evidence."
3,H2312,H2312_T329,9247,H2312_all_pdbs/Model_11656_afm_dropout_04_woTemplates_model_3_multimer_v1_pred_12.pdb,Model_11656_afm_dropout_04_woTemplates_model_3_multimer_v1_pred_12.pdb,11656,AFM,afm_dropout_04_woTemplates_multimer_v1,,3,12,afm_dropout_04_woTemplates_v1,,False,casp17/massivefold_external_pool_intake/h2312_t329/extracted_models/H2312_all_pdbs/Model_11656_afm_dropout_04_woTemplates_model_3_multimer_v1_pred_12.pdb,awaiting_extract,"MassiveFold model pool index only. It parses organizer-provided external model tarball listings and stages balanced extraction/rerank candidates. These models remain external rerank and accuracy-estimation inputs, not internal predictions, not CASP submissions, and not competitive-proof evidence."
3,H2312,H2312_T329,9250,H2312_all_pdbs/Model_10404_afm_dropout_04_woTemplates_model_5_multimer_v1_pred_48.pdb,Model_10404_afm_dropout_04_woTemplates_model_5_multimer_v1_pred_48.pdb,10404,AFM,afm_dropout_04_woTemplates_multimer_v1,,5,48,afm_dropout_04_woTemplates_v1,,False,casp17/massivefold_external_pool_intake/h2312_t329/extracted_models/H2312_all_pdbs/Model_10404_afm_dropout_04_woTemplates_model_5_multimer_v1_pred_48.pdb,awaiting_extract,"MassiveFold model pool index only. It parses organizer-provided external model tarball listings and stages balanced extraction/rerank candidates. These models remain external rerank and accuracy-estimation inputs, not internal predictions, not CASP submissions, and not competitive-proof evidence."
3,H2312,H2312_T329,9408,H2312_all_pdbs/Model_11605_afm_dropout_04_woTemplates_model_1_multimer_v1_pred_29.pdb,Model_11605_afm_dropout_04_woTemplates_model_1_multimer_v1_pred_29.pdb,11605,AFM,afm_dropout_04_woTemplates_multimer_v1,,1,29,afm_dropout_04_woTemplates_v1,,False,casp17/massivefold_external_pool_intake/h2312_t329/extracted_models/H2312_all_pdbs/Model_11605_afm_dropout_04_woTemplates_model_1_multimer_v1_pred_29.pdb,awaiting_extract,"MassiveFold model pool index only. It parses organizer-provided external model tarball listings and stages balanced extraction/rerank candidates. These models remain external rerank and accuracy-estimation inputs, not internal predictions, not CASP submissions, and not competitive-proof evidence."
3,H2312,H2312_T329,9430,H2312_all_pdbs/Model_10547_afm_dropout_04_woTemplates_model_5_multimer_v1_pred_47.pdb,Model_10547_afm_dropout_04_woTemplates_model_5_multimer_v1_pred_47.pdb,10547,AFM,afm_dropout_04_woTemplates_multimer_v1,,5,47,afm_dropout_04_woTemplates_v1,,False,casp17/massivefold_external_pool_intake/h2312_t329/extracted_models/H2312_all_pdbs/Model_10547_afm_dropout_04_woTemplates_model_5_multimer_v1_pred_47.pdb,awaiting_extract,"MassiveFold model pool index only. It parses organizer-provided external model tarball listings and stages balanced extraction/rerank candidates. These models remain external rerank and accuracy-estimation inputs, not internal predictions, not CASP submissions, and not competitive-proof evidence."
3,H2312,H2312_T329,9450,H2312_all_pdbs/Model_9828_afm_dropout_04_woTemplates_model_5_multimer_v1_pred_1.pdb,Model_9828_afm_dropout_04_woTemplates_model_5_multimer_v1_pred_1.pdb,9828,AFM,afm_dropout_04_woTemplates_multimer_v1,,5,1,afm_dropout_04_woTemplates_v1,79,True,casp17/massivefold_external_pool_intake/h2312_t329/extracted_models/H2312_all_pdbs/Model_9828_afm_dropout_04_woTemplates_model_5_multimer_v1_pred_1.pdb,extracted,"MassiveFold model pool index only. It parses organizer-provided external model tarball listings and stages balanced extraction/rerank candidates. These models remain external rerank and accuracy-estimation inputs, not internal predictions, not CASP submissions, and not competitive-proof evidence."
3,H2312,H2312_T329,9455,H2312_all_pdbs/Model_11089_afm_dropout_04_woTemplates_model_2_multimer_v1_pred_41.pdb,Model_11089_afm_dropout_04_woTemplates_model_2_multimer_v1_pred_41.pdb,11089,AFM,afm_dropout_04_woTemplates_multimer_v1,,2,41,afm_dropout_04_woTemplates_v1,,False,casp17/massivefold_external_pool_intake/h2312_t329/extracted_models/H2312_all_pdbs/Model_11089_afm_dropout_04_woTemplates_model_2_multimer_v1_pred_41.pdb,awaiting_extract,"MassiveFold model pool index only. It parses organizer-provided external model tarball listings and stages balanced extraction/rerank candidates. These models remain external rerank and accuracy-estimation inputs, not internal predictions, not CASP submissions, and not competitive-proof evidence."
3,H2312,H2312_T329,9516,H2312_all_pdbs/Model_11458_afm_dropout_04_woTemplates_model_3_multimer_v1_pred_28.pdb,Model_11458_afm_dropout_04_woTemplates_model_3_multimer_v1_pred_28.pdb,11458,AFM,afm_dropout_04_woTemplates_multimer_v1,,3,28,afm_dropout_04_woTemplates_v1,,False,casp17/massivefold_external_pool_intake/h2312_t329/extracted_models/H2312_all_pdbs/Model_11458_afm_dropout_04_woTemplates_model_3_multimer_v1_pred_28.pdb,awaiting_extract,"MassiveFold model pool index only. It parses organizer-provided external model tarball listings and stages balanced extraction/rerank candidates. These models remain external rerank and accuracy-estimation inputs, not internal predictions, not CASP submissions, and not competitive-proof evidence."
3,H2312,H2312_T329,9517,H2312_all_pdbs/Model_10406_afm_dropout_04_woTemplates_model_5_multimer_v1_pred_27.pdb,Model_10406_afm_dropout_04_woTemplates_model_5_multimer_v1_pred_27.pdb,10406,AFM,afm_dropout_04_woTemplates_multimer_v1,,5,27,afm_dropout_04_woTemplates_v1,,False,casp17/massivefold_external_pool_intake/h2312_t329/extracted_models/H2312_all_pdbs/Model_10406_afm_dropout_04_woTemplates_model_5_multimer_v1_pred_27.pdb,awaiting_extract,"MassiveFold model pool index only. It parses organizer-provided external model tarball listings and stages balanced extraction/rerank candidates. These models remain external rerank and accuracy-estimation inputs, not internal predictions, not CASP submissions, and not competitive-proof evidence."
3,H2312,H2312_T329,9687,H2312_all_pdbs/Model_11859_afm_dropout_04_woTemplates_model_1_multimer_v1_pred_49.pdb,Model_11859_afm_dropout_04_woTemplates_model_1_multimer_v1_pred_49.pdb,11859,AFM,afm_dropout_04_woTemplates_multimer_v1,,1,49,afm_dropout_04_woTemplates_v1,,False,casp17/massivefold_external_pool_intake/h2312_t329/extracted_models/H2312_all_pdbs/Model_11859_afm_dropout_04_woTemplates_model_1_multimer_v1_pred_49.pdb,awaiting_extract,"MassiveFold model pool index only. It parses organizer-provided external model tarball listings and stages balanced extraction/rerank candidates. These models remain external rerank and accuracy-estimation inputs, not internal predictions, not CASP submissions, and not competitive-proof evidence."
3,H2312,H2312_T329,9711,H2312_all_pdbs/Model_10497_afm_dropout_04_woTemplates_model_5_multimer_v1_pred_52.pdb,Model_10497_afm_dropout_04_woTemplates_model_5_multimer_v1_pred_52.pdb,10497,AFM,afm_dropout_04_woTemplates_multimer_v1,,5,52,afm_dropout_04_woTemplates_v1,,False,casp17/massivefold_external_pool_intake/h2312_t329/extracted_models/H2312_all_pdbs/Model_10497_afm_dropout_04_woTemplates_model_5_multimer_v1_pred_52.pdb,awaiting_extract,"MassiveFold model pool index only. It parses organizer-provided external model tarball listings and stages balanced extraction/rerank candidates. These models remain external rerank and accuracy-estimation inputs, not internal predictions, not CASP submissions, and not competitive-proof evidence."
3,H2312,H2312_T329,9727,H2312_all_pdbs/Model_10812_afm_dropout_04_woTemplates_model_4_multimer_v1_pred_59.pdb,Model_10812_afm_dropout_04_woTemplates_model_4_multimer_v1_pred_59.pdb,10812,AFM,afm_dropout_04_woTemplates_multimer_v1,,4,59,afm_dropout_04_woTemplates_v1,,False,casp17/massivefold_external_pool_intake/h2312_t329/extracted_models/H2312_all_pdbs/Model_10812_afm_dropout_04_woTemplates_model_4_multimer_v1_pred_59.pdb,awaiting_extract,"MassiveFold model pool index only. It parses organizer-provided external model tarball listings and stages balanced extraction/rerank candidates. These models remain external rerank and accuracy-estimation inputs, not internal predictions, not CASP submissions, and not competitive-proof evidence."
3,H2312,H2312_T329,9757,H2312_all_pdbs/Model_9743_afm_dropout_04_woTemplates_model_5_multimer_v1_pred_34.pdb,Model_9743_afm_dropout_04_woTemplates_model_5_multimer_v1_pred_34.pdb,9743,AFM,afm_dropout_04_woTemplates_multimer_v1,,5,34,afm_dropout_04_woTemplates_v1,81,True,casp17/massivefold_external_pool_intake/h2312_t329/extracted_models/H2312_all_pdbs/Model_9743_afm_dropout_04_woTemplates_model_5_multimer_v1_pred_34.pdb,extracted,"MassiveFold model pool index only. It parses organizer-provided external model tarball listings and stages balanced extraction/rerank candidates. These models remain external rerank and accuracy-estimation inputs, not internal predictions, not CASP submissions, and not competitive-proof evidence."
3,H2312,H2312_T329,9803,H2312_all_pdbs/Model_10915_afm_dropout_04_woTemplates_model_2_multimer_v1_pred_0.pdb,Model_10915_afm_dropout_04_woTemplates_model_2_multimer_v1_pred_0.pdb,10915,AFM,afm_dropout_04_woTemplates_multimer_v1,,2,0,afm_dropout_04_woTemplates_v1,,False,casp17/massivefold_external_pool_intake/h2312_t329/extracted_models/H2312_all_pdbs/Model_10915_afm_dropout_04_woTemplates_model_2_multimer_v1_pred_0.pdb,awaiting_extract,"MassiveFold model pool index only. It parses organizer-provided external model tarball listings and stages balanced extraction/rerank candidates. These models remain external rerank and accuracy-estimation inputs, not internal predictions, not CASP submissions, and not competitive-proof evidence."
3,H2312,H2312_T329,9812,H2312_all_pdbs/Model_11582_afm_dropout_04_woTemplates_model_1_multimer_v1_pred_28.pdb,Model_11582_afm_dropout_04_woTemplates_model_1_multimer_v1_pred_28.pdb,11582,AFM,afm_dropout_04_woTemplates_multimer_v1,,1,28,afm_dropout_04_woTemplates_v1,,False,casp17/massivefold_external_pool_intake/h2312_t329/extracted_models/H2312_all_pdbs/Model_11582_afm_dropout_04_woTemplates_model_1_multimer_v1_pred_28.pdb,awaiting_extract,"MassiveFold model pool index only. It parses organizer-provided external model tarball listings and stages balanced extraction/rerank candidates. These models remain external rerank and accuracy-estimation inputs, not internal predictions, not CASP submissions, and not competitive-proof evidence."
3,H2312,H2312_T329,9985,H2312_all_pdbs/Model_11702_afm_dropout_04_woTemplates_model_3_multimer_v1_pred_39.pdb,Model_11702_afm_dropout_04_woTemplates_model_3_multimer_v1_pred_39.pdb,11702,AFM,afm_dropout_04_woTemplates_multimer_v1,,3,39,afm_dropout_04_woTemplates_v1,,False,casp17/massivefold_external_pool_intake/h2312_t329/extracted_models/H2312_all_pdbs/Model_11702_afm_dropout_04_woTemplates_model_3_multimer_v1_pred_39.pdb,awaiting_extract,"MassiveFold model pool index only. It parses organizer-provided external model tarball listings and stages balanced extraction/rerank candidates. These models remain external rerank and accuracy-estimation inputs, not internal predictions, not CASP submissions, and not competitive-proof evidence."
3,H2312,H2312_T329,10061,H2312_all_pdbs/Model_11295_afm_dropout_04_woTemplates_model_2_multimer_v1_pred_42.pdb,Model_11295_afm_dropout_04_woTemplates_model_2_multimer_v1_pred_42.pdb,11295,AFM,afm_dropout_04_woTemplates_multimer_v1,,2,42,afm_dropout_04_woTemplates_v1,,False,casp17/massivefold_external_pool_intake/h2312_t329/extracted_models/H2312_all_pdbs/Model_11295_afm_dropout_04_woTemplates_model_2_multimer_v1_pred_42.pdb,awaiting_extract,"MassiveFold model pool index only. It parses organizer-provided external model tarball listings and stages balanced extraction/rerank candidates. These models remain external rerank and accuracy-estimation inputs, not internal predictions, not CASP submissions, and not competitive-proof evidence."
3,H2312,H2312_T329,10161,H2312_all_pdbs/Model_10704_afm_dropout_04_woTemplates_model_4_multimer_v1_pred_45.pdb,Model_10704_afm_dropout_04_woTemplates_model_4_multimer_v1_pred_45.pdb,10704,AFM,afm_dropout_04_woTemplates_multimer_v1,,4,45,afm_dropout_04_woTemplates_v1,,False,casp17/massivefold_external_pool_intake/h2312_t329/extracted_models/H2312_all_pdbs/Model_10704_afm_dropout_04_woTemplates_model_4_multimer_v1_pred_45.pdb,awaiting_extract,"MassiveFold model pool index only. It parses organizer-provided external model tarball listings and stages balanced extraction/rerank candidates. These models remain external rerank and accuracy-estimation inputs, not internal predictions, not CASP submissions, and not competitive-proof evidence."
3,H2312,H2312_T329,10204,H2312_all_pdbs/Model_10920_afm_dropout_04_woTemplates_model_2_multimer_v1_pred_25.pdb,Model_10920_afm_dropout_04_woTemplates_model_2_multimer_v1_pred_25.pdb,10920,AFM,afm_dropout_04_woTemplates_multimer_v1,,2,25,afm_dropout_04_woTemplates_v1,,False,casp17/massivefold_external_pool_intake/h2312_t329/extracted_models/H2312_all_pdbs/Model_10920_afm_dropout_04_woTemplates_model_2_multimer_v1_pred_25.pdb,awaiting_extract,"MassiveFold model pool index only. It parses organizer-provided external model tarball listings and stages balanced extraction/rerank candidates. These models remain external rerank and accuracy-estimation inputs, not internal predictions, not CASP submissions, and not competitive-proof evidence."
3,H2312,H2312_T329,10216,H2312_all_pdbs/Model_10797_afm_dropout_04_woTemplates_model_4_multimer_v1_pred_20.pdb,Model_10797_afm_dropout_04_woTemplates_model_4_multimer_v1_pred_20.pdb,10797,AFM,afm_dropout_04_woTemplates_multimer_v1,,4,20,afm_dropout_04_woTemplates_v1,,False,casp17/massivefold_external_pool_intake/h2312_t329/extracted_models/H2312_all_pdbs/Model_10797_afm_dropout_04_woTemplates_model_4_multimer_v1_pred_20.pdb,awaiting_extract,"MassiveFold model pool index only. It parses organizer-provided external model tarball listings and stages balanced extraction/rerank candidates. These models remain external rerank and accuracy-estimation inputs, not internal predictions, not CASP submissions, and not competitive-proof evidence."
3,H2312,H2312_T329,10282,H2312_all_pdbs/Model_11432_afm_dropout_04_woTemplates_model_2_multimer_v1_pred_46.pdb,Model_11432_afm_dropout_04_woTemplates_model_2_multimer_v1_pred_46.pdb,11432,AFM,afm_dropout_04_woTemplates_multimer_v1,,2,46,afm_dropout_04_woTemplates_v1,,False,casp17/massivefold_external_pool_intake/h2312_t329/extracted_models/H2312_all_pdbs/Model_11432_afm_dropout_04_woTemplates_model_2_multimer_v1_pred_46.pdb,awaiting_extract,"MassiveFold model pool index only. It parses organizer-provided external model tarball listings and stages balanced extraction/rerank candidates. These models remain external rerank and accuracy-estimation inputs, not internal predictions, not CASP submissions, and not competitive-proof evidence."
3,H2312,H2312_T329,10288,H2312_all_pdbs/Model_10736_afm_dropout_04_woTemplates_model_2_multimer_v1_pred_55.pdb,Model_10736_afm_dropout_04_woTemplates_model_2_multimer_v1_pred_55.pdb,10736,AFM,afm_dropout_04_woTemplates_multimer_v1,,2,55,afm_dropout_04_woTemplates_v1,,False,casp17/massivefold_external_pool_intake/h2312_t329/extracted_models/H2312_all_pdbs/Model_10736_afm_dropout_04_woTemplates_model_2_multimer_v1_pred_55.pdb,awaiting_extract,"MassiveFold model pool index only. It parses organizer-provided external model tarball listings and stages balanced extraction/rerank candidates. These models remain external rerank and accuracy-estimation inputs, not internal predictions, not CASP submissions, and not competitive-proof evidence."
3,H2312,H2312_T329,10306,H2312_all_pdbs/Model_10831_afm_dropout_04_woTemplates_model_2_multimer_v1_pred_20.pdb,Model_10831_afm_dropout_04_woTemplates_model_2_multimer_v1_pred_20.pdb,10831,AFM,afm_dropout_04_woTemplates_multimer_v1,,2,20,afm_dropout_04_woTemplates_v1,,False,casp17/massivefold_external_pool_intake/h2312_t329/extracted_models/H2312_all_pdbs/Model_10831_afm_dropout_04_woTemplates_model_2_multimer_v1_pred_20.pdb,awaiting_extract,"MassiveFold model pool index only. It parses organizer-provided external model tarball listings and stages balanced extraction/rerank candidates. These models remain external rerank and accuracy-estimation inputs, not internal predictions, not CASP submissions, and not competitive-proof evidence."
3,H2312,H2312_T329,10324,H2312_all_pdbs/Model_11013_afm_dropout_04_woTemplates_model_4_multimer_v1_pred_58.pdb,Model_11013_afm_dropout_04_woTemplates_model_4_multimer_v1_pred_58.pdb,11013,AFM,afm_dropout_04_woTemplates_multimer_v1,,4,58,afm_dropout_04_woTemplates_v1,,False,casp17/massivefold_external_pool_intake/h2312_t329/extracted_models/H2312_all_pdbs/Model_11013_afm_dropout_04_woTemplates_model_4_multimer_v1_pred_58.pdb,awaiting_extract,"MassiveFold model pool index only. It parses organizer-provided external model tarball listings and stages balanced extraction/rerank candidates. These models remain external rerank and accuracy-estimation inputs, not internal predictions, not CASP submissions, and not competitive-proof evidence."
3,H2312,H2312_T329,10417,H2312_all_pdbs/Model_12038_afm_dropout_04_woTemplates_model_1_multimer_v1_pred_56.pdb,Model_12038_afm_dropout_04_woTemplates_model_1_multimer_v1_pred_56.pdb,12038,AFM,afm_dropout_04_woTemplates_multimer_v1,,1,56,afm_dropout_04_woTemplates_v1,,False,casp17/massivefold_external_pool_intake/h2312_t329/extracted_models/H2312_all_pdbs/Model_12038_afm_dropout_04_woTemplates_model_1_multimer_v1_pred_56.pdb,awaiting_extract,"MassiveFold model pool index only. It parses organizer-provided external model tarball listings and stages balanced extraction/rerank candidates. These models remain external rerank and accuracy-estimation inputs, not internal predictions, not CASP submissions, and not competitive-proof evidence."
3,H2312,H2312_T329,10476,H2312_all_pdbs/Model_10259_afm_dropout_04_woTemplates_model_5_multimer_v1_pred_38.pdb,Model_10259_afm_dropout_04_woTemplates_model_5_multimer_v1_pred_38.pdb,10259,AFM,afm_dropout_04_woTemplates_multimer_v1,,5,38,afm_dropout_04_woTemplates_v1,,False,casp17/massivefold_external_pool_intake/h2312_t329/extracted_models/H2312_all_pdbs/Model_10259_afm_dropout_04_woTemplates_model_5_multimer_v1_pred_38.pdb,awaiting_extract,"MassiveFold model pool index only. It parses organizer-provided external model tarball listings and stages balanced extraction/rerank candidates. These models remain external rerank and accuracy-estimation inputs, not internal predictions, not CASP submissions, and not competitive-proof evidence."
3,H2312,H2312_T329,10483,H2312_all_pdbs/Model_11980_afm_dropout_04_woTemplates_model_3_multimer_v1_pred_59.pdb,Model_11980_afm_dropout_04_woTemplates_model_3_multimer_v1_pred_59.pdb,11980,AFM,afm_dropout_04_woTemplates_multimer_v1,,3,59,afm_dropout_04_woTemplates_v1,,False,casp17/massivefold_external_pool_intake/h2312_t329/extracted_models/H2312_all_pdbs/Model_11980_afm_dropout_04_woTemplates_model_3_multimer_v1_pred_59.pdb,awaiting_extract,"MassiveFold model pool index only. It parses organizer-provided external model tarball listings and stages balanced extraction/rerank candidates. These models remain external rerank and accuracy-estimation inputs, not internal predictions, not CASP submissions, and not competitive-proof evidence."
3,H2312,H2312_T329,10485,H2312_all_pdbs/Model_10150_afm_dropout_04_woTemplates_model_5_multimer_v1_pred_66.pdb,Model_10150_afm_dropout_04_woTemplates_model_5_multimer_v1_pred_66.pdb,10150,AFM,afm_dropout_04_woTemplates_multimer_v1,,5,66,afm_dropout_04_woTemplates_v1,,False,casp17/massivefold_external_pool_intake/h2312_t329/extracted_models/H2312_all_pdbs/Model_10150_afm_dropout_04_woTemplates_model_5_multimer_v1_pred_66.pdb,awaiting_extract,"MassiveFold model pool index only. It parses organizer-provided external model tarball listings and stages balanced extraction/rerank candidates. These models remain external rerank and accuracy-estimation inputs, not internal predictions, not CASP submissions, and not competitive-proof evidence."
3,H2312,H2312_T329,10521,H2312_all_pdbs/Model_10623_afm_dropout_04_woTemplates_model_4_multimer_v1_pred_41.pdb,Model_10623_afm_dropout_04_woTemplates_model_4_multimer_v1_pred_41.pdb,10623,AFM,afm_dropout_04_woTemplates_multimer_v1,,4,41,afm_dropout_04_woTemplates_v1,,False,casp17/massivefold_external_pool_intake/h2312_t329/extracted_models/H2312_all_pdbs/Model_10623_afm_dropout_04_woTemplates_model_4_multimer_v1_pred_41.pdb,awaiting_extract,"MassiveFold model pool index only. It parses organizer-provided external model tarball listings and stages balanced extraction/rerank candidates. These models remain external rerank and accuracy-estimation inputs, not internal predictions, not CASP submissions, and not competitive-proof evidence."
3,H2312,H2312_T329,10569,H2312_all_pdbs/Model_11659_afm_dropout_04_woTemplates_model_3_multimer_v1_pred_43.pdb,Model_11659_afm_dropout_04_woTemplates_model_3_multimer_v1_pred_43.pdb,11659,AFM,afm_dropout_04_woTemplates_multimer_v1,,3,43,afm_dropout_04_woTemplates_v1,,False,casp17/massivefold_external_pool_intake/h2312_t329/extracted_models/H2312_all_pdbs/Model_11659_afm_dropout_04_woTemplates_model_3_multimer_v1_pred_43.pdb,awaiting_extract,"MassiveFold model pool index only. It parses organizer-provided external model tarball listings and stages balanced extraction/rerank candidates. These models remain external rerank and accuracy-estimation inputs, not internal predictions, not CASP submissions, and not competitive-proof evidence."
3,H2312,H2312_T329,10597,H2312_all_pdbs/Model_11594_afm_dropout_04_woTemplates_model_1_multimer_v1_pred_36.pdb,Model_11594_afm_dropout_04_woTemplates_model_1_multimer_v1_pred_36.pdb,11594,AFM,afm_dropout_04_woTemplates_multimer_v1,,1,36,afm_dropout_04_woTemplates_v1,,False,casp17/massivefold_external_pool_intake/h2312_t329/extracted_models/H2312_all_pdbs/Model_11594_afm_dropout_04_woTemplates_model_1_multimer_v1_pred_36.pdb,awaiting_extract,"MassiveFold model pool index only. It parses organizer-provided external model tarball listings and stages balanced extraction/rerank candidates. These models remain external rerank and accuracy-estimation inputs, not internal predictions, not CASP submissions, and not competitive-proof evidence."
3,H2312,H2312_T329,10682,H2312_all_pdbs/Model_10579_afm_dropout_04_woTemplates_model_4_multimer_v1_pred_57.pdb,Model_10579_afm_dropout_04_woTemplates_model_4_multimer_v1_pred_57.pdb,10579,AFM,afm_dropout_04_woTemplates_multimer_v1,,4,57,afm_dropout_04_woTemplates_v1,,False,casp17/massivefold_external_pool_intake/h2312_t329/extracted_models/H2312_all_pdbs/Model_10579_afm_dropout_04_woTemplates_model_4_multimer_v1_pred_57.pdb,awaiting_extract,"MassiveFold model pool index only. It parses organizer-provided external model tarball listings and stages balanced extraction/rerank candidates. These models remain external rerank and accuracy-estimation inputs, not internal predictions, not CASP submissions, and not competitive-proof evidence."
3,H2312,H2312_T329,10794,H2312_all_pdbs/Model_10136_afm_dropout_04_woTemplates_model_5_multimer_v1_pred_49.pdb,Model_10136_afm_dropout_04_woTemplates_model_5_multimer_v1_pred_49.pdb,10136,AFM,afm_dropout_04_woTemplates_multimer_v1,,5,49,afm_dropout_04_woTemplates_v1,,False,casp17/massivefold_external_pool_intake/h2312_t329/extracted_models/H2312_all_pdbs/Model_10136_afm_dropout_04_woTemplates_model_5_multimer_v1_pred_49.pdb,awaiting_extract,"MassiveFold model pool index only. It parses organizer-provided external model tarball listings and stages balanced extraction/rerank candidates. These models remain external rerank and accuracy-estimation inputs, not internal predictions, not CASP submissions, and not competitive-proof evidence."
3,H2312,H2312_T329,10819,H2312_all_pdbs/Model_11939_afm_dropout_04_woTemplates_model_1_multimer_v1_pred_27.pdb,Model_11939_afm_dropout_04_woTemplates_model_1_multimer_v1_pred_27.pdb,11939,AFM,afm_dropout_04_woTemplates_multimer_v1,,1,27,afm_dropout_04_woTemplates_v1,,False,casp17/massivefold_external_pool_intake/h2312_t329/extracted_models/H2312_all_pdbs/Model_11939_afm_dropout_04_woTemplates_model_1_multimer_v1_pred_27.pdb,awaiting_extract,"MassiveFold model pool index only. It parses organizer-provided external model tarball listings and stages balanced extraction/rerank candidates. These models remain external rerank and accuracy-estimation inputs, not internal predictions, not CASP submissions, and not competitive-proof evidence."
3,H2312,H2312_T329,10820,H2312_all_pdbs/Model_10457_afm_dropout_04_woTemplates_model_5_multimer_v1_pred_35.pdb,Model_10457_afm_dropout_04_woTemplates_model_5_multimer_v1_pred_35.pdb,10457,AFM,afm_dropout_04_woTemplates_multimer_v1,,5,35,afm_dropout_04_woTemplates_v1,,False,casp17/massivefold_external_pool_intake/h2312_t329/extracted_models/H2312_all_pdbs/Model_10457_afm_dropout_04_woTemplates_model_5_multimer_v1_pred_35.pdb,awaiting_extract,"MassiveFold model pool index only. It parses organizer-provided external model tarball listings and stages balanced extraction/rerank candidates. These models remain external rerank and accuracy-estimation inputs, not internal predictions, not CASP submissions, and not competitive-proof evidence."
3,H2312,H2312_T329,10830,H2312_all_pdbs/Model_11779_afm_dropout_04_woTemplates_model_1_multimer_v1_pred_32.pdb,Model_11779_afm_dropout_04_woTemplates_model_1_multimer_v1_pred_32.pdb,11779,AFM,afm_dropout_04_woTemplates_multimer_v1,,1,32,afm_dropout_04_woTemplates_v1,,False,casp17/massivefold_external_pool_intake/h2312_t329/extracted_models/H2312_all_pdbs/Model_11779_afm_dropout_04_woTemplates_model_1_multimer_v1_pred_32.pdb,awaiting_extract,"MassiveFold model pool index only. It parses organizer-provided external model tarball listings and stages balanced extraction/rerank candidates. These models remain external rerank and accuracy-estimation inputs, not internal predictions, not CASP submissions, and not competitive-proof evidence."
3,H2312,H2312_T329,10832,H2312_all_pdbs/Model_11754_afm_dropout_04_woTemplates_model_1_multimer_v1_pred_51.pdb,Model_11754_afm_dropout_04_woTemplates_model_1_multimer_v1_pred_51.pdb,11754,AFM,afm_dropout_04_woTemplates_multimer_v1,,1,51,afm_dropout_04_woTemplates_v1,,False,casp17/massivefold_external_pool_intake/h2312_t329/extracted_models/H2312_all_pdbs/Model_11754_afm_dropout_04_woTemplates_model_1_multimer_v1_pred_51.pdb,awaiting_extract,"MassiveFold model pool index only. It parses organizer-provided external model tarball listings and stages balanced extraction/rerank candidates. These models remain external rerank and accuracy-estimation inputs, not internal predictions, not CASP submissions, and not competitive-proof evidence."
3,H2312,H2312_T329,10944,H2312_all_pdbs/Model_11885_afm_dropout_04_woTemplates_model_3_multimer_v1_pred_16.pdb,Model_11885_afm_dropout_04_woTemplates_model_3_multimer_v1_pred_16.pdb,11885,AFM,afm_dropout_04_woTemplates_multimer_v1,,3,16,afm_dropout_04_woTemplates_v1,,False,casp17/massivefold_external_pool_intake/h2312_t329/extracted_models/H2312_all_pdbs/Model_11885_afm_dropout_04_woTemplates_model_3_multimer_v1_pred_16.pdb,awaiting_extract,"MassiveFold model pool index only. It parses organizer-provided external model tarball listings and stages balanced extraction/rerank candidates. These models remain external rerank and accuracy-estimation inputs, not internal predictions, not CASP submissions, and not competitive-proof evidence."
3,H2312,H2312_T329,10976,H2312_all_pdbs/Model_11079_afm_dropout_04_woTemplates_model_2_multimer_v1_pred_19.pdb,Model_11079_afm_dropout_04_woTemplates_model_2_multimer_v1_pred_19.pdb,11079,AFM,afm_dropout_04_woTemplates_multimer_v1,,2,19,afm_dropout_04_woTemplates_v1,,False,casp17/massivefold_external_pool_intake/h2312_t329/extracted_models/H2312_all_pdbs/Model_11079_afm_dropout_04_woTemplates_model_2_multimer_v1_pred_19.pdb,awaiting_extract,"MassiveFold model pool index only. It parses organizer-provided external model tarball listings and stages balanced extraction/rerank candidates. These models remain external rerank and accuracy-estimation inputs, not internal predictions, not CASP submissions, and not competitive-proof evidence."
3,H2312,H2312_T329,10989,H2312_all_pdbs/Model_10051_afm_dropout_04_woTemplates_model_5_multimer_v1_pred_20.pdb,Model_10051_afm_dropout_04_woTemplates_model_5_multimer_v1_pred_20.pdb,10051,AFM,afm_dropout_04_woTemplates_multimer_v1,,5,20,afm_dropout_04_woTemplates_v1,,False,casp17/massivefold_external_pool_intake/h2312_t329/extracted_models/H2312_all_pdbs/Model_10051_afm_dropout_04_woTemplates_model_5_multimer_v1_pred_20.pdb,awaiting_extract,"MassiveFold model pool index only. It parses organizer-provided external model tarball listings and stages balanced extraction/rerank candidates. These models remain external rerank and accuracy-estimation inputs, not internal predictions, not CASP submissions, and not competitive-proof evidence."
3,H2312,H2312_T329,11056,H2312_all_pdbs/Model_10569_afm_dropout_04_woTemplates_model_4_multimer_v1_pred_40.pdb,Model_10569_afm_dropout_04_woTemplates_model_4_multimer_v1_pred_40.pdb,10569,AFM,afm_dropout_04_woTemplates_multimer_v1,,4,40,afm_dropout_04_woTemplates_v1,,False,casp17/massivefold_external_pool_intake/h2312_t329/extracted_models/H2312_all_pdbs/Model_10569_afm_dropout_04_woTemplates_model_4_multimer_v1_pred_40.pdb,awaiting_extract,"MassiveFold model pool index only. It parses organizer-provided external model tarball listings and stages balanced extraction/rerank candidates. These models remain external rerank and accuracy-estimation inputs, not internal predictions, not CASP submissions, and not competitive-proof evidence."
3,H2312,H2312_T329,11057,H2312_all_pdbs/Model_10659_afm_dropout_04_woTemplates_model_4_multimer_v1_pred_30.pdb,Model_10659_afm_dropout_04_woTemplates_model_4_multimer_v1_pred_30.pdb,10659,AFM,afm_dropout_04_woTemplates_multimer_v1,,4,30,afm_dropout_04_woTemplates_v1,,False,casp17/massivefold_external_pool_intake/h2312_t329/extracted_models/H2312_all_pdbs/Model_10659_afm_dropout_04_woTemplates_model_4_multimer_v1_pred_30.pdb,awaiting_extract,"MassiveFold model pool index only. It parses organizer-provided external model tarball listings and stages balanced extraction/rerank candidates. These models remain external rerank and accuracy-estimation inputs, not internal predictions, not CASP submissions, and not competitive-proof evidence."
3,H2312,H2312_T329,11072,H2312_all_pdbs/Model_11715_afm_dropout_04_woTemplates_model_1_multimer_v1_pred_18.pdb,Model_11715_afm_dropout_04_woTemplates_model_1_multimer_v1_pred_18.pdb,11715,AFM,afm_dropout_04_woTemplates_multimer_v1,,1,18,afm_dropout_04_woTemplates_v1,,False,casp17/massivefold_external_pool_intake/h2312_t329/extracted_models/H2312_all_pdbs/Model_11715_afm_dropout_04_woTemplates_model_1_multimer_v1_pred_18.pdb,awaiting_extract,"MassiveFold model pool index only. It parses organizer-provided external model tarball listings and stages balanced extraction/rerank candidates. These models remain external rerank and accuracy-estimation inputs, not internal predictions, not CASP submissions, and not competitive-proof evidence."
3,H2312,H2312_T329,11096,H2312_all_pdbs/Model_10680_afm_dropout_04_woTemplates_model_5_multimer_v1_pred_61.pdb,Model_10680_afm_dropout_04_woTemplates_model_5_multimer_v1_pred_61.pdb,10680,AFM,afm_dropout_04_woTemplates_multimer_v1,,5,61,afm_dropout_04_woTemplates_v1,,False,casp17/massivefold_external_pool_intake/h2312_t329/extracted_models/H2312_all_pdbs/Model_10680_afm_dropout_04_woTemplates_model_5_multimer_v1_pred_61.pdb,awaiting_extract,"MassiveFold model pool index only. It parses organizer-provided external model tarball listings and stages balanced extraction/rerank candidates. These models remain external rerank and accuracy-estimation inputs, not internal predictions, not CASP submissions, and not competitive-proof evidence."
3,H2312,H2312_T329,11123,H2312_all_pdbs/Model_10570_afm_dropout_04_woTemplates_model_5_multimer_v1_pred_63.pdb,Model_10570_afm_dropout_04_woTemplates_model_5_multimer_v1_pred_63.pdb,10570,AFM,afm_dropout_04_woTemplates_multimer_v1,,5,63,afm_dropout_04_woTemplates_v1,,False,casp17/massivefold_external_pool_intake/h2312_t329/extracted_models/H2312_all_pdbs/Model_10570_afm_dropout_04_woTemplates_model_5_multimer_v1_pred_63.pdb,awaiting_extract,"MassiveFold model pool index only. It parses organizer-provided external model tarball listings and stages balanced extraction/rerank candidates. These models remain external rerank and accuracy-estimation inputs, not internal predictions, not CASP submissions, and not competitive-proof evidence."
3,H2312,H2312_T329,11219,H2312_all_pdbs/Model_10325_afm_dropout_04_woTemplates_model_5_multimer_v1_pred_39.pdb,Model_10325_afm_dropout_04_woTemplates_model_5_multimer_v1_pred_39.pdb,10325,AFM,afm_dropout_04_woTemplates_multimer_v1,,5,39,afm_dropout_04_woTemplates_v1,,False,casp17/massivefold_external_pool_intake/h2312_t329/extracted_models/H2312_all_pdbs/Model_10325_afm_dropout_04_woTemplates_model_5_multimer_v1_pred_39.pdb,awaiting_extract,"MassiveFold model pool index only. It parses organizer-provided external model tarball listings and stages balanced extraction/rerank candidates. These models remain external rerank and accuracy-estimation inputs, not internal predictions, not CASP submissions, and not competitive-proof evidence."
3,H2312,H2312_T329,11253,H2312_all_pdbs/Model_11732_afm_dropout_04_woTemplates_model_1_multimer_v1_pred_30.pdb,Model_11732_afm_dropout_04_woTemplates_model_1_multimer_v1_pred_30.pdb,11732,AFM,afm_dropout_04_woTemplates_multimer_v1,,1,30,afm_dropout_04_woTemplates_v1,,False,casp17/massivefold_external_pool_intake/h2312_t329/extracted_models/H2312_all_pdbs/Model_11732_afm_dropout_04_woTemplates_model_1_multimer_v1_pred_30.pdb,awaiting_extract,"MassiveFold model pool index only. It parses organizer-provided external model tarball listings and stages balanced extraction/rerank candidates. These models remain external rerank and accuracy-estimation inputs, not internal predictions, not CASP submissions, and not competitive-proof evidence."
3,H2312,H2312_T329,11258,H2312_all_pdbs/Model_10846_afm_dropout_04_woTemplates_model_2_multimer_v1_pred_13.pdb,Model_10846_afm_dropout_04_woTemplates_model_2_multimer_v1_pred_13.pdb,10846,AFM,afm_dropout_04_woTemplates_multimer_v1,,2,13,afm_dropout_04_woTemplates_v1,,False,casp17/massivefold_external_pool_intake/h2312_t329/extracted_models/H2312_all_pdbs/Model_10846_afm_dropout_04_woTemplates_model_2_multimer_v1_pred_13.pdb,awaiting_extract,"MassiveFold model pool index only. It parses organizer-provided external model tarball listings and stages balanced extraction/rerank candidates. These models remain external rerank and accuracy-estimation inputs, not internal predictions, not CASP submissions, and not competitive-proof evidence."
3,H2312,H2312_T329,11332,H2312_all_pdbs/Model_11977_afm_dropout_04_woTemplates_model_1_multimer_v1_pred_40.pdb,Model_11977_afm_dropout_04_woTemplates_model_1_multimer_v1_pred_40.pdb,11977,AFM,afm_dropout_04_woTemplates_multimer_v1,,1,40,afm_dropout_04_woTemplates_v1,,False,casp17/massivefold_external_pool_intake/h2312_t329/extracted_models/H2312_all_pdbs/Model_11977_afm_dropout_04_woTemplates_model_1_multimer_v1_pred_40.pdb,awaiting_extract,"MassiveFold model pool index only. It parses organizer-provided external model tarball listings and stages balanced extraction/rerank candidates. These models remain external rerank and accuracy-estimation inputs, not internal predictions, not CASP submissions, and not competitive-proof evidence."
3,H2312,H2312_T329,11368,H2312_all_pdbs/Model_10470_afm_dropout_04_woTemplates_model_5_multimer_v1_pred_3.pdb,Model_10470_afm_dropout_04_woTemplates_model_5_multimer_v1_pred_3.pdb,10470,AFM,afm_dropout_04_woTemplates_multimer_v1,,5,3,afm_dropout_04_woTemplates_v1,,False,casp17/massivefold_external_pool_intake/h2312_t329/extracted_models/H2312_all_pdbs/Model_10470_afm_dropout_04_woTemplates_model_5_multimer_v1_pred_3.pdb,awaiting_extract,"MassiveFold model pool index only. It parses organizer-provided external model tarball listings and stages balanced extraction/rerank candidates. These models remain external rerank and accuracy-estimation inputs, not internal predictions, not CASP submissions, and not competitive-proof evidence."
3,H2312,H2312_T329,11371,H2312_all_pdbs/Model_11814_afm_dropout_04_woTemplates_model_3_multimer_v1_pred_52.pdb,Model_11814_afm_dropout_04_woTemplates_model_3_multimer_v1_pred_52.pdb,11814,AFM,afm_dropout_04_woTemplates_multimer_v1,,3,52,afm_dropout_04_woTemplates_v1,,False,casp17/massivefold_external_pool_intake/h2312_t329/extracted_models/H2312_all_pdbs/Model_11814_afm_dropout_04_woTemplates_model_3_multimer_v1_pred_52.pdb,awaiting_extract,"MassiveFold model pool index only. It parses organizer-provided external model tarball listings and stages balanced extraction/rerank candidates. These models remain external rerank and accuracy-estimation inputs, not internal predictions, not CASP submissions, and not competitive-proof evidence."
3,H2312,H2312_T329,11383,H2312_all_pdbs/Model_11533_afm_dropout_04_woTemplates_model_1_multimer_v1_pred_46.pdb,Model_11533_afm_dropout_04_woTemplates_model_1_multimer_v1_pred_46.pdb,11533,AFM,afm_dropout_04_woTemplates_multimer_v1,,1,46,afm_dropout_04_woTemplates_v1,,False,casp17/massivefold_external_pool_intake/h2312_t329/extracted_models/H2312_all_pdbs/Model_11533_afm_dropout_04_woTemplates_model_1_multimer_v1_pred_46.pdb,awaiting_extract,"MassiveFold model pool index only. It parses organizer-provided external model tarball listings and stages balanced extraction/rerank candidates. These models remain external rerank and accuracy-estimation inputs, not internal predictions, not CASP submissions, and not competitive-proof evidence."
3,H2312,H2312_T329,11399,H2312_all_pdbs/Model_11647_afm_dropout_04_woTemplates_model_3_multimer_v1_pred_21.pdb,Model_11647_afm_dropout_04_woTemplates_model_3_multimer_v1_pred_21.pdb,11647,AFM,afm_dropout_04_woTemplates_multimer_v1,,3,21,afm_dropout_04_woTemplates_v1,,False,casp17/massivefold_external_pool_intake/h2312_t329/extracted_models/H2312_all_pdbs/Model_11647_afm_dropout_04_woTemplates_model_3_multimer_v1_pred_21.pdb,awaiting_extract,"MassiveFold model pool index only. It parses organizer-provided external model tarball listings and stages balanced extraction/rerank candidates. These models remain external rerank and accuracy-estimation inputs, not internal predictions, not CASP submissions, and not competitive-proof evidence."
3,H2312,H2312_T329,11505,H2312_all_pdbs/Model_11683_afm_dropout_04_woTemplates_model_3_multimer_v1_pred_57.pdb,Model_11683_afm_dropout_04_woTemplates_model_3_multimer_v1_pred_57.pdb,11683,AFM,afm_dropout_04_woTemplates_multimer_v1,,3,57,afm_dropout_04_woTemplates_v1,,False,casp17/massivefold_external_pool_intake/h2312_t329/extracted_models/H2312_all_pdbs/Model_11683_afm_dropout_04_woTemplates_model_3_multimer_v1_pred_57.pdb,awaiting_extract,"MassiveFold model pool index only. It parses organizer-provided external model tarball listings and stages balanced extraction/rerank candidates. These models remain external rerank and accuracy-estimation inputs, not internal predictions, not CASP submissions, and not competitive-proof evidence."
3,H2312,H2312_T329,11538,H2312_all_pdbs/Model_11358_afm_dropout_04_woTemplates_model_1_multimer_v1_pred_58.pdb,Model_11358_afm_dropout_04_woTemplates_model_1_multimer_v1_pred_58.pdb,11358,AFM,afm_dropout_04_woTemplates_multimer_v1,,1,58,afm_dropout_04_woTemplates_v1,,False,casp17/massivefold_external_pool_intake/h2312_t329/extracted_models/H2312_all_pdbs/Model_11358_afm_dropout_04_woTemplates_model_1_multimer_v1_pred_58.pdb,awaiting_extract,"MassiveFold model pool index only. It parses organizer-provided external model tarball listings and stages balanced extraction/rerank candidates. These models remain external rerank and accuracy-estimation inputs, not internal predictions, not CASP submissions, and not competitive-proof evidence."
3,H2312,H2312_T329,11579,H2312_all_pdbs/Model_10953_afm_dropout_04_woTemplates_model_2_multimer_v1_pred_39.pdb,Model_10953_afm_dropout_04_woTemplates_model_2_multimer_v1_pred_39.pdb,10953,AFM,afm_dropout_04_woTemplates_multimer_v1,,2,39,afm_dropout_04_woTemplates_v1,,False,casp17/massivefold_external_pool_intake/h2312_t329/extracted_models/H2312_all_pdbs/Model_10953_afm_dropout_04_woTemplates_model_2_multimer_v1_pred_39.pdb,awaiting_extract,"MassiveFold model pool index only. It parses organizer-provided external model tarball listings and stages balanced extraction/rerank candidates. These models remain external rerank and accuracy-estimation inputs, not internal predictions, not CASP submissions, and not competitive-proof evidence."
3,H2312,H2312_T329,11613,H2312_all_pdbs/Model_10691_afm_dropout_04_woTemplates_model_4_multimer_v1_pred_25.pdb,Model_10691_afm_dropout_04_woTemplates_model_4_multimer_v1_pred_25.pdb,10691,AFM,afm_dropout_04_woTemplates_multimer_v1,,4,25,afm_dropout_04_woTemplates_v1,,False,casp17/massivefold_external_pool_intake/h2312_t329/extracted_models/H2312_all_pdbs/Model_10691_afm_dropout_04_woTemplates_model_4_multimer_v1_pred_25.pdb,awaiting_extract,"MassiveFold model pool index only. It parses organizer-provided external model tarball listings and stages balanced extraction/rerank candidates. These models remain external rerank and accuracy-estimation inputs, not internal predictions, not CASP submissions, and not competitive-proof evidence."
3,H2312,H2312_T329,11658,H2312_all_pdbs/Model_11020_afm_dropout_04_woTemplates_model_4_multimer_v1_pred_54.pdb,Model_11020_afm_dropout_04_woTemplates_model_4_multimer_v1_pred_54.pdb,11020,AFM,afm_dropout_04_woTemplates_multimer_v1,,4,54,afm_dropout_04_woTemplates_v1,,False,casp17/massivefold_external_pool_intake/h2312_t329/extracted_models/H2312_all_pdbs/Model_11020_afm_dropout_04_woTemplates_model_4_multimer_v1_pred_54.pdb,awaiting_extract,"MassiveFold model pool index only. It parses organizer-provided external model tarball listings and stages balanced extraction/rerank candidates. These models remain external rerank and accuracy-estimation inputs, not internal predictions, not CASP submissions, and not competitive-proof evidence."
3,H2312,H2312_T329,11719,H2312_all_pdbs/Model_11854_afm_dropout_04_woTemplates_model_1_multimer_v1_pred_61.pdb,Model_11854_afm_dropout_04_woTemplates_model_1_multimer_v1_pred_61.pdb,11854,AFM,afm_dropout_04_woTemplates_multimer_v1,,1,61,afm_dropout_04_woTemplates_v1,,False,casp17/massivefold_external_pool_intake/h2312_t329/extracted_models/H2312_all_pdbs/Model_11854_afm_dropout_04_woTemplates_model_1_multimer_v1_pred_61.pdb,awaiting_extract,"MassiveFold model pool index only. It parses organizer-provided external model tarball listings and stages balanced extraction/rerank candidates. These models remain external rerank and accuracy-estimation inputs, not internal predictions, not CASP submissions, and not competitive-proof evidence."
3,H2312,H2312_T329,11936,H2312_all_pdbs/Model_11310_afm_dropout_04_woTemplates_model_2_multimer_v1_pred_18.pdb,Model_11310_afm_dropout_04_woTemplates_model_2_multimer_v1_pred_18.pdb,11310,AFM,afm_dropout_04_woTemplates_multimer_v1,,2,18,afm_dropout_04_woTemplates_v1,,False,casp17/massivefold_external_pool_intake/h2312_t329/extracted_models/H2312_all_pdbs/Model_11310_afm_dropout_04_woTemplates_model_2_multimer_v1_pred_18.pdb,awaiting_extract,"MassiveFold model pool index only. It parses organizer-provided external model tarball listings and stages balanced extraction/rerank candidates. These models remain external rerank and accuracy-estimation inputs, not internal predictions, not CASP submissions, and not competitive-proof evidence."
3,H2312,H2312_T329,11938,H2312_all_pdbs/Model_11724_afm_dropout_04_woTemplates_model_1_multimer_v1_pred_54.pdb,Model_11724_afm_dropout_04_woTemplates_model_1_multimer_v1_pred_54.pdb,11724,AFM,afm_dropout_04_woTemplates_multimer_v1,,1,54,afm_dropout_04_woTemplates_v1,,False,casp17/massivefold_external_pool_intake/h2312_t329/extracted_models/H2312_all_pdbs/Model_11724_afm_dropout_04_woTemplates_model_1_multimer_v1_pred_54.pdb,awaiting_extract,"MassiveFold model pool index only. It parses organizer-provided external model tarball listings and stages balanced extraction/rerank candidates. These models remain external rerank and accuracy-estimation inputs, not internal predictions, not CASP submissions, and not competitive-proof evidence."
3,H2312,H2312_T329,12018,H2312_all_pdbs/Model_11840_afm_dropout_04_woTemplates_model_1_multimer_v1_pred_14.pdb,Model_11840_afm_dropout_04_woTemplates_model_1_multimer_v1_pred_14.pdb,11840,AFM,afm_dropout_04_woTemplates_multimer_v1,,1,14,afm_dropout_04_woTemplates_v1,,False,casp17/massivefold_external_pool_intake/h2312_t329/extracted_models/H2312_all_pdbs/Model_11840_afm_dropout_04_woTemplates_model_1_multimer_v1_pred_14.pdb,awaiting_extract,"MassiveFold model pool index only. It parses organizer-provided external model tarball listings and stages balanced extraction/rerank candidates. These models remain external rerank and accuracy-estimation inputs, not internal predictions, not CASP submissions, and not competitive-proof evidence."
3,H2312,H2312_T329,12044,H2312_all_pdbs/Model_11138_afm_dropout_04_woTemplates_model_2_multimer_v1_pred_56.pdb,Model_11138_afm_dropout_04_woTemplates_model_2_multimer_v1_pred_56.pdb,11138,AFM,afm_dropout_04_woTemplates_multimer_v1,,2,56,afm_dropout_04_woTemplates_v1,,False,casp17/massivefold_external_pool_intake/h2312_t329/extracted_models/H2312_all_pdbs/Model_11138_afm_dropout_04_woTemplates_model_2_multimer_v1_pred_56.pdb,awaiting_extract,"MassiveFold model pool index only. It parses organizer-provided external model tarball listings and stages balanced extraction/rerank candidates. These models remain external rerank and accuracy-estimation inputs, not internal predictions, not CASP submissions, and not competitive-proof evidence."
3,H2312,H2312_T329,12047,H2312_all_pdbs/Model_10625_afm_dropout_04_woTemplates_model_4_multimer_v1_pred_5.pdb,Model_10625_afm_dropout_04_woTemplates_model_4_multimer_v1_pred_5.pdb,10625,AFM,afm_dropout_04_woTemplates_multimer_v1,,4,5,afm_dropout_04_woTemplates_v1,,False,casp17/massivefold_external_pool_intake/h2312_t329/extracted_models/H2312_all_pdbs/Model_10625_afm_dropout_04_woTemplates_model_4_multimer_v1_pred_5.pdb,awaiting_extract,"MassiveFold model pool index only. It parses organizer-provided external model tarball listings and stages balanced extraction/rerank candidates. These models remain external rerank and accuracy-estimation inputs, not internal predictions, not CASP submissions, and not competitive-proof evidence."
3,H2312,H2312_T329,12052,H2312_all_pdbs/Model_11642_afm_dropout_04_woTemplates_model_3_multimer_v1_pred_63.pdb,Model_11642_afm_dropout_04_woTemplates_model_3_multimer_v1_pred_63.pdb,11642,AFM,afm_dropout_04_woTemplates_multimer_v1,,3,63,afm_dropout_04_woTemplates_v1,,False,casp17/massivefold_external_pool_intake/h2312_t329/extracted_models/H2312_all_pdbs/Model_11642_afm_dropout_04_woTemplates_model_3_multimer_v1_pred_63.pdb,awaiting_extract,"MassiveFold model pool index only. It parses organizer-provided external model tarball listings and stages balanced extraction/rerank candidates. These models remain external rerank and accuracy-estimation inputs, not internal predictions, not CASP submissions, and not competitive-proof evidence."
3,H2312,H2312_T329,12115,H2312_all_pdbs/Model_10480_afm_dropout_04_woTemplates_model_5_multimer_v1_pred_31.pdb,Model_10480_afm_dropout_04_woTemplates_model_5_multimer_v1_pred_31.pdb,10480,AFM,afm_dropout_04_woTemplates_multimer_v1,,5,31,afm_dropout_04_woTemplates_v1,,False,casp17/massivefold_external_pool_intake/h2312_t329/extracted_models/H2312_all_pdbs/Model_10480_afm_dropout_04_woTemplates_model_5_multimer_v1_pred_31.pdb,awaiting_extract,"MassiveFold model pool index only. It parses organizer-provided external model tarball listings and stages balanced extraction/rerank candidates. These models remain external rerank and accuracy-estimation inputs, not internal predictions, not CASP submissions, and not competitive-proof evidence."
3,H2312,H2312_T329,12147,H2312_all_pdbs/Model_11012_afm_dropout_04_woTemplates_model_2_multimer_v1_pred_45.pdb,Model_11012_afm_dropout_04_woTemplates_model_2_multimer_v1_pred_45.pdb,11012,AFM,afm_dropout_04_woTemplates_multimer_v1,,2,45,afm_dropout_04_woTemplates_v1,,False,casp17/massivefold_external_pool_intake/h2312_t329/extracted_models/H2312_all_pdbs/Model_11012_afm_dropout_04_woTemplates_model_2_multimer_v1_pred_45.pdb,awaiting_extract,"MassiveFold model pool index only. It parses organizer-provided external model tarball listings and stages balanced extraction/rerank candidates. These models remain external rerank and accuracy-estimation inputs, not internal predictions, not CASP submissions, and not competitive-proof evidence."
3,H2312,H2312_T329,12195,H2312_all_pdbs/Model_11773_afm_dropout_04_woTemplates_model_1_multimer_v1_pred_21.pdb,Model_11773_afm_dropout_04_woTemplates_model_1_multimer_v1_pred_21.pdb,11773,AFM,afm_dropout_04_woTemplates_multimer_v1,,1,21,afm_dropout_04_woTemplates_v1,,False,casp17/massivefold_external_pool_intake/h2312_t329/extracted_models/H2312_all_pdbs/Model_11773_afm_dropout_04_woTemplates_model_1_multimer_v1_pred_21.pdb,awaiting_extract,"MassiveFold model pool index only. It parses organizer-provided external model tarball listings and stages balanced extraction/rerank candidates. These models remain external rerank and accuracy-estimation inputs, not internal predictions, not CASP submissions, and not competitive-proof evidence."
3,H2312,H2312_T329,12206,H2312_all_pdbs/Model_10707_afm_dropout_04_woTemplates_model_2_multimer_v1_pred_34.pdb,Model_10707_afm_dropout_04_woTemplates_model_2_multimer_v1_pred_34.pdb,10707,AFM,afm_dropout_04_woTemplates_multimer_v1,,2,34,afm_dropout_04_woTemplates_v1,,False,casp17/massivefold_external_pool_intake/h2312_t329/extracted_models/H2312_all_pdbs/Model_10707_afm_dropout_04_woTemplates_model_2_multimer_v1_pred_34.pdb,awaiting_extract,"MassiveFold model pool index only. It parses organizer-provided external model tarball listings and stages balanced extraction/rerank candidates. These models remain external rerank and accuracy-estimation inputs, not internal predictions, not CASP submissions, and not competitive-proof evidence."
3,H2312,H2312_T329,12220,H2312_all_pdbs/Model_10930_afm_dropout_04_woTemplates_model_2_multimer_v1_pred_38.pdb,Model_10930_afm_dropout_04_woTemplates_model_2_multimer_v1_pred_38.pdb,10930,AFM,afm_dropout_04_woTemplates_multimer_v1,,2,38,afm_dropout_04_woTemplates_v1,,False,casp17/massivefold_external_pool_intake/h2312_t329/extracted_models/H2312_all_pdbs/Model_10930_afm_dropout_04_woTemplates_model_2_multimer_v1_pred_38.pdb,awaiting_extract,"MassiveFold model pool index only. It parses organizer-provided external model tarball listings and stages balanced extraction/rerank candidates. These models remain external rerank and accuracy-estimation inputs, not internal predictions, not CASP submissions, and not competitive-proof evidence."
3,H2312,H2312_T329,12247,H2312_all_pdbs/Model_11630_afm_dropout_04_woTemplates_model_3_multimer_v1_pred_53.pdb,Model_11630_afm_dropout_04_woTemplates_model_3_multimer_v1_pred_53.pdb,11630,AFM,afm_dropout_04_woTemplates_multimer_v1,,3,53,afm_dropout_04_woTemplates_v1,,False,casp17/massivefold_external_pool_intake/h2312_t329/extracted_models/H2312_all_pdbs/Model_11630_afm_dropout_04_woTemplates_model_3_multimer_v1_pred_53.pdb,awaiting_extract,"MassiveFold model pool index only. It parses organizer-provided external model tarball listings and stages balanced extraction/rerank candidates. These models remain external rerank and accuracy-estimation inputs, not internal predictions, not CASP submissions, and not competitive-proof evidence."
3,H2312,H2312_T329,12273,H2312_all_pdbs/Model_11387_afm_dropout_04_woTemplates_model_2_multimer_v1_pred_8.pdb,Model_11387_afm_dropout_04_woTemplates_model_2_multimer_v1_pred_8.pdb,11387,AFM,afm_dropout_04_woTemplates_multimer_v1,,2,8,afm_dropout_04_woTemplates_v1,,False,casp17/massivefold_external_pool_intake/h2312_t329/extracted_models/H2312_all_pdbs/Model_11387_afm_dropout_04_woTemplates_model_2_multimer_v1_pred_8.pdb,awaiting_extract,"MassiveFold model pool index only. It parses organizer-provided external model tarball listings and stages balanced extraction/rerank candidates. These models remain external rerank and accuracy-estimation inputs, not internal predictions, not CASP submissions, and not competitive-proof evidence."
3,H2312,H2312_T329,12283,H2312_all_pdbs/Model_11342_afm_dropout_04_woTemplates_model_1_multimer_v1_pred_16.pdb,Model_11342_afm_dropout_04_woTemplates_model_1_multimer_v1_pred_16.pdb,11342,AFM,afm_dropout_04_woTemplates_multimer_v1,,1,16,afm_dropout_04_woTemplates_v1,,False,casp17/massivefold_external_pool_intake/h2312_t329/extracted_models/H2312_all_pdbs/Model_11342_afm_dropout_04_woTemplates_model_1_multimer_v1_pred_16.pdb,awaiting_extract,"MassiveFold model pool index only. It parses organizer-provided external model tarball listings and stages balanced extraction/rerank candidates. These models remain external rerank and accuracy-estimation inputs, not internal predictions, not CASP submissions, and not competitive-proof evidence."
3,H2312,H2312_T329,12308,H2312_all_pdbs/Model_11894_afm_dropout_04_woTemplates_model_3_multimer_v1_pred_40.pdb,Model_11894_afm_dropout_04_woTemplates_model_3_multimer_v1_pred_40.pdb,11894,AFM,afm_dropout_04_woTemplates_multimer_v1,,3,40,afm_dropout_04_woTemplates_v1,,False,casp17/massivefold_external_pool_intake/h2312_t329/extracted_models/H2312_all_pdbs/Model_11894_afm_dropout_04_woTemplates_model_3_multimer_v1_pred_40.pdb,awaiting_extract,"MassiveFold model pool index only. It parses organizer-provided external model tarball listings and stages balanced extraction/rerank candidates. These models remain external rerank and accuracy-estimation inputs, not internal predictions, not CASP submissions, and not competitive-proof evidence."
3,H2312,H2312_T329,12468,H2312_all_pdbs/Model_11260_afm_dropout_04_woTemplates_model_1_multimer_v1_pred_57.pdb,Model_11260_afm_dropout_04_woTemplates_model_1_multimer_v1_pred_57.pdb,11260,AFM,afm_dropout_04_woTemplates_multimer_v1,,1,57,afm_dropout_04_woTemplates_v1,,False,casp17/massivefold_external_pool_intake/h2312_t329/extracted_models/H2312_all_pdbs/Model_11260_afm_dropout_04_woTemplates_model_1_multimer_v1_pred_57.pdb,awaiting_extract,"MassiveFold model pool index only. It parses organizer-provided external model tarball listings and stages balanced extraction/rerank candidates. These models remain external rerank and accuracy-estimation inputs, not internal predictions, not CASP submissions, and not competitive-proof evidence."
3,H2312,H2312_T329,12506,H2312_all_pdbs/Model_10468_afm_dropout_04_woTemplates_model_5_multimer_v1_pred_14.pdb,Model_10468_afm_dropout_04_woTemplates_model_5_multimer_v1_pred_14.pdb,10468,AFM,afm_dropout_04_woTemplates_multimer_v1,,5,14,afm_dropout_04_woTemplates_v1,,False,casp17/massivefold_external_pool_intake/h2312_t329/extracted_models/H2312_all_pdbs/Model_10468_afm_dropout_04_woTemplates_model_5_multimer_v1_pred_14.pdb,awaiting_extract,"MassiveFold model pool index only. It parses organizer-provided external model tarball listings and stages balanced extraction/rerank candidates. These models remain external rerank and accuracy-estimation inputs, not internal predictions, not CASP submissions, and not competitive-proof evidence."
3,H2312,H2312_T329,12512,H2312_all_pdbs/Model_11281_afm_dropout_04_woTemplates_model_2_multimer_v1_pred_57.pdb,Model_11281_afm_dropout_04_woTemplates_model_2_multimer_v1_pred_57.pdb,11281,AFM,afm_dropout_04_woTemplates_multimer_v1,,2,57,afm_dropout_04_woTemplates_v1,,False,casp17/massivefold_external_pool_intake/h2312_t329/extracted_models/H2312_all_pdbs/Model_11281_afm_dropout_04_woTemplates_model_2_multimer_v1_pred_57.pdb,awaiting_extract,"MassiveFold model pool index only. It parses organizer-provided external model tarball listings and stages balanced extraction/rerank candidates. These models remain external rerank and accuracy-estimation inputs, not internal predictions, not CASP submissions, and not competitive-proof evidence."
3,H2312,H2312_T329,12545,H2312_all_pdbs/Model_11207_afm_dropout_04_woTemplates_model_2_multimer_v1_pred_52.pdb,Model_11207_afm_dropout_04_woTemplates_model_2_multimer_v1_pred_52.pdb,11207,AFM,afm_dropout_04_woTemplates_multimer_v1,,2,52,afm_dropout_04_woTemplates_v1,,False,casp17/massivefold_external_pool_intake/h2312_t329/extracted_models/H2312_all_pdbs/Model_11207_afm_dropout_04_woTemplates_model_2_multimer_v1_pred_52.pdb,awaiting_extract,"MassiveFold model pool index only. It parses organizer-provided external model tarball listings and stages balanced extraction/rerank candidates. These models remain external rerank and accuracy-estimation inputs, not internal predictions, not CASP submissions, and not competitive-proof evidence."
3,H2312,H2312_T329,12582,H2312_all_pdbs/Model_11452_afm_dropout_04_woTemplates_model_1_multimer_v1_pred_62.pdb,Model_11452_afm_dropout_04_woTemplates_model_1_multimer_v1_pred_62.pdb,11452,AFM,afm_dropout_04_woTemplates_multimer_v1,,1,62,afm_dropout_04_woTemplates_v1,,False,casp17/massivefold_external_pool_intake/h2312_t329/extracted_models/H2312_all_pdbs/Model_11452_afm_dropout_04_woTemplates_model_1_multimer_v1_pred_62.pdb,awaiting_extract,"MassiveFold model pool index only. It parses organizer-provided external model tarball listings and stages balanced extraction/rerank candidates. These models remain external rerank and accuracy-estimation inputs, not internal predictions, not CASP submissions, and not competitive-proof evidence."
3,H2312,H2312_T329,12657,H2312_all_pdbs/Model_11571_afm_dropout_04_woTemplates_model_1_multimer_v1_pred_0.pdb,Model_11571_afm_dropout_04_woTemplates_model_1_multimer_v1_pred_0.pdb,11571,AFM,afm_dropout_04_woTemplates_multimer_v1,,1,0,afm_dropout_04_woTemplates_v1,,False,casp17/massivefold_external_pool_intake/h2312_t329/extracted_models/H2312_all_pdbs/Model_11571_afm_dropout_04_woTemplates_model_1_multimer_v1_pred_0.pdb,awaiting_extract,"MassiveFold model pool index only. It parses organizer-provided external model tarball listings and stages balanced extraction/rerank candidates. These models remain external rerank and accuracy-estimation inputs, not internal predictions, not CASP submissions, and not competitive-proof evidence."
3,H2312,H2312_T329,12697,H2312_all_pdbs/Model_10565_afm_dropout_04_woTemplates_model_4_multimer_v1_pred_29.pdb,Model_10565_afm_dropout_04_woTemplates_model_4_multimer_v1_pred_29.pdb,10565,AFM,afm_dropout_04_woTemplates_multimer_v1,,4,29,afm_dropout_04_woTemplates_v1,,False,casp17/massivefold_external_pool_intake/h2312_t329/extracted_models/H2312_all_pdbs/Model_10565_afm_dropout_04_woTemplates_model_4_multimer_v1_pred_29.pdb,awaiting_extract,"MassiveFold model pool index only. It parses organizer-provided external model tarball listings and stages balanced extraction/rerank candidates. These models remain external rerank and accuracy-estimation inputs, not internal predictions, not CASP submissions, and not competitive-proof evidence."
3,H2312,H2312_T329,12701,H2312_all_pdbs/Model_11453_afm_dropout_04_woTemplates_model_1_multimer_v1_pred_24.pdb,Model_11453_afm_dropout_04_woTemplates_model_1_multimer_v1_pred_24.pdb,11453,AFM,afm_dropout_04_woTemplates_multimer_v1,,1,24,afm_dropout_04_woTemplates_v1,,False,casp17/massivefold_external_pool_intake/h2312_t329/extracted_models/H2312_all_pdbs/Model_11453_afm_dropout_04_woTemplates_model_1_multimer_v1_pred_24.pdb,awaiting_extract,"MassiveFold model pool index only. It parses organizer-provided external model tarball listings and stages balanced extraction/rerank candidates. These models remain external rerank and accuracy-estimation inputs, not internal predictions, not CASP submissions, and not competitive-proof evidence."
3,H2312,H2312_T329,12706,H2312_all_pdbs/Model_10472_afm_dropout_04_woTemplates_model_5_multimer_v1_pred_62.pdb,Model_10472_afm_dropout_04_woTemplates_model_5_multimer_v1_pred_62.pdb,10472,AFM,afm_dropout_04_woTemplates_multimer_v1,,5,62,afm_dropout_04_woTemplates_v1,,False,casp17/massivefold_external_pool_intake/h2312_t329/extracted_models/H2312_all_pdbs/Model_10472_afm_dropout_04_woTemplates_model_5_multimer_v1_pred_62.pdb,awaiting_extract,"MassiveFold model pool index only. It parses organizer-provided external model tarball listings and stages balanced extraction/rerank candidates. These models remain external rerank and accuracy-estimation inputs, not internal predictions, not CASP submissions, and not competitive-proof evidence."
3,H2312,H2312_T329,12755,H2312_all_pdbs/Model_10725_afm_dropout_04_woTemplates_model_4_multimer_v1_pred_39.pdb,Model_10725_afm_dropout_04_woTemplates_model_4_multimer_v1_pred_39.pdb,10725,AFM,afm_dropout_04_woTemplates_multimer_v1,,4,39,afm_dropout_04_woTemplates_v1,,False,casp17/massivefold_external_pool_intake/h2312_t329/extracted_models/H2312_all_pdbs/Model_10725_afm_dropout_04_woTemplates_model_4_multimer_v1_pred_39.pdb,awaiting_extract,"MassiveFold model pool index only. It parses organizer-provided external model tarball listings and stages balanced extraction/rerank candidates. These models remain external rerank and accuracy-estimation inputs, not internal predictions, not CASP submissions, and not competitive-proof evidence."
3,H2312,H2312_T329,12785,H2312_all_pdbs/Model_11673_afm_dropout_04_woTemplates_model_3_multimer_v1_pred_56.pdb,Model_11673_afm_dropout_04_woTemplates_model_3_multimer_v1_pred_56.pdb,11673,AFM,afm_dropout_04_woTemplates_multimer_v1,,3,56,afm_dropout_04_woTemplates_v1,,False,casp17/massivefold_external_pool_intake/h2312_t329/extracted_models/H2312_all_pdbs/Model_11673_afm_dropout_04_woTemplates_model_3_multimer_v1_pred_56.pdb,awaiting_extract,"MassiveFold model pool index only. It parses organizer-provided external model tarball listings and stages balanced extraction/rerank candidates. These models remain external rerank and accuracy-estimation inputs, not internal predictions, not CASP submissions, and not competitive-proof evidence."
3,H2312,H2312_T329,12793,H2312_all_pdbs/Model_11960_afm_dropout_04_woTemplates_model_1_multimer_v1_pred_25.pdb,Model_11960_afm_dropout_04_woTemplates_model_1_multimer_v1_pred_25.pdb,11960,AFM,afm_dropout_04_woTemplates_multimer_v1,,1,25,afm_dropout_04_woTemplates_v1,,False,casp17/massivefold_external_pool_intake/h2312_t329/extracted_models/H2312_all_pdbs/Model_11960_afm_dropout_04_woTemplates_model_1_multimer_v1_pred_25.pdb,awaiting_extract,"MassiveFold model pool index only. It parses organizer-provided external model tarball listings and stages balanced extraction/rerank candidates. These models remain external rerank and accuracy-estimation inputs, not internal predictions, not CASP submissions, and not competitive-proof evidence."
3,H2312,H2312_T329,12811,H2312_all_pdbs/Model_10624_afm_dropout_04_woTemplates_model_4_multimer_v1_pred_0.pdb,Model_10624_afm_dropout_04_woTemplates_model_4_multimer_v1_pred_0.pdb,10624,AFM,afm_dropout_04_woTemplates_multimer_v1,,4,0,afm_dropout_04_woTemplates_v1,,False,casp17/massivefold_external_pool_intake/h2312_t329/extracted_models/H2312_all_pdbs/Model_10624_afm_dropout_04_woTemplates_model_4_multimer_v1_pred_0.pdb,awaiting_extract,"MassiveFold model pool index only. It parses organizer-provided external model tarball listings and stages balanced extraction/rerank candidates. These models remain external rerank and accuracy-estimation inputs, not internal predictions, not CASP submissions, and not competitive-proof evidence."
3,H2312,H2312_T329,12818,H2312_all_pdbs/Model_10692_afm_dropout_04_woTemplates_model_2_multimer_v1_pred_61.pdb,Model_10692_afm_dropout_04_woTemplates_model_2_multimer_v1_pred_61.pdb,10692,AFM,afm_dropout_04_woTemplates_multimer_v1,,2,61,afm_dropout_04_woTemplates_v1,,False,casp17/massivefold_external_pool_intake/h2312_t329/extracted_models/H2312_all_pdbs/Model_10692_afm_dropout_04_woTemplates_model_2_multimer_v1_pred_61.pdb,awaiting_extract,"MassiveFold model pool index only. It parses organizer-provided external model tarball listings and stages balanced extraction/rerank candidates. These models remain external rerank and accuracy-estimation inputs, not internal predictions, not CASP submissions, and not competitive-proof evidence."
3,H2312,H2312_T329,12823,H2312_all_pdbs/Model_11032_afm_dropout_04_woTemplates_model_2_multimer_v1_pred_37.pdb,Model_11032_afm_dropout_04_woTemplates_model_2_multimer_v1_pred_37.pdb,11032,AFM,afm_dropout_04_woTemplates_multimer_v1,,2,37,afm_dropout_04_woTemplates_v1,,False,casp17/massivefold_external_pool_intake/h2312_t329/extracted_models/H2312_all_pdbs/Model_11032_afm_dropout_04_woTemplates_model_2_multimer_v1_pred_37.pdb,awaiting_extract,"MassiveFold model pool index only. It parses organizer-provided external model tarball listings and stages balanced extraction/rerank candidates. These models remain external rerank and accuracy-estimation inputs, not internal predictions, not CASP submissions, and not competitive-proof evidence."
3,H2312,H2312_T329,12931,H2312_all_pdbs/Model_10527_afm_dropout_04_woTemplates_model_2_multimer_v1_pred_48.pdb,Model_10527_afm_dropout_04_woTemplates_model_2_multimer_v1_pred_48.pdb,10527,AFM,afm_dropout_04_woTemplates_multimer_v1,,2,48,afm_dropout_04_woTemplates_v1,,False,casp17/massivefold_external_pool_intake/h2312_t329/extracted_models/H2312_all_pdbs/Model_10527_afm_dropout_04_woTemplates_model_2_multimer_v1_pred_48.pdb,awaiting_extract,"MassiveFold model pool index only. It parses organizer-provided external model tarball listings and stages balanced extraction/rerank candidates. These models remain external rerank and accuracy-estimation inputs, not internal predictions, not CASP submissions, and not competitive-proof evidence."
3,H2312,H2312_T329,12984,H2312_all_pdbs/Model_10984_afm_dropout_04_woTemplates_model_2_multimer_v1_pred_7.pdb,Model_10984_afm_dropout_04_woTemplates_model_2_multimer_v1_pred_7.pdb,10984,AFM,afm_dropout_04_woTemplates_multimer_v1,,2,7,afm_dropout_04_woTemplates_v1,,False,casp17/massivefold_external_pool_intake/h2312_t329/extracted_models/H2312_all_pdbs/Model_10984_afm_dropout_04_woTemplates_model_2_multimer_v1_pred_7.pdb,awaiting_extract,"MassiveFold model pool index only. It parses organizer-provided external model tarball listings and stages balanced extraction/rerank candidates. These models remain external rerank and accuracy-estimation inputs, not internal predictions, not CASP submissions, and not competitive-proof evidence."
3,H2312,H2312_T329,13046,H2312_all_pdbs/Model_11611_afm_dropout_04_woTemplates_model_1_multimer_v1_pred_15.pdb,Model_11611_afm_dropout_04_woTemplates_model_1_multimer_v1_pred_15.pdb,11611,AFM,afm_dropout_04_woTemplates_multimer_v1,,1,15,afm_dropout_04_woTemplates_v1,,False,casp17/massivefold_external_pool_intake/h2312_t329/extracted_models/H2312_all_pdbs/Model_11611_afm_dropout_04_woTemplates_model_1_multimer_v1_pred_15.pdb,awaiting_extract,"MassiveFold model pool index only. It parses organizer-provided external model tarball listings and stages balanced extraction/rerank candidates. These models remain external rerank and accuracy-estimation inputs, not internal predictions, not CASP submissions, and not competitive-proof evidence."
3,H2312,H2312_T329,13101,H2312_all_pdbs/Model_11178_afm_dropout_04_woTemplates_model_1_multimer_v1_pred_17.pdb,Model_11178_afm_dropout_04_woTemplates_model_1_multimer_v1_pred_17.pdb,11178,AFM,afm_dropout_04_woTemplates_multimer_v1,,1,17,afm_dropout_04_woTemplates_v1,,False,casp17/massivefold_external_pool_intake/h2312_t329/extracted_models/H2312_all_pdbs/Model_11178_afm_dropout_04_woTemplates_model_1_multimer_v1_pred_17.pdb,awaiting_extract,"MassiveFold model pool index only. It parses organizer-provided external model tarball listings and stages balanced extraction/rerank candidates. These models remain external rerank and accuracy-estimation inputs, not internal predictions, not CASP submissions, and not competitive-proof evidence."
3,H2312,H2312_T329,13117,H2312_all_pdbs/Model_11488_afm_dropout_04_woTemplates_model_3_multimer_v1_pred_44.pdb,Model_11488_afm_dropout_04_woTemplates_model_3_multimer_v1_pred_44.pdb,11488,AFM,afm_dropout_04_woTemplates_multimer_v1,,3,44,afm_dropout_04_woTemplates_v1,,False,casp17/massivefold_external_pool_intake/h2312_t329/extracted_models/H2312_all_pdbs/Model_11488_afm_dropout_04_woTemplates_model_3_multimer_v1_pred_44.pdb,awaiting_extract,"MassiveFold model pool index only. It parses organizer-provided external model tarball listings and stages balanced extraction/rerank candidates. These models remain external rerank and accuracy-estimation inputs, not internal predictions, not CASP submissions, and not competitive-proof evidence."
3,H2312,H2312_T329,13126,H2312_all_pdbs/Model_10673_afm_dropout_04_woTemplates_model_4_multimer_v1_pred_36.pdb,Model_10673_afm_dropout_04_woTemplates_model_4_multimer_v1_pred_36.pdb,10673,AFM,afm_dropout_04_woTemplates_multimer_v1,,4,36,afm_dropout_04_woTemplates_v1,,False,casp17/massivefold_external_pool_intake/h2312_t329/extracted_models/H2312_all_pdbs/Model_10673_afm_dropout_04_woTemplates_model_4_multimer_v1_pred_36.pdb,awaiting_extract,"MassiveFold model pool index only. It parses organizer-provided external model tarball listings and stages balanced extraction/rerank candidates. These models remain external rerank and accuracy-estimation inputs, not internal predictions, not CASP submissions, and not competitive-proof evidence."
3,H2312,H2312_T329,13186,H2312_all_pdbs/Model_11445_afm_dropout_04_woTemplates_model_1_multimer_v1_pred_66.pdb,Model_11445_afm_dropout_04_woTemplates_model_1_multimer_v1_pred_66.pdb,11445,AFM,afm_dropout_04_woTemplates_multimer_v1,,1,66,afm_dropout_04_woTemplates_v1,,False,casp17/massivefold_external_pool_intake/h2312_t329/extracted_models/H2312_all_pdbs/Model_11445_afm_dropout_04_woTemplates_model_1_multimer_v1_pred_66.pdb,awaiting_extract,"MassiveFold model pool index only. It parses organizer-provided external model tarball listings and stages balanced extraction/rerank candidates. These models remain external rerank and accuracy-estimation inputs, not internal predictions, not CASP submissions, and not competitive-proof evidence."
3,H2312,H2312_T329,13256,H2312_all_pdbs/Model_11807_afm_dropout_04_woTemplates_model_3_multimer_v1_pred_30.pdb,Model_11807_afm_dropout_04_woTemplates_model_3_multimer_v1_pred_30.pdb,11807,AFM,afm_dropout_04_woTemplates_multimer_v1,,3,30,afm_dropout_04_woTemplates_v1,,False,casp17/massivefold_external_pool_intake/h2312_t329/extracted_models/H2312_all_pdbs/Model_11807_afm_dropout_04_woTemplates_model_3_multimer_v1_pred_30.pdb,awaiting_extract,"MassiveFold model pool index only. It parses organizer-provided external model tarball listings and stages balanced extraction/rerank candidates. These models remain external rerank and accuracy-estimation inputs, not internal predictions, not CASP submissions, and not competitive-proof evidence."
3,H2312,H2312_T329,13322,H2312_all_pdbs/Model_10199_afm_dropout_04_woTemplates_model_5_multimer_v1_pred_26.pdb,Model_10199_afm_dropout_04_woTemplates_model_5_multimer_v1_pred_26.pdb,10199,AFM,afm_dropout_04_woTemplates_multimer_v1,,5,26,afm_dropout_04_woTemplates_v1,,False,casp17/massivefold_external_pool_intake/h2312_t329/extracted_models/H2312_all_pdbs/Model_10199_afm_dropout_04_woTemplates_model_5_multimer_v1_pred_26.pdb,awaiting_extract,"MassiveFold model pool index only. It parses organizer-provided external model tarball listings and stages balanced extraction/rerank candidates. These models remain external rerank and accuracy-estimation inputs, not internal predictions, not CASP submissions, and not competitive-proof evidence."
3,H2312,H2312_T329,13359,H2312_all_pdbs/Model_10059_afm_dropout_04_woTemplates_model_5_multimer_v1_pred_7.pdb,Model_10059_afm_dropout_04_woTemplates_model_5_multimer_v1_pred_7.pdb,10059,AFM,afm_dropout_04_woTemplates_multimer_v1,,5,7,afm_dropout_04_woTemplates_v1,,False,casp17/massivefold_external_pool_intake/h2312_t329/extracted_models/H2312_all_pdbs/Model_10059_afm_dropout_04_woTemplates_model_5_multimer_v1_pred_7.pdb,awaiting_extract,"MassiveFold model pool index only. It parses organizer-provided external model tarball listings and stages balanced extraction/rerank candidates. These models remain external rerank and accuracy-estimation inputs, not internal predictions, not CASP submissions, and not competitive-proof evidence."
3,H2312,H2312_T329,13379,H2312_all_pdbs/Model_11668_afm_dropout_04_woTemplates_model_3_multimer_v1_pred_41.pdb,Model_11668_afm_dropout_04_woTemplates_model_3_multimer_v1_pred_41.pdb,11668,AFM,afm_dropout_04_woTemplates_multimer_v1,,3,41,afm_dropout_04_woTemplates_v1,,False,casp17/massivefold_external_pool_intake/h2312_t329/extracted_models/H2312_all_pdbs/Model_11668_afm_dropout_04_woTemplates_model_3_multimer_v1_pred_41.pdb,awaiting_extract,"MassiveFold model pool index only. It parses organizer-provided external model tarball listings and stages balanced extraction/rerank candidates. These models remain external rerank and accuracy-estimation inputs, not internal predictions, not CASP submissions, and not competitive-proof evidence."
3,H2312,H2312_T329,13402,H2312_all_pdbs/Model_10592_afm_dropout_04_woTemplates_model_4_multimer_v1_pred_52.pdb,Model_10592_afm_dropout_04_woTemplates_model_4_multimer_v1_pred_52.pdb,10592,AFM,afm_dropout_04_woTemplates_multimer_v1,,4,52,afm_dropout_04_woTemplates_v1,,False,casp17/massivefold_external_pool_intake/h2312_t329/extracted_models/H2312_all_pdbs/Model_10592_afm_dropout_04_woTemplates_model_4_multimer_v1_pred_52.pdb,awaiting_extract,"MassiveFold model pool index only. It parses organizer-provided external model tarball listings and stages balanced extraction/rerank candidates. These models remain external rerank and accuracy-estimation inputs, not internal predictions, not CASP submissions, and not competitive-proof evidence."
3,H2312,H2312_T329,13414,H2312_all_pdbs/Model_10833_afm_dropout_04_woTemplates_model_4_multimer_v1_pred_24.pdb,Model_10833_afm_dropout_04_woTemplates_model_4_multimer_v1_pred_24.pdb,10833,AFM,afm_dropout_04_woTemplates_multimer_v1,,4,24,afm_dropout_04_woTemplates_v1,,False,casp17/massivefold_external_pool_intake/h2312_t329/extracted_models/H2312_all_pdbs/Model_10833_afm_dropout_04_woTemplates_model_4_multimer_v1_pred_24.pdb,awaiting_extract,"MassiveFold model pool index only. It parses organizer-provided external model tarball listings and stages balanced extraction/rerank candidates. These models remain external rerank and accuracy-estimation inputs, not internal predictions, not CASP submissions, and not competitive-proof evidence."
3,H2312,H2312_T329,13449,H2312_all_pdbs/Model_10752_afm_dropout_04_woTemplates_model_4_multimer_v1_pred_23.pdb,Model_10752_afm_dropout_04_woTemplates_model_4_multimer_v1_pred_23.pdb,10752,AFM,afm_dropout_04_woTemplates_multimer_v1,,4,23,afm_dropout_04_woTemplates_v1,,False,casp17/massivefold_external_pool_intake/h2312_t329/extracted_models/H2312_all_pdbs/Model_10752_afm_dropout_04_woTemplates_model_4_multimer_v1_pred_23.pdb,awaiting_extract,"MassiveFold model pool index only. It parses organizer-provided external model tarball listings and stages balanced extraction/rerank candidates. These models remain external rerank and accuracy-estimation inputs, not internal predictions, not CASP submissions, and not competitive-proof evidence."
3,H2312,H2312_T329,13471,H2312_all_pdbs/Model_10789_afm_dropout_04_woTemplates_model_2_multimer_v1_pred_54.pdb,Model_10789_afm_dropout_04_woTemplates_model_2_multimer_v1_pred_54.pdb,10789,AFM,afm_dropout_04_woTemplates_multimer_v1,,2,54,afm_dropout_04_woTemplates_v1,,False,casp17/massivefold_external_pool_intake/h2312_t329/extracted_models/H2312_all_pdbs/Model_10789_afm_dropout_04_woTemplates_model_2_multimer_v1_pred_54.pdb,awaiting_extract,"MassiveFold model pool index only. It parses organizer-provided external model tarball listings and stages balanced extraction/rerank candidates. These models remain external rerank and accuracy-estimation inputs, not internal predictions, not CASP submissions, and not competitive-proof evidence."
3,H2312,H2312_T329,13472,H2312_all_pdbs/Model_11527_afm_dropout_04_woTemplates_model_3_multimer_v1_pred_15.pdb,Model_11527_afm_dropout_04_woTemplates_model_3_multimer_v1_pred_15.pdb,11527,AFM,afm_dropout_04_woTemplates_multimer_v1,,3,15,afm_dropout_04_woTemplates_v1,,False,casp17/massivefold_external_pool_intake/h2312_t329/extracted_models/H2312_all_pdbs/Model_11527_afm_dropout_04_woTemplates_model_3_multimer_v1_pred_15.pdb,awaiting_extract,"MassiveFold model pool index only. It parses organizer-provided external model tarball listings and stages balanced extraction/rerank candidates. These models remain external rerank and accuracy-estimation inputs, not internal predictions, not CASP submissions, and not competitive-proof evidence."
3,H2312,H2312_T329,13475,H2312_all_pdbs/Model_11490_afm_dropout_04_woTemplates_model_1_multimer_v1_pred_48.pdb,Model_11490_afm_dropout_04_woTemplates_model_1_multimer_v1_pred_48.pdb,11490,AFM,afm_dropout_04_woTemplates_multimer_v1,,1,48,afm_dropout_04_woTemplates_v1,,False,casp17/massivefold_external_pool_intake/h2312_t329/extracted_models/H2312_all_pdbs/Model_11490_afm_dropout_04_woTemplates_model_1_multimer_v1_pred_48.pdb,awaiting_extract,"MassiveFold model pool index only. It parses organizer-provided external model tarball listings and stages balanced extraction/rerank candidates. These models remain external rerank and accuracy-estimation inputs, not internal predictions, not CASP submissions, and not competitive-proof evidence."
3,H2312,H2312_T329,13494,H2312_all_pdbs/Model_9995_afm_dropout_04_woTemplates_model_5_multimer_v1_pred_17.pdb,Model_9995_afm_dropout_04_woTemplates_model_5_multimer_v1_pred_17.pdb,9995,AFM,afm_dropout_04_woTemplates_multimer_v1,,5,17,afm_dropout_04_woTemplates_v1,,False,casp17/massivefold_external_pool_intake/h2312_t329/extracted_models/H2312_all_pdbs/Model_9995_afm_dropout_04_woTemplates_model_5_multimer_v1_pred_17.pdb,awaiting_extract,"MassiveFold model pool index only. It parses organizer-provided external model tarball listings and stages balanced extraction/rerank candidates. These models remain external rerank and accuracy-estimation inputs, not internal predictions, not CASP submissions, and not competitive-proof evidence."
3,H2312,H2312_T329,13504,H2312_all_pdbs/Model_11850_afm_dropout_04_woTemplates_model_3_multimer_v1_pred_0.pdb,Model_11850_afm_dropout_04_woTemplates_model_3_multimer_v1_pred_0.pdb,11850,AFM,afm_dropout_04_woTemplates_multimer_v1,,3,0,afm_dropout_04_woTemplates_v1,,False,casp17/massivefold_external_pool_intake/h2312_t329/extracted_models/H2312_all_pdbs/Model_11850_afm_dropout_04_woTemplates_model_3_multimer_v1_pred_0.pdb,awaiting_extract,"MassiveFold model pool index only. It parses organizer-provided external model tarball listings and stages balanced extraction/rerank candidates. These models remain external rerank and accuracy-estimation inputs, not internal predictions, not CASP submissions, and not competitive-proof evidence."
3,H2312,H2312_T329,13530,H2312_all_pdbs/Model_10264_afm_dropout_04_woTemplates_model_5_multimer_v1_pred_43.pdb,Model_10264_afm_dropout_04_woTemplates_model_5_multimer_v1_pred_43.pdb,10264,AFM,afm_dropout_04_woTemplates_multimer_v1,,5,43,afm_dropout_04_woTemplates_v1,,False,casp17/massivefold_external_pool_intake/h2312_t329/extracted_models/H2312_all_pdbs/Model_10264_afm_dropout_04_woTemplates_model_5_multimer_v1_pred_43.pdb,awaiting_extract,"MassiveFold model pool index only. It parses organizer-provided external model tarball listings and stages balanced extraction/rerank candidates. These models remain external rerank and accuracy-estimation inputs, not internal predictions, not CASP submissions, and not competitive-proof evidence."
3,H2312,H2312_T329,13546,H2312_all_pdbs/Model_11272_afm_dropout_04_woTemplates_model_1_multimer_v1_pred_10.pdb,Model_11272_afm_dropout_04_woTemplates_model_1_multimer_v1_pred_10.pdb,11272,AFM,afm_dropout_04_woTemplates_multimer_v1,,1,10,afm_dropout_04_woTemplates_v1,,False,casp17/massivefold_external_pool_intake/h2312_t329/extracted_models/H2312_all_pdbs/Model_11272_afm_dropout_04_woTemplates_model_1_multimer_v1_pred_10.pdb,awaiting_extract,"MassiveFold model pool index only. It parses organizer-provided external model tarball listings and stages balanced extraction/rerank candidates. These models remain external rerank and accuracy-estimation inputs, not internal predictions, not CASP submissions, and not competitive-proof evidence."
3,H2312,H2312_T329,13577,H2312_all_pdbs/Model_11697_afm_dropout_04_woTemplates_model_2_multimer_v1_pred_65.pdb,Model_11697_afm_dropout_04_woTemplates_model_2_multimer_v1_pred_65.pdb,11697,AFM,afm_dropout_04_woTemplates_multimer_v1,,2,65,afm_dropout_04_woTemplates_v1,,False,casp17/massivefold_external_pool_intake/h2312_t329/extracted_models/H2312_all_pdbs/Model_11697_afm_dropout_04_woTemplates_model_2_multimer_v1_pred_65.pdb,awaiting_extract,"MassiveFold model pool index only. It parses organizer-provided external model tarball listings and stages balanced extraction/rerank candidates. These models remain external rerank and accuracy-estimation inputs, not internal predictions, not CASP submissions, and not competitive-proof evidence."
3,H2312,H2312_T329,13683,H2312_all_pdbs/Model_10626_afm_dropout_04_woTemplates_model_4_multimer_v1_pred_53.pdb,Model_10626_afm_dropout_04_woTemplates_model_4_multimer_v1_pred_53.pdb,10626,AFM,afm_dropout_04_woTemplates_multimer_v1,,4,53,afm_dropout_04_woTemplates_v1,,False,casp17/massivefold_external_pool_intake/h2312_t329/extracted_models/H2312_all_pdbs/Model_10626_afm_dropout_04_woTemplates_model_4_multimer_v1_pred_53.pdb,awaiting_extract,"MassiveFold model pool index only. It parses organizer-provided external model tarball listings and stages balanced extraction/rerank candidates. These models remain external rerank and accuracy-estimation inputs, not internal predictions, not CASP submissions, and not competitive-proof evidence."
3,H2312,H2312_T329,13689,H2312_all_pdbs/Model_9182_afm_dropout_04_woTemplates_model_5_multimer_v1_pred_30.pdb,Model_9182_afm_dropout_04_woTemplates_model_5_multimer_v1_pred_30.pdb,9182,AFM,afm_dropout_04_woTemplates_multimer_v1,,5,30,afm_dropout_04_woTemplates_v1,128,True,casp17/massivefold_external_pool_intake/h2312_t329/extracted_models/H2312_all_pdbs/Model_9182_afm_dropout_04_woTemplates_model_5_multimer_v1_pred_30.pdb,extracted,"MassiveFold model pool index only. It parses organizer-provided external model tarball listings and stages balanced extraction/rerank candidates. These models remain external rerank and accuracy-estimation inputs, not internal predictions, not CASP submissions, and not competitive-proof evidence."
3,H2312,H2312_T329,13708,H2312_all_pdbs/Model_11095_afm_dropout_04_woTemplates_model_2_multimer_v1_pred_51.pdb,Model_11095_afm_dropout_04_woTemplates_model_2_multimer_v1_pred_51.pdb,11095,AFM,afm_dropout_04_woTemplates_multimer_v1,,2,51,afm_dropout_04_woTemplates_v1,,False,casp17/massivefold_external_pool_intake/h2312_t329/extracted_models/H2312_all_pdbs/Model_11095_afm_dropout_04_woTemplates_model_2_multimer_v1_pred_51.pdb,awaiting_extract,"MassiveFold model pool index only. It parses organizer-provided external model tarball listings and stages balanced extraction/rerank candidates. These models remain external rerank and accuracy-estimation inputs, not internal predictions, not CASP submissions, and not competitive-proof evidence."
3,H2312,H2312_T329,13714,H2312_all_pdbs/Model_11883_afm_dropout_04_woTemplates_model_1_multimer_v1_pred_50.pdb,Model_11883_afm_dropout_04_woTemplates_model_1_multimer_v1_pred_50.pdb,11883,AFM,afm_dropout_04_woTemplates_multimer_v1,,1,50,afm_dropout_04_woTemplates_v1,,False,casp17/massivefold_external_pool_intake/h2312_t329/extracted_models/H2312_all_pdbs/Model_11883_afm_dropout_04_woTemplates_model_1_multimer_v1_pred_50.pdb,awaiting_extract,"MassiveFold model pool index only. It parses organizer-provided external model tarball listings and stages balanced extraction/rerank candidates. These models remain external rerank and accuracy-estimation inputs, not internal predictions, not CASP submissions, and not competitive-proof evidence."
3,H2312,H2312_T329,13765,H2312_all_pdbs/Model_11661_afm_dropout_04_woTemplates_model_3_multimer_v1_pred_47.pdb,Model_11661_afm_dropout_04_woTemplates_model_3_multimer_v1_pred_47.pdb,11661,AFM,afm_dropout_04_woTemplates_multimer_v1,,3,47,afm_dropout_04_woTemplates_v1,,False,casp17/massivefold_external_pool_intake/h2312_t329/extracted_models/H2312_all_pdbs/Model_11661_afm_dropout_04_woTemplates_model_3_multimer_v1_pred_47.pdb,awaiting_extract,"MassiveFold model pool index only. It parses organizer-provided external model tarball listings and stages balanced extraction/rerank candidates. These models remain external rerank and accuracy-estimation inputs, not internal predictions, not CASP submissions, and not competitive-proof evidence."
3,H2312,H2312_T329,13775,H2312_all_pdbs/Model_11363_afm_dropout_04_woTemplates_model_1_multimer_v1_pred_19.pdb,Model_11363_afm_dropout_04_woTemplates_model_1_multimer_v1_pred_19.pdb,11363,AFM,afm_dropout_04_woTemplates_multimer_v1,,1,19,afm_dropout_04_woTemplates_v1,,False,casp17/massivefold_external_pool_intake/h2312_t329/extracted_models/H2312_all_pdbs/Model_11363_afm_dropout_04_woTemplates_model_1_multimer_v1_pred_19.pdb,awaiting_extract,"MassiveFold model pool index only. It parses organizer-provided external model tarball listings and stages balanced extraction/rerank candidates. These models remain external rerank and accuracy-estimation inputs, not internal predictions, not CASP submissions, and not competitive-proof evidence."
3,H2312,H2312_T329,13791,H2312_all_pdbs/Model_10557_afm_dropout_04_woTemplates_model_4_multimer_v1_pred_13.pdb,Model_10557_afm_dropout_04_woTemplates_model_4_multimer_v1_pred_13.pdb,10557,AFM,afm_dropout_04_woTemplates_multimer_v1,,4,13,afm_dropout_04_woTemplates_v1,,False,casp17/massivefold_external_pool_intake/h2312_t329/extracted_models/H2312_all_pdbs/Model_10557_afm_dropout_04_woTemplates_model_4_multimer_v1_pred_13.pdb,awaiting_extract,"MassiveFold model pool index only. It parses organizer-provided external model tarball listings and stages balanced extraction/rerank candidates. These models remain external rerank and accuracy-estimation inputs, not internal predictions, not CASP submissions, and not competitive-proof evidence."
3,H2312,H2312_T329,13872,H2312_all_pdbs/Model_11018_afm_dropout_04_woTemplates_model_2_multimer_v1_pred_49.pdb,Model_11018_afm_dropout_04_woTemplates_model_2_multimer_v1_pred_49.pdb,11018,AFM,afm_dropout_04_woTemplates_multimer_v1,,2,49,afm_dropout_04_woTemplates_v1,,False,casp17/massivefold_external_pool_intake/h2312_t329/extracted_models/H2312_all_pdbs/Model_11018_afm_dropout_04_woTemplates_model_2_multimer_v1_pred_49.pdb,awaiting_extract,"MassiveFold model pool index only. It parses organizer-provided external model tarball listings and stages balanced extraction/rerank candidates. These models remain external rerank and accuracy-estimation inputs, not internal predictions, not CASP submissions, and not competitive-proof evidence."
3,H2312,H2312_T329,13971,H2312_all_pdbs/Model_11912_afm_dropout_04_woTemplates_model_3_multimer_v1_pred_29.pdb,Model_11912_afm_dropout_04_woTemplates_model_3_multimer_v1_pred_29.pdb,11912,AFM,afm_dropout_04_woTemplates_multimer_v1,,3,29,afm_dropout_04_woTemplates_v1,,False,casp17/massivefold_external_pool_intake/h2312_t329/extracted_models/H2312_all_pdbs/Model_11912_afm_dropout_04_woTemplates_model_3_multimer_v1_pred_29.pdb,awaiting_extract,"MassiveFold model pool index only. It parses organizer-provided external model tarball listings and stages balanced extraction/rerank candidates. These models remain external rerank and accuracy-estimation inputs, not internal predictions, not CASP submissions, and not competitive-proof evidence."
3,H2312,H2312_T329,14011,H2312_all_pdbs/Model_11847_afm_dropout_04_woTemplates_model_1_multimer_v1_pred_55.pdb,Model_11847_afm_dropout_04_woTemplates_model_1_multimer_v1_pred_55.pdb,11847,AFM,afm_dropout_04_woTemplates_multimer_v1,,1,55,afm_dropout_04_woTemplates_v1,,False,casp17/massivefold_external_pool_intake/h2312_t329/extracted_models/H2312_all_pdbs/Model_11847_afm_dropout_04_woTemplates_model_1_multimer_v1_pred_55.pdb,awaiting_extract,"MassiveFold model pool index only. It parses organizer-provided external model tarball listings and stages balanced extraction/rerank candidates. These models remain external rerank and accuracy-estimation inputs, not internal predictions, not CASP submissions, and not competitive-proof evidence."
3,H2312,H2312_T329,14014,H2312_all_pdbs/Model_10808_afm_dropout_04_woTemplates_model_2_multimer_v1_pred_6.pdb,Model_10808_afm_dropout_04_woTemplates_model_2_multimer_v1_pred_6.pdb,10808,AFM,afm_dropout_04_woTemplates_multimer_v1,,2,6,afm_dropout_04_woTemplates_v1,,False,casp17/massivefold_external_pool_intake/h2312_t329/extracted_models/H2312_all_pdbs/Model_10808_afm_dropout_04_woTemplates_model_2_multimer_v1_pred_6.pdb,awaiting_extract,"MassiveFold model pool index only. It parses organizer-provided external model tarball listings and stages balanced extraction/rerank candidates. These models remain external rerank and accuracy-estimation inputs, not internal predictions, not CASP submissions, and not competitive-proof evidence."
