pool_rank,target_id,model_set_id,model_rank,tar_member_path,filename,model_serial,af_engine,af_protocol,seed,sample,pred,rerank_bucket,selection_rank,selected_for_balanced_extract,extract_destination,extraction_status,claim_boundary
3,H2312,H2312_T329,11,H2312_all_pdbs/Model_3465_af3_basic_af3_seed_207359_sample_4_pred_919.cif,Model_3465_af3_basic_af3_seed_207359_sample_4_pred_919.cif,3465,AF3,af3_basic,207359,4,919,basic,,False,casp17/massivefold_external_pool_intake/h2312_t329/extracted_models/H2312_all_pdbs/Model_3465_af3_basic_af3_seed_207359_sample_4_pred_919.cif,awaiting_extract,"MassiveFold model pool index only. It parses organizer-provided external model tarball listings and stages balanced extraction/rerank candidates. These models remain external rerank and accuracy-estimation inputs, not internal predictions, not CASP submissions, and not competitive-proof evidence."
3,H2312,H2312_T329,29,H2312_all_pdbs/Model_1396_af3_basic_af3_seed_163606_sample_0_pred_10.cif,Model_1396_af3_basic_af3_seed_163606_sample_0_pred_10.cif,1396,AF3,af3_basic,163606,0,10,basic,,False,casp17/massivefold_external_pool_intake/h2312_t329/extracted_models/H2312_all_pdbs/Model_1396_af3_basic_af3_seed_163606_sample_0_pred_10.cif,awaiting_extract,"MassiveFold model pool index only. It parses organizer-provided external model tarball listings and stages balanced extraction/rerank candidates. These models remain external rerank and accuracy-estimation inputs, not internal predictions, not CASP submissions, and not competitive-proof evidence."
3,H2312,H2312_T329,37,H2312_all_pdbs/Model_1069_af3_basic_af3_seed_676048_sample_4_pred_229.cif,Model_1069_af3_basic_af3_seed_676048_sample_4_pred_229.cif,1069,AF3,af3_basic,676048,4,229,basic,,False,casp17/massivefold_external_pool_intake/h2312_t329/extracted_models/H2312_all_pdbs/Model_1069_af3_basic_af3_seed_676048_sample_4_pred_229.cif,awaiting_extract,"MassiveFold model pool index only. It parses organizer-provided external model tarball listings and stages balanced extraction/rerank candidates. These models remain external rerank and accuracy-estimation inputs, not internal predictions, not CASP submissions, and not competitive-proof evidence."
3,H2312,H2312_T329,69,H2312_all_pdbs/Model_3365_af3_basic_af3_seed_676030_sample_1_pred_136.cif,Model_3365_af3_basic_af3_seed_676030_sample_1_pred_136.cif,3365,AF3,af3_basic,676030,1,136,basic,,False,casp17/massivefold_external_pool_intake/h2312_t329/extracted_models/H2312_all_pdbs/Model_3365_af3_basic_af3_seed_676030_sample_1_pred_136.cif,awaiting_extract,"MassiveFold model pool index only. It parses organizer-provided external model tarball listings and stages balanced extraction/rerank candidates. These models remain external rerank and accuracy-estimation inputs, not internal predictions, not CASP submissions, and not competitive-proof evidence."
3,H2312,H2312_T329,75,H2312_all_pdbs/Model_1119_af3_basic_af3_seed_207362_sample_0_pred_930.cif,Model_1119_af3_basic_af3_seed_207362_sample_0_pred_930.cif,1119,AF3,af3_basic,207362,0,930,basic,,False,casp17/massivefold_external_pool_intake/h2312_t329/extracted_models/H2312_all_pdbs/Model_1119_af3_basic_af3_seed_207362_sample_0_pred_930.cif,awaiting_extract,"MassiveFold model pool index only. It parses organizer-provided external model tarball listings and stages balanced extraction/rerank candidates. These models remain external rerank and accuracy-estimation inputs, not internal predictions, not CASP submissions, and not competitive-proof evidence."
3,H2312,H2312_T329,99,H2312_all_pdbs/Model_1229_af3_basic_af3_seed_207360_sample_4_pred_924.cif,Model_1229_af3_basic_af3_seed_207360_sample_4_pred_924.cif,1229,AF3,af3_basic,207360,4,924,basic,,False,casp17/massivefold_external_pool_intake/h2312_t329/extracted_models/H2312_all_pdbs/Model_1229_af3_basic_af3_seed_207360_sample_4_pred_924.cif,awaiting_extract,"MassiveFold model pool index only. It parses organizer-provided external model tarball listings and stages balanced extraction/rerank candidates. These models remain external rerank and accuracy-estimation inputs, not internal predictions, not CASP submissions, and not competitive-proof evidence."
3,H2312,H2312_T329,113,H2312_all_pdbs/Model_3509_af3_basic_af3_seed_163619_sample_3_pred_78.cif,Model_3509_af3_basic_af3_seed_163619_sample_3_pred_78.cif,3509,AF3,af3_basic,163619,3,78,basic,,False,casp17/massivefold_external_pool_intake/h2312_t329/extracted_models/H2312_all_pdbs/Model_3509_af3_basic_af3_seed_163619_sample_3_pred_78.cif,awaiting_extract,"MassiveFold model pool index only. It parses organizer-provided external model tarball listings and stages balanced extraction/rerank candidates. These models remain external rerank and accuracy-estimation inputs, not internal predictions, not CASP submissions, and not competitive-proof evidence."
3,H2312,H2312_T329,129,H2312_all_pdbs/Model_1282_af3_basic_af3_seed_861510_sample_3_pred_318.cif,Model_1282_af3_basic_af3_seed_861510_sample_3_pred_318.cif,1282,AF3,af3_basic,861510,3,318,basic,,False,casp17/massivefold_external_pool_intake/h2312_t329/extracted_models/H2312_all_pdbs/Model_1282_af3_basic_af3_seed_861510_sample_3_pred_318.cif,awaiting_extract,"MassiveFold model pool index only. It parses organizer-provided external model tarball listings and stages balanced extraction/rerank candidates. These models remain external rerank and accuracy-estimation inputs, not internal predictions, not CASP submissions, and not competitive-proof evidence."
3,H2312,H2312_T329,137,H2312_all_pdbs/Model_1293_af3_basic_af3_seed_735224_sample_3_pred_603.cif,Model_1293_af3_basic_af3_seed_735224_sample_3_pred_603.cif,1293,AF3,af3_basic,735224,3,603,basic,,False,casp17/massivefold_external_pool_intake/h2312_t329/extracted_models/H2312_all_pdbs/Model_1293_af3_basic_af3_seed_735224_sample_3_pred_603.cif,awaiting_extract,"MassiveFold model pool index only. It parses organizer-provided external model tarball listings and stages balanced extraction/rerank candidates. These models remain external rerank and accuracy-estimation inputs, not internal predictions, not CASP submissions, and not competitive-proof evidence."
3,H2312,H2312_T329,151,H2312_all_pdbs/Model_3321_af3_basic_af3_seed_676043_sample_4_pred_204.cif,Model_3321_af3_basic_af3_seed_676043_sample_4_pred_204.cif,3321,AF3,af3_basic,676043,4,204,basic,,False,casp17/massivefold_external_pool_intake/h2312_t329/extracted_models/H2312_all_pdbs/Model_3321_af3_basic_af3_seed_676043_sample_4_pred_204.cif,awaiting_extract,"MassiveFold model pool index only. It parses organizer-provided external model tarball listings and stages balanced extraction/rerank candidates. These models remain external rerank and accuracy-estimation inputs, not internal predictions, not CASP submissions, and not competitive-proof evidence."
3,H2312,H2312_T329,170,H2312_all_pdbs/Model_1218_af3_basic_af3_seed_861504_sample_3_pred_288.cif,Model_1218_af3_basic_af3_seed_861504_sample_3_pred_288.cif,1218,AF3,af3_basic,861504,3,288,basic,,False,casp17/massivefold_external_pool_intake/h2312_t329/extracted_models/H2312_all_pdbs/Model_1218_af3_basic_af3_seed_861504_sample_3_pred_288.cif,awaiting_extract,"MassiveFold model pool index only. It parses organizer-provided external model tarball listings and stages balanced extraction/rerank candidates. These models remain external rerank and accuracy-estimation inputs, not internal predictions, not CASP submissions, and not competitive-proof evidence."
3,H2312,H2312_T329,179,H2312_all_pdbs/Model_3399_af3_basic_af3_seed_163607_sample_2_pred_17.cif,Model_3399_af3_basic_af3_seed_163607_sample_2_pred_17.cif,3399,AF3,af3_basic,163607,2,17,basic,,False,casp17/massivefold_external_pool_intake/h2312_t329/extracted_models/H2312_all_pdbs/Model_3399_af3_basic_af3_seed_163607_sample_2_pred_17.cif,awaiting_extract,"MassiveFold model pool index only. It parses organizer-provided external model tarball listings and stages balanced extraction/rerank candidates. These models remain external rerank and accuracy-estimation inputs, not internal predictions, not CASP submissions, and not competitive-proof evidence."
3,H2312,H2312_T329,193,H2312_all_pdbs/Model_1098_af3_basic_af3_seed_163610_sample_0_pred_30.cif,Model_1098_af3_basic_af3_seed_163610_sample_0_pred_30.cif,1098,AF3,af3_basic,163610,0,30,basic,,False,casp17/massivefold_external_pool_intake/h2312_t329/extracted_models/H2312_all_pdbs/Model_1098_af3_basic_af3_seed_163610_sample_0_pred_30.cif,awaiting_extract,"MassiveFold model pool index only. It parses organizer-provided external model tarball listings and stages balanced extraction/rerank candidates. These models remain external rerank and accuracy-estimation inputs, not internal predictions, not CASP submissions, and not competitive-proof evidence."
3,H2312,H2312_T329,196,H2312_all_pdbs/Model_3518_af3_basic_af3_seed_163609_sample_0_pred_25.cif,Model_3518_af3_basic_af3_seed_163609_sample_0_pred_25.cif,3518,AF3,af3_basic,163609,0,25,basic,,False,casp17/massivefold_external_pool_intake/h2312_t329/extracted_models/H2312_all_pdbs/Model_3518_af3_basic_af3_seed_163609_sample_0_pred_25.cif,awaiting_extract,"MassiveFold model pool index only. It parses organizer-provided external model tarball listings and stages balanced extraction/rerank candidates. These models remain external rerank and accuracy-estimation inputs, not internal predictions, not CASP submissions, and not competitive-proof evidence."
3,H2312,H2312_T329,217,H2312_all_pdbs/Model_3327_af3_basic_af3_seed_889880_sample_0_pred_760.cif,Model_3327_af3_basic_af3_seed_889880_sample_0_pred_760.cif,3327,AF3,af3_basic,889880,0,760,basic,,False,casp17/massivefold_external_pool_intake/h2312_t329/extracted_models/H2312_all_pdbs/Model_3327_af3_basic_af3_seed_889880_sample_0_pred_760.cif,awaiting_extract,"MassiveFold model pool index only. It parses organizer-provided external model tarball listings and stages balanced extraction/rerank candidates. These models remain external rerank and accuracy-estimation inputs, not internal predictions, not CASP submissions, and not competitive-proof evidence."
3,H2312,H2312_T329,251,H2312_all_pdbs/Model_1660_af3_basic_af3_seed_735211_sample_4_pred_539.cif,Model_1660_af3_basic_af3_seed_735211_sample_4_pred_539.cif,1660,AF3,af3_basic,735211,4,539,basic,,False,casp17/massivefold_external_pool_intake/h2312_t329/extracted_models/H2312_all_pdbs/Model_1660_af3_basic_af3_seed_735211_sample_4_pred_539.cif,awaiting_extract,"MassiveFold model pool index only. It parses organizer-provided external model tarball listings and stages balanced extraction/rerank candidates. These models remain external rerank and accuracy-estimation inputs, not internal predictions, not CASP submissions, and not competitive-proof evidence."
3,H2312,H2312_T329,286,H2312_all_pdbs/Model_1585_af3_basic_af3_seed_676031_sample_2_pred_142.cif,Model_1585_af3_basic_af3_seed_676031_sample_2_pred_142.cif,1585,AF3,af3_basic,676031,2,142,basic,,False,casp17/massivefold_external_pool_intake/h2312_t329/extracted_models/H2312_all_pdbs/Model_1585_af3_basic_af3_seed_676031_sample_2_pred_142.cif,awaiting_extract,"MassiveFold model pool index only. It parses organizer-provided external model tarball listings and stages balanced extraction/rerank candidates. These models remain external rerank and accuracy-estimation inputs, not internal predictions, not CASP submissions, and not competitive-proof evidence."
3,H2312,H2312_T329,302,H2312_all_pdbs/Model_1244_af3_basic_af3_seed_676035_sample_2_pred_162.cif,Model_1244_af3_basic_af3_seed_676035_sample_2_pred_162.cif,1244,AF3,af3_basic,676035,2,162,basic,,False,casp17/massivefold_external_pool_intake/h2312_t329/extracted_models/H2312_all_pdbs/Model_1244_af3_basic_af3_seed_676035_sample_2_pred_162.cif,awaiting_extract,"MassiveFold model pool index only. It parses organizer-provided external model tarball listings and stages balanced extraction/rerank candidates. These models remain external rerank and accuracy-estimation inputs, not internal predictions, not CASP submissions, and not competitive-proof evidence."
3,H2312,H2312_T329,328,H2312_all_pdbs/Model_1383_af3_basic_af3_seed_809667_sample_3_pred_658.cif,Model_1383_af3_basic_af3_seed_809667_sample_3_pred_658.cif,1383,AF3,af3_basic,809667,3,658,basic,,False,casp17/massivefold_external_pool_intake/h2312_t329/extracted_models/H2312_all_pdbs/Model_1383_af3_basic_af3_seed_809667_sample_3_pred_658.cif,awaiting_extract,"MassiveFold model pool index only. It parses organizer-provided external model tarball listings and stages balanced extraction/rerank candidates. These models remain external rerank and accuracy-estimation inputs, not internal predictions, not CASP submissions, and not competitive-proof evidence."
3,H2312,H2312_T329,358,H2312_all_pdbs/Model_3394_af3_basic_af3_seed_861497_sample_2_pred_252.cif,Model_3394_af3_basic_af3_seed_861497_sample_2_pred_252.cif,3394,AF3,af3_basic,861497,2,252,basic,,False,casp17/massivefold_external_pool_intake/h2312_t329/extracted_models/H2312_all_pdbs/Model_3394_af3_basic_af3_seed_861497_sample_2_pred_252.cif,awaiting_extract,"MassiveFold model pool index only. It parses organizer-provided external model tarball listings and stages balanced extraction/rerank candidates. These models remain external rerank and accuracy-estimation inputs, not internal predictions, not CASP submissions, and not competitive-proof evidence."
3,H2312,H2312_T329,394,H2312_all_pdbs/Model_1084_af3_basic_af3_seed_735226_sample_3_pred_613.cif,Model_1084_af3_basic_af3_seed_735226_sample_3_pred_613.cif,1084,AF3,af3_basic,735226,3,613,basic,,False,casp17/massivefold_external_pool_intake/h2312_t329/extracted_models/H2312_all_pdbs/Model_1084_af3_basic_af3_seed_735226_sample_3_pred_613.cif,awaiting_extract,"MassiveFold model pool index only. It parses organizer-provided external model tarball listings and stages balanced extraction/rerank candidates. These models remain external rerank and accuracy-estimation inputs, not internal predictions, not CASP submissions, and not competitive-proof evidence."
3,H2312,H2312_T329,405,H2312_all_pdbs/Model_3442_af3_basic_af3_seed_889887_sample_0_pred_795.cif,Model_3442_af3_basic_af3_seed_889887_sample_0_pred_795.cif,3442,AF3,af3_basic,889887,0,795,basic,,False,casp17/massivefold_external_pool_intake/h2312_t329/extracted_models/H2312_all_pdbs/Model_3442_af3_basic_af3_seed_889887_sample_0_pred_795.cif,awaiting_extract,"MassiveFold model pool index only. It parses organizer-provided external model tarball listings and stages balanced extraction/rerank candidates. These models remain external rerank and accuracy-estimation inputs, not internal predictions, not CASP submissions, and not competitive-proof evidence."
3,H2312,H2312_T329,416,H2312_all_pdbs/Model_1570_af3_basic_af3_seed_676038_sample_2_pred_177.cif,Model_1570_af3_basic_af3_seed_676038_sample_2_pred_177.cif,1570,AF3,af3_basic,676038,2,177,basic,,False,casp17/massivefold_external_pool_intake/h2312_t329/extracted_models/H2312_all_pdbs/Model_1570_af3_basic_af3_seed_676038_sample_2_pred_177.cif,awaiting_extract,"MassiveFold model pool index only. It parses organizer-provided external model tarball listings and stages balanced extraction/rerank candidates. These models remain external rerank and accuracy-estimation inputs, not internal predictions, not CASP submissions, and not competitive-proof evidence."
3,H2312,H2312_T329,419,H2312_all_pdbs/Model_1097_af3_basic_af3_seed_207354_sample_1_pred_891.cif,Model_1097_af3_basic_af3_seed_207354_sample_1_pred_891.cif,1097,AF3,af3_basic,207354,1,891,basic,,False,casp17/massivefold_external_pool_intake/h2312_t329/extracted_models/H2312_all_pdbs/Model_1097_af3_basic_af3_seed_207354_sample_1_pred_891.cif,awaiting_extract,"MassiveFold model pool index only. It parses organizer-provided external model tarball listings and stages balanced extraction/rerank candidates. These models remain external rerank and accuracy-estimation inputs, not internal predictions, not CASP submissions, and not competitive-proof evidence."
3,H2312,H2312_T329,424,H2312_all_pdbs/Model_1298_af3_basic_af3_seed_809684_sample_1_pred_741.cif,Model_1298_af3_basic_af3_seed_809684_sample_1_pred_741.cif,1298,AF3,af3_basic,809684,1,741,basic,,False,casp17/massivefold_external_pool_intake/h2312_t329/extracted_models/H2312_all_pdbs/Model_1298_af3_basic_af3_seed_809684_sample_1_pred_741.cif,awaiting_extract,"MassiveFold model pool index only. It parses organizer-provided external model tarball listings and stages balanced extraction/rerank candidates. These models remain external rerank and accuracy-estimation inputs, not internal predictions, not CASP submissions, and not competitive-proof evidence."
3,H2312,H2312_T329,442,H2312_all_pdbs/Model_3537_af3_basic_af3_seed_88510_sample_4_pred_449.cif,Model_3537_af3_basic_af3_seed_88510_sample_4_pred_449.cif,3537,AF3,af3_basic,88510,4,449,basic,,False,casp17/massivefold_external_pool_intake/h2312_t329/extracted_models/H2312_all_pdbs/Model_3537_af3_basic_af3_seed_88510_sample_4_pred_449.cif,awaiting_extract,"MassiveFold model pool index only. It parses organizer-provided external model tarball listings and stages balanced extraction/rerank candidates. These models remain external rerank and accuracy-estimation inputs, not internal predictions, not CASP submissions, and not competitive-proof evidence."
3,H2312,H2312_T329,452,H2312_all_pdbs/Model_3549_af3_basic_af3_seed_809665_sample_2_pred_647.cif,Model_3549_af3_basic_af3_seed_809665_sample_2_pred_647.cif,3549,AF3,af3_basic,809665,2,647,basic,,False,casp17/massivefold_external_pool_intake/h2312_t329/extracted_models/H2312_all_pdbs/Model_3549_af3_basic_af3_seed_809665_sample_2_pred_647.cif,awaiting_extract,"MassiveFold model pool index only. It parses organizer-provided external model tarball listings and stages balanced extraction/rerank candidates. These models remain external rerank and accuracy-estimation inputs, not internal predictions, not CASP submissions, and not competitive-proof evidence."
3,H2312,H2312_T329,486,H2312_all_pdbs/Model_1628_af3_basic_af3_seed_861519_sample_4_pred_364.cif,Model_1628_af3_basic_af3_seed_861519_sample_4_pred_364.cif,1628,AF3,af3_basic,861519,4,364,basic,,False,casp17/massivefold_external_pool_intake/h2312_t329/extracted_models/H2312_all_pdbs/Model_1628_af3_basic_af3_seed_861519_sample_4_pred_364.cif,awaiting_extract,"MassiveFold model pool index only. It parses organizer-provided external model tarball listings and stages balanced extraction/rerank candidates. These models remain external rerank and accuracy-estimation inputs, not internal predictions, not CASP submissions, and not competitive-proof evidence."
3,H2312,H2312_T329,493,H2312_all_pdbs/Model_1204_af3_basic_af3_seed_88503_sample_3_pred_413.cif,Model_1204_af3_basic_af3_seed_88503_sample_3_pred_413.cif,1204,AF3,af3_basic,88503,3,413,basic,,False,casp17/massivefold_external_pool_intake/h2312_t329/extracted_models/H2312_all_pdbs/Model_1204_af3_basic_af3_seed_88503_sample_3_pred_413.cif,awaiting_extract,"MassiveFold model pool index only. It parses organizer-provided external model tarball listings and stages balanced extraction/rerank candidates. These models remain external rerank and accuracy-estimation inputs, not internal predictions, not CASP submissions, and not competitive-proof evidence."
3,H2312,H2312_T329,512,H2312_all_pdbs/Model_1165_af3_basic_af3_seed_809668_sample_3_pred_663.cif,Model_1165_af3_basic_af3_seed_809668_sample_3_pred_663.cif,1165,AF3,af3_basic,809668,3,663,basic,,False,casp17/massivefold_external_pool_intake/h2312_t329/extracted_models/H2312_all_pdbs/Model_1165_af3_basic_af3_seed_809668_sample_3_pred_663.cif,awaiting_extract,"MassiveFold model pool index only. It parses organizer-provided external model tarball listings and stages balanced extraction/rerank candidates. These models remain external rerank and accuracy-estimation inputs, not internal predictions, not CASP submissions, and not competitive-proof evidence."
3,H2312,H2312_T329,516,H2312_all_pdbs/Model_3502_af3_basic_af3_seed_676036_sample_0_pred_165.cif,Model_3502_af3_basic_af3_seed_676036_sample_0_pred_165.cif,3502,AF3,af3_basic,676036,0,165,basic,,False,casp17/massivefold_external_pool_intake/h2312_t329/extracted_models/H2312_all_pdbs/Model_3502_af3_basic_af3_seed_676036_sample_0_pred_165.cif,awaiting_extract,"MassiveFold model pool index only. It parses organizer-provided external model tarball listings and stages balanced extraction/rerank candidates. These models remain external rerank and accuracy-estimation inputs, not internal predictions, not CASP submissions, and not competitive-proof evidence."
3,H2312,H2312_T329,520,H2312_all_pdbs/Model_1109_af3_basic_af3_seed_676043_sample_3_pred_203.cif,Model_1109_af3_basic_af3_seed_676043_sample_3_pred_203.cif,1109,AF3,af3_basic,676043,3,203,basic,,False,casp17/massivefold_external_pool_intake/h2312_t329/extracted_models/H2312_all_pdbs/Model_1109_af3_basic_af3_seed_676043_sample_3_pred_203.cif,awaiting_extract,"MassiveFold model pool index only. It parses organizer-provided external model tarball listings and stages balanced extraction/rerank candidates. These models remain external rerank and accuracy-estimation inputs, not internal predictions, not CASP submissions, and not competitive-proof evidence."
3,H2312,H2312_T329,526,H2312_all_pdbs/Model_1437_af3_basic_af3_seed_735211_sample_2_pred_537.cif,Model_1437_af3_basic_af3_seed_735211_sample_2_pred_537.cif,1437,AF3,af3_basic,735211,2,537,basic,,False,casp17/massivefold_external_pool_intake/h2312_t329/extracted_models/H2312_all_pdbs/Model_1437_af3_basic_af3_seed_735211_sample_2_pred_537.cif,awaiting_extract,"MassiveFold model pool index only. It parses organizer-provided external model tarball listings and stages balanced extraction/rerank candidates. These models remain external rerank and accuracy-estimation inputs, not internal predictions, not CASP submissions, and not competitive-proof evidence."
3,H2312,H2312_T329,547,H2312_all_pdbs/Model_1207_af3_basic_af3_seed_88501_sample_0_pred_400.cif,Model_1207_af3_basic_af3_seed_88501_sample_0_pred_400.cif,1207,AF3,af3_basic,88501,0,400,basic,,False,casp17/massivefold_external_pool_intake/h2312_t329/extracted_models/H2312_all_pdbs/Model_1207_af3_basic_af3_seed_88501_sample_0_pred_400.cif,awaiting_extract,"MassiveFold model pool index only. It parses organizer-provided external model tarball listings and stages balanced extraction/rerank candidates. These models remain external rerank and accuracy-estimation inputs, not internal predictions, not CASP submissions, and not competitive-proof evidence."
3,H2312,H2312_T329,588,H2312_all_pdbs/Model_1221_af3_basic_af3_seed_889883_sample_3_pred_778.cif,Model_1221_af3_basic_af3_seed_889883_sample_3_pred_778.cif,1221,AF3,af3_basic,889883,3,778,basic,,False,casp17/massivefold_external_pool_intake/h2312_t329/extracted_models/H2312_all_pdbs/Model_1221_af3_basic_af3_seed_889883_sample_3_pred_778.cif,awaiting_extract,"MassiveFold model pool index only. It parses organizer-provided external model tarball listings and stages balanced extraction/rerank candidates. These models remain external rerank and accuracy-estimation inputs, not internal predictions, not CASP submissions, and not competitive-proof evidence."
3,H2312,H2312_T329,613,H2312_all_pdbs/Model_3350_af3_basic_af3_seed_163624_sample_1_pred_101.cif,Model_3350_af3_basic_af3_seed_163624_sample_1_pred_101.cif,3350,AF3,af3_basic,163624,1,101,basic,,False,casp17/massivefold_external_pool_intake/h2312_t329/extracted_models/H2312_all_pdbs/Model_3350_af3_basic_af3_seed_163624_sample_1_pred_101.cif,awaiting_extract,"MassiveFold model pool index only. It parses organizer-provided external model tarball listings and stages balanced extraction/rerank candidates. These models remain external rerank and accuracy-estimation inputs, not internal predictions, not CASP submissions, and not competitive-proof evidence."
3,H2312,H2312_T329,628,H2312_all_pdbs/Model_1434_af3_basic_af3_seed_676036_sample_4_pred_169.cif,Model_1434_af3_basic_af3_seed_676036_sample_4_pred_169.cif,1434,AF3,af3_basic,676036,4,169,basic,,False,casp17/massivefold_external_pool_intake/h2312_t329/extracted_models/H2312_all_pdbs/Model_1434_af3_basic_af3_seed_676036_sample_4_pred_169.cif,awaiting_extract,"MassiveFold model pool index only. It parses organizer-provided external model tarball listings and stages balanced extraction/rerank candidates. These models remain external rerank and accuracy-estimation inputs, not internal predictions, not CASP submissions, and not competitive-proof evidence."
3,H2312,H2312_T329,642,H2312_all_pdbs/Model_3510_af3_basic_af3_seed_861507_sample_3_pred_303.cif,Model_3510_af3_basic_af3_seed_861507_sample_3_pred_303.cif,3510,AF3,af3_basic,861507,3,303,basic,,False,casp17/massivefold_external_pool_intake/h2312_t329/extracted_models/H2312_all_pdbs/Model_3510_af3_basic_af3_seed_861507_sample_3_pred_303.cif,awaiting_extract,"MassiveFold model pool index only. It parses organizer-provided external model tarball listings and stages balanced extraction/rerank candidates. These models remain external rerank and accuracy-estimation inputs, not internal predictions, not CASP submissions, and not competitive-proof evidence."
3,H2312,H2312_T329,646,H2312_all_pdbs/Model_3514_af3_basic_af3_seed_207363_sample_2_pred_937.cif,Model_3514_af3_basic_af3_seed_207363_sample_2_pred_937.cif,3514,AF3,af3_basic,207363,2,937,basic,,False,casp17/massivefold_external_pool_intake/h2312_t329/extracted_models/H2312_all_pdbs/Model_3514_af3_basic_af3_seed_207363_sample_2_pred_937.cif,awaiting_extract,"MassiveFold model pool index only. It parses organizer-provided external model tarball listings and stages balanced extraction/rerank candidates. These models remain external rerank and accuracy-estimation inputs, not internal predictions, not CASP submissions, and not competitive-proof evidence."
3,H2312,H2312_T329,650,H2312_all_pdbs/Model_1331_af3_basic_af3_seed_735219_sample_3_pred_578.cif,Model_1331_af3_basic_af3_seed_735219_sample_3_pred_578.cif,1331,AF3,af3_basic,735219,3,578,basic,,False,casp17/massivefold_external_pool_intake/h2312_t329/extracted_models/H2312_all_pdbs/Model_1331_af3_basic_af3_seed_735219_sample_3_pred_578.cif,awaiting_extract,"MassiveFold model pool index only. It parses organizer-provided external model tarball listings and stages balanced extraction/rerank candidates. These models remain external rerank and accuracy-estimation inputs, not internal predictions, not CASP submissions, and not competitive-proof evidence."
3,H2312,H2312_T329,697,H2312_all_pdbs/Model_1085_af3_basic_af3_seed_861504_sample_2_pred_287.cif,Model_1085_af3_basic_af3_seed_861504_sample_2_pred_287.cif,1085,AF3,af3_basic,861504,2,287,basic,,False,casp17/massivefold_external_pool_intake/h2312_t329/extracted_models/H2312_all_pdbs/Model_1085_af3_basic_af3_seed_861504_sample_2_pred_287.cif,awaiting_extract,"MassiveFold model pool index only. It parses organizer-provided external model tarball listings and stages balanced extraction/rerank candidates. These models remain external rerank and accuracy-estimation inputs, not internal predictions, not CASP submissions, and not competitive-proof evidence."
3,H2312,H2312_T329,717,H2312_all_pdbs/Model_3390_af3_basic_af3_seed_676032_sample_1_pred_146.cif,Model_3390_af3_basic_af3_seed_676032_sample_1_pred_146.cif,3390,AF3,af3_basic,676032,1,146,basic,,False,casp17/massivefold_external_pool_intake/h2312_t329/extracted_models/H2312_all_pdbs/Model_3390_af3_basic_af3_seed_676032_sample_1_pred_146.cif,awaiting_extract,"MassiveFold model pool index only. It parses organizer-provided external model tarball listings and stages balanced extraction/rerank candidates. These models remain external rerank and accuracy-estimation inputs, not internal predictions, not CASP submissions, and not competitive-proof evidence."
3,H2312,H2312_T329,744,H2312_all_pdbs/Model_1451_af3_basic_af3_seed_163628_sample_1_pred_121.cif,Model_1451_af3_basic_af3_seed_163628_sample_1_pred_121.cif,1451,AF3,af3_basic,163628,1,121,basic,,False,casp17/massivefold_external_pool_intake/h2312_t329/extracted_models/H2312_all_pdbs/Model_1451_af3_basic_af3_seed_163628_sample_1_pred_121.cif,awaiting_extract,"MassiveFold model pool index only. It parses organizer-provided external model tarball listings and stages balanced extraction/rerank candidates. These models remain external rerank and accuracy-estimation inputs, not internal predictions, not CASP submissions, and not competitive-proof evidence."
3,H2312,H2312_T329,771,H2312_all_pdbs/Model_1185_af3_basic_af3_seed_88502_sample_1_pred_406.cif,Model_1185_af3_basic_af3_seed_88502_sample_1_pred_406.cif,1185,AF3,af3_basic,88502,1,406,basic,,False,casp17/massivefold_external_pool_intake/h2312_t329/extracted_models/H2312_all_pdbs/Model_1185_af3_basic_af3_seed_88502_sample_1_pred_406.cif,awaiting_extract,"MassiveFold model pool index only. It parses organizer-provided external model tarball listings and stages balanced extraction/rerank candidates. These models remain external rerank and accuracy-estimation inputs, not internal predictions, not CASP submissions, and not competitive-proof evidence."
3,H2312,H2312_T329,779,H2312_all_pdbs/Model_1343_af3_basic_af3_seed_676038_sample_4_pred_179.cif,Model_1343_af3_basic_af3_seed_676038_sample_4_pred_179.cif,1343,AF3,af3_basic,676038,4,179,basic,,False,casp17/massivefold_external_pool_intake/h2312_t329/extracted_models/H2312_all_pdbs/Model_1343_af3_basic_af3_seed_676038_sample_4_pred_179.cif,awaiting_extract,"MassiveFold model pool index only. It parses organizer-provided external model tarball listings and stages balanced extraction/rerank candidates. These models remain external rerank and accuracy-estimation inputs, not internal predictions, not CASP submissions, and not competitive-proof evidence."
3,H2312,H2312_T329,784,H2312_all_pdbs/Model_982_af3_basic_af3_seed_809684_sample_0_pred_740.cif,Model_982_af3_basic_af3_seed_809684_sample_0_pred_740.cif,982,AF3,af3_basic,809684,0,740,basic,,False,casp17/massivefold_external_pool_intake/h2312_t329/extracted_models/H2312_all_pdbs/Model_982_af3_basic_af3_seed_809684_sample_0_pred_740.cif,awaiting_extract,"MassiveFold model pool index only. It parses organizer-provided external model tarball listings and stages balanced extraction/rerank candidates. These models remain external rerank and accuracy-estimation inputs, not internal predictions, not CASP submissions, and not competitive-proof evidence."
3,H2312,H2312_T329,794,H2312_all_pdbs/Model_1395_af3_basic_af3_seed_889879_sample_2_pred_757.cif,Model_1395_af3_basic_af3_seed_889879_sample_2_pred_757.cif,1395,AF3,af3_basic,889879,2,757,basic,,False,casp17/massivefold_external_pool_intake/h2312_t329/extracted_models/H2312_all_pdbs/Model_1395_af3_basic_af3_seed_889879_sample_2_pred_757.cif,awaiting_extract,"MassiveFold model pool index only. It parses organizer-provided external model tarball listings and stages balanced extraction/rerank candidates. These models remain external rerank and accuracy-estimation inputs, not internal predictions, not CASP submissions, and not competitive-proof evidence."
3,H2312,H2312_T329,812,H2312_all_pdbs/Model_3525_af3_basic_af3_seed_861499_sample_3_pred_263.cif,Model_3525_af3_basic_af3_seed_861499_sample_3_pred_263.cif,3525,AF3,af3_basic,861499,3,263,basic,,False,casp17/massivefold_external_pool_intake/h2312_t329/extracted_models/H2312_all_pdbs/Model_3525_af3_basic_af3_seed_861499_sample_3_pred_263.cif,awaiting_extract,"MassiveFold model pool index only. It parses organizer-provided external model tarball listings and stages balanced extraction/rerank candidates. These models remain external rerank and accuracy-estimation inputs, not internal predictions, not CASP submissions, and not competitive-proof evidence."
3,H2312,H2312_T329,813,H2312_all_pdbs/Model_1131_af3_basic_af3_seed_861517_sample_3_pred_353.cif,Model_1131_af3_basic_af3_seed_861517_sample_3_pred_353.cif,1131,AF3,af3_basic,861517,3,353,basic,,False,casp17/massivefold_external_pool_intake/h2312_t329/extracted_models/H2312_all_pdbs/Model_1131_af3_basic_af3_seed_861517_sample_3_pred_353.cif,awaiting_extract,"MassiveFold model pool index only. It parses organizer-provided external model tarball listings and stages balanced extraction/rerank candidates. These models remain external rerank and accuracy-estimation inputs, not internal predictions, not CASP submissions, and not competitive-proof evidence."
3,H2312,H2312_T329,827,H2312_all_pdbs/Model_3401_af3_basic_af3_seed_676046_sample_1_pred_216.cif,Model_3401_af3_basic_af3_seed_676046_sample_1_pred_216.cif,3401,AF3,af3_basic,676046,1,216,basic,,False,casp17/massivefold_external_pool_intake/h2312_t329/extracted_models/H2312_all_pdbs/Model_3401_af3_basic_af3_seed_676046_sample_1_pred_216.cif,awaiting_extract,"MassiveFold model pool index only. It parses organizer-provided external model tarball listings and stages balanced extraction/rerank candidates. These models remain external rerank and accuracy-estimation inputs, not internal predictions, not CASP submissions, and not competitive-proof evidence."
3,H2312,H2312_T329,840,H2312_all_pdbs/Model_1236_af3_basic_af3_seed_735214_sample_1_pred_551.cif,Model_1236_af3_basic_af3_seed_735214_sample_1_pred_551.cif,1236,AF3,af3_basic,735214,1,551,basic,,False,casp17/massivefold_external_pool_intake/h2312_t329/extracted_models/H2312_all_pdbs/Model_1236_af3_basic_af3_seed_735214_sample_1_pred_551.cif,awaiting_extract,"MassiveFold model pool index only. It parses organizer-provided external model tarball listings and stages balanced extraction/rerank candidates. These models remain external rerank and accuracy-estimation inputs, not internal predictions, not CASP submissions, and not competitive-proof evidence."
3,H2312,H2312_T329,852,H2312_all_pdbs/Model_1035_af3_basic_af3_seed_207353_sample_2_pred_887.cif,Model_1035_af3_basic_af3_seed_207353_sample_2_pred_887.cif,1035,AF3,af3_basic,207353,2,887,basic,,False,casp17/massivefold_external_pool_intake/h2312_t329/extracted_models/H2312_all_pdbs/Model_1035_af3_basic_af3_seed_207353_sample_2_pred_887.cif,awaiting_extract,"MassiveFold model pool index only. It parses organizer-provided external model tarball listings and stages balanced extraction/rerank candidates. These models remain external rerank and accuracy-estimation inputs, not internal predictions, not CASP submissions, and not competitive-proof evidence."
3,H2312,H2312_T329,853,H2312_all_pdbs/Model_3378_af3_basic_af3_seed_735216_sample_2_pred_562.cif,Model_3378_af3_basic_af3_seed_735216_sample_2_pred_562.cif,3378,AF3,af3_basic,735216,2,562,basic,,False,casp17/massivefold_external_pool_intake/h2312_t329/extracted_models/H2312_all_pdbs/Model_3378_af3_basic_af3_seed_735216_sample_2_pred_562.cif,awaiting_extract,"MassiveFold model pool index only. It parses organizer-provided external model tarball listings and stages balanced extraction/rerank candidates. These models remain external rerank and accuracy-estimation inputs, not internal predictions, not CASP submissions, and not competitive-proof evidence."
3,H2312,H2312_T329,888,H2312_all_pdbs/Model_1058_af3_basic_af3_seed_889902_sample_0_pred_870.cif,Model_1058_af3_basic_af3_seed_889902_sample_0_pred_870.cif,1058,AF3,af3_basic,889902,0,870,basic,,False,casp17/massivefold_external_pool_intake/h2312_t329/extracted_models/H2312_all_pdbs/Model_1058_af3_basic_af3_seed_889902_sample_0_pred_870.cif,awaiting_extract,"MassiveFold model pool index only. It parses organizer-provided external model tarball listings and stages balanced extraction/rerank candidates. These models remain external rerank and accuracy-estimation inputs, not internal predictions, not CASP submissions, and not competitive-proof evidence."
3,H2312,H2312_T329,892,H2312_all_pdbs/Model_1649_af3_basic_af3_seed_676035_sample_1_pred_161.cif,Model_1649_af3_basic_af3_seed_676035_sample_1_pred_161.cif,1649,AF3,af3_basic,676035,1,161,basic,,False,casp17/massivefold_external_pool_intake/h2312_t329/extracted_models/H2312_all_pdbs/Model_1649_af3_basic_af3_seed_676035_sample_1_pred_161.cif,awaiting_extract,"MassiveFold model pool index only. It parses organizer-provided external model tarball listings and stages balanced extraction/rerank candidates. These models remain external rerank and accuracy-estimation inputs, not internal predictions, not CASP submissions, and not competitive-proof evidence."
3,H2312,H2312_T329,919,H2312_all_pdbs/Model_1610_af3_basic_af3_seed_861513_sample_2_pred_332.cif,Model_1610_af3_basic_af3_seed_861513_sample_2_pred_332.cif,1610,AF3,af3_basic,861513,2,332,basic,,False,casp17/massivefold_external_pool_intake/h2312_t329/extracted_models/H2312_all_pdbs/Model_1610_af3_basic_af3_seed_861513_sample_2_pred_332.cif,awaiting_extract,"MassiveFold model pool index only. It parses organizer-provided external model tarball listings and stages balanced extraction/rerank candidates. These models remain external rerank and accuracy-estimation inputs, not internal predictions, not CASP submissions, and not competitive-proof evidence."
3,H2312,H2312_T329,935,H2312_all_pdbs/Model_1245_af3_basic_af3_seed_676042_sample_2_pred_197.cif,Model_1245_af3_basic_af3_seed_676042_sample_2_pred_197.cif,1245,AF3,af3_basic,676042,2,197,basic,,False,casp17/massivefold_external_pool_intake/h2312_t329/extracted_models/H2312_all_pdbs/Model_1245_af3_basic_af3_seed_676042_sample_2_pred_197.cif,awaiting_extract,"MassiveFold model pool index only. It parses organizer-provided external model tarball listings and stages balanced extraction/rerank candidates. These models remain external rerank and accuracy-estimation inputs, not internal predictions, not CASP submissions, and not competitive-proof evidence."
3,H2312,H2312_T329,939,H2312_all_pdbs/Model_1605_af3_basic_af3_seed_88513_sample_1_pred_461.cif,Model_1605_af3_basic_af3_seed_88513_sample_1_pred_461.cif,1605,AF3,af3_basic,88513,1,461,basic,,False,casp17/massivefold_external_pool_intake/h2312_t329/extracted_models/H2312_all_pdbs/Model_1605_af3_basic_af3_seed_88513_sample_1_pred_461.cif,awaiting_extract,"MassiveFold model pool index only. It parses organizer-provided external model tarball listings and stages balanced extraction/rerank candidates. These models remain external rerank and accuracy-estimation inputs, not internal predictions, not CASP submissions, and not competitive-proof evidence."
3,H2312,H2312_T329,945,H2312_all_pdbs/Model_1142_af3_basic_af3_seed_735219_sample_4_pred_579.cif,Model_1142_af3_basic_af3_seed_735219_sample_4_pred_579.cif,1142,AF3,af3_basic,735219,4,579,basic,,False,casp17/massivefold_external_pool_intake/h2312_t329/extracted_models/H2312_all_pdbs/Model_1142_af3_basic_af3_seed_735219_sample_4_pred_579.cif,awaiting_extract,"MassiveFold model pool index only. It parses organizer-provided external model tarball listings and stages balanced extraction/rerank candidates. These models remain external rerank and accuracy-estimation inputs, not internal predictions, not CASP submissions, and not competitive-proof evidence."
3,H2312,H2312_T329,952,H2312_all_pdbs/Model_1374_af3_basic_af3_seed_88502_sample_2_pred_407.cif,Model_1374_af3_basic_af3_seed_88502_sample_2_pred_407.cif,1374,AF3,af3_basic,88502,2,407,basic,,False,casp17/massivefold_external_pool_intake/h2312_t329/extracted_models/H2312_all_pdbs/Model_1374_af3_basic_af3_seed_88502_sample_2_pred_407.cif,awaiting_extract,"MassiveFold model pool index only. It parses organizer-provided external model tarball listings and stages balanced extraction/rerank candidates. These models remain external rerank and accuracy-estimation inputs, not internal predictions, not CASP submissions, and not competitive-proof evidence."
3,H2312,H2312_T329,965,H2312_all_pdbs/Model_1479_af3_basic_af3_seed_163619_sample_0_pred_75.cif,Model_1479_af3_basic_af3_seed_163619_sample_0_pred_75.cif,1479,AF3,af3_basic,163619,0,75,basic,,False,casp17/massivefold_external_pool_intake/h2312_t329/extracted_models/H2312_all_pdbs/Model_1479_af3_basic_af3_seed_163619_sample_0_pred_75.cif,awaiting_extract,"MassiveFold model pool index only. It parses organizer-provided external model tarball listings and stages balanced extraction/rerank candidates. These models remain external rerank and accuracy-estimation inputs, not internal predictions, not CASP submissions, and not competitive-proof evidence."
3,H2312,H2312_T329,1018,H2312_all_pdbs/Model_3487_af3_basic_af3_seed_889878_sample_4_pred_754.cif,Model_3487_af3_basic_af3_seed_889878_sample_4_pred_754.cif,3487,AF3,af3_basic,889878,4,754,basic,,False,casp17/massivefold_external_pool_intake/h2312_t329/extracted_models/H2312_all_pdbs/Model_3487_af3_basic_af3_seed_889878_sample_4_pred_754.cif,awaiting_extract,"MassiveFold model pool index only. It parses organizer-provided external model tarball listings and stages balanced extraction/rerank candidates. These models remain external rerank and accuracy-estimation inputs, not internal predictions, not CASP submissions, and not competitive-proof evidence."
3,H2312,H2312_T329,1033,H2312_all_pdbs/Model_1652_af3_basic_af3_seed_889900_sample_4_pred_864.cif,Model_1652_af3_basic_af3_seed_889900_sample_4_pred_864.cif,1652,AF3,af3_basic,889900,4,864,basic,,False,casp17/massivefold_external_pool_intake/h2312_t329/extracted_models/H2312_all_pdbs/Model_1652_af3_basic_af3_seed_889900_sample_4_pred_864.cif,awaiting_extract,"MassiveFold model pool index only. It parses organizer-provided external model tarball listings and stages balanced extraction/rerank candidates. These models remain external rerank and accuracy-estimation inputs, not internal predictions, not CASP submissions, and not competitive-proof evidence."
3,H2312,H2312_T329,1048,H2312_all_pdbs/Model_1648_af3_basic_af3_seed_88516_sample_4_pred_479.cif,Model_1648_af3_basic_af3_seed_88516_sample_4_pred_479.cif,1648,AF3,af3_basic,88516,4,479,basic,,False,casp17/massivefold_external_pool_intake/h2312_t329/extracted_models/H2312_all_pdbs/Model_1648_af3_basic_af3_seed_88516_sample_4_pred_479.cif,awaiting_extract,"MassiveFold model pool index only. It parses organizer-provided external model tarball listings and stages balanced extraction/rerank candidates. These models remain external rerank and accuracy-estimation inputs, not internal predictions, not CASP submissions, and not competitive-proof evidence."
3,H2312,H2312_T329,1052,H2312_all_pdbs/Model_1041_af3_basic_af3_seed_676029_sample_1_pred_131.cif,Model_1041_af3_basic_af3_seed_676029_sample_1_pred_131.cif,1041,AF3,af3_basic,676029,1,131,basic,,False,casp17/massivefold_external_pool_intake/h2312_t329/extracted_models/H2312_all_pdbs/Model_1041_af3_basic_af3_seed_676029_sample_1_pred_131.cif,awaiting_extract,"MassiveFold model pool index only. It parses organizer-provided external model tarball listings and stages balanced extraction/rerank candidates. These models remain external rerank and accuracy-estimation inputs, not internal predictions, not CASP submissions, and not competitive-proof evidence."
3,H2312,H2312_T329,1061,H2312_all_pdbs/Model_1173_af3_basic_af3_seed_163624_sample_0_pred_100.cif,Model_1173_af3_basic_af3_seed_163624_sample_0_pred_100.cif,1173,AF3,af3_basic,163624,0,100,basic,,False,casp17/massivefold_external_pool_intake/h2312_t329/extracted_models/H2312_all_pdbs/Model_1173_af3_basic_af3_seed_163624_sample_0_pred_100.cif,awaiting_extract,"MassiveFold model pool index only. It parses organizer-provided external model tarball listings and stages balanced extraction/rerank candidates. These models remain external rerank and accuracy-estimation inputs, not internal predictions, not CASP submissions, and not competitive-proof evidence."
3,H2312,H2312_T329,1068,H2312_all_pdbs/Model_1167_af3_basic_af3_seed_207354_sample_0_pred_890.cif,Model_1167_af3_basic_af3_seed_207354_sample_0_pred_890.cif,1167,AF3,af3_basic,207354,0,890,basic,,False,casp17/massivefold_external_pool_intake/h2312_t329/extracted_models/H2312_all_pdbs/Model_1167_af3_basic_af3_seed_207354_sample_0_pred_890.cif,awaiting_extract,"MassiveFold model pool index only. It parses organizer-provided external model tarball listings and stages balanced extraction/rerank candidates. These models remain external rerank and accuracy-estimation inputs, not internal predictions, not CASP submissions, and not competitive-proof evidence."
3,H2312,H2312_T329,1088,H2312_all_pdbs/Model_1101_af3_basic_af3_seed_676043_sample_0_pred_200.cif,Model_1101_af3_basic_af3_seed_676043_sample_0_pred_200.cif,1101,AF3,af3_basic,676043,0,200,basic,,False,casp17/massivefold_external_pool_intake/h2312_t329/extracted_models/H2312_all_pdbs/Model_1101_af3_basic_af3_seed_676043_sample_0_pred_200.cif,awaiting_extract,"MassiveFold model pool index only. It parses organizer-provided external model tarball listings and stages balanced extraction/rerank candidates. These models remain external rerank and accuracy-estimation inputs, not internal predictions, not CASP submissions, and not competitive-proof evidence."
3,H2312,H2312_T329,1095,H2312_all_pdbs/Model_1465_af3_basic_af3_seed_163606_sample_4_pred_14.cif,Model_1465_af3_basic_af3_seed_163606_sample_4_pred_14.cif,1465,AF3,af3_basic,163606,4,14,basic,,False,casp17/massivefold_external_pool_intake/h2312_t329/extracted_models/H2312_all_pdbs/Model_1465_af3_basic_af3_seed_163606_sample_4_pred_14.cif,awaiting_extract,"MassiveFold model pool index only. It parses organizer-provided external model tarball listings and stages balanced extraction/rerank candidates. These models remain external rerank and accuracy-estimation inputs, not internal predictions, not CASP submissions, and not competitive-proof evidence."
3,H2312,H2312_T329,1115,H2312_all_pdbs/Model_1336_af3_basic_af3_seed_889900_sample_2_pred_862.cif,Model_1336_af3_basic_af3_seed_889900_sample_2_pred_862.cif,1336,AF3,af3_basic,889900,2,862,basic,,False,casp17/massivefold_external_pool_intake/h2312_t329/extracted_models/H2312_all_pdbs/Model_1336_af3_basic_af3_seed_889900_sample_2_pred_862.cif,awaiting_extract,"MassiveFold model pool index only. It parses organizer-provided external model tarball listings and stages balanced extraction/rerank candidates. These models remain external rerank and accuracy-estimation inputs, not internal predictions, not CASP submissions, and not competitive-proof evidence."
3,H2312,H2312_T329,1116,H2312_all_pdbs/Model_1061_af3_basic_af3_seed_207353_sample_0_pred_885.cif,Model_1061_af3_basic_af3_seed_207353_sample_0_pred_885.cif,1061,AF3,af3_basic,207353,0,885,basic,,False,casp17/massivefold_external_pool_intake/h2312_t329/extracted_models/H2312_all_pdbs/Model_1061_af3_basic_af3_seed_207353_sample_0_pred_885.cif,awaiting_extract,"MassiveFold model pool index only. It parses organizer-provided external model tarball listings and stages balanced extraction/rerank candidates. These models remain external rerank and accuracy-estimation inputs, not internal predictions, not CASP submissions, and not competitive-proof evidence."
3,H2312,H2312_T329,1119,H2312_all_pdbs/Model_1345_af3_basic_af3_seed_207351_sample_0_pred_875.cif,Model_1345_af3_basic_af3_seed_207351_sample_0_pred_875.cif,1345,AF3,af3_basic,207351,0,875,basic,,False,casp17/massivefold_external_pool_intake/h2312_t329/extracted_models/H2312_all_pdbs/Model_1345_af3_basic_af3_seed_207351_sample_0_pred_875.cif,awaiting_extract,"MassiveFold model pool index only. It parses organizer-provided external model tarball listings and stages balanced extraction/rerank candidates. These models remain external rerank and accuracy-estimation inputs, not internal predictions, not CASP submissions, and not competitive-proof evidence."
3,H2312,H2312_T329,1129,H2312_all_pdbs/Model_3358_af3_basic_af3_seed_809675_sample_2_pred_697.cif,Model_3358_af3_basic_af3_seed_809675_sample_2_pred_697.cif,3358,AF3,af3_basic,809675,2,697,basic,,False,casp17/massivefold_external_pool_intake/h2312_t329/extracted_models/H2312_all_pdbs/Model_3358_af3_basic_af3_seed_809675_sample_2_pred_697.cif,awaiting_extract,"MassiveFold model pool index only. It parses organizer-provided external model tarball listings and stages balanced extraction/rerank candidates. These models remain external rerank and accuracy-estimation inputs, not internal predictions, not CASP submissions, and not competitive-proof evidence."
3,H2312,H2312_T329,1146,H2312_all_pdbs/Model_3425_af3_basic_af3_seed_735204_sample_1_pred_501.cif,Model_3425_af3_basic_af3_seed_735204_sample_1_pred_501.cif,3425,AF3,af3_basic,735204,1,501,basic,,False,casp17/massivefold_external_pool_intake/h2312_t329/extracted_models/H2312_all_pdbs/Model_3425_af3_basic_af3_seed_735204_sample_1_pred_501.cif,awaiting_extract,"MassiveFold model pool index only. It parses organizer-provided external model tarball listings and stages balanced extraction/rerank candidates. These models remain external rerank and accuracy-estimation inputs, not internal predictions, not CASP submissions, and not competitive-proof evidence."
3,H2312,H2312_T329,1152,H2312_all_pdbs/Model_1297_af3_basic_af3_seed_676051_sample_1_pred_241.cif,Model_1297_af3_basic_af3_seed_676051_sample_1_pred_241.cif,1297,AF3,af3_basic,676051,1,241,basic,,False,casp17/massivefold_external_pool_intake/h2312_t329/extracted_models/H2312_all_pdbs/Model_1297_af3_basic_af3_seed_676051_sample_1_pred_241.cif,awaiting_extract,"MassiveFold model pool index only. It parses organizer-provided external model tarball listings and stages balanced extraction/rerank candidates. These models remain external rerank and accuracy-estimation inputs, not internal predictions, not CASP submissions, and not competitive-proof evidence."
3,H2312,H2312_T329,1158,H2312_all_pdbs/Model_1090_af3_basic_af3_seed_163628_sample_0_pred_120.cif,Model_1090_af3_basic_af3_seed_163628_sample_0_pred_120.cif,1090,AF3,af3_basic,163628,0,120,basic,,False,casp17/massivefold_external_pool_intake/h2312_t329/extracted_models/H2312_all_pdbs/Model_1090_af3_basic_af3_seed_163628_sample_0_pred_120.cif,awaiting_extract,"MassiveFold model pool index only. It parses organizer-provided external model tarball listings and stages balanced extraction/rerank candidates. These models remain external rerank and accuracy-estimation inputs, not internal predictions, not CASP submissions, and not competitive-proof evidence."
3,H2312,H2312_T329,1168,H2312_all_pdbs/Model_1126_af3_basic_af3_seed_88499_sample_3_pred_393.cif,Model_1126_af3_basic_af3_seed_88499_sample_3_pred_393.cif,1126,AF3,af3_basic,88499,3,393,basic,,False,casp17/massivefold_external_pool_intake/h2312_t329/extracted_models/H2312_all_pdbs/Model_1126_af3_basic_af3_seed_88499_sample_3_pred_393.cif,awaiting_extract,"MassiveFold model pool index only. It parses organizer-provided external model tarball listings and stages balanced extraction/rerank candidates. These models remain external rerank and accuracy-estimation inputs, not internal predictions, not CASP submissions, and not competitive-proof evidence."
3,H2312,H2312_T329,1172,H2312_all_pdbs/Model_1001_af3_basic_af3_seed_676039_sample_0_pred_180.cif,Model_1001_af3_basic_af3_seed_676039_sample_0_pred_180.cif,1001,AF3,af3_basic,676039,0,180,basic,,False,casp17/massivefold_external_pool_intake/h2312_t329/extracted_models/H2312_all_pdbs/Model_1001_af3_basic_af3_seed_676039_sample_0_pred_180.cif,awaiting_extract,"MassiveFold model pool index only. It parses organizer-provided external model tarball listings and stages balanced extraction/rerank candidates. These models remain external rerank and accuracy-estimation inputs, not internal predictions, not CASP submissions, and not competitive-proof evidence."
3,H2312,H2312_T329,1181,H2312_all_pdbs/Model_1086_af3_basic_af3_seed_889891_sample_3_pred_818.cif,Model_1086_af3_basic_af3_seed_889891_sample_3_pred_818.cif,1086,AF3,af3_basic,889891,3,818,basic,,False,casp17/massivefold_external_pool_intake/h2312_t329/extracted_models/H2312_all_pdbs/Model_1086_af3_basic_af3_seed_889891_sample_3_pred_818.cif,awaiting_extract,"MassiveFold model pool index only. It parses organizer-provided external model tarball listings and stages balanced extraction/rerank candidates. These models remain external rerank and accuracy-estimation inputs, not internal predictions, not CASP submissions, and not competitive-proof evidence."
3,H2312,H2312_T329,1225,H2312_all_pdbs/Model_1082_af3_basic_af3_seed_889884_sample_1_pred_781.cif,Model_1082_af3_basic_af3_seed_889884_sample_1_pred_781.cif,1082,AF3,af3_basic,889884,1,781,basic,,False,casp17/massivefold_external_pool_intake/h2312_t329/extracted_models/H2312_all_pdbs/Model_1082_af3_basic_af3_seed_889884_sample_1_pred_781.cif,awaiting_extract,"MassiveFold model pool index only. It parses organizer-provided external model tarball listings and stages balanced extraction/rerank candidates. These models remain external rerank and accuracy-estimation inputs, not internal predictions, not CASP submissions, and not competitive-proof evidence."
3,H2312,H2312_T329,1231,H2312_all_pdbs/Model_1310_af3_basic_af3_seed_889893_sample_1_pred_826.cif,Model_1310_af3_basic_af3_seed_889893_sample_1_pred_826.cif,1310,AF3,af3_basic,889893,1,826,basic,,False,casp17/massivefold_external_pool_intake/h2312_t329/extracted_models/H2312_all_pdbs/Model_1310_af3_basic_af3_seed_889893_sample_1_pred_826.cif,awaiting_extract,"MassiveFold model pool index only. It parses organizer-provided external model tarball listings and stages balanced extraction/rerank candidates. These models remain external rerank and accuracy-estimation inputs, not internal predictions, not CASP submissions, and not competitive-proof evidence."
3,H2312,H2312_T329,1242,H2312_all_pdbs/Model_1337_af3_basic_af3_seed_809673_sample_2_pred_687.cif,Model_1337_af3_basic_af3_seed_809673_sample_2_pred_687.cif,1337,AF3,af3_basic,809673,2,687,basic,,False,casp17/massivefold_external_pool_intake/h2312_t329/extracted_models/H2312_all_pdbs/Model_1337_af3_basic_af3_seed_809673_sample_2_pred_687.cif,awaiting_extract,"MassiveFold model pool index only. It parses organizer-provided external model tarball listings and stages balanced extraction/rerank candidates. These models remain external rerank and accuracy-estimation inputs, not internal predictions, not CASP submissions, and not competitive-proof evidence."
3,H2312,H2312_T329,1253,H2312_all_pdbs/Model_3554_af3_basic_af3_seed_889896_sample_0_pred_840.cif,Model_3554_af3_basic_af3_seed_889896_sample_0_pred_840.cif,3554,AF3,af3_basic,889896,0,840,basic,,False,casp17/massivefold_external_pool_intake/h2312_t329/extracted_models/H2312_all_pdbs/Model_3554_af3_basic_af3_seed_889896_sample_0_pred_840.cif,awaiting_extract,"MassiveFold model pool index only. It parses organizer-provided external model tarball listings and stages balanced extraction/rerank candidates. These models remain external rerank and accuracy-estimation inputs, not internal predictions, not CASP submissions, and not competitive-proof evidence."
3,H2312,H2312_T329,1264,H2312_all_pdbs/Model_3406_af3_basic_af3_seed_889893_sample_0_pred_825.cif,Model_3406_af3_basic_af3_seed_889893_sample_0_pred_825.cif,3406,AF3,af3_basic,889893,0,825,basic,,False,casp17/massivefold_external_pool_intake/h2312_t329/extracted_models/H2312_all_pdbs/Model_3406_af3_basic_af3_seed_889893_sample_0_pred_825.cif,awaiting_extract,"MassiveFold model pool index only. It parses organizer-provided external model tarball listings and stages balanced extraction/rerank candidates. These models remain external rerank and accuracy-estimation inputs, not internal predictions, not CASP submissions, and not competitive-proof evidence."
3,H2312,H2312_T329,1278,H2312_all_pdbs/Model_3438_af3_basic_af3_seed_88503_sample_1_pred_411.cif,Model_3438_af3_basic_af3_seed_88503_sample_1_pred_411.cif,3438,AF3,af3_basic,88503,1,411,basic,,False,casp17/massivefold_external_pool_intake/h2312_t329/extracted_models/H2312_all_pdbs/Model_3438_af3_basic_af3_seed_88503_sample_1_pred_411.cif,awaiting_extract,"MassiveFold model pool index only. It parses organizer-provided external model tarball listings and stages balanced extraction/rerank candidates. These models remain external rerank and accuracy-estimation inputs, not internal predictions, not CASP submissions, and not competitive-proof evidence."
3,H2312,H2312_T329,1282,H2312_all_pdbs/Model_1430_af3_basic_af3_seed_88507_sample_4_pred_434.cif,Model_1430_af3_basic_af3_seed_88507_sample_4_pred_434.cif,1430,AF3,af3_basic,88507,4,434,basic,,False,casp17/massivefold_external_pool_intake/h2312_t329/extracted_models/H2312_all_pdbs/Model_1430_af3_basic_af3_seed_88507_sample_4_pred_434.cif,awaiting_extract,"MassiveFold model pool index only. It parses organizer-provided external model tarball listings and stages balanced extraction/rerank candidates. These models remain external rerank and accuracy-estimation inputs, not internal predictions, not CASP submissions, and not competitive-proof evidence."
3,H2312,H2312_T329,1295,H2312_all_pdbs/Model_1334_af3_basic_af3_seed_889892_sample_0_pred_820.cif,Model_1334_af3_basic_af3_seed_889892_sample_0_pred_820.cif,1334,AF3,af3_basic,889892,0,820,basic,,False,casp17/massivefold_external_pool_intake/h2312_t329/extracted_models/H2312_all_pdbs/Model_1334_af3_basic_af3_seed_889892_sample_0_pred_820.cif,awaiting_extract,"MassiveFold model pool index only. It parses organizer-provided external model tarball listings and stages balanced extraction/rerank candidates. These models remain external rerank and accuracy-estimation inputs, not internal predictions, not CASP submissions, and not competitive-proof evidence."
3,H2312,H2312_T329,1303,H2312_all_pdbs/Model_1222_af3_basic_af3_seed_809677_sample_2_pred_707.cif,Model_1222_af3_basic_af3_seed_809677_sample_2_pred_707.cif,1222,AF3,af3_basic,809677,2,707,basic,,False,casp17/massivefold_external_pool_intake/h2312_t329/extracted_models/H2312_all_pdbs/Model_1222_af3_basic_af3_seed_809677_sample_2_pred_707.cif,awaiting_extract,"MassiveFold model pool index only. It parses organizer-provided external model tarball listings and stages balanced extraction/rerank candidates. These models remain external rerank and accuracy-estimation inputs, not internal predictions, not CASP submissions, and not competitive-proof evidence."
3,H2312,H2312_T329,1307,H2312_all_pdbs/Model_1651_af3_basic_af3_seed_861516_sample_1_pred_346.cif,Model_1651_af3_basic_af3_seed_861516_sample_1_pred_346.cif,1651,AF3,af3_basic,861516,1,346,basic,,False,casp17/massivefold_external_pool_intake/h2312_t329/extracted_models/H2312_all_pdbs/Model_1651_af3_basic_af3_seed_861516_sample_1_pred_346.cif,awaiting_extract,"MassiveFold model pool index only. It parses organizer-provided external model tarball listings and stages balanced extraction/rerank candidates. These models remain external rerank and accuracy-estimation inputs, not internal predictions, not CASP submissions, and not competitive-proof evidence."
3,H2312,H2312_T329,1315,H2312_all_pdbs/Model_1507_af3_basic_af3_seed_809682_sample_3_pred_733.cif,Model_1507_af3_basic_af3_seed_809682_sample_3_pred_733.cif,1507,AF3,af3_basic,809682,3,733,basic,,False,casp17/massivefold_external_pool_intake/h2312_t329/extracted_models/H2312_all_pdbs/Model_1507_af3_basic_af3_seed_809682_sample_3_pred_733.cif,awaiting_extract,"MassiveFold model pool index only. It parses organizer-provided external model tarball listings and stages balanced extraction/rerank candidates. These models remain external rerank and accuracy-estimation inputs, not internal predictions, not CASP submissions, and not competitive-proof evidence."
3,H2312,H2312_T329,1364,H2312_all_pdbs/Model_1327_af3_basic_af3_seed_809662_sample_4_pred_634.cif,Model_1327_af3_basic_af3_seed_809662_sample_4_pred_634.cif,1327,AF3,af3_basic,809662,4,634,basic,,False,casp17/massivefold_external_pool_intake/h2312_t329/extracted_models/H2312_all_pdbs/Model_1327_af3_basic_af3_seed_809662_sample_4_pred_634.cif,awaiting_extract,"MassiveFold model pool index only. It parses organizer-provided external model tarball listings and stages balanced extraction/rerank candidates. These models remain external rerank and accuracy-estimation inputs, not internal predictions, not CASP submissions, and not competitive-proof evidence."
3,H2312,H2312_T329,1365,H2312_all_pdbs/Model_1070_af3_basic_af3_seed_88502_sample_4_pred_409.cif,Model_1070_af3_basic_af3_seed_88502_sample_4_pred_409.cif,1070,AF3,af3_basic,88502,4,409,basic,,False,casp17/massivefold_external_pool_intake/h2312_t329/extracted_models/H2312_all_pdbs/Model_1070_af3_basic_af3_seed_88502_sample_4_pred_409.cif,awaiting_extract,"MassiveFold model pool index only. It parses organizer-provided external model tarball listings and stages balanced extraction/rerank candidates. These models remain external rerank and accuracy-estimation inputs, not internal predictions, not CASP submissions, and not competitive-proof evidence."
3,H2312,H2312_T329,1389,H2312_all_pdbs/Model_3370_af3_basic_af3_seed_861520_sample_1_pred_366.cif,Model_3370_af3_basic_af3_seed_861520_sample_1_pred_366.cif,3370,AF3,af3_basic,861520,1,366,basic,,False,casp17/massivefold_external_pool_intake/h2312_t329/extracted_models/H2312_all_pdbs/Model_3370_af3_basic_af3_seed_861520_sample_1_pred_366.cif,awaiting_extract,"MassiveFold model pool index only. It parses organizer-provided external model tarball listings and stages balanced extraction/rerank candidates. These models remain external rerank and accuracy-estimation inputs, not internal predictions, not CASP submissions, and not competitive-proof evidence."
3,H2312,H2312_T329,1398,H2312_all_pdbs/Model_1067_af3_basic_af3_seed_861507_sample_4_pred_304.cif,Model_1067_af3_basic_af3_seed_861507_sample_4_pred_304.cif,1067,AF3,af3_basic,861507,4,304,basic,,False,casp17/massivefold_external_pool_intake/h2312_t329/extracted_models/H2312_all_pdbs/Model_1067_af3_basic_af3_seed_861507_sample_4_pred_304.cif,awaiting_extract,"MassiveFold model pool index only. It parses organizer-provided external model tarball listings and stages balanced extraction/rerank candidates. These models remain external rerank and accuracy-estimation inputs, not internal predictions, not CASP submissions, and not competitive-proof evidence."
3,H2312,H2312_T329,1424,H2312_all_pdbs/Model_1586_af3_basic_af3_seed_163624_sample_3_pred_103.cif,Model_1586_af3_basic_af3_seed_163624_sample_3_pred_103.cif,1586,AF3,af3_basic,163624,3,103,basic,,False,casp17/massivefold_external_pool_intake/h2312_t329/extracted_models/H2312_all_pdbs/Model_1586_af3_basic_af3_seed_163624_sample_3_pred_103.cif,awaiting_extract,"MassiveFold model pool index only. It parses organizer-provided external model tarball listings and stages balanced extraction/rerank candidates. These models remain external rerank and accuracy-estimation inputs, not internal predictions, not CASP submissions, and not competitive-proof evidence."
3,H2312,H2312_T329,1437,H2312_all_pdbs/Model_1192_af3_basic_af3_seed_809670_sample_2_pred_672.cif,Model_1192_af3_basic_af3_seed_809670_sample_2_pred_672.cif,1192,AF3,af3_basic,809670,2,672,basic,,False,casp17/massivefold_external_pool_intake/h2312_t329/extracted_models/H2312_all_pdbs/Model_1192_af3_basic_af3_seed_809670_sample_2_pred_672.cif,awaiting_extract,"MassiveFold model pool index only. It parses organizer-provided external model tarball listings and stages balanced extraction/rerank candidates. These models remain external rerank and accuracy-estimation inputs, not internal predictions, not CASP submissions, and not competitive-proof evidence."
3,H2312,H2312_T329,1438,H2312_all_pdbs/Model_1059_af3_basic_af3_seed_889898_sample_1_pred_851.cif,Model_1059_af3_basic_af3_seed_889898_sample_1_pred_851.cif,1059,AF3,af3_basic,889898,1,851,basic,,False,casp17/massivefold_external_pool_intake/h2312_t329/extracted_models/H2312_all_pdbs/Model_1059_af3_basic_af3_seed_889898_sample_1_pred_851.cif,awaiting_extract,"MassiveFold model pool index only. It parses organizer-provided external model tarball listings and stages balanced extraction/rerank candidates. These models remain external rerank and accuracy-estimation inputs, not internal predictions, not CASP submissions, and not competitive-proof evidence."
3,H2312,H2312_T329,1447,H2312_all_pdbs/Model_4255_af3_basic_af3_seed_88520_sample_4_pred_499.cif,Model_4255_af3_basic_af3_seed_88520_sample_4_pred_499.cif,4255,AF3,af3_basic,88520,4,499,basic,,False,casp17/massivefold_external_pool_intake/h2312_t329/extracted_models/H2312_all_pdbs/Model_4255_af3_basic_af3_seed_88520_sample_4_pred_499.cif,awaiting_extract,"MassiveFold model pool index only. It parses organizer-provided external model tarball listings and stages balanced extraction/rerank candidates. These models remain external rerank and accuracy-estimation inputs, not internal predictions, not CASP submissions, and not competitive-proof evidence."
3,H2312,H2312_T329,1476,H2312_all_pdbs/Model_1554_af3_basic_af3_seed_735223_sample_3_pred_598.cif,Model_1554_af3_basic_af3_seed_735223_sample_3_pred_598.cif,1554,AF3,af3_basic,735223,3,598,basic,,False,casp17/massivefold_external_pool_intake/h2312_t329/extracted_models/H2312_all_pdbs/Model_1554_af3_basic_af3_seed_735223_sample_3_pred_598.cif,awaiting_extract,"MassiveFold model pool index only. It parses organizer-provided external model tarball listings and stages balanced extraction/rerank candidates. These models remain external rerank and accuracy-estimation inputs, not internal predictions, not CASP submissions, and not competitive-proof evidence."
3,H2312,H2312_T329,1485,H2312_all_pdbs/Model_1122_af3_basic_af3_seed_207352_sample_2_pred_882.cif,Model_1122_af3_basic_af3_seed_207352_sample_2_pred_882.cif,1122,AF3,af3_basic,207352,2,882,basic,,False,casp17/massivefold_external_pool_intake/h2312_t329/extracted_models/H2312_all_pdbs/Model_1122_af3_basic_af3_seed_207352_sample_2_pred_882.cif,awaiting_extract,"MassiveFold model pool index only. It parses organizer-provided external model tarball listings and stages balanced extraction/rerank candidates. These models remain external rerank and accuracy-estimation inputs, not internal predictions, not CASP submissions, and not competitive-proof evidence."
3,H2312,H2312_T329,1508,H2312_all_pdbs/Model_1541_af3_basic_af3_seed_676034_sample_0_pred_155.cif,Model_1541_af3_basic_af3_seed_676034_sample_0_pred_155.cif,1541,AF3,af3_basic,676034,0,155,basic,,False,casp17/massivefold_external_pool_intake/h2312_t329/extracted_models/H2312_all_pdbs/Model_1541_af3_basic_af3_seed_676034_sample_0_pred_155.cif,awaiting_extract,"MassiveFold model pool index only. It parses organizer-provided external model tarball listings and stages balanced extraction/rerank candidates. These models remain external rerank and accuracy-estimation inputs, not internal predictions, not CASP submissions, and not competitive-proof evidence."
3,H2312,H2312_T329,1510,H2312_all_pdbs/Model_1666_af3_basic_af3_seed_861499_sample_0_pred_260.cif,Model_1666_af3_basic_af3_seed_861499_sample_0_pred_260.cif,1666,AF3,af3_basic,861499,0,260,basic,,False,casp17/massivefold_external_pool_intake/h2312_t329/extracted_models/H2312_all_pdbs/Model_1666_af3_basic_af3_seed_861499_sample_0_pred_260.cif,awaiting_extract,"MassiveFold model pool index only. It parses organizer-provided external model tarball listings and stages balanced extraction/rerank candidates. These models remain external rerank and accuracy-estimation inputs, not internal predictions, not CASP submissions, and not competitive-proof evidence."
3,H2312,H2312_T329,1512,H2312_all_pdbs/Model_1032_af3_basic_af3_seed_889902_sample_3_pred_873.cif,Model_1032_af3_basic_af3_seed_889902_sample_3_pred_873.cif,1032,AF3,af3_basic,889902,3,873,basic,,False,casp17/massivefold_external_pool_intake/h2312_t329/extracted_models/H2312_all_pdbs/Model_1032_af3_basic_af3_seed_889902_sample_3_pred_873.cif,awaiting_extract,"MassiveFold model pool index only. It parses organizer-provided external model tarball listings and stages balanced extraction/rerank candidates. These models remain external rerank and accuracy-estimation inputs, not internal predictions, not CASP submissions, and not competitive-proof evidence."
3,H2312,H2312_T329,1522,H2312_all_pdbs/Model_3336_af3_basic_af3_seed_207368_sample_2_pred_962.cif,Model_3336_af3_basic_af3_seed_207368_sample_2_pred_962.cif,3336,AF3,af3_basic,207368,2,962,basic,,False,casp17/massivefold_external_pool_intake/h2312_t329/extracted_models/H2312_all_pdbs/Model_3336_af3_basic_af3_seed_207368_sample_2_pred_962.cif,awaiting_extract,"MassiveFold model pool index only. It parses organizer-provided external model tarball listings and stages balanced extraction/rerank candidates. These models remain external rerank and accuracy-estimation inputs, not internal predictions, not CASP submissions, and not competitive-proof evidence."
3,H2312,H2312_T329,1542,H2312_all_pdbs/Model_1102_af3_basic_af3_seed_676048_sample_3_pred_228.cif,Model_1102_af3_basic_af3_seed_676048_sample_3_pred_228.cif,1102,AF3,af3_basic,676048,3,228,basic,,False,casp17/massivefold_external_pool_intake/h2312_t329/extracted_models/H2312_all_pdbs/Model_1102_af3_basic_af3_seed_676048_sample_3_pred_228.cif,awaiting_extract,"MassiveFold model pool index only. It parses organizer-provided external model tarball listings and stages balanced extraction/rerank candidates. These models remain external rerank and accuracy-estimation inputs, not internal predictions, not CASP submissions, and not competitive-proof evidence."
3,H2312,H2312_T329,1549,H2312_all_pdbs/Model_1277_af3_basic_af3_seed_88516_sample_1_pred_476.cif,Model_1277_af3_basic_af3_seed_88516_sample_1_pred_476.cif,1277,AF3,af3_basic,88516,1,476,basic,,False,casp17/massivefold_external_pool_intake/h2312_t329/extracted_models/H2312_all_pdbs/Model_1277_af3_basic_af3_seed_88516_sample_1_pred_476.cif,awaiting_extract,"MassiveFold model pool index only. It parses organizer-provided external model tarball listings and stages balanced extraction/rerank candidates. These models remain external rerank and accuracy-estimation inputs, not internal predictions, not CASP submissions, and not competitive-proof evidence."
3,H2312,H2312_T329,1584,H2312_all_pdbs/Model_1487_af3_basic_af3_seed_735228_sample_0_pred_620.cif,Model_1487_af3_basic_af3_seed_735228_sample_0_pred_620.cif,1487,AF3,af3_basic,735228,0,620,basic,,False,casp17/massivefold_external_pool_intake/h2312_t329/extracted_models/H2312_all_pdbs/Model_1487_af3_basic_af3_seed_735228_sample_0_pred_620.cif,awaiting_extract,"MassiveFold model pool index only. It parses organizer-provided external model tarball listings and stages balanced extraction/rerank candidates. These models remain external rerank and accuracy-estimation inputs, not internal predictions, not CASP submissions, and not competitive-proof evidence."
3,H2312,H2312_T329,1589,H2312_all_pdbs/Model_1022_af3_basic_af3_seed_735209_sample_3_pred_528.cif,Model_1022_af3_basic_af3_seed_735209_sample_3_pred_528.cif,1022,AF3,af3_basic,735209,3,528,basic,,False,casp17/massivefold_external_pool_intake/h2312_t329/extracted_models/H2312_all_pdbs/Model_1022_af3_basic_af3_seed_735209_sample_3_pred_528.cif,awaiting_extract,"MassiveFold model pool index only. It parses organizer-provided external model tarball listings and stages balanced extraction/rerank candidates. These models remain external rerank and accuracy-estimation inputs, not internal predictions, not CASP submissions, and not competitive-proof evidence."
3,H2312,H2312_T329,1609,H2312_all_pdbs/Model_1439_af3_basic_af3_seed_163616_sample_3_pred_63.cif,Model_1439_af3_basic_af3_seed_163616_sample_3_pred_63.cif,1439,AF3,af3_basic,163616,3,63,basic,,False,casp17/massivefold_external_pool_intake/h2312_t329/extracted_models/H2312_all_pdbs/Model_1439_af3_basic_af3_seed_163616_sample_3_pred_63.cif,awaiting_extract,"MassiveFold model pool index only. It parses organizer-provided external model tarball listings and stages balanced extraction/rerank candidates. These models remain external rerank and accuracy-estimation inputs, not internal predictions, not CASP submissions, and not competitive-proof evidence."
3,H2312,H2312_T329,1628,H2312_all_pdbs/Model_3347_af3_basic_af3_seed_163619_sample_4_pred_79.cif,Model_3347_af3_basic_af3_seed_163619_sample_4_pred_79.cif,3347,AF3,af3_basic,163619,4,79,basic,,False,casp17/massivefold_external_pool_intake/h2312_t329/extracted_models/H2312_all_pdbs/Model_3347_af3_basic_af3_seed_163619_sample_4_pred_79.cif,awaiting_extract,"MassiveFold model pool index only. It parses organizer-provided external model tarball listings and stages balanced extraction/rerank candidates. These models remain external rerank and accuracy-estimation inputs, not internal predictions, not CASP submissions, and not competitive-proof evidence."
3,H2312,H2312_T329,1629,H2312_all_pdbs/Model_3533_af3_basic_af3_seed_88507_sample_1_pred_431.cif,Model_3533_af3_basic_af3_seed_88507_sample_1_pred_431.cif,3533,AF3,af3_basic,88507,1,431,basic,,False,casp17/massivefold_external_pool_intake/h2312_t329/extracted_models/H2312_all_pdbs/Model_3533_af3_basic_af3_seed_88507_sample_1_pred_431.cif,awaiting_extract,"MassiveFold model pool index only. It parses organizer-provided external model tarball listings and stages balanced extraction/rerank candidates. These models remain external rerank and accuracy-estimation inputs, not internal predictions, not CASP submissions, and not competitive-proof evidence."
3,H2312,H2312_T329,1635,H2312_all_pdbs/Model_1057_af3_basic_af3_seed_88506_sample_3_pred_428.cif,Model_1057_af3_basic_af3_seed_88506_sample_3_pred_428.cif,1057,AF3,af3_basic,88506,3,428,basic,,False,casp17/massivefold_external_pool_intake/h2312_t329/extracted_models/H2312_all_pdbs/Model_1057_af3_basic_af3_seed_88506_sample_3_pred_428.cif,awaiting_extract,"MassiveFold model pool index only. It parses organizer-provided external model tarball listings and stages balanced extraction/rerank candidates. These models remain external rerank and accuracy-estimation inputs, not internal predictions, not CASP submissions, and not competitive-proof evidence."
3,H2312,H2312_T329,1642,H2312_all_pdbs/Model_4273_af3_basic_af3_seed_676030_sample_3_pred_138.cif,Model_4273_af3_basic_af3_seed_676030_sample_3_pred_138.cif,4273,AF3,af3_basic,676030,3,138,basic,,False,casp17/massivefold_external_pool_intake/h2312_t329/extracted_models/H2312_all_pdbs/Model_4273_af3_basic_af3_seed_676030_sample_3_pred_138.cif,awaiting_extract,"MassiveFold model pool index only. It parses organizer-provided external model tarball listings and stages balanced extraction/rerank candidates. These models remain external rerank and accuracy-estimation inputs, not internal predictions, not CASP submissions, and not competitive-proof evidence."
3,H2312,H2312_T329,1648,H2312_all_pdbs/Model_3345_af3_basic_af3_seed_809678_sample_4_pred_714.cif,Model_3345_af3_basic_af3_seed_809678_sample_4_pred_714.cif,3345,AF3,af3_basic,809678,4,714,basic,,False,casp17/massivefold_external_pool_intake/h2312_t329/extracted_models/H2312_all_pdbs/Model_3345_af3_basic_af3_seed_809678_sample_4_pred_714.cif,awaiting_extract,"MassiveFold model pool index only. It parses organizer-provided external model tarball listings and stages balanced extraction/rerank candidates. These models remain external rerank and accuracy-estimation inputs, not internal predictions, not CASP submissions, and not competitive-proof evidence."
3,H2312,H2312_T329,1664,H2312_all_pdbs/Model_1127_af3_basic_af3_seed_88517_sample_4_pred_484.cif,Model_1127_af3_basic_af3_seed_88517_sample_4_pred_484.cif,1127,AF3,af3_basic,88517,4,484,basic,,False,casp17/massivefold_external_pool_intake/h2312_t329/extracted_models/H2312_all_pdbs/Model_1127_af3_basic_af3_seed_88517_sample_4_pred_484.cif,awaiting_extract,"MassiveFold model pool index only. It parses organizer-provided external model tarball listings and stages balanced extraction/rerank candidates. These models remain external rerank and accuracy-estimation inputs, not internal predictions, not CASP submissions, and not competitive-proof evidence."
3,H2312,H2312_T329,1678,H2312_all_pdbs/Model_3439_af3_basic_af3_seed_809676_sample_4_pred_704.cif,Model_3439_af3_basic_af3_seed_809676_sample_4_pred_704.cif,3439,AF3,af3_basic,809676,4,704,basic,,False,casp17/massivefold_external_pool_intake/h2312_t329/extracted_models/H2312_all_pdbs/Model_3439_af3_basic_af3_seed_809676_sample_4_pred_704.cif,awaiting_extract,"MassiveFold model pool index only. It parses organizer-provided external model tarball listings and stages balanced extraction/rerank candidates. These models remain external rerank and accuracy-estimation inputs, not internal predictions, not CASP submissions, and not competitive-proof evidence."
3,H2312,H2312_T329,1679,H2312_all_pdbs/Model_4266_af3_basic_af3_seed_809672_sample_2_pred_682.cif,Model_4266_af3_basic_af3_seed_809672_sample_2_pred_682.cif,4266,AF3,af3_basic,809672,2,682,basic,,False,casp17/massivefold_external_pool_intake/h2312_t329/extracted_models/H2312_all_pdbs/Model_4266_af3_basic_af3_seed_809672_sample_2_pred_682.cif,awaiting_extract,"MassiveFold model pool index only. It parses organizer-provided external model tarball listings and stages balanced extraction/rerank candidates. These models remain external rerank and accuracy-estimation inputs, not internal predictions, not CASP submissions, and not competitive-proof evidence."
3,H2312,H2312_T329,1691,H2312_all_pdbs/Model_3534_af3_basic_af3_seed_861508_sample_2_pred_307.cif,Model_3534_af3_basic_af3_seed_861508_sample_2_pred_307.cif,3534,AF3,af3_basic,861508,2,307,basic,,False,casp17/massivefold_external_pool_intake/h2312_t329/extracted_models/H2312_all_pdbs/Model_3534_af3_basic_af3_seed_861508_sample_2_pred_307.cif,awaiting_extract,"MassiveFold model pool index only. It parses organizer-provided external model tarball listings and stages balanced extraction/rerank candidates. These models remain external rerank and accuracy-estimation inputs, not internal predictions, not CASP submissions, and not competitive-proof evidence."
3,H2312,H2312_T329,1747,H2312_all_pdbs/Model_1003_af3_basic_af3_seed_163604_sample_0_pred_0.cif,Model_1003_af3_basic_af3_seed_163604_sample_0_pred_0.cif,1003,AF3,af3_basic,163604,0,0,basic,,False,casp17/massivefold_external_pool_intake/h2312_t329/extracted_models/H2312_all_pdbs/Model_1003_af3_basic_af3_seed_163604_sample_0_pred_0.cif,awaiting_extract,"MassiveFold model pool index only. It parses organizer-provided external model tarball listings and stages balanced extraction/rerank candidates. These models remain external rerank and accuracy-estimation inputs, not internal predictions, not CASP submissions, and not competitive-proof evidence."
3,H2312,H2312_T329,1751,H2312_all_pdbs/Model_1294_af3_basic_af3_seed_735221_sample_1_pred_586.cif,Model_1294_af3_basic_af3_seed_735221_sample_1_pred_586.cif,1294,AF3,af3_basic,735221,1,586,basic,,False,casp17/massivefold_external_pool_intake/h2312_t329/extracted_models/H2312_all_pdbs/Model_1294_af3_basic_af3_seed_735221_sample_1_pred_586.cif,awaiting_extract,"MassiveFold model pool index only. It parses organizer-provided external model tarball listings and stages balanced extraction/rerank candidates. These models remain external rerank and accuracy-estimation inputs, not internal predictions, not CASP submissions, and not competitive-proof evidence."
3,H2312,H2312_T329,1780,H2312_all_pdbs/Model_4257_af3_basic_af3_seed_735211_sample_1_pred_536.cif,Model_4257_af3_basic_af3_seed_735211_sample_1_pred_536.cif,4257,AF3,af3_basic,735211,1,536,basic,,False,casp17/massivefold_external_pool_intake/h2312_t329/extracted_models/H2312_all_pdbs/Model_4257_af3_basic_af3_seed_735211_sample_1_pred_536.cif,awaiting_extract,"MassiveFold model pool index only. It parses organizer-provided external model tarball listings and stages balanced extraction/rerank candidates. These models remain external rerank and accuracy-estimation inputs, not internal predictions, not CASP submissions, and not competitive-proof evidence."
3,H2312,H2312_T329,1786,H2312_all_pdbs/Model_1602_af3_basic_af3_seed_809674_sample_1_pred_691.cif,Model_1602_af3_basic_af3_seed_809674_sample_1_pred_691.cif,1602,AF3,af3_basic,809674,1,691,basic,,False,casp17/massivefold_external_pool_intake/h2312_t329/extracted_models/H2312_all_pdbs/Model_1602_af3_basic_af3_seed_809674_sample_1_pred_691.cif,awaiting_extract,"MassiveFold model pool index only. It parses organizer-provided external model tarball listings and stages balanced extraction/rerank candidates. These models remain external rerank and accuracy-estimation inputs, not internal predictions, not CASP submissions, and not competitive-proof evidence."
3,H2312,H2312_T329,1820,H2312_all_pdbs/Model_3566_af3_basic_af3_seed_163615_sample_3_pred_58.cif,Model_3566_af3_basic_af3_seed_163615_sample_3_pred_58.cif,3566,AF3,af3_basic,163615,3,58,basic,,False,casp17/massivefold_external_pool_intake/h2312_t329/extracted_models/H2312_all_pdbs/Model_3566_af3_basic_af3_seed_163615_sample_3_pred_58.cif,awaiting_extract,"MassiveFold model pool index only. It parses organizer-provided external model tarball listings and stages balanced extraction/rerank candidates. These models remain external rerank and accuracy-estimation inputs, not internal predictions, not CASP submissions, and not competitive-proof evidence."
3,H2312,H2312_T329,1824,H2312_all_pdbs/Model_3373_af3_basic_af3_seed_676043_sample_1_pred_201.cif,Model_3373_af3_basic_af3_seed_676043_sample_1_pred_201.cif,3373,AF3,af3_basic,676043,1,201,basic,,False,casp17/massivefold_external_pool_intake/h2312_t329/extracted_models/H2312_all_pdbs/Model_3373_af3_basic_af3_seed_676043_sample_1_pred_201.cif,awaiting_extract,"MassiveFold model pool index only. It parses organizer-provided external model tarball listings and stages balanced extraction/rerank candidates. These models remain external rerank and accuracy-estimation inputs, not internal predictions, not CASP submissions, and not competitive-proof evidence."
3,H2312,H2312_T329,1828,H2312_all_pdbs/Model_3417_af3_basic_af3_seed_88509_sample_1_pred_441.cif,Model_3417_af3_basic_af3_seed_88509_sample_1_pred_441.cif,3417,AF3,af3_basic,88509,1,441,basic,,False,casp17/massivefold_external_pool_intake/h2312_t329/extracted_models/H2312_all_pdbs/Model_3417_af3_basic_af3_seed_88509_sample_1_pred_441.cif,awaiting_extract,"MassiveFold model pool index only. It parses organizer-provided external model tarball listings and stages balanced extraction/rerank candidates. These models remain external rerank and accuracy-estimation inputs, not internal predictions, not CASP submissions, and not competitive-proof evidence."
3,H2312,H2312_T329,1847,H2312_all_pdbs/Model_3351_af3_basic_af3_seed_809664_sample_1_pred_641.cif,Model_3351_af3_basic_af3_seed_809664_sample_1_pred_641.cif,3351,AF3,af3_basic,809664,1,641,basic,,False,casp17/massivefold_external_pool_intake/h2312_t329/extracted_models/H2312_all_pdbs/Model_3351_af3_basic_af3_seed_809664_sample_1_pred_641.cif,awaiting_extract,"MassiveFold model pool index only. It parses organizer-provided external model tarball listings and stages balanced extraction/rerank candidates. These models remain external rerank and accuracy-estimation inputs, not internal predictions, not CASP submissions, and not competitive-proof evidence."
3,H2312,H2312_T329,1857,H2312_all_pdbs/Model_1631_af3_basic_af3_seed_889900_sample_0_pred_860.cif,Model_1631_af3_basic_af3_seed_889900_sample_0_pred_860.cif,1631,AF3,af3_basic,889900,0,860,basic,,False,casp17/massivefold_external_pool_intake/h2312_t329/extracted_models/H2312_all_pdbs/Model_1631_af3_basic_af3_seed_889900_sample_0_pred_860.cif,awaiting_extract,"MassiveFold model pool index only. It parses organizer-provided external model tarball listings and stages balanced extraction/rerank candidates. These models remain external rerank and accuracy-estimation inputs, not internal predictions, not CASP submissions, and not competitive-proof evidence."
3,H2312,H2312_T329,1873,H2312_all_pdbs/Model_1646_af3_basic_af3_seed_809667_sample_2_pred_657.cif,Model_1646_af3_basic_af3_seed_809667_sample_2_pred_657.cif,1646,AF3,af3_basic,809667,2,657,basic,,False,casp17/massivefold_external_pool_intake/h2312_t329/extracted_models/H2312_all_pdbs/Model_1646_af3_basic_af3_seed_809667_sample_2_pred_657.cif,awaiting_extract,"MassiveFold model pool index only. It parses organizer-provided external model tarball listings and stages balanced extraction/rerank candidates. These models remain external rerank and accuracy-estimation inputs, not internal predictions, not CASP submissions, and not competitive-proof evidence."
3,H2312,H2312_T329,1874,H2312_all_pdbs/Model_1564_af3_basic_af3_seed_676030_sample_0_pred_135.cif,Model_1564_af3_basic_af3_seed_676030_sample_0_pred_135.cif,1564,AF3,af3_basic,676030,0,135,basic,,False,casp17/massivefold_external_pool_intake/h2312_t329/extracted_models/H2312_all_pdbs/Model_1564_af3_basic_af3_seed_676030_sample_0_pred_135.cif,awaiting_extract,"MassiveFold model pool index only. It parses organizer-provided external model tarball listings and stages balanced extraction/rerank candidates. These models remain external rerank and accuracy-estimation inputs, not internal predictions, not CASP submissions, and not competitive-proof evidence."
3,H2312,H2312_T329,1880,H2312_all_pdbs/Model_1199_af3_basic_af3_seed_861502_sample_2_pred_277.cif,Model_1199_af3_basic_af3_seed_861502_sample_2_pred_277.cif,1199,AF3,af3_basic,861502,2,277,basic,,False,casp17/massivefold_external_pool_intake/h2312_t329/extracted_models/H2312_all_pdbs/Model_1199_af3_basic_af3_seed_861502_sample_2_pred_277.cif,awaiting_extract,"MassiveFold model pool index only. It parses organizer-provided external model tarball listings and stages balanced extraction/rerank candidates. These models remain external rerank and accuracy-estimation inputs, not internal predictions, not CASP submissions, and not competitive-proof evidence."
3,H2312,H2312_T329,1892,H2312_all_pdbs/Model_1474_af3_basic_af3_seed_676036_sample_2_pred_167.cif,Model_1474_af3_basic_af3_seed_676036_sample_2_pred_167.cif,1474,AF3,af3_basic,676036,2,167,basic,,False,casp17/massivefold_external_pool_intake/h2312_t329/extracted_models/H2312_all_pdbs/Model_1474_af3_basic_af3_seed_676036_sample_2_pred_167.cif,awaiting_extract,"MassiveFold model pool index only. It parses organizer-provided external model tarball listings and stages balanced extraction/rerank candidates. These models remain external rerank and accuracy-estimation inputs, not internal predictions, not CASP submissions, and not competitive-proof evidence."
3,H2312,H2312_T329,1897,H2312_all_pdbs/Model_1264_af3_basic_af3_seed_165012_sample_3_pred_1003.cif,Model_1264_af3_basic_af3_seed_165012_sample_3_pred_1003.cif,1264,AF3,af3_basic,165012,3,1003,basic,,False,casp17/massivefold_external_pool_intake/h2312_t329/extracted_models/H2312_all_pdbs/Model_1264_af3_basic_af3_seed_165012_sample_3_pred_1003.cif,awaiting_extract,"MassiveFold model pool index only. It parses organizer-provided external model tarball listings and stages balanced extraction/rerank candidates. These models remain external rerank and accuracy-estimation inputs, not internal predictions, not CASP submissions, and not competitive-proof evidence."
3,H2312,H2312_T329,1906,H2312_all_pdbs/Model_1089_af3_basic_af3_seed_163624_sample_2_pred_102.cif,Model_1089_af3_basic_af3_seed_163624_sample_2_pred_102.cif,1089,AF3,af3_basic,163624,2,102,basic,,False,casp17/massivefold_external_pool_intake/h2312_t329/extracted_models/H2312_all_pdbs/Model_1089_af3_basic_af3_seed_163624_sample_2_pred_102.cif,awaiting_extract,"MassiveFold model pool index only. It parses organizer-provided external model tarball listings and stages balanced extraction/rerank candidates. These models remain external rerank and accuracy-estimation inputs, not internal predictions, not CASP submissions, and not competitive-proof evidence."
3,H2312,H2312_T329,1925,H2312_all_pdbs/Model_1335_af3_basic_af3_seed_676038_sample_3_pred_178.cif,Model_1335_af3_basic_af3_seed_676038_sample_3_pred_178.cif,1335,AF3,af3_basic,676038,3,178,basic,,False,casp17/massivefold_external_pool_intake/h2312_t329/extracted_models/H2312_all_pdbs/Model_1335_af3_basic_af3_seed_676038_sample_3_pred_178.cif,awaiting_extract,"MassiveFold model pool index only. It parses organizer-provided external model tarball listings and stages balanced extraction/rerank candidates. These models remain external rerank and accuracy-estimation inputs, not internal predictions, not CASP submissions, and not competitive-proof evidence."
3,H2312,H2312_T329,1930,H2312_all_pdbs/Model_1540_af3_basic_af3_seed_207371_sample_1_pred_976.cif,Model_1540_af3_basic_af3_seed_207371_sample_1_pred_976.cif,1540,AF3,af3_basic,207371,1,976,basic,,False,casp17/massivefold_external_pool_intake/h2312_t329/extracted_models/H2312_all_pdbs/Model_1540_af3_basic_af3_seed_207371_sample_1_pred_976.cif,awaiting_extract,"MassiveFold model pool index only. It parses organizer-provided external model tarball listings and stages balanced extraction/rerank candidates. These models remain external rerank and accuracy-estimation inputs, not internal predictions, not CASP submissions, and not competitive-proof evidence."
3,H2312,H2312_T329,1946,H2312_all_pdbs/Model_1125_af3_basic_af3_seed_163613_sample_2_pred_47.cif,Model_1125_af3_basic_af3_seed_163613_sample_2_pred_47.cif,1125,AF3,af3_basic,163613,2,47,basic,,False,casp17/massivefold_external_pool_intake/h2312_t329/extracted_models/H2312_all_pdbs/Model_1125_af3_basic_af3_seed_163613_sample_2_pred_47.cif,awaiting_extract,"MassiveFold model pool index only. It parses organizer-provided external model tarball listings and stages balanced extraction/rerank candidates. These models remain external rerank and accuracy-estimation inputs, not internal predictions, not CASP submissions, and not competitive-proof evidence."
3,H2312,H2312_T329,1953,H2312_all_pdbs/Model_3386_af3_basic_af3_seed_207355_sample_2_pred_897.cif,Model_3386_af3_basic_af3_seed_207355_sample_2_pred_897.cif,3386,AF3,af3_basic,207355,2,897,basic,,False,casp17/massivefold_external_pool_intake/h2312_t329/extracted_models/H2312_all_pdbs/Model_3386_af3_basic_af3_seed_207355_sample_2_pred_897.cif,awaiting_extract,"MassiveFold model pool index only. It parses organizer-provided external model tarball listings and stages balanced extraction/rerank candidates. These models remain external rerank and accuracy-estimation inputs, not internal predictions, not CASP submissions, and not competitive-proof evidence."
3,H2312,H2312_T329,1961,H2312_all_pdbs/Model_1641_af3_basic_af3_seed_207351_sample_4_pred_879.cif,Model_1641_af3_basic_af3_seed_207351_sample_4_pred_879.cif,1641,AF3,af3_basic,207351,4,879,basic,,False,casp17/massivefold_external_pool_intake/h2312_t329/extracted_models/H2312_all_pdbs/Model_1641_af3_basic_af3_seed_207351_sample_4_pred_879.cif,awaiting_extract,"MassiveFold model pool index only. It parses organizer-provided external model tarball listings and stages balanced extraction/rerank candidates. These models remain external rerank and accuracy-estimation inputs, not internal predictions, not CASP submissions, and not competitive-proof evidence."
3,H2312,H2312_T329,1986,H2312_all_pdbs/Model_1546_af3_basic_af3_seed_809681_sample_4_pred_729.cif,Model_1546_af3_basic_af3_seed_809681_sample_4_pred_729.cif,1546,AF3,af3_basic,809681,4,729,basic,,False,casp17/massivefold_external_pool_intake/h2312_t329/extracted_models/H2312_all_pdbs/Model_1546_af3_basic_af3_seed_809681_sample_4_pred_729.cif,awaiting_extract,"MassiveFold model pool index only. It parses organizer-provided external model tarball listings and stages balanced extraction/rerank candidates. These models remain external rerank and accuracy-estimation inputs, not internal predictions, not CASP submissions, and not competitive-proof evidence."
3,H2312,H2312_T329,2013,H2312_all_pdbs/Model_1633_af3_basic_af3_seed_207366_sample_4_pred_954.cif,Model_1633_af3_basic_af3_seed_207366_sample_4_pred_954.cif,1633,AF3,af3_basic,207366,4,954,basic,,False,casp17/massivefold_external_pool_intake/h2312_t329/extracted_models/H2312_all_pdbs/Model_1633_af3_basic_af3_seed_207366_sample_4_pred_954.cif,awaiting_extract,"MassiveFold model pool index only. It parses organizer-provided external model tarball listings and stages balanced extraction/rerank candidates. These models remain external rerank and accuracy-estimation inputs, not internal predictions, not CASP submissions, and not competitive-proof evidence."
3,H2312,H2312_T329,2014,H2312_all_pdbs/Model_1013_af3_basic_af3_seed_889891_sample_1_pred_816.cif,Model_1013_af3_basic_af3_seed_889891_sample_1_pred_816.cif,1013,AF3,af3_basic,889891,1,816,basic,,False,casp17/massivefold_external_pool_intake/h2312_t329/extracted_models/H2312_all_pdbs/Model_1013_af3_basic_af3_seed_889891_sample_1_pred_816.cif,awaiting_extract,"MassiveFold model pool index only. It parses organizer-provided external model tarball listings and stages balanced extraction/rerank candidates. These models remain external rerank and accuracy-estimation inputs, not internal predictions, not CASP submissions, and not competitive-proof evidence."
3,H2312,H2312_T329,2054,H2312_all_pdbs/Model_1475_af3_basic_af3_seed_676052_sample_2_pred_247.cif,Model_1475_af3_basic_af3_seed_676052_sample_2_pred_247.cif,1475,AF3,af3_basic,676052,2,247,basic,,False,casp17/massivefold_external_pool_intake/h2312_t329/extracted_models/H2312_all_pdbs/Model_1475_af3_basic_af3_seed_676052_sample_2_pred_247.cif,awaiting_extract,"MassiveFold model pool index only. It parses organizer-provided external model tarball listings and stages balanced extraction/rerank candidates. These models remain external rerank and accuracy-estimation inputs, not internal predictions, not CASP submissions, and not competitive-proof evidence."
3,H2312,H2312_T329,2056,H2312_all_pdbs/Model_1107_af3_basic_af3_seed_207372_sample_1_pred_981.cif,Model_1107_af3_basic_af3_seed_207372_sample_1_pred_981.cif,1107,AF3,af3_basic,207372,1,981,basic,,False,casp17/massivefold_external_pool_intake/h2312_t329/extracted_models/H2312_all_pdbs/Model_1107_af3_basic_af3_seed_207372_sample_1_pred_981.cif,awaiting_extract,"MassiveFold model pool index only. It parses organizer-provided external model tarball listings and stages balanced extraction/rerank candidates. These models remain external rerank and accuracy-estimation inputs, not internal predictions, not CASP submissions, and not competitive-proof evidence."
3,H2312,H2312_T329,2059,H2312_all_pdbs/Model_1463_af3_basic_af3_seed_676041_sample_3_pred_193.cif,Model_1463_af3_basic_af3_seed_676041_sample_3_pred_193.cif,1463,AF3,af3_basic,676041,3,193,basic,,False,casp17/massivefold_external_pool_intake/h2312_t329/extracted_models/H2312_all_pdbs/Model_1463_af3_basic_af3_seed_676041_sample_3_pred_193.cif,awaiting_extract,"MassiveFold model pool index only. It parses organizer-provided external model tarball listings and stages balanced extraction/rerank candidates. These models remain external rerank and accuracy-estimation inputs, not internal predictions, not CASP submissions, and not competitive-proof evidence."
3,H2312,H2312_T329,2062,H2312_all_pdbs/Model_3418_af3_basic_af3_seed_889878_sample_1_pred_751.cif,Model_3418_af3_basic_af3_seed_889878_sample_1_pred_751.cif,3418,AF3,af3_basic,889878,1,751,basic,,False,casp17/massivefold_external_pool_intake/h2312_t329/extracted_models/H2312_all_pdbs/Model_3418_af3_basic_af3_seed_889878_sample_1_pred_751.cif,awaiting_extract,"MassiveFold model pool index only. It parses organizer-provided external model tarball listings and stages balanced extraction/rerank candidates. These models remain external rerank and accuracy-estimation inputs, not internal predictions, not CASP submissions, and not competitive-proof evidence."
3,H2312,H2312_T329,2068,H2312_all_pdbs/Model_1645_af3_basic_af3_seed_88507_sample_2_pred_432.cif,Model_1645_af3_basic_af3_seed_88507_sample_2_pred_432.cif,1645,AF3,af3_basic,88507,2,432,basic,,False,casp17/massivefold_external_pool_intake/h2312_t329/extracted_models/H2312_all_pdbs/Model_1645_af3_basic_af3_seed_88507_sample_2_pred_432.cif,awaiting_extract,"MassiveFold model pool index only. It parses organizer-provided external model tarball listings and stages balanced extraction/rerank candidates. These models remain external rerank and accuracy-estimation inputs, not internal predictions, not CASP submissions, and not competitive-proof evidence."
3,H2312,H2312_T329,2090,H2312_all_pdbs/Model_3383_af3_basic_af3_seed_676034_sample_3_pred_158.cif,Model_3383_af3_basic_af3_seed_676034_sample_3_pred_158.cif,3383,AF3,af3_basic,676034,3,158,basic,,False,casp17/massivefold_external_pool_intake/h2312_t329/extracted_models/H2312_all_pdbs/Model_3383_af3_basic_af3_seed_676034_sample_3_pred_158.cif,awaiting_extract,"MassiveFold model pool index only. It parses organizer-provided external model tarball listings and stages balanced extraction/rerank candidates. These models remain external rerank and accuracy-estimation inputs, not internal predictions, not CASP submissions, and not competitive-proof evidence."
3,H2312,H2312_T329,2092,H2312_all_pdbs/Model_3445_af3_basic_af3_seed_735216_sample_4_pred_564.cif,Model_3445_af3_basic_af3_seed_735216_sample_4_pred_564.cif,3445,AF3,af3_basic,735216,4,564,basic,,False,casp17/massivefold_external_pool_intake/h2312_t329/extracted_models/H2312_all_pdbs/Model_3445_af3_basic_af3_seed_735216_sample_4_pred_564.cif,awaiting_extract,"MassiveFold model pool index only. It parses organizer-provided external model tarball listings and stages balanced extraction/rerank candidates. These models remain external rerank and accuracy-estimation inputs, not internal predictions, not CASP submissions, and not competitive-proof evidence."
3,H2312,H2312_T329,2150,H2312_all_pdbs/Model_3543_af3_basic_af3_seed_889895_sample_0_pred_835.cif,Model_3543_af3_basic_af3_seed_889895_sample_0_pred_835.cif,3543,AF3,af3_basic,889895,0,835,basic,,False,casp17/massivefold_external_pool_intake/h2312_t329/extracted_models/H2312_all_pdbs/Model_3543_af3_basic_af3_seed_889895_sample_0_pred_835.cif,awaiting_extract,"MassiveFold model pool index only. It parses organizer-provided external model tarball listings and stages balanced extraction/rerank candidates. These models remain external rerank and accuracy-estimation inputs, not internal predictions, not CASP submissions, and not competitive-proof evidence."
3,H2312,H2312_T329,2177,H2312_all_pdbs/Model_1178_af3_basic_af3_seed_207369_sample_2_pred_967.cif,Model_1178_af3_basic_af3_seed_207369_sample_2_pred_967.cif,1178,AF3,af3_basic,207369,2,967,basic,,False,casp17/massivefold_external_pool_intake/h2312_t329/extracted_models/H2312_all_pdbs/Model_1178_af3_basic_af3_seed_207369_sample_2_pred_967.cif,awaiting_extract,"MassiveFold model pool index only. It parses organizer-provided external model tarball listings and stages balanced extraction/rerank candidates. These models remain external rerank and accuracy-estimation inputs, not internal predictions, not CASP submissions, and not competitive-proof evidence."
3,H2312,H2312_T329,2194,H2312_all_pdbs/Model_972_af3_basic_af3_seed_88502_sample_3_pred_408.cif,Model_972_af3_basic_af3_seed_88502_sample_3_pred_408.cif,972,AF3,af3_basic,88502,3,408,basic,,False,casp17/massivefold_external_pool_intake/h2312_t329/extracted_models/H2312_all_pdbs/Model_972_af3_basic_af3_seed_88502_sample_3_pred_408.cif,awaiting_extract,"MassiveFold model pool index only. It parses organizer-provided external model tarball listings and stages balanced extraction/rerank candidates. These models remain external rerank and accuracy-estimation inputs, not internal predictions, not CASP submissions, and not competitive-proof evidence."
3,H2312,H2312_T329,2200,H2312_all_pdbs/Model_1137_af3_basic_af3_seed_163614_sample_4_pred_54.cif,Model_1137_af3_basic_af3_seed_163614_sample_4_pred_54.cif,1137,AF3,af3_basic,163614,4,54,basic,,False,casp17/massivefold_external_pool_intake/h2312_t329/extracted_models/H2312_all_pdbs/Model_1137_af3_basic_af3_seed_163614_sample_4_pred_54.cif,awaiting_extract,"MassiveFold model pool index only. It parses organizer-provided external model tarball listings and stages balanced extraction/rerank candidates. These models remain external rerank and accuracy-estimation inputs, not internal predictions, not CASP submissions, and not competitive-proof evidence."
3,H2312,H2312_T329,2208,H2312_all_pdbs/Model_3369_af3_basic_af3_seed_735216_sample_0_pred_560.cif,Model_3369_af3_basic_af3_seed_735216_sample_0_pred_560.cif,3369,AF3,af3_basic,735216,0,560,basic,,False,casp17/massivefold_external_pool_intake/h2312_t329/extracted_models/H2312_all_pdbs/Model_3369_af3_basic_af3_seed_735216_sample_0_pred_560.cif,awaiting_extract,"MassiveFold model pool index only. It parses organizer-provided external model tarball listings and stages balanced extraction/rerank candidates. These models remain external rerank and accuracy-estimation inputs, not internal predictions, not CASP submissions, and not competitive-proof evidence."
3,H2312,H2312_T329,2209,H2312_all_pdbs/Model_1093_af3_basic_af3_seed_861517_sample_2_pred_352.cif,Model_1093_af3_basic_af3_seed_861517_sample_2_pred_352.cif,1093,AF3,af3_basic,861517,2,352,basic,,False,casp17/massivefold_external_pool_intake/h2312_t329/extracted_models/H2312_all_pdbs/Model_1093_af3_basic_af3_seed_861517_sample_2_pred_352.cif,awaiting_extract,"MassiveFold model pool index only. It parses organizer-provided external model tarball listings and stages balanced extraction/rerank candidates. These models remain external rerank and accuracy-estimation inputs, not internal predictions, not CASP submissions, and not competitive-proof evidence."
3,H2312,H2312_T329,2213,H2312_all_pdbs/Model_1176_af3_basic_af3_seed_163610_sample_4_pred_34.cif,Model_1176_af3_basic_af3_seed_163610_sample_4_pred_34.cif,1176,AF3,af3_basic,163610,4,34,basic,,False,casp17/massivefold_external_pool_intake/h2312_t329/extracted_models/H2312_all_pdbs/Model_1176_af3_basic_af3_seed_163610_sample_4_pred_34.cif,awaiting_extract,"MassiveFold model pool index only. It parses organizer-provided external model tarball listings and stages balanced extraction/rerank candidates. These models remain external rerank and accuracy-estimation inputs, not internal predictions, not CASP submissions, and not competitive-proof evidence."
3,H2312,H2312_T329,2222,H2312_all_pdbs/Model_1670_af3_basic_af3_seed_735217_sample_4_pred_569.cif,Model_1670_af3_basic_af3_seed_735217_sample_4_pred_569.cif,1670,AF3,af3_basic,735217,4,569,basic,,False,casp17/massivefold_external_pool_intake/h2312_t329/extracted_models/H2312_all_pdbs/Model_1670_af3_basic_af3_seed_735217_sample_4_pred_569.cif,awaiting_extract,"MassiveFold model pool index only. It parses organizer-provided external model tarball listings and stages balanced extraction/rerank candidates. These models remain external rerank and accuracy-estimation inputs, not internal predictions, not CASP submissions, and not competitive-proof evidence."
3,H2312,H2312_T329,2236,H2312_all_pdbs/Model_3387_af3_basic_af3_seed_676036_sample_3_pred_168.cif,Model_3387_af3_basic_af3_seed_676036_sample_3_pred_168.cif,3387,AF3,af3_basic,676036,3,168,basic,,False,casp17/massivefold_external_pool_intake/h2312_t329/extracted_models/H2312_all_pdbs/Model_3387_af3_basic_af3_seed_676036_sample_3_pred_168.cif,awaiting_extract,"MassiveFold model pool index only. It parses organizer-provided external model tarball listings and stages balanced extraction/rerank candidates. These models remain external rerank and accuracy-estimation inputs, not internal predictions, not CASP submissions, and not competitive-proof evidence."
3,H2312,H2312_T329,2272,H2312_all_pdbs/Model_1575_af3_basic_af3_seed_809672_sample_4_pred_684.cif,Model_1575_af3_basic_af3_seed_809672_sample_4_pred_684.cif,1575,AF3,af3_basic,809672,4,684,basic,,False,casp17/massivefold_external_pool_intake/h2312_t329/extracted_models/H2312_all_pdbs/Model_1575_af3_basic_af3_seed_809672_sample_4_pred_684.cif,awaiting_extract,"MassiveFold model pool index only. It parses organizer-provided external model tarball listings and stages balanced extraction/rerank candidates. These models remain external rerank and accuracy-estimation inputs, not internal predictions, not CASP submissions, and not competitive-proof evidence."
3,H2312,H2312_T329,2273,H2312_all_pdbs/Model_1403_af3_basic_af3_seed_676034_sample_2_pred_157.cif,Model_1403_af3_basic_af3_seed_676034_sample_2_pred_157.cif,1403,AF3,af3_basic,676034,2,157,basic,,False,casp17/massivefold_external_pool_intake/h2312_t329/extracted_models/H2312_all_pdbs/Model_1403_af3_basic_af3_seed_676034_sample_2_pred_157.cif,awaiting_extract,"MassiveFold model pool index only. It parses organizer-provided external model tarball listings and stages balanced extraction/rerank candidates. These models remain external rerank and accuracy-estimation inputs, not internal predictions, not CASP submissions, and not competitive-proof evidence."
3,H2312,H2312_T329,2275,H2312_all_pdbs/Model_1453_af3_basic_af3_seed_676049_sample_1_pred_231.cif,Model_1453_af3_basic_af3_seed_676049_sample_1_pred_231.cif,1453,AF3,af3_basic,676049,1,231,basic,,False,casp17/massivefold_external_pool_intake/h2312_t329/extracted_models/H2312_all_pdbs/Model_1453_af3_basic_af3_seed_676049_sample_1_pred_231.cif,awaiting_extract,"MassiveFold model pool index only. It parses organizer-provided external model tarball listings and stages balanced extraction/rerank candidates. These models remain external rerank and accuracy-estimation inputs, not internal predictions, not CASP submissions, and not competitive-proof evidence."
3,H2312,H2312_T329,2289,H2312_all_pdbs/Model_1283_af3_basic_af3_seed_861519_sample_3_pred_363.cif,Model_1283_af3_basic_af3_seed_861519_sample_3_pred_363.cif,1283,AF3,af3_basic,861519,3,363,basic,,False,casp17/massivefold_external_pool_intake/h2312_t329/extracted_models/H2312_all_pdbs/Model_1283_af3_basic_af3_seed_861519_sample_3_pred_363.cif,awaiting_extract,"MassiveFold model pool index only. It parses organizer-provided external model tarball listings and stages balanced extraction/rerank candidates. These models remain external rerank and accuracy-estimation inputs, not internal predictions, not CASP submissions, and not competitive-proof evidence."
3,H2312,H2312_T329,2310,H2312_all_pdbs/Model_1168_af3_basic_af3_seed_861505_sample_2_pred_292.cif,Model_1168_af3_basic_af3_seed_861505_sample_2_pred_292.cif,1168,AF3,af3_basic,861505,2,292,basic,,False,casp17/massivefold_external_pool_intake/h2312_t329/extracted_models/H2312_all_pdbs/Model_1168_af3_basic_af3_seed_861505_sample_2_pred_292.cif,awaiting_extract,"MassiveFold model pool index only. It parses organizer-provided external model tarball listings and stages balanced extraction/rerank candidates. These models remain external rerank and accuracy-estimation inputs, not internal predictions, not CASP submissions, and not competitive-proof evidence."
3,H2312,H2312_T329,2322,H2312_all_pdbs/Model_3382_af3_basic_af3_seed_889889_sample_2_pred_807.cif,Model_3382_af3_basic_af3_seed_889889_sample_2_pred_807.cif,3382,AF3,af3_basic,889889,2,807,basic,,False,casp17/massivefold_external_pool_intake/h2312_t329/extracted_models/H2312_all_pdbs/Model_3382_af3_basic_af3_seed_889889_sample_2_pred_807.cif,awaiting_extract,"MassiveFold model pool index only. It parses organizer-provided external model tarball listings and stages balanced extraction/rerank candidates. These models remain external rerank and accuracy-estimation inputs, not internal predictions, not CASP submissions, and not competitive-proof evidence."
3,H2312,H2312_T329,2330,H2312_all_pdbs/Model_1545_af3_basic_af3_seed_163618_sample_1_pred_71.cif,Model_1545_af3_basic_af3_seed_163618_sample_1_pred_71.cif,1545,AF3,af3_basic,163618,1,71,basic,,False,casp17/massivefold_external_pool_intake/h2312_t329/extracted_models/H2312_all_pdbs/Model_1545_af3_basic_af3_seed_163618_sample_1_pred_71.cif,awaiting_extract,"MassiveFold model pool index only. It parses organizer-provided external model tarball listings and stages balanced extraction/rerank candidates. These models remain external rerank and accuracy-estimation inputs, not internal predictions, not CASP submissions, and not competitive-proof evidence."
3,H2312,H2312_T329,2334,H2312_all_pdbs/Model_1193_af3_basic_af3_seed_88518_sample_2_pred_487.cif,Model_1193_af3_basic_af3_seed_88518_sample_2_pred_487.cif,1193,AF3,af3_basic,88518,2,487,basic,,False,casp17/massivefold_external_pool_intake/h2312_t329/extracted_models/H2312_all_pdbs/Model_1193_af3_basic_af3_seed_88518_sample_2_pred_487.cif,awaiting_extract,"MassiveFold model pool index only. It parses organizer-provided external model tarball listings and stages balanced extraction/rerank candidates. These models remain external rerank and accuracy-estimation inputs, not internal predictions, not CASP submissions, and not competitive-proof evidence."
3,H2312,H2312_T329,2373,H2312_all_pdbs/Model_1418_af3_basic_af3_seed_163627_sample_4_pred_119.cif,Model_1418_af3_basic_af3_seed_163627_sample_4_pred_119.cif,1418,AF3,af3_basic,163627,4,119,basic,,False,casp17/massivefold_external_pool_intake/h2312_t329/extracted_models/H2312_all_pdbs/Model_1418_af3_basic_af3_seed_163627_sample_4_pred_119.cif,awaiting_extract,"MassiveFold model pool index only. It parses organizer-provided external model tarball listings and stages balanced extraction/rerank candidates. These models remain external rerank and accuracy-estimation inputs, not internal predictions, not CASP submissions, and not competitive-proof evidence."
3,H2312,H2312_T329,2374,H2312_all_pdbs/Model_1252_af3_basic_af3_seed_207362_sample_1_pred_931.cif,Model_1252_af3_basic_af3_seed_207362_sample_1_pred_931.cif,1252,AF3,af3_basic,207362,1,931,basic,,False,casp17/massivefold_external_pool_intake/h2312_t329/extracted_models/H2312_all_pdbs/Model_1252_af3_basic_af3_seed_207362_sample_1_pred_931.cif,awaiting_extract,"MassiveFold model pool index only. It parses organizer-provided external model tarball listings and stages balanced extraction/rerank candidates. These models remain external rerank and accuracy-estimation inputs, not internal predictions, not CASP submissions, and not competitive-proof evidence."
3,H2312,H2312_T329,2377,H2312_all_pdbs/Model_1180_af3_basic_af3_seed_207366_sample_1_pred_951.cif,Model_1180_af3_basic_af3_seed_207366_sample_1_pred_951.cif,1180,AF3,af3_basic,207366,1,951,basic,,False,casp17/massivefold_external_pool_intake/h2312_t329/extracted_models/H2312_all_pdbs/Model_1180_af3_basic_af3_seed_207366_sample_1_pred_951.cif,awaiting_extract,"MassiveFold model pool index only. It parses organizer-provided external model tarball listings and stages balanced extraction/rerank candidates. These models remain external rerank and accuracy-estimation inputs, not internal predictions, not CASP submissions, and not competitive-proof evidence."
3,H2312,H2312_T329,2401,H2312_all_pdbs/Model_1516_af3_basic_af3_seed_88503_sample_4_pred_414.cif,Model_1516_af3_basic_af3_seed_88503_sample_4_pred_414.cif,1516,AF3,af3_basic,88503,4,414,basic,,False,casp17/massivefold_external_pool_intake/h2312_t329/extracted_models/H2312_all_pdbs/Model_1516_af3_basic_af3_seed_88503_sample_4_pred_414.cif,awaiting_extract,"MassiveFold model pool index only. It parses organizer-provided external model tarball listings and stages balanced extraction/rerank candidates. These models remain external rerank and accuracy-estimation inputs, not internal predictions, not CASP submissions, and not competitive-proof evidence."
3,H2312,H2312_T329,2418,H2312_all_pdbs/Model_3462_af3_basic_af3_seed_207374_sample_4_pred_994.cif,Model_3462_af3_basic_af3_seed_207374_sample_4_pred_994.cif,3462,AF3,af3_basic,207374,4,994,basic,,False,casp17/massivefold_external_pool_intake/h2312_t329/extracted_models/H2312_all_pdbs/Model_3462_af3_basic_af3_seed_207374_sample_4_pred_994.cif,awaiting_extract,"MassiveFold model pool index only. It parses organizer-provided external model tarball listings and stages balanced extraction/rerank candidates. These models remain external rerank and accuracy-estimation inputs, not internal predictions, not CASP submissions, and not competitive-proof evidence."
3,H2312,H2312_T329,2431,H2312_all_pdbs/Model_1512_af3_basic_af3_seed_676037_sample_3_pred_173.cif,Model_1512_af3_basic_af3_seed_676037_sample_3_pred_173.cif,1512,AF3,af3_basic,676037,3,173,basic,,False,casp17/massivefold_external_pool_intake/h2312_t329/extracted_models/H2312_all_pdbs/Model_1512_af3_basic_af3_seed_676037_sample_3_pred_173.cif,awaiting_extract,"MassiveFold model pool index only. It parses organizer-provided external model tarball listings and stages balanced extraction/rerank candidates. These models remain external rerank and accuracy-estimation inputs, not internal predictions, not CASP submissions, and not competitive-proof evidence."
3,H2312,H2312_T329,2438,H2312_all_pdbs/Model_1198_af3_basic_af3_seed_676037_sample_1_pred_171.cif,Model_1198_af3_basic_af3_seed_676037_sample_1_pred_171.cif,1198,AF3,af3_basic,676037,1,171,basic,,False,casp17/massivefold_external_pool_intake/h2312_t329/extracted_models/H2312_all_pdbs/Model_1198_af3_basic_af3_seed_676037_sample_1_pred_171.cif,awaiting_extract,"MassiveFold model pool index only. It parses organizer-provided external model tarball listings and stages balanced extraction/rerank candidates. These models remain external rerank and accuracy-estimation inputs, not internal predictions, not CASP submissions, and not competitive-proof evidence."
3,H2312,H2312_T329,2457,H2312_all_pdbs/Model_1136_af3_basic_af3_seed_889884_sample_3_pred_783.cif,Model_1136_af3_basic_af3_seed_889884_sample_3_pred_783.cif,1136,AF3,af3_basic,889884,3,783,basic,,False,casp17/massivefold_external_pool_intake/h2312_t329/extracted_models/H2312_all_pdbs/Model_1136_af3_basic_af3_seed_889884_sample_3_pred_783.cif,awaiting_extract,"MassiveFold model pool index only. It parses organizer-provided external model tarball listings and stages balanced extraction/rerank candidates. These models remain external rerank and accuracy-estimation inputs, not internal predictions, not CASP submissions, and not competitive-proof evidence."
3,H2312,H2312_T329,2463,H2312_all_pdbs/Model_1237_af3_basic_af3_seed_207364_sample_2_pred_942.cif,Model_1237_af3_basic_af3_seed_207364_sample_2_pred_942.cif,1237,AF3,af3_basic,207364,2,942,basic,,False,casp17/massivefold_external_pool_intake/h2312_t329/extracted_models/H2312_all_pdbs/Model_1237_af3_basic_af3_seed_207364_sample_2_pred_942.cif,awaiting_extract,"MassiveFold model pool index only. It parses organizer-provided external model tarball listings and stages balanced extraction/rerank candidates. These models remain external rerank and accuracy-estimation inputs, not internal predictions, not CASP submissions, and not competitive-proof evidence."
3,H2312,H2312_T329,2467,H2312_all_pdbs/Model_978_af3_basic_af3_seed_861514_sample_1_pred_336.cif,Model_978_af3_basic_af3_seed_861514_sample_1_pred_336.cif,978,AF3,af3_basic,861514,1,336,basic,,False,casp17/massivefold_external_pool_intake/h2312_t329/extracted_models/H2312_all_pdbs/Model_978_af3_basic_af3_seed_861514_sample_1_pred_336.cif,awaiting_extract,"MassiveFold model pool index only. It parses organizer-provided external model tarball listings and stages balanced extraction/rerank candidates. These models remain external rerank and accuracy-estimation inputs, not internal predictions, not CASP submissions, and not competitive-proof evidence."
3,H2312,H2312_T329,2473,H2312_all_pdbs/Model_1481_af3_basic_af3_seed_889882_sample_0_pred_770.cif,Model_1481_af3_basic_af3_seed_889882_sample_0_pred_770.cif,1481,AF3,af3_basic,889882,0,770,basic,,False,casp17/massivefold_external_pool_intake/h2312_t329/extracted_models/H2312_all_pdbs/Model_1481_af3_basic_af3_seed_889882_sample_0_pred_770.cif,awaiting_extract,"MassiveFold model pool index only. It parses organizer-provided external model tarball listings and stages balanced extraction/rerank candidates. These models remain external rerank and accuracy-estimation inputs, not internal predictions, not CASP submissions, and not competitive-proof evidence."
3,H2312,H2312_T329,2478,H2312_all_pdbs/Model_1033_af3_basic_af3_seed_861503_sample_1_pred_281.cif,Model_1033_af3_basic_af3_seed_861503_sample_1_pred_281.cif,1033,AF3,af3_basic,861503,1,281,basic,,False,casp17/massivefold_external_pool_intake/h2312_t329/extracted_models/H2312_all_pdbs/Model_1033_af3_basic_af3_seed_861503_sample_1_pred_281.cif,awaiting_extract,"MassiveFold model pool index only. It parses organizer-provided external model tarball listings and stages balanced extraction/rerank candidates. These models remain external rerank and accuracy-estimation inputs, not internal predictions, not CASP submissions, and not competitive-proof evidence."
3,H2312,H2312_T329,2483,H2312_all_pdbs/Model_1241_af3_basic_af3_seed_163623_sample_2_pred_97.cif,Model_1241_af3_basic_af3_seed_163623_sample_2_pred_97.cif,1241,AF3,af3_basic,163623,2,97,basic,,False,casp17/massivefold_external_pool_intake/h2312_t329/extracted_models/H2312_all_pdbs/Model_1241_af3_basic_af3_seed_163623_sample_2_pred_97.cif,awaiting_extract,"MassiveFold model pool index only. It parses organizer-provided external model tarball listings and stages balanced extraction/rerank candidates. These models remain external rerank and accuracy-estimation inputs, not internal predictions, not CASP submissions, and not competitive-proof evidence."
3,H2312,H2312_T329,2488,H2312_all_pdbs/Model_3428_af3_basic_af3_seed_809675_sample_1_pred_696.cif,Model_3428_af3_basic_af3_seed_809675_sample_1_pred_696.cif,3428,AF3,af3_basic,809675,1,696,basic,,False,casp17/massivefold_external_pool_intake/h2312_t329/extracted_models/H2312_all_pdbs/Model_3428_af3_basic_af3_seed_809675_sample_1_pred_696.cif,awaiting_extract,"MassiveFold model pool index only. It parses organizer-provided external model tarball listings and stages balanced extraction/rerank candidates. These models remain external rerank and accuracy-estimation inputs, not internal predictions, not CASP submissions, and not competitive-proof evidence."
3,H2312,H2312_T329,2513,H2312_all_pdbs/Model_1433_af3_basic_af3_seed_861501_sample_1_pred_271.cif,Model_1433_af3_basic_af3_seed_861501_sample_1_pred_271.cif,1433,AF3,af3_basic,861501,1,271,basic,,False,casp17/massivefold_external_pool_intake/h2312_t329/extracted_models/H2312_all_pdbs/Model_1433_af3_basic_af3_seed_861501_sample_1_pred_271.cif,awaiting_extract,"MassiveFold model pool index only. It parses organizer-provided external model tarball listings and stages balanced extraction/rerank candidates. These models remain external rerank and accuracy-estimation inputs, not internal predictions, not CASP submissions, and not competitive-proof evidence."
3,H2312,H2312_T329,2534,H2312_all_pdbs/Model_1154_af3_basic_af3_seed_163616_sample_4_pred_64.cif,Model_1154_af3_basic_af3_seed_163616_sample_4_pred_64.cif,1154,AF3,af3_basic,163616,4,64,basic,,False,casp17/massivefold_external_pool_intake/h2312_t329/extracted_models/H2312_all_pdbs/Model_1154_af3_basic_af3_seed_163616_sample_4_pred_64.cif,awaiting_extract,"MassiveFold model pool index only. It parses organizer-provided external model tarball listings and stages balanced extraction/rerank candidates. These models remain external rerank and accuracy-estimation inputs, not internal predictions, not CASP submissions, and not competitive-proof evidence."
3,H2312,H2312_T329,2537,H2312_all_pdbs/Model_1532_af3_basic_af3_seed_889880_sample_2_pred_762.cif,Model_1532_af3_basic_af3_seed_889880_sample_2_pred_762.cif,1532,AF3,af3_basic,889880,2,762,basic,,False,casp17/massivefold_external_pool_intake/h2312_t329/extracted_models/H2312_all_pdbs/Model_1532_af3_basic_af3_seed_889880_sample_2_pred_762.cif,awaiting_extract,"MassiveFold model pool index only. It parses organizer-provided external model tarball listings and stages balanced extraction/rerank candidates. These models remain external rerank and accuracy-estimation inputs, not internal predictions, not CASP submissions, and not competitive-proof evidence."
3,H2312,H2312_T329,2541,H2312_all_pdbs/Model_1270_af3_basic_af3_seed_735222_sample_1_pred_591.cif,Model_1270_af3_basic_af3_seed_735222_sample_1_pred_591.cif,1270,AF3,af3_basic,735222,1,591,basic,,False,casp17/massivefold_external_pool_intake/h2312_t329/extracted_models/H2312_all_pdbs/Model_1270_af3_basic_af3_seed_735222_sample_1_pred_591.cif,awaiting_extract,"MassiveFold model pool index only. It parses organizer-provided external model tarball listings and stages balanced extraction/rerank candidates. These models remain external rerank and accuracy-estimation inputs, not internal predictions, not CASP submissions, and not competitive-proof evidence."
3,H2312,H2312_T329,2552,H2312_all_pdbs/Model_1654_af3_basic_af3_seed_735213_sample_1_pred_546.cif,Model_1654_af3_basic_af3_seed_735213_sample_1_pred_546.cif,1654,AF3,af3_basic,735213,1,546,basic,,False,casp17/massivefold_external_pool_intake/h2312_t329/extracted_models/H2312_all_pdbs/Model_1654_af3_basic_af3_seed_735213_sample_1_pred_546.cif,awaiting_extract,"MassiveFold model pool index only. It parses organizer-provided external model tarball listings and stages balanced extraction/rerank candidates. These models remain external rerank and accuracy-estimation inputs, not internal predictions, not CASP submissions, and not competitive-proof evidence."
3,H2312,H2312_T329,2574,H2312_all_pdbs/Model_1288_af3_basic_af3_seed_207371_sample_2_pred_977.cif,Model_1288_af3_basic_af3_seed_207371_sample_2_pred_977.cif,1288,AF3,af3_basic,207371,2,977,basic,,False,casp17/massivefold_external_pool_intake/h2312_t329/extracted_models/H2312_all_pdbs/Model_1288_af3_basic_af3_seed_207371_sample_2_pred_977.cif,awaiting_extract,"MassiveFold model pool index only. It parses organizer-provided external model tarball listings and stages balanced extraction/rerank candidates. These models remain external rerank and accuracy-estimation inputs, not internal predictions, not CASP submissions, and not competitive-proof evidence."
3,H2312,H2312_T329,2602,H2312_all_pdbs/Model_3333_af3_basic_af3_seed_676028_sample_0_pred_125.cif,Model_3333_af3_basic_af3_seed_676028_sample_0_pred_125.cif,3333,AF3,af3_basic,676028,0,125,basic,,False,casp17/massivefold_external_pool_intake/h2312_t329/extracted_models/H2312_all_pdbs/Model_3333_af3_basic_af3_seed_676028_sample_0_pred_125.cif,awaiting_extract,"MassiveFold model pool index only. It parses organizer-provided external model tarball listings and stages balanced extraction/rerank candidates. These models remain external rerank and accuracy-estimation inputs, not internal predictions, not CASP submissions, and not competitive-proof evidence."
3,H2312,H2312_T329,2618,H2312_all_pdbs/Model_1517_af3_basic_af3_seed_207373_sample_3_pred_988.cif,Model_1517_af3_basic_af3_seed_207373_sample_3_pred_988.cif,1517,AF3,af3_basic,207373,3,988,basic,,False,casp17/massivefold_external_pool_intake/h2312_t329/extracted_models/H2312_all_pdbs/Model_1517_af3_basic_af3_seed_207373_sample_3_pred_988.cif,awaiting_extract,"MassiveFold model pool index only. It parses organizer-provided external model tarball listings and stages balanced extraction/rerank candidates. These models remain external rerank and accuracy-estimation inputs, not internal predictions, not CASP submissions, and not competitive-proof evidence."
3,H2312,H2312_T329,2621,H2312_all_pdbs/Model_1511_af3_basic_af3_seed_889893_sample_2_pred_827.cif,Model_1511_af3_basic_af3_seed_889893_sample_2_pred_827.cif,1511,AF3,af3_basic,889893,2,827,basic,,False,casp17/massivefold_external_pool_intake/h2312_t329/extracted_models/H2312_all_pdbs/Model_1511_af3_basic_af3_seed_889893_sample_2_pred_827.cif,awaiting_extract,"MassiveFold model pool index only. It parses organizer-provided external model tarball listings and stages balanced extraction/rerank candidates. These models remain external rerank and accuracy-estimation inputs, not internal predictions, not CASP submissions, and not competitive-proof evidence."
3,H2312,H2312_T329,2633,H2312_all_pdbs/Model_3551_af3_basic_af3_seed_163620_sample_2_pred_82.cif,Model_3551_af3_basic_af3_seed_163620_sample_2_pred_82.cif,3551,AF3,af3_basic,163620,2,82,basic,,False,casp17/massivefold_external_pool_intake/h2312_t329/extracted_models/H2312_all_pdbs/Model_3551_af3_basic_af3_seed_163620_sample_2_pred_82.cif,awaiting_extract,"MassiveFold model pool index only. It parses organizer-provided external model tarball listings and stages balanced extraction/rerank candidates. These models remain external rerank and accuracy-estimation inputs, not internal predictions, not CASP submissions, and not competitive-proof evidence."
3,H2312,H2312_T329,2634,H2312_all_pdbs/Model_3508_af3_basic_af3_seed_735213_sample_4_pred_549.cif,Model_3508_af3_basic_af3_seed_735213_sample_4_pred_549.cif,3508,AF3,af3_basic,735213,4,549,basic,,False,casp17/massivefold_external_pool_intake/h2312_t329/extracted_models/H2312_all_pdbs/Model_3508_af3_basic_af3_seed_735213_sample_4_pred_549.cif,awaiting_extract,"MassiveFold model pool index only. It parses organizer-provided external model tarball listings and stages balanced extraction/rerank candidates. These models remain external rerank and accuracy-estimation inputs, not internal predictions, not CASP submissions, and not competitive-proof evidence."
3,H2312,H2312_T329,2636,H2312_all_pdbs/Model_1482_af3_basic_af3_seed_735223_sample_1_pred_596.cif,Model_1482_af3_basic_af3_seed_735223_sample_1_pred_596.cif,1482,AF3,af3_basic,735223,1,596,basic,,False,casp17/massivefold_external_pool_intake/h2312_t329/extracted_models/H2312_all_pdbs/Model_1482_af3_basic_af3_seed_735223_sample_1_pred_596.cif,awaiting_extract,"MassiveFold model pool index only. It parses organizer-provided external model tarball listings and stages balanced extraction/rerank candidates. These models remain external rerank and accuracy-estimation inputs, not internal predictions, not CASP submissions, and not competitive-proof evidence."
3,H2312,H2312_T329,2637,H2312_all_pdbs/Model_3499_af3_basic_af3_seed_163620_sample_4_pred_84.cif,Model_3499_af3_basic_af3_seed_163620_sample_4_pred_84.cif,3499,AF3,af3_basic,163620,4,84,basic,,False,casp17/massivefold_external_pool_intake/h2312_t329/extracted_models/H2312_all_pdbs/Model_3499_af3_basic_af3_seed_163620_sample_4_pred_84.cif,awaiting_extract,"MassiveFold model pool index only. It parses organizer-provided external model tarball listings and stages balanced extraction/rerank candidates. These models remain external rerank and accuracy-estimation inputs, not internal predictions, not CASP submissions, and not competitive-proof evidence."
3,H2312,H2312_T329,2690,H2312_all_pdbs/Model_1426_af3_basic_af3_seed_676035_sample_3_pred_163.cif,Model_1426_af3_basic_af3_seed_676035_sample_3_pred_163.cif,1426,AF3,af3_basic,676035,3,163,basic,,False,casp17/massivefold_external_pool_intake/h2312_t329/extracted_models/H2312_all_pdbs/Model_1426_af3_basic_af3_seed_676035_sample_3_pred_163.cif,awaiting_extract,"MassiveFold model pool index only. It parses organizer-provided external model tarball listings and stages balanced extraction/rerank candidates. These models remain external rerank and accuracy-estimation inputs, not internal predictions, not CASP submissions, and not competitive-proof evidence."
3,H2312,H2312_T329,2693,H2312_all_pdbs/Model_1271_af3_basic_af3_seed_88508_sample_1_pred_436.cif,Model_1271_af3_basic_af3_seed_88508_sample_1_pred_436.cif,1271,AF3,af3_basic,88508,1,436,basic,,False,casp17/massivefold_external_pool_intake/h2312_t329/extracted_models/H2312_all_pdbs/Model_1271_af3_basic_af3_seed_88508_sample_1_pred_436.cif,awaiting_extract,"MassiveFold model pool index only. It parses organizer-provided external model tarball listings and stages balanced extraction/rerank candidates. These models remain external rerank and accuracy-estimation inputs, not internal predictions, not CASP submissions, and not competitive-proof evidence."
3,H2312,H2312_T329,2702,H2312_all_pdbs/Model_1105_af3_basic_af3_seed_88517_sample_3_pred_483.cif,Model_1105_af3_basic_af3_seed_88517_sample_3_pred_483.cif,1105,AF3,af3_basic,88517,3,483,basic,,False,casp17/massivefold_external_pool_intake/h2312_t329/extracted_models/H2312_all_pdbs/Model_1105_af3_basic_af3_seed_88517_sample_3_pred_483.cif,awaiting_extract,"MassiveFold model pool index only. It parses organizer-provided external model tarball listings and stages balanced extraction/rerank candidates. These models remain external rerank and accuracy-estimation inputs, not internal predictions, not CASP submissions, and not competitive-proof evidence."
3,H2312,H2312_T329,2715,H2312_all_pdbs/Model_1400_af3_basic_af3_seed_889884_sample_2_pred_782.cif,Model_1400_af3_basic_af3_seed_889884_sample_2_pred_782.cif,1400,AF3,af3_basic,889884,2,782,basic,,False,casp17/massivefold_external_pool_intake/h2312_t329/extracted_models/H2312_all_pdbs/Model_1400_af3_basic_af3_seed_889884_sample_2_pred_782.cif,awaiting_extract,"MassiveFold model pool index only. It parses organizer-provided external model tarball listings and stages balanced extraction/rerank candidates. These models remain external rerank and accuracy-estimation inputs, not internal predictions, not CASP submissions, and not competitive-proof evidence."
3,H2312,H2312_T329,2729,H2312_all_pdbs/Model_3421_af3_basic_af3_seed_889890_sample_2_pred_812.cif,Model_3421_af3_basic_af3_seed_889890_sample_2_pred_812.cif,3421,AF3,af3_basic,889890,2,812,basic,,False,casp17/massivefold_external_pool_intake/h2312_t329/extracted_models/H2312_all_pdbs/Model_3421_af3_basic_af3_seed_889890_sample_2_pred_812.cif,awaiting_extract,"MassiveFold model pool index only. It parses organizer-provided external model tarball listings and stages balanced extraction/rerank candidates. These models remain external rerank and accuracy-estimation inputs, not internal predictions, not CASP submissions, and not competitive-proof evidence."
3,H2312,H2312_T329,2745,H2312_all_pdbs/Model_1181_af3_basic_af3_seed_676044_sample_4_pred_209.cif,Model_1181_af3_basic_af3_seed_676044_sample_4_pred_209.cif,1181,AF3,af3_basic,676044,4,209,basic,,False,casp17/massivefold_external_pool_intake/h2312_t329/extracted_models/H2312_all_pdbs/Model_1181_af3_basic_af3_seed_676044_sample_4_pred_209.cif,awaiting_extract,"MassiveFold model pool index only. It parses organizer-provided external model tarball listings and stages balanced extraction/rerank candidates. These models remain external rerank and accuracy-estimation inputs, not internal predictions, not CASP submissions, and not competitive-proof evidence."
3,H2312,H2312_T329,2752,H2312_all_pdbs/Model_1347_af3_basic_af3_seed_735212_sample_0_pred_540.cif,Model_1347_af3_basic_af3_seed_735212_sample_0_pred_540.cif,1347,AF3,af3_basic,735212,0,540,basic,,False,casp17/massivefold_external_pool_intake/h2312_t329/extracted_models/H2312_all_pdbs/Model_1347_af3_basic_af3_seed_735212_sample_0_pred_540.cif,awaiting_extract,"MassiveFold model pool index only. It parses organizer-provided external model tarball listings and stages balanced extraction/rerank candidates. These models remain external rerank and accuracy-estimation inputs, not internal predictions, not CASP submissions, and not competitive-proof evidence."
3,H2312,H2312_T329,2756,H2312_all_pdbs/Model_1657_af3_basic_af3_seed_735217_sample_1_pred_566.cif,Model_1657_af3_basic_af3_seed_735217_sample_1_pred_566.cif,1657,AF3,af3_basic,735217,1,566,basic,,False,casp17/massivefold_external_pool_intake/h2312_t329/extracted_models/H2312_all_pdbs/Model_1657_af3_basic_af3_seed_735217_sample_1_pred_566.cif,awaiting_extract,"MassiveFold model pool index only. It parses organizer-provided external model tarball listings and stages balanced extraction/rerank candidates. These models remain external rerank and accuracy-estimation inputs, not internal predictions, not CASP submissions, and not competitive-proof evidence."
3,H2312,H2312_T329,2797,H2312_all_pdbs/Model_3339_af3_basic_af3_seed_676044_sample_0_pred_205.cif,Model_3339_af3_basic_af3_seed_676044_sample_0_pred_205.cif,3339,AF3,af3_basic,676044,0,205,basic,,False,casp17/massivefold_external_pool_intake/h2312_t329/extracted_models/H2312_all_pdbs/Model_3339_af3_basic_af3_seed_676044_sample_0_pred_205.cif,awaiting_extract,"MassiveFold model pool index only. It parses organizer-provided external model tarball listings and stages balanced extraction/rerank candidates. These models remain external rerank and accuracy-estimation inputs, not internal predictions, not CASP submissions, and not competitive-proof evidence."
3,H2312,H2312_T329,2816,H2312_all_pdbs/Model_1573_af3_basic_af3_seed_735206_sample_0_pred_510.cif,Model_1573_af3_basic_af3_seed_735206_sample_0_pred_510.cif,1573,AF3,af3_basic,735206,0,510,basic,,False,casp17/massivefold_external_pool_intake/h2312_t329/extracted_models/H2312_all_pdbs/Model_1573_af3_basic_af3_seed_735206_sample_0_pred_510.cif,awaiting_extract,"MassiveFold model pool index only. It parses organizer-provided external model tarball listings and stages balanced extraction/rerank candidates. These models remain external rerank and accuracy-estimation inputs, not internal predictions, not CASP submissions, and not competitive-proof evidence."
3,H2312,H2312_T329,2822,H2312_all_pdbs/Model_3491_af3_basic_af3_seed_88510_sample_1_pred_446.cif,Model_3491_af3_basic_af3_seed_88510_sample_1_pred_446.cif,3491,AF3,af3_basic,88510,1,446,basic,,False,casp17/massivefold_external_pool_intake/h2312_t329/extracted_models/H2312_all_pdbs/Model_3491_af3_basic_af3_seed_88510_sample_1_pred_446.cif,awaiting_extract,"MassiveFold model pool index only. It parses organizer-provided external model tarball listings and stages balanced extraction/rerank candidates. These models remain external rerank and accuracy-estimation inputs, not internal predictions, not CASP submissions, and not competitive-proof evidence."
3,H2312,H2312_T329,2826,H2312_all_pdbs/Model_1036_af3_basic_af3_seed_809666_sample_2_pred_652.cif,Model_1036_af3_basic_af3_seed_809666_sample_2_pred_652.cif,1036,AF3,af3_basic,809666,2,652,basic,,False,casp17/massivefold_external_pool_intake/h2312_t329/extracted_models/H2312_all_pdbs/Model_1036_af3_basic_af3_seed_809666_sample_2_pred_652.cif,awaiting_extract,"MassiveFold model pool index only. It parses organizer-provided external model tarball listings and stages balanced extraction/rerank candidates. These models remain external rerank and accuracy-estimation inputs, not internal predictions, not CASP submissions, and not competitive-proof evidence."
3,H2312,H2312_T329,2838,H2312_all_pdbs/Model_1502_af3_basic_af3_seed_676042_sample_0_pred_195.cif,Model_1502_af3_basic_af3_seed_676042_sample_0_pred_195.cif,1502,AF3,af3_basic,676042,0,195,basic,,False,casp17/massivefold_external_pool_intake/h2312_t329/extracted_models/H2312_all_pdbs/Model_1502_af3_basic_af3_seed_676042_sample_0_pred_195.cif,awaiting_extract,"MassiveFold model pool index only. It parses organizer-provided external model tarball listings and stages balanced extraction/rerank candidates. These models remain external rerank and accuracy-estimation inputs, not internal predictions, not CASP submissions, and not competitive-proof evidence."
3,H2312,H2312_T329,2846,H2312_all_pdbs/Model_1029_af3_basic_af3_seed_676029_sample_4_pred_134.cif,Model_1029_af3_basic_af3_seed_676029_sample_4_pred_134.cif,1029,AF3,af3_basic,676029,4,134,basic,,False,casp17/massivefold_external_pool_intake/h2312_t329/extracted_models/H2312_all_pdbs/Model_1029_af3_basic_af3_seed_676029_sample_4_pred_134.cif,awaiting_extract,"MassiveFold model pool index only. It parses organizer-provided external model tarball listings and stages balanced extraction/rerank candidates. These models remain external rerank and accuracy-estimation inputs, not internal predictions, not CASP submissions, and not competitive-proof evidence."
3,H2312,H2312_T329,2852,H2312_all_pdbs/Model_3496_af3_basic_af3_seed_88506_sample_2_pred_427.cif,Model_3496_af3_basic_af3_seed_88506_sample_2_pred_427.cif,3496,AF3,af3_basic,88506,2,427,basic,,False,casp17/massivefold_external_pool_intake/h2312_t329/extracted_models/H2312_all_pdbs/Model_3496_af3_basic_af3_seed_88506_sample_2_pred_427.cif,awaiting_extract,"MassiveFold model pool index only. It parses organizer-provided external model tarball listings and stages balanced extraction/rerank candidates. These models remain external rerank and accuracy-estimation inputs, not internal predictions, not CASP submissions, and not competitive-proof evidence."
3,H2312,H2312_T329,2857,H2312_all_pdbs/Model_1265_af3_basic_af3_seed_809683_sample_3_pred_738.cif,Model_1265_af3_basic_af3_seed_809683_sample_3_pred_738.cif,1265,AF3,af3_basic,809683,3,738,basic,,False,casp17/massivefold_external_pool_intake/h2312_t329/extracted_models/H2312_all_pdbs/Model_1265_af3_basic_af3_seed_809683_sample_3_pred_738.cif,awaiting_extract,"MassiveFold model pool index only. It parses organizer-provided external model tarball listings and stages balanced extraction/rerank candidates. These models remain external rerank and accuracy-estimation inputs, not internal predictions, not CASP submissions, and not competitive-proof evidence."
3,H2312,H2312_T329,2892,H2312_all_pdbs/Model_3460_af3_basic_af3_seed_676045_sample_1_pred_211.cif,Model_3460_af3_basic_af3_seed_676045_sample_1_pred_211.cif,3460,AF3,af3_basic,676045,1,211,basic,,False,casp17/massivefold_external_pool_intake/h2312_t329/extracted_models/H2312_all_pdbs/Model_3460_af3_basic_af3_seed_676045_sample_1_pred_211.cif,awaiting_extract,"MassiveFold model pool index only. It parses organizer-provided external model tarball listings and stages balanced extraction/rerank candidates. These models remain external rerank and accuracy-estimation inputs, not internal predictions, not CASP submissions, and not competitive-proof evidence."
3,H2312,H2312_T329,2915,H2312_all_pdbs/Model_3343_af3_basic_af3_seed_163619_sample_2_pred_77.cif,Model_3343_af3_basic_af3_seed_163619_sample_2_pred_77.cif,3343,AF3,af3_basic,163619,2,77,basic,,False,casp17/massivefold_external_pool_intake/h2312_t329/extracted_models/H2312_all_pdbs/Model_3343_af3_basic_af3_seed_163619_sample_2_pred_77.cif,awaiting_extract,"MassiveFold model pool index only. It parses organizer-provided external model tarball listings and stages balanced extraction/rerank candidates. These models remain external rerank and accuracy-estimation inputs, not internal predictions, not CASP submissions, and not competitive-proof evidence."
3,H2312,H2312_T329,2916,H2312_all_pdbs/Model_1643_af3_basic_af3_seed_735220_sample_3_pred_583.cif,Model_1643_af3_basic_af3_seed_735220_sample_3_pred_583.cif,1643,AF3,af3_basic,735220,3,583,basic,,False,casp17/massivefold_external_pool_intake/h2312_t329/extracted_models/H2312_all_pdbs/Model_1643_af3_basic_af3_seed_735220_sample_3_pred_583.cif,awaiting_extract,"MassiveFold model pool index only. It parses organizer-provided external model tarball listings and stages balanced extraction/rerank candidates. These models remain external rerank and accuracy-estimation inputs, not internal predictions, not CASP submissions, and not competitive-proof evidence."
3,H2312,H2312_T329,2918,H2312_all_pdbs/Model_3556_af3_basic_af3_seed_88496_sample_1_pred_376.cif,Model_3556_af3_basic_af3_seed_88496_sample_1_pred_376.cif,3556,AF3,af3_basic,88496,1,376,basic,,False,casp17/massivefold_external_pool_intake/h2312_t329/extracted_models/H2312_all_pdbs/Model_3556_af3_basic_af3_seed_88496_sample_1_pred_376.cif,awaiting_extract,"MassiveFold model pool index only. It parses organizer-provided external model tarball listings and stages balanced extraction/rerank candidates. These models remain external rerank and accuracy-estimation inputs, not internal predictions, not CASP submissions, and not competitive-proof evidence."
3,H2312,H2312_T329,2936,H2312_all_pdbs/Model_1305_af3_basic_af3_seed_809685_sample_1_pred_746.cif,Model_1305_af3_basic_af3_seed_809685_sample_1_pred_746.cif,1305,AF3,af3_basic,809685,1,746,basic,,False,casp17/massivefold_external_pool_intake/h2312_t329/extracted_models/H2312_all_pdbs/Model_1305_af3_basic_af3_seed_809685_sample_1_pred_746.cif,awaiting_extract,"MassiveFold model pool index only. It parses organizer-provided external model tarball listings and stages balanced extraction/rerank candidates. These models remain external rerank and accuracy-estimation inputs, not internal predictions, not CASP submissions, and not competitive-proof evidence."
3,H2312,H2312_T329,2938,H2312_all_pdbs/Model_1566_af3_basic_af3_seed_809669_sample_4_pred_669.cif,Model_1566_af3_basic_af3_seed_809669_sample_4_pred_669.cif,1566,AF3,af3_basic,809669,4,669,basic,,False,casp17/massivefold_external_pool_intake/h2312_t329/extracted_models/H2312_all_pdbs/Model_1566_af3_basic_af3_seed_809669_sample_4_pred_669.cif,awaiting_extract,"MassiveFold model pool index only. It parses organizer-provided external model tarball listings and stages balanced extraction/rerank candidates. These models remain external rerank and accuracy-estimation inputs, not internal predictions, not CASP submissions, and not competitive-proof evidence."
3,H2312,H2312_T329,2939,H2312_all_pdbs/Model_3563_af3_basic_af3_seed_861512_sample_3_pred_328.cif,Model_3563_af3_basic_af3_seed_861512_sample_3_pred_328.cif,3563,AF3,af3_basic,861512,3,328,basic,,False,casp17/massivefold_external_pool_intake/h2312_t329/extracted_models/H2312_all_pdbs/Model_3563_af3_basic_af3_seed_861512_sample_3_pred_328.cif,awaiting_extract,"MassiveFold model pool index only. It parses organizer-provided external model tarball listings and stages balanced extraction/rerank candidates. These models remain external rerank and accuracy-estimation inputs, not internal predictions, not CASP submissions, and not competitive-proof evidence."
3,H2312,H2312_T329,2965,H2312_all_pdbs/Model_72_af3_basic_af3_seed_735227_sample_2_pred_617.cif,Model_72_af3_basic_af3_seed_735227_sample_2_pred_617.cif,72,AF3,af3_basic,735227,2,617,basic,,False,casp17/massivefold_external_pool_intake/h2312_t329/extracted_models/H2312_all_pdbs/Model_72_af3_basic_af3_seed_735227_sample_2_pred_617.cif,awaiting_extract,"MassiveFold model pool index only. It parses organizer-provided external model tarball listings and stages balanced extraction/rerank candidates. These models remain external rerank and accuracy-estimation inputs, not internal predictions, not CASP submissions, and not competitive-proof evidence."
3,H2312,H2312_T329,2985,H2312_all_pdbs/Model_1468_af3_basic_af3_seed_207354_sample_2_pred_892.cif,Model_1468_af3_basic_af3_seed_207354_sample_2_pred_892.cif,1468,AF3,af3_basic,207354,2,892,basic,,False,casp17/massivefold_external_pool_intake/h2312_t329/extracted_models/H2312_all_pdbs/Model_1468_af3_basic_af3_seed_207354_sample_2_pred_892.cif,awaiting_extract,"MassiveFold model pool index only. It parses organizer-provided external model tarball listings and stages balanced extraction/rerank candidates. These models remain external rerank and accuracy-estimation inputs, not internal predictions, not CASP submissions, and not competitive-proof evidence."
3,H2312,H2312_T329,2994,H2312_all_pdbs/Model_1444_af3_basic_af3_seed_735224_sample_4_pred_604.cif,Model_1444_af3_basic_af3_seed_735224_sample_4_pred_604.cif,1444,AF3,af3_basic,735224,4,604,basic,,False,casp17/massivefold_external_pool_intake/h2312_t329/extracted_models/H2312_all_pdbs/Model_1444_af3_basic_af3_seed_735224_sample_4_pred_604.cif,awaiting_extract,"MassiveFold model pool index only. It parses organizer-provided external model tarball listings and stages balanced extraction/rerank candidates. These models remain external rerank and accuracy-estimation inputs, not internal predictions, not CASP submissions, and not competitive-proof evidence."
3,H2312,H2312_T329,3022,H2312_all_pdbs/Model_3359_af3_basic_af3_seed_88496_sample_0_pred_375.cif,Model_3359_af3_basic_af3_seed_88496_sample_0_pred_375.cif,3359,AF3,af3_basic,88496,0,375,basic,,False,casp17/massivefold_external_pool_intake/h2312_t329/extracted_models/H2312_all_pdbs/Model_3359_af3_basic_af3_seed_88496_sample_0_pred_375.cif,awaiting_extract,"MassiveFold model pool index only. It parses organizer-provided external model tarball listings and stages balanced extraction/rerank candidates. These models remain external rerank and accuracy-estimation inputs, not internal predictions, not CASP submissions, and not competitive-proof evidence."
3,H2312,H2312_T329,3027,H2312_all_pdbs/Model_1363_af3_basic_af3_seed_861515_sample_0_pred_340.cif,Model_1363_af3_basic_af3_seed_861515_sample_0_pred_340.cif,1363,AF3,af3_basic,861515,0,340,basic,,False,casp17/massivefold_external_pool_intake/h2312_t329/extracted_models/H2312_all_pdbs/Model_1363_af3_basic_af3_seed_861515_sample_0_pred_340.cif,awaiting_extract,"MassiveFold model pool index only. It parses organizer-provided external model tarball listings and stages balanced extraction/rerank candidates. These models remain external rerank and accuracy-estimation inputs, not internal predictions, not CASP submissions, and not competitive-proof evidence."
3,H2312,H2312_T329,3028,H2312_all_pdbs/Model_1296_af3_basic_af3_seed_163614_sample_2_pred_52.cif,Model_1296_af3_basic_af3_seed_163614_sample_2_pred_52.cif,1296,AF3,af3_basic,163614,2,52,basic,,False,casp17/massivefold_external_pool_intake/h2312_t329/extracted_models/H2312_all_pdbs/Model_1296_af3_basic_af3_seed_163614_sample_2_pred_52.cif,awaiting_extract,"MassiveFold model pool index only. It parses organizer-provided external model tarball listings and stages balanced extraction/rerank candidates. These models remain external rerank and accuracy-estimation inputs, not internal predictions, not CASP submissions, and not competitive-proof evidence."
3,H2312,H2312_T329,3041,H2312_all_pdbs/Model_1483_af3_basic_af3_seed_676046_sample_2_pred_217.cif,Model_1483_af3_basic_af3_seed_676046_sample_2_pred_217.cif,1483,AF3,af3_basic,676046,2,217,basic,,False,casp17/massivefold_external_pool_intake/h2312_t329/extracted_models/H2312_all_pdbs/Model_1483_af3_basic_af3_seed_676046_sample_2_pred_217.cif,awaiting_extract,"MassiveFold model pool index only. It parses organizer-provided external model tarball listings and stages balanced extraction/rerank candidates. These models remain external rerank and accuracy-estimation inputs, not internal predictions, not CASP submissions, and not competitive-proof evidence."
3,H2312,H2312_T329,3053,H2312_all_pdbs/Model_1021_af3_basic_af3_seed_207352_sample_3_pred_883.cif,Model_1021_af3_basic_af3_seed_207352_sample_3_pred_883.cif,1021,AF3,af3_basic,207352,3,883,basic,,False,casp17/massivefold_external_pool_intake/h2312_t329/extracted_models/H2312_all_pdbs/Model_1021_af3_basic_af3_seed_207352_sample_3_pred_883.cif,awaiting_extract,"MassiveFold model pool index only. It parses organizer-provided external model tarball listings and stages balanced extraction/rerank candidates. These models remain external rerank and accuracy-estimation inputs, not internal predictions, not CASP submissions, and not competitive-proof evidence."
3,H2312,H2312_T329,3054,H2312_all_pdbs/Model_1191_af3_basic_af3_seed_735209_sample_2_pred_527.cif,Model_1191_af3_basic_af3_seed_735209_sample_2_pred_527.cif,1191,AF3,af3_basic,735209,2,527,basic,,False,casp17/massivefold_external_pool_intake/h2312_t329/extracted_models/H2312_all_pdbs/Model_1191_af3_basic_af3_seed_735209_sample_2_pred_527.cif,awaiting_extract,"MassiveFold model pool index only. It parses organizer-provided external model tarball listings and stages balanced extraction/rerank candidates. These models remain external rerank and accuracy-estimation inputs, not internal predictions, not CASP submissions, and not competitive-proof evidence."
3,H2312,H2312_T329,3083,H2312_all_pdbs/Model_1416_af3_basic_af3_seed_676033_sample_3_pred_153.cif,Model_1416_af3_basic_af3_seed_676033_sample_3_pred_153.cif,1416,AF3,af3_basic,676033,3,153,basic,,False,casp17/massivefold_external_pool_intake/h2312_t329/extracted_models/H2312_all_pdbs/Model_1416_af3_basic_af3_seed_676033_sample_3_pred_153.cif,awaiting_extract,"MassiveFold model pool index only. It parses organizer-provided external model tarball listings and stages balanced extraction/rerank candidates. These models remain external rerank and accuracy-estimation inputs, not internal predictions, not CASP submissions, and not competitive-proof evidence."
3,H2312,H2312_T329,3102,H2312_all_pdbs/Model_1074_af3_basic_af3_seed_735206_sample_2_pred_512.cif,Model_1074_af3_basic_af3_seed_735206_sample_2_pred_512.cif,1074,AF3,af3_basic,735206,2,512,basic,,False,casp17/massivefold_external_pool_intake/h2312_t329/extracted_models/H2312_all_pdbs/Model_1074_af3_basic_af3_seed_735206_sample_2_pred_512.cif,awaiting_extract,"MassiveFold model pool index only. It parses organizer-provided external model tarball listings and stages balanced extraction/rerank candidates. These models remain external rerank and accuracy-estimation inputs, not internal predictions, not CASP submissions, and not competitive-proof evidence."
3,H2312,H2312_T329,3107,H2312_all_pdbs/Model_3515_af3_basic_af3_seed_861506_sample_3_pred_298.cif,Model_3515_af3_basic_af3_seed_861506_sample_3_pred_298.cif,3515,AF3,af3_basic,861506,3,298,basic,,False,casp17/massivefold_external_pool_intake/h2312_t329/extracted_models/H2312_all_pdbs/Model_3515_af3_basic_af3_seed_861506_sample_3_pred_298.cif,awaiting_extract,"MassiveFold model pool index only. It parses organizer-provided external model tarball listings and stages balanced extraction/rerank candidates. These models remain external rerank and accuracy-estimation inputs, not internal predictions, not CASP submissions, and not competitive-proof evidence."
3,H2312,H2312_T329,3122,H2312_all_pdbs/Model_969_af3_basic_af3_seed_163606_sample_3_pred_13.cif,Model_969_af3_basic_af3_seed_163606_sample_3_pred_13.cif,969,AF3,af3_basic,163606,3,13,basic,,False,casp17/massivefold_external_pool_intake/h2312_t329/extracted_models/H2312_all_pdbs/Model_969_af3_basic_af3_seed_163606_sample_3_pred_13.cif,awaiting_extract,"MassiveFold model pool index only. It parses organizer-provided external model tarball listings and stages balanced extraction/rerank candidates. These models remain external rerank and accuracy-estimation inputs, not internal predictions, not CASP submissions, and not competitive-proof evidence."
3,H2312,H2312_T329,3132,H2312_all_pdbs/Model_1401_af3_basic_af3_seed_861521_sample_4_pred_374.cif,Model_1401_af3_basic_af3_seed_861521_sample_4_pred_374.cif,1401,AF3,af3_basic,861521,4,374,basic,,False,casp17/massivefold_external_pool_intake/h2312_t329/extracted_models/H2312_all_pdbs/Model_1401_af3_basic_af3_seed_861521_sample_4_pred_374.cif,awaiting_extract,"MassiveFold model pool index only. It parses organizer-provided external model tarball listings and stages balanced extraction/rerank candidates. These models remain external rerank and accuracy-estimation inputs, not internal predictions, not CASP submissions, and not competitive-proof evidence."
3,H2312,H2312_T329,3134,H2312_all_pdbs/Model_1607_af3_basic_af3_seed_163609_sample_3_pred_28.cif,Model_1607_af3_basic_af3_seed_163609_sample_3_pred_28.cif,1607,AF3,af3_basic,163609,3,28,basic,,False,casp17/massivefold_external_pool_intake/h2312_t329/extracted_models/H2312_all_pdbs/Model_1607_af3_basic_af3_seed_163609_sample_3_pred_28.cif,awaiting_extract,"MassiveFold model pool index only. It parses organizer-provided external model tarball listings and stages balanced extraction/rerank candidates. These models remain external rerank and accuracy-estimation inputs, not internal predictions, not CASP submissions, and not competitive-proof evidence."
3,H2312,H2312_T329,3193,H2312_all_pdbs/Model_1120_af3_basic_af3_seed_809677_sample_4_pred_709.cif,Model_1120_af3_basic_af3_seed_809677_sample_4_pred_709.cif,1120,AF3,af3_basic,809677,4,709,basic,,False,casp17/massivefold_external_pool_intake/h2312_t329/extracted_models/H2312_all_pdbs/Model_1120_af3_basic_af3_seed_809677_sample_4_pred_709.cif,awaiting_extract,"MassiveFold model pool index only. It parses organizer-provided external model tarball listings and stages balanced extraction/rerank candidates. These models remain external rerank and accuracy-estimation inputs, not internal predictions, not CASP submissions, and not competitive-proof evidence."
3,H2312,H2312_T329,3241,H2312_all_pdbs/Model_1304_af3_basic_af3_seed_809664_sample_0_pred_640.cif,Model_1304_af3_basic_af3_seed_809664_sample_0_pred_640.cif,1304,AF3,af3_basic,809664,0,640,basic,,False,casp17/massivefold_external_pool_intake/h2312_t329/extracted_models/H2312_all_pdbs/Model_1304_af3_basic_af3_seed_809664_sample_0_pred_640.cif,awaiting_extract,"MassiveFold model pool index only. It parses organizer-provided external model tarball listings and stages balanced extraction/rerank candidates. These models remain external rerank and accuracy-estimation inputs, not internal predictions, not CASP submissions, and not competitive-proof evidence."
3,H2312,H2312_T329,3242,H2312_all_pdbs/Model_1018_af3_basic_af3_seed_163611_sample_1_pred_36.cif,Model_1018_af3_basic_af3_seed_163611_sample_1_pred_36.cif,1018,AF3,af3_basic,163611,1,36,basic,,False,casp17/massivefold_external_pool_intake/h2312_t329/extracted_models/H2312_all_pdbs/Model_1018_af3_basic_af3_seed_163611_sample_1_pred_36.cif,awaiting_extract,"MassiveFold model pool index only. It parses organizer-provided external model tarball listings and stages balanced extraction/rerank candidates. These models remain external rerank and accuracy-estimation inputs, not internal predictions, not CASP submissions, and not competitive-proof evidence."
3,H2312,H2312_T329,3246,H2312_all_pdbs/Model_1152_af3_basic_af3_seed_676041_sample_1_pred_191.cif,Model_1152_af3_basic_af3_seed_676041_sample_1_pred_191.cif,1152,AF3,af3_basic,676041,1,191,basic,,False,casp17/massivefold_external_pool_intake/h2312_t329/extracted_models/H2312_all_pdbs/Model_1152_af3_basic_af3_seed_676041_sample_1_pred_191.cif,awaiting_extract,"MassiveFold model pool index only. It parses organizer-provided external model tarball listings and stages balanced extraction/rerank candidates. These models remain external rerank and accuracy-estimation inputs, not internal predictions, not CASP submissions, and not competitive-proof evidence."
3,H2312,H2312_T329,3247,H2312_all_pdbs/Model_3402_af3_basic_af3_seed_676030_sample_4_pred_139.cif,Model_3402_af3_basic_af3_seed_676030_sample_4_pred_139.cif,3402,AF3,af3_basic,676030,4,139,basic,,False,casp17/massivefold_external_pool_intake/h2312_t329/extracted_models/H2312_all_pdbs/Model_3402_af3_basic_af3_seed_676030_sample_4_pred_139.cif,awaiting_extract,"MassiveFold model pool index only. It parses organizer-provided external model tarball listings and stages balanced extraction/rerank candidates. These models remain external rerank and accuracy-estimation inputs, not internal predictions, not CASP submissions, and not competitive-proof evidence."
3,H2312,H2312_T329,3275,H2312_all_pdbs/Model_1189_af3_basic_af3_seed_163622_sample_0_pred_90.cif,Model_1189_af3_basic_af3_seed_163622_sample_0_pred_90.cif,1189,AF3,af3_basic,163622,0,90,basic,,False,casp17/massivefold_external_pool_intake/h2312_t329/extracted_models/H2312_all_pdbs/Model_1189_af3_basic_af3_seed_163622_sample_0_pred_90.cif,awaiting_extract,"MassiveFold model pool index only. It parses organizer-provided external model tarball listings and stages balanced extraction/rerank candidates. These models remain external rerank and accuracy-estimation inputs, not internal predictions, not CASP submissions, and not competitive-proof evidence."
3,H2312,H2312_T329,3301,H2312_all_pdbs/Model_1362_af3_basic_af3_seed_809678_sample_0_pred_710.cif,Model_1362_af3_basic_af3_seed_809678_sample_0_pred_710.cif,1362,AF3,af3_basic,809678,0,710,basic,,False,casp17/massivefold_external_pool_intake/h2312_t329/extracted_models/H2312_all_pdbs/Model_1362_af3_basic_af3_seed_809678_sample_0_pred_710.cif,awaiting_extract,"MassiveFold model pool index only. It parses organizer-provided external model tarball listings and stages balanced extraction/rerank candidates. These models remain external rerank and accuracy-estimation inputs, not internal predictions, not CASP submissions, and not competitive-proof evidence."
3,H2312,H2312_T329,3302,H2312_all_pdbs/Model_1231_af3_basic_af3_seed_207361_sample_1_pred_926.cif,Model_1231_af3_basic_af3_seed_207361_sample_1_pred_926.cif,1231,AF3,af3_basic,207361,1,926,basic,,False,casp17/massivefold_external_pool_intake/h2312_t329/extracted_models/H2312_all_pdbs/Model_1231_af3_basic_af3_seed_207361_sample_1_pred_926.cif,awaiting_extract,"MassiveFold model pool index only. It parses organizer-provided external model tarball listings and stages balanced extraction/rerank candidates. These models remain external rerank and accuracy-estimation inputs, not internal predictions, not CASP submissions, and not competitive-proof evidence."
3,H2312,H2312_T329,3320,H2312_all_pdbs/Model_3371_af3_basic_af3_seed_889895_sample_2_pred_837.cif,Model_3371_af3_basic_af3_seed_889895_sample_2_pred_837.cif,3371,AF3,af3_basic,889895,2,837,basic,,False,casp17/massivefold_external_pool_intake/h2312_t329/extracted_models/H2312_all_pdbs/Model_3371_af3_basic_af3_seed_889895_sample_2_pred_837.cif,awaiting_extract,"MassiveFold model pool index only. It parses organizer-provided external model tarball listings and stages balanced extraction/rerank candidates. These models remain external rerank and accuracy-estimation inputs, not internal predictions, not CASP submissions, and not competitive-proof evidence."
3,H2312,H2312_T329,3346,H2312_all_pdbs/Model_1459_af3_basic_af3_seed_207358_sample_4_pred_914.cif,Model_1459_af3_basic_af3_seed_207358_sample_4_pred_914.cif,1459,AF3,af3_basic,207358,4,914,basic,,False,casp17/massivefold_external_pool_intake/h2312_t329/extracted_models/H2312_all_pdbs/Model_1459_af3_basic_af3_seed_207358_sample_4_pred_914.cif,awaiting_extract,"MassiveFold model pool index only. It parses organizer-provided external model tarball listings and stages balanced extraction/rerank candidates. These models remain external rerank and accuracy-estimation inputs, not internal predictions, not CASP submissions, and not competitive-proof evidence."
3,H2312,H2312_T329,3350,H2312_all_pdbs/Model_3469_af3_basic_af3_seed_207358_sample_1_pred_911.cif,Model_3469_af3_basic_af3_seed_207358_sample_1_pred_911.cif,3469,AF3,af3_basic,207358,1,911,basic,,False,casp17/massivefold_external_pool_intake/h2312_t329/extracted_models/H2312_all_pdbs/Model_3469_af3_basic_af3_seed_207358_sample_1_pred_911.cif,awaiting_extract,"MassiveFold model pool index only. It parses organizer-provided external model tarball listings and stages balanced extraction/rerank candidates. These models remain external rerank and accuracy-estimation inputs, not internal predictions, not CASP submissions, and not competitive-proof evidence."
3,H2312,H2312_T329,3366,H2312_all_pdbs/Model_1639_af3_basic_af3_seed_165012_sample_1_pred_1001.cif,Model_1639_af3_basic_af3_seed_165012_sample_1_pred_1001.cif,1639,AF3,af3_basic,165012,1,1001,basic,,False,casp17/massivefold_external_pool_intake/h2312_t329/extracted_models/H2312_all_pdbs/Model_1639_af3_basic_af3_seed_165012_sample_1_pred_1001.cif,awaiting_extract,"MassiveFold model pool index only. It parses organizer-provided external model tarball listings and stages balanced extraction/rerank candidates. These models remain external rerank and accuracy-estimation inputs, not internal predictions, not CASP submissions, and not competitive-proof evidence."
3,H2312,H2312_T329,3389,H2312_all_pdbs/Model_1425_af3_basic_af3_seed_809663_sample_2_pred_637.cif,Model_1425_af3_basic_af3_seed_809663_sample_2_pred_637.cif,1425,AF3,af3_basic,809663,2,637,basic,,False,casp17/massivefold_external_pool_intake/h2312_t329/extracted_models/H2312_all_pdbs/Model_1425_af3_basic_af3_seed_809663_sample_2_pred_637.cif,awaiting_extract,"MassiveFold model pool index only. It parses organizer-provided external model tarball listings and stages balanced extraction/rerank candidates. These models remain external rerank and accuracy-estimation inputs, not internal predictions, not CASP submissions, and not competitive-proof evidence."
3,H2312,H2312_T329,3403,H2312_all_pdbs/Model_1609_af3_basic_af3_seed_207358_sample_0_pred_910.cif,Model_1609_af3_basic_af3_seed_207358_sample_0_pred_910.cif,1609,AF3,af3_basic,207358,0,910,basic,,False,casp17/massivefold_external_pool_intake/h2312_t329/extracted_models/H2312_all_pdbs/Model_1609_af3_basic_af3_seed_207358_sample_0_pred_910.cif,awaiting_extract,"MassiveFold model pool index only. It parses organizer-provided external model tarball listings and stages balanced extraction/rerank candidates. These models remain external rerank and accuracy-estimation inputs, not internal predictions, not CASP submissions, and not competitive-proof evidence."
3,H2312,H2312_T329,3408,H2312_all_pdbs/Model_3560_af3_basic_af3_seed_88512_sample_2_pred_457.cif,Model_3560_af3_basic_af3_seed_88512_sample_2_pred_457.cif,3560,AF3,af3_basic,88512,2,457,basic,,False,casp17/massivefold_external_pool_intake/h2312_t329/extracted_models/H2312_all_pdbs/Model_3560_af3_basic_af3_seed_88512_sample_2_pred_457.cif,awaiting_extract,"MassiveFold model pool index only. It parses organizer-provided external model tarball listings and stages balanced extraction/rerank candidates. These models remain external rerank and accuracy-estimation inputs, not internal predictions, not CASP submissions, and not competitive-proof evidence."
3,H2312,H2312_T329,3410,H2312_all_pdbs/Model_1364_af3_basic_af3_seed_676047_sample_2_pred_222.cif,Model_1364_af3_basic_af3_seed_676047_sample_2_pred_222.cif,1364,AF3,af3_basic,676047,2,222,basic,,False,casp17/massivefold_external_pool_intake/h2312_t329/extracted_models/H2312_all_pdbs/Model_1364_af3_basic_af3_seed_676047_sample_2_pred_222.cif,awaiting_extract,"MassiveFold model pool index only. It parses organizer-provided external model tarball listings and stages balanced extraction/rerank candidates. These models remain external rerank and accuracy-estimation inputs, not internal predictions, not CASP submissions, and not competitive-proof evidence."
3,H2312,H2312_T329,3424,H2312_all_pdbs/Model_1279_af3_basic_af3_seed_889892_sample_4_pred_824.cif,Model_1279_af3_basic_af3_seed_889892_sample_4_pred_824.cif,1279,AF3,af3_basic,889892,4,824,basic,,False,casp17/massivefold_external_pool_intake/h2312_t329/extracted_models/H2312_all_pdbs/Model_1279_af3_basic_af3_seed_889892_sample_4_pred_824.cif,awaiting_extract,"MassiveFold model pool index only. It parses organizer-provided external model tarball listings and stages balanced extraction/rerank candidates. These models remain external rerank and accuracy-estimation inputs, not internal predictions, not CASP submissions, and not competitive-proof evidence."
3,H2312,H2312_T329,3444,H2312_all_pdbs/Model_1587_af3_basic_af3_seed_735213_sample_2_pred_547.cif,Model_1587_af3_basic_af3_seed_735213_sample_2_pred_547.cif,1587,AF3,af3_basic,735213,2,547,basic,,False,casp17/massivefold_external_pool_intake/h2312_t329/extracted_models/H2312_all_pdbs/Model_1587_af3_basic_af3_seed_735213_sample_2_pred_547.cif,awaiting_extract,"MassiveFold model pool index only. It parses organizer-provided external model tarball listings and stages balanced extraction/rerank candidates. These models remain external rerank and accuracy-estimation inputs, not internal predictions, not CASP submissions, and not competitive-proof evidence."
3,H2312,H2312_T329,3446,H2312_all_pdbs/Model_1068_af3_basic_af3_seed_207370_sample_3_pred_973.cif,Model_1068_af3_basic_af3_seed_207370_sample_3_pred_973.cif,1068,AF3,af3_basic,207370,3,973,basic,,False,casp17/massivefold_external_pool_intake/h2312_t329/extracted_models/H2312_all_pdbs/Model_1068_af3_basic_af3_seed_207370_sample_3_pred_973.cif,awaiting_extract,"MassiveFold model pool index only. It parses organizer-provided external model tarball listings and stages balanced extraction/rerank candidates. These models remain external rerank and accuracy-estimation inputs, not internal predictions, not CASP submissions, and not competitive-proof evidence."
3,H2312,H2312_T329,3498,H2312_all_pdbs/Model_1329_af3_basic_af3_seed_88511_sample_4_pred_454.cif,Model_1329_af3_basic_af3_seed_88511_sample_4_pred_454.cif,1329,AF3,af3_basic,88511,4,454,basic,,False,casp17/massivefold_external_pool_intake/h2312_t329/extracted_models/H2312_all_pdbs/Model_1329_af3_basic_af3_seed_88511_sample_4_pred_454.cif,awaiting_extract,"MassiveFold model pool index only. It parses organizer-provided external model tarball listings and stages balanced extraction/rerank candidates. These models remain external rerank and accuracy-estimation inputs, not internal predictions, not CASP submissions, and not competitive-proof evidence."
3,H2312,H2312_T329,3555,H2312_all_pdbs/Model_3520_af3_basic_af3_seed_809682_sample_2_pred_732.cif,Model_3520_af3_basic_af3_seed_809682_sample_2_pred_732.cif,3520,AF3,af3_basic,809682,2,732,basic,,False,casp17/massivefold_external_pool_intake/h2312_t329/extracted_models/H2312_all_pdbs/Model_3520_af3_basic_af3_seed_809682_sample_2_pred_732.cif,awaiting_extract,"MassiveFold model pool index only. It parses organizer-provided external model tarball listings and stages balanced extraction/rerank candidates. These models remain external rerank and accuracy-estimation inputs, not internal predictions, not CASP submissions, and not competitive-proof evidence."
3,H2312,H2312_T329,3557,H2312_all_pdbs/Model_69_af3_basic_af3_seed_861502_sample_4_pred_279.cif,Model_69_af3_basic_af3_seed_861502_sample_4_pred_279.cif,69,AF3,af3_basic,861502,4,279,basic,,False,casp17/massivefold_external_pool_intake/h2312_t329/extracted_models/H2312_all_pdbs/Model_69_af3_basic_af3_seed_861502_sample_4_pred_279.cif,awaiting_extract,"MassiveFold model pool index only. It parses organizer-provided external model tarball listings and stages balanced extraction/rerank candidates. These models remain external rerank and accuracy-estimation inputs, not internal predictions, not CASP submissions, and not competitive-proof evidence."
3,H2312,H2312_T329,3571,H2312_all_pdbs/Model_3471_af3_basic_af3_seed_88498_sample_4_pred_389.cif,Model_3471_af3_basic_af3_seed_88498_sample_4_pred_389.cif,3471,AF3,af3_basic,88498,4,389,basic,,False,casp17/massivefold_external_pool_intake/h2312_t329/extracted_models/H2312_all_pdbs/Model_3471_af3_basic_af3_seed_88498_sample_4_pred_389.cif,awaiting_extract,"MassiveFold model pool index only. It parses organizer-provided external model tarball listings and stages balanced extraction/rerank candidates. These models remain external rerank and accuracy-estimation inputs, not internal predictions, not CASP submissions, and not competitive-proof evidence."
3,H2312,H2312_T329,3573,H2312_all_pdbs/Model_1518_af3_basic_af3_seed_735226_sample_4_pred_614.cif,Model_1518_af3_basic_af3_seed_735226_sample_4_pred_614.cif,1518,AF3,af3_basic,735226,4,614,basic,,False,casp17/massivefold_external_pool_intake/h2312_t329/extracted_models/H2312_all_pdbs/Model_1518_af3_basic_af3_seed_735226_sample_4_pred_614.cif,awaiting_extract,"MassiveFold model pool index only. It parses organizer-provided external model tarball listings and stages balanced extraction/rerank candidates. These models remain external rerank and accuracy-estimation inputs, not internal predictions, not CASP submissions, and not competitive-proof evidence."
3,H2312,H2312_T329,3577,H2312_all_pdbs/Model_1467_af3_basic_af3_seed_163612_sample_2_pred_42.cif,Model_1467_af3_basic_af3_seed_163612_sample_2_pred_42.cif,1467,AF3,af3_basic,163612,2,42,basic,,False,casp17/massivefold_external_pool_intake/h2312_t329/extracted_models/H2312_all_pdbs/Model_1467_af3_basic_af3_seed_163612_sample_2_pred_42.cif,awaiting_extract,"MassiveFold model pool index only. It parses organizer-provided external model tarball listings and stages balanced extraction/rerank candidates. These models remain external rerank and accuracy-estimation inputs, not internal predictions, not CASP submissions, and not competitive-proof evidence."
3,H2312,H2312_T329,3595,H2312_all_pdbs/Model_1608_af3_basic_af3_seed_207352_sample_4_pred_884.cif,Model_1608_af3_basic_af3_seed_207352_sample_4_pred_884.cif,1608,AF3,af3_basic,207352,4,884,basic,,False,casp17/massivefold_external_pool_intake/h2312_t329/extracted_models/H2312_all_pdbs/Model_1608_af3_basic_af3_seed_207352_sample_4_pred_884.cif,awaiting_extract,"MassiveFold model pool index only. It parses organizer-provided external model tarball listings and stages balanced extraction/rerank candidates. These models remain external rerank and accuracy-estimation inputs, not internal predictions, not CASP submissions, and not competitive-proof evidence."
3,H2312,H2312_T329,3607,H2312_all_pdbs/Model_1455_af3_basic_af3_seed_889881_sample_1_pred_766.cif,Model_1455_af3_basic_af3_seed_889881_sample_1_pred_766.cif,1455,AF3,af3_basic,889881,1,766,basic,,False,casp17/massivefold_external_pool_intake/h2312_t329/extracted_models/H2312_all_pdbs/Model_1455_af3_basic_af3_seed_889881_sample_1_pred_766.cif,awaiting_extract,"MassiveFold model pool index only. It parses organizer-provided external model tarball listings and stages balanced extraction/rerank candidates. These models remain external rerank and accuracy-estimation inputs, not internal predictions, not CASP submissions, and not competitive-proof evidence."
3,H2312,H2312_T329,3621,H2312_all_pdbs/Model_1226_af3_basic_af3_seed_735212_sample_1_pred_541.cif,Model_1226_af3_basic_af3_seed_735212_sample_1_pred_541.cif,1226,AF3,af3_basic,735212,1,541,basic,,False,casp17/massivefold_external_pool_intake/h2312_t329/extracted_models/H2312_all_pdbs/Model_1226_af3_basic_af3_seed_735212_sample_1_pred_541.cif,awaiting_extract,"MassiveFold model pool index only. It parses organizer-provided external model tarball listings and stages balanced extraction/rerank candidates. These models remain external rerank and accuracy-estimation inputs, not internal predictions, not CASP submissions, and not competitive-proof evidence."
3,H2312,H2312_T329,3641,H2312_all_pdbs/Model_3516_af3_basic_af3_seed_735208_sample_0_pred_520.cif,Model_3516_af3_basic_af3_seed_735208_sample_0_pred_520.cif,3516,AF3,af3_basic,735208,0,520,basic,,False,casp17/massivefold_external_pool_intake/h2312_t329/extracted_models/H2312_all_pdbs/Model_3516_af3_basic_af3_seed_735208_sample_0_pred_520.cif,awaiting_extract,"MassiveFold model pool index only. It parses organizer-provided external model tarball listings and stages balanced extraction/rerank candidates. These models remain external rerank and accuracy-estimation inputs, not internal predictions, not CASP submissions, and not competitive-proof evidence."
3,H2312,H2312_T329,3657,H2312_all_pdbs/Model_3453_af3_basic_af3_seed_735213_sample_3_pred_548.cif,Model_3453_af3_basic_af3_seed_735213_sample_3_pred_548.cif,3453,AF3,af3_basic,735213,3,548,basic,,False,casp17/massivefold_external_pool_intake/h2312_t329/extracted_models/H2312_all_pdbs/Model_3453_af3_basic_af3_seed_735213_sample_3_pred_548.cif,awaiting_extract,"MassiveFold model pool index only. It parses organizer-provided external model tarball listings and stages balanced extraction/rerank candidates. These models remain external rerank and accuracy-estimation inputs, not internal predictions, not CASP submissions, and not competitive-proof evidence."
3,H2312,H2312_T329,3666,H2312_all_pdbs/Model_3528_af3_basic_af3_seed_889878_sample_3_pred_753.cif,Model_3528_af3_basic_af3_seed_889878_sample_3_pred_753.cif,3528,AF3,af3_basic,889878,3,753,basic,,False,casp17/massivefold_external_pool_intake/h2312_t329/extracted_models/H2312_all_pdbs/Model_3528_af3_basic_af3_seed_889878_sample_3_pred_753.cif,awaiting_extract,"MassiveFold model pool index only. It parses organizer-provided external model tarball listings and stages balanced extraction/rerank candidates. These models remain external rerank and accuracy-estimation inputs, not internal predictions, not CASP submissions, and not competitive-proof evidence."
3,H2312,H2312_T329,3671,H2312_all_pdbs/Model_3332_af3_basic_af3_seed_676028_sample_3_pred_128.cif,Model_3332_af3_basic_af3_seed_676028_sample_3_pred_128.cif,3332,AF3,af3_basic,676028,3,128,basic,,False,casp17/massivefold_external_pool_intake/h2312_t329/extracted_models/H2312_all_pdbs/Model_3332_af3_basic_af3_seed_676028_sample_3_pred_128.cif,awaiting_extract,"MassiveFold model pool index only. It parses organizer-provided external model tarball listings and stages balanced extraction/rerank candidates. These models remain external rerank and accuracy-estimation inputs, not internal predictions, not CASP submissions, and not competitive-proof evidence."
3,H2312,H2312_T329,3673,H2312_all_pdbs/Model_1280_af3_basic_af3_seed_861515_sample_3_pred_343.cif,Model_1280_af3_basic_af3_seed_861515_sample_3_pred_343.cif,1280,AF3,af3_basic,861515,3,343,basic,,False,casp17/massivefold_external_pool_intake/h2312_t329/extracted_models/H2312_all_pdbs/Model_1280_af3_basic_af3_seed_861515_sample_3_pred_343.cif,awaiting_extract,"MassiveFold model pool index only. It parses organizer-provided external model tarball listings and stages balanced extraction/rerank candidates. These models remain external rerank and accuracy-estimation inputs, not internal predictions, not CASP submissions, and not competitive-proof evidence."
3,H2312,H2312_T329,3705,H2312_all_pdbs/Model_1486_af3_basic_af3_seed_861519_sample_2_pred_362.cif,Model_1486_af3_basic_af3_seed_861519_sample_2_pred_362.cif,1486,AF3,af3_basic,861519,2,362,basic,,False,casp17/massivefold_external_pool_intake/h2312_t329/extracted_models/H2312_all_pdbs/Model_1486_af3_basic_af3_seed_861519_sample_2_pred_362.cif,awaiting_extract,"MassiveFold model pool index only. It parses organizer-provided external model tarball listings and stages balanced extraction/rerank candidates. These models remain external rerank and accuracy-estimation inputs, not internal predictions, not CASP submissions, and not competitive-proof evidence."
3,H2312,H2312_T329,3732,H2312_all_pdbs/Model_1230_af3_basic_af3_seed_889894_sample_3_pred_833.cif,Model_1230_af3_basic_af3_seed_889894_sample_3_pred_833.cif,1230,AF3,af3_basic,889894,3,833,basic,,False,casp17/massivefold_external_pool_intake/h2312_t329/extracted_models/H2312_all_pdbs/Model_1230_af3_basic_af3_seed_889894_sample_3_pred_833.cif,awaiting_extract,"MassiveFold model pool index only. It parses organizer-provided external model tarball listings and stages balanced extraction/rerank candidates. These models remain external rerank and accuracy-estimation inputs, not internal predictions, not CASP submissions, and not competitive-proof evidence."
3,H2312,H2312_T329,3741,H2312_all_pdbs/Model_1063_af3_basic_af3_seed_809679_sample_2_pred_717.cif,Model_1063_af3_basic_af3_seed_809679_sample_2_pred_717.cif,1063,AF3,af3_basic,809679,2,717,basic,,False,casp17/massivefold_external_pool_intake/h2312_t329/extracted_models/H2312_all_pdbs/Model_1063_af3_basic_af3_seed_809679_sample_2_pred_717.cif,awaiting_extract,"MassiveFold model pool index only. It parses organizer-provided external model tarball listings and stages balanced extraction/rerank candidates. These models remain external rerank and accuracy-estimation inputs, not internal predictions, not CASP submissions, and not competitive-proof evidence."
3,H2312,H2312_T329,3742,H2312_all_pdbs/Model_1153_af3_basic_af3_seed_676043_sample_2_pred_202.cif,Model_1153_af3_basic_af3_seed_676043_sample_2_pred_202.cif,1153,AF3,af3_basic,676043,2,202,basic,,False,casp17/massivefold_external_pool_intake/h2312_t329/extracted_models/H2312_all_pdbs/Model_1153_af3_basic_af3_seed_676043_sample_2_pred_202.cif,awaiting_extract,"MassiveFold model pool index only. It parses organizer-provided external model tarball listings and stages balanced extraction/rerank candidates. These models remain external rerank and accuracy-estimation inputs, not internal predictions, not CASP submissions, and not competitive-proof evidence."
3,H2312,H2312_T329,3761,H2312_all_pdbs/Model_1618_af3_basic_af3_seed_735218_sample_1_pred_571.cif,Model_1618_af3_basic_af3_seed_735218_sample_1_pred_571.cif,1618,AF3,af3_basic,735218,1,571,basic,,False,casp17/massivefold_external_pool_intake/h2312_t329/extracted_models/H2312_all_pdbs/Model_1618_af3_basic_af3_seed_735218_sample_1_pred_571.cif,awaiting_extract,"MassiveFold model pool index only. It parses organizer-provided external model tarball listings and stages balanced extraction/rerank candidates. These models remain external rerank and accuracy-estimation inputs, not internal predictions, not CASP submissions, and not competitive-proof evidence."
3,H2312,H2312_T329,3770,H2312_all_pdbs/Model_3342_af3_basic_af3_seed_676040_sample_2_pred_187.cif,Model_3342_af3_basic_af3_seed_676040_sample_2_pred_187.cif,3342,AF3,af3_basic,676040,2,187,basic,,False,casp17/massivefold_external_pool_intake/h2312_t329/extracted_models/H2312_all_pdbs/Model_3342_af3_basic_af3_seed_676040_sample_2_pred_187.cif,awaiting_extract,"MassiveFold model pool index only. It parses organizer-provided external model tarball listings and stages balanced extraction/rerank candidates. These models remain external rerank and accuracy-estimation inputs, not internal predictions, not CASP submissions, and not competitive-proof evidence."
3,H2312,H2312_T329,3771,H2312_all_pdbs/Model_1015_af3_basic_af3_seed_735223_sample_2_pred_597.cif,Model_1015_af3_basic_af3_seed_735223_sample_2_pred_597.cif,1015,AF3,af3_basic,735223,2,597,basic,,False,casp17/massivefold_external_pool_intake/h2312_t329/extracted_models/H2312_all_pdbs/Model_1015_af3_basic_af3_seed_735223_sample_2_pred_597.cif,awaiting_extract,"MassiveFold model pool index only. It parses organizer-provided external model tarball listings and stages balanced extraction/rerank candidates. These models remain external rerank and accuracy-estimation inputs, not internal predictions, not CASP submissions, and not competitive-proof evidence."
3,H2312,H2312_T329,3776,H2312_all_pdbs/Model_1472_af3_basic_af3_seed_861512_sample_1_pred_326.cif,Model_1472_af3_basic_af3_seed_861512_sample_1_pred_326.cif,1472,AF3,af3_basic,861512,1,326,basic,,False,casp17/massivefold_external_pool_intake/h2312_t329/extracted_models/H2312_all_pdbs/Model_1472_af3_basic_af3_seed_861512_sample_1_pred_326.cif,awaiting_extract,"MassiveFold model pool index only. It parses organizer-provided external model tarball listings and stages balanced extraction/rerank candidates. These models remain external rerank and accuracy-estimation inputs, not internal predictions, not CASP submissions, and not competitive-proof evidence."
3,H2312,H2312_T329,3781,H2312_all_pdbs/Model_1385_af3_basic_af3_seed_163618_sample_4_pred_74.cif,Model_1385_af3_basic_af3_seed_163618_sample_4_pred_74.cif,1385,AF3,af3_basic,163618,4,74,basic,,False,casp17/massivefold_external_pool_intake/h2312_t329/extracted_models/H2312_all_pdbs/Model_1385_af3_basic_af3_seed_163618_sample_4_pred_74.cif,awaiting_extract,"MassiveFold model pool index only. It parses organizer-provided external model tarball listings and stages balanced extraction/rerank candidates. These models remain external rerank and accuracy-estimation inputs, not internal predictions, not CASP submissions, and not competitive-proof evidence."
3,H2312,H2312_T329,3823,H2312_all_pdbs/Model_1348_af3_basic_af3_seed_676032_sample_0_pred_145.cif,Model_1348_af3_basic_af3_seed_676032_sample_0_pred_145.cif,1348,AF3,af3_basic,676032,0,145,basic,,False,casp17/massivefold_external_pool_intake/h2312_t329/extracted_models/H2312_all_pdbs/Model_1348_af3_basic_af3_seed_676032_sample_0_pred_145.cif,awaiting_extract,"MassiveFold model pool index only. It parses organizer-provided external model tarball listings and stages balanced extraction/rerank candidates. These models remain external rerank and accuracy-estimation inputs, not internal predictions, not CASP submissions, and not competitive-proof evidence."
3,H2312,H2312_T329,3838,H2312_all_pdbs/Model_7454_af3_basic_af3_seed_88519_sample_4_pred_494.cif,Model_7454_af3_basic_af3_seed_88519_sample_4_pred_494.cif,7454,AF3,af3_basic,88519,4,494,basic,,False,casp17/massivefold_external_pool_intake/h2312_t329/extracted_models/H2312_all_pdbs/Model_7454_af3_basic_af3_seed_88519_sample_4_pred_494.cif,awaiting_extract,"MassiveFold model pool index only. It parses organizer-provided external model tarball listings and stages balanced extraction/rerank candidates. These models remain external rerank and accuracy-estimation inputs, not internal predictions, not CASP submissions, and not competitive-proof evidence."
3,H2312,H2312_T329,3853,H2312_all_pdbs/Model_1492_af3_basic_af3_seed_861506_sample_4_pred_299.cif,Model_1492_af3_basic_af3_seed_861506_sample_4_pred_299.cif,1492,AF3,af3_basic,861506,4,299,basic,,False,casp17/massivefold_external_pool_intake/h2312_t329/extracted_models/H2312_all_pdbs/Model_1492_af3_basic_af3_seed_861506_sample_4_pred_299.cif,awaiting_extract,"MassiveFold model pool index only. It parses organizer-provided external model tarball listings and stages balanced extraction/rerank candidates. These models remain external rerank and accuracy-estimation inputs, not internal predictions, not CASP submissions, and not competitive-proof evidence."
3,H2312,H2312_T329,3888,H2312_all_pdbs/Model_1091_af3_basic_af3_seed_861516_sample_4_pred_349.cif,Model_1091_af3_basic_af3_seed_861516_sample_4_pred_349.cif,1091,AF3,af3_basic,861516,4,349,basic,,False,casp17/massivefold_external_pool_intake/h2312_t329/extracted_models/H2312_all_pdbs/Model_1091_af3_basic_af3_seed_861516_sample_4_pred_349.cif,awaiting_extract,"MassiveFold model pool index only. It parses organizer-provided external model tarball listings and stages balanced extraction/rerank candidates. These models remain external rerank and accuracy-estimation inputs, not internal predictions, not CASP submissions, and not competitive-proof evidence."
3,H2312,H2312_T329,3912,H2312_all_pdbs/Model_1650_af3_basic_af3_seed_676050_sample_2_pred_237.cif,Model_1650_af3_basic_af3_seed_676050_sample_2_pred_237.cif,1650,AF3,af3_basic,676050,2,237,basic,,False,casp17/massivefold_external_pool_intake/h2312_t329/extracted_models/H2312_all_pdbs/Model_1650_af3_basic_af3_seed_676050_sample_2_pred_237.cif,awaiting_extract,"MassiveFold model pool index only. It parses organizer-provided external model tarball listings and stages balanced extraction/rerank candidates. These models remain external rerank and accuracy-estimation inputs, not internal predictions, not CASP submissions, and not competitive-proof evidence."
3,H2312,H2312_T329,3916,H2312_all_pdbs/Model_1382_af3_basic_af3_seed_88509_sample_0_pred_440.cif,Model_1382_af3_basic_af3_seed_88509_sample_0_pred_440.cif,1382,AF3,af3_basic,88509,0,440,basic,,False,casp17/massivefold_external_pool_intake/h2312_t329/extracted_models/H2312_all_pdbs/Model_1382_af3_basic_af3_seed_88509_sample_0_pred_440.cif,awaiting_extract,"MassiveFold model pool index only. It parses organizer-provided external model tarball listings and stages balanced extraction/rerank candidates. These models remain external rerank and accuracy-estimation inputs, not internal predictions, not CASP submissions, and not competitive-proof evidence."
3,H2312,H2312_T329,3917,H2312_all_pdbs/Model_1352_af3_basic_af3_seed_861512_sample_2_pred_327.cif,Model_1352_af3_basic_af3_seed_861512_sample_2_pred_327.cif,1352,AF3,af3_basic,861512,2,327,basic,,False,casp17/massivefold_external_pool_intake/h2312_t329/extracted_models/H2312_all_pdbs/Model_1352_af3_basic_af3_seed_861512_sample_2_pred_327.cif,awaiting_extract,"MassiveFold model pool index only. It parses organizer-provided external model tarball listings and stages balanced extraction/rerank candidates. These models remain external rerank and accuracy-estimation inputs, not internal predictions, not CASP submissions, and not competitive-proof evidence."
3,H2312,H2312_T329,3929,H2312_all_pdbs/Model_1104_af3_basic_af3_seed_676039_sample_3_pred_183.cif,Model_1104_af3_basic_af3_seed_676039_sample_3_pred_183.cif,1104,AF3,af3_basic,676039,3,183,basic,,False,casp17/massivefold_external_pool_intake/h2312_t329/extracted_models/H2312_all_pdbs/Model_1104_af3_basic_af3_seed_676039_sample_3_pred_183.cif,awaiting_extract,"MassiveFold model pool index only. It parses organizer-provided external model tarball listings and stages balanced extraction/rerank candidates. These models remain external rerank and accuracy-estimation inputs, not internal predictions, not CASP submissions, and not competitive-proof evidence."
3,H2312,H2312_T329,3943,H2312_all_pdbs/Model_1390_af3_basic_af3_seed_735205_sample_3_pred_508.cif,Model_1390_af3_basic_af3_seed_735205_sample_3_pred_508.cif,1390,AF3,af3_basic,735205,3,508,basic,,False,casp17/massivefold_external_pool_intake/h2312_t329/extracted_models/H2312_all_pdbs/Model_1390_af3_basic_af3_seed_735205_sample_3_pred_508.cif,awaiting_extract,"MassiveFold model pool index only. It parses organizer-provided external model tarball listings and stages balanced extraction/rerank candidates. These models remain external rerank and accuracy-estimation inputs, not internal predictions, not CASP submissions, and not competitive-proof evidence."
3,H2312,H2312_T329,3968,H2312_all_pdbs/Model_1144_af3_basic_af3_seed_676044_sample_3_pred_208.cif,Model_1144_af3_basic_af3_seed_676044_sample_3_pred_208.cif,1144,AF3,af3_basic,676044,3,208,basic,,False,casp17/massivefold_external_pool_intake/h2312_t329/extracted_models/H2312_all_pdbs/Model_1144_af3_basic_af3_seed_676044_sample_3_pred_208.cif,awaiting_extract,"MassiveFold model pool index only. It parses organizer-provided external model tarball listings and stages balanced extraction/rerank candidates. These models remain external rerank and accuracy-estimation inputs, not internal predictions, not CASP submissions, and not competitive-proof evidence."
3,H2312,H2312_T329,3982,H2312_all_pdbs/Model_1308_af3_basic_af3_seed_163610_sample_2_pred_32.cif,Model_1308_af3_basic_af3_seed_163610_sample_2_pred_32.cif,1308,AF3,af3_basic,163610,2,32,basic,,False,casp17/massivefold_external_pool_intake/h2312_t329/extracted_models/H2312_all_pdbs/Model_1308_af3_basic_af3_seed_163610_sample_2_pred_32.cif,awaiting_extract,"MassiveFold model pool index only. It parses organizer-provided external model tarball listings and stages balanced extraction/rerank candidates. These models remain external rerank and accuracy-estimation inputs, not internal predictions, not CASP submissions, and not competitive-proof evidence."
3,H2312,H2312_T329,3985,H2312_all_pdbs/Model_7455_af3_basic_af3_seed_88519_sample_1_pred_491.cif,Model_7455_af3_basic_af3_seed_88519_sample_1_pred_491.cif,7455,AF3,af3_basic,88519,1,491,basic,,False,casp17/massivefold_external_pool_intake/h2312_t329/extracted_models/H2312_all_pdbs/Model_7455_af3_basic_af3_seed_88519_sample_1_pred_491.cif,awaiting_extract,"MassiveFold model pool index only. It parses organizer-provided external model tarball listings and stages balanced extraction/rerank candidates. These models remain external rerank and accuracy-estimation inputs, not internal predictions, not CASP submissions, and not competitive-proof evidence."
3,H2312,H2312_T329,3997,H2312_all_pdbs/Model_1466_af3_basic_af3_seed_163613_sample_3_pred_48.cif,Model_1466_af3_basic_af3_seed_163613_sample_3_pred_48.cif,1466,AF3,af3_basic,163613,3,48,basic,,False,casp17/massivefold_external_pool_intake/h2312_t329/extracted_models/H2312_all_pdbs/Model_1466_af3_basic_af3_seed_163613_sample_3_pred_48.cif,awaiting_extract,"MassiveFold model pool index only. It parses organizer-provided external model tarball listings and stages balanced extraction/rerank candidates. These models remain external rerank and accuracy-estimation inputs, not internal predictions, not CASP submissions, and not competitive-proof evidence."
3,H2312,H2312_T329,3998,H2312_all_pdbs/Model_1242_af3_basic_af3_seed_889882_sample_2_pred_772.cif,Model_1242_af3_basic_af3_seed_889882_sample_2_pred_772.cif,1242,AF3,af3_basic,889882,2,772,basic,,False,casp17/massivefold_external_pool_intake/h2312_t329/extracted_models/H2312_all_pdbs/Model_1242_af3_basic_af3_seed_889882_sample_2_pred_772.cif,awaiting_extract,"MassiveFold model pool index only. It parses organizer-provided external model tarball listings and stages balanced extraction/rerank candidates. These models remain external rerank and accuracy-estimation inputs, not internal predictions, not CASP submissions, and not competitive-proof evidence."
3,H2312,H2312_T329,4028,H2312_all_pdbs/Model_4267_af3_basic_af3_seed_809665_sample_0_pred_645.cif,Model_4267_af3_basic_af3_seed_809665_sample_0_pred_645.cif,4267,AF3,af3_basic,809665,0,645,basic,,False,casp17/massivefold_external_pool_intake/h2312_t329/extracted_models/H2312_all_pdbs/Model_4267_af3_basic_af3_seed_809665_sample_0_pred_645.cif,awaiting_extract,"MassiveFold model pool index only. It parses organizer-provided external model tarball listings and stages balanced extraction/rerank candidates. These models remain external rerank and accuracy-estimation inputs, not internal predictions, not CASP submissions, and not competitive-proof evidence."
3,H2312,H2312_T329,4033,H2312_all_pdbs/Model_70_af3_basic_af3_seed_207356_sample_3_pred_903.cif,Model_70_af3_basic_af3_seed_207356_sample_3_pred_903.cif,70,AF3,af3_basic,207356,3,903,basic,,False,casp17/massivefold_external_pool_intake/h2312_t329/extracted_models/H2312_all_pdbs/Model_70_af3_basic_af3_seed_207356_sample_3_pred_903.cif,awaiting_extract,"MassiveFold model pool index only. It parses organizer-provided external model tarball listings and stages balanced extraction/rerank candidates. These models remain external rerank and accuracy-estimation inputs, not internal predictions, not CASP submissions, and not competitive-proof evidence."
3,H2312,H2312_T329,4059,H2312_all_pdbs/Model_3375_af3_basic_af3_seed_861518_sample_0_pred_355.cif,Model_3375_af3_basic_af3_seed_861518_sample_0_pred_355.cif,3375,AF3,af3_basic,861518,0,355,basic,,False,casp17/massivefold_external_pool_intake/h2312_t329/extracted_models/H2312_all_pdbs/Model_3375_af3_basic_af3_seed_861518_sample_0_pred_355.cif,awaiting_extract,"MassiveFold model pool index only. It parses organizer-provided external model tarball listings and stages balanced extraction/rerank candidates. These models remain external rerank and accuracy-estimation inputs, not internal predictions, not CASP submissions, and not competitive-proof evidence."
3,H2312,H2312_T329,4084,H2312_all_pdbs/Model_3526_af3_basic_af3_seed_809680_sample_4_pred_724.cif,Model_3526_af3_basic_af3_seed_809680_sample_4_pred_724.cif,3526,AF3,af3_basic,809680,4,724,basic,,False,casp17/massivefold_external_pool_intake/h2312_t329/extracted_models/H2312_all_pdbs/Model_3526_af3_basic_af3_seed_809680_sample_4_pred_724.cif,awaiting_extract,"MassiveFold model pool index only. It parses organizer-provided external model tarball listings and stages balanced extraction/rerank candidates. These models remain external rerank and accuracy-estimation inputs, not internal predictions, not CASP submissions, and not competitive-proof evidence."
3,H2312,H2312_T329,4085,H2312_all_pdbs/Model_3337_af3_basic_af3_seed_809674_sample_3_pred_693.cif,Model_3337_af3_basic_af3_seed_809674_sample_3_pred_693.cif,3337,AF3,af3_basic,809674,3,693,basic,,False,casp17/massivefold_external_pool_intake/h2312_t329/extracted_models/H2312_all_pdbs/Model_3337_af3_basic_af3_seed_809674_sample_3_pred_693.cif,awaiting_extract,"MassiveFold model pool index only. It parses organizer-provided external model tarball listings and stages balanced extraction/rerank candidates. These models remain external rerank and accuracy-estimation inputs, not internal predictions, not CASP submissions, and not competitive-proof evidence."
3,H2312,H2312_T329,4086,H2312_all_pdbs/Model_1494_af3_basic_af3_seed_861503_sample_0_pred_280.cif,Model_1494_af3_basic_af3_seed_861503_sample_0_pred_280.cif,1494,AF3,af3_basic,861503,0,280,basic,,False,casp17/massivefold_external_pool_intake/h2312_t329/extracted_models/H2312_all_pdbs/Model_1494_af3_basic_af3_seed_861503_sample_0_pred_280.cif,awaiting_extract,"MassiveFold model pool index only. It parses organizer-provided external model tarball listings and stages balanced extraction/rerank candidates. These models remain external rerank and accuracy-estimation inputs, not internal predictions, not CASP submissions, and not competitive-proof evidence."
3,H2312,H2312_T329,4103,H2312_all_pdbs/Model_1135_af3_basic_af3_seed_809684_sample_4_pred_744.cif,Model_1135_af3_basic_af3_seed_809684_sample_4_pred_744.cif,1135,AF3,af3_basic,809684,4,744,basic,,False,casp17/massivefold_external_pool_intake/h2312_t329/extracted_models/H2312_all_pdbs/Model_1135_af3_basic_af3_seed_809684_sample_4_pred_744.cif,awaiting_extract,"MassiveFold model pool index only. It parses organizer-provided external model tarball listings and stages balanced extraction/rerank candidates. These models remain external rerank and accuracy-estimation inputs, not internal predictions, not CASP submissions, and not competitive-proof evidence."
3,H2312,H2312_T329,4107,H2312_all_pdbs/Model_1263_af3_basic_af3_seed_676048_sample_1_pred_226.cif,Model_1263_af3_basic_af3_seed_676048_sample_1_pred_226.cif,1263,AF3,af3_basic,676048,1,226,basic,,False,casp17/massivefold_external_pool_intake/h2312_t329/extracted_models/H2312_all_pdbs/Model_1263_af3_basic_af3_seed_676048_sample_1_pred_226.cif,awaiting_extract,"MassiveFold model pool index only. It parses organizer-provided external model tarball listings and stages balanced extraction/rerank candidates. These models remain external rerank and accuracy-estimation inputs, not internal predictions, not CASP submissions, and not competitive-proof evidence."
3,H2312,H2312_T329,4134,H2312_all_pdbs/Model_1019_af3_basic_af3_seed_861511_sample_3_pred_323.cif,Model_1019_af3_basic_af3_seed_861511_sample_3_pred_323.cif,1019,AF3,af3_basic,861511,3,323,basic,,False,casp17/massivefold_external_pool_intake/h2312_t329/extracted_models/H2312_all_pdbs/Model_1019_af3_basic_af3_seed_861511_sample_3_pred_323.cif,awaiting_extract,"MassiveFold model pool index only. It parses organizer-provided external model tarball listings and stages balanced extraction/rerank candidates. These models remain external rerank and accuracy-estimation inputs, not internal predictions, not CASP submissions, and not competitive-proof evidence."
3,H2312,H2312_T329,4154,H2312_all_pdbs/Model_1315_af3_basic_af3_seed_861515_sample_2_pred_342.cif,Model_1315_af3_basic_af3_seed_861515_sample_2_pred_342.cif,1315,AF3,af3_basic,861515,2,342,basic,,False,casp17/massivefold_external_pool_intake/h2312_t329/extracted_models/H2312_all_pdbs/Model_1315_af3_basic_af3_seed_861515_sample_2_pred_342.cif,awaiting_extract,"MassiveFold model pool index only. It parses organizer-provided external model tarball listings and stages balanced extraction/rerank candidates. These models remain external rerank and accuracy-estimation inputs, not internal predictions, not CASP submissions, and not competitive-proof evidence."
3,H2312,H2312_T329,4167,H2312_all_pdbs/Model_1601_af3_basic_af3_seed_735215_sample_2_pred_557.cif,Model_1601_af3_basic_af3_seed_735215_sample_2_pred_557.cif,1601,AF3,af3_basic,735215,2,557,basic,,False,casp17/massivefold_external_pool_intake/h2312_t329/extracted_models/H2312_all_pdbs/Model_1601_af3_basic_af3_seed_735215_sample_2_pred_557.cif,awaiting_extract,"MassiveFold model pool index only. It parses organizer-provided external model tarball listings and stages balanced extraction/rerank candidates. These models remain external rerank and accuracy-estimation inputs, not internal predictions, not CASP submissions, and not competitive-proof evidence."
3,H2312,H2312_T329,4198,H2312_all_pdbs/Model_68_af3_basic_af3_seed_735207_sample_0_pred_515.cif,Model_68_af3_basic_af3_seed_735207_sample_0_pred_515.cif,68,AF3,af3_basic,735207,0,515,basic,35,True,casp17/massivefold_external_pool_intake/h2312_t329/extracted_models/H2312_all_pdbs/Model_68_af3_basic_af3_seed_735207_sample_0_pred_515.cif,extracted,"MassiveFold model pool index only. It parses organizer-provided external model tarball listings and stages balanced extraction/rerank candidates. These models remain external rerank and accuracy-estimation inputs, not internal predictions, not CASP submissions, and not competitive-proof evidence."
3,H2312,H2312_T329,4224,H2312_all_pdbs/Model_1314_af3_basic_af3_seed_88515_sample_4_pred_474.cif,Model_1314_af3_basic_af3_seed_88515_sample_4_pred_474.cif,1314,AF3,af3_basic,88515,4,474,basic,,False,casp17/massivefold_external_pool_intake/h2312_t329/extracted_models/H2312_all_pdbs/Model_1314_af3_basic_af3_seed_88515_sample_4_pred_474.cif,awaiting_extract,"MassiveFold model pool index only. It parses organizer-provided external model tarball listings and stages balanced extraction/rerank candidates. These models remain external rerank and accuracy-estimation inputs, not internal predictions, not CASP submissions, and not competitive-proof evidence."
3,H2312,H2312_T329,4225,H2312_all_pdbs/Model_3565_af3_basic_af3_seed_735217_sample_2_pred_567.cif,Model_3565_af3_basic_af3_seed_735217_sample_2_pred_567.cif,3565,AF3,af3_basic,735217,2,567,basic,,False,casp17/massivefold_external_pool_intake/h2312_t329/extracted_models/H2312_all_pdbs/Model_3565_af3_basic_af3_seed_735217_sample_2_pred_567.cif,awaiting_extract,"MassiveFold model pool index only. It parses organizer-provided external model tarball listings and stages balanced extraction/rerank candidates. These models remain external rerank and accuracy-estimation inputs, not internal predictions, not CASP submissions, and not competitive-proof evidence."
3,H2312,H2312_T329,4241,H2312_all_pdbs/Model_1372_af3_basic_af3_seed_207375_sample_0_pred_995.cif,Model_1372_af3_basic_af3_seed_207375_sample_0_pred_995.cif,1372,AF3,af3_basic,207375,0,995,basic,,False,casp17/massivefold_external_pool_intake/h2312_t329/extracted_models/H2312_all_pdbs/Model_1372_af3_basic_af3_seed_207375_sample_0_pred_995.cif,awaiting_extract,"MassiveFold model pool index only. It parses organizer-provided external model tarball listings and stages balanced extraction/rerank candidates. These models remain external rerank and accuracy-estimation inputs, not internal predictions, not CASP submissions, and not competitive-proof evidence."
3,H2312,H2312_T329,4247,H2312_all_pdbs/Model_1325_af3_basic_af3_seed_88514_sample_2_pred_467.cif,Model_1325_af3_basic_af3_seed_88514_sample_2_pred_467.cif,1325,AF3,af3_basic,88514,2,467,basic,,False,casp17/massivefold_external_pool_intake/h2312_t329/extracted_models/H2312_all_pdbs/Model_1325_af3_basic_af3_seed_88514_sample_2_pred_467.cif,awaiting_extract,"MassiveFold model pool index only. It parses organizer-provided external model tarball listings and stages balanced extraction/rerank candidates. These models remain external rerank and accuracy-estimation inputs, not internal predictions, not CASP submissions, and not competitive-proof evidence."
3,H2312,H2312_T329,4259,H2312_all_pdbs/Model_1118_af3_basic_af3_seed_676033_sample_2_pred_152.cif,Model_1118_af3_basic_af3_seed_676033_sample_2_pred_152.cif,1118,AF3,af3_basic,676033,2,152,basic,,False,casp17/massivefold_external_pool_intake/h2312_t329/extracted_models/H2312_all_pdbs/Model_1118_af3_basic_af3_seed_676033_sample_2_pred_152.cif,awaiting_extract,"MassiveFold model pool index only. It parses organizer-provided external model tarball listings and stages balanced extraction/rerank candidates. These models remain external rerank and accuracy-estimation inputs, not internal predictions, not CASP submissions, and not competitive-proof evidence."
3,H2312,H2312_T329,4266,H2312_all_pdbs/Model_1470_af3_basic_af3_seed_163621_sample_0_pred_85.cif,Model_1470_af3_basic_af3_seed_163621_sample_0_pred_85.cif,1470,AF3,af3_basic,163621,0,85,basic,,False,casp17/massivefold_external_pool_intake/h2312_t329/extracted_models/H2312_all_pdbs/Model_1470_af3_basic_af3_seed_163621_sample_0_pred_85.cif,awaiting_extract,"MassiveFold model pool index only. It parses organizer-provided external model tarball listings and stages balanced extraction/rerank candidates. These models remain external rerank and accuracy-estimation inputs, not internal predictions, not CASP submissions, and not competitive-proof evidence."
3,H2312,H2312_T329,4272,H2312_all_pdbs/Model_1246_af3_basic_af3_seed_676038_sample_1_pred_176.cif,Model_1246_af3_basic_af3_seed_676038_sample_1_pred_176.cif,1246,AF3,af3_basic,676038,1,176,basic,,False,casp17/massivefold_external_pool_intake/h2312_t329/extracted_models/H2312_all_pdbs/Model_1246_af3_basic_af3_seed_676038_sample_1_pred_176.cif,awaiting_extract,"MassiveFold model pool index only. It parses organizer-provided external model tarball listings and stages balanced extraction/rerank candidates. These models remain external rerank and accuracy-estimation inputs, not internal predictions, not CASP submissions, and not competitive-proof evidence."
3,H2312,H2312_T329,4342,H2312_all_pdbs/Model_1321_af3_basic_af3_seed_809685_sample_2_pred_747.cif,Model_1321_af3_basic_af3_seed_809685_sample_2_pred_747.cif,1321,AF3,af3_basic,809685,2,747,basic,,False,casp17/massivefold_external_pool_intake/h2312_t329/extracted_models/H2312_all_pdbs/Model_1321_af3_basic_af3_seed_809685_sample_2_pred_747.cif,awaiting_extract,"MassiveFold model pool index only. It parses organizer-provided external model tarball listings and stages balanced extraction/rerank candidates. These models remain external rerank and accuracy-estimation inputs, not internal predictions, not CASP submissions, and not competitive-proof evidence."
3,H2312,H2312_T329,4382,H2312_all_pdbs/Model_1603_af3_basic_af3_seed_676052_sample_4_pred_249.cif,Model_1603_af3_basic_af3_seed_676052_sample_4_pred_249.cif,1603,AF3,af3_basic,676052,4,249,basic,,False,casp17/massivefold_external_pool_intake/h2312_t329/extracted_models/H2312_all_pdbs/Model_1603_af3_basic_af3_seed_676052_sample_4_pred_249.cif,awaiting_extract,"MassiveFold model pool index only. It parses organizer-provided external model tarball listings and stages balanced extraction/rerank candidates. These models remain external rerank and accuracy-estimation inputs, not internal predictions, not CASP submissions, and not competitive-proof evidence."
3,H2312,H2312_T329,4397,H2312_all_pdbs/Model_3409_af3_basic_af3_seed_809685_sample_4_pred_749.cif,Model_3409_af3_basic_af3_seed_809685_sample_4_pred_749.cif,3409,AF3,af3_basic,809685,4,749,basic,,False,casp17/massivefold_external_pool_intake/h2312_t329/extracted_models/H2312_all_pdbs/Model_3409_af3_basic_af3_seed_809685_sample_4_pred_749.cif,awaiting_extract,"MassiveFold model pool index only. It parses organizer-provided external model tarball listings and stages balanced extraction/rerank candidates. These models remain external rerank and accuracy-estimation inputs, not internal predictions, not CASP submissions, and not competitive-proof evidence."
3,H2312,H2312_T329,4399,H2312_all_pdbs/Model_80_af3_basic_af3_seed_889897_sample_4_pred_849.cif,Model_80_af3_basic_af3_seed_889897_sample_4_pred_849.cif,80,AF3,af3_basic,889897,4,849,basic,,False,casp17/massivefold_external_pool_intake/h2312_t329/extracted_models/H2312_all_pdbs/Model_80_af3_basic_af3_seed_889897_sample_4_pred_849.cif,awaiting_extract,"MassiveFold model pool index only. It parses organizer-provided external model tarball listings and stages balanced extraction/rerank candidates. These models remain external rerank and accuracy-estimation inputs, not internal predictions, not CASP submissions, and not competitive-proof evidence."
3,H2312,H2312_T329,4406,H2312_all_pdbs/Model_3468_af3_basic_af3_seed_676031_sample_0_pred_140.cif,Model_3468_af3_basic_af3_seed_676031_sample_0_pred_140.cif,3468,AF3,af3_basic,676031,0,140,basic,,False,casp17/massivefold_external_pool_intake/h2312_t329/extracted_models/H2312_all_pdbs/Model_3468_af3_basic_af3_seed_676031_sample_0_pred_140.cif,awaiting_extract,"MassiveFold model pool index only. It parses organizer-provided external model tarball listings and stages balanced extraction/rerank candidates. These models remain external rerank and accuracy-estimation inputs, not internal predictions, not CASP submissions, and not competitive-proof evidence."
3,H2312,H2312_T329,4414,H2312_all_pdbs/Model_1113_af3_basic_af3_seed_163621_sample_3_pred_88.cif,Model_1113_af3_basic_af3_seed_163621_sample_3_pred_88.cif,1113,AF3,af3_basic,163621,3,88,basic,,False,casp17/massivefold_external_pool_intake/h2312_t329/extracted_models/H2312_all_pdbs/Model_1113_af3_basic_af3_seed_163621_sample_3_pred_88.cif,awaiting_extract,"MassiveFold model pool index only. It parses organizer-provided external model tarball listings and stages balanced extraction/rerank candidates. These models remain external rerank and accuracy-estimation inputs, not internal predictions, not CASP submissions, and not competitive-proof evidence."
3,H2312,H2312_T329,4427,H2312_all_pdbs/Model_1254_af3_basic_af3_seed_735207_sample_2_pred_517.cif,Model_1254_af3_basic_af3_seed_735207_sample_2_pred_517.cif,1254,AF3,af3_basic,735207,2,517,basic,,False,casp17/massivefold_external_pool_intake/h2312_t329/extracted_models/H2312_all_pdbs/Model_1254_af3_basic_af3_seed_735207_sample_2_pred_517.cif,awaiting_extract,"MassiveFold model pool index only. It parses organizer-provided external model tarball listings and stages balanced extraction/rerank candidates. These models remain external rerank and accuracy-estimation inputs, not internal predictions, not CASP submissions, and not competitive-proof evidence."
3,H2312,H2312_T329,4440,H2312_all_pdbs/Model_992_af3_basic_af3_seed_88513_sample_0_pred_460.cif,Model_992_af3_basic_af3_seed_88513_sample_0_pred_460.cif,992,AF3,af3_basic,88513,0,460,basic,,False,casp17/massivefold_external_pool_intake/h2312_t329/extracted_models/H2312_all_pdbs/Model_992_af3_basic_af3_seed_88513_sample_0_pred_460.cif,awaiting_extract,"MassiveFold model pool index only. It parses organizer-provided external model tarball listings and stages balanced extraction/rerank candidates. These models remain external rerank and accuracy-estimation inputs, not internal predictions, not CASP submissions, and not competitive-proof evidence."
3,H2312,H2312_T329,4472,H2312_all_pdbs/Model_3363_af3_basic_af3_seed_809676_sample_2_pred_702.cif,Model_3363_af3_basic_af3_seed_809676_sample_2_pred_702.cif,3363,AF3,af3_basic,809676,2,702,basic,,False,casp17/massivefold_external_pool_intake/h2312_t329/extracted_models/H2312_all_pdbs/Model_3363_af3_basic_af3_seed_809676_sample_2_pred_702.cif,awaiting_extract,"MassiveFold model pool index only. It parses organizer-provided external model tarball listings and stages balanced extraction/rerank candidates. These models remain external rerank and accuracy-estimation inputs, not internal predictions, not CASP submissions, and not competitive-proof evidence."
3,H2312,H2312_T329,4485,H2312_all_pdbs/Model_1619_af3_basic_af3_seed_676050_sample_3_pred_238.cif,Model_1619_af3_basic_af3_seed_676050_sample_3_pred_238.cif,1619,AF3,af3_basic,676050,3,238,basic,,False,casp17/massivefold_external_pool_intake/h2312_t329/extracted_models/H2312_all_pdbs/Model_1619_af3_basic_af3_seed_676050_sample_3_pred_238.cif,awaiting_extract,"MassiveFold model pool index only. It parses organizer-provided external model tarball listings and stages balanced extraction/rerank candidates. These models remain external rerank and accuracy-estimation inputs, not internal predictions, not CASP submissions, and not competitive-proof evidence."
3,H2312,H2312_T329,4486,H2312_all_pdbs/Model_986_af3_basic_af3_seed_735210_sample_1_pred_531.cif,Model_986_af3_basic_af3_seed_735210_sample_1_pred_531.cif,986,AF3,af3_basic,735210,1,531,basic,,False,casp17/massivefold_external_pool_intake/h2312_t329/extracted_models/H2312_all_pdbs/Model_986_af3_basic_af3_seed_735210_sample_1_pred_531.cif,awaiting_extract,"MassiveFold model pool index only. It parses organizer-provided external model tarball listings and stages balanced extraction/rerank candidates. These models remain external rerank and accuracy-estimation inputs, not internal predictions, not CASP submissions, and not competitive-proof evidence."
3,H2312,H2312_T329,4498,H2312_all_pdbs/Model_3480_af3_basic_af3_seed_861508_sample_4_pred_309.cif,Model_3480_af3_basic_af3_seed_861508_sample_4_pred_309.cif,3480,AF3,af3_basic,861508,4,309,basic,,False,casp17/massivefold_external_pool_intake/h2312_t329/extracted_models/H2312_all_pdbs/Model_3480_af3_basic_af3_seed_861508_sample_4_pred_309.cif,awaiting_extract,"MassiveFold model pool index only. It parses organizer-provided external model tarball listings and stages balanced extraction/rerank candidates. These models remain external rerank and accuracy-estimation inputs, not internal predictions, not CASP submissions, and not competitive-proof evidence."
3,H2312,H2312_T329,4550,H2312_all_pdbs/Model_1255_af3_basic_af3_seed_735214_sample_0_pred_550.cif,Model_1255_af3_basic_af3_seed_735214_sample_0_pred_550.cif,1255,AF3,af3_basic,735214,0,550,basic,,False,casp17/massivefold_external_pool_intake/h2312_t329/extracted_models/H2312_all_pdbs/Model_1255_af3_basic_af3_seed_735214_sample_0_pred_550.cif,awaiting_extract,"MassiveFold model pool index only. It parses organizer-provided external model tarball listings and stages balanced extraction/rerank candidates. These models remain external rerank and accuracy-estimation inputs, not internal predictions, not CASP submissions, and not competitive-proof evidence."
3,H2312,H2312_T329,4552,H2312_all_pdbs/Model_1591_af3_basic_af3_seed_676032_sample_3_pred_148.cif,Model_1591_af3_basic_af3_seed_676032_sample_3_pred_148.cif,1591,AF3,af3_basic,676032,3,148,basic,,False,casp17/massivefold_external_pool_intake/h2312_t329/extracted_models/H2312_all_pdbs/Model_1591_af3_basic_af3_seed_676032_sample_3_pred_148.cif,awaiting_extract,"MassiveFold model pool index only. It parses organizer-provided external model tarball listings and stages balanced extraction/rerank candidates. These models remain external rerank and accuracy-estimation inputs, not internal predictions, not CASP submissions, and not competitive-proof evidence."
3,H2312,H2312_T329,4566,H2312_all_pdbs/Model_1452_af3_basic_af3_seed_735217_sample_3_pred_568.cif,Model_1452_af3_basic_af3_seed_735217_sample_3_pred_568.cif,1452,AF3,af3_basic,735217,3,568,basic,,False,casp17/massivefold_external_pool_intake/h2312_t329/extracted_models/H2312_all_pdbs/Model_1452_af3_basic_af3_seed_735217_sample_3_pred_568.cif,awaiting_extract,"MassiveFold model pool index only. It parses organizer-provided external model tarball listings and stages balanced extraction/rerank candidates. These models remain external rerank and accuracy-estimation inputs, not internal predictions, not CASP submissions, and not competitive-proof evidence."
3,H2312,H2312_T329,4600,H2312_all_pdbs/Model_4259_af3_basic_af3_seed_809674_sample_4_pred_694.cif,Model_4259_af3_basic_af3_seed_809674_sample_4_pred_694.cif,4259,AF3,af3_basic,809674,4,694,basic,,False,casp17/massivefold_external_pool_intake/h2312_t329/extracted_models/H2312_all_pdbs/Model_4259_af3_basic_af3_seed_809674_sample_4_pred_694.cif,awaiting_extract,"MassiveFold model pool index only. It parses organizer-provided external model tarball listings and stages balanced extraction/rerank candidates. These models remain external rerank and accuracy-estimation inputs, not internal predictions, not CASP submissions, and not competitive-proof evidence."
3,H2312,H2312_T329,4601,H2312_all_pdbs/Model_1159_af3_basic_af3_seed_735222_sample_4_pred_594.cif,Model_1159_af3_basic_af3_seed_735222_sample_4_pred_594.cif,1159,AF3,af3_basic,735222,4,594,basic,,False,casp17/massivefold_external_pool_intake/h2312_t329/extracted_models/H2312_all_pdbs/Model_1159_af3_basic_af3_seed_735222_sample_4_pred_594.cif,awaiting_extract,"MassiveFold model pool index only. It parses organizer-provided external model tarball listings and stages balanced extraction/rerank candidates. These models remain external rerank and accuracy-estimation inputs, not internal predictions, not CASP submissions, and not competitive-proof evidence."
3,H2312,H2312_T329,4608,H2312_all_pdbs/Model_1653_af3_basic_af3_seed_889878_sample_2_pred_752.cif,Model_1653_af3_basic_af3_seed_889878_sample_2_pred_752.cif,1653,AF3,af3_basic,889878,2,752,basic,,False,casp17/massivefold_external_pool_intake/h2312_t329/extracted_models/H2312_all_pdbs/Model_1653_af3_basic_af3_seed_889878_sample_2_pred_752.cif,awaiting_extract,"MassiveFold model pool index only. It parses organizer-provided external model tarball listings and stages balanced extraction/rerank candidates. These models remain external rerank and accuracy-estimation inputs, not internal predictions, not CASP submissions, and not competitive-proof evidence."
3,H2312,H2312_T329,4631,H2312_all_pdbs/Model_1542_af3_basic_af3_seed_809681_sample_1_pred_726.cif,Model_1542_af3_basic_af3_seed_809681_sample_1_pred_726.cif,1542,AF3,af3_basic,809681,1,726,basic,,False,casp17/massivefold_external_pool_intake/h2312_t329/extracted_models/H2312_all_pdbs/Model_1542_af3_basic_af3_seed_809681_sample_1_pred_726.cif,awaiting_extract,"MassiveFold model pool index only. It parses organizer-provided external model tarball listings and stages balanced extraction/rerank candidates. These models remain external rerank and accuracy-estimation inputs, not internal predictions, not CASP submissions, and not competitive-proof evidence."
3,H2312,H2312_T329,4639,H2312_all_pdbs/Model_1312_af3_basic_af3_seed_809667_sample_1_pred_656.cif,Model_1312_af3_basic_af3_seed_809667_sample_1_pred_656.cif,1312,AF3,af3_basic,809667,1,656,basic,,False,casp17/massivefold_external_pool_intake/h2312_t329/extracted_models/H2312_all_pdbs/Model_1312_af3_basic_af3_seed_809667_sample_1_pred_656.cif,awaiting_extract,"MassiveFold model pool index only. It parses organizer-provided external model tarball listings and stages balanced extraction/rerank candidates. These models remain external rerank and accuracy-estimation inputs, not internal predictions, not CASP submissions, and not competitive-proof evidence."
3,H2312,H2312_T329,4640,H2312_all_pdbs/Model_1346_af3_basic_af3_seed_163619_sample_1_pred_76.cif,Model_1346_af3_basic_af3_seed_163619_sample_1_pred_76.cif,1346,AF3,af3_basic,163619,1,76,basic,,False,casp17/massivefold_external_pool_intake/h2312_t329/extracted_models/H2312_all_pdbs/Model_1346_af3_basic_af3_seed_163619_sample_1_pred_76.cif,awaiting_extract,"MassiveFold model pool index only. It parses organizer-provided external model tarball listings and stages balanced extraction/rerank candidates. These models remain external rerank and accuracy-estimation inputs, not internal predictions, not CASP submissions, and not competitive-proof evidence."
3,H2312,H2312_T329,4643,H2312_all_pdbs/Model_3422_af3_basic_af3_seed_735220_sample_0_pred_580.cif,Model_3422_af3_basic_af3_seed_735220_sample_0_pred_580.cif,3422,AF3,af3_basic,735220,0,580,basic,,False,casp17/massivefold_external_pool_intake/h2312_t329/extracted_models/H2312_all_pdbs/Model_3422_af3_basic_af3_seed_735220_sample_0_pred_580.cif,awaiting_extract,"MassiveFold model pool index only. It parses organizer-provided external model tarball listings and stages balanced extraction/rerank candidates. These models remain external rerank and accuracy-estimation inputs, not internal predictions, not CASP submissions, and not competitive-proof evidence."
3,H2312,H2312_T329,4645,H2312_all_pdbs/Model_3524_af3_basic_af3_seed_88498_sample_3_pred_388.cif,Model_3524_af3_basic_af3_seed_88498_sample_3_pred_388.cif,3524,AF3,af3_basic,88498,3,388,basic,,False,casp17/massivefold_external_pool_intake/h2312_t329/extracted_models/H2312_all_pdbs/Model_3524_af3_basic_af3_seed_88498_sample_3_pred_388.cif,awaiting_extract,"MassiveFold model pool index only. It parses organizer-provided external model tarball listings and stages balanced extraction/rerank candidates. These models remain external rerank and accuracy-estimation inputs, not internal predictions, not CASP submissions, and not competitive-proof evidence."
3,H2312,H2312_T329,4671,H2312_all_pdbs/Model_73_af3_basic_af3_seed_735222_sample_0_pred_590.cif,Model_73_af3_basic_af3_seed_735222_sample_0_pred_590.cif,73,AF3,af3_basic,735222,0,590,basic,,False,casp17/massivefold_external_pool_intake/h2312_t329/extracted_models/H2312_all_pdbs/Model_73_af3_basic_af3_seed_735222_sample_0_pred_590.cif,awaiting_extract,"MassiveFold model pool index only. It parses organizer-provided external model tarball listings and stages balanced extraction/rerank candidates. These models remain external rerank and accuracy-estimation inputs, not internal predictions, not CASP submissions, and not competitive-proof evidence."
3,H2312,H2312_T329,4696,H2312_all_pdbs/Model_3464_af3_basic_af3_seed_861499_sample_1_pred_261.cif,Model_3464_af3_basic_af3_seed_861499_sample_1_pred_261.cif,3464,AF3,af3_basic,861499,1,261,basic,,False,casp17/massivefold_external_pool_intake/h2312_t329/extracted_models/H2312_all_pdbs/Model_3464_af3_basic_af3_seed_861499_sample_1_pred_261.cif,awaiting_extract,"MassiveFold model pool index only. It parses organizer-provided external model tarball listings and stages balanced extraction/rerank candidates. These models remain external rerank and accuracy-estimation inputs, not internal predictions, not CASP submissions, and not competitive-proof evidence."
3,H2312,H2312_T329,4718,H2312_all_pdbs/Model_1043_af3_basic_af3_seed_889885_sample_3_pred_788.cif,Model_1043_af3_basic_af3_seed_889885_sample_3_pred_788.cif,1043,AF3,af3_basic,889885,3,788,basic,,False,casp17/massivefold_external_pool_intake/h2312_t329/extracted_models/H2312_all_pdbs/Model_1043_af3_basic_af3_seed_889885_sample_3_pred_788.cif,awaiting_extract,"MassiveFold model pool index only. It parses organizer-provided external model tarball listings and stages balanced extraction/rerank candidates. These models remain external rerank and accuracy-estimation inputs, not internal predictions, not CASP submissions, and not competitive-proof evidence."
3,H2312,H2312_T329,4728,H2312_all_pdbs/Model_1495_af3_basic_af3_seed_861521_sample_1_pred_371.cif,Model_1495_af3_basic_af3_seed_861521_sample_1_pred_371.cif,1495,AF3,af3_basic,861521,1,371,basic,,False,casp17/massivefold_external_pool_intake/h2312_t329/extracted_models/H2312_all_pdbs/Model_1495_af3_basic_af3_seed_861521_sample_1_pred_371.cif,awaiting_extract,"MassiveFold model pool index only. It parses organizer-provided external model tarball listings and stages balanced extraction/rerank candidates. These models remain external rerank and accuracy-estimation inputs, not internal predictions, not CASP submissions, and not competitive-proof evidence."
3,H2312,H2312_T329,4739,H2312_all_pdbs/Model_1203_af3_basic_af3_seed_889897_sample_2_pred_847.cif,Model_1203_af3_basic_af3_seed_889897_sample_2_pred_847.cif,1203,AF3,af3_basic,889897,2,847,basic,,False,casp17/massivefold_external_pool_intake/h2312_t329/extracted_models/H2312_all_pdbs/Model_1203_af3_basic_af3_seed_889897_sample_2_pred_847.cif,awaiting_extract,"MassiveFold model pool index only. It parses organizer-provided external model tarball listings and stages balanced extraction/rerank candidates. These models remain external rerank and accuracy-estimation inputs, not internal predictions, not CASP submissions, and not competitive-proof evidence."
3,H2312,H2312_T329,4748,H2312_all_pdbs/Model_1408_af3_basic_af3_seed_163606_sample_1_pred_11.cif,Model_1408_af3_basic_af3_seed_163606_sample_1_pred_11.cif,1408,AF3,af3_basic,163606,1,11,basic,,False,casp17/massivefold_external_pool_intake/h2312_t329/extracted_models/H2312_all_pdbs/Model_1408_af3_basic_af3_seed_163606_sample_1_pred_11.cif,awaiting_extract,"MassiveFold model pool index only. It parses organizer-provided external model tarball listings and stages balanced extraction/rerank candidates. These models remain external rerank and accuracy-estimation inputs, not internal predictions, not CASP submissions, and not competitive-proof evidence."
3,H2312,H2312_T329,4767,H2312_all_pdbs/Model_1050_af3_basic_af3_seed_889891_sample_4_pred_819.cif,Model_1050_af3_basic_af3_seed_889891_sample_4_pred_819.cif,1050,AF3,af3_basic,889891,4,819,basic,,False,casp17/massivefold_external_pool_intake/h2312_t329/extracted_models/H2312_all_pdbs/Model_1050_af3_basic_af3_seed_889891_sample_4_pred_819.cif,awaiting_extract,"MassiveFold model pool index only. It parses organizer-provided external model tarball listings and stages balanced extraction/rerank candidates. These models remain external rerank and accuracy-estimation inputs, not internal predictions, not CASP submissions, and not competitive-proof evidence."
3,H2312,H2312_T329,4779,H2312_all_pdbs/Model_1209_af3_basic_af3_seed_207356_sample_2_pred_902.cif,Model_1209_af3_basic_af3_seed_207356_sample_2_pred_902.cif,1209,AF3,af3_basic,207356,2,902,basic,,False,casp17/massivefold_external_pool_intake/h2312_t329/extracted_models/H2312_all_pdbs/Model_1209_af3_basic_af3_seed_207356_sample_2_pred_902.cif,awaiting_extract,"MassiveFold model pool index only. It parses organizer-provided external model tarball listings and stages balanced extraction/rerank candidates. These models remain external rerank and accuracy-estimation inputs, not internal predictions, not CASP submissions, and not competitive-proof evidence."
3,H2312,H2312_T329,4825,H2312_all_pdbs/Model_1111_af3_basic_af3_seed_809684_sample_3_pred_743.cif,Model_1111_af3_basic_af3_seed_809684_sample_3_pred_743.cif,1111,AF3,af3_basic,809684,3,743,basic,,False,casp17/massivefold_external_pool_intake/h2312_t329/extracted_models/H2312_all_pdbs/Model_1111_af3_basic_af3_seed_809684_sample_3_pred_743.cif,awaiting_extract,"MassiveFold model pool index only. It parses organizer-provided external model tarball listings and stages balanced extraction/rerank candidates. These models remain external rerank and accuracy-estimation inputs, not internal predictions, not CASP submissions, and not competitive-proof evidence."
3,H2312,H2312_T329,4827,H2312_all_pdbs/Model_1405_af3_basic_af3_seed_163627_sample_2_pred_117.cif,Model_1405_af3_basic_af3_seed_163627_sample_2_pred_117.cif,1405,AF3,af3_basic,163627,2,117,basic,,False,casp17/massivefold_external_pool_intake/h2312_t329/extracted_models/H2312_all_pdbs/Model_1405_af3_basic_af3_seed_163627_sample_2_pred_117.cif,awaiting_extract,"MassiveFold model pool index only. It parses organizer-provided external model tarball listings and stages balanced extraction/rerank candidates. These models remain external rerank and accuracy-estimation inputs, not internal predictions, not CASP submissions, and not competitive-proof evidence."
3,H2312,H2312_T329,4835,H2312_all_pdbs/Model_1577_af3_basic_af3_seed_809671_sample_3_pred_678.cif,Model_1577_af3_basic_af3_seed_809671_sample_3_pred_678.cif,1577,AF3,af3_basic,809671,3,678,basic,,False,casp17/massivefold_external_pool_intake/h2312_t329/extracted_models/H2312_all_pdbs/Model_1577_af3_basic_af3_seed_809671_sample_3_pred_678.cif,awaiting_extract,"MassiveFold model pool index only. It parses organizer-provided external model tarball listings and stages balanced extraction/rerank candidates. These models remain external rerank and accuracy-estimation inputs, not internal predictions, not CASP submissions, and not competitive-proof evidence."
3,H2312,H2312_T329,4837,H2312_all_pdbs/Model_1024_af3_basic_af3_seed_861516_sample_3_pred_348.cif,Model_1024_af3_basic_af3_seed_861516_sample_3_pred_348.cif,1024,AF3,af3_basic,861516,3,348,basic,,False,casp17/massivefold_external_pool_intake/h2312_t329/extracted_models/H2312_all_pdbs/Model_1024_af3_basic_af3_seed_861516_sample_3_pred_348.cif,awaiting_extract,"MassiveFold model pool index only. It parses organizer-provided external model tarball listings and stages balanced extraction/rerank candidates. These models remain external rerank and accuracy-estimation inputs, not internal predictions, not CASP submissions, and not competitive-proof evidence."
3,H2312,H2312_T329,4842,H2312_all_pdbs/Model_1552_af3_basic_af3_seed_88516_sample_0_pred_475.cif,Model_1552_af3_basic_af3_seed_88516_sample_0_pred_475.cif,1552,AF3,af3_basic,88516,0,475,basic,,False,casp17/massivefold_external_pool_intake/h2312_t329/extracted_models/H2312_all_pdbs/Model_1552_af3_basic_af3_seed_88516_sample_0_pred_475.cif,awaiting_extract,"MassiveFold model pool index only. It parses organizer-provided external model tarball listings and stages balanced extraction/rerank candidates. These models remain external rerank and accuracy-estimation inputs, not internal predictions, not CASP submissions, and not competitive-proof evidence."
3,H2312,H2312_T329,4866,H2312_all_pdbs/Model_4253_af3_basic_af3_seed_163615_sample_1_pred_56.cif,Model_4253_af3_basic_af3_seed_163615_sample_1_pred_56.cif,4253,AF3,af3_basic,163615,1,56,basic,,False,casp17/massivefold_external_pool_intake/h2312_t329/extracted_models/H2312_all_pdbs/Model_4253_af3_basic_af3_seed_163615_sample_1_pred_56.cif,awaiting_extract,"MassiveFold model pool index only. It parses organizer-provided external model tarball listings and stages balanced extraction/rerank candidates. These models remain external rerank and accuracy-estimation inputs, not internal predictions, not CASP submissions, and not competitive-proof evidence."
3,H2312,H2312_T329,4889,H2312_all_pdbs/Model_3511_af3_basic_af3_seed_809681_sample_0_pred_725.cif,Model_3511_af3_basic_af3_seed_809681_sample_0_pred_725.cif,3511,AF3,af3_basic,809681,0,725,basic,,False,casp17/massivefold_external_pool_intake/h2312_t329/extracted_models/H2312_all_pdbs/Model_3511_af3_basic_af3_seed_809681_sample_0_pred_725.cif,awaiting_extract,"MassiveFold model pool index only. It parses organizer-provided external model tarball listings and stages balanced extraction/rerank candidates. These models remain external rerank and accuracy-estimation inputs, not internal predictions, not CASP submissions, and not competitive-proof evidence."
3,H2312,H2312_T329,4907,H2312_all_pdbs/Model_1079_af3_basic_af3_seed_207371_sample_3_pred_978.cif,Model_1079_af3_basic_af3_seed_207371_sample_3_pred_978.cif,1079,AF3,af3_basic,207371,3,978,basic,,False,casp17/massivefold_external_pool_intake/h2312_t329/extracted_models/H2312_all_pdbs/Model_1079_af3_basic_af3_seed_207371_sample_3_pred_978.cif,awaiting_extract,"MassiveFold model pool index only. It parses organizer-provided external model tarball listings and stages balanced extraction/rerank candidates. These models remain external rerank and accuracy-estimation inputs, not internal predictions, not CASP submissions, and not competitive-proof evidence."
3,H2312,H2312_T329,4910,H2312_all_pdbs/Model_1371_af3_basic_af3_seed_889899_sample_0_pred_855.cif,Model_1371_af3_basic_af3_seed_889899_sample_0_pred_855.cif,1371,AF3,af3_basic,889899,0,855,basic,,False,casp17/massivefold_external_pool_intake/h2312_t329/extracted_models/H2312_all_pdbs/Model_1371_af3_basic_af3_seed_889899_sample_0_pred_855.cif,awaiting_extract,"MassiveFold model pool index only. It parses organizer-provided external model tarball listings and stages balanced extraction/rerank candidates. These models remain external rerank and accuracy-estimation inputs, not internal predictions, not CASP submissions, and not competitive-proof evidence."
3,H2312,H2312_T329,4940,H2312_all_pdbs/Model_3364_af3_basic_af3_seed_163616_sample_0_pred_60.cif,Model_3364_af3_basic_af3_seed_163616_sample_0_pred_60.cif,3364,AF3,af3_basic,163616,0,60,basic,,False,casp17/massivefold_external_pool_intake/h2312_t329/extracted_models/H2312_all_pdbs/Model_3364_af3_basic_af3_seed_163616_sample_0_pred_60.cif,awaiting_extract,"MassiveFold model pool index only. It parses organizer-provided external model tarball listings and stages balanced extraction/rerank candidates. These models remain external rerank and accuracy-estimation inputs, not internal predictions, not CASP submissions, and not competitive-proof evidence."
3,H2312,H2312_T329,4951,H2312_all_pdbs/Model_4252_af3_basic_af3_seed_207355_sample_0_pred_895.cif,Model_4252_af3_basic_af3_seed_207355_sample_0_pred_895.cif,4252,AF3,af3_basic,207355,0,895,basic,,False,casp17/massivefold_external_pool_intake/h2312_t329/extracted_models/H2312_all_pdbs/Model_4252_af3_basic_af3_seed_207355_sample_0_pred_895.cif,awaiting_extract,"MassiveFold model pool index only. It parses organizer-provided external model tarball listings and stages balanced extraction/rerank candidates. These models remain external rerank and accuracy-estimation inputs, not internal predictions, not CASP submissions, and not competitive-proof evidence."
3,H2312,H2312_T329,4966,H2312_all_pdbs/Model_1257_af3_basic_af3_seed_163625_sample_4_pred_109.cif,Model_1257_af3_basic_af3_seed_163625_sample_4_pred_109.cif,1257,AF3,af3_basic,163625,4,109,basic,,False,casp17/massivefold_external_pool_intake/h2312_t329/extracted_models/H2312_all_pdbs/Model_1257_af3_basic_af3_seed_163625_sample_4_pred_109.cif,awaiting_extract,"MassiveFold model pool index only. It parses organizer-provided external model tarball listings and stages balanced extraction/rerank candidates. These models remain external rerank and accuracy-estimation inputs, not internal predictions, not CASP submissions, and not competitive-proof evidence."
3,H2312,H2312_T329,4969,H2312_all_pdbs/Model_1668_af3_basic_af3_seed_861497_sample_1_pred_251.cif,Model_1668_af3_basic_af3_seed_861497_sample_1_pred_251.cif,1668,AF3,af3_basic,861497,1,251,basic,,False,casp17/massivefold_external_pool_intake/h2312_t329/extracted_models/H2312_all_pdbs/Model_1668_af3_basic_af3_seed_861497_sample_1_pred_251.cif,awaiting_extract,"MassiveFold model pool index only. It parses organizer-provided external model tarball listings and stages balanced extraction/rerank candidates. These models remain external rerank and accuracy-estimation inputs, not internal predictions, not CASP submissions, and not competitive-proof evidence."
3,H2312,H2312_T329,4971,H2312_all_pdbs/Model_970_af3_basic_af3_seed_163604_sample_1_pred_1.cif,Model_970_af3_basic_af3_seed_163604_sample_1_pred_1.cif,970,AF3,af3_basic,163604,1,1,basic,,False,casp17/massivefold_external_pool_intake/h2312_t329/extracted_models/H2312_all_pdbs/Model_970_af3_basic_af3_seed_163604_sample_1_pred_1.cif,awaiting_extract,"MassiveFold model pool index only. It parses organizer-provided external model tarball listings and stages balanced extraction/rerank candidates. These models remain external rerank and accuracy-estimation inputs, not internal predictions, not CASP submissions, and not competitive-proof evidence."
3,H2312,H2312_T329,5007,H2312_all_pdbs/Model_1604_af3_basic_af3_seed_889887_sample_1_pred_796.cif,Model_1604_af3_basic_af3_seed_889887_sample_1_pred_796.cif,1604,AF3,af3_basic,889887,1,796,basic,,False,casp17/massivefold_external_pool_intake/h2312_t329/extracted_models/H2312_all_pdbs/Model_1604_af3_basic_af3_seed_889887_sample_1_pred_796.cif,awaiting_extract,"MassiveFold model pool index only. It parses organizer-provided external model tarball listings and stages balanced extraction/rerank candidates. These models remain external rerank and accuracy-estimation inputs, not internal predictions, not CASP submissions, and not competitive-proof evidence."
3,H2312,H2312_T329,5008,H2312_all_pdbs/Model_1621_af3_basic_af3_seed_88517_sample_2_pred_482.cif,Model_1621_af3_basic_af3_seed_88517_sample_2_pred_482.cif,1621,AF3,af3_basic,88517,2,482,basic,,False,casp17/massivefold_external_pool_intake/h2312_t329/extracted_models/H2312_all_pdbs/Model_1621_af3_basic_af3_seed_88517_sample_2_pred_482.cif,awaiting_extract,"MassiveFold model pool index only. It parses organizer-provided external model tarball listings and stages balanced extraction/rerank candidates. These models remain external rerank and accuracy-estimation inputs, not internal predictions, not CASP submissions, and not competitive-proof evidence."
3,H2312,H2312_T329,5011,H2312_all_pdbs/Model_1595_af3_basic_af3_seed_809672_sample_1_pred_681.cif,Model_1595_af3_basic_af3_seed_809672_sample_1_pred_681.cif,1595,AF3,af3_basic,809672,1,681,basic,,False,casp17/massivefold_external_pool_intake/h2312_t329/extracted_models/H2312_all_pdbs/Model_1595_af3_basic_af3_seed_809672_sample_1_pred_681.cif,awaiting_extract,"MassiveFold model pool index only. It parses organizer-provided external model tarball listings and stages balanced extraction/rerank candidates. These models remain external rerank and accuracy-estimation inputs, not internal predictions, not CASP submissions, and not competitive-proof evidence."
3,H2312,H2312_T329,5022,H2312_all_pdbs/Model_1556_af3_basic_af3_seed_163618_sample_3_pred_73.cif,Model_1556_af3_basic_af3_seed_163618_sample_3_pred_73.cif,1556,AF3,af3_basic,163618,3,73,basic,,False,casp17/massivefold_external_pool_intake/h2312_t329/extracted_models/H2312_all_pdbs/Model_1556_af3_basic_af3_seed_163618_sample_3_pred_73.cif,awaiting_extract,"MassiveFold model pool index only. It parses organizer-provided external model tarball listings and stages balanced extraction/rerank candidates. These models remain external rerank and accuracy-estimation inputs, not internal predictions, not CASP submissions, and not competitive-proof evidence."
3,H2312,H2312_T329,5027,H2312_all_pdbs/Model_1008_af3_basic_af3_seed_163628_sample_4_pred_124.cif,Model_1008_af3_basic_af3_seed_163628_sample_4_pred_124.cif,1008,AF3,af3_basic,163628,4,124,basic,,False,casp17/massivefold_external_pool_intake/h2312_t329/extracted_models/H2312_all_pdbs/Model_1008_af3_basic_af3_seed_163628_sample_4_pred_124.cif,awaiting_extract,"MassiveFold model pool index only. It parses organizer-provided external model tarball listings and stages balanced extraction/rerank candidates. These models remain external rerank and accuracy-estimation inputs, not internal predictions, not CASP submissions, and not competitive-proof evidence."
3,H2312,H2312_T329,5033,H2312_all_pdbs/Model_3457_af3_basic_af3_seed_809678_sample_2_pred_712.cif,Model_3457_af3_basic_af3_seed_809678_sample_2_pred_712.cif,3457,AF3,af3_basic,809678,2,712,basic,,False,casp17/massivefold_external_pool_intake/h2312_t329/extracted_models/H2312_all_pdbs/Model_3457_af3_basic_af3_seed_809678_sample_2_pred_712.cif,awaiting_extract,"MassiveFold model pool index only. It parses organizer-provided external model tarball listings and stages balanced extraction/rerank candidates. These models remain external rerank and accuracy-estimation inputs, not internal predictions, not CASP submissions, and not competitive-proof evidence."
3,H2312,H2312_T329,5051,H2312_all_pdbs/Model_1096_af3_basic_af3_seed_163626_sample_0_pred_110.cif,Model_1096_af3_basic_af3_seed_163626_sample_0_pred_110.cif,1096,AF3,af3_basic,163626,0,110,basic,,False,casp17/massivefold_external_pool_intake/h2312_t329/extracted_models/H2312_all_pdbs/Model_1096_af3_basic_af3_seed_163626_sample_0_pred_110.cif,awaiting_extract,"MassiveFold model pool index only. It parses organizer-provided external model tarball listings and stages balanced extraction/rerank candidates. These models remain external rerank and accuracy-estimation inputs, not internal predictions, not CASP submissions, and not competitive-proof evidence."
3,H2312,H2312_T329,5052,H2312_all_pdbs/Model_1558_af3_basic_af3_seed_809671_sample_2_pred_677.cif,Model_1558_af3_basic_af3_seed_809671_sample_2_pred_677.cif,1558,AF3,af3_basic,809671,2,677,basic,,False,casp17/massivefold_external_pool_intake/h2312_t329/extracted_models/H2312_all_pdbs/Model_1558_af3_basic_af3_seed_809671_sample_2_pred_677.cif,awaiting_extract,"MassiveFold model pool index only. It parses organizer-provided external model tarball listings and stages balanced extraction/rerank candidates. These models remain external rerank and accuracy-estimation inputs, not internal predictions, not CASP submissions, and not competitive-proof evidence."
3,H2312,H2312_T329,5053,H2312_all_pdbs/Model_1665_af3_basic_af3_seed_163626_sample_2_pred_112.cif,Model_1665_af3_basic_af3_seed_163626_sample_2_pred_112.cif,1665,AF3,af3_basic,163626,2,112,basic,,False,casp17/massivefold_external_pool_intake/h2312_t329/extracted_models/H2312_all_pdbs/Model_1665_af3_basic_af3_seed_163626_sample_2_pred_112.cif,awaiting_extract,"MassiveFold model pool index only. It parses organizer-provided external model tarball listings and stages balanced extraction/rerank candidates. These models remain external rerank and accuracy-estimation inputs, not internal predictions, not CASP submissions, and not competitive-proof evidence."
3,H2312,H2312_T329,5061,H2312_all_pdbs/Model_3550_af3_basic_af3_seed_163607_sample_0_pred_15.cif,Model_3550_af3_basic_af3_seed_163607_sample_0_pred_15.cif,3550,AF3,af3_basic,163607,0,15,basic,,False,casp17/massivefold_external_pool_intake/h2312_t329/extracted_models/H2312_all_pdbs/Model_3550_af3_basic_af3_seed_163607_sample_0_pred_15.cif,awaiting_extract,"MassiveFold model pool index only. It parses organizer-provided external model tarball listings and stages balanced extraction/rerank candidates. These models remain external rerank and accuracy-estimation inputs, not internal predictions, not CASP submissions, and not competitive-proof evidence."
3,H2312,H2312_T329,5070,H2312_all_pdbs/Model_3430_af3_basic_af3_seed_735213_sample_0_pred_545.cif,Model_3430_af3_basic_af3_seed_735213_sample_0_pred_545.cif,3430,AF3,af3_basic,735213,0,545,basic,,False,casp17/massivefold_external_pool_intake/h2312_t329/extracted_models/H2312_all_pdbs/Model_3430_af3_basic_af3_seed_735213_sample_0_pred_545.cif,awaiting_extract,"MassiveFold model pool index only. It parses organizer-provided external model tarball listings and stages balanced extraction/rerank candidates. These models remain external rerank and accuracy-estimation inputs, not internal predictions, not CASP submissions, and not competitive-proof evidence."
3,H2312,H2312_T329,5071,H2312_all_pdbs/Model_1303_af3_basic_af3_seed_861521_sample_2_pred_372.cif,Model_1303_af3_basic_af3_seed_861521_sample_2_pred_372.cif,1303,AF3,af3_basic,861521,2,372,basic,,False,casp17/massivefold_external_pool_intake/h2312_t329/extracted_models/H2312_all_pdbs/Model_1303_af3_basic_af3_seed_861521_sample_2_pred_372.cif,awaiting_extract,"MassiveFold model pool index only. It parses organizer-provided external model tarball listings and stages balanced extraction/rerank candidates. These models remain external rerank and accuracy-estimation inputs, not internal predictions, not CASP submissions, and not competitive-proof evidence."
3,H2312,H2312_T329,5110,H2312_all_pdbs/Model_1497_af3_basic_af3_seed_861507_sample_1_pred_301.cif,Model_1497_af3_basic_af3_seed_861507_sample_1_pred_301.cif,1497,AF3,af3_basic,861507,1,301,basic,,False,casp17/massivefold_external_pool_intake/h2312_t329/extracted_models/H2312_all_pdbs/Model_1497_af3_basic_af3_seed_861507_sample_1_pred_301.cif,awaiting_extract,"MassiveFold model pool index only. It parses organizer-provided external model tarball listings and stages balanced extraction/rerank candidates. These models remain external rerank and accuracy-estimation inputs, not internal predictions, not CASP submissions, and not competitive-proof evidence."
3,H2312,H2312_T329,5124,H2312_all_pdbs/Model_1006_af3_basic_af3_seed_735222_sample_2_pred_592.cif,Model_1006_af3_basic_af3_seed_735222_sample_2_pred_592.cif,1006,AF3,af3_basic,735222,2,592,basic,,False,casp17/massivefold_external_pool_intake/h2312_t329/extracted_models/H2312_all_pdbs/Model_1006_af3_basic_af3_seed_735222_sample_2_pred_592.cif,awaiting_extract,"MassiveFold model pool index only. It parses organizer-provided external model tarball listings and stages balanced extraction/rerank candidates. These models remain external rerank and accuracy-estimation inputs, not internal predictions, not CASP submissions, and not competitive-proof evidence."
3,H2312,H2312_T329,5142,H2312_all_pdbs/Model_3490_af3_basic_af3_seed_88499_sample_4_pred_394.cif,Model_3490_af3_basic_af3_seed_88499_sample_4_pred_394.cif,3490,AF3,af3_basic,88499,4,394,basic,,False,casp17/massivefold_external_pool_intake/h2312_t329/extracted_models/H2312_all_pdbs/Model_3490_af3_basic_af3_seed_88499_sample_4_pred_394.cif,awaiting_extract,"MassiveFold model pool index only. It parses organizer-provided external model tarball listings and stages balanced extraction/rerank candidates. These models remain external rerank and accuracy-estimation inputs, not internal predictions, not CASP submissions, and not competitive-proof evidence."
3,H2312,H2312_T329,5159,H2312_all_pdbs/Model_3423_af3_basic_af3_seed_207363_sample_1_pred_936.cif,Model_3423_af3_basic_af3_seed_207363_sample_1_pred_936.cif,3423,AF3,af3_basic,207363,1,936,basic,,False,casp17/massivefold_external_pool_intake/h2312_t329/extracted_models/H2312_all_pdbs/Model_3423_af3_basic_af3_seed_207363_sample_1_pred_936.cif,awaiting_extract,"MassiveFold model pool index only. It parses organizer-provided external model tarball listings and stages balanced extraction/rerank candidates. These models remain external rerank and accuracy-estimation inputs, not internal predictions, not CASP submissions, and not competitive-proof evidence."
3,H2312,H2312_T329,5166,H2312_all_pdbs/Model_3478_af3_basic_af3_seed_676031_sample_4_pred_144.cif,Model_3478_af3_basic_af3_seed_676031_sample_4_pred_144.cif,3478,AF3,af3_basic,676031,4,144,basic,,False,casp17/massivefold_external_pool_intake/h2312_t329/extracted_models/H2312_all_pdbs/Model_3478_af3_basic_af3_seed_676031_sample_4_pred_144.cif,awaiting_extract,"MassiveFold model pool index only. It parses organizer-provided external model tarball listings and stages balanced extraction/rerank candidates. These models remain external rerank and accuracy-estimation inputs, not internal predictions, not CASP submissions, and not competitive-proof evidence."
3,H2312,H2312_T329,5184,H2312_all_pdbs/Model_3531_af3_basic_af3_seed_88501_sample_2_pred_402.cif,Model_3531_af3_basic_af3_seed_88501_sample_2_pred_402.cif,3531,AF3,af3_basic,88501,2,402,basic,,False,casp17/massivefold_external_pool_intake/h2312_t329/extracted_models/H2312_all_pdbs/Model_3531_af3_basic_af3_seed_88501_sample_2_pred_402.cif,awaiting_extract,"MassiveFold model pool index only. It parses organizer-provided external model tarball listings and stages balanced extraction/rerank candidates. These models remain external rerank and accuracy-estimation inputs, not internal predictions, not CASP submissions, and not competitive-proof evidence."
3,H2312,H2312_T329,5193,H2312_all_pdbs/Model_3482_af3_basic_af3_seed_163605_sample_0_pred_5.cif,Model_3482_af3_basic_af3_seed_163605_sample_0_pred_5.cif,3482,AF3,af3_basic,163605,0,5,basic,,False,casp17/massivefold_external_pool_intake/h2312_t329/extracted_models/H2312_all_pdbs/Model_3482_af3_basic_af3_seed_163605_sample_0_pred_5.cif,awaiting_extract,"MassiveFold model pool index only. It parses organizer-provided external model tarball listings and stages balanced extraction/rerank candidates. These models remain external rerank and accuracy-estimation inputs, not internal predictions, not CASP submissions, and not competitive-proof evidence."
3,H2312,H2312_T329,5196,H2312_all_pdbs/Model_1232_af3_basic_af3_seed_163623_sample_1_pred_96.cif,Model_1232_af3_basic_af3_seed_163623_sample_1_pred_96.cif,1232,AF3,af3_basic,163623,1,96,basic,,False,casp17/massivefold_external_pool_intake/h2312_t329/extracted_models/H2312_all_pdbs/Model_1232_af3_basic_af3_seed_163623_sample_1_pred_96.cif,awaiting_extract,"MassiveFold model pool index only. It parses organizer-provided external model tarball listings and stages balanced extraction/rerank candidates. These models remain external rerank and accuracy-estimation inputs, not internal predictions, not CASP submissions, and not competitive-proof evidence."
3,H2312,H2312_T329,5217,H2312_all_pdbs/Model_989_af3_basic_af3_seed_676048_sample_0_pred_225.cif,Model_989_af3_basic_af3_seed_676048_sample_0_pred_225.cif,989,AF3,af3_basic,676048,0,225,basic,,False,casp17/massivefold_external_pool_intake/h2312_t329/extracted_models/H2312_all_pdbs/Model_989_af3_basic_af3_seed_676048_sample_0_pred_225.cif,awaiting_extract,"MassiveFold model pool index only. It parses organizer-provided external model tarball listings and stages balanced extraction/rerank candidates. These models remain external rerank and accuracy-estimation inputs, not internal predictions, not CASP submissions, and not competitive-proof evidence."
3,H2312,H2312_T329,5245,H2312_all_pdbs/Model_3552_af3_basic_af3_seed_809675_sample_4_pred_699.cif,Model_3552_af3_basic_af3_seed_809675_sample_4_pred_699.cif,3552,AF3,af3_basic,809675,4,699,basic,,False,casp17/massivefold_external_pool_intake/h2312_t329/extracted_models/H2312_all_pdbs/Model_3552_af3_basic_af3_seed_809675_sample_4_pred_699.cif,awaiting_extract,"MassiveFold model pool index only. It parses organizer-provided external model tarball listings and stages balanced extraction/rerank candidates. These models remain external rerank and accuracy-estimation inputs, not internal predictions, not CASP submissions, and not competitive-proof evidence."
3,H2312,H2312_T329,5247,H2312_all_pdbs/Model_1447_af3_basic_af3_seed_676049_sample_3_pred_233.cif,Model_1447_af3_basic_af3_seed_676049_sample_3_pred_233.cif,1447,AF3,af3_basic,676049,3,233,basic,,False,casp17/massivefold_external_pool_intake/h2312_t329/extracted_models/H2312_all_pdbs/Model_1447_af3_basic_af3_seed_676049_sample_3_pred_233.cif,awaiting_extract,"MassiveFold model pool index only. It parses organizer-provided external model tarball listings and stages balanced extraction/rerank candidates. These models remain external rerank and accuracy-estimation inputs, not internal predictions, not CASP submissions, and not competitive-proof evidence."
3,H2312,H2312_T329,5261,H2312_all_pdbs/Model_1197_af3_basic_af3_seed_861515_sample_4_pred_344.cif,Model_1197_af3_basic_af3_seed_861515_sample_4_pred_344.cif,1197,AF3,af3_basic,861515,4,344,basic,,False,casp17/massivefold_external_pool_intake/h2312_t329/extracted_models/H2312_all_pdbs/Model_1197_af3_basic_af3_seed_861515_sample_4_pred_344.cif,awaiting_extract,"MassiveFold model pool index only. It parses organizer-provided external model tarball listings and stages balanced extraction/rerank candidates. These models remain external rerank and accuracy-estimation inputs, not internal predictions, not CASP submissions, and not competitive-proof evidence."
3,H2312,H2312_T329,5267,H2312_all_pdbs/Model_1051_af3_basic_af3_seed_889890_sample_0_pred_810.cif,Model_1051_af3_basic_af3_seed_889890_sample_0_pred_810.cif,1051,AF3,af3_basic,889890,0,810,basic,,False,casp17/massivefold_external_pool_intake/h2312_t329/extracted_models/H2312_all_pdbs/Model_1051_af3_basic_af3_seed_889890_sample_0_pred_810.cif,awaiting_extract,"MassiveFold model pool index only. It parses organizer-provided external model tarball listings and stages balanced extraction/rerank candidates. These models remain external rerank and accuracy-estimation inputs, not internal predictions, not CASP submissions, and not competitive-proof evidence."
3,H2312,H2312_T329,5275,H2312_all_pdbs/Model_1404_af3_basic_af3_seed_809682_sample_1_pred_731.cif,Model_1404_af3_basic_af3_seed_809682_sample_1_pred_731.cif,1404,AF3,af3_basic,809682,1,731,basic,,False,casp17/massivefold_external_pool_intake/h2312_t329/extracted_models/H2312_all_pdbs/Model_1404_af3_basic_af3_seed_809682_sample_1_pred_731.cif,awaiting_extract,"MassiveFold model pool index only. It parses organizer-provided external model tarball listings and stages balanced extraction/rerank candidates. These models remain external rerank and accuracy-estimation inputs, not internal predictions, not CASP submissions, and not competitive-proof evidence."
3,H2312,H2312_T329,5282,H2312_all_pdbs/Model_1117_af3_basic_af3_seed_861507_sample_0_pred_300.cif,Model_1117_af3_basic_af3_seed_861507_sample_0_pred_300.cif,1117,AF3,af3_basic,861507,0,300,basic,,False,casp17/massivefold_external_pool_intake/h2312_t329/extracted_models/H2312_all_pdbs/Model_1117_af3_basic_af3_seed_861507_sample_0_pred_300.cif,awaiting_extract,"MassiveFold model pool index only. It parses organizer-provided external model tarball listings and stages balanced extraction/rerank candidates. These models remain external rerank and accuracy-estimation inputs, not internal predictions, not CASP submissions, and not competitive-proof evidence."
3,H2312,H2312_T329,5314,H2312_all_pdbs/Model_3432_af3_basic_af3_seed_889896_sample_4_pred_844.cif,Model_3432_af3_basic_af3_seed_889896_sample_4_pred_844.cif,3432,AF3,af3_basic,889896,4,844,basic,,False,casp17/massivefold_external_pool_intake/h2312_t329/extracted_models/H2312_all_pdbs/Model_3432_af3_basic_af3_seed_889896_sample_4_pred_844.cif,awaiting_extract,"MassiveFold model pool index only. It parses organizer-provided external model tarball listings and stages balanced extraction/rerank candidates. These models remain external rerank and accuracy-estimation inputs, not internal predictions, not CASP submissions, and not competitive-proof evidence."
3,H2312,H2312_T329,5345,H2312_all_pdbs/Model_4264_af3_basic_af3_seed_207351_sample_2_pred_877.cif,Model_4264_af3_basic_af3_seed_207351_sample_2_pred_877.cif,4264,AF3,af3_basic,207351,2,877,basic,,False,casp17/massivefold_external_pool_intake/h2312_t329/extracted_models/H2312_all_pdbs/Model_4264_af3_basic_af3_seed_207351_sample_2_pred_877.cif,awaiting_extract,"MassiveFold model pool index only. It parses organizer-provided external model tarball listings and stages balanced extraction/rerank candidates. These models remain external rerank and accuracy-estimation inputs, not internal predictions, not CASP submissions, and not competitive-proof evidence."
3,H2312,H2312_T329,5367,H2312_all_pdbs/Model_1295_af3_basic_af3_seed_889899_sample_2_pred_857.cif,Model_1295_af3_basic_af3_seed_889899_sample_2_pred_857.cif,1295,AF3,af3_basic,889899,2,857,basic,,False,casp17/massivefold_external_pool_intake/h2312_t329/extracted_models/H2312_all_pdbs/Model_1295_af3_basic_af3_seed_889899_sample_2_pred_857.cif,awaiting_extract,"MassiveFold model pool index only. It parses organizer-provided external model tarball listings and stages balanced extraction/rerank candidates. These models remain external rerank and accuracy-estimation inputs, not internal predictions, not CASP submissions, and not competitive-proof evidence."
3,H2312,H2312_T329,5375,H2312_all_pdbs/Model_1164_af3_basic_af3_seed_88506_sample_4_pred_429.cif,Model_1164_af3_basic_af3_seed_88506_sample_4_pred_429.cif,1164,AF3,af3_basic,88506,4,429,basic,,False,casp17/massivefold_external_pool_intake/h2312_t329/extracted_models/H2312_all_pdbs/Model_1164_af3_basic_af3_seed_88506_sample_4_pred_429.cif,awaiting_extract,"MassiveFold model pool index only. It parses organizer-provided external model tarball listings and stages balanced extraction/rerank candidates. These models remain external rerank and accuracy-estimation inputs, not internal predictions, not CASP submissions, and not competitive-proof evidence."
3,H2312,H2312_T329,5376,H2312_all_pdbs/Model_4278_af3_basic_af3_seed_889886_sample_0_pred_790.cif,Model_4278_af3_basic_af3_seed_889886_sample_0_pred_790.cif,4278,AF3,af3_basic,889886,0,790,basic,,False,casp17/massivefold_external_pool_intake/h2312_t329/extracted_models/H2312_all_pdbs/Model_4278_af3_basic_af3_seed_889886_sample_0_pred_790.cif,awaiting_extract,"MassiveFold model pool index only. It parses organizer-provided external model tarball listings and stages balanced extraction/rerank candidates. These models remain external rerank and accuracy-estimation inputs, not internal predictions, not CASP submissions, and not competitive-proof evidence."
3,H2312,H2312_T329,5408,H2312_all_pdbs/Model_3362_af3_basic_af3_seed_163625_sample_0_pred_105.cif,Model_3362_af3_basic_af3_seed_163625_sample_0_pred_105.cif,3362,AF3,af3_basic,163625,0,105,basic,,False,casp17/massivefold_external_pool_intake/h2312_t329/extracted_models/H2312_all_pdbs/Model_3362_af3_basic_af3_seed_163625_sample_0_pred_105.cif,awaiting_extract,"MassiveFold model pool index only. It parses organizer-provided external model tarball listings and stages balanced extraction/rerank candidates. These models remain external rerank and accuracy-estimation inputs, not internal predictions, not CASP submissions, and not competitive-proof evidence."
3,H2312,H2312_T329,5427,H2312_all_pdbs/Model_1227_af3_basic_af3_seed_735212_sample_4_pred_544.cif,Model_1227_af3_basic_af3_seed_735212_sample_4_pred_544.cif,1227,AF3,af3_basic,735212,4,544,basic,,False,casp17/massivefold_external_pool_intake/h2312_t329/extracted_models/H2312_all_pdbs/Model_1227_af3_basic_af3_seed_735212_sample_4_pred_544.cif,awaiting_extract,"MassiveFold model pool index only. It parses organizer-provided external model tarball listings and stages balanced extraction/rerank candidates. These models remain external rerank and accuracy-estimation inputs, not internal predictions, not CASP submissions, and not competitive-proof evidence."
3,H2312,H2312_T329,5441,H2312_all_pdbs/Model_1484_af3_basic_af3_seed_861500_sample_2_pred_267.cif,Model_1484_af3_basic_af3_seed_861500_sample_2_pred_267.cif,1484,AF3,af3_basic,861500,2,267,basic,,False,casp17/massivefold_external_pool_intake/h2312_t329/extracted_models/H2312_all_pdbs/Model_1484_af3_basic_af3_seed_861500_sample_2_pred_267.cif,awaiting_extract,"MassiveFold model pool index only. It parses organizer-provided external model tarball listings and stages balanced extraction/rerank candidates. These models remain external rerank and accuracy-estimation inputs, not internal predictions, not CASP submissions, and not competitive-proof evidence."
3,H2312,H2312_T329,5442,H2312_all_pdbs/Model_1543_af3_basic_af3_seed_861515_sample_1_pred_341.cif,Model_1543_af3_basic_af3_seed_861515_sample_1_pred_341.cif,1543,AF3,af3_basic,861515,1,341,basic,,False,casp17/massivefold_external_pool_intake/h2312_t329/extracted_models/H2312_all_pdbs/Model_1543_af3_basic_af3_seed_861515_sample_1_pred_341.cif,awaiting_extract,"MassiveFold model pool index only. It parses organizer-provided external model tarball listings and stages balanced extraction/rerank candidates. These models remain external rerank and accuracy-estimation inputs, not internal predictions, not CASP submissions, and not competitive-proof evidence."
3,H2312,H2312_T329,5443,H2312_all_pdbs/Model_3424_af3_basic_af3_seed_163615_sample_4_pred_59.cif,Model_3424_af3_basic_af3_seed_163615_sample_4_pred_59.cif,3424,AF3,af3_basic,163615,4,59,basic,,False,casp17/massivefold_external_pool_intake/h2312_t329/extracted_models/H2312_all_pdbs/Model_3424_af3_basic_af3_seed_163615_sample_4_pred_59.cif,awaiting_extract,"MassiveFold model pool index only. It parses organizer-provided external model tarball listings and stages balanced extraction/rerank candidates. These models remain external rerank and accuracy-estimation inputs, not internal predictions, not CASP submissions, and not competitive-proof evidence."
3,H2312,H2312_T329,5450,H2312_all_pdbs/Model_3557_af3_basic_af3_seed_809680_sample_2_pred_722.cif,Model_3557_af3_basic_af3_seed_809680_sample_2_pred_722.cif,3557,AF3,af3_basic,809680,2,722,basic,,False,casp17/massivefold_external_pool_intake/h2312_t329/extracted_models/H2312_all_pdbs/Model_3557_af3_basic_af3_seed_809680_sample_2_pred_722.cif,awaiting_extract,"MassiveFold model pool index only. It parses organizer-provided external model tarball listings and stages balanced extraction/rerank candidates. These models remain external rerank and accuracy-estimation inputs, not internal predictions, not CASP submissions, and not competitive-proof evidence."
3,H2312,H2312_T329,5460,H2312_all_pdbs/Model_1040_af3_basic_af3_seed_889891_sample_0_pred_815.cif,Model_1040_af3_basic_af3_seed_889891_sample_0_pred_815.cif,1040,AF3,af3_basic,889891,0,815,basic,,False,casp17/massivefold_external_pool_intake/h2312_t329/extracted_models/H2312_all_pdbs/Model_1040_af3_basic_af3_seed_889891_sample_0_pred_815.cif,awaiting_extract,"MassiveFold model pool index only. It parses organizer-provided external model tarball listings and stages balanced extraction/rerank candidates. These models remain external rerank and accuracy-estimation inputs, not internal predictions, not CASP submissions, and not competitive-proof evidence."
3,H2312,H2312_T329,5464,H2312_all_pdbs/Model_3454_af3_basic_af3_seed_88501_sample_4_pred_404.cif,Model_3454_af3_basic_af3_seed_88501_sample_4_pred_404.cif,3454,AF3,af3_basic,88501,4,404,basic,,False,casp17/massivefold_external_pool_intake/h2312_t329/extracted_models/H2312_all_pdbs/Model_3454_af3_basic_af3_seed_88501_sample_4_pred_404.cif,awaiting_extract,"MassiveFold model pool index only. It parses organizer-provided external model tarball listings and stages balanced extraction/rerank candidates. These models remain external rerank and accuracy-estimation inputs, not internal predictions, not CASP submissions, and not competitive-proof evidence."
3,H2312,H2312_T329,5466,H2312_all_pdbs/Model_1624_af3_basic_af3_seed_163622_sample_1_pred_91.cif,Model_1624_af3_basic_af3_seed_163622_sample_1_pred_91.cif,1624,AF3,af3_basic,163622,1,91,basic,,False,casp17/massivefold_external_pool_intake/h2312_t329/extracted_models/H2312_all_pdbs/Model_1624_af3_basic_af3_seed_163622_sample_1_pred_91.cif,awaiting_extract,"MassiveFold model pool index only. It parses organizer-provided external model tarball listings and stages balanced extraction/rerank candidates. These models remain external rerank and accuracy-estimation inputs, not internal predictions, not CASP submissions, and not competitive-proof evidence."
3,H2312,H2312_T329,5477,H2312_all_pdbs/Model_1663_af3_basic_af3_seed_676035_sample_0_pred_160.cif,Model_1663_af3_basic_af3_seed_676035_sample_0_pred_160.cif,1663,AF3,af3_basic,676035,0,160,basic,,False,casp17/massivefold_external_pool_intake/h2312_t329/extracted_models/H2312_all_pdbs/Model_1663_af3_basic_af3_seed_676035_sample_0_pred_160.cif,awaiting_extract,"MassiveFold model pool index only. It parses organizer-provided external model tarball listings and stages balanced extraction/rerank candidates. These models remain external rerank and accuracy-estimation inputs, not internal predictions, not CASP submissions, and not competitive-proof evidence."
3,H2312,H2312_T329,5498,H2312_all_pdbs/Model_1094_af3_basic_af3_seed_735205_sample_0_pred_505.cif,Model_1094_af3_basic_af3_seed_735205_sample_0_pred_505.cif,1094,AF3,af3_basic,735205,0,505,basic,,False,casp17/massivefold_external_pool_intake/h2312_t329/extracted_models/H2312_all_pdbs/Model_1094_af3_basic_af3_seed_735205_sample_0_pred_505.cif,awaiting_extract,"MassiveFold model pool index only. It parses organizer-provided external model tarball listings and stages balanced extraction/rerank candidates. These models remain external rerank and accuracy-estimation inputs, not internal predictions, not CASP submissions, and not competitive-proof evidence."
3,H2312,H2312_T329,5503,H2312_all_pdbs/Model_3497_af3_basic_af3_seed_207355_sample_1_pred_896.cif,Model_3497_af3_basic_af3_seed_207355_sample_1_pred_896.cif,3497,AF3,af3_basic,207355,1,896,basic,,False,casp17/massivefold_external_pool_intake/h2312_t329/extracted_models/H2312_all_pdbs/Model_3497_af3_basic_af3_seed_207355_sample_1_pred_896.cif,awaiting_extract,"MassiveFold model pool index only. It parses organizer-provided external model tarball listings and stages balanced extraction/rerank candidates. These models remain external rerank and accuracy-estimation inputs, not internal predictions, not CASP submissions, and not competitive-proof evidence."
3,H2312,H2312_T329,5507,H2312_all_pdbs/Model_1034_af3_basic_af3_seed_861498_sample_4_pred_259.cif,Model_1034_af3_basic_af3_seed_861498_sample_4_pred_259.cif,1034,AF3,af3_basic,861498,4,259,basic,,False,casp17/massivefold_external_pool_intake/h2312_t329/extracted_models/H2312_all_pdbs/Model_1034_af3_basic_af3_seed_861498_sample_4_pred_259.cif,awaiting_extract,"MassiveFold model pool index only. It parses organizer-provided external model tarball listings and stages balanced extraction/rerank candidates. These models remain external rerank and accuracy-estimation inputs, not internal predictions, not CASP submissions, and not competitive-proof evidence."
3,H2312,H2312_T329,5570,H2312_all_pdbs/Model_1147_af3_basic_af3_seed_889882_sample_1_pred_771.cif,Model_1147_af3_basic_af3_seed_889882_sample_1_pred_771.cif,1147,AF3,af3_basic,889882,1,771,basic,,False,casp17/massivefold_external_pool_intake/h2312_t329/extracted_models/H2312_all_pdbs/Model_1147_af3_basic_af3_seed_889882_sample_1_pred_771.cif,awaiting_extract,"MassiveFold model pool index only. It parses organizer-provided external model tarball listings and stages balanced extraction/rerank candidates. These models remain external rerank and accuracy-estimation inputs, not internal predictions, not CASP submissions, and not competitive-proof evidence."
3,H2312,H2312_T329,5580,H2312_all_pdbs/Model_1415_af3_basic_af3_seed_735219_sample_1_pred_576.cif,Model_1415_af3_basic_af3_seed_735219_sample_1_pred_576.cif,1415,AF3,af3_basic,735219,1,576,basic,,False,casp17/massivefold_external_pool_intake/h2312_t329/extracted_models/H2312_all_pdbs/Model_1415_af3_basic_af3_seed_735219_sample_1_pred_576.cif,awaiting_extract,"MassiveFold model pool index only. It parses organizer-provided external model tarball listings and stages balanced extraction/rerank candidates. These models remain external rerank and accuracy-estimation inputs, not internal predictions, not CASP submissions, and not competitive-proof evidence."
3,H2312,H2312_T329,5609,H2312_all_pdbs/Model_1438_af3_basic_af3_seed_676046_sample_0_pred_215.cif,Model_1438_af3_basic_af3_seed_676046_sample_0_pred_215.cif,1438,AF3,af3_basic,676046,0,215,basic,,False,casp17/massivefold_external_pool_intake/h2312_t329/extracted_models/H2312_all_pdbs/Model_1438_af3_basic_af3_seed_676046_sample_0_pred_215.cif,awaiting_extract,"MassiveFold model pool index only. It parses organizer-provided external model tarball listings and stages balanced extraction/rerank candidates. These models remain external rerank and accuracy-estimation inputs, not internal predictions, not CASP submissions, and not competitive-proof evidence."
3,H2312,H2312_T329,5620,H2312_all_pdbs/Model_8911_af3_basic_af3_seed_88519_sample_2_pred_492.cif,Model_8911_af3_basic_af3_seed_88519_sample_2_pred_492.cif,8911,AF3,af3_basic,88519,2,492,basic,,False,casp17/massivefold_external_pool_intake/h2312_t329/extracted_models/H2312_all_pdbs/Model_8911_af3_basic_af3_seed_88519_sample_2_pred_492.cif,awaiting_extract,"MassiveFold model pool index only. It parses organizer-provided external model tarball listings and stages balanced extraction/rerank candidates. These models remain external rerank and accuracy-estimation inputs, not internal predictions, not CASP submissions, and not competitive-proof evidence."
3,H2312,H2312_T329,5647,H2312_all_pdbs/Model_1157_af3_basic_af3_seed_735221_sample_4_pred_589.cif,Model_1157_af3_basic_af3_seed_735221_sample_4_pred_589.cif,1157,AF3,af3_basic,735221,4,589,basic,,False,casp17/massivefold_external_pool_intake/h2312_t329/extracted_models/H2312_all_pdbs/Model_1157_af3_basic_af3_seed_735221_sample_4_pred_589.cif,awaiting_extract,"MassiveFold model pool index only. It parses organizer-provided external model tarball listings and stages balanced extraction/rerank candidates. These models remain external rerank and accuracy-estimation inputs, not internal predictions, not CASP submissions, and not competitive-proof evidence."
3,H2312,H2312_T329,5692,H2312_all_pdbs/Model_1322_af3_basic_af3_seed_809662_sample_1_pred_631.cif,Model_1322_af3_basic_af3_seed_809662_sample_1_pred_631.cif,1322,AF3,af3_basic,809662,1,631,basic,,False,casp17/massivefold_external_pool_intake/h2312_t329/extracted_models/H2312_all_pdbs/Model_1322_af3_basic_af3_seed_809662_sample_1_pred_631.cif,awaiting_extract,"MassiveFold model pool index only. It parses organizer-provided external model tarball listings and stages balanced extraction/rerank candidates. These models remain external rerank and accuracy-estimation inputs, not internal predictions, not CASP submissions, and not competitive-proof evidence."
3,H2312,H2312_T329,5693,H2312_all_pdbs/Model_3341_af3_basic_af3_seed_88497_sample_1_pred_381.cif,Model_3341_af3_basic_af3_seed_88497_sample_1_pred_381.cif,3341,AF3,af3_basic,88497,1,381,basic,,False,casp17/massivefold_external_pool_intake/h2312_t329/extracted_models/H2312_all_pdbs/Model_3341_af3_basic_af3_seed_88497_sample_1_pred_381.cif,awaiting_extract,"MassiveFold model pool index only. It parses organizer-provided external model tarball listings and stages balanced extraction/rerank candidates. These models remain external rerank and accuracy-estimation inputs, not internal predictions, not CASP submissions, and not competitive-proof evidence."
3,H2312,H2312_T329,5703,H2312_all_pdbs/Model_3522_af3_basic_af3_seed_207358_sample_3_pred_913.cif,Model_3522_af3_basic_af3_seed_207358_sample_3_pred_913.cif,3522,AF3,af3_basic,207358,3,913,basic,,False,casp17/massivefold_external_pool_intake/h2312_t329/extracted_models/H2312_all_pdbs/Model_3522_af3_basic_af3_seed_207358_sample_3_pred_913.cif,awaiting_extract,"MassiveFold model pool index only. It parses organizer-provided external model tarball listings and stages balanced extraction/rerank candidates. These models remain external rerank and accuracy-estimation inputs, not internal predictions, not CASP submissions, and not competitive-proof evidence."
3,H2312,H2312_T329,5710,H2312_all_pdbs/Model_3346_af3_basic_af3_seed_207374_sample_0_pred_990.cif,Model_3346_af3_basic_af3_seed_207374_sample_0_pred_990.cif,3346,AF3,af3_basic,207374,0,990,basic,,False,casp17/massivefold_external_pool_intake/h2312_t329/extracted_models/H2312_all_pdbs/Model_3346_af3_basic_af3_seed_207374_sample_0_pred_990.cif,awaiting_extract,"MassiveFold model pool index only. It parses organizer-provided external model tarball listings and stages balanced extraction/rerank candidates. These models remain external rerank and accuracy-estimation inputs, not internal predictions, not CASP submissions, and not competitive-proof evidence."
3,H2312,H2312_T329,5718,H2312_all_pdbs/Model_1496_af3_basic_af3_seed_735204_sample_4_pred_504.cif,Model_1496_af3_basic_af3_seed_735204_sample_4_pred_504.cif,1496,AF3,af3_basic,735204,4,504,basic,,False,casp17/massivefold_external_pool_intake/h2312_t329/extracted_models/H2312_all_pdbs/Model_1496_af3_basic_af3_seed_735204_sample_4_pred_504.cif,awaiting_extract,"MassiveFold model pool index only. It parses organizer-provided external model tarball listings and stages balanced extraction/rerank candidates. These models remain external rerank and accuracy-estimation inputs, not internal predictions, not CASP submissions, and not competitive-proof evidence."
3,H2312,H2312_T329,5728,H2312_all_pdbs/Model_1016_af3_basic_af3_seed_163623_sample_4_pred_99.cif,Model_1016_af3_basic_af3_seed_163623_sample_4_pred_99.cif,1016,AF3,af3_basic,163623,4,99,basic,,False,casp17/massivefold_external_pool_intake/h2312_t329/extracted_models/H2312_all_pdbs/Model_1016_af3_basic_af3_seed_163623_sample_4_pred_99.cif,awaiting_extract,"MassiveFold model pool index only. It parses organizer-provided external model tarball listings and stages balanced extraction/rerank candidates. These models remain external rerank and accuracy-estimation inputs, not internal predictions, not CASP submissions, and not competitive-proof evidence."
3,H2312,H2312_T329,5733,H2312_all_pdbs/Model_1275_af3_basic_af3_seed_163627_sample_1_pred_116.cif,Model_1275_af3_basic_af3_seed_163627_sample_1_pred_116.cif,1275,AF3,af3_basic,163627,1,116,basic,,False,casp17/massivefold_external_pool_intake/h2312_t329/extracted_models/H2312_all_pdbs/Model_1275_af3_basic_af3_seed_163627_sample_1_pred_116.cif,awaiting_extract,"MassiveFold model pool index only. It parses organizer-provided external model tarball listings and stages balanced extraction/rerank candidates. These models remain external rerank and accuracy-estimation inputs, not internal predictions, not CASP submissions, and not competitive-proof evidence."
3,H2312,H2312_T329,5752,H2312_all_pdbs/Model_1565_af3_basic_af3_seed_735224_sample_1_pred_601.cif,Model_1565_af3_basic_af3_seed_735224_sample_1_pred_601.cif,1565,AF3,af3_basic,735224,1,601,basic,,False,casp17/massivefold_external_pool_intake/h2312_t329/extracted_models/H2312_all_pdbs/Model_1565_af3_basic_af3_seed_735224_sample_1_pred_601.cif,awaiting_extract,"MassiveFold model pool index only. It parses organizer-provided external model tarball listings and stages balanced extraction/rerank candidates. These models remain external rerank and accuracy-estimation inputs, not internal predictions, not CASP submissions, and not competitive-proof evidence."
3,H2312,H2312_T329,5754,H2312_all_pdbs/Model_1205_af3_basic_af3_seed_163620_sample_0_pred_80.cif,Model_1205_af3_basic_af3_seed_163620_sample_0_pred_80.cif,1205,AF3,af3_basic,163620,0,80,basic,,False,casp17/massivefold_external_pool_intake/h2312_t329/extracted_models/H2312_all_pdbs/Model_1205_af3_basic_af3_seed_163620_sample_0_pred_80.cif,awaiting_extract,"MassiveFold model pool index only. It parses organizer-provided external model tarball listings and stages balanced extraction/rerank candidates. These models remain external rerank and accuracy-estimation inputs, not internal predictions, not CASP submissions, and not competitive-proof evidence."
3,H2312,H2312_T329,5763,H2312_all_pdbs/Model_1630_af3_basic_af3_seed_163609_sample_1_pred_26.cif,Model_1630_af3_basic_af3_seed_163609_sample_1_pred_26.cif,1630,AF3,af3_basic,163609,1,26,basic,,False,casp17/massivefold_external_pool_intake/h2312_t329/extracted_models/H2312_all_pdbs/Model_1630_af3_basic_af3_seed_163609_sample_1_pred_26.cif,awaiting_extract,"MassiveFold model pool index only. It parses organizer-provided external model tarball listings and stages balanced extraction/rerank candidates. These models remain external rerank and accuracy-estimation inputs, not internal predictions, not CASP submissions, and not competitive-proof evidence."
3,H2312,H2312_T329,5777,H2312_all_pdbs/Model_1202_af3_basic_af3_seed_163611_sample_2_pred_37.cif,Model_1202_af3_basic_af3_seed_163611_sample_2_pred_37.cif,1202,AF3,af3_basic,163611,2,37,basic,,False,casp17/massivefold_external_pool_intake/h2312_t329/extracted_models/H2312_all_pdbs/Model_1202_af3_basic_af3_seed_163611_sample_2_pred_37.cif,awaiting_extract,"MassiveFold model pool index only. It parses organizer-provided external model tarball listings and stages balanced extraction/rerank candidates. These models remain external rerank and accuracy-estimation inputs, not internal predictions, not CASP submissions, and not competitive-proof evidence."
3,H2312,H2312_T329,5796,H2312_all_pdbs/Model_1461_af3_basic_af3_seed_163617_sample_4_pred_69.cif,Model_1461_af3_basic_af3_seed_163617_sample_4_pred_69.cif,1461,AF3,af3_basic,163617,4,69,basic,,False,casp17/massivefold_external_pool_intake/h2312_t329/extracted_models/H2312_all_pdbs/Model_1461_af3_basic_af3_seed_163617_sample_4_pred_69.cif,awaiting_extract,"MassiveFold model pool index only. It parses organizer-provided external model tarball listings and stages balanced extraction/rerank candidates. These models remain external rerank and accuracy-estimation inputs, not internal predictions, not CASP submissions, and not competitive-proof evidence."
3,H2312,H2312_T329,5831,H2312_all_pdbs/Model_1073_af3_basic_af3_seed_676039_sample_2_pred_182.cif,Model_1073_af3_basic_af3_seed_676039_sample_2_pred_182.cif,1073,AF3,af3_basic,676039,2,182,basic,,False,casp17/massivefold_external_pool_intake/h2312_t329/extracted_models/H2312_all_pdbs/Model_1073_af3_basic_af3_seed_676039_sample_2_pred_182.cif,awaiting_extract,"MassiveFold model pool index only. It parses organizer-provided external model tarball listings and stages balanced extraction/rerank candidates. These models remain external rerank and accuracy-estimation inputs, not internal predictions, not CASP submissions, and not competitive-proof evidence."
3,H2312,H2312_T329,5846,H2312_all_pdbs/Model_1039_af3_basic_af3_seed_207364_sample_1_pred_941.cif,Model_1039_af3_basic_af3_seed_207364_sample_1_pred_941.cif,1039,AF3,af3_basic,207364,1,941,basic,,False,casp17/massivefold_external_pool_intake/h2312_t329/extracted_models/H2312_all_pdbs/Model_1039_af3_basic_af3_seed_207364_sample_1_pred_941.cif,awaiting_extract,"MassiveFold model pool index only. It parses organizer-provided external model tarball listings and stages balanced extraction/rerank candidates. These models remain external rerank and accuracy-estimation inputs, not internal predictions, not CASP submissions, and not competitive-proof evidence."
3,H2312,H2312_T329,5850,H2312_all_pdbs/Model_3448_af3_basic_af3_seed_809668_sample_2_pred_662.cif,Model_3448_af3_basic_af3_seed_809668_sample_2_pred_662.cif,3448,AF3,af3_basic,809668,2,662,basic,,False,casp17/massivefold_external_pool_intake/h2312_t329/extracted_models/H2312_all_pdbs/Model_3448_af3_basic_af3_seed_809668_sample_2_pred_662.cif,awaiting_extract,"MassiveFold model pool index only. It parses organizer-provided external model tarball listings and stages balanced extraction/rerank candidates. These models remain external rerank and accuracy-estimation inputs, not internal predictions, not CASP submissions, and not competitive-proof evidence."
3,H2312,H2312_T329,5858,H2312_all_pdbs/Model_1620_af3_basic_af3_seed_809662_sample_0_pred_630.cif,Model_1620_af3_basic_af3_seed_809662_sample_0_pred_630.cif,1620,AF3,af3_basic,809662,0,630,basic,,False,casp17/massivefold_external_pool_intake/h2312_t329/extracted_models/H2312_all_pdbs/Model_1620_af3_basic_af3_seed_809662_sample_0_pred_630.cif,awaiting_extract,"MassiveFold model pool index only. It parses organizer-provided external model tarball listings and stages balanced extraction/rerank candidates. These models remain external rerank and accuracy-estimation inputs, not internal predictions, not CASP submissions, and not competitive-proof evidence."
3,H2312,H2312_T329,5868,H2312_all_pdbs/Model_3495_af3_basic_af3_seed_163607_sample_1_pred_16.cif,Model_3495_af3_basic_af3_seed_163607_sample_1_pred_16.cif,3495,AF3,af3_basic,163607,1,16,basic,,False,casp17/massivefold_external_pool_intake/h2312_t329/extracted_models/H2312_all_pdbs/Model_3495_af3_basic_af3_seed_163607_sample_1_pred_16.cif,awaiting_extract,"MassiveFold model pool index only. It parses organizer-provided external model tarball listings and stages balanced extraction/rerank candidates. These models remain external rerank and accuracy-estimation inputs, not internal predictions, not CASP submissions, and not competitive-proof evidence."
3,H2312,H2312_T329,5903,H2312_all_pdbs/Model_1622_af3_basic_af3_seed_88512_sample_0_pred_455.cif,Model_1622_af3_basic_af3_seed_88512_sample_0_pred_455.cif,1622,AF3,af3_basic,88512,0,455,basic,,False,casp17/massivefold_external_pool_intake/h2312_t329/extracted_models/H2312_all_pdbs/Model_1622_af3_basic_af3_seed_88512_sample_0_pred_455.cif,awaiting_extract,"MassiveFold model pool index only. It parses organizer-provided external model tarball listings and stages balanced extraction/rerank candidates. These models remain external rerank and accuracy-estimation inputs, not internal predictions, not CASP submissions, and not competitive-proof evidence."
3,H2312,H2312_T329,5908,H2312_all_pdbs/Model_1243_af3_basic_af3_seed_88513_sample_4_pred_464.cif,Model_1243_af3_basic_af3_seed_88513_sample_4_pred_464.cif,1243,AF3,af3_basic,88513,4,464,basic,,False,casp17/massivefold_external_pool_intake/h2312_t329/extracted_models/H2312_all_pdbs/Model_1243_af3_basic_af3_seed_88513_sample_4_pred_464.cif,awaiting_extract,"MassiveFold model pool index only. It parses organizer-provided external model tarball listings and stages balanced extraction/rerank candidates. These models remain external rerank and accuracy-estimation inputs, not internal predictions, not CASP submissions, and not competitive-proof evidence."
3,H2312,H2312_T329,5912,H2312_all_pdbs/Model_1009_af3_basic_af3_seed_809670_sample_3_pred_673.cif,Model_1009_af3_basic_af3_seed_809670_sample_3_pred_673.cif,1009,AF3,af3_basic,809670,3,673,basic,,False,casp17/massivefold_external_pool_intake/h2312_t329/extracted_models/H2312_all_pdbs/Model_1009_af3_basic_af3_seed_809670_sample_3_pred_673.cif,awaiting_extract,"MassiveFold model pool index only. It parses organizer-provided external model tarball listings and stages balanced extraction/rerank candidates. These models remain external rerank and accuracy-estimation inputs, not internal predictions, not CASP submissions, and not competitive-proof evidence."
3,H2312,H2312_T329,5916,H2312_all_pdbs/Model_1522_af3_basic_af3_seed_163614_sample_1_pred_51.cif,Model_1522_af3_basic_af3_seed_163614_sample_1_pred_51.cif,1522,AF3,af3_basic,163614,1,51,basic,,False,casp17/massivefold_external_pool_intake/h2312_t329/extracted_models/H2312_all_pdbs/Model_1522_af3_basic_af3_seed_163614_sample_1_pred_51.cif,awaiting_extract,"MassiveFold model pool index only. It parses organizer-provided external model tarball listings and stages balanced extraction/rerank candidates. These models remain external rerank and accuracy-estimation inputs, not internal predictions, not CASP submissions, and not competitive-proof evidence."
3,H2312,H2312_T329,5920,H2312_all_pdbs/Model_1258_af3_basic_af3_seed_889890_sample_4_pred_814.cif,Model_1258_af3_basic_af3_seed_889890_sample_4_pred_814.cif,1258,AF3,af3_basic,889890,4,814,basic,,False,casp17/massivefold_external_pool_intake/h2312_t329/extracted_models/H2312_all_pdbs/Model_1258_af3_basic_af3_seed_889890_sample_4_pred_814.cif,awaiting_extract,"MassiveFold model pool index only. It parses organizer-provided external model tarball listings and stages balanced extraction/rerank candidates. These models remain external rerank and accuracy-estimation inputs, not internal predictions, not CASP submissions, and not competitive-proof evidence."
3,H2312,H2312_T329,5926,H2312_all_pdbs/Model_3470_af3_basic_af3_seed_88506_sample_0_pred_425.cif,Model_3470_af3_basic_af3_seed_88506_sample_0_pred_425.cif,3470,AF3,af3_basic,88506,0,425,basic,,False,casp17/massivefold_external_pool_intake/h2312_t329/extracted_models/H2312_all_pdbs/Model_3470_af3_basic_af3_seed_88506_sample_0_pred_425.cif,awaiting_extract,"MassiveFold model pool index only. It parses organizer-provided external model tarball listings and stages balanced extraction/rerank candidates. These models remain external rerank and accuracy-estimation inputs, not internal predictions, not CASP submissions, and not competitive-proof evidence."
3,H2312,H2312_T329,5929,H2312_all_pdbs/Model_3529_af3_basic_af3_seed_809669_sample_0_pred_665.cif,Model_3529_af3_basic_af3_seed_809669_sample_0_pred_665.cif,3529,AF3,af3_basic,809669,0,665,basic,,False,casp17/massivefold_external_pool_intake/h2312_t329/extracted_models/H2312_all_pdbs/Model_3529_af3_basic_af3_seed_809669_sample_0_pred_665.cif,awaiting_extract,"MassiveFold model pool index only. It parses organizer-provided external model tarball listings and stages balanced extraction/rerank candidates. These models remain external rerank and accuracy-estimation inputs, not internal predictions, not CASP submissions, and not competitive-proof evidence."
3,H2312,H2312_T329,5934,H2312_all_pdbs/Model_1228_af3_basic_af3_seed_163611_sample_4_pred_39.cif,Model_1228_af3_basic_af3_seed_163611_sample_4_pred_39.cif,1228,AF3,af3_basic,163611,4,39,basic,,False,casp17/massivefold_external_pool_intake/h2312_t329/extracted_models/H2312_all_pdbs/Model_1228_af3_basic_af3_seed_163611_sample_4_pred_39.cif,awaiting_extract,"MassiveFold model pool index only. It parses organizer-provided external model tarball listings and stages balanced extraction/rerank candidates. These models remain external rerank and accuracy-estimation inputs, not internal predictions, not CASP submissions, and not competitive-proof evidence."
3,H2312,H2312_T329,5942,H2312_all_pdbs/Model_1432_af3_basic_af3_seed_889883_sample_4_pred_779.cif,Model_1432_af3_basic_af3_seed_889883_sample_4_pred_779.cif,1432,AF3,af3_basic,889883,4,779,basic,,False,casp17/massivefold_external_pool_intake/h2312_t329/extracted_models/H2312_all_pdbs/Model_1432_af3_basic_af3_seed_889883_sample_4_pred_779.cif,awaiting_extract,"MassiveFold model pool index only. It parses organizer-provided external model tarball listings and stages balanced extraction/rerank candidates. These models remain external rerank and accuracy-estimation inputs, not internal predictions, not CASP submissions, and not competitive-proof evidence."
3,H2312,H2312_T329,5947,H2312_all_pdbs/Model_1519_af3_basic_af3_seed_809661_sample_1_pred_626.cif,Model_1519_af3_basic_af3_seed_809661_sample_1_pred_626.cif,1519,AF3,af3_basic,809661,1,626,basic,,False,casp17/massivefold_external_pool_intake/h2312_t329/extracted_models/H2312_all_pdbs/Model_1519_af3_basic_af3_seed_809661_sample_1_pred_626.cif,awaiting_extract,"MassiveFold model pool index only. It parses organizer-provided external model tarball listings and stages balanced extraction/rerank candidates. These models remain external rerank and accuracy-estimation inputs, not internal predictions, not CASP submissions, and not competitive-proof evidence."
3,H2312,H2312_T329,5961,H2312_all_pdbs/Model_1658_af3_basic_af3_seed_861520_sample_0_pred_365.cif,Model_1658_af3_basic_af3_seed_861520_sample_0_pred_365.cif,1658,AF3,af3_basic,861520,0,365,basic,,False,casp17/massivefold_external_pool_intake/h2312_t329/extracted_models/H2312_all_pdbs/Model_1658_af3_basic_af3_seed_861520_sample_0_pred_365.cif,awaiting_extract,"MassiveFold model pool index only. It parses organizer-provided external model tarball listings and stages balanced extraction/rerank candidates. These models remain external rerank and accuracy-estimation inputs, not internal predictions, not CASP submissions, and not competitive-proof evidence."
3,H2312,H2312_T329,5967,H2312_all_pdbs/Model_1391_af3_basic_af3_seed_735219_sample_0_pred_575.cif,Model_1391_af3_basic_af3_seed_735219_sample_0_pred_575.cif,1391,AF3,af3_basic,735219,0,575,basic,,False,casp17/massivefold_external_pool_intake/h2312_t329/extracted_models/H2312_all_pdbs/Model_1391_af3_basic_af3_seed_735219_sample_0_pred_575.cif,awaiting_extract,"MassiveFold model pool index only. It parses organizer-provided external model tarball listings and stages balanced extraction/rerank candidates. These models remain external rerank and accuracy-estimation inputs, not internal predictions, not CASP submissions, and not competitive-proof evidence."
3,H2312,H2312_T329,5970,H2312_all_pdbs/Model_1139_af3_basic_af3_seed_207352_sample_0_pred_880.cif,Model_1139_af3_basic_af3_seed_207352_sample_0_pred_880.cif,1139,AF3,af3_basic,207352,0,880,basic,,False,casp17/massivefold_external_pool_intake/h2312_t329/extracted_models/H2312_all_pdbs/Model_1139_af3_basic_af3_seed_207352_sample_0_pred_880.cif,awaiting_extract,"MassiveFold model pool index only. It parses organizer-provided external model tarball listings and stages balanced extraction/rerank candidates. These models remain external rerank and accuracy-estimation inputs, not internal predictions, not CASP submissions, and not competitive-proof evidence."
3,H2312,H2312_T329,5987,H2312_all_pdbs/Model_1146_af3_basic_af3_seed_735207_sample_3_pred_518.cif,Model_1146_af3_basic_af3_seed_735207_sample_3_pred_518.cif,1146,AF3,af3_basic,735207,3,518,basic,,False,casp17/massivefold_external_pool_intake/h2312_t329/extracted_models/H2312_all_pdbs/Model_1146_af3_basic_af3_seed_735207_sample_3_pred_518.cif,awaiting_extract,"MassiveFold model pool index only. It parses organizer-provided external model tarball listings and stages balanced extraction/rerank candidates. These models remain external rerank and accuracy-estimation inputs, not internal predictions, not CASP submissions, and not competitive-proof evidence."
3,H2312,H2312_T329,5994,H2312_all_pdbs/Model_1000_af3_basic_af3_seed_207369_sample_4_pred_969.cif,Model_1000_af3_basic_af3_seed_207369_sample_4_pred_969.cif,1000,AF3,af3_basic,207369,4,969,basic,,False,casp17/massivefold_external_pool_intake/h2312_t329/extracted_models/H2312_all_pdbs/Model_1000_af3_basic_af3_seed_207369_sample_4_pred_969.cif,awaiting_extract,"MassiveFold model pool index only. It parses organizer-provided external model tarball listings and stages balanced extraction/rerank candidates. These models remain external rerank and accuracy-estimation inputs, not internal predictions, not CASP submissions, and not competitive-proof evidence."
3,H2312,H2312_T329,6023,H2312_all_pdbs/Model_1289_af3_basic_af3_seed_163617_sample_0_pred_65.cif,Model_1289_af3_basic_af3_seed_163617_sample_0_pred_65.cif,1289,AF3,af3_basic,163617,0,65,basic,,False,casp17/massivefold_external_pool_intake/h2312_t329/extracted_models/H2312_all_pdbs/Model_1289_af3_basic_af3_seed_163617_sample_0_pred_65.cif,awaiting_extract,"MassiveFold model pool index only. It parses organizer-provided external model tarball listings and stages balanced extraction/rerank candidates. These models remain external rerank and accuracy-estimation inputs, not internal predictions, not CASP submissions, and not competitive-proof evidence."
3,H2312,H2312_T329,6033,H2312_all_pdbs/Model_1580_af3_basic_af3_seed_889881_sample_4_pred_769.cif,Model_1580_af3_basic_af3_seed_889881_sample_4_pred_769.cif,1580,AF3,af3_basic,889881,4,769,basic,,False,casp17/massivefold_external_pool_intake/h2312_t329/extracted_models/H2312_all_pdbs/Model_1580_af3_basic_af3_seed_889881_sample_4_pred_769.cif,awaiting_extract,"MassiveFold model pool index only. It parses organizer-provided external model tarball listings and stages balanced extraction/rerank candidates. These models remain external rerank and accuracy-estimation inputs, not internal predictions, not CASP submissions, and not competitive-proof evidence."
3,H2312,H2312_T329,6081,H2312_all_pdbs/Model_1150_af3_basic_af3_seed_88514_sample_3_pred_468.cif,Model_1150_af3_basic_af3_seed_88514_sample_3_pred_468.cif,1150,AF3,af3_basic,88514,3,468,basic,,False,casp17/massivefold_external_pool_intake/h2312_t329/extracted_models/H2312_all_pdbs/Model_1150_af3_basic_af3_seed_88514_sample_3_pred_468.cif,awaiting_extract,"MassiveFold model pool index only. It parses organizer-provided external model tarball listings and stages balanced extraction/rerank candidates. These models remain external rerank and accuracy-estimation inputs, not internal predictions, not CASP submissions, and not competitive-proof evidence."
3,H2312,H2312_T329,6087,H2312_all_pdbs/Model_79_af3_basic_af3_seed_735227_sample_3_pred_618.cif,Model_79_af3_basic_af3_seed_735227_sample_3_pred_618.cif,79,AF3,af3_basic,735227,3,618,basic,,False,casp17/massivefold_external_pool_intake/h2312_t329/extracted_models/H2312_all_pdbs/Model_79_af3_basic_af3_seed_735227_sample_3_pred_618.cif,awaiting_extract,"MassiveFold model pool index only. It parses organizer-provided external model tarball listings and stages balanced extraction/rerank candidates. These models remain external rerank and accuracy-estimation inputs, not internal predictions, not CASP submissions, and not competitive-proof evidence."
3,H2312,H2312_T329,6094,H2312_all_pdbs/Model_3385_af3_basic_af3_seed_809664_sample_2_pred_642.cif,Model_3385_af3_basic_af3_seed_809664_sample_2_pred_642.cif,3385,AF3,af3_basic,809664,2,642,basic,,False,casp17/massivefold_external_pool_intake/h2312_t329/extracted_models/H2312_all_pdbs/Model_3385_af3_basic_af3_seed_809664_sample_2_pred_642.cif,awaiting_extract,"MassiveFold model pool index only. It parses organizer-provided external model tarball listings and stages balanced extraction/rerank candidates. These models remain external rerank and accuracy-estimation inputs, not internal predictions, not CASP submissions, and not competitive-proof evidence."
3,H2312,H2312_T329,6098,H2312_all_pdbs/Model_3434_af3_basic_af3_seed_88514_sample_0_pred_465.cif,Model_3434_af3_basic_af3_seed_88514_sample_0_pred_465.cif,3434,AF3,af3_basic,88514,0,465,basic,,False,casp17/massivefold_external_pool_intake/h2312_t329/extracted_models/H2312_all_pdbs/Model_3434_af3_basic_af3_seed_88514_sample_0_pred_465.cif,awaiting_extract,"MassiveFold model pool index only. It parses organizer-provided external model tarball listings and stages balanced extraction/rerank candidates. These models remain external rerank and accuracy-estimation inputs, not internal predictions, not CASP submissions, and not competitive-proof evidence."
3,H2312,H2312_T329,6106,H2312_all_pdbs/Model_3329_af3_basic_af3_seed_676040_sample_1_pred_186.cif,Model_3329_af3_basic_af3_seed_676040_sample_1_pred_186.cif,3329,AF3,af3_basic,676040,1,186,basic,,False,casp17/massivefold_external_pool_intake/h2312_t329/extracted_models/H2312_all_pdbs/Model_3329_af3_basic_af3_seed_676040_sample_1_pred_186.cif,awaiting_extract,"MassiveFold model pool index only. It parses organizer-provided external model tarball listings and stages balanced extraction/rerank candidates. These models remain external rerank and accuracy-estimation inputs, not internal predictions, not CASP submissions, and not competitive-proof evidence."
3,H2312,H2312_T329,6111,H2312_all_pdbs/Model_1464_af3_basic_af3_seed_163604_sample_3_pred_3.cif,Model_1464_af3_basic_af3_seed_163604_sample_3_pred_3.cif,1464,AF3,af3_basic,163604,3,3,basic,,False,casp17/massivefold_external_pool_intake/h2312_t329/extracted_models/H2312_all_pdbs/Model_1464_af3_basic_af3_seed_163604_sample_3_pred_3.cif,awaiting_extract,"MassiveFold model pool index only. It parses organizer-provided external model tarball listings and stages balanced extraction/rerank candidates. These models remain external rerank and accuracy-estimation inputs, not internal predictions, not CASP submissions, and not competitive-proof evidence."
3,H2312,H2312_T329,6140,H2312_all_pdbs/Model_979_af3_basic_af3_seed_809679_sample_4_pred_719.cif,Model_979_af3_basic_af3_seed_809679_sample_4_pred_719.cif,979,AF3,af3_basic,809679,4,719,basic,,False,casp17/massivefold_external_pool_intake/h2312_t329/extracted_models/H2312_all_pdbs/Model_979_af3_basic_af3_seed_809679_sample_4_pred_719.cif,awaiting_extract,"MassiveFold model pool index only. It parses organizer-provided external model tarball listings and stages balanced extraction/rerank candidates. These models remain external rerank and accuracy-estimation inputs, not internal predictions, not CASP submissions, and not competitive-proof evidence."
3,H2312,H2312_T329,6141,H2312_all_pdbs/Model_3361_af3_basic_af3_seed_676038_sample_0_pred_175.cif,Model_3361_af3_basic_af3_seed_676038_sample_0_pred_175.cif,3361,AF3,af3_basic,676038,0,175,basic,,False,casp17/massivefold_external_pool_intake/h2312_t329/extracted_models/H2312_all_pdbs/Model_3361_af3_basic_af3_seed_676038_sample_0_pred_175.cif,awaiting_extract,"MassiveFold model pool index only. It parses organizer-provided external model tarball listings and stages balanced extraction/rerank candidates. These models remain external rerank and accuracy-estimation inputs, not internal predictions, not CASP submissions, and not competitive-proof evidence."
3,H2312,H2312_T329,6144,H2312_all_pdbs/Model_1409_af3_basic_af3_seed_163613_sample_1_pred_46.cif,Model_1409_af3_basic_af3_seed_163613_sample_1_pred_46.cif,1409,AF3,af3_basic,163613,1,46,basic,,False,casp17/massivefold_external_pool_intake/h2312_t329/extracted_models/H2312_all_pdbs/Model_1409_af3_basic_af3_seed_163613_sample_1_pred_46.cif,awaiting_extract,"MassiveFold model pool index only. It parses organizer-provided external model tarball listings and stages balanced extraction/rerank candidates. These models remain external rerank and accuracy-estimation inputs, not internal predictions, not CASP submissions, and not competitive-proof evidence."
3,H2312,H2312_T329,6145,H2312_all_pdbs/Model_1550_af3_basic_af3_seed_207359_sample_3_pred_918.cif,Model_1550_af3_basic_af3_seed_207359_sample_3_pred_918.cif,1550,AF3,af3_basic,207359,3,918,basic,,False,casp17/massivefold_external_pool_intake/h2312_t329/extracted_models/H2312_all_pdbs/Model_1550_af3_basic_af3_seed_207359_sample_3_pred_918.cif,awaiting_extract,"MassiveFold model pool index only. It parses organizer-provided external model tarball listings and stages balanced extraction/rerank candidates. These models remain external rerank and accuracy-estimation inputs, not internal predictions, not CASP submissions, and not competitive-proof evidence."
3,H2312,H2312_T329,6235,H2312_all_pdbs/Model_1593_af3_basic_af3_seed_809662_sample_3_pred_633.cif,Model_1593_af3_basic_af3_seed_809662_sample_3_pred_633.cif,1593,AF3,af3_basic,809662,3,633,basic,,False,casp17/massivefold_external_pool_intake/h2312_t329/extracted_models/H2312_all_pdbs/Model_1593_af3_basic_af3_seed_809662_sample_3_pred_633.cif,awaiting_extract,"MassiveFold model pool index only. It parses organizer-provided external model tarball listings and stages balanced extraction/rerank candidates. These models remain external rerank and accuracy-estimation inputs, not internal predictions, not CASP submissions, and not competitive-proof evidence."
3,H2312,H2312_T329,6280,H2312_all_pdbs/Model_4251_af3_basic_af3_seed_207359_sample_2_pred_917.cif,Model_4251_af3_basic_af3_seed_207359_sample_2_pred_917.cif,4251,AF3,af3_basic,207359,2,917,basic,,False,casp17/massivefold_external_pool_intake/h2312_t329/extracted_models/H2312_all_pdbs/Model_4251_af3_basic_af3_seed_207359_sample_2_pred_917.cif,awaiting_extract,"MassiveFold model pool index only. It parses organizer-provided external model tarball listings and stages balanced extraction/rerank candidates. These models remain external rerank and accuracy-estimation inputs, not internal predictions, not CASP submissions, and not competitive-proof evidence."
3,H2312,H2312_T329,6281,H2312_all_pdbs/Model_1292_af3_basic_af3_seed_809677_sample_1_pred_706.cif,Model_1292_af3_basic_af3_seed_809677_sample_1_pred_706.cif,1292,AF3,af3_basic,809677,1,706,basic,,False,casp17/massivefold_external_pool_intake/h2312_t329/extracted_models/H2312_all_pdbs/Model_1292_af3_basic_af3_seed_809677_sample_1_pred_706.cif,awaiting_extract,"MassiveFold model pool index only. It parses organizer-provided external model tarball listings and stages balanced extraction/rerank candidates. These models remain external rerank and accuracy-estimation inputs, not internal predictions, not CASP submissions, and not competitive-proof evidence."
3,H2312,H2312_T329,6283,H2312_all_pdbs/Model_3473_af3_basic_af3_seed_88499_sample_2_pred_392.cif,Model_3473_af3_basic_af3_seed_88499_sample_2_pred_392.cif,3473,AF3,af3_basic,88499,2,392,basic,,False,casp17/massivefold_external_pool_intake/h2312_t329/extracted_models/H2312_all_pdbs/Model_3473_af3_basic_af3_seed_88499_sample_2_pred_392.cif,awaiting_extract,"MassiveFold model pool index only. It parses organizer-provided external model tarball listings and stages balanced extraction/rerank candidates. These models remain external rerank and accuracy-estimation inputs, not internal predictions, not CASP submissions, and not competitive-proof evidence."
3,H2312,H2312_T329,6318,H2312_all_pdbs/Model_1044_af3_basic_af3_seed_163608_sample_3_pred_23.cif,Model_1044_af3_basic_af3_seed_163608_sample_3_pred_23.cif,1044,AF3,af3_basic,163608,3,23,basic,,False,casp17/massivefold_external_pool_intake/h2312_t329/extracted_models/H2312_all_pdbs/Model_1044_af3_basic_af3_seed_163608_sample_3_pred_23.cif,awaiting_extract,"MassiveFold model pool index only. It parses organizer-provided external model tarball listings and stages balanced extraction/rerank candidates. These models remain external rerank and accuracy-estimation inputs, not internal predictions, not CASP submissions, and not competitive-proof evidence."
3,H2312,H2312_T329,6338,H2312_all_pdbs/Model_967_af3_basic_af3_seed_889883_sample_2_pred_777.cif,Model_967_af3_basic_af3_seed_889883_sample_2_pred_777.cif,967,AF3,af3_basic,889883,2,777,basic,,False,casp17/massivefold_external_pool_intake/h2312_t329/extracted_models/H2312_all_pdbs/Model_967_af3_basic_af3_seed_889883_sample_2_pred_777.cif,awaiting_extract,"MassiveFold model pool index only. It parses organizer-provided external model tarball listings and stages balanced extraction/rerank candidates. These models remain external rerank and accuracy-estimation inputs, not internal predictions, not CASP submissions, and not competitive-proof evidence."
3,H2312,H2312_T329,6354,H2312_all_pdbs/Model_1505_af3_basic_af3_seed_88509_sample_3_pred_443.cif,Model_1505_af3_basic_af3_seed_88509_sample_3_pred_443.cif,1505,AF3,af3_basic,88509,3,443,basic,,False,casp17/massivefold_external_pool_intake/h2312_t329/extracted_models/H2312_all_pdbs/Model_1505_af3_basic_af3_seed_88509_sample_3_pred_443.cif,awaiting_extract,"MassiveFold model pool index only. It parses organizer-provided external model tarball listings and stages balanced extraction/rerank candidates. These models remain external rerank and accuracy-estimation inputs, not internal predictions, not CASP submissions, and not competitive-proof evidence."
3,H2312,H2312_T329,6361,H2312_all_pdbs/Model_1213_af3_basic_af3_seed_207353_sample_3_pred_888.cif,Model_1213_af3_basic_af3_seed_207353_sample_3_pred_888.cif,1213,AF3,af3_basic,207353,3,888,basic,,False,casp17/massivefold_external_pool_intake/h2312_t329/extracted_models/H2312_all_pdbs/Model_1213_af3_basic_af3_seed_207353_sample_3_pred_888.cif,awaiting_extract,"MassiveFold model pool index only. It parses organizer-provided external model tarball listings and stages balanced extraction/rerank candidates. These models remain external rerank and accuracy-estimation inputs, not internal predictions, not CASP submissions, and not competitive-proof evidence."
3,H2312,H2312_T329,6370,H2312_all_pdbs/Model_3474_af3_basic_af3_seed_809683_sample_1_pred_736.cif,Model_3474_af3_basic_af3_seed_809683_sample_1_pred_736.cif,3474,AF3,af3_basic,809683,1,736,basic,,False,casp17/massivefold_external_pool_intake/h2312_t329/extracted_models/H2312_all_pdbs/Model_3474_af3_basic_af3_seed_809683_sample_1_pred_736.cif,awaiting_extract,"MassiveFold model pool index only. It parses organizer-provided external model tarball listings and stages balanced extraction/rerank candidates. These models remain external rerank and accuracy-estimation inputs, not internal predictions, not CASP submissions, and not competitive-proof evidence."
3,H2312,H2312_T329,6386,H2312_all_pdbs/Model_1524_af3_basic_af3_seed_861521_sample_3_pred_373.cif,Model_1524_af3_basic_af3_seed_861521_sample_3_pred_373.cif,1524,AF3,af3_basic,861521,3,373,basic,,False,casp17/massivefold_external_pool_intake/h2312_t329/extracted_models/H2312_all_pdbs/Model_1524_af3_basic_af3_seed_861521_sample_3_pred_373.cif,awaiting_extract,"MassiveFold model pool index only. It parses organizer-provided external model tarball listings and stages balanced extraction/rerank candidates. These models remain external rerank and accuracy-estimation inputs, not internal predictions, not CASP submissions, and not competitive-proof evidence."
3,H2312,H2312_T329,6393,H2312_all_pdbs/Model_1287_af3_basic_af3_seed_735225_sample_2_pred_607.cif,Model_1287_af3_basic_af3_seed_735225_sample_2_pred_607.cif,1287,AF3,af3_basic,735225,2,607,basic,,False,casp17/massivefold_external_pool_intake/h2312_t329/extracted_models/H2312_all_pdbs/Model_1287_af3_basic_af3_seed_735225_sample_2_pred_607.cif,awaiting_extract,"MassiveFold model pool index only. It parses organizer-provided external model tarball listings and stages balanced extraction/rerank candidates. These models remain external rerank and accuracy-estimation inputs, not internal predictions, not CASP submissions, and not competitive-proof evidence."
3,H2312,H2312_T329,6395,H2312_all_pdbs/Model_1259_af3_basic_af3_seed_889879_sample_3_pred_758.cif,Model_1259_af3_basic_af3_seed_889879_sample_3_pred_758.cif,1259,AF3,af3_basic,889879,3,758,basic,,False,casp17/massivefold_external_pool_intake/h2312_t329/extracted_models/H2312_all_pdbs/Model_1259_af3_basic_af3_seed_889879_sample_3_pred_758.cif,awaiting_extract,"MassiveFold model pool index only. It parses organizer-provided external model tarball listings and stages balanced extraction/rerank candidates. These models remain external rerank and accuracy-estimation inputs, not internal predictions, not CASP submissions, and not competitive-proof evidence."
3,H2312,H2312_T329,6402,H2312_all_pdbs/Model_3353_af3_basic_af3_seed_861500_sample_4_pred_269.cif,Model_3353_af3_basic_af3_seed_861500_sample_4_pred_269.cif,3353,AF3,af3_basic,861500,4,269,basic,,False,casp17/massivefold_external_pool_intake/h2312_t329/extracted_models/H2312_all_pdbs/Model_3353_af3_basic_af3_seed_861500_sample_4_pred_269.cif,awaiting_extract,"MassiveFold model pool index only. It parses organizer-provided external model tarball listings and stages balanced extraction/rerank candidates. These models remain external rerank and accuracy-estimation inputs, not internal predictions, not CASP submissions, and not competitive-proof evidence."
3,H2312,H2312_T329,6403,H2312_all_pdbs/Model_3395_af3_basic_af3_seed_861518_sample_4_pred_359.cif,Model_3395_af3_basic_af3_seed_861518_sample_4_pred_359.cif,3395,AF3,af3_basic,861518,4,359,basic,,False,casp17/massivefold_external_pool_intake/h2312_t329/extracted_models/H2312_all_pdbs/Model_3395_af3_basic_af3_seed_861518_sample_4_pred_359.cif,awaiting_extract,"MassiveFold model pool index only. It parses organizer-provided external model tarball listings and stages balanced extraction/rerank candidates. These models remain external rerank and accuracy-estimation inputs, not internal predictions, not CASP submissions, and not competitive-proof evidence."
3,H2312,H2312_T329,6405,H2312_all_pdbs/Model_971_af3_basic_af3_seed_861498_sample_2_pred_257.cif,Model_971_af3_basic_af3_seed_861498_sample_2_pred_257.cif,971,AF3,af3_basic,861498,2,257,basic,,False,casp17/massivefold_external_pool_intake/h2312_t329/extracted_models/H2312_all_pdbs/Model_971_af3_basic_af3_seed_861498_sample_2_pred_257.cif,awaiting_extract,"MassiveFold model pool index only. It parses organizer-provided external model tarball listings and stages balanced extraction/rerank candidates. These models remain external rerank and accuracy-estimation inputs, not internal predictions, not CASP submissions, and not competitive-proof evidence."
3,H2312,H2312_T329,6438,H2312_all_pdbs/Model_1398_af3_basic_af3_seed_163608_sample_1_pred_21.cif,Model_1398_af3_basic_af3_seed_163608_sample_1_pred_21.cif,1398,AF3,af3_basic,163608,1,21,basic,,False,casp17/massivefold_external_pool_intake/h2312_t329/extracted_models/H2312_all_pdbs/Model_1398_af3_basic_af3_seed_163608_sample_1_pred_21.cif,awaiting_extract,"MassiveFold model pool index only. It parses organizer-provided external model tarball listings and stages balanced extraction/rerank candidates. These models remain external rerank and accuracy-estimation inputs, not internal predictions, not CASP submissions, and not competitive-proof evidence."
3,H2312,H2312_T329,6444,H2312_all_pdbs/Model_1637_af3_basic_af3_seed_809674_sample_2_pred_692.cif,Model_1637_af3_basic_af3_seed_809674_sample_2_pred_692.cif,1637,AF3,af3_basic,809674,2,692,basic,,False,casp17/massivefold_external_pool_intake/h2312_t329/extracted_models/H2312_all_pdbs/Model_1637_af3_basic_af3_seed_809674_sample_2_pred_692.cif,awaiting_extract,"MassiveFold model pool index only. It parses organizer-provided external model tarball listings and stages balanced extraction/rerank candidates. These models remain external rerank and accuracy-estimation inputs, not internal predictions, not CASP submissions, and not competitive-proof evidence."
3,H2312,H2312_T329,6455,H2312_all_pdbs/Model_1596_af3_basic_af3_seed_88511_sample_2_pred_452.cif,Model_1596_af3_basic_af3_seed_88511_sample_2_pred_452.cif,1596,AF3,af3_basic,88511,2,452,basic,,False,casp17/massivefold_external_pool_intake/h2312_t329/extracted_models/H2312_all_pdbs/Model_1596_af3_basic_af3_seed_88511_sample_2_pred_452.cif,awaiting_extract,"MassiveFold model pool index only. It parses organizer-provided external model tarball listings and stages balanced extraction/rerank candidates. These models remain external rerank and accuracy-estimation inputs, not internal predictions, not CASP submissions, and not competitive-proof evidence."
3,H2312,H2312_T329,6461,H2312_all_pdbs/Model_3507_af3_basic_af3_seed_676047_sample_1_pred_221.cif,Model_3507_af3_basic_af3_seed_676047_sample_1_pred_221.cif,3507,AF3,af3_basic,676047,1,221,basic,,False,casp17/massivefold_external_pool_intake/h2312_t329/extracted_models/H2312_all_pdbs/Model_3507_af3_basic_af3_seed_676047_sample_1_pred_221.cif,awaiting_extract,"MassiveFold model pool index only. It parses organizer-provided external model tarball listings and stages balanced extraction/rerank candidates. These models remain external rerank and accuracy-estimation inputs, not internal predictions, not CASP submissions, and not competitive-proof evidence."
3,H2312,H2312_T329,6463,H2312_all_pdbs/Model_3542_af3_basic_af3_seed_809682_sample_4_pred_734.cif,Model_3542_af3_basic_af3_seed_809682_sample_4_pred_734.cif,3542,AF3,af3_basic,809682,4,734,basic,,False,casp17/massivefold_external_pool_intake/h2312_t329/extracted_models/H2312_all_pdbs/Model_3542_af3_basic_af3_seed_809682_sample_4_pred_734.cif,awaiting_extract,"MassiveFold model pool index only. It parses organizer-provided external model tarball listings and stages balanced extraction/rerank candidates. These models remain external rerank and accuracy-estimation inputs, not internal predictions, not CASP submissions, and not competitive-proof evidence."
3,H2312,H2312_T329,6466,H2312_all_pdbs/Model_1613_af3_basic_af3_seed_889895_sample_4_pred_839.cif,Model_1613_af3_basic_af3_seed_889895_sample_4_pred_839.cif,1613,AF3,af3_basic,889895,4,839,basic,,False,casp17/massivefold_external_pool_intake/h2312_t329/extracted_models/H2312_all_pdbs/Model_1613_af3_basic_af3_seed_889895_sample_4_pred_839.cif,awaiting_extract,"MassiveFold model pool index only. It parses organizer-provided external model tarball listings and stages balanced extraction/rerank candidates. These models remain external rerank and accuracy-estimation inputs, not internal predictions, not CASP submissions, and not competitive-proof evidence."
3,H2312,H2312_T329,6468,H2312_all_pdbs/Model_3355_af3_basic_af3_seed_207369_sample_3_pred_968.cif,Model_3355_af3_basic_af3_seed_207369_sample_3_pred_968.cif,3355,AF3,af3_basic,207369,3,968,basic,,False,casp17/massivefold_external_pool_intake/h2312_t329/extracted_models/H2312_all_pdbs/Model_3355_af3_basic_af3_seed_207369_sample_3_pred_968.cif,awaiting_extract,"MassiveFold model pool index only. It parses organizer-provided external model tarball listings and stages balanced extraction/rerank candidates. These models remain external rerank and accuracy-estimation inputs, not internal predictions, not CASP submissions, and not competitive-proof evidence."
3,H2312,H2312_T329,6483,H2312_all_pdbs/Model_973_af3_basic_af3_seed_735210_sample_2_pred_532.cif,Model_973_af3_basic_af3_seed_735210_sample_2_pred_532.cif,973,AF3,af3_basic,735210,2,532,basic,,False,casp17/massivefold_external_pool_intake/h2312_t329/extracted_models/H2312_all_pdbs/Model_973_af3_basic_af3_seed_735210_sample_2_pred_532.cif,awaiting_extract,"MassiveFold model pool index only. It parses organizer-provided external model tarball listings and stages balanced extraction/rerank candidates. These models remain external rerank and accuracy-estimation inputs, not internal predictions, not CASP submissions, and not competitive-proof evidence."
3,H2312,H2312_T329,6492,H2312_all_pdbs/Model_1521_af3_basic_af3_seed_163616_sample_2_pred_62.cif,Model_1521_af3_basic_af3_seed_163616_sample_2_pred_62.cif,1521,AF3,af3_basic,163616,2,62,basic,,False,casp17/massivefold_external_pool_intake/h2312_t329/extracted_models/H2312_all_pdbs/Model_1521_af3_basic_af3_seed_163616_sample_2_pred_62.cif,awaiting_extract,"MassiveFold model pool index only. It parses organizer-provided external model tarball listings and stages balanced extraction/rerank candidates. These models remain external rerank and accuracy-estimation inputs, not internal predictions, not CASP submissions, and not competitive-proof evidence."
3,H2312,H2312_T329,6508,H2312_all_pdbs/Model_1664_af3_basic_af3_seed_88514_sample_4_pred_469.cif,Model_1664_af3_basic_af3_seed_88514_sample_4_pred_469.cif,1664,AF3,af3_basic,88514,4,469,basic,,False,casp17/massivefold_external_pool_intake/h2312_t329/extracted_models/H2312_all_pdbs/Model_1664_af3_basic_af3_seed_88514_sample_4_pred_469.cif,awaiting_extract,"MassiveFold model pool index only. It parses organizer-provided external model tarball listings and stages balanced extraction/rerank candidates. These models remain external rerank and accuracy-estimation inputs, not internal predictions, not CASP submissions, and not competitive-proof evidence."
3,H2312,H2312_T329,6511,H2312_all_pdbs/Model_3494_af3_basic_af3_seed_88500_sample_1_pred_396.cif,Model_3494_af3_basic_af3_seed_88500_sample_1_pred_396.cif,3494,AF3,af3_basic,88500,1,396,basic,,False,casp17/massivefold_external_pool_intake/h2312_t329/extracted_models/H2312_all_pdbs/Model_3494_af3_basic_af3_seed_88500_sample_1_pred_396.cif,awaiting_extract,"MassiveFold model pool index only. It parses organizer-provided external model tarball listings and stages balanced extraction/rerank candidates. These models remain external rerank and accuracy-estimation inputs, not internal predictions, not CASP submissions, and not competitive-proof evidence."
3,H2312,H2312_T329,6527,H2312_all_pdbs/Model_1340_af3_basic_af3_seed_163613_sample_4_pred_49.cif,Model_1340_af3_basic_af3_seed_163613_sample_4_pred_49.cif,1340,AF3,af3_basic,163613,4,49,basic,,False,casp17/massivefold_external_pool_intake/h2312_t329/extracted_models/H2312_all_pdbs/Model_1340_af3_basic_af3_seed_163613_sample_4_pred_49.cif,awaiting_extract,"MassiveFold model pool index only. It parses organizer-provided external model tarball listings and stages balanced extraction/rerank candidates. These models remain external rerank and accuracy-estimation inputs, not internal predictions, not CASP submissions, and not competitive-proof evidence."
3,H2312,H2312_T329,6537,H2312_all_pdbs/Model_3479_af3_basic_af3_seed_207366_sample_3_pred_953.cif,Model_3479_af3_basic_af3_seed_207366_sample_3_pred_953.cif,3479,AF3,af3_basic,207366,3,953,basic,,False,casp17/massivefold_external_pool_intake/h2312_t329/extracted_models/H2312_all_pdbs/Model_3479_af3_basic_af3_seed_207366_sample_3_pred_953.cif,awaiting_extract,"MassiveFold model pool index only. It parses organizer-provided external model tarball listings and stages balanced extraction/rerank candidates. These models remain external rerank and accuracy-estimation inputs, not internal predictions, not CASP submissions, and not competitive-proof evidence."
3,H2312,H2312_T329,6543,H2312_all_pdbs/Model_999_af3_basic_af3_seed_163612_sample_1_pred_41.cif,Model_999_af3_basic_af3_seed_163612_sample_1_pred_41.cif,999,AF3,af3_basic,163612,1,41,basic,,False,casp17/massivefold_external_pool_intake/h2312_t329/extracted_models/H2312_all_pdbs/Model_999_af3_basic_af3_seed_163612_sample_1_pred_41.cif,awaiting_extract,"MassiveFold model pool index only. It parses organizer-provided external model tarball listings and stages balanced extraction/rerank candidates. These models remain external rerank and accuracy-estimation inputs, not internal predictions, not CASP submissions, and not competitive-proof evidence."
3,H2312,H2312_T329,6554,H2312_all_pdbs/Model_1038_af3_basic_af3_seed_676033_sample_0_pred_150.cif,Model_1038_af3_basic_af3_seed_676033_sample_0_pred_150.cif,1038,AF3,af3_basic,676033,0,150,basic,,False,casp17/massivefold_external_pool_intake/h2312_t329/extracted_models/H2312_all_pdbs/Model_1038_af3_basic_af3_seed_676033_sample_0_pred_150.cif,awaiting_extract,"MassiveFold model pool index only. It parses organizer-provided external model tarball listings and stages balanced extraction/rerank candidates. These models remain external rerank and accuracy-estimation inputs, not internal predictions, not CASP submissions, and not competitive-proof evidence."
3,H2312,H2312_T329,6582,H2312_all_pdbs/Model_4260_af3_basic_af3_seed_809681_sample_2_pred_727.cif,Model_4260_af3_basic_af3_seed_809681_sample_2_pred_727.cif,4260,AF3,af3_basic,809681,2,727,basic,,False,casp17/massivefold_external_pool_intake/h2312_t329/extracted_models/H2312_all_pdbs/Model_4260_af3_basic_af3_seed_809681_sample_2_pred_727.cif,awaiting_extract,"MassiveFold model pool index only. It parses organizer-provided external model tarball listings and stages balanced extraction/rerank candidates. These models remain external rerank and accuracy-estimation inputs, not internal predictions, not CASP submissions, and not competitive-proof evidence."
3,H2312,H2312_T329,6598,H2312_all_pdbs/Model_3419_af3_basic_af3_seed_861509_sample_0_pred_310.cif,Model_3419_af3_basic_af3_seed_861509_sample_0_pred_310.cif,3419,AF3,af3_basic,861509,0,310,basic,,False,casp17/massivefold_external_pool_intake/h2312_t329/extracted_models/H2312_all_pdbs/Model_3419_af3_basic_af3_seed_861509_sample_0_pred_310.cif,awaiting_extract,"MassiveFold model pool index only. It parses organizer-provided external model tarball listings and stages balanced extraction/rerank candidates. These models remain external rerank and accuracy-estimation inputs, not internal predictions, not CASP submissions, and not competitive-proof evidence."
3,H2312,H2312_T329,6607,H2312_all_pdbs/Model_4271_af3_basic_af3_seed_889888_sample_4_pred_804.cif,Model_4271_af3_basic_af3_seed_889888_sample_4_pred_804.cif,4271,AF3,af3_basic,889888,4,804,basic,,False,casp17/massivefold_external_pool_intake/h2312_t329/extracted_models/H2312_all_pdbs/Model_4271_af3_basic_af3_seed_889888_sample_4_pred_804.cif,awaiting_extract,"MassiveFold model pool index only. It parses organizer-provided external model tarball listings and stages balanced extraction/rerank candidates. These models remain external rerank and accuracy-estimation inputs, not internal predictions, not CASP submissions, and not competitive-proof evidence."
3,H2312,H2312_T329,6610,H2312_all_pdbs/Model_1485_af3_basic_af3_seed_889889_sample_4_pred_809.cif,Model_1485_af3_basic_af3_seed_889889_sample_4_pred_809.cif,1485,AF3,af3_basic,889889,4,809,basic,,False,casp17/massivefold_external_pool_intake/h2312_t329/extracted_models/H2312_all_pdbs/Model_1485_af3_basic_af3_seed_889889_sample_4_pred_809.cif,awaiting_extract,"MassiveFold model pool index only. It parses organizer-provided external model tarball listings and stages balanced extraction/rerank candidates. These models remain external rerank and accuracy-estimation inputs, not internal predictions, not CASP submissions, and not competitive-proof evidence."
3,H2312,H2312_T329,6624,H2312_all_pdbs/Model_3486_af3_basic_af3_seed_88497_sample_3_pred_383.cif,Model_3486_af3_basic_af3_seed_88497_sample_3_pred_383.cif,3486,AF3,af3_basic,88497,3,383,basic,,False,casp17/massivefold_external_pool_intake/h2312_t329/extracted_models/H2312_all_pdbs/Model_3486_af3_basic_af3_seed_88497_sample_3_pred_383.cif,awaiting_extract,"MassiveFold model pool index only. It parses organizer-provided external model tarball listings and stages balanced extraction/rerank candidates. These models remain external rerank and accuracy-estimation inputs, not internal predictions, not CASP submissions, and not competitive-proof evidence."
3,H2312,H2312_T329,6639,H2312_all_pdbs/Model_4258_af3_basic_af3_seed_207355_sample_3_pred_898.cif,Model_4258_af3_basic_af3_seed_207355_sample_3_pred_898.cif,4258,AF3,af3_basic,207355,3,898,basic,,False,casp17/massivefold_external_pool_intake/h2312_t329/extracted_models/H2312_all_pdbs/Model_4258_af3_basic_af3_seed_207355_sample_3_pred_898.cif,awaiting_extract,"MassiveFold model pool index only. It parses organizer-provided external model tarball listings and stages balanced extraction/rerank candidates. These models remain external rerank and accuracy-estimation inputs, not internal predictions, not CASP submissions, and not competitive-proof evidence."
3,H2312,H2312_T329,6672,H2312_all_pdbs/Model_3366_af3_basic_af3_seed_889887_sample_4_pred_799.cif,Model_3366_af3_basic_af3_seed_889887_sample_4_pred_799.cif,3366,AF3,af3_basic,889887,4,799,basic,,False,casp17/massivefold_external_pool_intake/h2312_t329/extracted_models/H2312_all_pdbs/Model_3366_af3_basic_af3_seed_889887_sample_4_pred_799.cif,awaiting_extract,"MassiveFold model pool index only. It parses organizer-provided external model tarball listings and stages balanced extraction/rerank candidates. These models remain external rerank and accuracy-estimation inputs, not internal predictions, not CASP submissions, and not competitive-proof evidence."
3,H2312,H2312_T329,6674,H2312_all_pdbs/Model_1235_af3_basic_af3_seed_163625_sample_2_pred_107.cif,Model_1235_af3_basic_af3_seed_163625_sample_2_pred_107.cif,1235,AF3,af3_basic,163625,2,107,basic,,False,casp17/massivefold_external_pool_intake/h2312_t329/extracted_models/H2312_all_pdbs/Model_1235_af3_basic_af3_seed_163625_sample_2_pred_107.cif,awaiting_extract,"MassiveFold model pool index only. It parses organizer-provided external model tarball listings and stages balanced extraction/rerank candidates. These models remain external rerank and accuracy-estimation inputs, not internal predictions, not CASP submissions, and not competitive-proof evidence."
3,H2312,H2312_T329,6688,H2312_all_pdbs/Model_3388_af3_basic_af3_seed_88516_sample_3_pred_478.cif,Model_3388_af3_basic_af3_seed_88516_sample_3_pred_478.cif,3388,AF3,af3_basic,88516,3,478,basic,,False,casp17/massivefold_external_pool_intake/h2312_t329/extracted_models/H2312_all_pdbs/Model_3388_af3_basic_af3_seed_88516_sample_3_pred_478.cif,awaiting_extract,"MassiveFold model pool index only. It parses organizer-provided external model tarball listings and stages balanced extraction/rerank candidates. These models remain external rerank and accuracy-estimation inputs, not internal predictions, not CASP submissions, and not competitive-proof evidence."
3,H2312,H2312_T329,6702,H2312_all_pdbs/Model_1583_af3_basic_af3_seed_207365_sample_2_pred_947.cif,Model_1583_af3_basic_af3_seed_207365_sample_2_pred_947.cif,1583,AF3,af3_basic,207365,2,947,basic,,False,casp17/massivefold_external_pool_intake/h2312_t329/extracted_models/H2312_all_pdbs/Model_1583_af3_basic_af3_seed_207365_sample_2_pred_947.cif,awaiting_extract,"MassiveFold model pool index only. It parses organizer-provided external model tarball listings and stages balanced extraction/rerank candidates. These models remain external rerank and accuracy-estimation inputs, not internal predictions, not CASP submissions, and not competitive-proof evidence."
3,H2312,H2312_T329,6735,H2312_all_pdbs/Model_3344_af3_basic_af3_seed_88500_sample_0_pred_395.cif,Model_3344_af3_basic_af3_seed_88500_sample_0_pred_395.cif,3344,AF3,af3_basic,88500,0,395,basic,,False,casp17/massivefold_external_pool_intake/h2312_t329/extracted_models/H2312_all_pdbs/Model_3344_af3_basic_af3_seed_88500_sample_0_pred_395.cif,awaiting_extract,"MassiveFold model pool index only. It parses organizer-provided external model tarball listings and stages balanced extraction/rerank candidates. These models remain external rerank and accuracy-estimation inputs, not internal predictions, not CASP submissions, and not competitive-proof evidence."
3,H2312,H2312_T329,6744,H2312_all_pdbs/Model_1162_af3_basic_af3_seed_735224_sample_2_pred_602.cif,Model_1162_af3_basic_af3_seed_735224_sample_2_pred_602.cif,1162,AF3,af3_basic,735224,2,602,basic,,False,casp17/massivefold_external_pool_intake/h2312_t329/extracted_models/H2312_all_pdbs/Model_1162_af3_basic_af3_seed_735224_sample_2_pred_602.cif,awaiting_extract,"MassiveFold model pool index only. It parses organizer-provided external model tarball listings and stages balanced extraction/rerank candidates. These models remain external rerank and accuracy-estimation inputs, not internal predictions, not CASP submissions, and not competitive-proof evidence."
3,H2312,H2312_T329,6760,H2312_all_pdbs/Model_1045_af3_basic_af3_seed_88497_sample_2_pred_382.cif,Model_1045_af3_basic_af3_seed_88497_sample_2_pred_382.cif,1045,AF3,af3_basic,88497,2,382,basic,,False,casp17/massivefold_external_pool_intake/h2312_t329/extracted_models/H2312_all_pdbs/Model_1045_af3_basic_af3_seed_88497_sample_2_pred_382.cif,awaiting_extract,"MassiveFold model pool index only. It parses organizer-provided external model tarball listings and stages balanced extraction/rerank candidates. These models remain external rerank and accuracy-estimation inputs, not internal predictions, not CASP submissions, and not competitive-proof evidence."
3,H2312,H2312_T329,6784,H2312_all_pdbs/Model_3561_af3_basic_af3_seed_809680_sample_3_pred_723.cif,Model_3561_af3_basic_af3_seed_809680_sample_3_pred_723.cif,3561,AF3,af3_basic,809680,3,723,basic,,False,casp17/massivefold_external_pool_intake/h2312_t329/extracted_models/H2312_all_pdbs/Model_3561_af3_basic_af3_seed_809680_sample_3_pred_723.cif,awaiting_extract,"MassiveFold model pool index only. It parses organizer-provided external model tarball listings and stages balanced extraction/rerank candidates. These models remain external rerank and accuracy-estimation inputs, not internal predictions, not CASP submissions, and not competitive-proof evidence."
3,H2312,H2312_T329,6810,H2312_all_pdbs/Model_1112_af3_basic_af3_seed_207362_sample_2_pred_932.cif,Model_1112_af3_basic_af3_seed_207362_sample_2_pred_932.cif,1112,AF3,af3_basic,207362,2,932,basic,,False,casp17/massivefold_external_pool_intake/h2312_t329/extracted_models/H2312_all_pdbs/Model_1112_af3_basic_af3_seed_207362_sample_2_pred_932.cif,awaiting_extract,"MassiveFold model pool index only. It parses organizer-provided external model tarball listings and stages balanced extraction/rerank candidates. These models remain external rerank and accuracy-estimation inputs, not internal predictions, not CASP submissions, and not competitive-proof evidence."
3,H2312,H2312_T329,6817,H2312_all_pdbs/Model_1251_af3_basic_af3_seed_809683_sample_0_pred_735.cif,Model_1251_af3_basic_af3_seed_809683_sample_0_pred_735.cif,1251,AF3,af3_basic,809683,0,735,basic,,False,casp17/massivefold_external_pool_intake/h2312_t329/extracted_models/H2312_all_pdbs/Model_1251_af3_basic_af3_seed_809683_sample_0_pred_735.cif,awaiting_extract,"MassiveFold model pool index only. It parses organizer-provided external model tarball listings and stages balanced extraction/rerank candidates. These models remain external rerank and accuracy-estimation inputs, not internal predictions, not CASP submissions, and not competitive-proof evidence."
3,H2312,H2312_T329,6818,H2312_all_pdbs/Model_1636_af3_basic_af3_seed_207371_sample_4_pred_979.cif,Model_1636_af3_basic_af3_seed_207371_sample_4_pred_979.cif,1636,AF3,af3_basic,207371,4,979,basic,,False,casp17/massivefold_external_pool_intake/h2312_t329/extracted_models/H2312_all_pdbs/Model_1636_af3_basic_af3_seed_207371_sample_4_pred_979.cif,awaiting_extract,"MassiveFold model pool index only. It parses organizer-provided external model tarball listings and stages balanced extraction/rerank candidates. These models remain external rerank and accuracy-estimation inputs, not internal predictions, not CASP submissions, and not competitive-proof evidence."
3,H2312,H2312_T329,6839,H2312_all_pdbs/Model_1025_af3_basic_af3_seed_809683_sample_4_pred_739.cif,Model_1025_af3_basic_af3_seed_809683_sample_4_pred_739.cif,1025,AF3,af3_basic,809683,4,739,basic,,False,casp17/massivefold_external_pool_intake/h2312_t329/extracted_models/H2312_all_pdbs/Model_1025_af3_basic_af3_seed_809683_sample_4_pred_739.cif,awaiting_extract,"MassiveFold model pool index only. It parses organizer-provided external model tarball listings and stages balanced extraction/rerank candidates. These models remain external rerank and accuracy-estimation inputs, not internal predictions, not CASP submissions, and not competitive-proof evidence."
3,H2312,H2312_T329,6843,H2312_all_pdbs/Model_1007_af3_basic_af3_seed_163610_sample_1_pred_31.cif,Model_1007_af3_basic_af3_seed_163610_sample_1_pred_31.cif,1007,AF3,af3_basic,163610,1,31,basic,,False,casp17/massivefold_external_pool_intake/h2312_t329/extracted_models/H2312_all_pdbs/Model_1007_af3_basic_af3_seed_163610_sample_1_pred_31.cif,awaiting_extract,"MassiveFold model pool index only. It parses organizer-provided external model tarball listings and stages balanced extraction/rerank candidates. These models remain external rerank and accuracy-estimation inputs, not internal predictions, not CASP submissions, and not competitive-proof evidence."
3,H2312,H2312_T329,6861,H2312_all_pdbs/Model_1537_af3_basic_af3_seed_163626_sample_4_pred_114.cif,Model_1537_af3_basic_af3_seed_163626_sample_4_pred_114.cif,1537,AF3,af3_basic,163626,4,114,basic,,False,casp17/massivefold_external_pool_intake/h2312_t329/extracted_models/H2312_all_pdbs/Model_1537_af3_basic_af3_seed_163626_sample_4_pred_114.cif,awaiting_extract,"MassiveFold model pool index only. It parses organizer-provided external model tarball listings and stages balanced extraction/rerank candidates. These models remain external rerank and accuracy-estimation inputs, not internal predictions, not CASP submissions, and not competitive-proof evidence."
3,H2312,H2312_T329,6863,H2312_all_pdbs/Model_3437_af3_basic_af3_seed_207363_sample_3_pred_938.cif,Model_3437_af3_basic_af3_seed_207363_sample_3_pred_938.cif,3437,AF3,af3_basic,207363,3,938,basic,,False,casp17/massivefold_external_pool_intake/h2312_t329/extracted_models/H2312_all_pdbs/Model_3437_af3_basic_af3_seed_207363_sample_3_pred_938.cif,awaiting_extract,"MassiveFold model pool index only. It parses organizer-provided external model tarball listings and stages balanced extraction/rerank candidates. These models remain external rerank and accuracy-estimation inputs, not internal predictions, not CASP submissions, and not competitive-proof evidence."
3,H2312,H2312_T329,6867,H2312_all_pdbs/Model_1077_af3_basic_af3_seed_676039_sample_1_pred_181.cif,Model_1077_af3_basic_af3_seed_676039_sample_1_pred_181.cif,1077,AF3,af3_basic,676039,1,181,basic,,False,casp17/massivefold_external_pool_intake/h2312_t329/extracted_models/H2312_all_pdbs/Model_1077_af3_basic_af3_seed_676039_sample_1_pred_181.cif,awaiting_extract,"MassiveFold model pool index only. It parses organizer-provided external model tarball listings and stages balanced extraction/rerank candidates. These models remain external rerank and accuracy-estimation inputs, not internal predictions, not CASP submissions, and not competitive-proof evidence."
3,H2312,H2312_T329,6881,H2312_all_pdbs/Model_1332_af3_basic_af3_seed_889901_sample_1_pred_866.cif,Model_1332_af3_basic_af3_seed_889901_sample_1_pred_866.cif,1332,AF3,af3_basic,889901,1,866,basic,,False,casp17/massivefold_external_pool_intake/h2312_t329/extracted_models/H2312_all_pdbs/Model_1332_af3_basic_af3_seed_889901_sample_1_pred_866.cif,awaiting_extract,"MassiveFold model pool index only. It parses organizer-provided external model tarball listings and stages balanced extraction/rerank candidates. These models remain external rerank and accuracy-estimation inputs, not internal predictions, not CASP submissions, and not competitive-proof evidence."
3,H2312,H2312_T329,6896,H2312_all_pdbs/Model_1177_af3_basic_af3_seed_809677_sample_3_pred_708.cif,Model_1177_af3_basic_af3_seed_809677_sample_3_pred_708.cif,1177,AF3,af3_basic,809677,3,708,basic,,False,casp17/massivefold_external_pool_intake/h2312_t329/extracted_models/H2312_all_pdbs/Model_1177_af3_basic_af3_seed_809677_sample_3_pred_708.cif,awaiting_extract,"MassiveFold model pool index only. It parses organizer-provided external model tarball listings and stages balanced extraction/rerank candidates. These models remain external rerank and accuracy-estimation inputs, not internal predictions, not CASP submissions, and not competitive-proof evidence."
3,H2312,H2312_T329,6905,H2312_all_pdbs/Model_1562_af3_basic_af3_seed_676045_sample_4_pred_214.cif,Model_1562_af3_basic_af3_seed_676045_sample_4_pred_214.cif,1562,AF3,af3_basic,676045,4,214,basic,,False,casp17/massivefold_external_pool_intake/h2312_t329/extracted_models/H2312_all_pdbs/Model_1562_af3_basic_af3_seed_676045_sample_4_pred_214.cif,awaiting_extract,"MassiveFold model pool index only. It parses organizer-provided external model tarball listings and stages balanced extraction/rerank candidates. These models remain external rerank and accuracy-estimation inputs, not internal predictions, not CASP submissions, and not competitive-proof evidence."
3,H2312,H2312_T329,6916,H2312_all_pdbs/Model_1141_af3_basic_af3_seed_676052_sample_3_pred_248.cif,Model_1141_af3_basic_af3_seed_676052_sample_3_pred_248.cif,1141,AF3,af3_basic,676052,3,248,basic,,False,casp17/massivefold_external_pool_intake/h2312_t329/extracted_models/H2312_all_pdbs/Model_1141_af3_basic_af3_seed_676052_sample_3_pred_248.cif,awaiting_extract,"MassiveFold model pool index only. It parses organizer-provided external model tarball listings and stages balanced extraction/rerank candidates. These models remain external rerank and accuracy-estimation inputs, not internal predictions, not CASP submissions, and not competitive-proof evidence."
3,H2312,H2312_T329,6929,H2312_all_pdbs/Model_1567_af3_basic_af3_seed_861505_sample_1_pred_291.cif,Model_1567_af3_basic_af3_seed_861505_sample_1_pred_291.cif,1567,AF3,af3_basic,861505,1,291,basic,,False,casp17/massivefold_external_pool_intake/h2312_t329/extracted_models/H2312_all_pdbs/Model_1567_af3_basic_af3_seed_861505_sample_1_pred_291.cif,awaiting_extract,"MassiveFold model pool index only. It parses organizer-provided external model tarball listings and stages balanced extraction/rerank candidates. These models remain external rerank and accuracy-estimation inputs, not internal predictions, not CASP submissions, and not competitive-proof evidence."
3,H2312,H2312_T329,6935,H2312_all_pdbs/Model_3440_af3_basic_af3_seed_861508_sample_1_pred_306.cif,Model_3440_af3_basic_af3_seed_861508_sample_1_pred_306.cif,3440,AF3,af3_basic,861508,1,306,basic,,False,casp17/massivefold_external_pool_intake/h2312_t329/extracted_models/H2312_all_pdbs/Model_3440_af3_basic_af3_seed_861508_sample_1_pred_306.cif,awaiting_extract,"MassiveFold model pool index only. It parses organizer-provided external model tarball listings and stages balanced extraction/rerank candidates. These models remain external rerank and accuracy-estimation inputs, not internal predictions, not CASP submissions, and not competitive-proof evidence."
3,H2312,H2312_T329,6947,H2312_all_pdbs/Model_3319_af3_basic_af3_seed_735208_sample_3_pred_523.cif,Model_3319_af3_basic_af3_seed_735208_sample_3_pred_523.cif,3319,AF3,af3_basic,735208,3,523,basic,,False,casp17/massivefold_external_pool_intake/h2312_t329/extracted_models/H2312_all_pdbs/Model_3319_af3_basic_af3_seed_735208_sample_3_pred_523.cif,awaiting_extract,"MassiveFold model pool index only. It parses organizer-provided external model tarball listings and stages balanced extraction/rerank candidates. These models remain external rerank and accuracy-estimation inputs, not internal predictions, not CASP submissions, and not competitive-proof evidence."
3,H2312,H2312_T329,6954,H2312_all_pdbs/Model_1590_af3_basic_af3_seed_207359_sample_1_pred_916.cif,Model_1590_af3_basic_af3_seed_207359_sample_1_pred_916.cif,1590,AF3,af3_basic,207359,1,916,basic,,False,casp17/massivefold_external_pool_intake/h2312_t329/extracted_models/H2312_all_pdbs/Model_1590_af3_basic_af3_seed_207359_sample_1_pred_916.cif,awaiting_extract,"MassiveFold model pool index only. It parses organizer-provided external model tarball listings and stages balanced extraction/rerank candidates. These models remain external rerank and accuracy-estimation inputs, not internal predictions, not CASP submissions, and not competitive-proof evidence."
3,H2312,H2312_T329,6970,H2312_all_pdbs/Model_1499_af3_basic_af3_seed_735223_sample_0_pred_595.cif,Model_1499_af3_basic_af3_seed_735223_sample_0_pred_595.cif,1499,AF3,af3_basic,735223,0,595,basic,,False,casp17/massivefold_external_pool_intake/h2312_t329/extracted_models/H2312_all_pdbs/Model_1499_af3_basic_af3_seed_735223_sample_0_pred_595.cif,awaiting_extract,"MassiveFold model pool index only. It parses organizer-provided external model tarball listings and stages balanced extraction/rerank candidates. These models remain external rerank and accuracy-estimation inputs, not internal predictions, not CASP submissions, and not competitive-proof evidence."
3,H2312,H2312_T329,6978,H2312_all_pdbs/Model_1351_af3_basic_af3_seed_676040_sample_0_pred_185.cif,Model_1351_af3_basic_af3_seed_676040_sample_0_pred_185.cif,1351,AF3,af3_basic,676040,0,185,basic,,False,casp17/massivefold_external_pool_intake/h2312_t329/extracted_models/H2312_all_pdbs/Model_1351_af3_basic_af3_seed_676040_sample_0_pred_185.cif,awaiting_extract,"MassiveFold model pool index only. It parses organizer-provided external model tarball listings and stages balanced extraction/rerank candidates. These models remain external rerank and accuracy-estimation inputs, not internal predictions, not CASP submissions, and not competitive-proof evidence."
3,H2312,H2312_T329,6979,H2312_all_pdbs/Model_1600_af3_basic_af3_seed_88496_sample_4_pred_379.cif,Model_1600_af3_basic_af3_seed_88496_sample_4_pred_379.cif,1600,AF3,af3_basic,88496,4,379,basic,,False,casp17/massivefold_external_pool_intake/h2312_t329/extracted_models/H2312_all_pdbs/Model_1600_af3_basic_af3_seed_88496_sample_4_pred_379.cif,awaiting_extract,"MassiveFold model pool index only. It parses organizer-provided external model tarball listings and stages balanced extraction/rerank candidates. These models remain external rerank and accuracy-estimation inputs, not internal predictions, not CASP submissions, and not competitive-proof evidence."
3,H2312,H2312_T329,6990,H2312_all_pdbs/Model_1480_af3_basic_af3_seed_889879_sample_4_pred_759.cif,Model_1480_af3_basic_af3_seed_889879_sample_4_pred_759.cif,1480,AF3,af3_basic,889879,4,759,basic,,False,casp17/massivefold_external_pool_intake/h2312_t329/extracted_models/H2312_all_pdbs/Model_1480_af3_basic_af3_seed_889879_sample_4_pred_759.cif,awaiting_extract,"MassiveFold model pool index only. It parses organizer-provided external model tarball listings and stages balanced extraction/rerank candidates. These models remain external rerank and accuracy-estimation inputs, not internal predictions, not CASP submissions, and not competitive-proof evidence."
3,H2312,H2312_T329,7004,H2312_all_pdbs/Model_1411_af3_basic_af3_seed_207372_sample_2_pred_982.cif,Model_1411_af3_basic_af3_seed_207372_sample_2_pred_982.cif,1411,AF3,af3_basic,207372,2,982,basic,,False,casp17/massivefold_external_pool_intake/h2312_t329/extracted_models/H2312_all_pdbs/Model_1411_af3_basic_af3_seed_207372_sample_2_pred_982.cif,awaiting_extract,"MassiveFold model pool index only. It parses organizer-provided external model tarball listings and stages balanced extraction/rerank candidates. These models remain external rerank and accuracy-estimation inputs, not internal predictions, not CASP submissions, and not competitive-proof evidence."
3,H2312,H2312_T329,7021,H2312_all_pdbs/Model_3374_af3_basic_af3_seed_207373_sample_4_pred_989.cif,Model_3374_af3_basic_af3_seed_207373_sample_4_pred_989.cif,3374,AF3,af3_basic,207373,4,989,basic,,False,casp17/massivefold_external_pool_intake/h2312_t329/extracted_models/H2312_all_pdbs/Model_3374_af3_basic_af3_seed_207373_sample_4_pred_989.cif,awaiting_extract,"MassiveFold model pool index only. It parses organizer-provided external model tarball listings and stages balanced extraction/rerank candidates. These models remain external rerank and accuracy-estimation inputs, not internal predictions, not CASP submissions, and not competitive-proof evidence."
3,H2312,H2312_T329,7025,H2312_all_pdbs/Model_1081_af3_basic_af3_seed_861514_sample_0_pred_335.cif,Model_1081_af3_basic_af3_seed_861514_sample_0_pred_335.cif,1081,AF3,af3_basic,861514,0,335,basic,,False,casp17/massivefold_external_pool_intake/h2312_t329/extracted_models/H2312_all_pdbs/Model_1081_af3_basic_af3_seed_861514_sample_0_pred_335.cif,awaiting_extract,"MassiveFold model pool index only. It parses organizer-provided external model tarball listings and stages balanced extraction/rerank candidates. These models remain external rerank and accuracy-estimation inputs, not internal predictions, not CASP submissions, and not competitive-proof evidence."
3,H2312,H2312_T329,7043,H2312_all_pdbs/Model_1515_af3_basic_af3_seed_735211_sample_0_pred_535.cif,Model_1515_af3_basic_af3_seed_735211_sample_0_pred_535.cif,1515,AF3,af3_basic,735211,0,535,basic,,False,casp17/massivefold_external_pool_intake/h2312_t329/extracted_models/H2312_all_pdbs/Model_1515_af3_basic_af3_seed_735211_sample_0_pred_535.cif,awaiting_extract,"MassiveFold model pool index only. It parses organizer-provided external model tarball listings and stages balanced extraction/rerank candidates. These models remain external rerank and accuracy-estimation inputs, not internal predictions, not CASP submissions, and not competitive-proof evidence."
3,H2312,H2312_T329,7083,H2312_all_pdbs/Model_1248_af3_basic_af3_seed_735210_sample_4_pred_534.cif,Model_1248_af3_basic_af3_seed_735210_sample_4_pred_534.cif,1248,AF3,af3_basic,735210,4,534,basic,,False,casp17/massivefold_external_pool_intake/h2312_t329/extracted_models/H2312_all_pdbs/Model_1248_af3_basic_af3_seed_735210_sample_4_pred_534.cif,awaiting_extract,"MassiveFold model pool index only. It parses organizer-provided external model tarball listings and stages balanced extraction/rerank candidates. These models remain external rerank and accuracy-estimation inputs, not internal predictions, not CASP submissions, and not competitive-proof evidence."
3,H2312,H2312_T329,7093,H2312_all_pdbs/Model_1114_af3_basic_af3_seed_861505_sample_4_pred_294.cif,Model_1114_af3_basic_af3_seed_861505_sample_4_pred_294.cif,1114,AF3,af3_basic,861505,4,294,basic,,False,casp17/massivefold_external_pool_intake/h2312_t329/extracted_models/H2312_all_pdbs/Model_1114_af3_basic_af3_seed_861505_sample_4_pred_294.cif,awaiting_extract,"MassiveFold model pool index only. It parses organizer-provided external model tarball listings and stages balanced extraction/rerank candidates. These models remain external rerank and accuracy-estimation inputs, not internal predictions, not CASP submissions, and not competitive-proof evidence."
3,H2312,H2312_T329,7106,H2312_all_pdbs/Model_1384_af3_basic_af3_seed_861517_sample_1_pred_351.cif,Model_1384_af3_basic_af3_seed_861517_sample_1_pred_351.cif,1384,AF3,af3_basic,861517,1,351,basic,,False,casp17/massivefold_external_pool_intake/h2312_t329/extracted_models/H2312_all_pdbs/Model_1384_af3_basic_af3_seed_861517_sample_1_pred_351.cif,awaiting_extract,"MassiveFold model pool index only. It parses organizer-provided external model tarball listings and stages balanced extraction/rerank candidates. These models remain external rerank and accuracy-estimation inputs, not internal predictions, not CASP submissions, and not competitive-proof evidence."
3,H2312,H2312_T329,7108,H2312_all_pdbs/Model_1075_af3_basic_af3_seed_889881_sample_2_pred_767.cif,Model_1075_af3_basic_af3_seed_889881_sample_2_pred_767.cif,1075,AF3,af3_basic,889881,2,767,basic,,False,casp17/massivefold_external_pool_intake/h2312_t329/extracted_models/H2312_all_pdbs/Model_1075_af3_basic_af3_seed_889881_sample_2_pred_767.cif,awaiting_extract,"MassiveFold model pool index only. It parses organizer-provided external model tarball listings and stages balanced extraction/rerank candidates. These models remain external rerank and accuracy-estimation inputs, not internal predictions, not CASP submissions, and not competitive-proof evidence."
3,H2312,H2312_T329,7113,H2312_all_pdbs/Model_1211_af3_basic_af3_seed_88517_sample_1_pred_481.cif,Model_1211_af3_basic_af3_seed_88517_sample_1_pred_481.cif,1211,AF3,af3_basic,88517,1,481,basic,,False,casp17/massivefold_external_pool_intake/h2312_t329/extracted_models/H2312_all_pdbs/Model_1211_af3_basic_af3_seed_88517_sample_1_pred_481.cif,awaiting_extract,"MassiveFold model pool index only. It parses organizer-provided external model tarball listings and stages balanced extraction/rerank candidates. These models remain external rerank and accuracy-estimation inputs, not internal predictions, not CASP submissions, and not competitive-proof evidence."
3,H2312,H2312_T329,7116,H2312_all_pdbs/Model_3477_af3_basic_af3_seed_163625_sample_1_pred_106.cif,Model_3477_af3_basic_af3_seed_163625_sample_1_pred_106.cif,3477,AF3,af3_basic,163625,1,106,basic,,False,casp17/massivefold_external_pool_intake/h2312_t329/extracted_models/H2312_all_pdbs/Model_3477_af3_basic_af3_seed_163625_sample_1_pred_106.cif,awaiting_extract,"MassiveFold model pool index only. It parses organizer-provided external model tarball listings and stages balanced extraction/rerank candidates. These models remain external rerank and accuracy-estimation inputs, not internal predictions, not CASP submissions, and not competitive-proof evidence."
3,H2312,H2312_T329,7131,H2312_all_pdbs/Model_1323_af3_basic_af3_seed_889889_sample_3_pred_808.cif,Model_1323_af3_basic_af3_seed_889889_sample_3_pred_808.cif,1323,AF3,af3_basic,889889,3,808,basic,,False,casp17/massivefold_external_pool_intake/h2312_t329/extracted_models/H2312_all_pdbs/Model_1323_af3_basic_af3_seed_889889_sample_3_pred_808.cif,awaiting_extract,"MassiveFold model pool index only. It parses organizer-provided external model tarball listings and stages balanced extraction/rerank candidates. These models remain external rerank and accuracy-estimation inputs, not internal predictions, not CASP submissions, and not competitive-proof evidence."
3,H2312,H2312_T329,7135,H2312_all_pdbs/Model_1629_af3_basic_af3_seed_163612_sample_3_pred_43.cif,Model_1629_af3_basic_af3_seed_163612_sample_3_pred_43.cif,1629,AF3,af3_basic,163612,3,43,basic,,False,casp17/massivefold_external_pool_intake/h2312_t329/extracted_models/H2312_all_pdbs/Model_1629_af3_basic_af3_seed_163612_sample_3_pred_43.cif,awaiting_extract,"MassiveFold model pool index only. It parses organizer-provided external model tarball listings and stages balanced extraction/rerank candidates. These models remain external rerank and accuracy-estimation inputs, not internal predictions, not CASP submissions, and not competitive-proof evidence."
3,H2312,H2312_T329,7146,H2312_all_pdbs/Model_1233_af3_basic_af3_seed_861511_sample_0_pred_320.cif,Model_1233_af3_basic_af3_seed_861511_sample_0_pred_320.cif,1233,AF3,af3_basic,861511,0,320,basic,,False,casp17/massivefold_external_pool_intake/h2312_t329/extracted_models/H2312_all_pdbs/Model_1233_af3_basic_af3_seed_861511_sample_0_pred_320.cif,awaiting_extract,"MassiveFold model pool index only. It parses organizer-provided external model tarball listings and stages balanced extraction/rerank candidates. These models remain external rerank and accuracy-estimation inputs, not internal predictions, not CASP submissions, and not competitive-proof evidence."
3,H2312,H2312_T329,7148,H2312_all_pdbs/Model_1171_af3_basic_af3_seed_735210_sample_0_pred_530.cif,Model_1171_af3_basic_af3_seed_735210_sample_0_pred_530.cif,1171,AF3,af3_basic,735210,0,530,basic,,False,casp17/massivefold_external_pool_intake/h2312_t329/extracted_models/H2312_all_pdbs/Model_1171_af3_basic_af3_seed_735210_sample_0_pred_530.cif,awaiting_extract,"MassiveFold model pool index only. It parses organizer-provided external model tarball listings and stages balanced extraction/rerank candidates. These models remain external rerank and accuracy-estimation inputs, not internal predictions, not CASP submissions, and not competitive-proof evidence."
3,H2312,H2312_T329,7149,H2312_all_pdbs/Model_1369_af3_basic_af3_seed_676040_sample_3_pred_188.cif,Model_1369_af3_basic_af3_seed_676040_sample_3_pred_188.cif,1369,AF3,af3_basic,676040,3,188,basic,,False,casp17/massivefold_external_pool_intake/h2312_t329/extracted_models/H2312_all_pdbs/Model_1369_af3_basic_af3_seed_676040_sample_3_pred_188.cif,awaiting_extract,"MassiveFold model pool index only. It parses organizer-provided external model tarball listings and stages balanced extraction/rerank candidates. These models remain external rerank and accuracy-estimation inputs, not internal predictions, not CASP submissions, and not competitive-proof evidence."
3,H2312,H2312_T329,7155,H2312_all_pdbs/Model_1281_af3_basic_af3_seed_676042_sample_1_pred_196.cif,Model_1281_af3_basic_af3_seed_676042_sample_1_pred_196.cif,1281,AF3,af3_basic,676042,1,196,basic,,False,casp17/massivefold_external_pool_intake/h2312_t329/extracted_models/H2312_all_pdbs/Model_1281_af3_basic_af3_seed_676042_sample_1_pred_196.cif,awaiting_extract,"MassiveFold model pool index only. It parses organizer-provided external model tarball listings and stages balanced extraction/rerank candidates. These models remain external rerank and accuracy-estimation inputs, not internal predictions, not CASP submissions, and not competitive-proof evidence."
3,H2312,H2312_T329,7157,H2312_all_pdbs/Model_3380_af3_basic_af3_seed_207351_sample_1_pred_876.cif,Model_3380_af3_basic_af3_seed_207351_sample_1_pred_876.cif,3380,AF3,af3_basic,207351,1,876,basic,,False,casp17/massivefold_external_pool_intake/h2312_t329/extracted_models/H2312_all_pdbs/Model_3380_af3_basic_af3_seed_207351_sample_1_pred_876.cif,awaiting_extract,"MassiveFold model pool index only. It parses organizer-provided external model tarball listings and stages balanced extraction/rerank candidates. These models remain external rerank and accuracy-estimation inputs, not internal predictions, not CASP submissions, and not competitive-proof evidence."
3,H2312,H2312_T329,7159,H2312_all_pdbs/Model_1342_af3_basic_af3_seed_735217_sample_0_pred_565.cif,Model_1342_af3_basic_af3_seed_735217_sample_0_pred_565.cif,1342,AF3,af3_basic,735217,0,565,basic,,False,casp17/massivefold_external_pool_intake/h2312_t329/extracted_models/H2312_all_pdbs/Model_1342_af3_basic_af3_seed_735217_sample_0_pred_565.cif,awaiting_extract,"MassiveFold model pool index only. It parses organizer-provided external model tarball listings and stages balanced extraction/rerank candidates. These models remain external rerank and accuracy-estimation inputs, not internal predictions, not CASP submissions, and not competitive-proof evidence."
3,H2312,H2312_T329,7163,H2312_all_pdbs/Model_988_af3_basic_af3_seed_735205_sample_4_pred_509.cif,Model_988_af3_basic_af3_seed_735205_sample_4_pred_509.cif,988,AF3,af3_basic,735205,4,509,basic,,False,casp17/massivefold_external_pool_intake/h2312_t329/extracted_models/H2312_all_pdbs/Model_988_af3_basic_af3_seed_735205_sample_4_pred_509.cif,awaiting_extract,"MassiveFold model pool index only. It parses organizer-provided external model tarball listings and stages balanced extraction/rerank candidates. These models remain external rerank and accuracy-estimation inputs, not internal predictions, not CASP submissions, and not competitive-proof evidence."
3,H2312,H2312_T329,7173,H2312_all_pdbs/Model_1311_af3_basic_af3_seed_809669_sample_1_pred_666.cif,Model_1311_af3_basic_af3_seed_809669_sample_1_pred_666.cif,1311,AF3,af3_basic,809669,1,666,basic,,False,casp17/massivefold_external_pool_intake/h2312_t329/extracted_models/H2312_all_pdbs/Model_1311_af3_basic_af3_seed_809669_sample_1_pred_666.cif,awaiting_extract,"MassiveFold model pool index only. It parses organizer-provided external model tarball listings and stages balanced extraction/rerank candidates. These models remain external rerank and accuracy-estimation inputs, not internal predictions, not CASP submissions, and not competitive-proof evidence."
3,H2312,H2312_T329,7196,H2312_all_pdbs/Model_3449_af3_basic_af3_seed_676040_sample_4_pred_189.cif,Model_3449_af3_basic_af3_seed_676040_sample_4_pred_189.cif,3449,AF3,af3_basic,676040,4,189,basic,,False,casp17/massivefold_external_pool_intake/h2312_t329/extracted_models/H2312_all_pdbs/Model_3449_af3_basic_af3_seed_676040_sample_4_pred_189.cif,awaiting_extract,"MassiveFold model pool index only. It parses organizer-provided external model tarball listings and stages balanced extraction/rerank candidates. These models remain external rerank and accuracy-estimation inputs, not internal predictions, not CASP submissions, and not competitive-proof evidence."
3,H2312,H2312_T329,7197,H2312_all_pdbs/Model_3451_af3_basic_af3_seed_889896_sample_2_pred_842.cif,Model_3451_af3_basic_af3_seed_889896_sample_2_pred_842.cif,3451,AF3,af3_basic,889896,2,842,basic,,False,casp17/massivefold_external_pool_intake/h2312_t329/extracted_models/H2312_all_pdbs/Model_3451_af3_basic_af3_seed_889896_sample_2_pred_842.cif,awaiting_extract,"MassiveFold model pool index only. It parses organizer-provided external model tarball listings and stages balanced extraction/rerank candidates. These models remain external rerank and accuracy-estimation inputs, not internal predictions, not CASP submissions, and not competitive-proof evidence."
3,H2312,H2312_T329,7203,H2312_all_pdbs/Model_1284_af3_basic_af3_seed_207367_sample_2_pred_957.cif,Model_1284_af3_basic_af3_seed_207367_sample_2_pred_957.cif,1284,AF3,af3_basic,207367,2,957,basic,,False,casp17/massivefold_external_pool_intake/h2312_t329/extracted_models/H2312_all_pdbs/Model_1284_af3_basic_af3_seed_207367_sample_2_pred_957.cif,awaiting_extract,"MassiveFold model pool index only. It parses organizer-provided external model tarball listings and stages balanced extraction/rerank candidates. These models remain external rerank and accuracy-estimation inputs, not internal predictions, not CASP submissions, and not competitive-proof evidence."
3,H2312,H2312_T329,7205,H2312_all_pdbs/Model_3564_af3_basic_af3_seed_889900_sample_3_pred_863.cif,Model_3564_af3_basic_af3_seed_889900_sample_3_pred_863.cif,3564,AF3,af3_basic,889900,3,863,basic,,False,casp17/massivefold_external_pool_intake/h2312_t329/extracted_models/H2312_all_pdbs/Model_3564_af3_basic_af3_seed_889900_sample_3_pred_863.cif,awaiting_extract,"MassiveFold model pool index only. It parses organizer-provided external model tarball listings and stages balanced extraction/rerank candidates. These models remain external rerank and accuracy-estimation inputs, not internal predictions, not CASP submissions, and not competitive-proof evidence."
3,H2312,H2312_T329,7212,H2312_all_pdbs/Model_1597_af3_basic_af3_seed_163626_sample_3_pred_113.cif,Model_1597_af3_basic_af3_seed_163626_sample_3_pred_113.cif,1597,AF3,af3_basic,163626,3,113,basic,,False,casp17/massivefold_external_pool_intake/h2312_t329/extracted_models/H2312_all_pdbs/Model_1597_af3_basic_af3_seed_163626_sample_3_pred_113.cif,awaiting_extract,"MassiveFold model pool index only. It parses organizer-provided external model tarball listings and stages balanced extraction/rerank candidates. These models remain external rerank and accuracy-estimation inputs, not internal predictions, not CASP submissions, and not competitive-proof evidence."
3,H2312,H2312_T329,7266,H2312_all_pdbs/Model_75_af3_basic_af3_seed_809670_sample_0_pred_670.cif,Model_75_af3_basic_af3_seed_809670_sample_0_pred_670.cif,75,AF3,af3_basic,809670,0,670,basic,,False,casp17/massivefold_external_pool_intake/h2312_t329/extracted_models/H2312_all_pdbs/Model_75_af3_basic_af3_seed_809670_sample_0_pred_670.cif,awaiting_extract,"MassiveFold model pool index only. It parses organizer-provided external model tarball listings and stages balanced extraction/rerank candidates. These models remain external rerank and accuracy-estimation inputs, not internal predictions, not CASP submissions, and not competitive-proof evidence."
3,H2312,H2312_T329,7275,H2312_all_pdbs/Model_3443_af3_basic_af3_seed_207357_sample_0_pred_905.cif,Model_3443_af3_basic_af3_seed_207357_sample_0_pred_905.cif,3443,AF3,af3_basic,207357,0,905,basic,,False,casp17/massivefold_external_pool_intake/h2312_t329/extracted_models/H2312_all_pdbs/Model_3443_af3_basic_af3_seed_207357_sample_0_pred_905.cif,awaiting_extract,"MassiveFold model pool index only. It parses organizer-provided external model tarball listings and stages balanced extraction/rerank candidates. These models remain external rerank and accuracy-estimation inputs, not internal predictions, not CASP submissions, and not competitive-proof evidence."
3,H2312,H2312_T329,7319,H2312_all_pdbs/Model_1026_af3_basic_af3_seed_88505_sample_2_pred_422.cif,Model_1026_af3_basic_af3_seed_88505_sample_2_pred_422.cif,1026,AF3,af3_basic,88505,2,422,basic,,False,casp17/massivefold_external_pool_intake/h2312_t329/extracted_models/H2312_all_pdbs/Model_1026_af3_basic_af3_seed_88505_sample_2_pred_422.cif,awaiting_extract,"MassiveFold model pool index only. It parses organizer-provided external model tarball listings and stages balanced extraction/rerank candidates. These models remain external rerank and accuracy-estimation inputs, not internal predictions, not CASP submissions, and not competitive-proof evidence."
3,H2312,H2312_T329,7321,H2312_all_pdbs/Model_1388_af3_basic_af3_seed_809679_sample_1_pred_716.cif,Model_1388_af3_basic_af3_seed_809679_sample_1_pred_716.cif,1388,AF3,af3_basic,809679,1,716,basic,,False,casp17/massivefold_external_pool_intake/h2312_t329/extracted_models/H2312_all_pdbs/Model_1388_af3_basic_af3_seed_809679_sample_1_pred_716.cif,awaiting_extract,"MassiveFold model pool index only. It parses organizer-provided external model tarball listings and stages balanced extraction/rerank candidates. These models remain external rerank and accuracy-estimation inputs, not internal predictions, not CASP submissions, and not competitive-proof evidence."
3,H2312,H2312_T329,7343,H2312_all_pdbs/Model_1224_af3_basic_af3_seed_809664_sample_3_pred_643.cif,Model_1224_af3_basic_af3_seed_809664_sample_3_pred_643.cif,1224,AF3,af3_basic,809664,3,643,basic,,False,casp17/massivefold_external_pool_intake/h2312_t329/extracted_models/H2312_all_pdbs/Model_1224_af3_basic_af3_seed_809664_sample_3_pred_643.cif,awaiting_extract,"MassiveFold model pool index only. It parses organizer-provided external model tarball listings and stages balanced extraction/rerank candidates. These models remain external rerank and accuracy-estimation inputs, not internal predictions, not CASP submissions, and not competitive-proof evidence."
3,H2312,H2312_T329,7350,H2312_all_pdbs/Model_3331_af3_basic_af3_seed_88500_sample_3_pred_398.cif,Model_3331_af3_basic_af3_seed_88500_sample_3_pred_398.cif,3331,AF3,af3_basic,88500,3,398,basic,,False,casp17/massivefold_external_pool_intake/h2312_t329/extracted_models/H2312_all_pdbs/Model_3331_af3_basic_af3_seed_88500_sample_3_pred_398.cif,awaiting_extract,"MassiveFold model pool index only. It parses organizer-provided external model tarball listings and stages balanced extraction/rerank candidates. These models remain external rerank and accuracy-estimation inputs, not internal predictions, not CASP submissions, and not competitive-proof evidence."
3,H2312,H2312_T329,7363,H2312_all_pdbs/Model_74_af3_basic_af3_seed_735227_sample_1_pred_616.cif,Model_74_af3_basic_af3_seed_735227_sample_1_pred_616.cif,74,AF3,af3_basic,735227,1,616,basic,,False,casp17/massivefold_external_pool_intake/h2312_t329/extracted_models/H2312_all_pdbs/Model_74_af3_basic_af3_seed_735227_sample_1_pred_616.cif,awaiting_extract,"MassiveFold model pool index only. It parses organizer-provided external model tarball listings and stages balanced extraction/rerank candidates. These models remain external rerank and accuracy-estimation inputs, not internal predictions, not CASP submissions, and not competitive-proof evidence."
3,H2312,H2312_T329,7371,H2312_all_pdbs/Model_3392_af3_basic_af3_seed_207375_sample_1_pred_996.cif,Model_3392_af3_basic_af3_seed_207375_sample_1_pred_996.cif,3392,AF3,af3_basic,207375,1,996,basic,,False,casp17/massivefold_external_pool_intake/h2312_t329/extracted_models/H2312_all_pdbs/Model_3392_af3_basic_af3_seed_207375_sample_1_pred_996.cif,awaiting_extract,"MassiveFold model pool index only. It parses organizer-provided external model tarball listings and stages balanced extraction/rerank candidates. These models remain external rerank and accuracy-estimation inputs, not internal predictions, not CASP submissions, and not competitive-proof evidence."
3,H2312,H2312_T329,7373,H2312_all_pdbs/Model_71_af3_basic_af3_seed_861503_sample_3_pred_283.cif,Model_71_af3_basic_af3_seed_861503_sample_3_pred_283.cif,71,AF3,af3_basic,861503,3,283,basic,,False,casp17/massivefold_external_pool_intake/h2312_t329/extracted_models/H2312_all_pdbs/Model_71_af3_basic_af3_seed_861503_sample_3_pred_283.cif,awaiting_extract,"MassiveFold model pool index only. It parses organizer-provided external model tarball listings and stages balanced extraction/rerank candidates. These models remain external rerank and accuracy-estimation inputs, not internal predictions, not CASP submissions, and not competitive-proof evidence."
3,H2312,H2312_T329,7375,H2312_all_pdbs/Model_3450_af3_basic_af3_seed_861506_sample_0_pred_295.cif,Model_3450_af3_basic_af3_seed_861506_sample_0_pred_295.cif,3450,AF3,af3_basic,861506,0,295,basic,,False,casp17/massivefold_external_pool_intake/h2312_t329/extracted_models/H2312_all_pdbs/Model_3450_af3_basic_af3_seed_861506_sample_0_pred_295.cif,awaiting_extract,"MassiveFold model pool index only. It parses organizer-provided external model tarball listings and stages balanced extraction/rerank candidates. These models remain external rerank and accuracy-estimation inputs, not internal predictions, not CASP submissions, and not competitive-proof evidence."
3,H2312,H2312_T329,7392,H2312_all_pdbs/Model_1578_af3_basic_af3_seed_88503_sample_2_pred_412.cif,Model_1578_af3_basic_af3_seed_88503_sample_2_pred_412.cif,1578,AF3,af3_basic,88503,2,412,basic,,False,casp17/massivefold_external_pool_intake/h2312_t329/extracted_models/H2312_all_pdbs/Model_1578_af3_basic_af3_seed_88503_sample_2_pred_412.cif,awaiting_extract,"MassiveFold model pool index only. It parses organizer-provided external model tarball listings and stages balanced extraction/rerank candidates. These models remain external rerank and accuracy-estimation inputs, not internal predictions, not CASP submissions, and not competitive-proof evidence."
3,H2312,H2312_T329,7396,H2312_all_pdbs/Model_3357_af3_basic_af3_seed_861509_sample_3_pred_313.cif,Model_3357_af3_basic_af3_seed_861509_sample_3_pred_313.cif,3357,AF3,af3_basic,861509,3,313,basic,,False,casp17/massivefold_external_pool_intake/h2312_t329/extracted_models/H2312_all_pdbs/Model_3357_af3_basic_af3_seed_861509_sample_3_pred_313.cif,awaiting_extract,"MassiveFold model pool index only. It parses organizer-provided external model tarball listings and stages balanced extraction/rerank candidates. These models remain external rerank and accuracy-estimation inputs, not internal predictions, not CASP submissions, and not competitive-proof evidence."
3,H2312,H2312_T329,7401,H2312_all_pdbs/Model_3493_af3_basic_af3_seed_861499_sample_2_pred_262.cif,Model_3493_af3_basic_af3_seed_861499_sample_2_pred_262.cif,3493,AF3,af3_basic,861499,2,262,basic,,False,casp17/massivefold_external_pool_intake/h2312_t329/extracted_models/H2312_all_pdbs/Model_3493_af3_basic_af3_seed_861499_sample_2_pred_262.cif,awaiting_extract,"MassiveFold model pool index only. It parses organizer-provided external model tarball listings and stages balanced extraction/rerank candidates. These models remain external rerank and accuracy-estimation inputs, not internal predictions, not CASP submissions, and not competitive-proof evidence."
3,H2312,H2312_T329,7422,H2312_all_pdbs/Model_1581_af3_basic_af3_seed_735216_sample_3_pred_563.cif,Model_1581_af3_basic_af3_seed_735216_sample_3_pred_563.cif,1581,AF3,af3_basic,735216,3,563,basic,,False,casp17/massivefold_external_pool_intake/h2312_t329/extracted_models/H2312_all_pdbs/Model_1581_af3_basic_af3_seed_735216_sample_3_pred_563.cif,awaiting_extract,"MassiveFold model pool index only. It parses organizer-provided external model tarball listings and stages balanced extraction/rerank candidates. These models remain external rerank and accuracy-estimation inputs, not internal predictions, not CASP submissions, and not competitive-proof evidence."
3,H2312,H2312_T329,7426,H2312_all_pdbs/Model_3391_af3_basic_af3_seed_735228_sample_3_pred_623.cif,Model_3391_af3_basic_af3_seed_735228_sample_3_pred_623.cif,3391,AF3,af3_basic,735228,3,623,basic,,False,casp17/massivefold_external_pool_intake/h2312_t329/extracted_models/H2312_all_pdbs/Model_3391_af3_basic_af3_seed_735228_sample_3_pred_623.cif,awaiting_extract,"MassiveFold model pool index only. It parses organizer-provided external model tarball listings and stages balanced extraction/rerank candidates. These models remain external rerank and accuracy-estimation inputs, not internal predictions, not CASP submissions, and not competitive-proof evidence."
3,H2312,H2312_T329,7436,H2312_all_pdbs/Model_1088_af3_basic_af3_seed_165012_sample_2_pred_1002.cif,Model_1088_af3_basic_af3_seed_165012_sample_2_pred_1002.cif,1088,AF3,af3_basic,165012,2,1002,basic,,False,casp17/massivefold_external_pool_intake/h2312_t329/extracted_models/H2312_all_pdbs/Model_1088_af3_basic_af3_seed_165012_sample_2_pred_1002.cif,awaiting_extract,"MassiveFold model pool index only. It parses organizer-provided external model tarball listings and stages balanced extraction/rerank candidates. These models remain external rerank and accuracy-estimation inputs, not internal predictions, not CASP submissions, and not competitive-proof evidence."
3,H2312,H2312_T329,7445,H2312_all_pdbs/Model_3372_af3_basic_af3_seed_809676_sample_0_pred_700.cif,Model_3372_af3_basic_af3_seed_809676_sample_0_pred_700.cif,3372,AF3,af3_basic,809676,0,700,basic,,False,casp17/massivefold_external_pool_intake/h2312_t329/extracted_models/H2312_all_pdbs/Model_3372_af3_basic_af3_seed_809676_sample_0_pred_700.cif,awaiting_extract,"MassiveFold model pool index only. It parses organizer-provided external model tarball listings and stages balanced extraction/rerank candidates. These models remain external rerank and accuracy-estimation inputs, not internal predictions, not CASP submissions, and not competitive-proof evidence."
3,H2312,H2312_T329,7446,H2312_all_pdbs/Model_1375_af3_basic_af3_seed_861497_sample_4_pred_254.cif,Model_1375_af3_basic_af3_seed_861497_sample_4_pred_254.cif,1375,AF3,af3_basic,861497,4,254,basic,,False,casp17/massivefold_external_pool_intake/h2312_t329/extracted_models/H2312_all_pdbs/Model_1375_af3_basic_af3_seed_861497_sample_4_pred_254.cif,awaiting_extract,"MassiveFold model pool index only. It parses organizer-provided external model tarball listings and stages balanced extraction/rerank candidates. These models remain external rerank and accuracy-estimation inputs, not internal predictions, not CASP submissions, and not competitive-proof evidence."
3,H2312,H2312_T329,7472,H2312_all_pdbs/Model_1175_af3_basic_af3_seed_88518_sample_4_pred_489.cif,Model_1175_af3_basic_af3_seed_88518_sample_4_pred_489.cif,1175,AF3,af3_basic,88518,4,489,basic,,False,casp17/massivefold_external_pool_intake/h2312_t329/extracted_models/H2312_all_pdbs/Model_1175_af3_basic_af3_seed_88518_sample_4_pred_489.cif,awaiting_extract,"MassiveFold model pool index only. It parses organizer-provided external model tarball listings and stages balanced extraction/rerank candidates. These models remain external rerank and accuracy-estimation inputs, not internal predictions, not CASP submissions, and not competitive-proof evidence."
3,H2312,H2312_T329,7473,H2312_all_pdbs/Model_1614_af3_basic_af3_seed_207364_sample_3_pred_943.cif,Model_1614_af3_basic_af3_seed_207364_sample_3_pred_943.cif,1614,AF3,af3_basic,207364,3,943,basic,,False,casp17/massivefold_external_pool_intake/h2312_t329/extracted_models/H2312_all_pdbs/Model_1614_af3_basic_af3_seed_207364_sample_3_pred_943.cif,awaiting_extract,"MassiveFold model pool index only. It parses organizer-provided external model tarball listings and stages balanced extraction/rerank candidates. These models remain external rerank and accuracy-estimation inputs, not internal predictions, not CASP submissions, and not competitive-proof evidence."
3,H2312,H2312_T329,7474,H2312_all_pdbs/Model_1478_af3_basic_af3_seed_163622_sample_4_pred_94.cif,Model_1478_af3_basic_af3_seed_163622_sample_4_pred_94.cif,1478,AF3,af3_basic,163622,4,94,basic,,False,casp17/massivefold_external_pool_intake/h2312_t329/extracted_models/H2312_all_pdbs/Model_1478_af3_basic_af3_seed_163622_sample_4_pred_94.cif,awaiting_extract,"MassiveFold model pool index only. It parses organizer-provided external model tarball listings and stages balanced extraction/rerank candidates. These models remain external rerank and accuracy-estimation inputs, not internal predictions, not CASP submissions, and not competitive-proof evidence."
3,H2312,H2312_T329,7518,H2312_all_pdbs/Model_3405_af3_basic_af3_seed_676050_sample_4_pred_239.cif,Model_3405_af3_basic_af3_seed_676050_sample_4_pred_239.cif,3405,AF3,af3_basic,676050,4,239,basic,,False,casp17/massivefold_external_pool_intake/h2312_t329/extracted_models/H2312_all_pdbs/Model_3405_af3_basic_af3_seed_676050_sample_4_pred_239.cif,awaiting_extract,"MassiveFold model pool index only. It parses organizer-provided external model tarball listings and stages balanced extraction/rerank candidates. These models remain external rerank and accuracy-estimation inputs, not internal predictions, not CASP submissions, and not competitive-proof evidence."
3,H2312,H2312_T329,7525,H2312_all_pdbs/Model_3500_af3_basic_af3_seed_88520_sample_1_pred_496.cif,Model_3500_af3_basic_af3_seed_88520_sample_1_pred_496.cif,3500,AF3,af3_basic,88520,1,496,basic,,False,casp17/massivefold_external_pool_intake/h2312_t329/extracted_models/H2312_all_pdbs/Model_3500_af3_basic_af3_seed_88520_sample_1_pred_496.cif,awaiting_extract,"MassiveFold model pool index only. It parses organizer-provided external model tarball listings and stages balanced extraction/rerank candidates. These models remain external rerank and accuracy-estimation inputs, not internal predictions, not CASP submissions, and not competitive-proof evidence."
3,H2312,H2312_T329,7526,H2312_all_pdbs/Model_1179_af3_basic_af3_seed_163620_sample_1_pred_81.cif,Model_1179_af3_basic_af3_seed_163620_sample_1_pred_81.cif,1179,AF3,af3_basic,163620,1,81,basic,,False,casp17/massivefold_external_pool_intake/h2312_t329/extracted_models/H2312_all_pdbs/Model_1179_af3_basic_af3_seed_163620_sample_1_pred_81.cif,awaiting_extract,"MassiveFold model pool index only. It parses organizer-provided external model tarball listings and stages balanced extraction/rerank candidates. These models remain external rerank and accuracy-estimation inputs, not internal predictions, not CASP submissions, and not competitive-proof evidence."
3,H2312,H2312_T329,7543,H2312_all_pdbs/Model_1361_af3_basic_af3_seed_88511_sample_1_pred_451.cif,Model_1361_af3_basic_af3_seed_88511_sample_1_pred_451.cif,1361,AF3,af3_basic,88511,1,451,basic,,False,casp17/massivefold_external_pool_intake/h2312_t329/extracted_models/H2312_all_pdbs/Model_1361_af3_basic_af3_seed_88511_sample_1_pred_451.cif,awaiting_extract,"MassiveFold model pool index only. It parses organizer-provided external model tarball listings and stages balanced extraction/rerank candidates. These models remain external rerank and accuracy-estimation inputs, not internal predictions, not CASP submissions, and not competitive-proof evidence."
3,H2312,H2312_T329,7550,H2312_all_pdbs/Model_983_af3_basic_af3_seed_207362_sample_4_pred_934.cif,Model_983_af3_basic_af3_seed_207362_sample_4_pred_934.cif,983,AF3,af3_basic,207362,4,934,basic,,False,casp17/massivefold_external_pool_intake/h2312_t329/extracted_models/H2312_all_pdbs/Model_983_af3_basic_af3_seed_207362_sample_4_pred_934.cif,awaiting_extract,"MassiveFold model pool index only. It parses organizer-provided external model tarball listings and stages balanced extraction/rerank candidates. These models remain external rerank and accuracy-estimation inputs, not internal predictions, not CASP submissions, and not competitive-proof evidence."
3,H2312,H2312_T329,7557,H2312_all_pdbs/Model_990_af3_basic_af3_seed_207357_sample_1_pred_906.cif,Model_990_af3_basic_af3_seed_207357_sample_1_pred_906.cif,990,AF3,af3_basic,207357,1,906,basic,,False,casp17/massivefold_external_pool_intake/h2312_t329/extracted_models/H2312_all_pdbs/Model_990_af3_basic_af3_seed_207357_sample_1_pred_906.cif,awaiting_extract,"MassiveFold model pool index only. It parses organizer-provided external model tarball listings and stages balanced extraction/rerank candidates. These models remain external rerank and accuracy-estimation inputs, not internal predictions, not CASP submissions, and not competitive-proof evidence."
3,H2312,H2312_T329,7567,H2312_all_pdbs/Model_1053_af3_basic_af3_seed_163623_sample_0_pred_95.cif,Model_1053_af3_basic_af3_seed_163623_sample_0_pred_95.cif,1053,AF3,af3_basic,163623,0,95,basic,,False,casp17/massivefold_external_pool_intake/h2312_t329/extracted_models/H2312_all_pdbs/Model_1053_af3_basic_af3_seed_163623_sample_0_pred_95.cif,awaiting_extract,"MassiveFold model pool index only. It parses organizer-provided external model tarball listings and stages balanced extraction/rerank candidates. These models remain external rerank and accuracy-estimation inputs, not internal predictions, not CASP submissions, and not competitive-proof evidence."
3,H2312,H2312_T329,7580,H2312_all_pdbs/Model_1030_af3_basic_af3_seed_735221_sample_0_pred_585.cif,Model_1030_af3_basic_af3_seed_735221_sample_0_pred_585.cif,1030,AF3,af3_basic,735221,0,585,basic,,False,casp17/massivefold_external_pool_intake/h2312_t329/extracted_models/H2312_all_pdbs/Model_1030_af3_basic_af3_seed_735221_sample_0_pred_585.cif,awaiting_extract,"MassiveFold model pool index only. It parses organizer-provided external model tarball listings and stages balanced extraction/rerank candidates. These models remain external rerank and accuracy-estimation inputs, not internal predictions, not CASP submissions, and not competitive-proof evidence."
3,H2312,H2312_T329,7588,H2312_all_pdbs/Model_1267_af3_basic_af3_seed_735228_sample_2_pred_622.cif,Model_1267_af3_basic_af3_seed_735228_sample_2_pred_622.cif,1267,AF3,af3_basic,735228,2,622,basic,,False,casp17/massivefold_external_pool_intake/h2312_t329/extracted_models/H2312_all_pdbs/Model_1267_af3_basic_af3_seed_735228_sample_2_pred_622.cif,awaiting_extract,"MassiveFold model pool index only. It parses organizer-provided external model tarball listings and stages balanced extraction/rerank candidates. These models remain external rerank and accuracy-estimation inputs, not internal predictions, not CASP submissions, and not competitive-proof evidence."
3,H2312,H2312_T329,7597,H2312_all_pdbs/Model_1299_af3_basic_af3_seed_676051_sample_0_pred_240.cif,Model_1299_af3_basic_af3_seed_676051_sample_0_pred_240.cif,1299,AF3,af3_basic,676051,0,240,basic,,False,casp17/massivefold_external_pool_intake/h2312_t329/extracted_models/H2312_all_pdbs/Model_1299_af3_basic_af3_seed_676051_sample_0_pred_240.cif,awaiting_extract,"MassiveFold model pool index only. It parses organizer-provided external model tarball listings and stages balanced extraction/rerank candidates. These models remain external rerank and accuracy-estimation inputs, not internal predictions, not CASP submissions, and not competitive-proof evidence."
3,H2312,H2312_T329,7617,H2312_all_pdbs/Model_3535_af3_basic_af3_seed_207368_sample_4_pred_964.cif,Model_3535_af3_basic_af3_seed_207368_sample_4_pred_964.cif,3535,AF3,af3_basic,207368,4,964,basic,,False,casp17/massivefold_external_pool_intake/h2312_t329/extracted_models/H2312_all_pdbs/Model_3535_af3_basic_af3_seed_207368_sample_4_pred_964.cif,awaiting_extract,"MassiveFold model pool index only. It parses organizer-provided external model tarball listings and stages balanced extraction/rerank candidates. These models remain external rerank and accuracy-estimation inputs, not internal predictions, not CASP submissions, and not competitive-proof evidence."
3,H2312,H2312_T329,7647,H2312_all_pdbs/Model_1121_af3_basic_af3_seed_809682_sample_0_pred_730.cif,Model_1121_af3_basic_af3_seed_809682_sample_0_pred_730.cif,1121,AF3,af3_basic,809682,0,730,basic,,False,casp17/massivefold_external_pool_intake/h2312_t329/extracted_models/H2312_all_pdbs/Model_1121_af3_basic_af3_seed_809682_sample_0_pred_730.cif,awaiting_extract,"MassiveFold model pool index only. It parses organizer-provided external model tarball listings and stages balanced extraction/rerank candidates. These models remain external rerank and accuracy-estimation inputs, not internal predictions, not CASP submissions, and not competitive-proof evidence."
3,H2312,H2312_T329,7657,H2312_all_pdbs/Model_1103_af3_basic_af3_seed_809666_sample_3_pred_653.cif,Model_1103_af3_basic_af3_seed_809666_sample_3_pred_653.cif,1103,AF3,af3_basic,809666,3,653,basic,,False,casp17/massivefold_external_pool_intake/h2312_t329/extracted_models/H2312_all_pdbs/Model_1103_af3_basic_af3_seed_809666_sample_3_pred_653.cif,awaiting_extract,"MassiveFold model pool index only. It parses organizer-provided external model tarball listings and stages balanced extraction/rerank candidates. These models remain external rerank and accuracy-estimation inputs, not internal predictions, not CASP submissions, and not competitive-proof evidence."
3,H2312,H2312_T329,7670,H2312_all_pdbs/Model_3538_af3_basic_af3_seed_88510_sample_2_pred_447.cif,Model_3538_af3_basic_af3_seed_88510_sample_2_pred_447.cif,3538,AF3,af3_basic,88510,2,447,basic,,False,casp17/massivefold_external_pool_intake/h2312_t329/extracted_models/H2312_all_pdbs/Model_3538_af3_basic_af3_seed_88510_sample_2_pred_447.cif,awaiting_extract,"MassiveFold model pool index only. It parses organizer-provided external model tarball listings and stages balanced extraction/rerank candidates. These models remain external rerank and accuracy-estimation inputs, not internal predictions, not CASP submissions, and not competitive-proof evidence."
3,H2312,H2312_T329,7703,H2312_all_pdbs/Model_3544_af3_basic_af3_seed_207368_sample_0_pred_960.cif,Model_3544_af3_basic_af3_seed_207368_sample_0_pred_960.cif,3544,AF3,af3_basic,207368,0,960,basic,,False,casp17/massivefold_external_pool_intake/h2312_t329/extracted_models/H2312_all_pdbs/Model_3544_af3_basic_af3_seed_207368_sample_0_pred_960.cif,awaiting_extract,"MassiveFold model pool index only. It parses organizer-provided external model tarball listings and stages balanced extraction/rerank candidates. These models remain external rerank and accuracy-estimation inputs, not internal predictions, not CASP submissions, and not competitive-proof evidence."
3,H2312,H2312_T329,7713,H2312_all_pdbs/Model_1659_af3_basic_af3_seed_889901_sample_0_pred_865.cif,Model_1659_af3_basic_af3_seed_889901_sample_0_pred_865.cif,1659,AF3,af3_basic,889901,0,865,basic,,False,casp17/massivefold_external_pool_intake/h2312_t329/extracted_models/H2312_all_pdbs/Model_1659_af3_basic_af3_seed_889901_sample_0_pred_865.cif,awaiting_extract,"MassiveFold model pool index only. It parses organizer-provided external model tarball listings and stages balanced extraction/rerank candidates. These models remain external rerank and accuracy-estimation inputs, not internal predictions, not CASP submissions, and not competitive-proof evidence."
3,H2312,H2312_T329,7719,H2312_all_pdbs/Model_1260_af3_basic_af3_seed_207365_sample_4_pred_949.cif,Model_1260_af3_basic_af3_seed_207365_sample_4_pred_949.cif,1260,AF3,af3_basic,207365,4,949,basic,,False,casp17/massivefold_external_pool_intake/h2312_t329/extracted_models/H2312_all_pdbs/Model_1260_af3_basic_af3_seed_207365_sample_4_pred_949.cif,awaiting_extract,"MassiveFold model pool index only. It parses organizer-provided external model tarball listings and stages balanced extraction/rerank candidates. These models remain external rerank and accuracy-estimation inputs, not internal predictions, not CASP submissions, and not competitive-proof evidence."
3,H2312,H2312_T329,7734,H2312_all_pdbs/Model_1443_af3_basic_af3_seed_861521_sample_0_pred_370.cif,Model_1443_af3_basic_af3_seed_861521_sample_0_pred_370.cif,1443,AF3,af3_basic,861521,0,370,basic,,False,casp17/massivefold_external_pool_intake/h2312_t329/extracted_models/H2312_all_pdbs/Model_1443_af3_basic_af3_seed_861521_sample_0_pred_370.cif,awaiting_extract,"MassiveFold model pool index only. It parses organizer-provided external model tarball listings and stages balanced extraction/rerank candidates. These models remain external rerank and accuracy-estimation inputs, not internal predictions, not CASP submissions, and not competitive-proof evidence."
3,H2312,H2312_T329,7736,H2312_all_pdbs/Model_1020_af3_basic_af3_seed_809671_sample_0_pred_675.cif,Model_1020_af3_basic_af3_seed_809671_sample_0_pred_675.cif,1020,AF3,af3_basic,809671,0,675,basic,,False,casp17/massivefold_external_pool_intake/h2312_t329/extracted_models/H2312_all_pdbs/Model_1020_af3_basic_af3_seed_809671_sample_0_pred_675.cif,awaiting_extract,"MassiveFold model pool index only. It parses organizer-provided external model tarball listings and stages balanced extraction/rerank candidates. These models remain external rerank and accuracy-estimation inputs, not internal predictions, not CASP submissions, and not competitive-proof evidence."
3,H2312,H2312_T329,7780,H2312_all_pdbs/Model_3348_af3_basic_af3_seed_889895_sample_1_pred_836.cif,Model_3348_af3_basic_af3_seed_889895_sample_1_pred_836.cif,3348,AF3,af3_basic,889895,1,836,basic,,False,casp17/massivefold_external_pool_intake/h2312_t329/extracted_models/H2312_all_pdbs/Model_3348_af3_basic_af3_seed_889895_sample_1_pred_836.cif,awaiting_extract,"MassiveFold model pool index only. It parses organizer-provided external model tarball listings and stages balanced extraction/rerank candidates. These models remain external rerank and accuracy-estimation inputs, not internal predictions, not CASP submissions, and not competitive-proof evidence."
3,H2312,H2312_T329,7791,H2312_all_pdbs/Model_1161_af3_basic_af3_seed_809673_sample_3_pred_688.cif,Model_1161_af3_basic_af3_seed_809673_sample_3_pred_688.cif,1161,AF3,af3_basic,809673,3,688,basic,,False,casp17/massivefold_external_pool_intake/h2312_t329/extracted_models/H2312_all_pdbs/Model_1161_af3_basic_af3_seed_809673_sample_3_pred_688.cif,awaiting_extract,"MassiveFold model pool index only. It parses organizer-provided external model tarball listings and stages balanced extraction/rerank candidates. These models remain external rerank and accuracy-estimation inputs, not internal predictions, not CASP submissions, and not competitive-proof evidence."
3,H2312,H2312_T329,7801,H2312_all_pdbs/Model_3441_af3_basic_af3_seed_861520_sample_3_pred_368.cif,Model_3441_af3_basic_af3_seed_861520_sample_3_pred_368.cif,3441,AF3,af3_basic,861520,3,368,basic,,False,casp17/massivefold_external_pool_intake/h2312_t329/extracted_models/H2312_all_pdbs/Model_3441_af3_basic_af3_seed_861520_sample_3_pred_368.cif,awaiting_extract,"MassiveFold model pool index only. It parses organizer-provided external model tarball listings and stages balanced extraction/rerank candidates. These models remain external rerank and accuracy-estimation inputs, not internal predictions, not CASP submissions, and not competitive-proof evidence."
3,H2312,H2312_T329,7821,H2312_all_pdbs/Model_1417_af3_basic_af3_seed_889884_sample_4_pred_784.cif,Model_1417_af3_basic_af3_seed_889884_sample_4_pred_784.cif,1417,AF3,af3_basic,889884,4,784,basic,,False,casp17/massivefold_external_pool_intake/h2312_t329/extracted_models/H2312_all_pdbs/Model_1417_af3_basic_af3_seed_889884_sample_4_pred_784.cif,awaiting_extract,"MassiveFold model pool index only. It parses organizer-provided external model tarball listings and stages balanced extraction/rerank candidates. These models remain external rerank and accuracy-estimation inputs, not internal predictions, not CASP submissions, and not competitive-proof evidence."
3,H2312,H2312_T329,7851,H2312_all_pdbs/Model_993_af3_basic_af3_seed_735219_sample_2_pred_577.cif,Model_993_af3_basic_af3_seed_735219_sample_2_pred_577.cif,993,AF3,af3_basic,735219,2,577,basic,,False,casp17/massivefold_external_pool_intake/h2312_t329/extracted_models/H2312_all_pdbs/Model_993_af3_basic_af3_seed_735219_sample_2_pred_577.cif,awaiting_extract,"MassiveFold model pool index only. It parses organizer-provided external model tarball listings and stages balanced extraction/rerank candidates. These models remain external rerank and accuracy-estimation inputs, not internal predictions, not CASP submissions, and not competitive-proof evidence."
3,H2312,H2312_T329,7854,H2312_all_pdbs/Model_1393_af3_basic_af3_seed_676042_sample_3_pred_198.cif,Model_1393_af3_basic_af3_seed_676042_sample_3_pred_198.cif,1393,AF3,af3_basic,676042,3,198,basic,,False,casp17/massivefold_external_pool_intake/h2312_t329/extracted_models/H2312_all_pdbs/Model_1393_af3_basic_af3_seed_676042_sample_3_pred_198.cif,awaiting_extract,"MassiveFold model pool index only. It parses organizer-provided external model tarball listings and stages balanced extraction/rerank candidates. These models remain external rerank and accuracy-estimation inputs, not internal predictions, not CASP submissions, and not competitive-proof evidence."
3,H2312,H2312_T329,7903,H2312_all_pdbs/Model_1414_af3_basic_af3_seed_88507_sample_0_pred_430.cif,Model_1414_af3_basic_af3_seed_88507_sample_0_pred_430.cif,1414,AF3,af3_basic,88507,0,430,basic,,False,casp17/massivefold_external_pool_intake/h2312_t329/extracted_models/H2312_all_pdbs/Model_1414_af3_basic_af3_seed_88507_sample_0_pred_430.cif,awaiting_extract,"MassiveFold model pool index only. It parses organizer-provided external model tarball listings and stages balanced extraction/rerank candidates. These models remain external rerank and accuracy-estimation inputs, not internal predictions, not CASP submissions, and not competitive-proof evidence."
3,H2312,H2312_T329,7913,H2312_all_pdbs/Model_3466_af3_basic_af3_seed_861500_sample_0_pred_265.cif,Model_3466_af3_basic_af3_seed_861500_sample_0_pred_265.cif,3466,AF3,af3_basic,861500,0,265,basic,,False,casp17/massivefold_external_pool_intake/h2312_t329/extracted_models/H2312_all_pdbs/Model_3466_af3_basic_af3_seed_861500_sample_0_pred_265.cif,awaiting_extract,"MassiveFold model pool index only. It parses organizer-provided external model tarball listings and stages balanced extraction/rerank candidates. These models remain external rerank and accuracy-estimation inputs, not internal predictions, not CASP submissions, and not competitive-proof evidence."
3,H2312,H2312_T329,7934,H2312_all_pdbs/Model_3541_af3_basic_af3_seed_163605_sample_1_pred_6.cif,Model_3541_af3_basic_af3_seed_163605_sample_1_pred_6.cif,3541,AF3,af3_basic,163605,1,6,basic,,False,casp17/massivefold_external_pool_intake/h2312_t329/extracted_models/H2312_all_pdbs/Model_3541_af3_basic_af3_seed_163605_sample_1_pred_6.cif,awaiting_extract,"MassiveFold model pool index only. It parses organizer-provided external model tarball listings and stages balanced extraction/rerank candidates. These models remain external rerank and accuracy-estimation inputs, not internal predictions, not CASP submissions, and not competitive-proof evidence."
3,H2312,H2312_T329,7941,H2312_all_pdbs/Model_1186_af3_basic_af3_seed_889902_sample_2_pred_872.cif,Model_1186_af3_basic_af3_seed_889902_sample_2_pred_872.cif,1186,AF3,af3_basic,889902,2,872,basic,,False,casp17/massivefold_external_pool_intake/h2312_t329/extracted_models/H2312_all_pdbs/Model_1186_af3_basic_af3_seed_889902_sample_2_pred_872.cif,awaiting_extract,"MassiveFold model pool index only. It parses organizer-provided external model tarball listings and stages balanced extraction/rerank candidates. These models remain external rerank and accuracy-estimation inputs, not internal predictions, not CASP submissions, and not competitive-proof evidence."
3,H2312,H2312_T329,7942,H2312_all_pdbs/Model_3447_af3_basic_af3_seed_861504_sample_1_pred_286.cif,Model_3447_af3_basic_af3_seed_861504_sample_1_pred_286.cif,3447,AF3,af3_basic,861504,1,286,basic,,False,casp17/massivefold_external_pool_intake/h2312_t329/extracted_models/H2312_all_pdbs/Model_3447_af3_basic_af3_seed_861504_sample_1_pred_286.cif,awaiting_extract,"MassiveFold model pool index only. It parses organizer-provided external model tarball listings and stages balanced extraction/rerank candidates. These models remain external rerank and accuracy-estimation inputs, not internal predictions, not CASP submissions, and not competitive-proof evidence."
3,H2312,H2312_T329,7944,H2312_all_pdbs/Model_1151_af3_basic_af3_seed_889899_sample_4_pred_859.cif,Model_1151_af3_basic_af3_seed_889899_sample_4_pred_859.cif,1151,AF3,af3_basic,889899,4,859,basic,,False,casp17/massivefold_external_pool_intake/h2312_t329/extracted_models/H2312_all_pdbs/Model_1151_af3_basic_af3_seed_889899_sample_4_pred_859.cif,awaiting_extract,"MassiveFold model pool index only. It parses organizer-provided external model tarball listings and stages balanced extraction/rerank candidates. These models remain external rerank and accuracy-estimation inputs, not internal predictions, not CASP submissions, and not competitive-proof evidence."
3,H2312,H2312_T329,7982,H2312_all_pdbs/Model_65_af3_basic_af3_seed_676029_sample_2_pred_132.cif,Model_65_af3_basic_af3_seed_676029_sample_2_pred_132.cif,65,AF3,af3_basic,676029,2,132,basic,68,True,casp17/massivefold_external_pool_intake/h2312_t329/extracted_models/H2312_all_pdbs/Model_65_af3_basic_af3_seed_676029_sample_2_pred_132.cif,extracted,"MassiveFold model pool index only. It parses organizer-provided external model tarball listings and stages balanced extraction/rerank candidates. These models remain external rerank and accuracy-estimation inputs, not internal predictions, not CASP submissions, and not competitive-proof evidence."
3,H2312,H2312_T329,7990,H2312_all_pdbs/Model_1080_af3_basic_af3_seed_735212_sample_2_pred_542.cif,Model_1080_af3_basic_af3_seed_735212_sample_2_pred_542.cif,1080,AF3,af3_basic,735212,2,542,basic,,False,casp17/massivefold_external_pool_intake/h2312_t329/extracted_models/H2312_all_pdbs/Model_1080_af3_basic_af3_seed_735212_sample_2_pred_542.cif,awaiting_extract,"MassiveFold model pool index only. It parses organizer-provided external model tarball listings and stages balanced extraction/rerank candidates. These models remain external rerank and accuracy-estimation inputs, not internal predictions, not CASP submissions, and not competitive-proof evidence."
3,H2312,H2312_T329,8004,H2312_all_pdbs/Model_1555_af3_basic_af3_seed_889890_sample_3_pred_813.cif,Model_1555_af3_basic_af3_seed_889890_sample_3_pred_813.cif,1555,AF3,af3_basic,889890,3,813,basic,,False,casp17/massivefold_external_pool_intake/h2312_t329/extracted_models/H2312_all_pdbs/Model_1555_af3_basic_af3_seed_889890_sample_3_pred_813.cif,awaiting_extract,"MassiveFold model pool index only. It parses organizer-provided external model tarball listings and stages balanced extraction/rerank candidates. These models remain external rerank and accuracy-estimation inputs, not internal predictions, not CASP submissions, and not competitive-proof evidence."
3,H2312,H2312_T329,8007,H2312_all_pdbs/Model_1623_af3_basic_af3_seed_163626_sample_1_pred_111.cif,Model_1623_af3_basic_af3_seed_163626_sample_1_pred_111.cif,1623,AF3,af3_basic,163626,1,111,basic,,False,casp17/massivefold_external_pool_intake/h2312_t329/extracted_models/H2312_all_pdbs/Model_1623_af3_basic_af3_seed_163626_sample_1_pred_111.cif,awaiting_extract,"MassiveFold model pool index only. It parses organizer-provided external model tarball listings and stages balanced extraction/rerank candidates. These models remain external rerank and accuracy-estimation inputs, not internal predictions, not CASP submissions, and not competitive-proof evidence."
3,H2312,H2312_T329,8022,H2312_all_pdbs/Model_1381_af3_basic_af3_seed_207352_sample_1_pred_881.cif,Model_1381_af3_basic_af3_seed_207352_sample_1_pred_881.cif,1381,AF3,af3_basic,207352,1,881,basic,,False,casp17/massivefold_external_pool_intake/h2312_t329/extracted_models/H2312_all_pdbs/Model_1381_af3_basic_af3_seed_207352_sample_1_pred_881.cif,awaiting_extract,"MassiveFold model pool index only. It parses organizer-provided external model tarball listings and stages balanced extraction/rerank candidates. These models remain external rerank and accuracy-estimation inputs, not internal predictions, not CASP submissions, and not competitive-proof evidence."
3,H2312,H2312_T329,8023,H2312_all_pdbs/Model_1320_af3_basic_af3_seed_889881_sample_3_pred_768.cif,Model_1320_af3_basic_af3_seed_889881_sample_3_pred_768.cif,1320,AF3,af3_basic,889881,3,768,basic,,False,casp17/massivefold_external_pool_intake/h2312_t329/extracted_models/H2312_all_pdbs/Model_1320_af3_basic_af3_seed_889881_sample_3_pred_768.cif,awaiting_extract,"MassiveFold model pool index only. It parses organizer-provided external model tarball listings and stages balanced extraction/rerank candidates. These models remain external rerank and accuracy-estimation inputs, not internal predictions, not CASP submissions, and not competitive-proof evidence."
3,H2312,H2312_T329,8031,H2312_all_pdbs/Model_3489_af3_basic_af3_seed_889889_sample_0_pred_805.cif,Model_3489_af3_basic_af3_seed_889889_sample_0_pred_805.cif,3489,AF3,af3_basic,889889,0,805,basic,,False,casp17/massivefold_external_pool_intake/h2312_t329/extracted_models/H2312_all_pdbs/Model_3489_af3_basic_af3_seed_889889_sample_0_pred_805.cif,awaiting_extract,"MassiveFold model pool index only. It parses organizer-provided external model tarball listings and stages balanced extraction/rerank candidates. These models remain external rerank and accuracy-estimation inputs, not internal predictions, not CASP submissions, and not competitive-proof evidence."
3,H2312,H2312_T329,8040,H2312_all_pdbs/Model_981_af3_basic_af3_seed_861505_sample_3_pred_293.cif,Model_981_af3_basic_af3_seed_861505_sample_3_pred_293.cif,981,AF3,af3_basic,861505,3,293,basic,,False,casp17/massivefold_external_pool_intake/h2312_t329/extracted_models/H2312_all_pdbs/Model_981_af3_basic_af3_seed_861505_sample_3_pred_293.cif,awaiting_extract,"MassiveFold model pool index only. It parses organizer-provided external model tarball listings and stages balanced extraction/rerank candidates. These models remain external rerank and accuracy-estimation inputs, not internal predictions, not CASP submissions, and not competitive-proof evidence."
3,H2312,H2312_T329,8051,H2312_all_pdbs/Model_3427_af3_basic_af3_seed_163615_sample_0_pred_55.cif,Model_3427_af3_basic_af3_seed_163615_sample_0_pred_55.cif,3427,AF3,af3_basic,163615,0,55,basic,,False,casp17/massivefold_external_pool_intake/h2312_t329/extracted_models/H2312_all_pdbs/Model_3427_af3_basic_af3_seed_163615_sample_0_pred_55.cif,awaiting_extract,"MassiveFold model pool index only. It parses organizer-provided external model tarball listings and stages balanced extraction/rerank candidates. These models remain external rerank and accuracy-estimation inputs, not internal predictions, not CASP submissions, and not competitive-proof evidence."
3,H2312,H2312_T329,8054,H2312_all_pdbs/Model_3488_af3_basic_af3_seed_676052_sample_0_pred_245.cif,Model_3488_af3_basic_af3_seed_676052_sample_0_pred_245.cif,3488,AF3,af3_basic,676052,0,245,basic,,False,casp17/massivefold_external_pool_intake/h2312_t329/extracted_models/H2312_all_pdbs/Model_3488_af3_basic_af3_seed_676052_sample_0_pred_245.cif,awaiting_extract,"MassiveFold model pool index only. It parses organizer-provided external model tarball listings and stages balanced extraction/rerank candidates. These models remain external rerank and accuracy-estimation inputs, not internal predictions, not CASP submissions, and not competitive-proof evidence."
3,H2312,H2312_T329,8055,H2312_all_pdbs/Model_3377_af3_basic_af3_seed_809663_sample_1_pred_636.cif,Model_3377_af3_basic_af3_seed_809663_sample_1_pred_636.cif,3377,AF3,af3_basic,809663,1,636,basic,,False,casp17/massivefold_external_pool_intake/h2312_t329/extracted_models/H2312_all_pdbs/Model_3377_af3_basic_af3_seed_809663_sample_1_pred_636.cif,awaiting_extract,"MassiveFold model pool index only. It parses organizer-provided external model tarball listings and stages balanced extraction/rerank candidates. These models remain external rerank and accuracy-estimation inputs, not internal predictions, not CASP submissions, and not competitive-proof evidence."
3,H2312,H2312_T329,8057,H2312_all_pdbs/Model_1574_af3_basic_af3_seed_735218_sample_0_pred_570.cif,Model_1574_af3_basic_af3_seed_735218_sample_0_pred_570.cif,1574,AF3,af3_basic,735218,0,570,basic,,False,casp17/massivefold_external_pool_intake/h2312_t329/extracted_models/H2312_all_pdbs/Model_1574_af3_basic_af3_seed_735218_sample_0_pred_570.cif,awaiting_extract,"MassiveFold model pool index only. It parses organizer-provided external model tarball listings and stages balanced extraction/rerank candidates. These models remain external rerank and accuracy-estimation inputs, not internal predictions, not CASP submissions, and not competitive-proof evidence."
3,H2312,H2312_T329,8069,H2312_all_pdbs/Model_1538_af3_basic_af3_seed_809673_sample_4_pred_689.cif,Model_1538_af3_basic_af3_seed_809673_sample_4_pred_689.cif,1538,AF3,af3_basic,809673,4,689,basic,,False,casp17/massivefold_external_pool_intake/h2312_t329/extracted_models/H2312_all_pdbs/Model_1538_af3_basic_af3_seed_809673_sample_4_pred_689.cif,awaiting_extract,"MassiveFold model pool index only. It parses organizer-provided external model tarball listings and stages balanced extraction/rerank candidates. These models remain external rerank and accuracy-estimation inputs, not internal predictions, not CASP submissions, and not competitive-proof evidence."
3,H2312,H2312_T329,8071,H2312_all_pdbs/Model_3334_af3_basic_af3_seed_207374_sample_1_pred_991.cif,Model_3334_af3_basic_af3_seed_207374_sample_1_pred_991.cif,3334,AF3,af3_basic,207374,1,991,basic,,False,casp17/massivefold_external_pool_intake/h2312_t329/extracted_models/H2312_all_pdbs/Model_3334_af3_basic_af3_seed_207374_sample_1_pred_991.cif,awaiting_extract,"MassiveFold model pool index only. It parses organizer-provided external model tarball listings and stages balanced extraction/rerank candidates. These models remain external rerank and accuracy-estimation inputs, not internal predictions, not CASP submissions, and not competitive-proof evidence."
3,H2312,H2312_T329,8093,H2312_all_pdbs/Model_1407_af3_basic_af3_seed_163617_sample_2_pred_67.cif,Model_1407_af3_basic_af3_seed_163617_sample_2_pred_67.cif,1407,AF3,af3_basic,163617,2,67,basic,,False,casp17/massivefold_external_pool_intake/h2312_t329/extracted_models/H2312_all_pdbs/Model_1407_af3_basic_af3_seed_163617_sample_2_pred_67.cif,awaiting_extract,"MassiveFold model pool index only. It parses organizer-provided external model tarball listings and stages balanced extraction/rerank candidates. These models remain external rerank and accuracy-estimation inputs, not internal predictions, not CASP submissions, and not competitive-proof evidence."
3,H2312,H2312_T329,8109,H2312_all_pdbs/Model_4276_af3_basic_af3_seed_889888_sample_2_pred_802.cif,Model_4276_af3_basic_af3_seed_889888_sample_2_pred_802.cif,4276,AF3,af3_basic,889888,2,802,basic,,False,casp17/massivefold_external_pool_intake/h2312_t329/extracted_models/H2312_all_pdbs/Model_4276_af3_basic_af3_seed_889888_sample_2_pred_802.cif,awaiting_extract,"MassiveFold model pool index only. It parses organizer-provided external model tarball listings and stages balanced extraction/rerank candidates. These models remain external rerank and accuracy-estimation inputs, not internal predictions, not CASP submissions, and not competitive-proof evidence."
3,H2312,H2312_T329,8122,H2312_all_pdbs/Model_1276_af3_basic_af3_seed_163614_sample_3_pred_53.cif,Model_1276_af3_basic_af3_seed_163614_sample_3_pred_53.cif,1276,AF3,af3_basic,163614,3,53,basic,,False,casp17/massivefold_external_pool_intake/h2312_t329/extracted_models/H2312_all_pdbs/Model_1276_af3_basic_af3_seed_163614_sample_3_pred_53.cif,awaiting_extract,"MassiveFold model pool index only. It parses organizer-provided external model tarball listings and stages balanced extraction/rerank candidates. These models remain external rerank and accuracy-estimation inputs, not internal predictions, not CASP submissions, and not competitive-proof evidence."
3,H2312,H2312_T329,8124,H2312_all_pdbs/Model_1158_af3_basic_af3_seed_861498_sample_0_pred_255.cif,Model_1158_af3_basic_af3_seed_861498_sample_0_pred_255.cif,1158,AF3,af3_basic,861498,0,255,basic,,False,casp17/massivefold_external_pool_intake/h2312_t329/extracted_models/H2312_all_pdbs/Model_1158_af3_basic_af3_seed_861498_sample_0_pred_255.cif,awaiting_extract,"MassiveFold model pool index only. It parses organizer-provided external model tarball listings and stages balanced extraction/rerank candidates. These models remain external rerank and accuracy-estimation inputs, not internal predictions, not CASP submissions, and not competitive-proof evidence."
3,H2312,H2312_T329,8128,H2312_all_pdbs/Model_3517_af3_basic_af3_seed_163615_sample_2_pred_57.cif,Model_3517_af3_basic_af3_seed_163615_sample_2_pred_57.cif,3517,AF3,af3_basic,163615,2,57,basic,,False,casp17/massivefold_external_pool_intake/h2312_t329/extracted_models/H2312_all_pdbs/Model_3517_af3_basic_af3_seed_163615_sample_2_pred_57.cif,awaiting_extract,"MassiveFold model pool index only. It parses organizer-provided external model tarball listings and stages balanced extraction/rerank candidates. These models remain external rerank and accuracy-estimation inputs, not internal predictions, not CASP submissions, and not competitive-proof evidence."
3,H2312,H2312_T329,8133,H2312_all_pdbs/Model_1190_af3_basic_af3_seed_861510_sample_0_pred_315.cif,Model_1190_af3_basic_af3_seed_861510_sample_0_pred_315.cif,1190,AF3,af3_basic,861510,0,315,basic,,False,casp17/massivefold_external_pool_intake/h2312_t329/extracted_models/H2312_all_pdbs/Model_1190_af3_basic_af3_seed_861510_sample_0_pred_315.cif,awaiting_extract,"MassiveFold model pool index only. It parses organizer-provided external model tarball listings and stages balanced extraction/rerank candidates. These models remain external rerank and accuracy-estimation inputs, not internal predictions, not CASP submissions, and not competitive-proof evidence."
3,H2312,H2312_T329,8169,H2312_all_pdbs/Model_1514_af3_basic_af3_seed_889894_sample_2_pred_832.cif,Model_1514_af3_basic_af3_seed_889894_sample_2_pred_832.cif,1514,AF3,af3_basic,889894,2,832,basic,,False,casp17/massivefold_external_pool_intake/h2312_t329/extracted_models/H2312_all_pdbs/Model_1514_af3_basic_af3_seed_889894_sample_2_pred_832.cif,awaiting_extract,"MassiveFold model pool index only. It parses organizer-provided external model tarball listings and stages balanced extraction/rerank candidates. These models remain external rerank and accuracy-estimation inputs, not internal predictions, not CASP submissions, and not competitive-proof evidence."
3,H2312,H2312_T329,8170,H2312_all_pdbs/Model_3420_af3_basic_af3_seed_88498_sample_0_pred_385.cif,Model_3420_af3_basic_af3_seed_88498_sample_0_pred_385.cif,3420,AF3,af3_basic,88498,0,385,basic,,False,casp17/massivefold_external_pool_intake/h2312_t329/extracted_models/H2312_all_pdbs/Model_3420_af3_basic_af3_seed_88498_sample_0_pred_385.cif,awaiting_extract,"MassiveFold model pool index only. It parses organizer-provided external model tarball listings and stages balanced extraction/rerank candidates. These models remain external rerank and accuracy-estimation inputs, not internal predictions, not CASP submissions, and not competitive-proof evidence."
3,H2312,H2312_T329,8178,H2312_all_pdbs/Model_1225_af3_basic_af3_seed_735207_sample_1_pred_516.cif,Model_1225_af3_basic_af3_seed_735207_sample_1_pred_516.cif,1225,AF3,af3_basic,735207,1,516,basic,,False,casp17/massivefold_external_pool_intake/h2312_t329/extracted_models/H2312_all_pdbs/Model_1225_af3_basic_af3_seed_735207_sample_1_pred_516.cif,awaiting_extract,"MassiveFold model pool index only. It parses organizer-provided external model tarball listings and stages balanced extraction/rerank candidates. These models remain external rerank and accuracy-estimation inputs, not internal predictions, not CASP submissions, and not competitive-proof evidence."
3,H2312,H2312_T329,8182,H2312_all_pdbs/Model_1031_af3_basic_af3_seed_889891_sample_2_pred_817.cif,Model_1031_af3_basic_af3_seed_889891_sample_2_pred_817.cif,1031,AF3,af3_basic,889891,2,817,basic,,False,casp17/massivefold_external_pool_intake/h2312_t329/extracted_models/H2312_all_pdbs/Model_1031_af3_basic_af3_seed_889891_sample_2_pred_817.cif,awaiting_extract,"MassiveFold model pool index only. It parses organizer-provided external model tarball listings and stages balanced extraction/rerank candidates. These models remain external rerank and accuracy-estimation inputs, not internal predictions, not CASP submissions, and not competitive-proof evidence."
3,H2312,H2312_T329,8241,H2312_all_pdbs/Model_1513_af3_basic_af3_seed_207357_sample_4_pred_909.cif,Model_1513_af3_basic_af3_seed_207357_sample_4_pred_909.cif,1513,AF3,af3_basic,207357,4,909,basic,,False,casp17/massivefold_external_pool_intake/h2312_t329/extracted_models/H2312_all_pdbs/Model_1513_af3_basic_af3_seed_207357_sample_4_pred_909.cif,awaiting_extract,"MassiveFold model pool index only. It parses organizer-provided external model tarball listings and stages balanced extraction/rerank candidates. These models remain external rerank and accuracy-estimation inputs, not internal predictions, not CASP submissions, and not competitive-proof evidence."
3,H2312,H2312_T329,8337,H2312_all_pdbs/Model_1356_af3_basic_af3_seed_735212_sample_3_pred_543.cif,Model_1356_af3_basic_af3_seed_735212_sample_3_pred_543.cif,1356,AF3,af3_basic,735212,3,543,basic,,False,casp17/massivefold_external_pool_intake/h2312_t329/extracted_models/H2312_all_pdbs/Model_1356_af3_basic_af3_seed_735212_sample_3_pred_543.cif,awaiting_extract,"MassiveFold model pool index only. It parses organizer-provided external model tarball listings and stages balanced extraction/rerank candidates. These models remain external rerank and accuracy-estimation inputs, not internal predictions, not CASP submissions, and not competitive-proof evidence."
3,H2312,H2312_T329,8352,H2312_all_pdbs/Model_3328_af3_basic_af3_seed_861509_sample_4_pred_314.cif,Model_3328_af3_basic_af3_seed_861509_sample_4_pred_314.cif,3328,AF3,af3_basic,861509,4,314,basic,,False,casp17/massivefold_external_pool_intake/h2312_t329/extracted_models/H2312_all_pdbs/Model_3328_af3_basic_af3_seed_861509_sample_4_pred_314.cif,awaiting_extract,"MassiveFold model pool index only. It parses organizer-provided external model tarball listings and stages balanced extraction/rerank candidates. These models remain external rerank and accuracy-estimation inputs, not internal predictions, not CASP submissions, and not competitive-proof evidence."
3,H2312,H2312_T329,8367,H2312_all_pdbs/Model_1528_af3_basic_af3_seed_735221_sample_2_pred_587.cif,Model_1528_af3_basic_af3_seed_735221_sample_2_pred_587.cif,1528,AF3,af3_basic,735221,2,587,basic,,False,casp17/massivefold_external_pool_intake/h2312_t329/extracted_models/H2312_all_pdbs/Model_1528_af3_basic_af3_seed_735221_sample_2_pred_587.cif,awaiting_extract,"MassiveFold model pool index only. It parses organizer-provided external model tarball listings and stages balanced extraction/rerank candidates. These models remain external rerank and accuracy-estimation inputs, not internal predictions, not CASP submissions, and not competitive-proof evidence."
3,H2312,H2312_T329,8379,H2312_all_pdbs/Model_1560_af3_basic_af3_seed_809672_sample_0_pred_680.cif,Model_1560_af3_basic_af3_seed_809672_sample_0_pred_680.cif,1560,AF3,af3_basic,809672,0,680,basic,,False,casp17/massivefold_external_pool_intake/h2312_t329/extracted_models/H2312_all_pdbs/Model_1560_af3_basic_af3_seed_809672_sample_0_pred_680.cif,awaiting_extract,"MassiveFold model pool index only. It parses organizer-provided external model tarball listings and stages balanced extraction/rerank candidates. These models remain external rerank and accuracy-estimation inputs, not internal predictions, not CASP submissions, and not competitive-proof evidence."
3,H2312,H2312_T329,8395,H2312_all_pdbs/Model_4261_af3_basic_af3_seed_88515_sample_0_pred_470.cif,Model_4261_af3_basic_af3_seed_88515_sample_0_pred_470.cif,4261,AF3,af3_basic,88515,0,470,basic,,False,casp17/massivefold_external_pool_intake/h2312_t329/extracted_models/H2312_all_pdbs/Model_4261_af3_basic_af3_seed_88515_sample_0_pred_470.cif,awaiting_extract,"MassiveFold model pool index only. It parses organizer-provided external model tarball listings and stages balanced extraction/rerank candidates. These models remain external rerank and accuracy-estimation inputs, not internal predictions, not CASP submissions, and not competitive-proof evidence."
3,H2312,H2312_T329,8403,H2312_all_pdbs/Model_3384_af3_basic_af3_seed_861510_sample_4_pred_319.cif,Model_3384_af3_basic_af3_seed_861510_sample_4_pred_319.cif,3384,AF3,af3_basic,861510,4,319,basic,,False,casp17/massivefold_external_pool_intake/h2312_t329/extracted_models/H2312_all_pdbs/Model_3384_af3_basic_af3_seed_861510_sample_4_pred_319.cif,awaiting_extract,"MassiveFold model pool index only. It parses organizer-provided external model tarball listings and stages balanced extraction/rerank candidates. These models remain external rerank and accuracy-estimation inputs, not internal predictions, not CASP submissions, and not competitive-proof evidence."
3,H2312,H2312_T329,8407,H2312_all_pdbs/Model_968_af3_basic_af3_seed_861505_sample_0_pred_290.cif,Model_968_af3_basic_af3_seed_861505_sample_0_pred_290.cif,968,AF3,af3_basic,861505,0,290,basic,,False,casp17/massivefold_external_pool_intake/h2312_t329/extracted_models/H2312_all_pdbs/Model_968_af3_basic_af3_seed_861505_sample_0_pred_290.cif,awaiting_extract,"MassiveFold model pool index only. It parses organizer-provided external model tarball listings and stages balanced extraction/rerank candidates. These models remain external rerank and accuracy-estimation inputs, not internal predictions, not CASP submissions, and not competitive-proof evidence."
3,H2312,H2312_T329,8432,H2312_all_pdbs/Model_3463_af3_basic_af3_seed_88500_sample_2_pred_397.cif,Model_3463_af3_basic_af3_seed_88500_sample_2_pred_397.cif,3463,AF3,af3_basic,88500,2,397,basic,,False,casp17/massivefold_external_pool_intake/h2312_t329/extracted_models/H2312_all_pdbs/Model_3463_af3_basic_af3_seed_88500_sample_2_pred_397.cif,awaiting_extract,"MassiveFold model pool index only. It parses organizer-provided external model tarball listings and stages balanced extraction/rerank candidates. These models remain external rerank and accuracy-estimation inputs, not internal predictions, not CASP submissions, and not competitive-proof evidence."
3,H2312,H2312_T329,8434,H2312_all_pdbs/Model_3452_af3_basic_af3_seed_735208_sample_1_pred_521.cif,Model_3452_af3_basic_af3_seed_735208_sample_1_pred_521.cif,3452,AF3,af3_basic,735208,1,521,basic,,False,casp17/massivefold_external_pool_intake/h2312_t329/extracted_models/H2312_all_pdbs/Model_3452_af3_basic_af3_seed_735208_sample_1_pred_521.cif,awaiting_extract,"MassiveFold model pool index only. It parses organizer-provided external model tarball listings and stages balanced extraction/rerank candidates. These models remain external rerank and accuracy-estimation inputs, not internal predictions, not CASP submissions, and not competitive-proof evidence."
3,H2312,H2312_T329,8438,H2312_all_pdbs/Model_1239_af3_basic_af3_seed_163618_sample_2_pred_72.cif,Model_1239_af3_basic_af3_seed_163618_sample_2_pred_72.cif,1239,AF3,af3_basic,163618,2,72,basic,,False,casp17/massivefold_external_pool_intake/h2312_t329/extracted_models/H2312_all_pdbs/Model_1239_af3_basic_af3_seed_163618_sample_2_pred_72.cif,awaiting_extract,"MassiveFold model pool index only. It parses organizer-provided external model tarball listings and stages balanced extraction/rerank candidates. These models remain external rerank and accuracy-estimation inputs, not internal predictions, not CASP submissions, and not competitive-proof evidence."
3,H2312,H2312_T329,8450,H2312_all_pdbs/Model_4274_af3_basic_af3_seed_889886_sample_3_pred_793.cif,Model_4274_af3_basic_af3_seed_889886_sample_3_pred_793.cif,4274,AF3,af3_basic,889886,3,793,basic,,False,casp17/massivefold_external_pool_intake/h2312_t329/extracted_models/H2312_all_pdbs/Model_4274_af3_basic_af3_seed_889886_sample_3_pred_793.cif,awaiting_extract,"MassiveFold model pool index only. It parses organizer-provided external model tarball listings and stages balanced extraction/rerank candidates. These models remain external rerank and accuracy-estimation inputs, not internal predictions, not CASP submissions, and not competitive-proof evidence."
3,H2312,H2312_T329,8475,H2312_all_pdbs/Model_1520_af3_basic_af3_seed_676049_sample_2_pred_232.cif,Model_1520_af3_basic_af3_seed_676049_sample_2_pred_232.cif,1520,AF3,af3_basic,676049,2,232,basic,,False,casp17/massivefold_external_pool_intake/h2312_t329/extracted_models/H2312_all_pdbs/Model_1520_af3_basic_af3_seed_676049_sample_2_pred_232.cif,awaiting_extract,"MassiveFold model pool index only. It parses organizer-provided external model tarball listings and stages balanced extraction/rerank candidates. These models remain external rerank and accuracy-estimation inputs, not internal predictions, not CASP submissions, and not competitive-proof evidence."
3,H2312,H2312_T329,8505,H2312_all_pdbs/Model_3318_af3_basic_af3_seed_889898_sample_2_pred_852.cif,Model_3318_af3_basic_af3_seed_889898_sample_2_pred_852.cif,3318,AF3,af3_basic,889898,2,852,basic,,False,casp17/massivefold_external_pool_intake/h2312_t329/extracted_models/H2312_all_pdbs/Model_3318_af3_basic_af3_seed_889898_sample_2_pred_852.cif,awaiting_extract,"MassiveFold model pool index only. It parses organizer-provided external model tarball listings and stages balanced extraction/rerank candidates. These models remain external rerank and accuracy-estimation inputs, not internal predictions, not CASP submissions, and not competitive-proof evidence."
3,H2312,H2312_T329,8518,H2312_all_pdbs/Model_1002_af3_basic_af3_seed_809679_sample_0_pred_715.cif,Model_1002_af3_basic_af3_seed_809679_sample_0_pred_715.cif,1002,AF3,af3_basic,809679,0,715,basic,,False,casp17/massivefold_external_pool_intake/h2312_t329/extracted_models/H2312_all_pdbs/Model_1002_af3_basic_af3_seed_809679_sample_0_pred_715.cif,awaiting_extract,"MassiveFold model pool index only. It parses organizer-provided external model tarball listings and stages balanced extraction/rerank candidates. These models remain external rerank and accuracy-estimation inputs, not internal predictions, not CASP submissions, and not competitive-proof evidence."
3,H2312,H2312_T329,8539,H2312_all_pdbs/Model_1508_af3_basic_af3_seed_88514_sample_1_pred_466.cif,Model_1508_af3_basic_af3_seed_88514_sample_1_pred_466.cif,1508,AF3,af3_basic,88514,1,466,basic,,False,casp17/massivefold_external_pool_intake/h2312_t329/extracted_models/H2312_all_pdbs/Model_1508_af3_basic_af3_seed_88514_sample_1_pred_466.cif,awaiting_extract,"MassiveFold model pool index only. It parses organizer-provided external model tarball listings and stages balanced extraction/rerank candidates. These models remain external rerank and accuracy-estimation inputs, not internal predictions, not CASP submissions, and not competitive-proof evidence."
3,H2312,H2312_T329,8553,H2312_all_pdbs/Model_3320_af3_basic_af3_seed_207368_sample_1_pred_961.cif,Model_3320_af3_basic_af3_seed_207368_sample_1_pred_961.cif,3320,AF3,af3_basic,207368,1,961,basic,,False,casp17/massivefold_external_pool_intake/h2312_t329/extracted_models/H2312_all_pdbs/Model_3320_af3_basic_af3_seed_207368_sample_1_pred_961.cif,awaiting_extract,"MassiveFold model pool index only. It parses organizer-provided external model tarball listings and stages balanced extraction/rerank candidates. These models remain external rerank and accuracy-estimation inputs, not internal predictions, not CASP submissions, and not competitive-proof evidence."
3,H2312,H2312_T329,8571,H2312_all_pdbs/Model_1054_af3_basic_af3_seed_735214_sample_2_pred_552.cif,Model_1054_af3_basic_af3_seed_735214_sample_2_pred_552.cif,1054,AF3,af3_basic,735214,2,552,basic,,False,casp17/massivefold_external_pool_intake/h2312_t329/extracted_models/H2312_all_pdbs/Model_1054_af3_basic_af3_seed_735214_sample_2_pred_552.cif,awaiting_extract,"MassiveFold model pool index only. It parses organizer-provided external model tarball listings and stages balanced extraction/rerank candidates. These models remain external rerank and accuracy-estimation inputs, not internal predictions, not CASP submissions, and not competitive-proof evidence."
3,H2312,H2312_T329,8587,H2312_all_pdbs/Model_3562_af3_basic_af3_seed_889878_sample_0_pred_750.cif,Model_3562_af3_basic_af3_seed_889878_sample_0_pred_750.cif,3562,AF3,af3_basic,889878,0,750,basic,,False,casp17/massivefold_external_pool_intake/h2312_t329/extracted_models/H2312_all_pdbs/Model_3562_af3_basic_af3_seed_889878_sample_0_pred_750.cif,awaiting_extract,"MassiveFold model pool index only. It parses organizer-provided external model tarball listings and stages balanced extraction/rerank candidates. These models remain external rerank and accuracy-estimation inputs, not internal predictions, not CASP submissions, and not competitive-proof evidence."
3,H2312,H2312_T329,8591,H2312_all_pdbs/Model_1448_af3_basic_af3_seed_88508_sample_2_pred_437.cif,Model_1448_af3_basic_af3_seed_88508_sample_2_pred_437.cif,1448,AF3,af3_basic,88508,2,437,basic,,False,casp17/massivefold_external_pool_intake/h2312_t329/extracted_models/H2312_all_pdbs/Model_1448_af3_basic_af3_seed_88508_sample_2_pred_437.cif,awaiting_extract,"MassiveFold model pool index only. It parses organizer-provided external model tarball listings and stages balanced extraction/rerank candidates. These models remain external rerank and accuracy-estimation inputs, not internal predictions, not CASP submissions, and not competitive-proof evidence."
3,H2312,H2312_T329,8600,H2312_all_pdbs/Model_1377_af3_basic_af3_seed_163607_sample_4_pred_19.cif,Model_1377_af3_basic_af3_seed_163607_sample_4_pred_19.cif,1377,AF3,af3_basic,163607,4,19,basic,,False,casp17/massivefold_external_pool_intake/h2312_t329/extracted_models/H2312_all_pdbs/Model_1377_af3_basic_af3_seed_163607_sample_4_pred_19.cif,awaiting_extract,"MassiveFold model pool index only. It parses organizer-provided external model tarball listings and stages balanced extraction/rerank candidates. These models remain external rerank and accuracy-estimation inputs, not internal predictions, not CASP submissions, and not competitive-proof evidence."
3,H2312,H2312_T329,8650,H2312_all_pdbs/Model_1110_af3_basic_af3_seed_809663_sample_4_pred_639.cif,Model_1110_af3_basic_af3_seed_809663_sample_4_pred_639.cif,1110,AF3,af3_basic,809663,4,639,basic,,False,casp17/massivefold_external_pool_intake/h2312_t329/extracted_models/H2312_all_pdbs/Model_1110_af3_basic_af3_seed_809663_sample_4_pred_639.cif,awaiting_extract,"MassiveFold model pool index only. It parses organizer-provided external model tarball listings and stages balanced extraction/rerank candidates. These models remain external rerank and accuracy-estimation inputs, not internal predictions, not CASP submissions, and not competitive-proof evidence."
3,H2312,H2312_T329,8696,H2312_all_pdbs/Model_1571_af3_basic_af3_seed_163605_sample_2_pred_7.cif,Model_1571_af3_basic_af3_seed_163605_sample_2_pred_7.cif,1571,AF3,af3_basic,163605,2,7,basic,,False,casp17/massivefold_external_pool_intake/h2312_t329/extracted_models/H2312_all_pdbs/Model_1571_af3_basic_af3_seed_163605_sample_2_pred_7.cif,awaiting_extract,"MassiveFold model pool index only. It parses organizer-provided external model tarball listings and stages balanced extraction/rerank candidates. These models remain external rerank and accuracy-estimation inputs, not internal predictions, not CASP submissions, and not competitive-proof evidence."
3,H2312,H2312_T329,8704,H2312_all_pdbs/Model_1134_af3_basic_af3_seed_809661_sample_3_pred_628.cif,Model_1134_af3_basic_af3_seed_809661_sample_3_pred_628.cif,1134,AF3,af3_basic,809661,3,628,basic,,False,casp17/massivefold_external_pool_intake/h2312_t329/extracted_models/H2312_all_pdbs/Model_1134_af3_basic_af3_seed_809661_sample_3_pred_628.cif,awaiting_extract,"MassiveFold model pool index only. It parses organizer-provided external model tarball listings and stages balanced extraction/rerank candidates. These models remain external rerank and accuracy-estimation inputs, not internal predictions, not CASP submissions, and not competitive-proof evidence."
3,H2312,H2312_T329,8712,H2312_all_pdbs/Model_1170_af3_basic_af3_seed_735223_sample_4_pred_599.cif,Model_1170_af3_basic_af3_seed_735223_sample_4_pred_599.cif,1170,AF3,af3_basic,735223,4,599,basic,,False,casp17/massivefold_external_pool_intake/h2312_t329/extracted_models/H2312_all_pdbs/Model_1170_af3_basic_af3_seed_735223_sample_4_pred_599.cif,awaiting_extract,"MassiveFold model pool index only. It parses organizer-provided external model tarball listings and stages balanced extraction/rerank candidates. These models remain external rerank and accuracy-estimation inputs, not internal predictions, not CASP submissions, and not competitive-proof evidence."
3,H2312,H2312_T329,8719,H2312_all_pdbs/Model_1316_af3_basic_af3_seed_889880_sample_1_pred_761.cif,Model_1316_af3_basic_af3_seed_889880_sample_1_pred_761.cif,1316,AF3,af3_basic,889880,1,761,basic,,False,casp17/massivefold_external_pool_intake/h2312_t329/extracted_models/H2312_all_pdbs/Model_1316_af3_basic_af3_seed_889880_sample_1_pred_761.cif,awaiting_extract,"MassiveFold model pool index only. It parses organizer-provided external model tarball listings and stages balanced extraction/rerank candidates. These models remain external rerank and accuracy-estimation inputs, not internal predictions, not CASP submissions, and not competitive-proof evidence."
3,H2312,H2312_T329,8740,H2312_all_pdbs/Model_1533_af3_basic_af3_seed_889881_sample_0_pred_765.cif,Model_1533_af3_basic_af3_seed_889881_sample_0_pred_765.cif,1533,AF3,af3_basic,889881,0,765,basic,,False,casp17/massivefold_external_pool_intake/h2312_t329/extracted_models/H2312_all_pdbs/Model_1533_af3_basic_af3_seed_889881_sample_0_pred_765.cif,awaiting_extract,"MassiveFold model pool index only. It parses organizer-provided external model tarball listings and stages balanced extraction/rerank candidates. These models remain external rerank and accuracy-estimation inputs, not internal predictions, not CASP submissions, and not competitive-proof evidence."
3,H2312,H2312_T329,8744,H2312_all_pdbs/Model_1456_af3_basic_af3_seed_88520_sample_3_pred_498.cif,Model_1456_af3_basic_af3_seed_88520_sample_3_pred_498.cif,1456,AF3,af3_basic,88520,3,498,basic,,False,casp17/massivefold_external_pool_intake/h2312_t329/extracted_models/H2312_all_pdbs/Model_1456_af3_basic_af3_seed_88520_sample_3_pred_498.cif,awaiting_extract,"MassiveFold model pool index only. It parses organizer-provided external model tarball listings and stages balanced extraction/rerank candidates. These models remain external rerank and accuracy-estimation inputs, not internal predictions, not CASP submissions, and not competitive-proof evidence."
3,H2312,H2312_T329,8747,H2312_all_pdbs/Model_1313_af3_basic_af3_seed_88504_sample_3_pred_418.cif,Model_1313_af3_basic_af3_seed_88504_sample_3_pred_418.cif,1313,AF3,af3_basic,88504,3,418,basic,,False,casp17/massivefold_external_pool_intake/h2312_t329/extracted_models/H2312_all_pdbs/Model_1313_af3_basic_af3_seed_88504_sample_3_pred_418.cif,awaiting_extract,"MassiveFold model pool index only. It parses organizer-provided external model tarball listings and stages balanced extraction/rerank candidates. These models remain external rerank and accuracy-estimation inputs, not internal predictions, not CASP submissions, and not competitive-proof evidence."
3,H2312,H2312_T329,8753,H2312_all_pdbs/Model_1108_af3_basic_af3_seed_88513_sample_2_pred_462.cif,Model_1108_af3_basic_af3_seed_88513_sample_2_pred_462.cif,1108,AF3,af3_basic,88513,2,462,basic,,False,casp17/massivefold_external_pool_intake/h2312_t329/extracted_models/H2312_all_pdbs/Model_1108_af3_basic_af3_seed_88513_sample_2_pred_462.cif,awaiting_extract,"MassiveFold model pool index only. It parses organizer-provided external model tarball listings and stages balanced extraction/rerank candidates. These models remain external rerank and accuracy-estimation inputs, not internal predictions, not CASP submissions, and not competitive-proof evidence."
3,H2312,H2312_T329,8771,H2312_all_pdbs/Model_1420_af3_basic_af3_seed_861511_sample_4_pred_324.cif,Model_1420_af3_basic_af3_seed_861511_sample_4_pred_324.cif,1420,AF3,af3_basic,861511,4,324,basic,,False,casp17/massivefold_external_pool_intake/h2312_t329/extracted_models/H2312_all_pdbs/Model_1420_af3_basic_af3_seed_861511_sample_4_pred_324.cif,awaiting_extract,"MassiveFold model pool index only. It parses organizer-provided external model tarball listings and stages balanced extraction/rerank candidates. These models remain external rerank and accuracy-estimation inputs, not internal predictions, not CASP submissions, and not competitive-proof evidence."
3,H2312,H2312_T329,8783,H2312_all_pdbs/Model_1509_af3_basic_af3_seed_809661_sample_0_pred_625.cif,Model_1509_af3_basic_af3_seed_809661_sample_0_pred_625.cif,1509,AF3,af3_basic,809661,0,625,basic,,False,casp17/massivefold_external_pool_intake/h2312_t329/extracted_models/H2312_all_pdbs/Model_1509_af3_basic_af3_seed_809661_sample_0_pred_625.cif,awaiting_extract,"MassiveFold model pool index only. It parses organizer-provided external model tarball listings and stages balanced extraction/rerank candidates. These models remain external rerank and accuracy-estimation inputs, not internal predictions, not CASP submissions, and not competitive-proof evidence."
3,H2312,H2312_T329,8784,H2312_all_pdbs/Model_3407_af3_basic_af3_seed_207351_sample_3_pred_878.cif,Model_3407_af3_basic_af3_seed_207351_sample_3_pred_878.cif,3407,AF3,af3_basic,207351,3,878,basic,,False,casp17/massivefold_external_pool_intake/h2312_t329/extracted_models/H2312_all_pdbs/Model_3407_af3_basic_af3_seed_207351_sample_3_pred_878.cif,awaiting_extract,"MassiveFold model pool index only. It parses organizer-provided external model tarball listings and stages balanced extraction/rerank candidates. These models remain external rerank and accuracy-estimation inputs, not internal predictions, not CASP submissions, and not competitive-proof evidence."
3,H2312,H2312_T329,8799,H2312_all_pdbs/Model_8912_af3_basic_af3_seed_88519_sample_3_pred_493.cif,Model_8912_af3_basic_af3_seed_88519_sample_3_pred_493.cif,8912,AF3,af3_basic,88519,3,493,basic,,False,casp17/massivefold_external_pool_intake/h2312_t329/extracted_models/H2312_all_pdbs/Model_8912_af3_basic_af3_seed_88519_sample_3_pred_493.cif,awaiting_extract,"MassiveFold model pool index only. It parses organizer-provided external model tarball listings and stages balanced extraction/rerank candidates. These models remain external rerank and accuracy-estimation inputs, not internal predictions, not CASP submissions, and not competitive-proof evidence."
3,H2312,H2312_T329,8811,H2312_all_pdbs/Model_3513_af3_basic_af3_seed_889895_sample_3_pred_838.cif,Model_3513_af3_basic_af3_seed_889895_sample_3_pred_838.cif,3513,AF3,af3_basic,889895,3,838,basic,,False,casp17/massivefold_external_pool_intake/h2312_t329/extracted_models/H2312_all_pdbs/Model_3513_af3_basic_af3_seed_889895_sample_3_pred_838.cif,awaiting_extract,"MassiveFold model pool index only. It parses organizer-provided external model tarball listings and stages balanced extraction/rerank candidates. These models remain external rerank and accuracy-estimation inputs, not internal predictions, not CASP submissions, and not competitive-proof evidence."
3,H2312,H2312_T329,8814,H2312_all_pdbs/Model_1028_af3_basic_af3_seed_735209_sample_4_pred_529.cif,Model_1028_af3_basic_af3_seed_735209_sample_4_pred_529.cif,1028,AF3,af3_basic,735209,4,529,basic,,False,casp17/massivefold_external_pool_intake/h2312_t329/extracted_models/H2312_all_pdbs/Model_1028_af3_basic_af3_seed_735209_sample_4_pred_529.cif,awaiting_extract,"MassiveFold model pool index only. It parses organizer-provided external model tarball listings and stages balanced extraction/rerank candidates. These models remain external rerank and accuracy-estimation inputs, not internal predictions, not CASP submissions, and not competitive-proof evidence."
3,H2312,H2312_T329,8834,H2312_all_pdbs/Model_1529_af3_basic_af3_seed_163625_sample_3_pred_108.cif,Model_1529_af3_basic_af3_seed_163625_sample_3_pred_108.cif,1529,AF3,af3_basic,163625,3,108,basic,,False,casp17/massivefold_external_pool_intake/h2312_t329/extracted_models/H2312_all_pdbs/Model_1529_af3_basic_af3_seed_163625_sample_3_pred_108.cif,awaiting_extract,"MassiveFold model pool index only. It parses organizer-provided external model tarball listings and stages balanced extraction/rerank candidates. These models remain external rerank and accuracy-estimation inputs, not internal predictions, not CASP submissions, and not competitive-proof evidence."
3,H2312,H2312_T329,8844,H2312_all_pdbs/Model_1339_af3_basic_af3_seed_889897_sample_1_pred_846.cif,Model_1339_af3_basic_af3_seed_889897_sample_1_pred_846.cif,1339,AF3,af3_basic,889897,1,846,basic,,False,casp17/massivefold_external_pool_intake/h2312_t329/extracted_models/H2312_all_pdbs/Model_1339_af3_basic_af3_seed_889897_sample_1_pred_846.cif,awaiting_extract,"MassiveFold model pool index only. It parses organizer-provided external model tarball listings and stages balanced extraction/rerank candidates. These models remain external rerank and accuracy-estimation inputs, not internal predictions, not CASP submissions, and not competitive-proof evidence."
3,H2312,H2312_T329,8859,H2312_all_pdbs/Model_1435_af3_basic_af3_seed_207353_sample_1_pred_886.cif,Model_1435_af3_basic_af3_seed_207353_sample_1_pred_886.cif,1435,AF3,af3_basic,207353,1,886,basic,,False,casp17/massivefold_external_pool_intake/h2312_t329/extracted_models/H2312_all_pdbs/Model_1435_af3_basic_af3_seed_207353_sample_1_pred_886.cif,awaiting_extract,"MassiveFold model pool index only. It parses organizer-provided external model tarball listings and stages balanced extraction/rerank candidates. These models remain external rerank and accuracy-estimation inputs, not internal predictions, not CASP submissions, and not competitive-proof evidence."
3,H2312,H2312_T329,8901,H2312_all_pdbs/Model_3444_af3_basic_af3_seed_88507_sample_3_pred_433.cif,Model_3444_af3_basic_af3_seed_88507_sample_3_pred_433.cif,3444,AF3,af3_basic,88507,3,433,basic,,False,casp17/massivefold_external_pool_intake/h2312_t329/extracted_models/H2312_all_pdbs/Model_3444_af3_basic_af3_seed_88507_sample_3_pred_433.cif,awaiting_extract,"MassiveFold model pool index only. It parses organizer-provided external model tarball listings and stages balanced extraction/rerank candidates. These models remain external rerank and accuracy-estimation inputs, not internal predictions, not CASP submissions, and not competitive-proof evidence."
3,H2312,H2312_T329,8906,H2312_all_pdbs/Model_1326_af3_basic_af3_seed_809668_sample_0_pred_660.cif,Model_1326_af3_basic_af3_seed_809668_sample_0_pred_660.cif,1326,AF3,af3_basic,809668,0,660,basic,,False,casp17/massivefold_external_pool_intake/h2312_t329/extracted_models/H2312_all_pdbs/Model_1326_af3_basic_af3_seed_809668_sample_0_pred_660.cif,awaiting_extract,"MassiveFold model pool index only. It parses organizer-provided external model tarball listings and stages balanced extraction/rerank candidates. These models remain external rerank and accuracy-estimation inputs, not internal predictions, not CASP submissions, and not competitive-proof evidence."
3,H2312,H2312_T329,8907,H2312_all_pdbs/Model_3414_af3_basic_af3_seed_207355_sample_4_pred_899.cif,Model_3414_af3_basic_af3_seed_207355_sample_4_pred_899.cif,3414,AF3,af3_basic,207355,4,899,basic,,False,casp17/massivefold_external_pool_intake/h2312_t329/extracted_models/H2312_all_pdbs/Model_3414_af3_basic_af3_seed_207355_sample_4_pred_899.cif,awaiting_extract,"MassiveFold model pool index only. It parses organizer-provided external model tarball listings and stages balanced extraction/rerank candidates. These models remain external rerank and accuracy-estimation inputs, not internal predictions, not CASP submissions, and not competitive-proof evidence."
3,H2312,H2312_T329,8915,H2312_all_pdbs/Model_3416_af3_basic_af3_seed_809663_sample_3_pred_638.cif,Model_3416_af3_basic_af3_seed_809663_sample_3_pred_638.cif,3416,AF3,af3_basic,809663,3,638,basic,,False,casp17/massivefold_external_pool_intake/h2312_t329/extracted_models/H2312_all_pdbs/Model_3416_af3_basic_af3_seed_809663_sample_3_pred_638.cif,awaiting_extract,"MassiveFold model pool index only. It parses organizer-provided external model tarball listings and stages balanced extraction/rerank candidates. These models remain external rerank and accuracy-estimation inputs, not internal predictions, not CASP submissions, and not competitive-proof evidence."
3,H2312,H2312_T329,8919,H2312_all_pdbs/Model_1047_af3_basic_af3_seed_88505_sample_3_pred_423.cif,Model_1047_af3_basic_af3_seed_88505_sample_3_pred_423.cif,1047,AF3,af3_basic,88505,3,423,basic,,False,casp17/massivefold_external_pool_intake/h2312_t329/extracted_models/H2312_all_pdbs/Model_1047_af3_basic_af3_seed_88505_sample_3_pred_423.cif,awaiting_extract,"MassiveFold model pool index only. It parses organizer-provided external model tarball listings and stages balanced extraction/rerank candidates. These models remain external rerank and accuracy-estimation inputs, not internal predictions, not CASP submissions, and not competitive-proof evidence."
3,H2312,H2312_T329,8982,H2312_all_pdbs/Model_1527_af3_basic_af3_seed_735208_sample_4_pred_524.cif,Model_1527_af3_basic_af3_seed_735208_sample_4_pred_524.cif,1527,AF3,af3_basic,735208,4,524,basic,,False,casp17/massivefold_external_pool_intake/h2312_t329/extracted_models/H2312_all_pdbs/Model_1527_af3_basic_af3_seed_735208_sample_4_pred_524.cif,awaiting_extract,"MassiveFold model pool index only. It parses organizer-provided external model tarball listings and stages balanced extraction/rerank candidates. These models remain external rerank and accuracy-estimation inputs, not internal predictions, not CASP submissions, and not competitive-proof evidence."
3,H2312,H2312_T329,9000,H2312_all_pdbs/Model_1187_af3_basic_af3_seed_735214_sample_3_pred_553.cif,Model_1187_af3_basic_af3_seed_735214_sample_3_pred_553.cif,1187,AF3,af3_basic,735214,3,553,basic,,False,casp17/massivefold_external_pool_intake/h2312_t329/extracted_models/H2312_all_pdbs/Model_1187_af3_basic_af3_seed_735214_sample_3_pred_553.cif,awaiting_extract,"MassiveFold model pool index only. It parses organizer-provided external model tarball listings and stages balanced extraction/rerank candidates. These models remain external rerank and accuracy-estimation inputs, not internal predictions, not CASP submissions, and not competitive-proof evidence."
3,H2312,H2312_T329,9048,H2312_all_pdbs/Model_1370_af3_basic_af3_seed_809666_sample_1_pred_651.cif,Model_1370_af3_basic_af3_seed_809666_sample_1_pred_651.cif,1370,AF3,af3_basic,809666,1,651,basic,,False,casp17/massivefold_external_pool_intake/h2312_t329/extracted_models/H2312_all_pdbs/Model_1370_af3_basic_af3_seed_809666_sample_1_pred_651.cif,awaiting_extract,"MassiveFold model pool index only. It parses organizer-provided external model tarball listings and stages balanced extraction/rerank candidates. These models remain external rerank and accuracy-estimation inputs, not internal predictions, not CASP submissions, and not competitive-proof evidence."
3,H2312,H2312_T329,9049,H2312_all_pdbs/Model_1188_af3_basic_af3_seed_861513_sample_4_pred_334.cif,Model_1188_af3_basic_af3_seed_861513_sample_4_pred_334.cif,1188,AF3,af3_basic,861513,4,334,basic,,False,casp17/massivefold_external_pool_intake/h2312_t329/extracted_models/H2312_all_pdbs/Model_1188_af3_basic_af3_seed_861513_sample_4_pred_334.cif,awaiting_extract,"MassiveFold model pool index only. It parses organizer-provided external model tarball listings and stages balanced extraction/rerank candidates. These models remain external rerank and accuracy-estimation inputs, not internal predictions, not CASP submissions, and not competitive-proof evidence."
3,H2312,H2312_T329,9051,H2312_all_pdbs/Model_1092_af3_basic_af3_seed_735209_sample_0_pred_525.cif,Model_1092_af3_basic_af3_seed_735209_sample_0_pred_525.cif,1092,AF3,af3_basic,735209,0,525,basic,,False,casp17/massivefold_external_pool_intake/h2312_t329/extracted_models/H2312_all_pdbs/Model_1092_af3_basic_af3_seed_735209_sample_0_pred_525.cif,awaiting_extract,"MassiveFold model pool index only. It parses organizer-provided external model tarball listings and stages balanced extraction/rerank candidates. These models remain external rerank and accuracy-estimation inputs, not internal predictions, not CASP submissions, and not competitive-proof evidence."
3,H2312,H2312_T329,9062,H2312_all_pdbs/Model_1616_af3_basic_af3_seed_735215_sample_1_pred_556.cif,Model_1616_af3_basic_af3_seed_735215_sample_1_pred_556.cif,1616,AF3,af3_basic,735215,1,556,basic,,False,casp17/massivefold_external_pool_intake/h2312_t329/extracted_models/H2312_all_pdbs/Model_1616_af3_basic_af3_seed_735215_sample_1_pred_556.cif,awaiting_extract,"MassiveFold model pool index only. It parses organizer-provided external model tarball listings and stages balanced extraction/rerank candidates. These models remain external rerank and accuracy-estimation inputs, not internal predictions, not CASP submissions, and not competitive-proof evidence."
3,H2312,H2312_T329,9064,H2312_all_pdbs/Model_1378_af3_basic_af3_seed_163621_sample_1_pred_86.cif,Model_1378_af3_basic_af3_seed_163621_sample_1_pred_86.cif,1378,AF3,af3_basic,163621,1,86,basic,,False,casp17/massivefold_external_pool_intake/h2312_t329/extracted_models/H2312_all_pdbs/Model_1378_af3_basic_af3_seed_163621_sample_1_pred_86.cif,awaiting_extract,"MassiveFold model pool index only. It parses organizer-provided external model tarball listings and stages balanced extraction/rerank candidates. These models remain external rerank and accuracy-estimation inputs, not internal predictions, not CASP submissions, and not competitive-proof evidence."
3,H2312,H2312_T329,9100,H2312_all_pdbs/Model_1055_af3_basic_af3_seed_163621_sample_2_pred_87.cif,Model_1055_af3_basic_af3_seed_163621_sample_2_pred_87.cif,1055,AF3,af3_basic,163621,2,87,basic,,False,casp17/massivefold_external_pool_intake/h2312_t329/extracted_models/H2312_all_pdbs/Model_1055_af3_basic_af3_seed_163621_sample_2_pred_87.cif,awaiting_extract,"MassiveFold model pool index only. It parses organizer-provided external model tarball listings and stages balanced extraction/rerank candidates. These models remain external rerank and accuracy-estimation inputs, not internal predictions, not CASP submissions, and not competitive-proof evidence."
3,H2312,H2312_T329,9104,H2312_all_pdbs/Model_1510_af3_basic_af3_seed_735225_sample_3_pred_608.cif,Model_1510_af3_basic_af3_seed_735225_sample_3_pred_608.cif,1510,AF3,af3_basic,735225,3,608,basic,,False,casp17/massivefold_external_pool_intake/h2312_t329/extracted_models/H2312_all_pdbs/Model_1510_af3_basic_af3_seed_735225_sample_3_pred_608.cif,awaiting_extract,"MassiveFold model pool index only. It parses organizer-provided external model tarball listings and stages balanced extraction/rerank candidates. These models remain external rerank and accuracy-estimation inputs, not internal predictions, not CASP submissions, and not competitive-proof evidence."
3,H2312,H2312_T329,9105,H2312_all_pdbs/Model_1206_af3_basic_af3_seed_735209_sample_1_pred_526.cif,Model_1206_af3_basic_af3_seed_735209_sample_1_pred_526.cif,1206,AF3,af3_basic,735209,1,526,basic,,False,casp17/massivefold_external_pool_intake/h2312_t329/extracted_models/H2312_all_pdbs/Model_1206_af3_basic_af3_seed_735209_sample_1_pred_526.cif,awaiting_extract,"MassiveFold model pool index only. It parses organizer-provided external model tarball listings and stages balanced extraction/rerank candidates. These models remain external rerank and accuracy-estimation inputs, not internal predictions, not CASP submissions, and not competitive-proof evidence."
3,H2312,H2312_T329,9123,H2312_all_pdbs/Model_1594_af3_basic_af3_seed_88499_sample_1_pred_391.cif,Model_1594_af3_basic_af3_seed_88499_sample_1_pred_391.cif,1594,AF3,af3_basic,88499,1,391,basic,,False,casp17/massivefold_external_pool_intake/h2312_t329/extracted_models/H2312_all_pdbs/Model_1594_af3_basic_af3_seed_88499_sample_1_pred_391.cif,awaiting_extract,"MassiveFold model pool index only. It parses organizer-provided external model tarball listings and stages balanced extraction/rerank candidates. These models remain external rerank and accuracy-estimation inputs, not internal predictions, not CASP submissions, and not competitive-proof evidence."
3,H2312,H2312_T329,9143,H2312_all_pdbs/Model_1454_af3_basic_af3_seed_207367_sample_3_pred_958.cif,Model_1454_af3_basic_af3_seed_207367_sample_3_pred_958.cif,1454,AF3,af3_basic,207367,3,958,basic,,False,casp17/massivefold_external_pool_intake/h2312_t329/extracted_models/H2312_all_pdbs/Model_1454_af3_basic_af3_seed_207367_sample_3_pred_958.cif,awaiting_extract,"MassiveFold model pool index only. It parses organizer-provided external model tarball listings and stages balanced extraction/rerank candidates. These models remain external rerank and accuracy-estimation inputs, not internal predictions, not CASP submissions, and not competitive-proof evidence."
3,H2312,H2312_T329,9148,H2312_all_pdbs/Model_1301_af3_basic_af3_seed_676033_sample_1_pred_151.cif,Model_1301_af3_basic_af3_seed_676033_sample_1_pred_151.cif,1301,AF3,af3_basic,676033,1,151,basic,,False,casp17/massivefold_external_pool_intake/h2312_t329/extracted_models/H2312_all_pdbs/Model_1301_af3_basic_af3_seed_676033_sample_1_pred_151.cif,awaiting_extract,"MassiveFold model pool index only. It parses organizer-provided external model tarball listings and stages balanced extraction/rerank candidates. These models remain external rerank and accuracy-estimation inputs, not internal predictions, not CASP submissions, and not competitive-proof evidence."
3,H2312,H2312_T329,9169,H2312_all_pdbs/Model_3456_af3_basic_af3_seed_88509_sample_2_pred_442.cif,Model_3456_af3_basic_af3_seed_88509_sample_2_pred_442.cif,3456,AF3,af3_basic,88509,2,442,basic,,False,casp17/massivefold_external_pool_intake/h2312_t329/extracted_models/H2312_all_pdbs/Model_3456_af3_basic_af3_seed_88509_sample_2_pred_442.cif,awaiting_extract,"MassiveFold model pool index only. It parses organizer-provided external model tarball listings and stages balanced extraction/rerank candidates. These models remain external rerank and accuracy-estimation inputs, not internal predictions, not CASP submissions, and not competitive-proof evidence."
3,H2312,H2312_T329,9171,H2312_all_pdbs/Model_3338_af3_basic_af3_seed_889893_sample_4_pred_829.cif,Model_3338_af3_basic_af3_seed_889893_sample_4_pred_829.cif,3338,AF3,af3_basic,889893,4,829,basic,,False,casp17/massivefold_external_pool_intake/h2312_t329/extracted_models/H2312_all_pdbs/Model_3338_af3_basic_af3_seed_889893_sample_4_pred_829.cif,awaiting_extract,"MassiveFold model pool index only. It parses organizer-provided external model tarball listings and stages balanced extraction/rerank candidates. These models remain external rerank and accuracy-estimation inputs, not internal predictions, not CASP submissions, and not competitive-proof evidence."
3,H2312,H2312_T329,9193,H2312_all_pdbs/Model_1149_af3_basic_af3_seed_676029_sample_3_pred_133.cif,Model_1149_af3_basic_af3_seed_676029_sample_3_pred_133.cif,1149,AF3,af3_basic,676029,3,133,basic,,False,casp17/massivefold_external_pool_intake/h2312_t329/extracted_models/H2312_all_pdbs/Model_1149_af3_basic_af3_seed_676029_sample_3_pred_133.cif,awaiting_extract,"MassiveFold model pool index only. It parses organizer-provided external model tarball listings and stages balanced extraction/rerank candidates. These models remain external rerank and accuracy-estimation inputs, not internal predictions, not CASP submissions, and not competitive-proof evidence."
3,H2312,H2312_T329,9202,H2312_all_pdbs/Model_1498_af3_basic_af3_seed_809680_sample_1_pred_721.cif,Model_1498_af3_basic_af3_seed_809680_sample_1_pred_721.cif,1498,AF3,af3_basic,809680,1,721,basic,,False,casp17/massivefold_external_pool_intake/h2312_t329/extracted_models/H2312_all_pdbs/Model_1498_af3_basic_af3_seed_809680_sample_1_pred_721.cif,awaiting_extract,"MassiveFold model pool index only. It parses organizer-provided external model tarball listings and stages balanced extraction/rerank candidates. These models remain external rerank and accuracy-estimation inputs, not internal predictions, not CASP submissions, and not competitive-proof evidence."
3,H2312,H2312_T329,9203,H2312_all_pdbs/Model_1367_af3_basic_af3_seed_809664_sample_4_pred_644.cif,Model_1367_af3_basic_af3_seed_809664_sample_4_pred_644.cif,1367,AF3,af3_basic,809664,4,644,basic,,False,casp17/massivefold_external_pool_intake/h2312_t329/extracted_models/H2312_all_pdbs/Model_1367_af3_basic_af3_seed_809664_sample_4_pred_644.cif,awaiting_extract,"MassiveFold model pool index only. It parses organizer-provided external model tarball listings and stages balanced extraction/rerank candidates. These models remain external rerank and accuracy-estimation inputs, not internal predictions, not CASP submissions, and not competitive-proof evidence."
3,H2312,H2312_T329,9205,H2312_all_pdbs/Model_3404_af3_basic_af3_seed_861508_sample_3_pred_308.cif,Model_3404_af3_basic_af3_seed_861508_sample_3_pred_308.cif,3404,AF3,af3_basic,861508,3,308,basic,,False,casp17/massivefold_external_pool_intake/h2312_t329/extracted_models/H2312_all_pdbs/Model_3404_af3_basic_af3_seed_861508_sample_3_pred_308.cif,awaiting_extract,"MassiveFold model pool index only. It parses organizer-provided external model tarball listings and stages balanced extraction/rerank candidates. These models remain external rerank and accuracy-estimation inputs, not internal predictions, not CASP submissions, and not competitive-proof evidence."
3,H2312,H2312_T329,9215,H2312_all_pdbs/Model_977_af3_basic_af3_seed_735206_sample_3_pred_513.cif,Model_977_af3_basic_af3_seed_735206_sample_3_pred_513.cif,977,AF3,af3_basic,735206,3,513,basic,,False,casp17/massivefold_external_pool_intake/h2312_t329/extracted_models/H2312_all_pdbs/Model_977_af3_basic_af3_seed_735206_sample_3_pred_513.cif,awaiting_extract,"MassiveFold model pool index only. It parses organizer-provided external model tarball listings and stages balanced extraction/rerank candidates. These models remain external rerank and accuracy-estimation inputs, not internal predictions, not CASP submissions, and not competitive-proof evidence."
3,H2312,H2312_T329,9220,H2312_all_pdbs/Model_3521_af3_basic_af3_seed_809669_sample_2_pred_667.cif,Model_3521_af3_basic_af3_seed_809669_sample_2_pred_667.cif,3521,AF3,af3_basic,809669,2,667,basic,,False,casp17/massivefold_external_pool_intake/h2312_t329/extracted_models/H2312_all_pdbs/Model_3521_af3_basic_af3_seed_809669_sample_2_pred_667.cif,awaiting_extract,"MassiveFold model pool index only. It parses organizer-provided external model tarball listings and stages balanced extraction/rerank candidates. These models remain external rerank and accuracy-estimation inputs, not internal predictions, not CASP submissions, and not competitive-proof evidence."
3,H2312,H2312_T329,9232,H2312_all_pdbs/Model_3523_af3_basic_af3_seed_207359_sample_0_pred_915.cif,Model_3523_af3_basic_af3_seed_207359_sample_0_pred_915.cif,3523,AF3,af3_basic,207359,0,915,basic,,False,casp17/massivefold_external_pool_intake/h2312_t329/extracted_models/H2312_all_pdbs/Model_3523_af3_basic_af3_seed_207359_sample_0_pred_915.cif,awaiting_extract,"MassiveFold model pool index only. It parses organizer-provided external model tarball listings and stages balanced extraction/rerank candidates. These models remain external rerank and accuracy-estimation inputs, not internal predictions, not CASP submissions, and not competitive-proof evidence."
3,H2312,H2312_T329,9259,H2312_all_pdbs/Model_3436_af3_basic_af3_seed_809676_sample_3_pred_703.cif,Model_3436_af3_basic_af3_seed_809676_sample_3_pred_703.cif,3436,AF3,af3_basic,809676,3,703,basic,,False,casp17/massivefold_external_pool_intake/h2312_t329/extracted_models/H2312_all_pdbs/Model_3436_af3_basic_af3_seed_809676_sample_3_pred_703.cif,awaiting_extract,"MassiveFold model pool index only. It parses organizer-provided external model tarball listings and stages balanced extraction/rerank candidates. These models remain external rerank and accuracy-estimation inputs, not internal predictions, not CASP submissions, and not competitive-proof evidence."
3,H2312,H2312_T329,9275,H2312_all_pdbs/Model_4269_af3_basic_af3_seed_861499_sample_4_pred_264.cif,Model_4269_af3_basic_af3_seed_861499_sample_4_pred_264.cif,4269,AF3,af3_basic,861499,4,264,basic,,False,casp17/massivefold_external_pool_intake/h2312_t329/extracted_models/H2312_all_pdbs/Model_4269_af3_basic_af3_seed_861499_sample_4_pred_264.cif,awaiting_extract,"MassiveFold model pool index only. It parses organizer-provided external model tarball listings and stages balanced extraction/rerank candidates. These models remain external rerank and accuracy-estimation inputs, not internal predictions, not CASP submissions, and not competitive-proof evidence."
3,H2312,H2312_T329,9293,H2312_all_pdbs/Model_1123_af3_basic_af3_seed_165012_sample_0_pred_1000.cif,Model_1123_af3_basic_af3_seed_165012_sample_0_pred_1000.cif,1123,AF3,af3_basic,165012,0,1000,basic,,False,casp17/massivefold_external_pool_intake/h2312_t329/extracted_models/H2312_all_pdbs/Model_1123_af3_basic_af3_seed_165012_sample_0_pred_1000.cif,awaiting_extract,"MassiveFold model pool index only. It parses organizer-provided external model tarball listings and stages balanced extraction/rerank candidates. These models remain external rerank and accuracy-estimation inputs, not internal predictions, not CASP submissions, and not competitive-proof evidence."
3,H2312,H2312_T329,9308,H2312_all_pdbs/Model_1266_af3_basic_af3_seed_861500_sample_1_pred_266.cif,Model_1266_af3_basic_af3_seed_861500_sample_1_pred_266.cif,1266,AF3,af3_basic,861500,1,266,basic,,False,casp17/massivefold_external_pool_intake/h2312_t329/extracted_models/H2312_all_pdbs/Model_1266_af3_basic_af3_seed_861500_sample_1_pred_266.cif,awaiting_extract,"MassiveFold model pool index only. It parses organizer-provided external model tarball listings and stages balanced extraction/rerank candidates. These models remain external rerank and accuracy-estimation inputs, not internal predictions, not CASP submissions, and not competitive-proof evidence."
3,H2312,H2312_T329,9320,H2312_all_pdbs/Model_1064_af3_basic_af3_seed_676046_sample_3_pred_218.cif,Model_1064_af3_basic_af3_seed_676046_sample_3_pred_218.cif,1064,AF3,af3_basic,676046,3,218,basic,,False,casp17/massivefold_external_pool_intake/h2312_t329/extracted_models/H2312_all_pdbs/Model_1064_af3_basic_af3_seed_676046_sample_3_pred_218.cif,awaiting_extract,"MassiveFold model pool index only. It parses organizer-provided external model tarball listings and stages balanced extraction/rerank candidates. These models remain external rerank and accuracy-estimation inputs, not internal predictions, not CASP submissions, and not competitive-proof evidence."
3,H2312,H2312_T329,9337,H2312_all_pdbs/Model_1349_af3_basic_af3_seed_889893_sample_3_pred_828.cif,Model_1349_af3_basic_af3_seed_889893_sample_3_pred_828.cif,1349,AF3,af3_basic,889893,3,828,basic,,False,casp17/massivefold_external_pool_intake/h2312_t329/extracted_models/H2312_all_pdbs/Model_1349_af3_basic_af3_seed_889893_sample_3_pred_828.cif,awaiting_extract,"MassiveFold model pool index only. It parses organizer-provided external model tarball listings and stages balanced extraction/rerank candidates. These models remain external rerank and accuracy-estimation inputs, not internal predictions, not CASP submissions, and not competitive-proof evidence."
3,H2312,H2312_T329,9378,H2312_all_pdbs/Model_3483_af3_basic_af3_seed_735204_sample_2_pred_502.cif,Model_3483_af3_basic_af3_seed_735204_sample_2_pred_502.cif,3483,AF3,af3_basic,735204,2,502,basic,,False,casp17/massivefold_external_pool_intake/h2312_t329/extracted_models/H2312_all_pdbs/Model_3483_af3_basic_af3_seed_735204_sample_2_pred_502.cif,awaiting_extract,"MassiveFold model pool index only. It parses organizer-provided external model tarball listings and stages balanced extraction/rerank candidates. These models remain external rerank and accuracy-estimation inputs, not internal predictions, not CASP submissions, and not competitive-proof evidence."
3,H2312,H2312_T329,9388,H2312_all_pdbs/Model_1458_af3_basic_af3_seed_207370_sample_1_pred_971.cif,Model_1458_af3_basic_af3_seed_207370_sample_1_pred_971.cif,1458,AF3,af3_basic,207370,1,971,basic,,False,casp17/massivefold_external_pool_intake/h2312_t329/extracted_models/H2312_all_pdbs/Model_1458_af3_basic_af3_seed_207370_sample_1_pred_971.cif,awaiting_extract,"MassiveFold model pool index only. It parses organizer-provided external model tarball listings and stages balanced extraction/rerank candidates. These models remain external rerank and accuracy-estimation inputs, not internal predictions, not CASP submissions, and not competitive-proof evidence."
3,H2312,H2312_T329,9400,H2312_all_pdbs/Model_1368_af3_basic_af3_seed_207364_sample_4_pred_944.cif,Model_1368_af3_basic_af3_seed_207364_sample_4_pred_944.cif,1368,AF3,af3_basic,207364,4,944,basic,,False,casp17/massivefold_external_pool_intake/h2312_t329/extracted_models/H2312_all_pdbs/Model_1368_af3_basic_af3_seed_207364_sample_4_pred_944.cif,awaiting_extract,"MassiveFold model pool index only. It parses organizer-provided external model tarball listings and stages balanced extraction/rerank candidates. These models remain external rerank and accuracy-estimation inputs, not internal predictions, not CASP submissions, and not competitive-proof evidence."
3,H2312,H2312_T329,9415,H2312_all_pdbs/Model_1148_af3_basic_af3_seed_676051_sample_4_pred_244.cif,Model_1148_af3_basic_af3_seed_676051_sample_4_pred_244.cif,1148,AF3,af3_basic,676051,4,244,basic,,False,casp17/massivefold_external_pool_intake/h2312_t329/extracted_models/H2312_all_pdbs/Model_1148_af3_basic_af3_seed_676051_sample_4_pred_244.cif,awaiting_extract,"MassiveFold model pool index only. It parses organizer-provided external model tarball listings and stages balanced extraction/rerank candidates. These models remain external rerank and accuracy-estimation inputs, not internal predictions, not CASP submissions, and not competitive-proof evidence."
3,H2312,H2312_T329,9427,H2312_all_pdbs/Model_3330_af3_basic_af3_seed_861518_sample_3_pred_358.cif,Model_3330_af3_basic_af3_seed_861518_sample_3_pred_358.cif,3330,AF3,af3_basic,861518,3,358,basic,,False,casp17/massivefold_external_pool_intake/h2312_t329/extracted_models/H2312_all_pdbs/Model_3330_af3_basic_af3_seed_861518_sample_3_pred_358.cif,awaiting_extract,"MassiveFold model pool index only. It parses organizer-provided external model tarball listings and stages balanced extraction/rerank candidates. These models remain external rerank and accuracy-estimation inputs, not internal predictions, not CASP submissions, and not competitive-proof evidence."
3,H2312,H2312_T329,9468,H2312_all_pdbs/Model_3504_af3_basic_af3_seed_809671_sample_4_pred_679.cif,Model_3504_af3_basic_af3_seed_809671_sample_4_pred_679.cif,3504,AF3,af3_basic,809671,4,679,basic,,False,casp17/massivefold_external_pool_intake/h2312_t329/extracted_models/H2312_all_pdbs/Model_3504_af3_basic_af3_seed_809671_sample_4_pred_679.cif,awaiting_extract,"MassiveFold model pool index only. It parses organizer-provided external model tarball listings and stages balanced extraction/rerank candidates. These models remain external rerank and accuracy-estimation inputs, not internal predictions, not CASP submissions, and not competitive-proof evidence."
3,H2312,H2312_T329,9475,H2312_all_pdbs/Model_3498_af3_basic_af3_seed_88512_sample_1_pred_456.cif,Model_3498_af3_basic_af3_seed_88512_sample_1_pred_456.cif,3498,AF3,af3_basic,88512,1,456,basic,,False,casp17/massivefold_external_pool_intake/h2312_t329/extracted_models/H2312_all_pdbs/Model_3498_af3_basic_af3_seed_88512_sample_1_pred_456.cif,awaiting_extract,"MassiveFold model pool index only. It parses organizer-provided external model tarball listings and stages balanced extraction/rerank candidates. These models remain external rerank and accuracy-estimation inputs, not internal predictions, not CASP submissions, and not competitive-proof evidence."
3,H2312,H2312_T329,9513,H2312_all_pdbs/Model_1166_af3_basic_af3_seed_735205_sample_1_pred_506.cif,Model_1166_af3_basic_af3_seed_735205_sample_1_pred_506.cif,1166,AF3,af3_basic,735205,1,506,basic,,False,casp17/massivefold_external_pool_intake/h2312_t329/extracted_models/H2312_all_pdbs/Model_1166_af3_basic_af3_seed_735205_sample_1_pred_506.cif,awaiting_extract,"MassiveFold model pool index only. It parses organizer-provided external model tarball listings and stages balanced extraction/rerank candidates. These models remain external rerank and accuracy-estimation inputs, not internal predictions, not CASP submissions, and not competitive-proof evidence."
3,H2312,H2312_T329,9514,H2312_all_pdbs/Model_1124_af3_basic_af3_seed_889901_sample_3_pred_868.cif,Model_1124_af3_basic_af3_seed_889901_sample_3_pred_868.cif,1124,AF3,af3_basic,889901,3,868,basic,,False,casp17/massivefold_external_pool_intake/h2312_t329/extracted_models/H2312_all_pdbs/Model_1124_af3_basic_af3_seed_889901_sample_3_pred_868.cif,awaiting_extract,"MassiveFold model pool index only. It parses organizer-provided external model tarball listings and stages balanced extraction/rerank candidates. These models remain external rerank and accuracy-estimation inputs, not internal predictions, not CASP submissions, and not competitive-proof evidence."
3,H2312,H2312_T329,9527,H2312_all_pdbs/Model_1379_af3_basic_af3_seed_676044_sample_1_pred_206.cif,Model_1379_af3_basic_af3_seed_676044_sample_1_pred_206.cif,1379,AF3,af3_basic,676044,1,206,basic,,False,casp17/massivefold_external_pool_intake/h2312_t329/extracted_models/H2312_all_pdbs/Model_1379_af3_basic_af3_seed_676044_sample_1_pred_206.cif,awaiting_extract,"MassiveFold model pool index only. It parses organizer-provided external model tarball listings and stages balanced extraction/rerank candidates. These models remain external rerank and accuracy-estimation inputs, not internal predictions, not CASP submissions, and not competitive-proof evidence."
3,H2312,H2312_T329,9535,H2312_all_pdbs/Model_1373_af3_basic_af3_seed_861498_sample_3_pred_258.cif,Model_1373_af3_basic_af3_seed_861498_sample_3_pred_258.cif,1373,AF3,af3_basic,861498,3,258,basic,,False,casp17/massivefold_external_pool_intake/h2312_t329/extracted_models/H2312_all_pdbs/Model_1373_af3_basic_af3_seed_861498_sample_3_pred_258.cif,awaiting_extract,"MassiveFold model pool index only. It parses organizer-provided external model tarball listings and stages balanced extraction/rerank candidates. These models remain external rerank and accuracy-estimation inputs, not internal predictions, not CASP submissions, and not competitive-proof evidence."
3,H2312,H2312_T329,9545,H2312_all_pdbs/Model_1200_af3_basic_af3_seed_88500_sample_4_pred_399.cif,Model_1200_af3_basic_af3_seed_88500_sample_4_pred_399.cif,1200,AF3,af3_basic,88500,4,399,basic,,False,casp17/massivefold_external_pool_intake/h2312_t329/extracted_models/H2312_all_pdbs/Model_1200_af3_basic_af3_seed_88500_sample_4_pred_399.cif,awaiting_extract,"MassiveFold model pool index only. It parses organizer-provided external model tarball listings and stages balanced extraction/rerank candidates. These models remain external rerank and accuracy-estimation inputs, not internal predictions, not CASP submissions, and not competitive-proof evidence."
3,H2312,H2312_T329,9562,H2312_all_pdbs/Model_1440_af3_basic_af3_seed_163621_sample_4_pred_89.cif,Model_1440_af3_basic_af3_seed_163621_sample_4_pred_89.cif,1440,AF3,af3_basic,163621,4,89,basic,,False,casp17/massivefold_external_pool_intake/h2312_t329/extracted_models/H2312_all_pdbs/Model_1440_af3_basic_af3_seed_163621_sample_4_pred_89.cif,awaiting_extract,"MassiveFold model pool index only. It parses organizer-provided external model tarball listings and stages balanced extraction/rerank candidates. These models remain external rerank and accuracy-estimation inputs, not internal predictions, not CASP submissions, and not competitive-proof evidence."
3,H2312,H2312_T329,9580,H2312_all_pdbs/Model_1155_af3_basic_af3_seed_861502_sample_1_pred_276.cif,Model_1155_af3_basic_af3_seed_861502_sample_1_pred_276.cif,1155,AF3,af3_basic,861502,1,276,basic,,False,casp17/massivefold_external_pool_intake/h2312_t329/extracted_models/H2312_all_pdbs/Model_1155_af3_basic_af3_seed_861502_sample_1_pred_276.cif,awaiting_extract,"MassiveFold model pool index only. It parses organizer-provided external model tarball listings and stages balanced extraction/rerank candidates. These models remain external rerank and accuracy-estimation inputs, not internal predictions, not CASP submissions, and not competitive-proof evidence."
3,H2312,H2312_T329,9617,H2312_all_pdbs/Model_3546_af3_basic_af3_seed_676047_sample_0_pred_220.cif,Model_3546_af3_basic_af3_seed_676047_sample_0_pred_220.cif,3546,AF3,af3_basic,676047,0,220,basic,,False,casp17/massivefold_external_pool_intake/h2312_t329/extracted_models/H2312_all_pdbs/Model_3546_af3_basic_af3_seed_676047_sample_0_pred_220.cif,awaiting_extract,"MassiveFold model pool index only. It parses organizer-provided external model tarball listings and stages balanced extraction/rerank candidates. These models remain external rerank and accuracy-estimation inputs, not internal predictions, not CASP submissions, and not competitive-proof evidence."
3,H2312,H2312_T329,9618,H2312_all_pdbs/Model_1302_af3_basic_af3_seed_207372_sample_4_pred_984.cif,Model_1302_af3_basic_af3_seed_207372_sample_4_pred_984.cif,1302,AF3,af3_basic,207372,4,984,basic,,False,casp17/massivefold_external_pool_intake/h2312_t329/extracted_models/H2312_all_pdbs/Model_1302_af3_basic_af3_seed_207372_sample_4_pred_984.cif,awaiting_extract,"MassiveFold model pool index only. It parses organizer-provided external model tarball listings and stages balanced extraction/rerank candidates. These models remain external rerank and accuracy-estimation inputs, not internal predictions, not CASP submissions, and not competitive-proof evidence."
3,H2312,H2312_T329,9626,H2312_all_pdbs/Model_1539_af3_basic_af3_seed_207353_sample_4_pred_889.cif,Model_1539_af3_basic_af3_seed_207353_sample_4_pred_889.cif,1539,AF3,af3_basic,207353,4,889,basic,,False,casp17/massivefold_external_pool_intake/h2312_t329/extracted_models/H2312_all_pdbs/Model_1539_af3_basic_af3_seed_207353_sample_4_pred_889.cif,awaiting_extract,"MassiveFold model pool index only. It parses organizer-provided external model tarball listings and stages balanced extraction/rerank candidates. These models remain external rerank and accuracy-estimation inputs, not internal predictions, not CASP submissions, and not competitive-proof evidence."
3,H2312,H2312_T329,9636,H2312_all_pdbs/Model_1046_af3_basic_af3_seed_861516_sample_0_pred_345.cif,Model_1046_af3_basic_af3_seed_861516_sample_0_pred_345.cif,1046,AF3,af3_basic,861516,0,345,basic,,False,casp17/massivefold_external_pool_intake/h2312_t329/extracted_models/H2312_all_pdbs/Model_1046_af3_basic_af3_seed_861516_sample_0_pred_345.cif,awaiting_extract,"MassiveFold model pool index only. It parses organizer-provided external model tarball listings and stages balanced extraction/rerank candidates. These models remain external rerank and accuracy-estimation inputs, not internal predictions, not CASP submissions, and not competitive-proof evidence."
3,H2312,H2312_T329,9646,H2312_all_pdbs/Model_1572_af3_basic_af3_seed_889894_sample_1_pred_831.cif,Model_1572_af3_basic_af3_seed_889894_sample_1_pred_831.cif,1572,AF3,af3_basic,889894,1,831,basic,,False,casp17/massivefold_external_pool_intake/h2312_t329/extracted_models/H2312_all_pdbs/Model_1572_af3_basic_af3_seed_889894_sample_1_pred_831.cif,awaiting_extract,"MassiveFold model pool index only. It parses organizer-provided external model tarball listings and stages balanced extraction/rerank candidates. These models remain external rerank and accuracy-estimation inputs, not internal predictions, not CASP submissions, and not competitive-proof evidence."
3,H2312,H2312_T329,9653,H2312_all_pdbs/Model_4256_af3_basic_af3_seed_889900_sample_1_pred_861.cif,Model_4256_af3_basic_af3_seed_889900_sample_1_pred_861.cif,4256,AF3,af3_basic,889900,1,861,basic,,False,casp17/massivefold_external_pool_intake/h2312_t329/extracted_models/H2312_all_pdbs/Model_4256_af3_basic_af3_seed_889900_sample_1_pred_861.cif,awaiting_extract,"MassiveFold model pool index only. It parses organizer-provided external model tarball listings and stages balanced extraction/rerank candidates. These models remain external rerank and accuracy-estimation inputs, not internal predictions, not CASP submissions, and not competitive-proof evidence."
3,H2312,H2312_T329,9684,H2312_all_pdbs/Model_1559_af3_basic_af3_seed_861514_sample_3_pred_338.cif,Model_1559_af3_basic_af3_seed_861514_sample_3_pred_338.cif,1559,AF3,af3_basic,861514,3,338,basic,,False,casp17/massivefold_external_pool_intake/h2312_t329/extracted_models/H2312_all_pdbs/Model_1559_af3_basic_af3_seed_861514_sample_3_pred_338.cif,awaiting_extract,"MassiveFold model pool index only. It parses organizer-provided external model tarball listings and stages balanced extraction/rerank candidates. These models remain external rerank and accuracy-estimation inputs, not internal predictions, not CASP submissions, and not competitive-proof evidence."
3,H2312,H2312_T329,9699,H2312_all_pdbs/Model_3558_af3_basic_af3_seed_207373_sample_1_pred_986.cif,Model_3558_af3_basic_af3_seed_207373_sample_1_pred_986.cif,3558,AF3,af3_basic,207373,1,986,basic,,False,casp17/massivefold_external_pool_intake/h2312_t329/extracted_models/H2312_all_pdbs/Model_3558_af3_basic_af3_seed_207373_sample_1_pred_986.cif,awaiting_extract,"MassiveFold model pool index only. It parses organizer-provided external model tarball listings and stages balanced extraction/rerank candidates. These models remain external rerank and accuracy-estimation inputs, not internal predictions, not CASP submissions, and not competitive-proof evidence."
3,H2312,H2312_T329,9739,H2312_all_pdbs/Model_1210_af3_basic_af3_seed_889897_sample_3_pred_848.cif,Model_1210_af3_basic_af3_seed_889897_sample_3_pred_848.cif,1210,AF3,af3_basic,889897,3,848,basic,,False,casp17/massivefold_external_pool_intake/h2312_t329/extracted_models/H2312_all_pdbs/Model_1210_af3_basic_af3_seed_889897_sample_3_pred_848.cif,awaiting_extract,"MassiveFold model pool index only. It parses organizer-provided external model tarball listings and stages balanced extraction/rerank candidates. These models remain external rerank and accuracy-estimation inputs, not internal predictions, not CASP submissions, and not competitive-proof evidence."
3,H2312,H2312_T329,9741,H2312_all_pdbs/Model_1429_af3_basic_af3_seed_676041_sample_2_pred_192.cif,Model_1429_af3_basic_af3_seed_676041_sample_2_pred_192.cif,1429,AF3,af3_basic,676041,2,192,basic,,False,casp17/massivefold_external_pool_intake/h2312_t329/extracted_models/H2312_all_pdbs/Model_1429_af3_basic_af3_seed_676041_sample_2_pred_192.cif,awaiting_extract,"MassiveFold model pool index only. It parses organizer-provided external model tarball listings and stages balanced extraction/rerank candidates. These models remain external rerank and accuracy-estimation inputs, not internal predictions, not CASP submissions, and not competitive-proof evidence."
3,H2312,H2312_T329,9773,H2312_all_pdbs/Model_1500_af3_basic_af3_seed_889880_sample_4_pred_764.cif,Model_1500_af3_basic_af3_seed_889880_sample_4_pred_764.cif,1500,AF3,af3_basic,889880,4,764,basic,,False,casp17/massivefold_external_pool_intake/h2312_t329/extracted_models/H2312_all_pdbs/Model_1500_af3_basic_af3_seed_889880_sample_4_pred_764.cif,awaiting_extract,"MassiveFold model pool index only. It parses organizer-provided external model tarball listings and stages balanced extraction/rerank candidates. These models remain external rerank and accuracy-estimation inputs, not internal predictions, not CASP submissions, and not competitive-proof evidence."
3,H2312,H2312_T329,9778,H2312_all_pdbs/Model_1042_af3_basic_af3_seed_207365_sample_3_pred_948.cif,Model_1042_af3_basic_af3_seed_207365_sample_3_pred_948.cif,1042,AF3,af3_basic,207365,3,948,basic,,False,casp17/massivefold_external_pool_intake/h2312_t329/extracted_models/H2312_all_pdbs/Model_1042_af3_basic_af3_seed_207365_sample_3_pred_948.cif,awaiting_extract,"MassiveFold model pool index only. It parses organizer-provided external model tarball listings and stages balanced extraction/rerank candidates. These models remain external rerank and accuracy-estimation inputs, not internal predictions, not CASP submissions, and not competitive-proof evidence."
3,H2312,H2312_T329,9785,H2312_all_pdbs/Model_4272_af3_basic_af3_seed_889896_sample_3_pred_843.cif,Model_4272_af3_basic_af3_seed_889896_sample_3_pred_843.cif,4272,AF3,af3_basic,889896,3,843,basic,,False,casp17/massivefold_external_pool_intake/h2312_t329/extracted_models/H2312_all_pdbs/Model_4272_af3_basic_af3_seed_889896_sample_3_pred_843.cif,awaiting_extract,"MassiveFold model pool index only. It parses organizer-provided external model tarball listings and stages balanced extraction/rerank candidates. These models remain external rerank and accuracy-estimation inputs, not internal predictions, not CASP submissions, and not competitive-proof evidence."
3,H2312,H2312_T329,9788,H2312_all_pdbs/Model_1392_af3_basic_af3_seed_735208_sample_2_pred_522.cif,Model_1392_af3_basic_af3_seed_735208_sample_2_pred_522.cif,1392,AF3,af3_basic,735208,2,522,basic,,False,casp17/massivefold_external_pool_intake/h2312_t329/extracted_models/H2312_all_pdbs/Model_1392_af3_basic_af3_seed_735208_sample_2_pred_522.cif,awaiting_extract,"MassiveFold model pool index only. It parses organizer-provided external model tarball listings and stages balanced extraction/rerank candidates. These models remain external rerank and accuracy-estimation inputs, not internal predictions, not CASP submissions, and not competitive-proof evidence."
3,H2312,H2312_T329,9795,H2312_all_pdbs/Model_3397_af3_basic_af3_seed_207369_sample_1_pred_966.cif,Model_3397_af3_basic_af3_seed_207369_sample_1_pred_966.cif,3397,AF3,af3_basic,207369,1,966,basic,,False,casp17/massivefold_external_pool_intake/h2312_t329/extracted_models/H2312_all_pdbs/Model_3397_af3_basic_af3_seed_207369_sample_1_pred_966.cif,awaiting_extract,"MassiveFold model pool index only. It parses organizer-provided external model tarball listings and stages balanced extraction/rerank candidates. These models remain external rerank and accuracy-estimation inputs, not internal predictions, not CASP submissions, and not competitive-proof evidence."
3,H2312,H2312_T329,9797,H2312_all_pdbs/Model_3326_af3_basic_af3_seed_676044_sample_2_pred_207.cif,Model_3326_af3_basic_af3_seed_676044_sample_2_pred_207.cif,3326,AF3,af3_basic,676044,2,207,basic,,False,casp17/massivefold_external_pool_intake/h2312_t329/extracted_models/H2312_all_pdbs/Model_3326_af3_basic_af3_seed_676044_sample_2_pred_207.cif,awaiting_extract,"MassiveFold model pool index only. It parses organizer-provided external model tarball listings and stages balanced extraction/rerank candidates. These models remain external rerank and accuracy-estimation inputs, not internal predictions, not CASP submissions, and not competitive-proof evidence."
3,H2312,H2312_T329,9798,H2312_all_pdbs/Model_1160_af3_basic_af3_seed_861513_sample_0_pred_330.cif,Model_1160_af3_basic_af3_seed_861513_sample_0_pred_330.cif,1160,AF3,af3_basic,861513,0,330,basic,,False,casp17/massivefold_external_pool_intake/h2312_t329/extracted_models/H2312_all_pdbs/Model_1160_af3_basic_af3_seed_861513_sample_0_pred_330.cif,awaiting_extract,"MassiveFold model pool index only. It parses organizer-provided external model tarball listings and stages balanced extraction/rerank candidates. These models remain external rerank and accuracy-estimation inputs, not internal predictions, not CASP submissions, and not competitive-proof evidence."
3,H2312,H2312_T329,9827,H2312_all_pdbs/Model_1656_af3_basic_af3_seed_735226_sample_0_pred_610.cif,Model_1656_af3_basic_af3_seed_735226_sample_0_pred_610.cif,1656,AF3,af3_basic,735226,0,610,basic,,False,casp17/massivefold_external_pool_intake/h2312_t329/extracted_models/H2312_all_pdbs/Model_1656_af3_basic_af3_seed_735226_sample_0_pred_610.cif,awaiting_extract,"MassiveFold model pool index only. It parses organizer-provided external model tarball listings and stages balanced extraction/rerank candidates. These models remain external rerank and accuracy-estimation inputs, not internal predictions, not CASP submissions, and not competitive-proof evidence."
3,H2312,H2312_T329,9828,H2312_all_pdbs/Model_1410_af3_basic_af3_seed_88508_sample_0_pred_435.cif,Model_1410_af3_basic_af3_seed_88508_sample_0_pred_435.cif,1410,AF3,af3_basic,88508,0,435,basic,,False,casp17/massivefold_external_pool_intake/h2312_t329/extracted_models/H2312_all_pdbs/Model_1410_af3_basic_af3_seed_88508_sample_0_pred_435.cif,awaiting_extract,"MassiveFold model pool index only. It parses organizer-provided external model tarball listings and stages balanced extraction/rerank candidates. These models remain external rerank and accuracy-estimation inputs, not internal predictions, not CASP submissions, and not competitive-proof evidence."
3,H2312,H2312_T329,9837,H2312_all_pdbs/Model_1066_af3_basic_af3_seed_735205_sample_2_pred_507.cif,Model_1066_af3_basic_af3_seed_735205_sample_2_pred_507.cif,1066,AF3,af3_basic,735205,2,507,basic,,False,casp17/massivefold_external_pool_intake/h2312_t329/extracted_models/H2312_all_pdbs/Model_1066_af3_basic_af3_seed_735205_sample_2_pred_507.cif,awaiting_extract,"MassiveFold model pool index only. It parses organizer-provided external model tarball listings and stages balanced extraction/rerank candidates. These models remain external rerank and accuracy-estimation inputs, not internal predictions, not CASP submissions, and not competitive-proof evidence."
3,H2312,H2312_T329,9839,H2312_all_pdbs/Model_1599_af3_basic_af3_seed_207367_sample_4_pred_959.cif,Model_1599_af3_basic_af3_seed_207367_sample_4_pred_959.cif,1599,AF3,af3_basic,207367,4,959,basic,,False,casp17/massivefold_external_pool_intake/h2312_t329/extracted_models/H2312_all_pdbs/Model_1599_af3_basic_af3_seed_207367_sample_4_pred_959.cif,awaiting_extract,"MassiveFold model pool index only. It parses organizer-provided external model tarball listings and stages balanced extraction/rerank candidates. These models remain external rerank and accuracy-estimation inputs, not internal predictions, not CASP submissions, and not competitive-proof evidence."
3,H2312,H2312_T329,9849,H2312_all_pdbs/Model_1133_af3_basic_af3_seed_88513_sample_3_pred_463.cif,Model_1133_af3_basic_af3_seed_88513_sample_3_pred_463.cif,1133,AF3,af3_basic,88513,3,463,basic,,False,casp17/massivefold_external_pool_intake/h2312_t329/extracted_models/H2312_all_pdbs/Model_1133_af3_basic_af3_seed_88513_sample_3_pred_463.cif,awaiting_extract,"MassiveFold model pool index only. It parses organizer-provided external model tarball listings and stages balanced extraction/rerank candidates. These models remain external rerank and accuracy-estimation inputs, not internal predictions, not CASP submissions, and not competitive-proof evidence."
3,H2312,H2312_T329,9862,H2312_all_pdbs/Model_1300_af3_basic_af3_seed_809667_sample_0_pred_655.cif,Model_1300_af3_basic_af3_seed_809667_sample_0_pred_655.cif,1300,AF3,af3_basic,809667,0,655,basic,,False,casp17/massivefold_external_pool_intake/h2312_t329/extracted_models/H2312_all_pdbs/Model_1300_af3_basic_af3_seed_809667_sample_0_pred_655.cif,awaiting_extract,"MassiveFold model pool index only. It parses organizer-provided external model tarball listings and stages balanced extraction/rerank candidates. These models remain external rerank and accuracy-estimation inputs, not internal predictions, not CASP submissions, and not competitive-proof evidence."
3,H2312,H2312_T329,9872,H2312_all_pdbs/Model_1272_af3_basic_af3_seed_163607_sample_3_pred_18.cif,Model_1272_af3_basic_af3_seed_163607_sample_3_pred_18.cif,1272,AF3,af3_basic,163607,3,18,basic,,False,casp17/massivefold_external_pool_intake/h2312_t329/extracted_models/H2312_all_pdbs/Model_1272_af3_basic_af3_seed_163607_sample_3_pred_18.cif,awaiting_extract,"MassiveFold model pool index only. It parses organizer-provided external model tarball listings and stages balanced extraction/rerank candidates. These models remain external rerank and accuracy-estimation inputs, not internal predictions, not CASP submissions, and not competitive-proof evidence."
3,H2312,H2312_T329,9904,H2312_all_pdbs/Model_3555_af3_basic_af3_seed_861501_sample_4_pred_274.cif,Model_3555_af3_basic_af3_seed_861501_sample_4_pred_274.cif,3555,AF3,af3_basic,861501,4,274,basic,,False,casp17/massivefold_external_pool_intake/h2312_t329/extracted_models/H2312_all_pdbs/Model_3555_af3_basic_af3_seed_861501_sample_4_pred_274.cif,awaiting_extract,"MassiveFold model pool index only. It parses organizer-provided external model tarball listings and stages balanced extraction/rerank candidates. These models remain external rerank and accuracy-estimation inputs, not internal predictions, not CASP submissions, and not competitive-proof evidence."
3,H2312,H2312_T329,9923,H2312_all_pdbs/Model_1421_af3_basic_af3_seed_676041_sample_4_pred_194.cif,Model_1421_af3_basic_af3_seed_676041_sample_4_pred_194.cif,1421,AF3,af3_basic,676041,4,194,basic,,False,casp17/massivefold_external_pool_intake/h2312_t329/extracted_models/H2312_all_pdbs/Model_1421_af3_basic_af3_seed_676041_sample_4_pred_194.cif,awaiting_extract,"MassiveFold model pool index only. It parses organizer-provided external model tarball listings and stages balanced extraction/rerank candidates. These models remain external rerank and accuracy-estimation inputs, not internal predictions, not CASP submissions, and not competitive-proof evidence."
3,H2312,H2312_T329,9929,H2312_all_pdbs/Model_1366_af3_basic_af3_seed_889892_sample_1_pred_821.cif,Model_1366_af3_basic_af3_seed_889892_sample_1_pred_821.cif,1366,AF3,af3_basic,889892,1,821,basic,,False,casp17/massivefold_external_pool_intake/h2312_t329/extracted_models/H2312_all_pdbs/Model_1366_af3_basic_af3_seed_889892_sample_1_pred_821.cif,awaiting_extract,"MassiveFold model pool index only. It parses organizer-provided external model tarball listings and stages balanced extraction/rerank candidates. These models remain external rerank and accuracy-estimation inputs, not internal predictions, not CASP submissions, and not competitive-proof evidence."
3,H2312,H2312_T329,9938,H2312_all_pdbs/Model_1353_af3_basic_af3_seed_889887_sample_3_pred_798.cif,Model_1353_af3_basic_af3_seed_889887_sample_3_pred_798.cif,1353,AF3,af3_basic,889887,3,798,basic,,False,casp17/massivefold_external_pool_intake/h2312_t329/extracted_models/H2312_all_pdbs/Model_1353_af3_basic_af3_seed_889887_sample_3_pred_798.cif,awaiting_extract,"MassiveFold model pool index only. It parses organizer-provided external model tarball listings and stages balanced extraction/rerank candidates. These models remain external rerank and accuracy-estimation inputs, not internal predictions, not CASP submissions, and not competitive-proof evidence."
3,H2312,H2312_T329,9949,H2312_all_pdbs/Model_1445_af3_basic_af3_seed_735225_sample_1_pred_606.cif,Model_1445_af3_basic_af3_seed_735225_sample_1_pred_606.cif,1445,AF3,af3_basic,735225,1,606,basic,,False,casp17/massivefold_external_pool_intake/h2312_t329/extracted_models/H2312_all_pdbs/Model_1445_af3_basic_af3_seed_735225_sample_1_pred_606.cif,awaiting_extract,"MassiveFold model pool index only. It parses organizer-provided external model tarball listings and stages balanced extraction/rerank candidates. These models remain external rerank and accuracy-estimation inputs, not internal predictions, not CASP submissions, and not competitive-proof evidence."
3,H2312,H2312_T329,9950,H2312_all_pdbs/Model_1145_af3_basic_af3_seed_163608_sample_0_pred_20.cif,Model_1145_af3_basic_af3_seed_163608_sample_0_pred_20.cif,1145,AF3,af3_basic,163608,0,20,basic,,False,casp17/massivefold_external_pool_intake/h2312_t329/extracted_models/H2312_all_pdbs/Model_1145_af3_basic_af3_seed_163608_sample_0_pred_20.cif,awaiting_extract,"MassiveFold model pool index only. It parses organizer-provided external model tarball listings and stages balanced extraction/rerank candidates. These models remain external rerank and accuracy-estimation inputs, not internal predictions, not CASP submissions, and not competitive-proof evidence."
3,H2312,H2312_T329,9983,H2312_all_pdbs/Model_3540_af3_basic_af3_seed_889896_sample_1_pred_841.cif,Model_3540_af3_basic_af3_seed_889896_sample_1_pred_841.cif,3540,AF3,af3_basic,889896,1,841,basic,,False,casp17/massivefold_external_pool_intake/h2312_t329/extracted_models/H2312_all_pdbs/Model_3540_af3_basic_af3_seed_889896_sample_1_pred_841.cif,awaiting_extract,"MassiveFold model pool index only. It parses organizer-provided external model tarball listings and stages balanced extraction/rerank candidates. These models remain external rerank and accuracy-estimation inputs, not internal predictions, not CASP submissions, and not competitive-proof evidence."
3,H2312,H2312_T329,10002,H2312_all_pdbs/Model_1501_af3_basic_af3_seed_207375_sample_3_pred_998.cif,Model_1501_af3_basic_af3_seed_207375_sample_3_pred_998.cif,1501,AF3,af3_basic,207375,3,998,basic,,False,casp17/massivefold_external_pool_intake/h2312_t329/extracted_models/H2312_all_pdbs/Model_1501_af3_basic_af3_seed_207375_sample_3_pred_998.cif,awaiting_extract,"MassiveFold model pool index only. It parses organizer-provided external model tarball listings and stages balanced extraction/rerank candidates. These models remain external rerank and accuracy-estimation inputs, not internal predictions, not CASP submissions, and not competitive-proof evidence."
3,H2312,H2312_T329,10018,H2312_all_pdbs/Model_1489_af3_basic_af3_seed_889887_sample_2_pred_797.cif,Model_1489_af3_basic_af3_seed_889887_sample_2_pred_797.cif,1489,AF3,af3_basic,889887,2,797,basic,,False,casp17/massivefold_external_pool_intake/h2312_t329/extracted_models/H2312_all_pdbs/Model_1489_af3_basic_af3_seed_889887_sample_2_pred_797.cif,awaiting_extract,"MassiveFold model pool index only. It parses organizer-provided external model tarball listings and stages balanced extraction/rerank candidates. These models remain external rerank and accuracy-estimation inputs, not internal predictions, not CASP submissions, and not competitive-proof evidence."
3,H2312,H2312_T329,10031,H2312_all_pdbs/Model_3356_af3_basic_af3_seed_207363_sample_0_pred_935.cif,Model_3356_af3_basic_af3_seed_207363_sample_0_pred_935.cif,3356,AF3,af3_basic,207363,0,935,basic,,False,casp17/massivefold_external_pool_intake/h2312_t329/extracted_models/H2312_all_pdbs/Model_3356_af3_basic_af3_seed_207363_sample_0_pred_935.cif,awaiting_extract,"MassiveFold model pool index only. It parses organizer-provided external model tarball listings and stages balanced extraction/rerank candidates. These models remain external rerank and accuracy-estimation inputs, not internal predictions, not CASP submissions, and not competitive-proof evidence."
3,H2312,H2312_T329,10036,H2312_all_pdbs/Model_1612_af3_basic_af3_seed_88511_sample_3_pred_453.cif,Model_1612_af3_basic_af3_seed_88511_sample_3_pred_453.cif,1612,AF3,af3_basic,88511,3,453,basic,,False,casp17/massivefold_external_pool_intake/h2312_t329/extracted_models/H2312_all_pdbs/Model_1612_af3_basic_af3_seed_88511_sample_3_pred_453.cif,awaiting_extract,"MassiveFold model pool index only. It parses organizer-provided external model tarball listings and stages balanced extraction/rerank candidates. These models remain external rerank and accuracy-estimation inputs, not internal predictions, not CASP submissions, and not competitive-proof evidence."
3,H2312,H2312_T329,10048,H2312_all_pdbs/Model_1078_af3_basic_af3_seed_735228_sample_4_pred_624.cif,Model_1078_af3_basic_af3_seed_735228_sample_4_pred_624.cif,1078,AF3,af3_basic,735228,4,624,basic,,False,casp17/massivefold_external_pool_intake/h2312_t329/extracted_models/H2312_all_pdbs/Model_1078_af3_basic_af3_seed_735228_sample_4_pred_624.cif,awaiting_extract,"MassiveFold model pool index only. It parses organizer-provided external model tarball listings and stages balanced extraction/rerank candidates. These models remain external rerank and accuracy-estimation inputs, not internal predictions, not CASP submissions, and not competitive-proof evidence."
3,H2312,H2312_T329,10074,H2312_all_pdbs/Model_980_af3_basic_af3_seed_889902_sample_4_pred_874.cif,Model_980_af3_basic_af3_seed_889902_sample_4_pred_874.cif,980,AF3,af3_basic,889902,4,874,basic,,False,casp17/massivefold_external_pool_intake/h2312_t329/extracted_models/H2312_all_pdbs/Model_980_af3_basic_af3_seed_889902_sample_4_pred_874.cif,awaiting_extract,"MassiveFold model pool index only. It parses organizer-provided external model tarball listings and stages balanced extraction/rerank candidates. These models remain external rerank and accuracy-estimation inputs, not internal predictions, not CASP submissions, and not competitive-proof evidence."
3,H2312,H2312_T329,10075,H2312_all_pdbs/Model_1547_af3_basic_af3_seed_676045_sample_3_pred_213.cif,Model_1547_af3_basic_af3_seed_676045_sample_3_pred_213.cif,1547,AF3,af3_basic,676045,3,213,basic,,False,casp17/massivefold_external_pool_intake/h2312_t329/extracted_models/H2312_all_pdbs/Model_1547_af3_basic_af3_seed_676045_sample_3_pred_213.cif,awaiting_extract,"MassiveFold model pool index only. It parses organizer-provided external model tarball listings and stages balanced extraction/rerank candidates. These models remain external rerank and accuracy-estimation inputs, not internal predictions, not CASP submissions, and not competitive-proof evidence."
3,H2312,H2312_T329,10079,H2312_all_pdbs/Model_64_af3_basic_af3_seed_861503_sample_2_pred_282.cif,Model_64_af3_basic_af3_seed_861503_sample_2_pred_282.cif,64,AF3,af3_basic,861503,2,282,basic,86,True,casp17/massivefold_external_pool_intake/h2312_t329/extracted_models/H2312_all_pdbs/Model_64_af3_basic_af3_seed_861503_sample_2_pred_282.cif,extracted,"MassiveFold model pool index only. It parses organizer-provided external model tarball listings and stages balanced extraction/rerank candidates. These models remain external rerank and accuracy-estimation inputs, not internal predictions, not CASP submissions, and not competitive-proof evidence."
3,H2312,H2312_T329,10081,H2312_all_pdbs/Model_1195_af3_basic_af3_seed_861504_sample_0_pred_285.cif,Model_1195_af3_basic_af3_seed_861504_sample_0_pred_285.cif,1195,AF3,af3_basic,861504,0,285,basic,,False,casp17/massivefold_external_pool_intake/h2312_t329/extracted_models/H2312_all_pdbs/Model_1195_af3_basic_af3_seed_861504_sample_0_pred_285.cif,awaiting_extract,"MassiveFold model pool index only. It parses organizer-provided external model tarball listings and stages balanced extraction/rerank candidates. These models remain external rerank and accuracy-estimation inputs, not internal predictions, not CASP submissions, and not competitive-proof evidence."
3,H2312,H2312_T329,10100,H2312_all_pdbs/Model_1535_af3_basic_af3_seed_163627_sample_3_pred_118.cif,Model_1535_af3_basic_af3_seed_163627_sample_3_pred_118.cif,1535,AF3,af3_basic,163627,3,118,basic,,False,casp17/massivefold_external_pool_intake/h2312_t329/extracted_models/H2312_all_pdbs/Model_1535_af3_basic_af3_seed_163627_sample_3_pred_118.cif,awaiting_extract,"MassiveFold model pool index only. It parses organizer-provided external model tarball listings and stages balanced extraction/rerank candidates. These models remain external rerank and accuracy-estimation inputs, not internal predictions, not CASP submissions, and not competitive-proof evidence."
3,H2312,H2312_T329,10104,H2312_all_pdbs/Model_1286_af3_basic_af3_seed_676041_sample_0_pred_190.cif,Model_1286_af3_basic_af3_seed_676041_sample_0_pred_190.cif,1286,AF3,af3_basic,676041,0,190,basic,,False,casp17/massivefold_external_pool_intake/h2312_t329/extracted_models/H2312_all_pdbs/Model_1286_af3_basic_af3_seed_676041_sample_0_pred_190.cif,awaiting_extract,"MassiveFold model pool index only. It parses organizer-provided external model tarball listings and stages balanced extraction/rerank candidates. These models remain external rerank and accuracy-estimation inputs, not internal predictions, not CASP submissions, and not competitive-proof evidence."
3,H2312,H2312_T329,10111,H2312_all_pdbs/Model_3492_af3_basic_af3_seed_809675_sample_3_pred_698.cif,Model_3492_af3_basic_af3_seed_809675_sample_3_pred_698.cif,3492,AF3,af3_basic,809675,3,698,basic,,False,casp17/massivefold_external_pool_intake/h2312_t329/extracted_models/H2312_all_pdbs/Model_3492_af3_basic_af3_seed_809675_sample_3_pred_698.cif,awaiting_extract,"MassiveFold model pool index only. It parses organizer-provided external model tarball listings and stages balanced extraction/rerank candidates. These models remain external rerank and accuracy-estimation inputs, not internal predictions, not CASP submissions, and not competitive-proof evidence."
3,H2312,H2312_T329,10115,H2312_all_pdbs/Model_1350_af3_basic_af3_seed_163622_sample_2_pred_92.cif,Model_1350_af3_basic_af3_seed_163622_sample_2_pred_92.cif,1350,AF3,af3_basic,163622,2,92,basic,,False,casp17/massivefold_external_pool_intake/h2312_t329/extracted_models/H2312_all_pdbs/Model_1350_af3_basic_af3_seed_163622_sample_2_pred_92.cif,awaiting_extract,"MassiveFold model pool index only. It parses organizer-provided external model tarball listings and stages balanced extraction/rerank candidates. These models remain external rerank and accuracy-estimation inputs, not internal predictions, not CASP submissions, and not competitive-proof evidence."
3,H2312,H2312_T329,10121,H2312_all_pdbs/Model_3559_af3_basic_af3_seed_861518_sample_2_pred_357.cif,Model_3559_af3_basic_af3_seed_861518_sample_2_pred_357.cif,3559,AF3,af3_basic,861518,2,357,basic,,False,casp17/massivefold_external_pool_intake/h2312_t329/extracted_models/H2312_all_pdbs/Model_3559_af3_basic_af3_seed_861518_sample_2_pred_357.cif,awaiting_extract,"MassiveFold model pool index only. It parses organizer-provided external model tarball listings and stages balanced extraction/rerank candidates. These models remain external rerank and accuracy-estimation inputs, not internal predictions, not CASP submissions, and not competitive-proof evidence."
3,H2312,H2312_T329,10128,H2312_all_pdbs/Model_1431_af3_basic_af3_seed_207367_sample_0_pred_955.cif,Model_1431_af3_basic_af3_seed_207367_sample_0_pred_955.cif,1431,AF3,af3_basic,207367,0,955,basic,,False,casp17/massivefold_external_pool_intake/h2312_t329/extracted_models/H2312_all_pdbs/Model_1431_af3_basic_af3_seed_207367_sample_0_pred_955.cif,awaiting_extract,"MassiveFold model pool index only. It parses organizer-provided external model tarball listings and stages balanced extraction/rerank candidates. These models remain external rerank and accuracy-estimation inputs, not internal predictions, not CASP submissions, and not competitive-proof evidence."
3,H2312,H2312_T329,10151,H2312_all_pdbs/Model_1285_af3_basic_af3_seed_861514_sample_4_pred_339.cif,Model_1285_af3_basic_af3_seed_861514_sample_4_pred_339.cif,1285,AF3,af3_basic,861514,4,339,basic,,False,casp17/massivefold_external_pool_intake/h2312_t329/extracted_models/H2312_all_pdbs/Model_1285_af3_basic_af3_seed_861514_sample_4_pred_339.cif,awaiting_extract,"MassiveFold model pool index only. It parses organizer-provided external model tarball listings and stages balanced extraction/rerank candidates. These models remain external rerank and accuracy-estimation inputs, not internal predictions, not CASP submissions, and not competitive-proof evidence."
3,H2312,H2312_T329,10164,H2312_all_pdbs/Model_1307_af3_basic_af3_seed_207372_sample_0_pred_980.cif,Model_1307_af3_basic_af3_seed_207372_sample_0_pred_980.cif,1307,AF3,af3_basic,207372,0,980,basic,,False,casp17/massivefold_external_pool_intake/h2312_t329/extracted_models/H2312_all_pdbs/Model_1307_af3_basic_af3_seed_207372_sample_0_pred_980.cif,awaiting_extract,"MassiveFold model pool index only. It parses organizer-provided external model tarball listings and stages balanced extraction/rerank candidates. These models remain external rerank and accuracy-estimation inputs, not internal predictions, not CASP submissions, and not competitive-proof evidence."
3,H2312,H2312_T329,10179,H2312_all_pdbs/Model_1261_af3_basic_af3_seed_809681_sample_3_pred_728.cif,Model_1261_af3_basic_af3_seed_809681_sample_3_pred_728.cif,1261,AF3,af3_basic,809681,3,728,basic,,False,casp17/massivefold_external_pool_intake/h2312_t329/extracted_models/H2312_all_pdbs/Model_1261_af3_basic_af3_seed_809681_sample_3_pred_728.cif,awaiting_extract,"MassiveFold model pool index only. It parses organizer-provided external model tarball listings and stages balanced extraction/rerank candidates. These models remain external rerank and accuracy-estimation inputs, not internal predictions, not CASP submissions, and not competitive-proof evidence."
3,H2312,H2312_T329,10182,H2312_all_pdbs/Model_3403_af3_basic_af3_seed_207368_sample_3_pred_963.cif,Model_3403_af3_basic_af3_seed_207368_sample_3_pred_963.cif,3403,AF3,af3_basic,207368,3,963,basic,,False,casp17/massivefold_external_pool_intake/h2312_t329/extracted_models/H2312_all_pdbs/Model_3403_af3_basic_af3_seed_207368_sample_3_pred_963.cif,awaiting_extract,"MassiveFold model pool index only. It parses organizer-provided external model tarball listings and stages balanced extraction/rerank candidates. These models remain external rerank and accuracy-estimation inputs, not internal predictions, not CASP submissions, and not competitive-proof evidence."
3,H2312,H2312_T329,10183,H2312_all_pdbs/Model_997_af3_basic_af3_seed_809677_sample_0_pred_705.cif,Model_997_af3_basic_af3_seed_809677_sample_0_pred_705.cif,997,AF3,af3_basic,809677,0,705,basic,,False,casp17/massivefold_external_pool_intake/h2312_t329/extracted_models/H2312_all_pdbs/Model_997_af3_basic_af3_seed_809677_sample_0_pred_705.cif,awaiting_extract,"MassiveFold model pool index only. It parses organizer-provided external model tarball listings and stages balanced extraction/rerank candidates. These models remain external rerank and accuracy-estimation inputs, not internal predictions, not CASP submissions, and not competitive-proof evidence."
3,H2312,H2312_T329,10184,H2312_all_pdbs/Model_1027_af3_basic_af3_seed_88518_sample_0_pred_485.cif,Model_1027_af3_basic_af3_seed_88518_sample_0_pred_485.cif,1027,AF3,af3_basic,88518,0,485,basic,,False,casp17/massivefold_external_pool_intake/h2312_t329/extracted_models/H2312_all_pdbs/Model_1027_af3_basic_af3_seed_88518_sample_0_pred_485.cif,awaiting_extract,"MassiveFold model pool index only. It parses organizer-provided external model tarball listings and stages balanced extraction/rerank candidates. These models remain external rerank and accuracy-estimation inputs, not internal predictions, not CASP submissions, and not competitive-proof evidence."
3,H2312,H2312_T329,10187,H2312_all_pdbs/Model_1422_af3_basic_af3_seed_163617_sample_1_pred_66.cif,Model_1422_af3_basic_af3_seed_163617_sample_1_pred_66.cif,1422,AF3,af3_basic,163617,1,66,basic,,False,casp17/massivefold_external_pool_intake/h2312_t329/extracted_models/H2312_all_pdbs/Model_1422_af3_basic_af3_seed_163617_sample_1_pred_66.cif,awaiting_extract,"MassiveFold model pool index only. It parses organizer-provided external model tarball listings and stages balanced extraction/rerank candidates. These models remain external rerank and accuracy-estimation inputs, not internal predictions, not CASP submissions, and not competitive-proof evidence."
3,H2312,H2312_T329,10223,H2312_all_pdbs/Model_1412_af3_basic_af3_seed_861502_sample_3_pred_278.cif,Model_1412_af3_basic_af3_seed_861502_sample_3_pred_278.cif,1412,AF3,af3_basic,861502,3,278,basic,,False,casp17/massivefold_external_pool_intake/h2312_t329/extracted_models/H2312_all_pdbs/Model_1412_af3_basic_af3_seed_861502_sample_3_pred_278.cif,awaiting_extract,"MassiveFold model pool index only. It parses organizer-provided external model tarball listings and stages balanced extraction/rerank candidates. These models remain external rerank and accuracy-estimation inputs, not internal predictions, not CASP submissions, and not competitive-proof evidence."
3,H2312,H2312_T329,10225,H2312_all_pdbs/Model_1056_af3_basic_af3_seed_163604_sample_2_pred_2.cif,Model_1056_af3_basic_af3_seed_163604_sample_2_pred_2.cif,1056,AF3,af3_basic,163604,2,2,basic,,False,casp17/massivefold_external_pool_intake/h2312_t329/extracted_models/H2312_all_pdbs/Model_1056_af3_basic_af3_seed_163604_sample_2_pred_2.cif,awaiting_extract,"MassiveFold model pool index only. It parses organizer-provided external model tarball listings and stages balanced extraction/rerank candidates. These models remain external rerank and accuracy-estimation inputs, not internal predictions, not CASP submissions, and not competitive-proof evidence."
3,H2312,H2312_T329,10263,H2312_all_pdbs/Model_1376_af3_basic_af3_seed_861513_sample_1_pred_331.cif,Model_1376_af3_basic_af3_seed_861513_sample_1_pred_331.cif,1376,AF3,af3_basic,861513,1,331,basic,,False,casp17/massivefold_external_pool_intake/h2312_t329/extracted_models/H2312_all_pdbs/Model_1376_af3_basic_af3_seed_861513_sample_1_pred_331.cif,awaiting_extract,"MassiveFold model pool index only. It parses organizer-provided external model tarball listings and stages balanced extraction/rerank candidates. These models remain external rerank and accuracy-estimation inputs, not internal predictions, not CASP submissions, and not competitive-proof evidence."
3,H2312,H2312_T329,10283,H2312_all_pdbs/Model_1216_af3_basic_af3_seed_809673_sample_0_pred_685.cif,Model_1216_af3_basic_af3_seed_809673_sample_0_pred_685.cif,1216,AF3,af3_basic,809673,0,685,basic,,False,casp17/massivefold_external_pool_intake/h2312_t329/extracted_models/H2312_all_pdbs/Model_1216_af3_basic_af3_seed_809673_sample_0_pred_685.cif,awaiting_extract,"MassiveFold model pool index only. It parses organizer-provided external model tarball listings and stages balanced extraction/rerank candidates. These models remain external rerank and accuracy-estimation inputs, not internal predictions, not CASP submissions, and not competitive-proof evidence."
3,H2312,H2312_T329,10301,H2312_all_pdbs/Model_1360_af3_basic_af3_seed_163618_sample_0_pred_70.cif,Model_1360_af3_basic_af3_seed_163618_sample_0_pred_70.cif,1360,AF3,af3_basic,163618,0,70,basic,,False,casp17/massivefold_external_pool_intake/h2312_t329/extracted_models/H2312_all_pdbs/Model_1360_af3_basic_af3_seed_163618_sample_0_pred_70.cif,awaiting_extract,"MassiveFold model pool index only. It parses organizer-provided external model tarball listings and stages balanced extraction/rerank candidates. These models remain external rerank and accuracy-estimation inputs, not internal predictions, not CASP submissions, and not competitive-proof evidence."
3,H2312,H2312_T329,10303,H2312_all_pdbs/Model_1357_af3_basic_af3_seed_207358_sample_2_pred_912.cif,Model_1357_af3_basic_af3_seed_207358_sample_2_pred_912.cif,1357,AF3,af3_basic,207358,2,912,basic,,False,casp17/massivefold_external_pool_intake/h2312_t329/extracted_models/H2312_all_pdbs/Model_1357_af3_basic_af3_seed_207358_sample_2_pred_912.cif,awaiting_extract,"MassiveFold model pool index only. It parses organizer-provided external model tarball listings and stages balanced extraction/rerank candidates. These models remain external rerank and accuracy-estimation inputs, not internal predictions, not CASP submissions, and not competitive-proof evidence."
3,H2312,H2312_T329,10307,H2312_all_pdbs/Model_4268_af3_basic_af3_seed_889886_sample_4_pred_794.cif,Model_4268_af3_basic_af3_seed_889886_sample_4_pred_794.cif,4268,AF3,af3_basic,889886,4,794,basic,,False,casp17/massivefold_external_pool_intake/h2312_t329/extracted_models/H2312_all_pdbs/Model_4268_af3_basic_af3_seed_889886_sample_4_pred_794.cif,awaiting_extract,"MassiveFold model pool index only. It parses organizer-provided external model tarball listings and stages balanced extraction/rerank candidates. These models remain external rerank and accuracy-estimation inputs, not internal predictions, not CASP submissions, and not competitive-proof evidence."
3,H2312,H2312_T329,10309,H2312_all_pdbs/Model_1174_af3_basic_af3_seed_676051_sample_3_pred_243.cif,Model_1174_af3_basic_af3_seed_676051_sample_3_pred_243.cif,1174,AF3,af3_basic,676051,3,243,basic,,False,casp17/massivefold_external_pool_intake/h2312_t329/extracted_models/H2312_all_pdbs/Model_1174_af3_basic_af3_seed_676051_sample_3_pred_243.cif,awaiting_extract,"MassiveFold model pool index only. It parses organizer-provided external model tarball listings and stages balanced extraction/rerank candidates. These models remain external rerank and accuracy-estimation inputs, not internal predictions, not CASP submissions, and not competitive-proof evidence."
3,H2312,H2312_T329,10361,H2312_all_pdbs/Model_1638_af3_basic_af3_seed_88520_sample_0_pred_495.cif,Model_1638_af3_basic_af3_seed_88520_sample_0_pred_495.cif,1638,AF3,af3_basic,88520,0,495,basic,,False,casp17/massivefold_external_pool_intake/h2312_t329/extracted_models/H2312_all_pdbs/Model_1638_af3_basic_af3_seed_88520_sample_0_pred_495.cif,awaiting_extract,"MassiveFold model pool index only. It parses organizer-provided external model tarball listings and stages balanced extraction/rerank candidates. These models remain external rerank and accuracy-estimation inputs, not internal predictions, not CASP submissions, and not competitive-proof evidence."
3,H2312,H2312_T329,10369,H2312_all_pdbs/Model_1611_af3_basic_af3_seed_207357_sample_2_pred_907.cif,Model_1611_af3_basic_af3_seed_207357_sample_2_pred_907.cif,1611,AF3,af3_basic,207357,2,907,basic,,False,casp17/massivefold_external_pool_intake/h2312_t329/extracted_models/H2312_all_pdbs/Model_1611_af3_basic_af3_seed_207357_sample_2_pred_907.cif,awaiting_extract,"MassiveFold model pool index only. It parses organizer-provided external model tarball listings and stages balanced extraction/rerank candidates. These models remain external rerank and accuracy-estimation inputs, not internal predictions, not CASP submissions, and not competitive-proof evidence."
3,H2312,H2312_T329,10375,H2312_all_pdbs/Model_3379_af3_basic_af3_seed_207369_sample_0_pred_965.cif,Model_3379_af3_basic_af3_seed_207369_sample_0_pred_965.cif,3379,AF3,af3_basic,207369,0,965,basic,,False,casp17/massivefold_external_pool_intake/h2312_t329/extracted_models/H2312_all_pdbs/Model_3379_af3_basic_af3_seed_207369_sample_0_pred_965.cif,awaiting_extract,"MassiveFold model pool index only. It parses organizer-provided external model tarball listings and stages balanced extraction/rerank candidates. These models remain external rerank and accuracy-estimation inputs, not internal predictions, not CASP submissions, and not competitive-proof evidence."
3,H2312,H2312_T329,10384,H2312_all_pdbs/Model_1592_af3_basic_af3_seed_88504_sample_2_pred_417.cif,Model_1592_af3_basic_af3_seed_88504_sample_2_pred_417.cif,1592,AF3,af3_basic,88504,2,417,basic,,False,casp17/massivefold_external_pool_intake/h2312_t329/extracted_models/H2312_all_pdbs/Model_1592_af3_basic_af3_seed_88504_sample_2_pred_417.cif,awaiting_extract,"MassiveFold model pool index only. It parses organizer-provided external model tarball listings and stages balanced extraction/rerank candidates. These models remain external rerank and accuracy-estimation inputs, not internal predictions, not CASP submissions, and not competitive-proof evidence."
3,H2312,H2312_T329,10401,H2312_all_pdbs/Model_3530_af3_basic_af3_seed_861520_sample_2_pred_367.cif,Model_3530_af3_basic_af3_seed_861520_sample_2_pred_367.cif,3530,AF3,af3_basic,861520,2,367,basic,,False,casp17/massivefold_external_pool_intake/h2312_t329/extracted_models/H2312_all_pdbs/Model_3530_af3_basic_af3_seed_861520_sample_2_pred_367.cif,awaiting_extract,"MassiveFold model pool index only. It parses organizer-provided external model tarball listings and stages balanced extraction/rerank candidates. These models remain external rerank and accuracy-estimation inputs, not internal predictions, not CASP submissions, and not competitive-proof evidence."
3,H2312,H2312_T329,10408,H2312_all_pdbs/Model_1419_af3_basic_af3_seed_809662_sample_2_pred_632.cif,Model_1419_af3_basic_af3_seed_809662_sample_2_pred_632.cif,1419,AF3,af3_basic,809662,2,632,basic,,False,casp17/massivefold_external_pool_intake/h2312_t329/extracted_models/H2312_all_pdbs/Model_1419_af3_basic_af3_seed_809662_sample_2_pred_632.cif,awaiting_extract,"MassiveFold model pool index only. It parses organizer-provided external model tarball listings and stages balanced extraction/rerank candidates. These models remain external rerank and accuracy-estimation inputs, not internal predictions, not CASP submissions, and not competitive-proof evidence."
3,H2312,H2312_T329,10427,H2312_all_pdbs/Model_4270_af3_basic_af3_seed_889888_sample_0_pred_800.cif,Model_4270_af3_basic_af3_seed_889888_sample_0_pred_800.cif,4270,AF3,af3_basic,889888,0,800,basic,,False,casp17/massivefold_external_pool_intake/h2312_t329/extracted_models/H2312_all_pdbs/Model_4270_af3_basic_af3_seed_889888_sample_0_pred_800.cif,awaiting_extract,"MassiveFold model pool index only. It parses organizer-provided external model tarball listings and stages balanced extraction/rerank candidates. These models remain external rerank and accuracy-estimation inputs, not internal predictions, not CASP submissions, and not competitive-proof evidence."
3,H2312,H2312_T329,10453,H2312_all_pdbs/Model_1662_af3_basic_af3_seed_88508_sample_4_pred_439.cif,Model_1662_af3_basic_af3_seed_88508_sample_4_pred_439.cif,1662,AF3,af3_basic,88508,4,439,basic,,False,casp17/massivefold_external_pool_intake/h2312_t329/extracted_models/H2312_all_pdbs/Model_1662_af3_basic_af3_seed_88508_sample_4_pred_439.cif,awaiting_extract,"MassiveFold model pool index only. It parses organizer-provided external model tarball listings and stages balanced extraction/rerank candidates. These models remain external rerank and accuracy-estimation inputs, not internal predictions, not CASP submissions, and not competitive-proof evidence."
3,H2312,H2312_T329,10495,H2312_all_pdbs/Model_3501_af3_basic_af3_seed_207373_sample_0_pred_985.cif,Model_3501_af3_basic_af3_seed_207373_sample_0_pred_985.cif,3501,AF3,af3_basic,207373,0,985,basic,,False,casp17/massivefold_external_pool_intake/h2312_t329/extracted_models/H2312_all_pdbs/Model_3501_af3_basic_af3_seed_207373_sample_0_pred_985.cif,awaiting_extract,"MassiveFold model pool index only. It parses organizer-provided external model tarball listings and stages balanced extraction/rerank candidates. These models remain external rerank and accuracy-estimation inputs, not internal predictions, not CASP submissions, and not competitive-proof evidence."
3,H2312,H2312_T329,10511,H2312_all_pdbs/Model_1010_af3_basic_af3_seed_735227_sample_4_pred_619.cif,Model_1010_af3_basic_af3_seed_735227_sample_4_pred_619.cif,1010,AF3,af3_basic,735227,4,619,basic,,False,casp17/massivefold_external_pool_intake/h2312_t329/extracted_models/H2312_all_pdbs/Model_1010_af3_basic_af3_seed_735227_sample_4_pred_619.cif,awaiting_extract,"MassiveFold model pool index only. It parses organizer-provided external model tarball listings and stages balanced extraction/rerank candidates. These models remain external rerank and accuracy-estimation inputs, not internal predictions, not CASP submissions, and not competitive-proof evidence."
3,H2312,H2312_T329,10513,H2312_all_pdbs/Model_3340_af3_basic_af3_seed_163608_sample_2_pred_22.cif,Model_3340_af3_basic_af3_seed_163608_sample_2_pred_22.cif,3340,AF3,af3_basic,163608,2,22,basic,,False,casp17/massivefold_external_pool_intake/h2312_t329/extracted_models/H2312_all_pdbs/Model_3340_af3_basic_af3_seed_163608_sample_2_pred_22.cif,awaiting_extract,"MassiveFold model pool index only. It parses organizer-provided external model tarball listings and stages balanced extraction/rerank candidates. These models remain external rerank and accuracy-estimation inputs, not internal predictions, not CASP submissions, and not competitive-proof evidence."
3,H2312,H2312_T329,10532,H2312_all_pdbs/Model_1473_af3_basic_af3_seed_163617_sample_3_pred_68.cif,Model_1473_af3_basic_af3_seed_163617_sample_3_pred_68.cif,1473,AF3,af3_basic,163617,3,68,basic,,False,casp17/massivefold_external_pool_intake/h2312_t329/extracted_models/H2312_all_pdbs/Model_1473_af3_basic_af3_seed_163617_sample_3_pred_68.cif,awaiting_extract,"MassiveFold model pool index only. It parses organizer-provided external model tarball listings and stages balanced extraction/rerank candidates. These models remain external rerank and accuracy-estimation inputs, not internal predictions, not CASP submissions, and not competitive-proof evidence."
3,H2312,H2312_T329,10540,H2312_all_pdbs/Model_1534_af3_basic_af3_seed_735220_sample_4_pred_584.cif,Model_1534_af3_basic_af3_seed_735220_sample_4_pred_584.cif,1534,AF3,af3_basic,735220,4,584,basic,,False,casp17/massivefold_external_pool_intake/h2312_t329/extracted_models/H2312_all_pdbs/Model_1534_af3_basic_af3_seed_735220_sample_4_pred_584.cif,awaiting_extract,"MassiveFold model pool index only. It parses organizer-provided external model tarball listings and stages balanced extraction/rerank candidates. These models remain external rerank and accuracy-estimation inputs, not internal predictions, not CASP submissions, and not competitive-proof evidence."
3,H2312,H2312_T329,10545,H2312_all_pdbs/Model_3539_af3_basic_af3_seed_809678_sample_3_pred_713.cif,Model_3539_af3_basic_af3_seed_809678_sample_3_pred_713.cif,3539,AF3,af3_basic,809678,3,713,basic,,False,casp17/massivefold_external_pool_intake/h2312_t329/extracted_models/H2312_all_pdbs/Model_3539_af3_basic_af3_seed_809678_sample_3_pred_713.cif,awaiting_extract,"MassiveFold model pool index only. It parses organizer-provided external model tarball listings and stages balanced extraction/rerank candidates. These models remain external rerank and accuracy-estimation inputs, not internal predictions, not CASP submissions, and not competitive-proof evidence."
3,H2312,H2312_T329,10557,H2312_all_pdbs/Model_1531_af3_basic_af3_seed_861501_sample_0_pred_270.cif,Model_1531_af3_basic_af3_seed_861501_sample_0_pred_270.cif,1531,AF3,af3_basic,861501,0,270,basic,,False,casp17/massivefold_external_pool_intake/h2312_t329/extracted_models/H2312_all_pdbs/Model_1531_af3_basic_af3_seed_861501_sample_0_pred_270.cif,awaiting_extract,"MassiveFold model pool index only. It parses organizer-provided external model tarball listings and stages balanced extraction/rerank candidates. These models remain external rerank and accuracy-estimation inputs, not internal predictions, not CASP submissions, and not competitive-proof evidence."
3,H2312,H2312_T329,10571,H2312_all_pdbs/Model_1238_af3_basic_af3_seed_889894_sample_4_pred_834.cif,Model_1238_af3_basic_af3_seed_889894_sample_4_pred_834.cif,1238,AF3,af3_basic,889894,4,834,basic,,False,casp17/massivefold_external_pool_intake/h2312_t329/extracted_models/H2312_all_pdbs/Model_1238_af3_basic_af3_seed_889894_sample_4_pred_834.cif,awaiting_extract,"MassiveFold model pool index only. It parses organizer-provided external model tarball listings and stages balanced extraction/rerank candidates. These models remain external rerank and accuracy-estimation inputs, not internal predictions, not CASP submissions, and not competitive-proof evidence."
3,H2312,H2312_T329,10576,H2312_all_pdbs/Model_3429_af3_basic_af3_seed_163609_sample_4_pred_29.cif,Model_3429_af3_basic_af3_seed_163609_sample_4_pred_29.cif,3429,AF3,af3_basic,163609,4,29,basic,,False,casp17/massivefold_external_pool_intake/h2312_t329/extracted_models/H2312_all_pdbs/Model_3429_af3_basic_af3_seed_163609_sample_4_pred_29.cif,awaiting_extract,"MassiveFold model pool index only. It parses organizer-provided external model tarball listings and stages balanced extraction/rerank candidates. These models remain external rerank and accuracy-estimation inputs, not internal predictions, not CASP submissions, and not competitive-proof evidence."
3,H2312,H2312_T329,10585,H2312_all_pdbs/Model_1129_af3_basic_af3_seed_207354_sample_3_pred_893.cif,Model_1129_af3_basic_af3_seed_207354_sample_3_pred_893.cif,1129,AF3,af3_basic,207354,3,893,basic,,False,casp17/massivefold_external_pool_intake/h2312_t329/extracted_models/H2312_all_pdbs/Model_1129_af3_basic_af3_seed_207354_sample_3_pred_893.cif,awaiting_extract,"MassiveFold model pool index only. It parses organizer-provided external model tarball listings and stages balanced extraction/rerank candidates. These models remain external rerank and accuracy-estimation inputs, not internal predictions, not CASP submissions, and not competitive-proof evidence."
3,H2312,H2312_T329,10603,H2312_all_pdbs/Model_3324_af3_basic_af3_seed_207374_sample_3_pred_993.cif,Model_3324_af3_basic_af3_seed_207374_sample_3_pred_993.cif,3324,AF3,af3_basic,207374,3,993,basic,,False,casp17/massivefold_external_pool_intake/h2312_t329/extracted_models/H2312_all_pdbs/Model_3324_af3_basic_af3_seed_207374_sample_3_pred_993.cif,awaiting_extract,"MassiveFold model pool index only. It parses organizer-provided external model tarball listings and stages balanced extraction/rerank candidates. These models remain external rerank and accuracy-estimation inputs, not internal predictions, not CASP submissions, and not competitive-proof evidence."
3,H2312,H2312_T329,10644,H2312_all_pdbs/Model_1172_af3_basic_af3_seed_889885_sample_2_pred_787.cif,Model_1172_af3_basic_af3_seed_889885_sample_2_pred_787.cif,1172,AF3,af3_basic,889885,2,787,basic,,False,casp17/massivefold_external_pool_intake/h2312_t329/extracted_models/H2312_all_pdbs/Model_1172_af3_basic_af3_seed_889885_sample_2_pred_787.cif,awaiting_extract,"MassiveFold model pool index only. It parses organizer-provided external model tarball listings and stages balanced extraction/rerank candidates. These models remain external rerank and accuracy-estimation inputs, not internal predictions, not CASP submissions, and not competitive-proof evidence."
3,H2312,H2312_T329,10663,H2312_all_pdbs/Model_1333_af3_basic_af3_seed_163606_sample_2_pred_12.cif,Model_1333_af3_basic_af3_seed_163606_sample_2_pred_12.cif,1333,AF3,af3_basic,163606,2,12,basic,,False,casp17/massivefold_external_pool_intake/h2312_t329/extracted_models/H2312_all_pdbs/Model_1333_af3_basic_af3_seed_163606_sample_2_pred_12.cif,awaiting_extract,"MassiveFold model pool index only. It parses organizer-provided external model tarball listings and stages balanced extraction/rerank candidates. These models remain external rerank and accuracy-estimation inputs, not internal predictions, not CASP submissions, and not competitive-proof evidence."
3,H2312,H2312_T329,10684,H2312_all_pdbs/Model_1201_af3_basic_af3_seed_676042_sample_4_pred_199.cif,Model_1201_af3_basic_af3_seed_676042_sample_4_pred_199.cif,1201,AF3,af3_basic,676042,4,199,basic,,False,casp17/massivefold_external_pool_intake/h2312_t329/extracted_models/H2312_all_pdbs/Model_1201_af3_basic_af3_seed_676042_sample_4_pred_199.cif,awaiting_extract,"MassiveFold model pool index only. It parses organizer-provided external model tarball listings and stages balanced extraction/rerank candidates. These models remain external rerank and accuracy-estimation inputs, not internal predictions, not CASP submissions, and not competitive-proof evidence."
3,H2312,H2312_T329,10689,H2312_all_pdbs/Model_3458_af3_basic_af3_seed_88516_sample_2_pred_477.cif,Model_3458_af3_basic_af3_seed_88516_sample_2_pred_477.cif,3458,AF3,af3_basic,88516,2,477,basic,,False,casp17/massivefold_external_pool_intake/h2312_t329/extracted_models/H2312_all_pdbs/Model_3458_af3_basic_af3_seed_88516_sample_2_pred_477.cif,awaiting_extract,"MassiveFold model pool index only. It parses organizer-provided external model tarball listings and stages balanced extraction/rerank candidates. These models remain external rerank and accuracy-estimation inputs, not internal predictions, not CASP submissions, and not competitive-proof evidence."
3,H2312,H2312_T329,10697,H2312_all_pdbs/Model_1627_af3_basic_af3_seed_207366_sample_2_pred_952.cif,Model_1627_af3_basic_af3_seed_207366_sample_2_pred_952.cif,1627,AF3,af3_basic,207366,2,952,basic,,False,casp17/massivefold_external_pool_intake/h2312_t329/extracted_models/H2312_all_pdbs/Model_1627_af3_basic_af3_seed_207366_sample_2_pred_952.cif,awaiting_extract,"MassiveFold model pool index only. It parses organizer-provided external model tarball listings and stages balanced extraction/rerank candidates. These models remain external rerank and accuracy-estimation inputs, not internal predictions, not CASP submissions, and not competitive-proof evidence."
3,H2312,H2312_T329,10699,H2312_all_pdbs/Model_1476_af3_basic_af3_seed_207362_sample_3_pred_933.cif,Model_1476_af3_basic_af3_seed_207362_sample_3_pred_933.cif,1476,AF3,af3_basic,207362,3,933,basic,,False,casp17/massivefold_external_pool_intake/h2312_t329/extracted_models/H2312_all_pdbs/Model_1476_af3_basic_af3_seed_207362_sample_3_pred_933.cif,awaiting_extract,"MassiveFold model pool index only. It parses organizer-provided external model tarball listings and stages balanced extraction/rerank candidates. These models remain external rerank and accuracy-estimation inputs, not internal predictions, not CASP submissions, and not competitive-proof evidence."
3,H2312,H2312_T329,10704,H2312_all_pdbs/Model_1397_af3_basic_af3_seed_889884_sample_0_pred_780.cif,Model_1397_af3_basic_af3_seed_889884_sample_0_pred_780.cif,1397,AF3,af3_basic,889884,0,780,basic,,False,casp17/massivefold_external_pool_intake/h2312_t329/extracted_models/H2312_all_pdbs/Model_1397_af3_basic_af3_seed_889884_sample_0_pred_780.cif,awaiting_extract,"MassiveFold model pool index only. It parses organizer-provided external model tarball listings and stages balanced extraction/rerank candidates. These models remain external rerank and accuracy-estimation inputs, not internal predictions, not CASP submissions, and not competitive-proof evidence."
3,H2312,H2312_T329,10715,H2312_all_pdbs/Model_3400_af3_basic_af3_seed_676051_sample_2_pred_242.cif,Model_3400_af3_basic_af3_seed_676051_sample_2_pred_242.cif,3400,AF3,af3_basic,676051,2,242,basic,,False,casp17/massivefold_external_pool_intake/h2312_t329/extracted_models/H2312_all_pdbs/Model_3400_af3_basic_af3_seed_676051_sample_2_pred_242.cif,awaiting_extract,"MassiveFold model pool index only. It parses organizer-provided external model tarball listings and stages balanced extraction/rerank candidates. These models remain external rerank and accuracy-estimation inputs, not internal predictions, not CASP submissions, and not competitive-proof evidence."
3,H2312,H2312_T329,10721,H2312_all_pdbs/Model_974_af3_basic_af3_seed_88505_sample_1_pred_421.cif,Model_974_af3_basic_af3_seed_88505_sample_1_pred_421.cif,974,AF3,af3_basic,88505,1,421,basic,,False,casp17/massivefold_external_pool_intake/h2312_t329/extracted_models/H2312_all_pdbs/Model_974_af3_basic_af3_seed_88505_sample_1_pred_421.cif,awaiting_extract,"MassiveFold model pool index only. It parses organizer-provided external model tarball listings and stages balanced extraction/rerank candidates. These models remain external rerank and accuracy-estimation inputs, not internal predictions, not CASP submissions, and not competitive-proof evidence."
3,H2312,H2312_T329,10727,H2312_all_pdbs/Model_3485_af3_basic_af3_seed_735215_sample_3_pred_558.cif,Model_3485_af3_basic_af3_seed_735215_sample_3_pred_558.cif,3485,AF3,af3_basic,735215,3,558,basic,,False,casp17/massivefold_external_pool_intake/h2312_t329/extracted_models/H2312_all_pdbs/Model_3485_af3_basic_af3_seed_735215_sample_3_pred_558.cif,awaiting_extract,"MassiveFold model pool index only. It parses organizer-provided external model tarball listings and stages balanced extraction/rerank candidates. These models remain external rerank and accuracy-estimation inputs, not internal predictions, not CASP submissions, and not competitive-proof evidence."
3,H2312,H2312_T329,10738,H2312_all_pdbs/Model_1380_af3_basic_af3_seed_207356_sample_4_pred_904.cif,Model_1380_af3_basic_af3_seed_207356_sample_4_pred_904.cif,1380,AF3,af3_basic,207356,4,904,basic,,False,casp17/massivefold_external_pool_intake/h2312_t329/extracted_models/H2312_all_pdbs/Model_1380_af3_basic_af3_seed_207356_sample_4_pred_904.cif,awaiting_extract,"MassiveFold model pool index only. It parses organizer-provided external model tarball listings and stages balanced extraction/rerank candidates. These models remain external rerank and accuracy-estimation inputs, not internal predictions, not CASP submissions, and not competitive-proof evidence."
3,H2312,H2312_T329,10742,H2312_all_pdbs/Model_1450_af3_basic_af3_seed_88504_sample_0_pred_415.cif,Model_1450_af3_basic_af3_seed_88504_sample_0_pred_415.cif,1450,AF3,af3_basic,88504,0,415,basic,,False,casp17/massivefold_external_pool_intake/h2312_t329/extracted_models/H2312_all_pdbs/Model_1450_af3_basic_af3_seed_88504_sample_0_pred_415.cif,awaiting_extract,"MassiveFold model pool index only. It parses organizer-provided external model tarball listings and stages balanced extraction/rerank candidates. These models remain external rerank and accuracy-estimation inputs, not internal predictions, not CASP submissions, and not competitive-proof evidence."
3,H2312,H2312_T329,10767,H2312_all_pdbs/Model_1253_af3_basic_af3_seed_889898_sample_3_pred_853.cif,Model_1253_af3_basic_af3_seed_889898_sample_3_pred_853.cif,1253,AF3,af3_basic,889898,3,853,basic,,False,casp17/massivefold_external_pool_intake/h2312_t329/extracted_models/H2312_all_pdbs/Model_1253_af3_basic_af3_seed_889898_sample_3_pred_853.cif,awaiting_extract,"MassiveFold model pool index only. It parses organizer-provided external model tarball listings and stages balanced extraction/rerank candidates. These models remain external rerank and accuracy-estimation inputs, not internal predictions, not CASP submissions, and not competitive-proof evidence."
3,H2312,H2312_T329,10769,H2312_all_pdbs/Model_1083_af3_basic_af3_seed_207370_sample_4_pred_974.cif,Model_1083_af3_basic_af3_seed_207370_sample_4_pred_974.cif,1083,AF3,af3_basic,207370,4,974,basic,,False,casp17/massivefold_external_pool_intake/h2312_t329/extracted_models/H2312_all_pdbs/Model_1083_af3_basic_af3_seed_207370_sample_4_pred_974.cif,awaiting_extract,"MassiveFold model pool index only. It parses organizer-provided external model tarball listings and stages balanced extraction/rerank candidates. These models remain external rerank and accuracy-estimation inputs, not internal predictions, not CASP submissions, and not competitive-proof evidence."
3,H2312,H2312_T329,10774,H2312_all_pdbs/Model_1446_af3_basic_af3_seed_861501_sample_3_pred_273.cif,Model_1446_af3_basic_af3_seed_861501_sample_3_pred_273.cif,1446,AF3,af3_basic,861501,3,273,basic,,False,casp17/massivefold_external_pool_intake/h2312_t329/extracted_models/H2312_all_pdbs/Model_1446_af3_basic_af3_seed_861501_sample_3_pred_273.cif,awaiting_extract,"MassiveFold model pool index only. It parses organizer-provided external model tarball listings and stages balanced extraction/rerank candidates. These models remain external rerank and accuracy-estimation inputs, not internal predictions, not CASP submissions, and not competitive-proof evidence."
3,H2312,H2312_T329,10777,H2312_all_pdbs/Model_4250_af3_basic_af3_seed_207373_sample_2_pred_987.cif,Model_4250_af3_basic_af3_seed_207373_sample_2_pred_987.cif,4250,AF3,af3_basic,207373,2,987,basic,,False,casp17/massivefold_external_pool_intake/h2312_t329/extracted_models/H2312_all_pdbs/Model_4250_af3_basic_af3_seed_207373_sample_2_pred_987.cif,awaiting_extract,"MassiveFold model pool index only. It parses organizer-provided external model tarball listings and stages balanced extraction/rerank candidates. These models remain external rerank and accuracy-estimation inputs, not internal predictions, not CASP submissions, and not competitive-proof evidence."
3,H2312,H2312_T329,10792,H2312_all_pdbs/Model_3435_af3_basic_af3_seed_676032_sample_4_pred_149.cif,Model_3435_af3_basic_af3_seed_676032_sample_4_pred_149.cif,3435,AF3,af3_basic,676032,4,149,basic,,False,casp17/massivefold_external_pool_intake/h2312_t329/extracted_models/H2312_all_pdbs/Model_3435_af3_basic_af3_seed_676032_sample_4_pred_149.cif,awaiting_extract,"MassiveFold model pool index only. It parses organizer-provided external model tarball listings and stages balanced extraction/rerank candidates. These models remain external rerank and accuracy-estimation inputs, not internal predictions, not CASP submissions, and not competitive-proof evidence."
3,H2312,H2312_T329,10822,H2312_all_pdbs/Model_1457_af3_basic_af3_seed_861512_sample_4_pred_329.cif,Model_1457_af3_basic_af3_seed_861512_sample_4_pred_329.cif,1457,AF3,af3_basic,861512,4,329,basic,,False,casp17/massivefold_external_pool_intake/h2312_t329/extracted_models/H2312_all_pdbs/Model_1457_af3_basic_af3_seed_861512_sample_4_pred_329.cif,awaiting_extract,"MassiveFold model pool index only. It parses organizer-provided external model tarball listings and stages balanced extraction/rerank candidates. These models remain external rerank and accuracy-estimation inputs, not internal predictions, not CASP submissions, and not competitive-proof evidence."
3,H2312,H2312_T329,10823,H2312_all_pdbs/Model_1328_af3_basic_af3_seed_88518_sample_1_pred_486.cif,Model_1328_af3_basic_af3_seed_88518_sample_1_pred_486.cif,1328,AF3,af3_basic,88518,1,486,basic,,False,casp17/massivefold_external_pool_intake/h2312_t329/extracted_models/H2312_all_pdbs/Model_1328_af3_basic_af3_seed_88518_sample_1_pred_486.cif,awaiting_extract,"MassiveFold model pool index only. It parses organizer-provided external model tarball listings and stages balanced extraction/rerank candidates. These models remain external rerank and accuracy-estimation inputs, not internal predictions, not CASP submissions, and not competitive-proof evidence."
3,H2312,H2312_T329,10842,H2312_all_pdbs/Model_1234_af3_basic_af3_seed_676030_sample_2_pred_137.cif,Model_1234_af3_basic_af3_seed_676030_sample_2_pred_137.cif,1234,AF3,af3_basic,676030,2,137,basic,,False,casp17/massivefold_external_pool_intake/h2312_t329/extracted_models/H2312_all_pdbs/Model_1234_af3_basic_af3_seed_676030_sample_2_pred_137.cif,awaiting_extract,"MassiveFold model pool index only. It parses organizer-provided external model tarball listings and stages balanced extraction/rerank candidates. These models remain external rerank and accuracy-estimation inputs, not internal predictions, not CASP submissions, and not competitive-proof evidence."
3,H2312,H2312_T329,10851,H2312_all_pdbs/Model_1183_af3_basic_af3_seed_207372_sample_3_pred_983.cif,Model_1183_af3_basic_af3_seed_207372_sample_3_pred_983.cif,1183,AF3,af3_basic,207372,3,983,basic,,False,casp17/massivefold_external_pool_intake/h2312_t329/extracted_models/H2312_all_pdbs/Model_1183_af3_basic_af3_seed_207372_sample_3_pred_983.cif,awaiting_extract,"MassiveFold model pool index only. It parses organizer-provided external model tarball listings and stages balanced extraction/rerank candidates. These models remain external rerank and accuracy-estimation inputs, not internal predictions, not CASP submissions, and not competitive-proof evidence."
3,H2312,H2312_T329,10860,H2312_all_pdbs/Model_1506_af3_basic_af3_seed_163614_sample_0_pred_50.cif,Model_1506_af3_basic_af3_seed_163614_sample_0_pred_50.cif,1506,AF3,af3_basic,163614,0,50,basic,,False,casp17/massivefold_external_pool_intake/h2312_t329/extracted_models/H2312_all_pdbs/Model_1506_af3_basic_af3_seed_163614_sample_0_pred_50.cif,awaiting_extract,"MassiveFold model pool index only. It parses organizer-provided external model tarball listings and stages balanced extraction/rerank candidates. These models remain external rerank and accuracy-estimation inputs, not internal predictions, not CASP submissions, and not competitive-proof evidence."
3,H2312,H2312_T329,10874,H2312_all_pdbs/Model_78_af3_basic_af3_seed_735227_sample_0_pred_615.cif,Model_78_af3_basic_af3_seed_735227_sample_0_pred_615.cif,78,AF3,af3_basic,735227,0,615,basic,,False,casp17/massivefold_external_pool_intake/h2312_t329/extracted_models/H2312_all_pdbs/Model_78_af3_basic_af3_seed_735227_sample_0_pred_615.cif,awaiting_extract,"MassiveFold model pool index only. It parses organizer-provided external model tarball listings and stages balanced extraction/rerank candidates. These models remain external rerank and accuracy-estimation inputs, not internal predictions, not CASP submissions, and not competitive-proof evidence."
3,H2312,H2312_T329,10897,H2312_all_pdbs/Model_3433_af3_basic_af3_seed_809683_sample_2_pred_737.cif,Model_3433_af3_basic_af3_seed_809683_sample_2_pred_737.cif,3433,AF3,af3_basic,809683,2,737,basic,,False,casp17/massivefold_external_pool_intake/h2312_t329/extracted_models/H2312_all_pdbs/Model_3433_af3_basic_af3_seed_809683_sample_2_pred_737.cif,awaiting_extract,"MassiveFold model pool index only. It parses organizer-provided external model tarball listings and stages balanced extraction/rerank candidates. These models remain external rerank and accuracy-estimation inputs, not internal predictions, not CASP submissions, and not competitive-proof evidence."
3,H2312,H2312_T329,10899,H2312_all_pdbs/Model_987_af3_basic_af3_seed_809670_sample_1_pred_671.cif,Model_987_af3_basic_af3_seed_809670_sample_1_pred_671.cif,987,AF3,af3_basic,809670,1,671,basic,,False,casp17/massivefold_external_pool_intake/h2312_t329/extracted_models/H2312_all_pdbs/Model_987_af3_basic_af3_seed_809670_sample_1_pred_671.cif,awaiting_extract,"MassiveFold model pool index only. It parses organizer-provided external model tarball listings and stages balanced extraction/rerank candidates. These models remain external rerank and accuracy-estimation inputs, not internal predictions, not CASP submissions, and not competitive-proof evidence."
3,H2312,H2312_T329,10978,H2312_all_pdbs/Model_1324_af3_basic_af3_seed_163604_sample_4_pred_4.cif,Model_1324_af3_basic_af3_seed_163604_sample_4_pred_4.cif,1324,AF3,af3_basic,163604,4,4,basic,,False,casp17/massivefold_external_pool_intake/h2312_t329/extracted_models/H2312_all_pdbs/Model_1324_af3_basic_af3_seed_163604_sample_4_pred_4.cif,awaiting_extract,"MassiveFold model pool index only. It parses organizer-provided external model tarball listings and stages balanced extraction/rerank candidates. These models remain external rerank and accuracy-estimation inputs, not internal predictions, not CASP submissions, and not competitive-proof evidence."
3,H2312,H2312_T329,10981,H2312_all_pdbs/Model_3426_af3_basic_af3_seed_88501_sample_3_pred_403.cif,Model_3426_af3_basic_af3_seed_88501_sample_3_pred_403.cif,3426,AF3,af3_basic,88501,3,403,basic,,False,casp17/massivefold_external_pool_intake/h2312_t329/extracted_models/H2312_all_pdbs/Model_3426_af3_basic_af3_seed_88501_sample_3_pred_403.cif,awaiting_extract,"MassiveFold model pool index only. It parses organizer-provided external model tarball listings and stages balanced extraction/rerank candidates. These models remain external rerank and accuracy-estimation inputs, not internal predictions, not CASP submissions, and not competitive-proof evidence."
3,H2312,H2312_T329,10995,H2312_all_pdbs/Model_1626_af3_basic_af3_seed_809672_sample_3_pred_683.cif,Model_1626_af3_basic_af3_seed_809672_sample_3_pred_683.cif,1626,AF3,af3_basic,809672,3,683,basic,,False,casp17/massivefold_external_pool_intake/h2312_t329/extracted_models/H2312_all_pdbs/Model_1626_af3_basic_af3_seed_809672_sample_3_pred_683.cif,awaiting_extract,"MassiveFold model pool index only. It parses organizer-provided external model tarball listings and stages balanced extraction/rerank candidates. These models remain external rerank and accuracy-estimation inputs, not internal predictions, not CASP submissions, and not competitive-proof evidence."
3,H2312,H2312_T329,11015,H2312_all_pdbs/Model_1247_af3_basic_af3_seed_861506_sample_2_pred_297.cif,Model_1247_af3_basic_af3_seed_861506_sample_2_pred_297.cif,1247,AF3,af3_basic,861506,2,297,basic,,False,casp17/massivefold_external_pool_intake/h2312_t329/extracted_models/H2312_all_pdbs/Model_1247_af3_basic_af3_seed_861506_sample_2_pred_297.cif,awaiting_extract,"MassiveFold model pool index only. It parses organizer-provided external model tarball listings and stages balanced extraction/rerank candidates. These models remain external rerank and accuracy-estimation inputs, not internal predictions, not CASP submissions, and not competitive-proof evidence."
3,H2312,H2312_T329,11019,H2312_all_pdbs/Model_1490_af3_basic_af3_seed_207360_sample_1_pred_921.cif,Model_1490_af3_basic_af3_seed_207360_sample_1_pred_921.cif,1490,AF3,af3_basic,207360,1,921,basic,,False,casp17/massivefold_external_pool_intake/h2312_t329/extracted_models/H2312_all_pdbs/Model_1490_af3_basic_af3_seed_207360_sample_1_pred_921.cif,awaiting_extract,"MassiveFold model pool index only. It parses organizer-provided external model tarball listings and stages balanced extraction/rerank candidates. These models remain external rerank and accuracy-estimation inputs, not internal predictions, not CASP submissions, and not competitive-proof evidence."
3,H2312,H2312_T329,11033,H2312_all_pdbs/Model_1644_af3_basic_af3_seed_861520_sample_4_pred_369.cif,Model_1644_af3_basic_af3_seed_861520_sample_4_pred_369.cif,1644,AF3,af3_basic,861520,4,369,basic,,False,casp17/massivefold_external_pool_intake/h2312_t329/extracted_models/H2312_all_pdbs/Model_1644_af3_basic_af3_seed_861520_sample_4_pred_369.cif,awaiting_extract,"MassiveFold model pool index only. It parses organizer-provided external model tarball listings and stages balanced extraction/rerank candidates. These models remain external rerank and accuracy-estimation inputs, not internal predictions, not CASP submissions, and not competitive-proof evidence."
3,H2312,H2312_T329,11048,H2312_all_pdbs/Model_4262_af3_basic_af3_seed_889888_sample_1_pred_801.cif,Model_4262_af3_basic_af3_seed_889888_sample_1_pred_801.cif,4262,AF3,af3_basic,889888,1,801,basic,,False,casp17/massivefold_external_pool_intake/h2312_t329/extracted_models/H2312_all_pdbs/Model_4262_af3_basic_af3_seed_889888_sample_1_pred_801.cif,awaiting_extract,"MassiveFold model pool index only. It parses organizer-provided external model tarball listings and stages balanced extraction/rerank candidates. These models remain external rerank and accuracy-estimation inputs, not internal predictions, not CASP submissions, and not competitive-proof evidence."
3,H2312,H2312_T329,11059,H2312_all_pdbs/Model_1095_af3_basic_af3_seed_735218_sample_4_pred_574.cif,Model_1095_af3_basic_af3_seed_735218_sample_4_pred_574.cif,1095,AF3,af3_basic,735218,4,574,basic,,False,casp17/massivefold_external_pool_intake/h2312_t329/extracted_models/H2312_all_pdbs/Model_1095_af3_basic_af3_seed_735218_sample_4_pred_574.cif,awaiting_extract,"MassiveFold model pool index only. It parses organizer-provided external model tarball listings and stages balanced extraction/rerank candidates. These models remain external rerank and accuracy-estimation inputs, not internal predictions, not CASP submissions, and not competitive-proof evidence."
3,H2312,H2312_T329,11075,H2312_all_pdbs/Model_1471_af3_basic_af3_seed_207366_sample_0_pred_950.cif,Model_1471_af3_basic_af3_seed_207366_sample_0_pred_950.cif,1471,AF3,af3_basic,207366,0,950,basic,,False,casp17/massivefold_external_pool_intake/h2312_t329/extracted_models/H2312_all_pdbs/Model_1471_af3_basic_af3_seed_207366_sample_0_pred_950.cif,awaiting_extract,"MassiveFold model pool index only. It parses organizer-provided external model tarball listings and stages balanced extraction/rerank candidates. These models remain external rerank and accuracy-estimation inputs, not internal predictions, not CASP submissions, and not competitive-proof evidence."
3,H2312,H2312_T329,11081,H2312_all_pdbs/Model_3459_af3_basic_af3_seed_207374_sample_2_pred_992.cif,Model_3459_af3_basic_af3_seed_207374_sample_2_pred_992.cif,3459,AF3,af3_basic,207374,2,992,basic,,False,casp17/massivefold_external_pool_intake/h2312_t329/extracted_models/H2312_all_pdbs/Model_3459_af3_basic_af3_seed_207374_sample_2_pred_992.cif,awaiting_extract,"MassiveFold model pool index only. It parses organizer-provided external model tarball listings and stages balanced extraction/rerank candidates. These models remain external rerank and accuracy-estimation inputs, not internal predictions, not CASP submissions, and not competitive-proof evidence."
3,H2312,H2312_T329,11085,H2312_all_pdbs/Model_1640_af3_basic_af3_seed_88496_sample_3_pred_378.cif,Model_1640_af3_basic_af3_seed_88496_sample_3_pred_378.cif,1640,AF3,af3_basic,88496,3,378,basic,,False,casp17/massivefold_external_pool_intake/h2312_t329/extracted_models/H2312_all_pdbs/Model_1640_af3_basic_af3_seed_88496_sample_3_pred_378.cif,awaiting_extract,"MassiveFold model pool index only. It parses organizer-provided external model tarball listings and stages balanced extraction/rerank candidates. These models remain external rerank and accuracy-estimation inputs, not internal predictions, not CASP submissions, and not competitive-proof evidence."
3,H2312,H2312_T329,11133,H2312_all_pdbs/Model_1561_af3_basic_af3_seed_889901_sample_2_pred_867.cif,Model_1561_af3_basic_af3_seed_889901_sample_2_pred_867.cif,1561,AF3,af3_basic,889901,2,867,basic,,False,casp17/massivefold_external_pool_intake/h2312_t329/extracted_models/H2312_all_pdbs/Model_1561_af3_basic_af3_seed_889901_sample_2_pred_867.cif,awaiting_extract,"MassiveFold model pool index only. It parses organizer-provided external model tarball listings and stages balanced extraction/rerank candidates. These models remain external rerank and accuracy-estimation inputs, not internal predictions, not CASP submissions, and not competitive-proof evidence."
3,H2312,H2312_T329,11138,H2312_all_pdbs/Model_66_af3_basic_af3_seed_676048_sample_2_pred_227.cif,Model_66_af3_basic_af3_seed_676048_sample_2_pred_227.cif,66,AF3,af3_basic,676048,2,227,basic,94,True,casp17/massivefold_external_pool_intake/h2312_t329/extracted_models/H2312_all_pdbs/Model_66_af3_basic_af3_seed_676048_sample_2_pred_227.cif,extracted,"MassiveFold model pool index only. It parses organizer-provided external model tarball listings and stages balanced extraction/rerank candidates. These models remain external rerank and accuracy-estimation inputs, not internal predictions, not CASP submissions, and not competitive-proof evidence."
3,H2312,H2312_T329,11190,H2312_all_pdbs/Model_1642_af3_basic_af3_seed_735222_sample_3_pred_593.cif,Model_1642_af3_basic_af3_seed_735222_sample_3_pred_593.cif,1642,AF3,af3_basic,735222,3,593,basic,,False,casp17/massivefold_external_pool_intake/h2312_t329/extracted_models/H2312_all_pdbs/Model_1642_af3_basic_af3_seed_735222_sample_3_pred_593.cif,awaiting_extract,"MassiveFold model pool index only. It parses organizer-provided external model tarball listings and stages balanced extraction/rerank candidates. These models remain external rerank and accuracy-estimation inputs, not internal predictions, not CASP submissions, and not competitive-proof evidence."
3,H2312,H2312_T329,11201,H2312_all_pdbs/Model_1128_af3_basic_af3_seed_809685_sample_0_pred_745.cif,Model_1128_af3_basic_af3_seed_809685_sample_0_pred_745.cif,1128,AF3,af3_basic,809685,0,745,basic,,False,casp17/massivefold_external_pool_intake/h2312_t329/extracted_models/H2312_all_pdbs/Model_1128_af3_basic_af3_seed_809685_sample_0_pred_745.cif,awaiting_extract,"MassiveFold model pool index only. It parses organizer-provided external model tarball listings and stages balanced extraction/rerank candidates. These models remain external rerank and accuracy-estimation inputs, not internal predictions, not CASP submissions, and not competitive-proof evidence."
3,H2312,H2312_T329,11223,H2312_all_pdbs/Model_1196_af3_basic_af3_seed_676033_sample_4_pred_154.cif,Model_1196_af3_basic_af3_seed_676033_sample_4_pred_154.cif,1196,AF3,af3_basic,676033,4,154,basic,,False,casp17/massivefold_external_pool_intake/h2312_t329/extracted_models/H2312_all_pdbs/Model_1196_af3_basic_af3_seed_676033_sample_4_pred_154.cif,awaiting_extract,"MassiveFold model pool index only. It parses organizer-provided external model tarball listings and stages balanced extraction/rerank candidates. These models remain external rerank and accuracy-estimation inputs, not internal predictions, not CASP submissions, and not competitive-proof evidence."
3,H2312,H2312_T329,11231,H2312_all_pdbs/Model_3396_af3_basic_af3_seed_88504_sample_1_pred_416.cif,Model_3396_af3_basic_af3_seed_88504_sample_1_pred_416.cif,3396,AF3,af3_basic,88504,1,416,basic,,False,casp17/massivefold_external_pool_intake/h2312_t329/extracted_models/H2312_all_pdbs/Model_3396_af3_basic_af3_seed_88504_sample_1_pred_416.cif,awaiting_extract,"MassiveFold model pool index only. It parses organizer-provided external model tarball listings and stages balanced extraction/rerank candidates. These models remain external rerank and accuracy-estimation inputs, not internal predictions, not CASP submissions, and not competitive-proof evidence."
3,H2312,H2312_T329,11232,H2312_all_pdbs/Model_1014_af3_basic_af3_seed_163611_sample_0_pred_35.cif,Model_1014_af3_basic_af3_seed_163611_sample_0_pred_35.cif,1014,AF3,af3_basic,163611,0,35,basic,,False,casp17/massivefold_external_pool_intake/h2312_t329/extracted_models/H2312_all_pdbs/Model_1014_af3_basic_af3_seed_163611_sample_0_pred_35.cif,awaiting_extract,"MassiveFold model pool index only. It parses organizer-provided external model tarball listings and stages balanced extraction/rerank candidates. These models remain external rerank and accuracy-estimation inputs, not internal predictions, not CASP submissions, and not competitive-proof evidence."
3,H2312,H2312_T329,11244,H2312_all_pdbs/Model_3335_af3_basic_af3_seed_676037_sample_2_pred_172.cif,Model_3335_af3_basic_af3_seed_676037_sample_2_pred_172.cif,3335,AF3,af3_basic,676037,2,172,basic,,False,casp17/massivefold_external_pool_intake/h2312_t329/extracted_models/H2312_all_pdbs/Model_3335_af3_basic_af3_seed_676037_sample_2_pred_172.cif,awaiting_extract,"MassiveFold model pool index only. It parses organizer-provided external model tarball listings and stages balanced extraction/rerank candidates. These models remain external rerank and accuracy-estimation inputs, not internal predictions, not CASP submissions, and not competitive-proof evidence."
3,H2312,H2312_T329,11270,H2312_all_pdbs/Model_1060_af3_basic_af3_seed_676045_sample_2_pred_212.cif,Model_1060_af3_basic_af3_seed_676045_sample_2_pred_212.cif,1060,AF3,af3_basic,676045,2,212,basic,,False,casp17/massivefold_external_pool_intake/h2312_t329/extracted_models/H2312_all_pdbs/Model_1060_af3_basic_af3_seed_676045_sample_2_pred_212.cif,awaiting_extract,"MassiveFold model pool index only. It parses organizer-provided external model tarball listings and stages balanced extraction/rerank candidates. These models remain external rerank and accuracy-estimation inputs, not internal predictions, not CASP submissions, and not competitive-proof evidence."
3,H2312,H2312_T329,11290,H2312_all_pdbs/Model_1526_af3_basic_af3_seed_861519_sample_0_pred_360.cif,Model_1526_af3_basic_af3_seed_861519_sample_0_pred_360.cif,1526,AF3,af3_basic,861519,0,360,basic,,False,casp17/massivefold_external_pool_intake/h2312_t329/extracted_models/H2312_all_pdbs/Model_1526_af3_basic_af3_seed_861519_sample_0_pred_360.cif,awaiting_extract,"MassiveFold model pool index only. It parses organizer-provided external model tarball listings and stages balanced extraction/rerank candidates. These models remain external rerank and accuracy-estimation inputs, not internal predictions, not CASP submissions, and not competitive-proof evidence."
3,H2312,H2312_T329,11331,H2312_all_pdbs/Model_1106_af3_basic_af3_seed_809668_sample_1_pred_661.cif,Model_1106_af3_basic_af3_seed_809668_sample_1_pred_661.cif,1106,AF3,af3_basic,809668,1,661,basic,,False,casp17/massivefold_external_pool_intake/h2312_t329/extracted_models/H2312_all_pdbs/Model_1106_af3_basic_af3_seed_809668_sample_1_pred_661.cif,awaiting_extract,"MassiveFold model pool index only. It parses organizer-provided external model tarball listings and stages balanced extraction/rerank candidates. These models remain external rerank and accuracy-estimation inputs, not internal predictions, not CASP submissions, and not competitive-proof evidence."
3,H2312,H2312_T329,11343,H2312_all_pdbs/Model_1269_af3_basic_af3_seed_88497_sample_0_pred_380.cif,Model_1269_af3_basic_af3_seed_88497_sample_0_pred_380.cif,1269,AF3,af3_basic,88497,0,380,basic,,False,casp17/massivefold_external_pool_intake/h2312_t329/extracted_models/H2312_all_pdbs/Model_1269_af3_basic_af3_seed_88497_sample_0_pred_380.cif,awaiting_extract,"MassiveFold model pool index only. It parses organizer-provided external model tarball listings and stages balanced extraction/rerank candidates. These models remain external rerank and accuracy-estimation inputs, not internal predictions, not CASP submissions, and not competitive-proof evidence."
3,H2312,H2312_T329,11344,H2312_all_pdbs/Model_1606_af3_basic_af3_seed_207364_sample_0_pred_940.cif,Model_1606_af3_basic_af3_seed_207364_sample_0_pred_940.cif,1606,AF3,af3_basic,207364,0,940,basic,,False,casp17/massivefold_external_pool_intake/h2312_t329/extracted_models/H2312_all_pdbs/Model_1606_af3_basic_af3_seed_207364_sample_0_pred_940.cif,awaiting_extract,"MassiveFold model pool index only. It parses organizer-provided external model tarball listings and stages balanced extraction/rerank candidates. These models remain external rerank and accuracy-estimation inputs, not internal predictions, not CASP submissions, and not competitive-proof evidence."
3,H2312,H2312_T329,11345,H2312_all_pdbs/Model_3536_af3_basic_af3_seed_676028_sample_1_pred_126.cif,Model_3536_af3_basic_af3_seed_676028_sample_1_pred_126.cif,3536,AF3,af3_basic,676028,1,126,basic,,False,casp17/massivefold_external_pool_intake/h2312_t329/extracted_models/H2312_all_pdbs/Model_3536_af3_basic_af3_seed_676028_sample_1_pred_126.cif,awaiting_extract,"MassiveFold model pool index only. It parses organizer-provided external model tarball listings and stages balanced extraction/rerank candidates. These models remain external rerank and accuracy-estimation inputs, not internal predictions, not CASP submissions, and not competitive-proof evidence."
3,H2312,H2312_T329,11348,H2312_all_pdbs/Model_1143_af3_basic_af3_seed_735218_sample_2_pred_572.cif,Model_1143_af3_basic_af3_seed_735218_sample_2_pred_572.cif,1143,AF3,af3_basic,735218,2,572,basic,,False,casp17/massivefold_external_pool_intake/h2312_t329/extracted_models/H2312_all_pdbs/Model_1143_af3_basic_af3_seed_735218_sample_2_pred_572.cif,awaiting_extract,"MassiveFold model pool index only. It parses organizer-provided external model tarball listings and stages balanced extraction/rerank candidates. These models remain external rerank and accuracy-estimation inputs, not internal predictions, not CASP submissions, and not competitive-proof evidence."
3,H2312,H2312_T329,11380,H2312_all_pdbs/Model_1130_af3_basic_af3_seed_735220_sample_2_pred_582.cif,Model_1130_af3_basic_af3_seed_735220_sample_2_pred_582.cif,1130,AF3,af3_basic,735220,2,582,basic,,False,casp17/massivefold_external_pool_intake/h2312_t329/extracted_models/H2312_all_pdbs/Model_1130_af3_basic_af3_seed_735220_sample_2_pred_582.cif,awaiting_extract,"MassiveFold model pool index only. It parses organizer-provided external model tarball listings and stages balanced extraction/rerank candidates. These models remain external rerank and accuracy-estimation inputs, not internal predictions, not CASP submissions, and not competitive-proof evidence."
3,H2312,H2312_T329,11386,H2312_all_pdbs/Model_998_af3_basic_af3_seed_163628_sample_3_pred_123.cif,Model_998_af3_basic_af3_seed_163628_sample_3_pred_123.cif,998,AF3,af3_basic,163628,3,123,basic,,False,casp17/massivefold_external_pool_intake/h2312_t329/extracted_models/H2312_all_pdbs/Model_998_af3_basic_af3_seed_163628_sample_3_pred_123.cif,awaiting_extract,"MassiveFold model pool index only. It parses organizer-provided external model tarball listings and stages balanced extraction/rerank candidates. These models remain external rerank and accuracy-estimation inputs, not internal predictions, not CASP submissions, and not competitive-proof evidence."
3,H2312,H2312_T329,11396,H2312_all_pdbs/Model_3532_af3_basic_af3_seed_676047_sample_4_pred_224.cif,Model_3532_af3_basic_af3_seed_676047_sample_4_pred_224.cif,3532,AF3,af3_basic,676047,4,224,basic,,False,casp17/massivefold_external_pool_intake/h2312_t329/extracted_models/H2312_all_pdbs/Model_3532_af3_basic_af3_seed_676047_sample_4_pred_224.cif,awaiting_extract,"MassiveFold model pool index only. It parses organizer-provided external model tarball listings and stages balanced extraction/rerank candidates. These models remain external rerank and accuracy-estimation inputs, not internal predictions, not CASP submissions, and not competitive-proof evidence."
3,H2312,H2312_T329,11417,H2312_all_pdbs/Model_1423_af3_basic_af3_seed_207360_sample_2_pred_922.cif,Model_1423_af3_basic_af3_seed_207360_sample_2_pred_922.cif,1423,AF3,af3_basic,207360,2,922,basic,,False,casp17/massivefold_external_pool_intake/h2312_t329/extracted_models/H2312_all_pdbs/Model_1423_af3_basic_af3_seed_207360_sample_2_pred_922.cif,awaiting_extract,"MassiveFold model pool index only. It parses organizer-provided external model tarball listings and stages balanced extraction/rerank candidates. These models remain external rerank and accuracy-estimation inputs, not internal predictions, not CASP submissions, and not competitive-proof evidence."
3,H2312,H2312_T329,11430,H2312_all_pdbs/Model_1504_af3_basic_af3_seed_861510_sample_1_pred_316.cif,Model_1504_af3_basic_af3_seed_861510_sample_1_pred_316.cif,1504,AF3,af3_basic,861510,1,316,basic,,False,casp17/massivefold_external_pool_intake/h2312_t329/extracted_models/H2312_all_pdbs/Model_1504_af3_basic_af3_seed_861510_sample_1_pred_316.cif,awaiting_extract,"MassiveFold model pool index only. It parses organizer-provided external model tarball listings and stages balanced extraction/rerank candidates. These models remain external rerank and accuracy-estimation inputs, not internal predictions, not CASP submissions, and not competitive-proof evidence."
3,H2312,H2312_T329,11459,H2312_all_pdbs/Model_1536_af3_basic_af3_seed_88509_sample_4_pred_444.cif,Model_1536_af3_basic_af3_seed_88509_sample_4_pred_444.cif,1536,AF3,af3_basic,88509,4,444,basic,,False,casp17/massivefold_external_pool_intake/h2312_t329/extracted_models/H2312_all_pdbs/Model_1536_af3_basic_af3_seed_88509_sample_4_pred_444.cif,awaiting_extract,"MassiveFold model pool index only. It parses organizer-provided external model tarball listings and stages balanced extraction/rerank candidates. These models remain external rerank and accuracy-estimation inputs, not internal predictions, not CASP submissions, and not competitive-proof evidence."
3,H2312,H2312_T329,11473,H2312_all_pdbs/Model_1358_af3_basic_af3_seed_88504_sample_4_pred_419.cif,Model_1358_af3_basic_af3_seed_88504_sample_4_pred_419.cif,1358,AF3,af3_basic,88504,4,419,basic,,False,casp17/massivefold_external_pool_intake/h2312_t329/extracted_models/H2312_all_pdbs/Model_1358_af3_basic_af3_seed_88504_sample_4_pred_419.cif,awaiting_extract,"MassiveFold model pool index only. It parses organizer-provided external model tarball listings and stages balanced extraction/rerank candidates. These models remain external rerank and accuracy-estimation inputs, not internal predictions, not CASP submissions, and not competitive-proof evidence."
3,H2312,H2312_T329,11479,H2312_all_pdbs/Model_1493_af3_basic_af3_seed_889894_sample_0_pred_830.cif,Model_1493_af3_basic_af3_seed_889894_sample_0_pred_830.cif,1493,AF3,af3_basic,889894,0,830,basic,,False,casp17/massivefold_external_pool_intake/h2312_t329/extracted_models/H2312_all_pdbs/Model_1493_af3_basic_af3_seed_889894_sample_0_pred_830.cif,awaiting_extract,"MassiveFold model pool index only. It parses organizer-provided external model tarball listings and stages balanced extraction/rerank candidates. These models remain external rerank and accuracy-estimation inputs, not internal predictions, not CASP submissions, and not competitive-proof evidence."
3,H2312,H2312_T329,11498,H2312_all_pdbs/Model_1669_af3_basic_af3_seed_735225_sample_4_pred_609.cif,Model_1669_af3_basic_af3_seed_735225_sample_4_pred_609.cif,1669,AF3,af3_basic,735225,4,609,basic,,False,casp17/massivefold_external_pool_intake/h2312_t329/extracted_models/H2312_all_pdbs/Model_1669_af3_basic_af3_seed_735225_sample_4_pred_609.cif,awaiting_extract,"MassiveFold model pool index only. It parses organizer-provided external model tarball listings and stages balanced extraction/rerank candidates. These models remain external rerank and accuracy-estimation inputs, not internal predictions, not CASP submissions, and not competitive-proof evidence."
3,H2312,H2312_T329,11513,H2312_all_pdbs/Model_1163_af3_basic_af3_seed_207370_sample_2_pred_972.cif,Model_1163_af3_basic_af3_seed_207370_sample_2_pred_972.cif,1163,AF3,af3_basic,207370,2,972,basic,,False,casp17/massivefold_external_pool_intake/h2312_t329/extracted_models/H2312_all_pdbs/Model_1163_af3_basic_af3_seed_207370_sample_2_pred_972.cif,awaiting_extract,"MassiveFold model pool index only. It parses organizer-provided external model tarball listings and stages balanced extraction/rerank candidates. These models remain external rerank and accuracy-estimation inputs, not internal predictions, not CASP submissions, and not competitive-proof evidence."
3,H2312,H2312_T329,11515,H2312_all_pdbs/Model_1354_af3_basic_af3_seed_163627_sample_0_pred_115.cif,Model_1354_af3_basic_af3_seed_163627_sample_0_pred_115.cif,1354,AF3,af3_basic,163627,0,115,basic,,False,casp17/massivefold_external_pool_intake/h2312_t329/extracted_models/H2312_all_pdbs/Model_1354_af3_basic_af3_seed_163627_sample_0_pred_115.cif,awaiting_extract,"MassiveFold model pool index only. It parses organizer-provided external model tarball listings and stages balanced extraction/rerank candidates. These models remain external rerank and accuracy-estimation inputs, not internal predictions, not CASP submissions, and not competitive-proof evidence."
3,H2312,H2312_T329,11516,H2312_all_pdbs/Model_1469_af3_basic_af3_seed_88506_sample_1_pred_426.cif,Model_1469_af3_basic_af3_seed_88506_sample_1_pred_426.cif,1469,AF3,af3_basic,88506,1,426,basic,,False,casp17/massivefold_external_pool_intake/h2312_t329/extracted_models/H2312_all_pdbs/Model_1469_af3_basic_af3_seed_88506_sample_1_pred_426.cif,awaiting_extract,"MassiveFold model pool index only. It parses organizer-provided external model tarball listings and stages balanced extraction/rerank candidates. These models remain external rerank and accuracy-estimation inputs, not internal predictions, not CASP submissions, and not competitive-proof evidence."
3,H2312,H2312_T329,11532,H2312_all_pdbs/Model_1530_af3_basic_af3_seed_207361_sample_0_pred_925.cif,Model_1530_af3_basic_af3_seed_207361_sample_0_pred_925.cif,1530,AF3,af3_basic,207361,0,925,basic,,False,casp17/massivefold_external_pool_intake/h2312_t329/extracted_models/H2312_all_pdbs/Model_1530_af3_basic_af3_seed_207361_sample_0_pred_925.cif,awaiting_extract,"MassiveFold model pool index only. It parses organizer-provided external model tarball listings and stages balanced extraction/rerank candidates. These models remain external rerank and accuracy-estimation inputs, not internal predictions, not CASP submissions, and not competitive-proof evidence."
3,H2312,H2312_T329,11567,H2312_all_pdbs/Model_1427_af3_basic_af3_seed_809661_sample_4_pred_629.cif,Model_1427_af3_basic_af3_seed_809661_sample_4_pred_629.cif,1427,AF3,af3_basic,809661,4,629,basic,,False,casp17/massivefold_external_pool_intake/h2312_t329/extracted_models/H2312_all_pdbs/Model_1427_af3_basic_af3_seed_809661_sample_4_pred_629.cif,awaiting_extract,"MassiveFold model pool index only. It parses organizer-provided external model tarball listings and stages balanced extraction/rerank candidates. These models remain external rerank and accuracy-estimation inputs, not internal predictions, not CASP submissions, and not competitive-proof evidence."
3,H2312,H2312_T329,11570,H2312_all_pdbs/Model_1477_af3_basic_af3_seed_676047_sample_3_pred_223.cif,Model_1477_af3_basic_af3_seed_676047_sample_3_pred_223.cif,1477,AF3,af3_basic,676047,3,223,basic,,False,casp17/massivefold_external_pool_intake/h2312_t329/extracted_models/H2312_all_pdbs/Model_1477_af3_basic_af3_seed_676047_sample_3_pred_223.cif,awaiting_extract,"MassiveFold model pool index only. It parses organizer-provided external model tarball listings and stages balanced extraction/rerank candidates. These models remain external rerank and accuracy-estimation inputs, not internal predictions, not CASP submissions, and not competitive-proof evidence."
3,H2312,H2312_T329,11581,H2312_all_pdbs/Model_1661_af3_basic_af3_seed_88515_sample_2_pred_472.cif,Model_1661_af3_basic_af3_seed_88515_sample_2_pred_472.cif,1661,AF3,af3_basic,88515,2,472,basic,,False,casp17/massivefold_external_pool_intake/h2312_t329/extracted_models/H2312_all_pdbs/Model_1661_af3_basic_af3_seed_88515_sample_2_pred_472.cif,awaiting_extract,"MassiveFold model pool index only. It parses organizer-provided external model tarball listings and stages balanced extraction/rerank candidates. These models remain external rerank and accuracy-estimation inputs, not internal predictions, not CASP submissions, and not competitive-proof evidence."
3,H2312,H2312_T329,11582,H2312_all_pdbs/Model_994_af3_basic_af3_seed_163613_sample_0_pred_45.cif,Model_994_af3_basic_af3_seed_163613_sample_0_pred_45.cif,994,AF3,af3_basic,163613,0,45,basic,,False,casp17/massivefold_external_pool_intake/h2312_t329/extracted_models/H2312_all_pdbs/Model_994_af3_basic_af3_seed_163613_sample_0_pred_45.cif,awaiting_extract,"MassiveFold model pool index only. It parses organizer-provided external model tarball listings and stages balanced extraction/rerank candidates. These models remain external rerank and accuracy-estimation inputs, not internal predictions, not CASP submissions, and not competitive-proof evidence."
3,H2312,H2312_T329,11593,H2312_all_pdbs/Model_3398_af3_basic_af3_seed_88508_sample_3_pred_438.cif,Model_3398_af3_basic_af3_seed_88508_sample_3_pred_438.cif,3398,AF3,af3_basic,88508,3,438,basic,,False,casp17/massivefold_external_pool_intake/h2312_t329/extracted_models/H2312_all_pdbs/Model_3398_af3_basic_af3_seed_88508_sample_3_pred_438.cif,awaiting_extract,"MassiveFold model pool index only. It parses organizer-provided external model tarball listings and stages balanced extraction/rerank candidates. These models remain external rerank and accuracy-estimation inputs, not internal predictions, not CASP submissions, and not competitive-proof evidence."
3,H2312,H2312_T329,11603,H2312_all_pdbs/Model_1140_af3_basic_af3_seed_735206_sample_1_pred_511.cif,Model_1140_af3_basic_af3_seed_735206_sample_1_pred_511.cif,1140,AF3,af3_basic,735206,1,511,basic,,False,casp17/massivefold_external_pool_intake/h2312_t329/extracted_models/H2312_all_pdbs/Model_1140_af3_basic_af3_seed_735206_sample_1_pred_511.cif,awaiting_extract,"MassiveFold model pool index only. It parses organizer-provided external model tarball listings and stages balanced extraction/rerank candidates. These models remain external rerank and accuracy-estimation inputs, not internal predictions, not CASP submissions, and not competitive-proof evidence."
3,H2312,H2312_T329,11604,H2312_all_pdbs/Model_3527_af3_basic_af3_seed_809674_sample_0_pred_690.cif,Model_3527_af3_basic_af3_seed_809674_sample_0_pred_690.cif,3527,AF3,af3_basic,809674,0,690,basic,,False,casp17/massivefold_external_pool_intake/h2312_t329/extracted_models/H2312_all_pdbs/Model_3527_af3_basic_af3_seed_809674_sample_0_pred_690.cif,awaiting_extract,"MassiveFold model pool index only. It parses organizer-provided external model tarball listings and stages balanced extraction/rerank candidates. These models remain external rerank and accuracy-estimation inputs, not internal predictions, not CASP submissions, and not competitive-proof evidence."
3,H2312,H2312_T329,11607,H2312_all_pdbs/Model_4277_af3_basic_af3_seed_889886_sample_1_pred_791.cif,Model_4277_af3_basic_af3_seed_889886_sample_1_pred_791.cif,4277,AF3,af3_basic,889886,1,791,basic,,False,casp17/massivefold_external_pool_intake/h2312_t329/extracted_models/H2312_all_pdbs/Model_4277_af3_basic_af3_seed_889886_sample_1_pred_791.cif,awaiting_extract,"MassiveFold model pool index only. It parses organizer-provided external model tarball listings and stages balanced extraction/rerank candidates. These models remain external rerank and accuracy-estimation inputs, not internal predictions, not CASP submissions, and not competitive-proof evidence."
3,H2312,H2312_T329,11609,H2312_all_pdbs/Model_3413_af3_basic_af3_seed_676028_sample_4_pred_129.cif,Model_3413_af3_basic_af3_seed_676028_sample_4_pred_129.cif,3413,AF3,af3_basic,676028,4,129,basic,,False,casp17/massivefold_external_pool_intake/h2312_t329/extracted_models/H2312_all_pdbs/Model_3413_af3_basic_af3_seed_676028_sample_4_pred_129.cif,awaiting_extract,"MassiveFold model pool index only. It parses organizer-provided external model tarball listings and stages balanced extraction/rerank candidates. These models remain external rerank and accuracy-estimation inputs, not internal predictions, not CASP submissions, and not competitive-proof evidence."
3,H2312,H2312_T329,11612,H2312_all_pdbs/Model_3411_af3_basic_af3_seed_735220_sample_1_pred_581.cif,Model_3411_af3_basic_af3_seed_735220_sample_1_pred_581.cif,3411,AF3,af3_basic,735220,1,581,basic,,False,casp17/massivefold_external_pool_intake/h2312_t329/extracted_models/H2312_all_pdbs/Model_3411_af3_basic_af3_seed_735220_sample_1_pred_581.cif,awaiting_extract,"MassiveFold model pool index only. It parses organizer-provided external model tarball listings and stages balanced extraction/rerank candidates. These models remain external rerank and accuracy-estimation inputs, not internal predictions, not CASP submissions, and not competitive-proof evidence."
3,H2312,H2312_T329,11649,H2312_all_pdbs/Model_1250_af3_basic_af3_seed_735207_sample_4_pred_519.cif,Model_1250_af3_basic_af3_seed_735207_sample_4_pred_519.cif,1250,AF3,af3_basic,735207,4,519,basic,,False,casp17/massivefold_external_pool_intake/h2312_t329/extracted_models/H2312_all_pdbs/Model_1250_af3_basic_af3_seed_735207_sample_4_pred_519.cif,awaiting_extract,"MassiveFold model pool index only. It parses organizer-provided external model tarball listings and stages balanced extraction/rerank candidates. These models remain external rerank and accuracy-estimation inputs, not internal predictions, not CASP submissions, and not competitive-proof evidence."
3,H2312,H2312_T329,11670,H2312_all_pdbs/Model_1667_af3_basic_af3_seed_889885_sample_1_pred_786.cif,Model_1667_af3_basic_af3_seed_889885_sample_1_pred_786.cif,1667,AF3,af3_basic,889885,1,786,basic,,False,casp17/massivefold_external_pool_intake/h2312_t329/extracted_models/H2312_all_pdbs/Model_1667_af3_basic_af3_seed_889885_sample_1_pred_786.cif,awaiting_extract,"MassiveFold model pool index only. It parses organizer-provided external model tarball listings and stages balanced extraction/rerank candidates. These models remain external rerank and accuracy-estimation inputs, not internal predictions, not CASP submissions, and not competitive-proof evidence."
3,H2312,H2312_T329,11692,H2312_all_pdbs/Model_1402_af3_basic_af3_seed_735221_sample_3_pred_588.cif,Model_1402_af3_basic_af3_seed_735221_sample_3_pred_588.cif,1402,AF3,af3_basic,735221,3,588,basic,,False,casp17/massivefold_external_pool_intake/h2312_t329/extracted_models/H2312_all_pdbs/Model_1402_af3_basic_af3_seed_735221_sample_3_pred_588.cif,awaiting_extract,"MassiveFold model pool index only. It parses organizer-provided external model tarball listings and stages balanced extraction/rerank candidates. These models remain external rerank and accuracy-estimation inputs, not internal predictions, not CASP submissions, and not competitive-proof evidence."
3,H2312,H2312_T329,11710,H2312_all_pdbs/Model_3545_af3_basic_af3_seed_88498_sample_2_pred_387.cif,Model_3545_af3_basic_af3_seed_88498_sample_2_pred_387.cif,3545,AF3,af3_basic,88498,2,387,basic,,False,casp17/massivefold_external_pool_intake/h2312_t329/extracted_models/H2312_all_pdbs/Model_3545_af3_basic_af3_seed_88498_sample_2_pred_387.cif,awaiting_extract,"MassiveFold model pool index only. It parses organizer-provided external model tarball listings and stages balanced extraction/rerank candidates. These models remain external rerank and accuracy-estimation inputs, not internal predictions, not CASP submissions, and not competitive-proof evidence."
3,H2312,H2312_T329,11712,H2312_all_pdbs/Model_1132_af3_basic_af3_seed_735225_sample_0_pred_605.cif,Model_1132_af3_basic_af3_seed_735225_sample_0_pred_605.cif,1132,AF3,af3_basic,735225,0,605,basic,,False,casp17/massivefold_external_pool_intake/h2312_t329/extracted_models/H2312_all_pdbs/Model_1132_af3_basic_af3_seed_735225_sample_0_pred_605.cif,awaiting_extract,"MassiveFold model pool index only. It parses organizer-provided external model tarball listings and stages balanced extraction/rerank candidates. These models remain external rerank and accuracy-estimation inputs, not internal predictions, not CASP submissions, and not competitive-proof evidence."
3,H2312,H2312_T329,11720,H2312_all_pdbs/Model_1023_af3_basic_af3_seed_676046_sample_4_pred_219.cif,Model_1023_af3_basic_af3_seed_676046_sample_4_pred_219.cif,1023,AF3,af3_basic,676046,4,219,basic,,False,casp17/massivefold_external_pool_intake/h2312_t329/extracted_models/H2312_all_pdbs/Model_1023_af3_basic_af3_seed_676046_sample_4_pred_219.cif,awaiting_extract,"MassiveFold model pool index only. It parses organizer-provided external model tarball listings and stages balanced extraction/rerank candidates. These models remain external rerank and accuracy-estimation inputs, not internal predictions, not CASP submissions, and not competitive-proof evidence."
3,H2312,H2312_T329,11721,H2312_all_pdbs/Model_1341_af3_basic_af3_seed_861506_sample_1_pred_296.cif,Model_1341_af3_basic_af3_seed_861506_sample_1_pred_296.cif,1341,AF3,af3_basic,861506,1,296,basic,,False,casp17/massivefold_external_pool_intake/h2312_t329/extracted_models/H2312_all_pdbs/Model_1341_af3_basic_af3_seed_861506_sample_1_pred_296.cif,awaiting_extract,"MassiveFold model pool index only. It parses organizer-provided external model tarball listings and stages balanced extraction/rerank candidates. These models remain external rerank and accuracy-estimation inputs, not internal predictions, not CASP submissions, and not competitive-proof evidence."
3,H2312,H2312_T329,11722,H2312_all_pdbs/Model_1309_af3_basic_af3_seed_809684_sample_2_pred_742.cif,Model_1309_af3_basic_af3_seed_809684_sample_2_pred_742.cif,1309,AF3,af3_basic,809684,2,742,basic,,False,casp17/massivefold_external_pool_intake/h2312_t329/extracted_models/H2312_all_pdbs/Model_1309_af3_basic_af3_seed_809684_sample_2_pred_742.cif,awaiting_extract,"MassiveFold model pool index only. It parses organizer-provided external model tarball listings and stages balanced extraction/rerank candidates. These models remain external rerank and accuracy-estimation inputs, not internal predictions, not CASP submissions, and not competitive-proof evidence."
3,H2312,H2312_T329,11724,H2312_all_pdbs/Model_1344_af3_basic_af3_seed_88496_sample_2_pred_377.cif,Model_1344_af3_basic_af3_seed_88496_sample_2_pred_377.cif,1344,AF3,af3_basic,88496,2,377,basic,,False,casp17/massivefold_external_pool_intake/h2312_t329/extracted_models/H2312_all_pdbs/Model_1344_af3_basic_af3_seed_88496_sample_2_pred_377.cif,awaiting_extract,"MassiveFold model pool index only. It parses organizer-provided external model tarball listings and stages balanced extraction/rerank candidates. These models remain external rerank and accuracy-estimation inputs, not internal predictions, not CASP submissions, and not competitive-proof evidence."
3,H2312,H2312_T329,11728,H2312_all_pdbs/Model_1338_af3_basic_af3_seed_809671_sample_1_pred_676.cif,Model_1338_af3_basic_af3_seed_809671_sample_1_pred_676.cif,1338,AF3,af3_basic,809671,1,676,basic,,False,casp17/massivefold_external_pool_intake/h2312_t329/extracted_models/H2312_all_pdbs/Model_1338_af3_basic_af3_seed_809671_sample_1_pred_676.cif,awaiting_extract,"MassiveFold model pool index only. It parses organizer-provided external model tarball listings and stages balanced extraction/rerank candidates. These models remain external rerank and accuracy-estimation inputs, not internal predictions, not CASP submissions, and not competitive-proof evidence."
3,H2312,H2312_T329,11756,H2312_all_pdbs/Model_1584_af3_basic_af3_seed_676049_sample_0_pred_230.cif,Model_1584_af3_basic_af3_seed_676049_sample_0_pred_230.cif,1584,AF3,af3_basic,676049,0,230,basic,,False,casp17/massivefold_external_pool_intake/h2312_t329/extracted_models/H2312_all_pdbs/Model_1584_af3_basic_af3_seed_676049_sample_0_pred_230.cif,awaiting_extract,"MassiveFold model pool index only. It parses organizer-provided external model tarball listings and stages balanced extraction/rerank candidates. These models remain external rerank and accuracy-estimation inputs, not internal predictions, not CASP submissions, and not competitive-proof evidence."
3,H2312,H2312_T329,11763,H2312_all_pdbs/Model_1100_af3_basic_af3_seed_207370_sample_0_pred_970.cif,Model_1100_af3_basic_af3_seed_207370_sample_0_pred_970.cif,1100,AF3,af3_basic,207370,0,970,basic,,False,casp17/massivefold_external_pool_intake/h2312_t329/extracted_models/H2312_all_pdbs/Model_1100_af3_basic_af3_seed_207370_sample_0_pred_970.cif,awaiting_extract,"MassiveFold model pool index only. It parses organizer-provided external model tarball listings and stages balanced extraction/rerank candidates. These models remain external rerank and accuracy-estimation inputs, not internal predictions, not CASP submissions, and not competitive-proof evidence."
3,H2312,H2312_T329,11790,H2312_all_pdbs/Model_1428_af3_basic_af3_seed_676049_sample_4_pred_234.cif,Model_1428_af3_basic_af3_seed_676049_sample_4_pred_234.cif,1428,AF3,af3_basic,676049,4,234,basic,,False,casp17/massivefold_external_pool_intake/h2312_t329/extracted_models/H2312_all_pdbs/Model_1428_af3_basic_af3_seed_676049_sample_4_pred_234.cif,awaiting_extract,"MassiveFold model pool index only. It parses organizer-provided external model tarball listings and stages balanced extraction/rerank candidates. These models remain external rerank and accuracy-estimation inputs, not internal predictions, not CASP submissions, and not competitive-proof evidence."
3,H2312,H2312_T329,11817,H2312_all_pdbs/Model_991_af3_basic_af3_seed_861509_sample_1_pred_311.cif,Model_991_af3_basic_af3_seed_861509_sample_1_pred_311.cif,991,AF3,af3_basic,861509,1,311,basic,,False,casp17/massivefold_external_pool_intake/h2312_t329/extracted_models/H2312_all_pdbs/Model_991_af3_basic_af3_seed_861509_sample_1_pred_311.cif,awaiting_extract,"MassiveFold model pool index only. It parses organizer-provided external model tarball listings and stages balanced extraction/rerank candidates. These models remain external rerank and accuracy-estimation inputs, not internal predictions, not CASP submissions, and not competitive-proof evidence."
3,H2312,H2312_T329,11820,H2312_all_pdbs/Model_1037_af3_basic_af3_seed_207371_sample_0_pred_975.cif,Model_1037_af3_basic_af3_seed_207371_sample_0_pred_975.cif,1037,AF3,af3_basic,207371,0,975,basic,,False,casp17/massivefold_external_pool_intake/h2312_t329/extracted_models/H2312_all_pdbs/Model_1037_af3_basic_af3_seed_207371_sample_0_pred_975.cif,awaiting_extract,"MassiveFold model pool index only. It parses organizer-provided external model tarball listings and stages balanced extraction/rerank candidates. These models remain external rerank and accuracy-estimation inputs, not internal predictions, not CASP submissions, and not competitive-proof evidence."
3,H2312,H2312_T329,11821,H2312_all_pdbs/Model_1635_af3_basic_af3_seed_735228_sample_1_pred_621.cif,Model_1635_af3_basic_af3_seed_735228_sample_1_pred_621.cif,1635,AF3,af3_basic,735228,1,621,basic,,False,casp17/massivefold_external_pool_intake/h2312_t329/extracted_models/H2312_all_pdbs/Model_1635_af3_basic_af3_seed_735228_sample_1_pred_621.cif,awaiting_extract,"MassiveFold model pool index only. It parses organizer-provided external model tarball listings and stages balanced extraction/rerank candidates. These models remain external rerank and accuracy-estimation inputs, not internal predictions, not CASP submissions, and not competitive-proof evidence."
3,H2312,H2312_T329,11833,H2312_all_pdbs/Model_3367_af3_basic_af3_seed_676034_sample_4_pred_159.cif,Model_3367_af3_basic_af3_seed_676034_sample_4_pred_159.cif,3367,AF3,af3_basic,676034,4,159,basic,,False,casp17/massivefold_external_pool_intake/h2312_t329/extracted_models/H2312_all_pdbs/Model_3367_af3_basic_af3_seed_676034_sample_4_pred_159.cif,awaiting_extract,"MassiveFold model pool index only. It parses organizer-provided external model tarball listings and stages balanced extraction/rerank candidates. These models remain external rerank and accuracy-estimation inputs, not internal predictions, not CASP submissions, and not competitive-proof evidence."
3,H2312,H2312_T329,11834,H2312_all_pdbs/Model_3467_af3_basic_af3_seed_207375_sample_2_pred_997.cif,Model_3467_af3_basic_af3_seed_207375_sample_2_pred_997.cif,3467,AF3,af3_basic,207375,2,997,basic,,False,casp17/massivefold_external_pool_intake/h2312_t329/extracted_models/H2312_all_pdbs/Model_3467_af3_basic_af3_seed_207375_sample_2_pred_997.cif,awaiting_extract,"MassiveFold model pool index only. It parses organizer-provided external model tarball listings and stages balanced extraction/rerank candidates. These models remain external rerank and accuracy-estimation inputs, not internal predictions, not CASP submissions, and not competitive-proof evidence."
3,H2312,H2312_T329,11846,H2312_all_pdbs/Model_1156_af3_basic_af3_seed_861510_sample_2_pred_317.cif,Model_1156_af3_basic_af3_seed_861510_sample_2_pred_317.cif,1156,AF3,af3_basic,861510,2,317,basic,,False,casp17/massivefold_external_pool_intake/h2312_t329/extracted_models/H2312_all_pdbs/Model_1156_af3_basic_af3_seed_861510_sample_2_pred_317.cif,awaiting_extract,"MassiveFold model pool index only. It parses organizer-provided external model tarball listings and stages balanced extraction/rerank candidates. These models remain external rerank and accuracy-estimation inputs, not internal predictions, not CASP submissions, and not competitive-proof evidence."
3,H2312,H2312_T329,11849,H2312_all_pdbs/Model_3354_af3_basic_af3_seed_889885_sample_4_pred_789.cif,Model_3354_af3_basic_af3_seed_889885_sample_4_pred_789.cif,3354,AF3,af3_basic,889885,4,789,basic,,False,casp17/massivefold_external_pool_intake/h2312_t329/extracted_models/H2312_all_pdbs/Model_3354_af3_basic_af3_seed_889885_sample_4_pred_789.cif,awaiting_extract,"MassiveFold model pool index only. It parses organizer-provided external model tarball listings and stages balanced extraction/rerank candidates. These models remain external rerank and accuracy-estimation inputs, not internal predictions, not CASP submissions, and not competitive-proof evidence."
3,H2312,H2312_T329,11855,H2312_all_pdbs/Model_1087_af3_basic_af3_seed_861498_sample_1_pred_256.cif,Model_1087_af3_basic_af3_seed_861498_sample_1_pred_256.cif,1087,AF3,af3_basic,861498,1,256,basic,,False,casp17/massivefold_external_pool_intake/h2312_t329/extracted_models/H2312_all_pdbs/Model_1087_af3_basic_af3_seed_861498_sample_1_pred_256.cif,awaiting_extract,"MassiveFold model pool index only. It parses organizer-provided external model tarball listings and stages balanced extraction/rerank candidates. These models remain external rerank and accuracy-estimation inputs, not internal predictions, not CASP submissions, and not competitive-proof evidence."
3,H2312,H2312_T329,11871,H2312_all_pdbs/Model_1488_af3_basic_af3_seed_676037_sample_4_pred_174.cif,Model_1488_af3_basic_af3_seed_676037_sample_4_pred_174.cif,1488,AF3,af3_basic,676037,4,174,basic,,False,casp17/massivefold_external_pool_intake/h2312_t329/extracted_models/H2312_all_pdbs/Model_1488_af3_basic_af3_seed_676037_sample_4_pred_174.cif,awaiting_extract,"MassiveFold model pool index only. It parses organizer-provided external model tarball listings and stages balanced extraction/rerank candidates. These models remain external rerank and accuracy-estimation inputs, not internal predictions, not CASP submissions, and not competitive-proof evidence."
3,H2312,H2312_T329,11902,H2312_all_pdbs/Model_975_af3_basic_af3_seed_163623_sample_3_pred_98.cif,Model_975_af3_basic_af3_seed_163623_sample_3_pred_98.cif,975,AF3,af3_basic,163623,3,98,basic,,False,casp17/massivefold_external_pool_intake/h2312_t329/extracted_models/H2312_all_pdbs/Model_975_af3_basic_af3_seed_163623_sample_3_pred_98.cif,awaiting_extract,"MassiveFold model pool index only. It parses organizer-provided external model tarball listings and stages balanced extraction/rerank candidates. These models remain external rerank and accuracy-estimation inputs, not internal predictions, not CASP submissions, and not competitive-proof evidence."
3,H2312,H2312_T329,11912,H2312_all_pdbs/Model_3410_af3_basic_af3_seed_88510_sample_0_pred_445.cif,Model_3410_af3_basic_af3_seed_88510_sample_0_pred_445.cif,3410,AF3,af3_basic,88510,0,445,basic,,False,casp17/massivefold_external_pool_intake/h2312_t329/extracted_models/H2312_all_pdbs/Model_3410_af3_basic_af3_seed_88510_sample_0_pred_445.cif,awaiting_extract,"MassiveFold model pool index only. It parses organizer-provided external model tarball listings and stages balanced extraction/rerank candidates. These models remain external rerank and accuracy-estimation inputs, not internal predictions, not CASP submissions, and not competitive-proof evidence."
3,H2312,H2312_T329,11933,H2312_all_pdbs/Model_4254_af3_basic_af3_seed_88515_sample_1_pred_471.cif,Model_4254_af3_basic_af3_seed_88515_sample_1_pred_471.cif,4254,AF3,af3_basic,88515,1,471,basic,,False,casp17/massivefold_external_pool_intake/h2312_t329/extracted_models/H2312_all_pdbs/Model_4254_af3_basic_af3_seed_88515_sample_1_pred_471.cif,awaiting_extract,"MassiveFold model pool index only. It parses organizer-provided external model tarball listings and stages balanced extraction/rerank candidates. These models remain external rerank and accuracy-estimation inputs, not internal predictions, not CASP submissions, and not competitive-proof evidence."
3,H2312,H2312_T329,11945,H2312_all_pdbs/Model_3408_af3_basic_af3_seed_861513_sample_3_pred_333.cif,Model_3408_af3_basic_af3_seed_861513_sample_3_pred_333.cif,3408,AF3,af3_basic,861513,3,333,basic,,False,casp17/massivefold_external_pool_intake/h2312_t329/extracted_models/H2312_all_pdbs/Model_3408_af3_basic_af3_seed_861513_sample_3_pred_333.cif,awaiting_extract,"MassiveFold model pool index only. It parses organizer-provided external model tarball listings and stages balanced extraction/rerank candidates. These models remain external rerank and accuracy-estimation inputs, not internal predictions, not CASP submissions, and not competitive-proof evidence."
3,H2312,H2312_T329,11957,H2312_all_pdbs/Model_3322_af3_basic_af3_seed_889890_sample_1_pred_811.cif,Model_3322_af3_basic_af3_seed_889890_sample_1_pred_811.cif,3322,AF3,af3_basic,889890,1,811,basic,,False,casp17/massivefold_external_pool_intake/h2312_t329/extracted_models/H2312_all_pdbs/Model_3322_af3_basic_af3_seed_889890_sample_1_pred_811.cif,awaiting_extract,"MassiveFold model pool index only. It parses organizer-provided external model tarball listings and stages balanced extraction/rerank candidates. These models remain external rerank and accuracy-estimation inputs, not internal predictions, not CASP submissions, and not competitive-proof evidence."
3,H2312,H2312_T329,11990,H2312_all_pdbs/Model_67_af3_basic_af3_seed_889882_sample_4_pred_774.cif,Model_67_af3_basic_af3_seed_889882_sample_4_pred_774.cif,67,AF3,af3_basic,889882,4,774,basic,107,True,casp17/massivefold_external_pool_intake/h2312_t329/extracted_models/H2312_all_pdbs/Model_67_af3_basic_af3_seed_889882_sample_4_pred_774.cif,extracted,"MassiveFold model pool index only. It parses organizer-provided external model tarball listings and stages balanced extraction/rerank candidates. These models remain external rerank and accuracy-estimation inputs, not internal predictions, not CASP submissions, and not competitive-proof evidence."
3,H2312,H2312_T329,12013,H2312_all_pdbs/Model_1240_af3_basic_af3_seed_809663_sample_0_pred_635.cif,Model_1240_af3_basic_af3_seed_809663_sample_0_pred_635.cif,1240,AF3,af3_basic,809663,0,635,basic,,False,casp17/massivefold_external_pool_intake/h2312_t329/extracted_models/H2312_all_pdbs/Model_1240_af3_basic_af3_seed_809663_sample_0_pred_635.cif,awaiting_extract,"MassiveFold model pool index only. It parses organizer-provided external model tarball listings and stages balanced extraction/rerank candidates. These models remain external rerank and accuracy-estimation inputs, not internal predictions, not CASP submissions, and not competitive-proof evidence."
3,H2312,H2312_T329,12027,H2312_all_pdbs/Model_1048_af3_basic_af3_seed_861511_sample_2_pred_322.cif,Model_1048_af3_basic_af3_seed_861511_sample_2_pred_322.cif,1048,AF3,af3_basic,861511,2,322,basic,,False,casp17/massivefold_external_pool_intake/h2312_t329/extracted_models/H2312_all_pdbs/Model_1048_af3_basic_af3_seed_861511_sample_2_pred_322.cif,awaiting_extract,"MassiveFold model pool index only. It parses organizer-provided external model tarball listings and stages balanced extraction/rerank candidates. These models remain external rerank and accuracy-estimation inputs, not internal predictions, not CASP submissions, and not competitive-proof evidence."
3,H2312,H2312_T329,12056,H2312_all_pdbs/Model_1632_af3_basic_af3_seed_207367_sample_1_pred_956.cif,Model_1632_af3_basic_af3_seed_207367_sample_1_pred_956.cif,1632,AF3,af3_basic,207367,1,956,basic,,False,casp17/massivefold_external_pool_intake/h2312_t329/extracted_models/H2312_all_pdbs/Model_1632_af3_basic_af3_seed_207367_sample_1_pred_956.cif,awaiting_extract,"MassiveFold model pool index only. It parses organizer-provided external model tarball listings and stages balanced extraction/rerank candidates. These models remain external rerank and accuracy-estimation inputs, not internal predictions, not CASP submissions, and not competitive-proof evidence."
3,H2312,H2312_T329,12105,H2312_all_pdbs/Model_1503_af3_basic_af3_seed_88499_sample_0_pred_390.cif,Model_1503_af3_basic_af3_seed_88499_sample_0_pred_390.cif,1503,AF3,af3_basic,88499,0,390,basic,,False,casp17/massivefold_external_pool_intake/h2312_t329/extracted_models/H2312_all_pdbs/Model_1503_af3_basic_af3_seed_88499_sample_0_pred_390.cif,awaiting_extract,"MassiveFold model pool index only. It parses organizer-provided external model tarball listings and stages balanced extraction/rerank candidates. These models remain external rerank and accuracy-estimation inputs, not internal predictions, not CASP submissions, and not competitive-proof evidence."
3,H2312,H2312_T329,12140,H2312_all_pdbs/Model_3412_af3_basic_af3_seed_676031_sample_1_pred_141.cif,Model_3412_af3_basic_af3_seed_676031_sample_1_pred_141.cif,3412,AF3,af3_basic,676031,1,141,basic,,False,casp17/massivefold_external_pool_intake/h2312_t329/extracted_models/H2312_all_pdbs/Model_3412_af3_basic_af3_seed_676031_sample_1_pred_141.cif,awaiting_extract,"MassiveFold model pool index only. It parses organizer-provided external model tarball listings and stages balanced extraction/rerank candidates. These models remain external rerank and accuracy-estimation inputs, not internal predictions, not CASP submissions, and not competitive-proof evidence."
3,H2312,H2312_T329,12141,H2312_all_pdbs/Model_3446_af3_basic_af3_seed_889885_sample_0_pred_785.cif,Model_3446_af3_basic_af3_seed_889885_sample_0_pred_785.cif,3446,AF3,af3_basic,889885,0,785,basic,,False,casp17/massivefold_external_pool_intake/h2312_t329/extracted_models/H2312_all_pdbs/Model_3446_af3_basic_af3_seed_889885_sample_0_pred_785.cif,awaiting_extract,"MassiveFold model pool index only. It parses organizer-provided external model tarball listings and stages balanced extraction/rerank candidates. These models remain external rerank and accuracy-estimation inputs, not internal predictions, not CASP submissions, and not competitive-proof evidence."
3,H2312,H2312_T329,12160,H2312_all_pdbs/Model_1634_af3_basic_af3_seed_676050_sample_0_pred_235.cif,Model_1634_af3_basic_af3_seed_676050_sample_0_pred_235.cif,1634,AF3,af3_basic,676050,0,235,basic,,False,casp17/massivefold_external_pool_intake/h2312_t329/extracted_models/H2312_all_pdbs/Model_1634_af3_basic_af3_seed_676050_sample_0_pred_235.cif,awaiting_extract,"MassiveFold model pool index only. It parses organizer-provided external model tarball listings and stages balanced extraction/rerank candidates. These models remain external rerank and accuracy-estimation inputs, not internal predictions, not CASP submissions, and not competitive-proof evidence."
3,H2312,H2312_T329,12167,H2312_all_pdbs/Model_1386_af3_basic_af3_seed_889892_sample_2_pred_822.cif,Model_1386_af3_basic_af3_seed_889892_sample_2_pred_822.cif,1386,AF3,af3_basic,889892,2,822,basic,,False,casp17/massivefold_external_pool_intake/h2312_t329/extracted_models/H2312_all_pdbs/Model_1386_af3_basic_af3_seed_889892_sample_2_pred_822.cif,awaiting_extract,"MassiveFold model pool index only. It parses organizer-provided external model tarball listings and stages balanced extraction/rerank candidates. These models remain external rerank and accuracy-estimation inputs, not internal predictions, not CASP submissions, and not competitive-proof evidence."
3,H2312,H2312_T329,12181,H2312_all_pdbs/Model_3381_af3_basic_af3_seed_88517_sample_0_pred_480.cif,Model_3381_af3_basic_af3_seed_88517_sample_0_pred_480.cif,3381,AF3,af3_basic,88517,0,480,basic,,False,casp17/massivefold_external_pool_intake/h2312_t329/extracted_models/H2312_all_pdbs/Model_3381_af3_basic_af3_seed_88517_sample_0_pred_480.cif,awaiting_extract,"MassiveFold model pool index only. It parses organizer-provided external model tarball listings and stages balanced extraction/rerank candidates. These models remain external rerank and accuracy-estimation inputs, not internal predictions, not CASP submissions, and not competitive-proof evidence."
3,H2312,H2312_T329,12205,H2312_all_pdbs/Model_1274_af3_basic_af3_seed_889897_sample_0_pred_845.cif,Model_1274_af3_basic_af3_seed_889897_sample_0_pred_845.cif,1274,AF3,af3_basic,889897,0,845,basic,,False,casp17/massivefold_external_pool_intake/h2312_t329/extracted_models/H2312_all_pdbs/Model_1274_af3_basic_af3_seed_889897_sample_0_pred_845.cif,awaiting_extract,"MassiveFold model pool index only. It parses organizer-provided external model tarball listings and stages balanced extraction/rerank candidates. These models remain external rerank and accuracy-estimation inputs, not internal predictions, not CASP submissions, and not competitive-proof evidence."
3,H2312,H2312_T329,12210,H2312_all_pdbs/Model_3548_af3_basic_af3_seed_676028_sample_2_pred_127.cif,Model_3548_af3_basic_af3_seed_676028_sample_2_pred_127.cif,3548,AF3,af3_basic,676028,2,127,basic,,False,casp17/massivefold_external_pool_intake/h2312_t329/extracted_models/H2312_all_pdbs/Model_3548_af3_basic_af3_seed_676028_sample_2_pred_127.cif,awaiting_extract,"MassiveFold model pool index only. It parses organizer-provided external model tarball listings and stages balanced extraction/rerank candidates. These models remain external rerank and accuracy-estimation inputs, not internal predictions, not CASP submissions, and not competitive-proof evidence."
3,H2312,H2312_T329,12225,H2312_all_pdbs/Model_1215_af3_basic_af3_seed_861511_sample_1_pred_321.cif,Model_1215_af3_basic_af3_seed_861511_sample_1_pred_321.cif,1215,AF3,af3_basic,861511,1,321,basic,,False,casp17/massivefold_external_pool_intake/h2312_t329/extracted_models/H2312_all_pdbs/Model_1215_af3_basic_af3_seed_861511_sample_1_pred_321.cif,awaiting_extract,"MassiveFold model pool index only. It parses organizer-provided external model tarball listings and stages balanced extraction/rerank candidates. These models remain external rerank and accuracy-estimation inputs, not internal predictions, not CASP submissions, and not competitive-proof evidence."
3,H2312,H2312_T329,12227,H2312_all_pdbs/Model_1576_af3_basic_af3_seed_735218_sample_3_pred_573.cif,Model_1576_af3_basic_af3_seed_735218_sample_3_pred_573.cif,1576,AF3,af3_basic,735218,3,573,basic,,False,casp17/massivefold_external_pool_intake/h2312_t329/extracted_models/H2312_all_pdbs/Model_1576_af3_basic_af3_seed_735218_sample_3_pred_573.cif,awaiting_extract,"MassiveFold model pool index only. It parses organizer-provided external model tarball listings and stages balanced extraction/rerank candidates. These models remain external rerank and accuracy-estimation inputs, not internal predictions, not CASP submissions, and not competitive-proof evidence."
3,H2312,H2312_T329,12266,H2312_all_pdbs/Model_1005_af3_basic_af3_seed_163610_sample_3_pred_33.cif,Model_1005_af3_basic_af3_seed_163610_sample_3_pred_33.cif,1005,AF3,af3_basic,163610,3,33,basic,,False,casp17/massivefold_external_pool_intake/h2312_t329/extracted_models/H2312_all_pdbs/Model_1005_af3_basic_af3_seed_163610_sample_3_pred_33.cif,awaiting_extract,"MassiveFold model pool index only. It parses organizer-provided external model tarball listings and stages balanced extraction/rerank candidates. These models remain external rerank and accuracy-estimation inputs, not internal predictions, not CASP submissions, and not competitive-proof evidence."
3,H2312,H2312_T329,12290,H2312_all_pdbs/Model_1553_af3_basic_af3_seed_809665_sample_3_pred_648.cif,Model_1553_af3_basic_af3_seed_809665_sample_3_pred_648.cif,1553,AF3,af3_basic,809665,3,648,basic,,False,casp17/massivefold_external_pool_intake/h2312_t329/extracted_models/H2312_all_pdbs/Model_1553_af3_basic_af3_seed_809665_sample_3_pred_648.cif,awaiting_extract,"MassiveFold model pool index only. It parses organizer-provided external model tarball listings and stages balanced extraction/rerank candidates. These models remain external rerank and accuracy-estimation inputs, not internal predictions, not CASP submissions, and not competitive-proof evidence."
3,H2312,H2312_T329,12307,H2312_all_pdbs/Model_3431_af3_basic_af3_seed_207357_sample_3_pred_908.cif,Model_3431_af3_basic_af3_seed_207357_sample_3_pred_908.cif,3431,AF3,af3_basic,207357,3,908,basic,,False,casp17/massivefold_external_pool_intake/h2312_t329/extracted_models/H2312_all_pdbs/Model_3431_af3_basic_af3_seed_207357_sample_3_pred_908.cif,awaiting_extract,"MassiveFold model pool index only. It parses organizer-provided external model tarball listings and stages balanced extraction/rerank candidates. These models remain external rerank and accuracy-estimation inputs, not internal predictions, not CASP submissions, and not competitive-proof evidence."
3,H2312,H2312_T329,12317,H2312_all_pdbs/Model_1317_af3_basic_af3_seed_889879_sample_1_pred_756.cif,Model_1317_af3_basic_af3_seed_889879_sample_1_pred_756.cif,1317,AF3,af3_basic,889879,1,756,basic,,False,casp17/massivefold_external_pool_intake/h2312_t329/extracted_models/H2312_all_pdbs/Model_1317_af3_basic_af3_seed_889879_sample_1_pred_756.cif,awaiting_extract,"MassiveFold model pool index only. It parses organizer-provided external model tarball listings and stages balanced extraction/rerank candidates. These models remain external rerank and accuracy-estimation inputs, not internal predictions, not CASP submissions, and not competitive-proof evidence."
3,H2312,H2312_T329,12328,H2312_all_pdbs/Model_1436_af3_basic_af3_seed_889901_sample_4_pred_869.cif,Model_1436_af3_basic_af3_seed_889901_sample_4_pred_869.cif,1436,AF3,af3_basic,889901,4,869,basic,,False,casp17/massivefold_external_pool_intake/h2312_t329/extracted_models/H2312_all_pdbs/Model_1436_af3_basic_af3_seed_889901_sample_4_pred_869.cif,awaiting_extract,"MassiveFold model pool index only. It parses organizer-provided external model tarball listings and stages balanced extraction/rerank candidates. These models remain external rerank and accuracy-estimation inputs, not internal predictions, not CASP submissions, and not competitive-proof evidence."
3,H2312,H2312_T329,12336,H2312_all_pdbs/Model_3505_af3_basic_af3_seed_163605_sample_4_pred_9.cif,Model_3505_af3_basic_af3_seed_163605_sample_4_pred_9.cif,3505,AF3,af3_basic,163605,4,9,basic,,False,casp17/massivefold_external_pool_intake/h2312_t329/extracted_models/H2312_all_pdbs/Model_3505_af3_basic_af3_seed_163605_sample_4_pred_9.cif,awaiting_extract,"MassiveFold model pool index only. It parses organizer-provided external model tarball listings and stages balanced extraction/rerank candidates. These models remain external rerank and accuracy-estimation inputs, not internal predictions, not CASP submissions, and not competitive-proof evidence."
3,H2312,H2312_T329,12338,H2312_all_pdbs/Model_985_af3_basic_af3_seed_88505_sample_0_pred_420.cif,Model_985_af3_basic_af3_seed_88505_sample_0_pred_420.cif,985,AF3,af3_basic,88505,0,420,basic,,False,casp17/massivefold_external_pool_intake/h2312_t329/extracted_models/H2312_all_pdbs/Model_985_af3_basic_af3_seed_88505_sample_0_pred_420.cif,awaiting_extract,"MassiveFold model pool index only. It parses organizer-provided external model tarball listings and stages balanced extraction/rerank candidates. These models remain external rerank and accuracy-estimation inputs, not internal predictions, not CASP submissions, and not competitive-proof evidence."
3,H2312,H2312_T329,12364,H2312_all_pdbs/Model_3503_af3_basic_af3_seed_861507_sample_2_pred_302.cif,Model_3503_af3_basic_af3_seed_861507_sample_2_pred_302.cif,3503,AF3,af3_basic,861507,2,302,basic,,False,casp17/massivefold_external_pool_intake/h2312_t329/extracted_models/H2312_all_pdbs/Model_3503_af3_basic_af3_seed_861507_sample_2_pred_302.cif,awaiting_extract,"MassiveFold model pool index only. It parses organizer-provided external model tarball listings and stages balanced extraction/rerank candidates. These models remain external rerank and accuracy-estimation inputs, not internal predictions, not CASP submissions, and not competitive-proof evidence."
3,H2312,H2312_T329,12366,H2312_all_pdbs/Model_984_af3_basic_af3_seed_676052_sample_1_pred_246.cif,Model_984_af3_basic_af3_seed_676052_sample_1_pred_246.cif,984,AF3,af3_basic,676052,1,246,basic,,False,casp17/massivefold_external_pool_intake/h2312_t329/extracted_models/H2312_all_pdbs/Model_984_af3_basic_af3_seed_676052_sample_1_pred_246.cif,awaiting_extract,"MassiveFold model pool index only. It parses organizer-provided external model tarball listings and stages balanced extraction/rerank candidates. These models remain external rerank and accuracy-estimation inputs, not internal predictions, not CASP submissions, and not competitive-proof evidence."
3,H2312,H2312_T329,12385,H2312_all_pdbs/Model_1365_af3_basic_af3_seed_676045_sample_0_pred_210.cif,Model_1365_af3_basic_af3_seed_676045_sample_0_pred_210.cif,1365,AF3,af3_basic,676045,0,210,basic,,False,casp17/massivefold_external_pool_intake/h2312_t329/extracted_models/H2312_all_pdbs/Model_1365_af3_basic_af3_seed_676045_sample_0_pred_210.cif,awaiting_extract,"MassiveFold model pool index only. It parses organizer-provided external model tarball listings and stages balanced extraction/rerank candidates. These models remain external rerank and accuracy-estimation inputs, not internal predictions, not CASP submissions, and not competitive-proof evidence."
3,H2312,H2312_T329,12386,H2312_all_pdbs/Model_1394_af3_basic_af3_seed_809678_sample_1_pred_711.cif,Model_1394_af3_basic_af3_seed_809678_sample_1_pred_711.cif,1394,AF3,af3_basic,809678,1,711,basic,,False,casp17/massivefold_external_pool_intake/h2312_t329/extracted_models/H2312_all_pdbs/Model_1394_af3_basic_af3_seed_809678_sample_1_pred_711.cif,awaiting_extract,"MassiveFold model pool index only. It parses organizer-provided external model tarball listings and stages balanced extraction/rerank candidates. These models remain external rerank and accuracy-estimation inputs, not internal predictions, not CASP submissions, and not competitive-proof evidence."
3,H2312,H2312_T329,12396,H2312_all_pdbs/Model_1290_af3_basic_af3_seed_163612_sample_4_pred_44.cif,Model_1290_af3_basic_af3_seed_163612_sample_4_pred_44.cif,1290,AF3,af3_basic,163612,4,44,basic,,False,casp17/massivefold_external_pool_intake/h2312_t329/extracted_models/H2312_all_pdbs/Model_1290_af3_basic_af3_seed_163612_sample_4_pred_44.cif,awaiting_extract,"MassiveFold model pool index only. It parses organizer-provided external model tarball listings and stages balanced extraction/rerank candidates. These models remain external rerank and accuracy-estimation inputs, not internal predictions, not CASP submissions, and not competitive-proof evidence."
3,H2312,H2312_T329,12406,H2312_all_pdbs/Model_1548_af3_basic_af3_seed_861497_sample_0_pred_250.cif,Model_1548_af3_basic_af3_seed_861497_sample_0_pred_250.cif,1548,AF3,af3_basic,861497,0,250,basic,,False,casp17/massivefold_external_pool_intake/h2312_t329/extracted_models/H2312_all_pdbs/Model_1548_af3_basic_af3_seed_861497_sample_0_pred_250.cif,awaiting_extract,"MassiveFold model pool index only. It parses organizer-provided external model tarball listings and stages balanced extraction/rerank candidates. These models remain external rerank and accuracy-estimation inputs, not internal predictions, not CASP submissions, and not competitive-proof evidence."
3,H2312,H2312_T329,12453,H2312_all_pdbs/Model_3547_af3_basic_af3_seed_88512_sample_4_pred_459.cif,Model_3547_af3_basic_af3_seed_88512_sample_4_pred_459.cif,3547,AF3,af3_basic,88512,4,459,basic,,False,casp17/massivefold_external_pool_intake/h2312_t329/extracted_models/H2312_all_pdbs/Model_3547_af3_basic_af3_seed_88512_sample_4_pred_459.cif,awaiting_extract,"MassiveFold model pool index only. It parses organizer-provided external model tarball listings and stages balanced extraction/rerank candidates. These models remain external rerank and accuracy-estimation inputs, not internal predictions, not CASP submissions, and not competitive-proof evidence."
3,H2312,H2312_T329,12483,H2312_all_pdbs/Model_1138_af3_basic_af3_seed_676037_sample_0_pred_170.cif,Model_1138_af3_basic_af3_seed_676037_sample_0_pred_170.cif,1138,AF3,af3_basic,676037,0,170,basic,,False,casp17/massivefold_external_pool_intake/h2312_t329/extracted_models/H2312_all_pdbs/Model_1138_af3_basic_af3_seed_676037_sample_0_pred_170.cif,awaiting_extract,"MassiveFold model pool index only. It parses organizer-provided external model tarball listings and stages balanced extraction/rerank candidates. These models remain external rerank and accuracy-estimation inputs, not internal predictions, not CASP submissions, and not competitive-proof evidence."
3,H2312,H2312_T329,12490,H2312_all_pdbs/Model_1625_af3_basic_af3_seed_88501_sample_1_pred_401.cif,Model_1625_af3_basic_af3_seed_88501_sample_1_pred_401.cif,1625,AF3,af3_basic,88501,1,401,basic,,False,casp17/massivefold_external_pool_intake/h2312_t329/extracted_models/H2312_all_pdbs/Model_1625_af3_basic_af3_seed_88501_sample_1_pred_401.cif,awaiting_extract,"MassiveFold model pool index only. It parses organizer-provided external model tarball listings and stages balanced extraction/rerank candidates. These models remain external rerank and accuracy-estimation inputs, not internal predictions, not CASP submissions, and not competitive-proof evidence."
3,H2312,H2312_T329,12501,H2312_all_pdbs/Model_1217_af3_basic_af3_seed_861504_sample_4_pred_289.cif,Model_1217_af3_basic_af3_seed_861504_sample_4_pred_289.cif,1217,AF3,af3_basic,861504,4,289,basic,,False,casp17/massivefold_external_pool_intake/h2312_t329/extracted_models/H2312_all_pdbs/Model_1217_af3_basic_af3_seed_861504_sample_4_pred_289.cif,awaiting_extract,"MassiveFold model pool index only. It parses organizer-provided external model tarball listings and stages balanced extraction/rerank candidates. These models remain external rerank and accuracy-estimation inputs, not internal predictions, not CASP submissions, and not competitive-proof evidence."
3,H2312,H2312_T329,12502,H2312_all_pdbs/Model_1563_af3_basic_af3_seed_809665_sample_1_pred_646.cif,Model_1563_af3_basic_af3_seed_809665_sample_1_pred_646.cif,1563,AF3,af3_basic,809665,1,646,basic,,False,casp17/massivefold_external_pool_intake/h2312_t329/extracted_models/H2312_all_pdbs/Model_1563_af3_basic_af3_seed_809665_sample_1_pred_646.cif,awaiting_extract,"MassiveFold model pool index only. It parses organizer-provided external model tarball listings and stages balanced extraction/rerank candidates. These models remain external rerank and accuracy-estimation inputs, not internal predictions, not CASP submissions, and not competitive-proof evidence."
3,H2312,H2312_T329,12547,H2312_all_pdbs/Model_3461_af3_basic_af3_seed_676034_sample_1_pred_156.cif,Model_3461_af3_basic_af3_seed_676034_sample_1_pred_156.cif,3461,AF3,af3_basic,676034,1,156,basic,,False,casp17/massivefold_external_pool_intake/h2312_t329/extracted_models/H2312_all_pdbs/Model_3461_af3_basic_af3_seed_676034_sample_1_pred_156.cif,awaiting_extract,"MassiveFold model pool index only. It parses organizer-provided external model tarball listings and stages balanced extraction/rerank candidates. These models remain external rerank and accuracy-estimation inputs, not internal predictions, not CASP submissions, and not competitive-proof evidence."
3,H2312,H2312_T329,12563,H2312_all_pdbs/Model_1588_af3_basic_af3_seed_809667_sample_4_pred_659.cif,Model_1588_af3_basic_af3_seed_809667_sample_4_pred_659.cif,1588,AF3,af3_basic,809667,4,659,basic,,False,casp17/massivefold_external_pool_intake/h2312_t329/extracted_models/H2312_all_pdbs/Model_1588_af3_basic_af3_seed_809667_sample_4_pred_659.cif,awaiting_extract,"MassiveFold model pool index only. It parses organizer-provided external model tarball listings and stages balanced extraction/rerank candidates. These models remain external rerank and accuracy-estimation inputs, not internal predictions, not CASP submissions, and not competitive-proof evidence."
3,H2312,H2312_T329,12601,H2312_all_pdbs/Model_1442_af3_basic_af3_seed_207375_sample_4_pred_999.cif,Model_1442_af3_basic_af3_seed_207375_sample_4_pred_999.cif,1442,AF3,af3_basic,207375,4,999,basic,,False,casp17/massivefold_external_pool_intake/h2312_t329/extracted_models/H2312_all_pdbs/Model_1442_af3_basic_af3_seed_207375_sample_4_pred_999.cif,awaiting_extract,"MassiveFold model pool index only. It parses organizer-provided external model tarball listings and stages balanced extraction/rerank candidates. These models remain external rerank and accuracy-estimation inputs, not internal predictions, not CASP submissions, and not competitive-proof evidence."
3,H2312,H2312_T329,12602,H2312_all_pdbs/Model_1557_af3_basic_af3_seed_735215_sample_0_pred_555.cif,Model_1557_af3_basic_af3_seed_735215_sample_0_pred_555.cif,1557,AF3,af3_basic,735215,0,555,basic,,False,casp17/massivefold_external_pool_intake/h2312_t329/extracted_models/H2312_all_pdbs/Model_1557_af3_basic_af3_seed_735215_sample_0_pred_555.cif,awaiting_extract,"MassiveFold model pool index only. It parses organizer-provided external model tarball listings and stages balanced extraction/rerank candidates. These models remain external rerank and accuracy-estimation inputs, not internal predictions, not CASP submissions, and not competitive-proof evidence."
3,H2312,H2312_T329,12617,H2312_all_pdbs/Model_4265_af3_basic_af3_seed_88498_sample_1_pred_386.cif,Model_4265_af3_basic_af3_seed_88498_sample_1_pred_386.cif,4265,AF3,af3_basic,88498,1,386,basic,,False,casp17/massivefold_external_pool_intake/h2312_t329/extracted_models/H2312_all_pdbs/Model_4265_af3_basic_af3_seed_88498_sample_1_pred_386.cif,awaiting_extract,"MassiveFold model pool index only. It parses organizer-provided external model tarball listings and stages balanced extraction/rerank candidates. These models remain external rerank and accuracy-estimation inputs, not internal predictions, not CASP submissions, and not competitive-proof evidence."
3,H2312,H2312_T329,12619,H2312_all_pdbs/Model_1256_af3_basic_af3_seed_163605_sample_3_pred_8.cif,Model_1256_af3_basic_af3_seed_163605_sample_3_pred_8.cif,1256,AF3,af3_basic,163605,3,8,basic,,False,casp17/massivefold_external_pool_intake/h2312_t329/extracted_models/H2312_all_pdbs/Model_1256_af3_basic_af3_seed_163605_sample_3_pred_8.cif,awaiting_extract,"MassiveFold model pool index only. It parses organizer-provided external model tarball listings and stages balanced extraction/rerank candidates. These models remain external rerank and accuracy-estimation inputs, not internal predictions, not CASP submissions, and not competitive-proof evidence."
3,H2312,H2312_T329,12624,H2312_all_pdbs/Model_3323_af3_basic_af3_seed_207363_sample_4_pred_939.cif,Model_3323_af3_basic_af3_seed_207363_sample_4_pred_939.cif,3323,AF3,af3_basic,207363,4,939,basic,,False,casp17/massivefold_external_pool_intake/h2312_t329/extracted_models/H2312_all_pdbs/Model_3323_af3_basic_af3_seed_207363_sample_4_pred_939.cif,awaiting_extract,"MassiveFold model pool index only. It parses organizer-provided external model tarball listings and stages balanced extraction/rerank candidates. These models remain external rerank and accuracy-estimation inputs, not internal predictions, not CASP submissions, and not competitive-proof evidence."
3,H2312,H2312_T329,12626,H2312_all_pdbs/Model_1306_af3_basic_af3_seed_735226_sample_2_pred_612.cif,Model_1306_af3_basic_af3_seed_735226_sample_2_pred_612.cif,1306,AF3,af3_basic,735226,2,612,basic,,False,casp17/massivefold_external_pool_intake/h2312_t329/extracted_models/H2312_all_pdbs/Model_1306_af3_basic_af3_seed_735226_sample_2_pred_612.cif,awaiting_extract,"MassiveFold model pool index only. It parses organizer-provided external model tarball listings and stages balanced extraction/rerank candidates. These models remain external rerank and accuracy-estimation inputs, not internal predictions, not CASP submissions, and not competitive-proof evidence."
3,H2312,H2312_T329,12634,H2312_all_pdbs/Model_1525_af3_basic_af3_seed_735204_sample_0_pred_500.cif,Model_1525_af3_basic_af3_seed_735204_sample_0_pred_500.cif,1525,AF3,af3_basic,735204,0,500,basic,,False,casp17/massivefold_external_pool_intake/h2312_t329/extracted_models/H2312_all_pdbs/Model_1525_af3_basic_af3_seed_735204_sample_0_pred_500.cif,awaiting_extract,"MassiveFold model pool index only. It parses organizer-provided external model tarball listings and stages balanced extraction/rerank candidates. These models remain external rerank and accuracy-estimation inputs, not internal predictions, not CASP submissions, and not competitive-proof evidence."
3,H2312,H2312_T329,12668,H2312_all_pdbs/Model_1330_af3_basic_af3_seed_207360_sample_3_pred_923.cif,Model_1330_af3_basic_af3_seed_207360_sample_3_pred_923.cif,1330,AF3,af3_basic,207360,3,923,basic,,False,casp17/massivefold_external_pool_intake/h2312_t329/extracted_models/H2312_all_pdbs/Model_1330_af3_basic_af3_seed_207360_sample_3_pred_923.cif,awaiting_extract,"MassiveFold model pool index only. It parses organizer-provided external model tarball listings and stages balanced extraction/rerank candidates. These models remain external rerank and accuracy-estimation inputs, not internal predictions, not CASP submissions, and not competitive-proof evidence."
3,H2312,H2312_T329,12677,H2312_all_pdbs/Model_1460_af3_basic_af3_seed_889898_sample_0_pred_850.cif,Model_1460_af3_basic_af3_seed_889898_sample_0_pred_850.cif,1460,AF3,af3_basic,889898,0,850,basic,,False,casp17/massivefold_external_pool_intake/h2312_t329/extracted_models/H2312_all_pdbs/Model_1460_af3_basic_af3_seed_889898_sample_0_pred_850.cif,awaiting_extract,"MassiveFold model pool index only. It parses organizer-provided external model tarball listings and stages balanced extraction/rerank candidates. These models remain external rerank and accuracy-estimation inputs, not internal predictions, not CASP submissions, and not competitive-proof evidence."
3,H2312,H2312_T329,12679,H2312_all_pdbs/Model_1568_af3_basic_af3_seed_88503_sample_0_pred_410.cif,Model_1568_af3_basic_af3_seed_88503_sample_0_pred_410.cif,1568,AF3,af3_basic,88503,0,410,basic,,False,casp17/massivefold_external_pool_intake/h2312_t329/extracted_models/H2312_all_pdbs/Model_1568_af3_basic_af3_seed_88503_sample_0_pred_410.cif,awaiting_extract,"MassiveFold model pool index only. It parses organizer-provided external model tarball listings and stages balanced extraction/rerank candidates. These models remain external rerank and accuracy-estimation inputs, not internal predictions, not CASP submissions, and not competitive-proof evidence."
3,H2312,H2312_T329,12683,H2312_all_pdbs/Model_1544_af3_basic_af3_seed_163609_sample_2_pred_27.cif,Model_1544_af3_basic_af3_seed_163609_sample_2_pred_27.cif,1544,AF3,af3_basic,163609,2,27,basic,,False,casp17/massivefold_external_pool_intake/h2312_t329/extracted_models/H2312_all_pdbs/Model_1544_af3_basic_af3_seed_163609_sample_2_pred_27.cif,awaiting_extract,"MassiveFold model pool index only. It parses organizer-provided external model tarball listings and stages balanced extraction/rerank candidates. These models remain external rerank and accuracy-estimation inputs, not internal predictions, not CASP submissions, and not competitive-proof evidence."
3,H2312,H2312_T329,12716,H2312_all_pdbs/Model_1208_af3_basic_af3_seed_207360_sample_0_pred_920.cif,Model_1208_af3_basic_af3_seed_207360_sample_0_pred_920.cif,1208,AF3,af3_basic,207360,0,920,basic,,False,casp17/massivefold_external_pool_intake/h2312_t329/extracted_models/H2312_all_pdbs/Model_1208_af3_basic_af3_seed_207360_sample_0_pred_920.cif,awaiting_extract,"MassiveFold model pool index only. It parses organizer-provided external model tarball listings and stages balanced extraction/rerank candidates. These models remain external rerank and accuracy-estimation inputs, not internal predictions, not CASP submissions, and not competitive-proof evidence."
3,H2312,H2312_T329,12764,H2312_all_pdbs/Model_1220_af3_basic_af3_seed_861508_sample_0_pred_305.cif,Model_1220_af3_basic_af3_seed_861508_sample_0_pred_305.cif,1220,AF3,af3_basic,861508,0,305,basic,,False,casp17/massivefold_external_pool_intake/h2312_t329/extracted_models/H2312_all_pdbs/Model_1220_af3_basic_af3_seed_861508_sample_0_pred_305.cif,awaiting_extract,"MassiveFold model pool index only. It parses organizer-provided external model tarball listings and stages balanced extraction/rerank candidates. These models remain external rerank and accuracy-estimation inputs, not internal predictions, not CASP submissions, and not competitive-proof evidence."
3,H2312,H2312_T329,12769,H2312_all_pdbs/Model_1359_af3_basic_af3_seed_889892_sample_3_pred_823.cif,Model_1359_af3_basic_af3_seed_889892_sample_3_pred_823.cif,1359,AF3,af3_basic,889892,3,823,basic,,False,casp17/massivefold_external_pool_intake/h2312_t329/extracted_models/H2312_all_pdbs/Model_1359_af3_basic_af3_seed_889892_sample_3_pred_823.cif,awaiting_extract,"MassiveFold model pool index only. It parses organizer-provided external model tarball listings and stages balanced extraction/rerank candidates. These models remain external rerank and accuracy-estimation inputs, not internal predictions, not CASP submissions, and not competitive-proof evidence."
3,H2312,H2312_T329,12774,H2312_all_pdbs/Model_1617_af3_basic_af3_seed_809680_sample_0_pred_720.cif,Model_1617_af3_basic_af3_seed_809680_sample_0_pred_720.cif,1617,AF3,af3_basic,809680,0,720,basic,,False,casp17/massivefold_external_pool_intake/h2312_t329/extracted_models/H2312_all_pdbs/Model_1617_af3_basic_af3_seed_809680_sample_0_pred_720.cif,awaiting_extract,"MassiveFold model pool index only. It parses organizer-provided external model tarball listings and stages balanced extraction/rerank candidates. These models remain external rerank and accuracy-estimation inputs, not internal predictions, not CASP submissions, and not competitive-proof evidence."
3,H2312,H2312_T329,12808,H2312_all_pdbs/Model_976_af3_basic_af3_seed_88505_sample_4_pred_424.cif,Model_976_af3_basic_af3_seed_88505_sample_4_pred_424.cif,976,AF3,af3_basic,88505,4,424,basic,,False,casp17/massivefold_external_pool_intake/h2312_t329/extracted_models/H2312_all_pdbs/Model_976_af3_basic_af3_seed_88505_sample_4_pred_424.cif,awaiting_extract,"MassiveFold model pool index only. It parses organizer-provided external model tarball listings and stages balanced extraction/rerank candidates. These models remain external rerank and accuracy-estimation inputs, not internal predictions, not CASP submissions, and not competitive-proof evidence."
3,H2312,H2312_T329,12833,H2312_all_pdbs/Model_1062_af3_basic_af3_seed_809679_sample_3_pred_718.cif,Model_1062_af3_basic_af3_seed_809679_sample_3_pred_718.cif,1062,AF3,af3_basic,809679,3,718,basic,,False,casp17/massivefold_external_pool_intake/h2312_t329/extracted_models/H2312_all_pdbs/Model_1062_af3_basic_af3_seed_809679_sample_3_pred_718.cif,awaiting_extract,"MassiveFold model pool index only. It parses organizer-provided external model tarball listings and stages balanced extraction/rerank candidates. These models remain external rerank and accuracy-estimation inputs, not internal predictions, not CASP submissions, and not competitive-proof evidence."
3,H2312,H2312_T329,12861,H2312_all_pdbs/Model_1389_af3_basic_af3_seed_861500_sample_3_pred_268.cif,Model_1389_af3_basic_af3_seed_861500_sample_3_pred_268.cif,1389,AF3,af3_basic,861500,3,268,basic,,False,casp17/massivefold_external_pool_intake/h2312_t329/extracted_models/H2312_all_pdbs/Model_1389_af3_basic_af3_seed_861500_sample_3_pred_268.cif,awaiting_extract,"MassiveFold model pool index only. It parses organizer-provided external model tarball listings and stages balanced extraction/rerank candidates. These models remain external rerank and accuracy-estimation inputs, not internal predictions, not CASP submissions, and not competitive-proof evidence."
3,H2312,H2312_T329,12879,H2312_all_pdbs/Model_3475_af3_basic_af3_seed_676050_sample_1_pred_236.cif,Model_3475_af3_basic_af3_seed_676050_sample_1_pred_236.cif,3475,AF3,af3_basic,676050,1,236,basic,,False,casp17/massivefold_external_pool_intake/h2312_t329/extracted_models/H2312_all_pdbs/Model_3475_af3_basic_af3_seed_676050_sample_1_pred_236.cif,awaiting_extract,"MassiveFold model pool index only. It parses organizer-provided external model tarball listings and stages balanced extraction/rerank candidates. These models remain external rerank and accuracy-estimation inputs, not internal predictions, not CASP submissions, and not competitive-proof evidence."
3,H2312,H2312_T329,12897,H2312_all_pdbs/Model_1071_af3_basic_af3_seed_207356_sample_0_pred_900.cif,Model_1071_af3_basic_af3_seed_207356_sample_0_pred_900.cif,1071,AF3,af3_basic,207356,0,900,basic,,False,casp17/massivefold_external_pool_intake/h2312_t329/extracted_models/H2312_all_pdbs/Model_1071_af3_basic_af3_seed_207356_sample_0_pred_900.cif,awaiting_extract,"MassiveFold model pool index only. It parses organizer-provided external model tarball listings and stages balanced extraction/rerank candidates. These models remain external rerank and accuracy-estimation inputs, not internal predictions, not CASP submissions, and not competitive-proof evidence."
3,H2312,H2312_T329,12915,H2312_all_pdbs/Model_1441_af3_basic_af3_seed_88511_sample_0_pred_450.cif,Model_1441_af3_basic_af3_seed_88511_sample_0_pred_450.cif,1441,AF3,af3_basic,88511,0,450,basic,,False,casp17/massivefold_external_pool_intake/h2312_t329/extracted_models/H2312_all_pdbs/Model_1441_af3_basic_af3_seed_88511_sample_0_pred_450.cif,awaiting_extract,"MassiveFold model pool index only. It parses organizer-provided external model tarball listings and stages balanced extraction/rerank candidates. These models remain external rerank and accuracy-estimation inputs, not internal predictions, not CASP submissions, and not competitive-proof evidence."
3,H2312,H2312_T329,12916,H2312_all_pdbs/Model_996_af3_basic_af3_seed_88502_sample_0_pred_405.cif,Model_996_af3_basic_af3_seed_88502_sample_0_pred_405.cif,996,AF3,af3_basic,88502,0,405,basic,,False,casp17/massivefold_external_pool_intake/h2312_t329/extracted_models/H2312_all_pdbs/Model_996_af3_basic_af3_seed_88502_sample_0_pred_405.cif,awaiting_extract,"MassiveFold model pool index only. It parses organizer-provided external model tarball listings and stages balanced extraction/rerank candidates. These models remain external rerank and accuracy-estimation inputs, not internal predictions, not CASP submissions, and not competitive-proof evidence."
3,H2312,H2312_T329,12947,H2312_all_pdbs/Model_1184_af3_basic_af3_seed_861517_sample_0_pred_350.cif,Model_1184_af3_basic_af3_seed_861517_sample_0_pred_350.cif,1184,AF3,af3_basic,861517,0,350,basic,,False,casp17/massivefold_external_pool_intake/h2312_t329/extracted_models/H2312_all_pdbs/Model_1184_af3_basic_af3_seed_861517_sample_0_pred_350.cif,awaiting_extract,"MassiveFold model pool index only. It parses organizer-provided external model tarball listings and stages balanced extraction/rerank candidates. These models remain external rerank and accuracy-estimation inputs, not internal predictions, not CASP submissions, and not competitive-proof evidence."
3,H2312,H2312_T329,12954,H2312_all_pdbs/Model_1406_af3_basic_af3_seed_207361_sample_2_pred_927.cif,Model_1406_af3_basic_af3_seed_207361_sample_2_pred_927.cif,1406,AF3,af3_basic,207361,2,927,basic,,False,casp17/massivefold_external_pool_intake/h2312_t329/extracted_models/H2312_all_pdbs/Model_1406_af3_basic_af3_seed_207361_sample_2_pred_927.cif,awaiting_extract,"MassiveFold model pool index only. It parses organizer-provided external model tarball listings and stages balanced extraction/rerank candidates. These models remain external rerank and accuracy-estimation inputs, not internal predictions, not CASP submissions, and not competitive-proof evidence."
3,H2312,H2312_T329,12958,H2312_all_pdbs/Model_1671_af3_basic_af3_seed_735226_sample_1_pred_611.cif,Model_1671_af3_basic_af3_seed_735226_sample_1_pred_611.cif,1671,AF3,af3_basic,735226,1,611,basic,,False,casp17/massivefold_external_pool_intake/h2312_t329/extracted_models/H2312_all_pdbs/Model_1671_af3_basic_af3_seed_735226_sample_1_pred_611.cif,awaiting_extract,"MassiveFold model pool index only. It parses organizer-provided external model tarball listings and stages balanced extraction/rerank candidates. These models remain external rerank and accuracy-estimation inputs, not internal predictions, not CASP submissions, and not competitive-proof evidence."
3,H2312,H2312_T329,13007,H2312_all_pdbs/Model_1549_af3_basic_af3_seed_809665_sample_4_pred_649.cif,Model_1549_af3_basic_af3_seed_809665_sample_4_pred_649.cif,1549,AF3,af3_basic,809665,4,649,basic,,False,casp17/massivefold_external_pool_intake/h2312_t329/extracted_models/H2312_all_pdbs/Model_1549_af3_basic_af3_seed_809665_sample_4_pred_649.cif,awaiting_extract,"MassiveFold model pool index only. It parses organizer-provided external model tarball listings and stages balanced extraction/rerank candidates. These models remain external rerank and accuracy-estimation inputs, not internal predictions, not CASP submissions, and not competitive-proof evidence."
3,H2312,H2312_T329,13015,H2312_all_pdbs/Model_1579_af3_basic_af3_seed_676035_sample_4_pred_164.cif,Model_1579_af3_basic_af3_seed_676035_sample_4_pred_164.cif,1579,AF3,af3_basic,676035,4,164,basic,,False,casp17/massivefold_external_pool_intake/h2312_t329/extracted_models/H2312_all_pdbs/Model_1579_af3_basic_af3_seed_676035_sample_4_pred_164.cif,awaiting_extract,"MassiveFold model pool index only. It parses organizer-provided external model tarball listings and stages balanced extraction/rerank candidates. These models remain external rerank and accuracy-estimation inputs, not internal predictions, not CASP submissions, and not competitive-proof evidence."
3,H2312,H2312_T329,13020,H2312_all_pdbs/Model_1319_af3_basic_af3_seed_735211_sample_3_pred_538.cif,Model_1319_af3_basic_af3_seed_735211_sample_3_pred_538.cif,1319,AF3,af3_basic,735211,3,538,basic,,False,casp17/massivefold_external_pool_intake/h2312_t329/extracted_models/H2312_all_pdbs/Model_1319_af3_basic_af3_seed_735211_sample_3_pred_538.cif,awaiting_extract,"MassiveFold model pool index only. It parses organizer-provided external model tarball listings and stages balanced extraction/rerank candidates. These models remain external rerank and accuracy-estimation inputs, not internal predictions, not CASP submissions, and not competitive-proof evidence."
3,H2312,H2312_T329,13060,H2312_all_pdbs/Model_995_af3_basic_af3_seed_809666_sample_4_pred_654.cif,Model_995_af3_basic_af3_seed_809666_sample_4_pred_654.cif,995,AF3,af3_basic,809666,4,654,basic,,False,casp17/massivefold_external_pool_intake/h2312_t329/extracted_models/H2312_all_pdbs/Model_995_af3_basic_af3_seed_809666_sample_4_pred_654.cif,awaiting_extract,"MassiveFold model pool index only. It parses organizer-provided external model tarball listings and stages balanced extraction/rerank candidates. These models remain external rerank and accuracy-estimation inputs, not internal predictions, not CASP submissions, and not competitive-proof evidence."
3,H2312,H2312_T329,13061,H2312_all_pdbs/Model_1278_af3_basic_af3_seed_88518_sample_3_pred_488.cif,Model_1278_af3_basic_af3_seed_88518_sample_3_pred_488.cif,1278,AF3,af3_basic,88518,3,488,basic,,False,casp17/massivefold_external_pool_intake/h2312_t329/extracted_models/H2312_all_pdbs/Model_1278_af3_basic_af3_seed_88518_sample_3_pred_488.cif,awaiting_extract,"MassiveFold model pool index only. It parses organizer-provided external model tarball listings and stages balanced extraction/rerank candidates. These models remain external rerank and accuracy-estimation inputs, not internal predictions, not CASP submissions, and not competitive-proof evidence."
3,H2312,H2312_T329,13081,H2312_all_pdbs/Model_1582_af3_basic_af3_seed_861502_sample_0_pred_275.cif,Model_1582_af3_basic_af3_seed_861502_sample_0_pred_275.cif,1582,AF3,af3_basic,861502,0,275,basic,,False,casp17/massivefold_external_pool_intake/h2312_t329/extracted_models/H2312_all_pdbs/Model_1582_af3_basic_af3_seed_861502_sample_0_pred_275.cif,awaiting_extract,"MassiveFold model pool index only. It parses organizer-provided external model tarball listings and stages balanced extraction/rerank candidates. These models remain external rerank and accuracy-estimation inputs, not internal predictions, not CASP submissions, and not competitive-proof evidence."
3,H2312,H2312_T329,13112,H2312_all_pdbs/Model_3360_af3_basic_af3_seed_809669_sample_3_pred_668.cif,Model_3360_af3_basic_af3_seed_809669_sample_3_pred_668.cif,3360,AF3,af3_basic,809669,3,668,basic,,False,casp17/massivefold_external_pool_intake/h2312_t329/extracted_models/H2312_all_pdbs/Model_3360_af3_basic_af3_seed_809669_sample_3_pred_668.cif,awaiting_extract,"MassiveFold model pool index only. It parses organizer-provided external model tarball listings and stages balanced extraction/rerank candidates. These models remain external rerank and accuracy-estimation inputs, not internal predictions, not CASP submissions, and not competitive-proof evidence."
3,H2312,H2312_T329,13151,H2312_all_pdbs/Model_3472_af3_basic_af3_seed_676036_sample_1_pred_166.cif,Model_3472_af3_basic_af3_seed_676036_sample_1_pred_166.cif,3472,AF3,af3_basic,676036,1,166,basic,,False,casp17/massivefold_external_pool_intake/h2312_t329/extracted_models/H2312_all_pdbs/Model_3472_af3_basic_af3_seed_676036_sample_1_pred_166.cif,awaiting_extract,"MassiveFold model pool index only. It parses organizer-provided external model tarball listings and stages balanced extraction/rerank candidates. These models remain external rerank and accuracy-estimation inputs, not internal predictions, not CASP submissions, and not competitive-proof evidence."
3,H2312,H2312_T329,13156,H2312_all_pdbs/Model_3349_af3_basic_af3_seed_861512_sample_0_pred_325.cif,Model_3349_af3_basic_af3_seed_861512_sample_0_pred_325.cif,3349,AF3,af3_basic,861512,0,325,basic,,False,casp17/massivefold_external_pool_intake/h2312_t329/extracted_models/H2312_all_pdbs/Model_3349_af3_basic_af3_seed_861512_sample_0_pred_325.cif,awaiting_extract,"MassiveFold model pool index only. It parses organizer-provided external model tarball listings and stages balanced extraction/rerank candidates. These models remain external rerank and accuracy-estimation inputs, not internal predictions, not CASP submissions, and not competitive-proof evidence."
3,H2312,H2312_T329,13163,H2312_all_pdbs/Model_1049_af3_basic_af3_seed_207356_sample_1_pred_901.cif,Model_1049_af3_basic_af3_seed_207356_sample_1_pred_901.cif,1049,AF3,af3_basic,207356,1,901,basic,,False,casp17/massivefold_external_pool_intake/h2312_t329/extracted_models/H2312_all_pdbs/Model_1049_af3_basic_af3_seed_207356_sample_1_pred_901.cif,awaiting_extract,"MassiveFold model pool index only. It parses organizer-provided external model tarball listings and stages balanced extraction/rerank candidates. These models remain external rerank and accuracy-estimation inputs, not internal predictions, not CASP submissions, and not competitive-proof evidence."
3,H2312,H2312_T329,13173,H2312_all_pdbs/Model_3519_af3_basic_af3_seed_163622_sample_3_pred_93.cif,Model_3519_af3_basic_af3_seed_163622_sample_3_pred_93.cif,3519,AF3,af3_basic,163622,3,93,basic,,False,casp17/massivefold_external_pool_intake/h2312_t329/extracted_models/H2312_all_pdbs/Model_3519_af3_basic_af3_seed_163622_sample_3_pred_93.cif,awaiting_extract,"MassiveFold model pool index only. It parses organizer-provided external model tarball listings and stages balanced extraction/rerank candidates. These models remain external rerank and accuracy-estimation inputs, not internal predictions, not CASP submissions, and not competitive-proof evidence."
3,H2312,H2312_T329,13201,H2312_all_pdbs/Model_1012_af3_basic_af3_seed_809673_sample_1_pred_686.cif,Model_1012_af3_basic_af3_seed_809673_sample_1_pred_686.cif,1012,AF3,af3_basic,809673,1,686,basic,,False,casp17/massivefold_external_pool_intake/h2312_t329/extracted_models/H2312_all_pdbs/Model_1012_af3_basic_af3_seed_809673_sample_1_pred_686.cif,awaiting_extract,"MassiveFold model pool index only. It parses organizer-provided external model tarball listings and stages balanced extraction/rerank candidates. These models remain external rerank and accuracy-estimation inputs, not internal predictions, not CASP submissions, and not competitive-proof evidence."
3,H2312,H2312_T329,13203,H2312_all_pdbs/Model_3481_af3_basic_af3_seed_207365_sample_0_pred_945.cif,Model_3481_af3_basic_af3_seed_207365_sample_0_pred_945.cif,3481,AF3,af3_basic,207365,0,945,basic,,False,casp17/massivefold_external_pool_intake/h2312_t329/extracted_models/H2312_all_pdbs/Model_3481_af3_basic_af3_seed_207365_sample_0_pred_945.cif,awaiting_extract,"MassiveFold model pool index only. It parses organizer-provided external model tarball listings and stages balanced extraction/rerank candidates. These models remain external rerank and accuracy-estimation inputs, not internal predictions, not CASP submissions, and not competitive-proof evidence."
3,H2312,H2312_T329,13216,H2312_all_pdbs/Model_1551_af3_basic_af3_seed_163624_sample_4_pred_104.cif,Model_1551_af3_basic_af3_seed_163624_sample_4_pred_104.cif,1551,AF3,af3_basic,163624,4,104,basic,,False,casp17/massivefold_external_pool_intake/h2312_t329/extracted_models/H2312_all_pdbs/Model_1551_af3_basic_af3_seed_163624_sample_4_pred_104.cif,awaiting_extract,"MassiveFold model pool index only. It parses organizer-provided external model tarball listings and stages balanced extraction/rerank candidates. These models remain external rerank and accuracy-estimation inputs, not internal predictions, not CASP submissions, and not competitive-proof evidence."
3,H2312,H2312_T329,13228,H2312_all_pdbs/Model_3476_af3_basic_af3_seed_889889_sample_1_pred_806.cif,Model_3476_af3_basic_af3_seed_889889_sample_1_pred_806.cif,3476,AF3,af3_basic,889889,1,806,basic,,False,casp17/massivefold_external_pool_intake/h2312_t329/extracted_models/H2312_all_pdbs/Model_3476_af3_basic_af3_seed_889889_sample_1_pred_806.cif,awaiting_extract,"MassiveFold model pool index only. It parses organizer-provided external model tarball listings and stages balanced extraction/rerank candidates. These models remain external rerank and accuracy-estimation inputs, not internal predictions, not CASP submissions, and not competitive-proof evidence."
3,H2312,H2312_T329,13231,H2312_all_pdbs/Model_1491_af3_basic_af3_seed_889879_sample_0_pred_755.cif,Model_1491_af3_basic_af3_seed_889879_sample_0_pred_755.cif,1491,AF3,af3_basic,889879,0,755,basic,,False,casp17/massivefold_external_pool_intake/h2312_t329/extracted_models/H2312_all_pdbs/Model_1491_af3_basic_af3_seed_889879_sample_0_pred_755.cif,awaiting_extract,"MassiveFold model pool index only. It parses organizer-provided external model tarball listings and stages balanced extraction/rerank candidates. These models remain external rerank and accuracy-estimation inputs, not internal predictions, not CASP submissions, and not competitive-proof evidence."
3,H2312,H2312_T329,13238,H2312_all_pdbs/Model_1462_af3_basic_af3_seed_207361_sample_3_pred_928.cif,Model_1462_af3_basic_af3_seed_207361_sample_3_pred_928.cif,1462,AF3,af3_basic,207361,3,928,basic,,False,casp17/massivefold_external_pool_intake/h2312_t329/extracted_models/H2312_all_pdbs/Model_1462_af3_basic_af3_seed_207361_sample_3_pred_928.cif,awaiting_extract,"MassiveFold model pool index only. It parses organizer-provided external model tarball listings and stages balanced extraction/rerank candidates. These models remain external rerank and accuracy-estimation inputs, not internal predictions, not CASP submissions, and not competitive-proof evidence."
3,H2312,H2312_T329,13258,H2312_all_pdbs/Model_3415_af3_basic_af3_seed_88510_sample_3_pred_448.cif,Model_3415_af3_basic_af3_seed_88510_sample_3_pred_448.cif,3415,AF3,af3_basic,88510,3,448,basic,,False,casp17/massivefold_external_pool_intake/h2312_t329/extracted_models/H2312_all_pdbs/Model_3415_af3_basic_af3_seed_88510_sample_3_pred_448.cif,awaiting_extract,"MassiveFold model pool index only. It parses organizer-provided external model tarball listings and stages balanced extraction/rerank candidates. These models remain external rerank and accuracy-estimation inputs, not internal predictions, not CASP submissions, and not competitive-proof evidence."
3,H2312,H2312_T329,13261,H2312_all_pdbs/Model_3553_af3_basic_af3_seed_809661_sample_2_pred_627.cif,Model_3553_af3_basic_af3_seed_809661_sample_2_pred_627.cif,3553,AF3,af3_basic,809661,2,627,basic,,False,casp17/massivefold_external_pool_intake/h2312_t329/extracted_models/H2312_all_pdbs/Model_3553_af3_basic_af3_seed_809661_sample_2_pred_627.cif,awaiting_extract,"MassiveFold model pool index only. It parses organizer-provided external model tarball listings and stages balanced extraction/rerank candidates. These models remain external rerank and accuracy-estimation inputs, not internal predictions, not CASP submissions, and not competitive-proof evidence."
3,H2312,H2312_T329,13279,H2312_all_pdbs/Model_3484_af3_basic_af3_seed_889888_sample_3_pred_803.cif,Model_3484_af3_basic_af3_seed_889888_sample_3_pred_803.cif,3484,AF3,af3_basic,889888,3,803,basic,,False,casp17/massivefold_external_pool_intake/h2312_t329/extracted_models/H2312_all_pdbs/Model_3484_af3_basic_af3_seed_889888_sample_3_pred_803.cif,awaiting_extract,"MassiveFold model pool index only. It parses organizer-provided external model tarball listings and stages balanced extraction/rerank candidates. These models remain external rerank and accuracy-estimation inputs, not internal predictions, not CASP submissions, and not competitive-proof evidence."
3,H2312,H2312_T329,13293,H2312_all_pdbs/Model_3389_af3_basic_af3_seed_735210_sample_3_pred_533.cif,Model_3389_af3_basic_af3_seed_735210_sample_3_pred_533.cif,3389,AF3,af3_basic,735210,3,533,basic,,False,casp17/massivefold_external_pool_intake/h2312_t329/extracted_models/H2312_all_pdbs/Model_3389_af3_basic_af3_seed_735210_sample_3_pred_533.cif,awaiting_extract,"MassiveFold model pool index only. It parses organizer-provided external model tarball listings and stages balanced extraction/rerank candidates. These models remain external rerank and accuracy-estimation inputs, not internal predictions, not CASP submissions, and not competitive-proof evidence."
3,H2312,H2312_T329,13301,H2312_all_pdbs/Model_3455_af3_basic_af3_seed_861518_sample_1_pred_356.cif,Model_3455_af3_basic_af3_seed_861518_sample_1_pred_356.cif,3455,AF3,af3_basic,861518,1,356,basic,,False,casp17/massivefold_external_pool_intake/h2312_t329/extracted_models/H2312_all_pdbs/Model_3455_af3_basic_af3_seed_861518_sample_1_pred_356.cif,awaiting_extract,"MassiveFold model pool index only. It parses organizer-provided external model tarball listings and stages balanced extraction/rerank candidates. These models remain external rerank and accuracy-estimation inputs, not internal predictions, not CASP submissions, and not competitive-proof evidence."
3,H2312,H2312_T329,13303,H2312_all_pdbs/Model_1017_af3_basic_af3_seed_676029_sample_0_pred_130.cif,Model_1017_af3_basic_af3_seed_676029_sample_0_pred_130.cif,1017,AF3,af3_basic,676029,0,130,basic,,False,casp17/massivefold_external_pool_intake/h2312_t329/extracted_models/H2312_all_pdbs/Model_1017_af3_basic_af3_seed_676029_sample_0_pred_130.cif,awaiting_extract,"MassiveFold model pool index only. It parses organizer-provided external model tarball listings and stages balanced extraction/rerank candidates. These models remain external rerank and accuracy-estimation inputs, not internal predictions, not CASP submissions, and not competitive-proof evidence."
3,H2312,H2312_T329,13343,H2312_all_pdbs/Model_1194_af3_basic_af3_seed_889899_sample_3_pred_858.cif,Model_1194_af3_basic_af3_seed_889899_sample_3_pred_858.cif,1194,AF3,af3_basic,889899,3,858,basic,,False,casp17/massivefold_external_pool_intake/h2312_t329/extracted_models/H2312_all_pdbs/Model_1194_af3_basic_af3_seed_889899_sample_3_pred_858.cif,awaiting_extract,"MassiveFold model pool index only. It parses organizer-provided external model tarball listings and stages balanced extraction/rerank candidates. These models remain external rerank and accuracy-estimation inputs, not internal predictions, not CASP submissions, and not competitive-proof evidence."
3,H2312,H2312_T329,13358,H2312_all_pdbs/Model_1212_af3_basic_af3_seed_163620_sample_3_pred_83.cif,Model_1212_af3_basic_af3_seed_163620_sample_3_pred_83.cif,1212,AF3,af3_basic,163620,3,83,basic,,False,casp17/massivefold_external_pool_intake/h2312_t329/extracted_models/H2312_all_pdbs/Model_1212_af3_basic_af3_seed_163620_sample_3_pred_83.cif,awaiting_extract,"MassiveFold model pool index only. It parses organizer-provided external model tarball listings and stages balanced extraction/rerank candidates. These models remain external rerank and accuracy-estimation inputs, not internal predictions, not CASP submissions, and not competitive-proof evidence."
3,H2312,H2312_T329,13372,H2312_all_pdbs/Model_3325_af3_basic_af3_seed_861509_sample_2_pred_312.cif,Model_3325_af3_basic_af3_seed_861509_sample_2_pred_312.cif,3325,AF3,af3_basic,861509,2,312,basic,,False,casp17/massivefold_external_pool_intake/h2312_t329/extracted_models/H2312_all_pdbs/Model_3325_af3_basic_af3_seed_861509_sample_2_pred_312.cif,awaiting_extract,"MassiveFold model pool index only. It parses organizer-provided external model tarball listings and stages balanced extraction/rerank candidates. These models remain external rerank and accuracy-estimation inputs, not internal predictions, not CASP submissions, and not competitive-proof evidence."
3,H2312,H2312_T329,13408,H2312_all_pdbs/Model_1291_af3_basic_af3_seed_735204_sample_3_pred_503.cif,Model_1291_af3_basic_af3_seed_735204_sample_3_pred_503.cif,1291,AF3,af3_basic,735204,3,503,basic,,False,casp17/massivefold_external_pool_intake/h2312_t329/extracted_models/H2312_all_pdbs/Model_1291_af3_basic_af3_seed_735204_sample_3_pred_503.cif,awaiting_extract,"MassiveFold model pool index only. It parses organizer-provided external model tarball listings and stages balanced extraction/rerank candidates. These models remain external rerank and accuracy-estimation inputs, not internal predictions, not CASP submissions, and not competitive-proof evidence."
3,H2312,H2312_T329,13427,H2312_all_pdbs/Model_1169_af3_basic_af3_seed_889902_sample_1_pred_871.cif,Model_1169_af3_basic_af3_seed_889902_sample_1_pred_871.cif,1169,AF3,af3_basic,889902,1,871,basic,,False,casp17/massivefold_external_pool_intake/h2312_t329/extracted_models/H2312_all_pdbs/Model_1169_af3_basic_af3_seed_889902_sample_1_pred_871.cif,awaiting_extract,"MassiveFold model pool index only. It parses organizer-provided external model tarball listings and stages balanced extraction/rerank candidates. These models remain external rerank and accuracy-estimation inputs, not internal predictions, not CASP submissions, and not competitive-proof evidence."
3,H2312,H2312_T329,13428,H2312_all_pdbs/Model_1115_af3_basic_af3_seed_163616_sample_1_pred_61.cif,Model_1115_af3_basic_af3_seed_163616_sample_1_pred_61.cif,1115,AF3,af3_basic,163616,1,61,basic,,False,casp17/massivefold_external_pool_intake/h2312_t329/extracted_models/H2312_all_pdbs/Model_1115_af3_basic_af3_seed_163616_sample_1_pred_61.cif,awaiting_extract,"MassiveFold model pool index only. It parses organizer-provided external model tarball listings and stages balanced extraction/rerank candidates. These models remain external rerank and accuracy-estimation inputs, not internal predictions, not CASP submissions, and not competitive-proof evidence."
3,H2312,H2312_T329,13451,H2312_all_pdbs/Model_1647_af3_basic_af3_seed_88515_sample_3_pred_473.cif,Model_1647_af3_basic_af3_seed_88515_sample_3_pred_473.cif,1647,AF3,af3_basic,88515,3,473,basic,,False,casp17/massivefold_external_pool_intake/h2312_t329/extracted_models/H2312_all_pdbs/Model_1647_af3_basic_af3_seed_88515_sample_3_pred_473.cif,awaiting_extract,"MassiveFold model pool index only. It parses organizer-provided external model tarball listings and stages balanced extraction/rerank candidates. These models remain external rerank and accuracy-estimation inputs, not internal predictions, not CASP submissions, and not competitive-proof evidence."
3,H2312,H2312_T329,13459,H2312_all_pdbs/Model_1076_af3_basic_af3_seed_207361_sample_4_pred_929.cif,Model_1076_af3_basic_af3_seed_207361_sample_4_pred_929.cif,1076,AF3,af3_basic,207361,4,929,basic,,False,casp17/massivefold_external_pool_intake/h2312_t329/extracted_models/H2312_all_pdbs/Model_1076_af3_basic_af3_seed_207361_sample_4_pred_929.cif,awaiting_extract,"MassiveFold model pool index only. It parses organizer-provided external model tarball listings and stages balanced extraction/rerank candidates. These models remain external rerank and accuracy-estimation inputs, not internal predictions, not CASP submissions, and not competitive-proof evidence."
3,H2312,H2312_T329,13490,H2312_all_pdbs/Model_1399_af3_basic_af3_seed_207365_sample_1_pred_946.cif,Model_1399_af3_basic_af3_seed_207365_sample_1_pred_946.cif,1399,AF3,af3_basic,207365,1,946,basic,,False,casp17/massivefold_external_pool_intake/h2312_t329/extracted_models/H2312_all_pdbs/Model_1399_af3_basic_af3_seed_207365_sample_1_pred_946.cif,awaiting_extract,"MassiveFold model pool index only. It parses organizer-provided external model tarball listings and stages balanced extraction/rerank candidates. These models remain external rerank and accuracy-estimation inputs, not internal predictions, not CASP submissions, and not competitive-proof evidence."
3,H2312,H2312_T329,13497,H2312_all_pdbs/Model_1355_af3_basic_af3_seed_861497_sample_3_pred_253.cif,Model_1355_af3_basic_af3_seed_861497_sample_3_pred_253.cif,1355,AF3,af3_basic,861497,3,253,basic,,False,casp17/massivefold_external_pool_intake/h2312_t329/extracted_models/H2312_all_pdbs/Model_1355_af3_basic_af3_seed_861497_sample_3_pred_253.cif,awaiting_extract,"MassiveFold model pool index only. It parses organizer-provided external model tarball listings and stages balanced extraction/rerank candidates. These models remain external rerank and accuracy-estimation inputs, not internal predictions, not CASP submissions, and not competitive-proof evidence."
3,H2312,H2312_T329,13516,H2312_all_pdbs/Model_1268_af3_basic_af3_seed_735224_sample_0_pred_600.cif,Model_1268_af3_basic_af3_seed_735224_sample_0_pred_600.cif,1268,AF3,af3_basic,735224,0,600,basic,,False,casp17/massivefold_external_pool_intake/h2312_t329/extracted_models/H2312_all_pdbs/Model_1268_af3_basic_af3_seed_735224_sample_0_pred_600.cif,awaiting_extract,"MassiveFold model pool index only. It parses organizer-provided external model tarball listings and stages balanced extraction/rerank candidates. These models remain external rerank and accuracy-estimation inputs, not internal predictions, not CASP submissions, and not competitive-proof evidence."
3,H2312,H2312_T329,13539,H2312_all_pdbs/Model_76_af3_basic_af3_seed_889883_sample_0_pred_775.cif,Model_76_af3_basic_af3_seed_889883_sample_0_pred_775.cif,76,AF3,af3_basic,889883,0,775,basic,,False,casp17/massivefold_external_pool_intake/h2312_t329/extracted_models/H2312_all_pdbs/Model_76_af3_basic_af3_seed_889883_sample_0_pred_775.cif,awaiting_extract,"MassiveFold model pool index only. It parses organizer-provided external model tarball listings and stages balanced extraction/rerank candidates. These models remain external rerank and accuracy-estimation inputs, not internal predictions, not CASP submissions, and not competitive-proof evidence."
3,H2312,H2312_T329,13567,H2312_all_pdbs/Model_1011_af3_basic_af3_seed_163628_sample_2_pred_122.cif,Model_1011_af3_basic_af3_seed_163628_sample_2_pred_122.cif,1011,AF3,af3_basic,163628,2,122,basic,,False,casp17/massivefold_external_pool_intake/h2312_t329/extracted_models/H2312_all_pdbs/Model_1011_af3_basic_af3_seed_163628_sample_2_pred_122.cif,awaiting_extract,"MassiveFold model pool index only. It parses organizer-provided external model tarball listings and stages balanced extraction/rerank candidates. These models remain external rerank and accuracy-estimation inputs, not internal predictions, not CASP submissions, and not competitive-proof evidence."
3,H2312,H2312_T329,13568,H2312_all_pdbs/Model_1182_af3_basic_af3_seed_889898_sample_4_pred_854.cif,Model_1182_af3_basic_af3_seed_889898_sample_4_pred_854.cif,1182,AF3,af3_basic,889898,4,854,basic,,False,casp17/massivefold_external_pool_intake/h2312_t329/extracted_models/H2312_all_pdbs/Model_1182_af3_basic_af3_seed_889898_sample_4_pred_854.cif,awaiting_extract,"MassiveFold model pool index only. It parses organizer-provided external model tarball listings and stages balanced extraction/rerank candidates. These models remain external rerank and accuracy-estimation inputs, not internal predictions, not CASP submissions, and not competitive-proof evidence."
3,H2312,H2312_T329,13591,H2312_all_pdbs/Model_3506_af3_basic_af3_seed_735215_sample_4_pred_559.cif,Model_3506_af3_basic_af3_seed_735215_sample_4_pred_559.cif,3506,AF3,af3_basic,735215,4,559,basic,,False,casp17/massivefold_external_pool_intake/h2312_t329/extracted_models/H2312_all_pdbs/Model_3506_af3_basic_af3_seed_735215_sample_4_pred_559.cif,awaiting_extract,"MassiveFold model pool index only. It parses organizer-provided external model tarball listings and stages balanced extraction/rerank candidates. These models remain external rerank and accuracy-estimation inputs, not internal predictions, not CASP submissions, and not competitive-proof evidence."
3,H2312,H2312_T329,13604,H2312_all_pdbs/Model_1598_af3_basic_af3_seed_809675_sample_0_pred_695.cif,Model_1598_af3_basic_af3_seed_809675_sample_0_pred_695.cif,1598,AF3,af3_basic,809675,0,695,basic,,False,casp17/massivefold_external_pool_intake/h2312_t329/extracted_models/H2312_all_pdbs/Model_1598_af3_basic_af3_seed_809675_sample_0_pred_695.cif,awaiting_extract,"MassiveFold model pool index only. It parses organizer-provided external model tarball listings and stages balanced extraction/rerank candidates. These models remain external rerank and accuracy-estimation inputs, not internal predictions, not CASP submissions, and not competitive-proof evidence."
3,H2312,H2312_T329,13608,H2312_all_pdbs/Model_3393_af3_basic_af3_seed_889880_sample_3_pred_763.cif,Model_3393_af3_basic_af3_seed_889880_sample_3_pred_763.cif,3393,AF3,af3_basic,889880,3,763,basic,,False,casp17/massivefold_external_pool_intake/h2312_t329/extracted_models/H2312_all_pdbs/Model_3393_af3_basic_af3_seed_889880_sample_3_pred_763.cif,awaiting_extract,"MassiveFold model pool index only. It parses organizer-provided external model tarball listings and stages balanced extraction/rerank candidates. These models remain external rerank and accuracy-estimation inputs, not internal predictions, not CASP submissions, and not competitive-proof evidence."
3,H2312,H2312_T329,13618,H2312_all_pdbs/Model_1214_af3_basic_af3_seed_809666_sample_0_pred_650.cif,Model_1214_af3_basic_af3_seed_809666_sample_0_pred_650.cif,1214,AF3,af3_basic,809666,0,650,basic,,False,casp17/massivefold_external_pool_intake/h2312_t329/extracted_models/H2312_all_pdbs/Model_1214_af3_basic_af3_seed_809666_sample_0_pred_650.cif,awaiting_extract,"MassiveFold model pool index only. It parses organizer-provided external model tarball listings and stages balanced extraction/rerank candidates. These models remain external rerank and accuracy-estimation inputs, not internal predictions, not CASP submissions, and not competitive-proof evidence."
3,H2312,H2312_T329,13621,H2312_all_pdbs/Model_3352_af3_basic_af3_seed_735216_sample_1_pred_561.cif,Model_3352_af3_basic_af3_seed_735216_sample_1_pred_561.cif,3352,AF3,af3_basic,735216,1,561,basic,,False,casp17/massivefold_external_pool_intake/h2312_t329/extracted_models/H2312_all_pdbs/Model_3352_af3_basic_af3_seed_735216_sample_1_pred_561.cif,awaiting_extract,"MassiveFold model pool index only. It parses organizer-provided external model tarball listings and stages balanced extraction/rerank candidates. These models remain external rerank and accuracy-estimation inputs, not internal predictions, not CASP submissions, and not competitive-proof evidence."
3,H2312,H2312_T329,13622,H2312_all_pdbs/Model_1318_af3_basic_af3_seed_735214_sample_4_pred_554.cif,Model_1318_af3_basic_af3_seed_735214_sample_4_pred_554.cif,1318,AF3,af3_basic,735214,4,554,basic,,False,casp17/massivefold_external_pool_intake/h2312_t329/extracted_models/H2312_all_pdbs/Model_1318_af3_basic_af3_seed_735214_sample_4_pred_554.cif,awaiting_extract,"MassiveFold model pool index only. It parses organizer-provided external model tarball listings and stages balanced extraction/rerank candidates. These models remain external rerank and accuracy-estimation inputs, not internal predictions, not CASP submissions, and not competitive-proof evidence."
3,H2312,H2312_T329,13628,H2312_all_pdbs/Model_1065_af3_basic_af3_seed_889882_sample_3_pred_773.cif,Model_1065_af3_basic_af3_seed_889882_sample_3_pred_773.cif,1065,AF3,af3_basic,889882,3,773,basic,,False,casp17/massivefold_external_pool_intake/h2312_t329/extracted_models/H2312_all_pdbs/Model_1065_af3_basic_af3_seed_889882_sample_3_pred_773.cif,awaiting_extract,"MassiveFold model pool index only. It parses organizer-provided external model tarball listings and stages balanced extraction/rerank candidates. These models remain external rerank and accuracy-estimation inputs, not internal predictions, not CASP submissions, and not competitive-proof evidence."
3,H2312,H2312_T329,13636,H2312_all_pdbs/Model_1273_af3_basic_af3_seed_861514_sample_2_pred_337.cif,Model_1273_af3_basic_af3_seed_861514_sample_2_pred_337.cif,1273,AF3,af3_basic,861514,2,337,basic,,False,casp17/massivefold_external_pool_intake/h2312_t329/extracted_models/H2312_all_pdbs/Model_1273_af3_basic_af3_seed_861514_sample_2_pred_337.cif,awaiting_extract,"MassiveFold model pool index only. It parses organizer-provided external model tarball listings and stages balanced extraction/rerank candidates. These models remain external rerank and accuracy-estimation inputs, not internal predictions, not CASP submissions, and not competitive-proof evidence."
3,H2312,H2312_T329,13649,H2312_all_pdbs/Model_3368_af3_basic_af3_seed_676031_sample_3_pred_143.cif,Model_3368_af3_basic_af3_seed_676031_sample_3_pred_143.cif,3368,AF3,af3_basic,676031,3,143,basic,,False,casp17/massivefold_external_pool_intake/h2312_t329/extracted_models/H2312_all_pdbs/Model_3368_af3_basic_af3_seed_676031_sample_3_pred_143.cif,awaiting_extract,"MassiveFold model pool index only. It parses organizer-provided external model tarball listings and stages balanced extraction/rerank candidates. These models remain external rerank and accuracy-estimation inputs, not internal predictions, not CASP submissions, and not competitive-proof evidence."
3,H2312,H2312_T329,13668,H2312_all_pdbs/Model_3376_af3_basic_af3_seed_861517_sample_4_pred_354.cif,Model_3376_af3_basic_af3_seed_861517_sample_4_pred_354.cif,3376,AF3,af3_basic,861517,4,354,basic,,False,casp17/massivefold_external_pool_intake/h2312_t329/extracted_models/H2312_all_pdbs/Model_3376_af3_basic_af3_seed_861517_sample_4_pred_354.cif,awaiting_extract,"MassiveFold model pool index only. It parses organizer-provided external model tarball listings and stages balanced extraction/rerank candidates. These models remain external rerank and accuracy-estimation inputs, not internal predictions, not CASP submissions, and not competitive-proof evidence."
3,H2312,H2312_T329,13699,H2312_all_pdbs/Model_1589_af3_basic_af3_seed_88512_sample_3_pred_458.cif,Model_1589_af3_basic_af3_seed_88512_sample_3_pred_458.cif,1589,AF3,af3_basic,88512,3,458,basic,,False,casp17/massivefold_external_pool_intake/h2312_t329/extracted_models/H2312_all_pdbs/Model_1589_af3_basic_af3_seed_88512_sample_3_pred_458.cif,awaiting_extract,"MassiveFold model pool index only. It parses organizer-provided external model tarball listings and stages balanced extraction/rerank candidates. These models remain external rerank and accuracy-estimation inputs, not internal predictions, not CASP submissions, and not competitive-proof evidence."
3,H2312,H2312_T329,13710,H2312_all_pdbs/Model_1099_af3_basic_af3_seed_735206_sample_4_pred_514.cif,Model_1099_af3_basic_af3_seed_735206_sample_4_pred_514.cif,1099,AF3,af3_basic,735206,4,514,basic,,False,casp17/massivefold_external_pool_intake/h2312_t329/extracted_models/H2312_all_pdbs/Model_1099_af3_basic_af3_seed_735206_sample_4_pred_514.cif,awaiting_extract,"MassiveFold model pool index only. It parses organizer-provided external model tarball listings and stages balanced extraction/rerank candidates. These models remain external rerank and accuracy-estimation inputs, not internal predictions, not CASP submissions, and not competitive-proof evidence."
3,H2312,H2312_T329,13735,H2312_all_pdbs/Model_1219_af3_basic_af3_seed_163608_sample_4_pred_24.cif,Model_1219_af3_basic_af3_seed_163608_sample_4_pred_24.cif,1219,AF3,af3_basic,163608,4,24,basic,,False,casp17/massivefold_external_pool_intake/h2312_t329/extracted_models/H2312_all_pdbs/Model_1219_af3_basic_af3_seed_163608_sample_4_pred_24.cif,awaiting_extract,"MassiveFold model pool index only. It parses organizer-provided external model tarball listings and stages balanced extraction/rerank candidates. These models remain external rerank and accuracy-estimation inputs, not internal predictions, not CASP submissions, and not competitive-proof evidence."
3,H2312,H2312_T329,13752,H2312_all_pdbs/Model_77_af3_basic_af3_seed_889883_sample_1_pred_776.cif,Model_77_af3_basic_af3_seed_889883_sample_1_pred_776.cif,77,AF3,af3_basic,889883,1,776,basic,,False,casp17/massivefold_external_pool_intake/h2312_t329/extracted_models/H2312_all_pdbs/Model_77_af3_basic_af3_seed_889883_sample_1_pred_776.cif,awaiting_extract,"MassiveFold model pool index only. It parses organizer-provided external model tarball listings and stages balanced extraction/rerank candidates. These models remain external rerank and accuracy-estimation inputs, not internal predictions, not CASP submissions, and not competitive-proof evidence."
3,H2312,H2312_T329,13757,H2312_all_pdbs/Model_1004_af3_basic_af3_seed_809670_sample_4_pred_674.cif,Model_1004_af3_basic_af3_seed_809670_sample_4_pred_674.cif,1004,AF3,af3_basic,809670,4,674,basic,,False,casp17/massivefold_external_pool_intake/h2312_t329/extracted_models/H2312_all_pdbs/Model_1004_af3_basic_af3_seed_809670_sample_4_pred_674.cif,awaiting_extract,"MassiveFold model pool index only. It parses organizer-provided external model tarball listings and stages balanced extraction/rerank candidates. These models remain external rerank and accuracy-estimation inputs, not internal predictions, not CASP submissions, and not competitive-proof evidence."
3,H2312,H2312_T329,13759,H2312_all_pdbs/Model_8913_af3_basic_af3_seed_88519_sample_0_pred_490.cif,Model_8913_af3_basic_af3_seed_88519_sample_0_pred_490.cif,8913,AF3,af3_basic,88519,0,490,basic,,False,casp17/massivefold_external_pool_intake/h2312_t329/extracted_models/H2312_all_pdbs/Model_8913_af3_basic_af3_seed_88519_sample_0_pred_490.cif,awaiting_extract,"MassiveFold model pool index only. It parses organizer-provided external model tarball listings and stages balanced extraction/rerank candidates. These models remain external rerank and accuracy-estimation inputs, not internal predictions, not CASP submissions, and not competitive-proof evidence."
3,H2312,H2312_T329,13763,H2312_all_pdbs/Model_1655_af3_basic_af3_seed_207354_sample_4_pred_894.cif,Model_1655_af3_basic_af3_seed_207354_sample_4_pred_894.cif,1655,AF3,af3_basic,207354,4,894,basic,,False,casp17/massivefold_external_pool_intake/h2312_t329/extracted_models/H2312_all_pdbs/Model_1655_af3_basic_af3_seed_207354_sample_4_pred_894.cif,awaiting_extract,"MassiveFold model pool index only. It parses organizer-provided external model tarball listings and stages balanced extraction/rerank candidates. These models remain external rerank and accuracy-estimation inputs, not internal predictions, not CASP submissions, and not competitive-proof evidence."
3,H2312,H2312_T329,13773,H2312_all_pdbs/Model_1052_af3_basic_af3_seed_165012_sample_4_pred_1004.cif,Model_1052_af3_basic_af3_seed_165012_sample_4_pred_1004.cif,1052,AF3,af3_basic,165012,4,1004,basic,,False,casp17/massivefold_external_pool_intake/h2312_t329/extracted_models/H2312_all_pdbs/Model_1052_af3_basic_af3_seed_165012_sample_4_pred_1004.cif,awaiting_extract,"MassiveFold model pool index only. It parses organizer-provided external model tarball listings and stages balanced extraction/rerank candidates. These models remain external rerank and accuracy-estimation inputs, not internal predictions, not CASP submissions, and not competitive-proof evidence."
3,H2312,H2312_T329,13786,H2312_all_pdbs/Model_1569_af3_basic_af3_seed_163612_sample_0_pred_40.cif,Model_1569_af3_basic_af3_seed_163612_sample_0_pred_40.cif,1569,AF3,af3_basic,163612,0,40,basic,,False,casp17/massivefold_external_pool_intake/h2312_t329/extracted_models/H2312_all_pdbs/Model_1569_af3_basic_af3_seed_163612_sample_0_pred_40.cif,awaiting_extract,"MassiveFold model pool index only. It parses organizer-provided external model tarball listings and stages balanced extraction/rerank candidates. These models remain external rerank and accuracy-estimation inputs, not internal predictions, not CASP submissions, and not competitive-proof evidence."
3,H2312,H2312_T329,13817,H2312_all_pdbs/Model_1223_af3_basic_af3_seed_163611_sample_3_pred_38.cif,Model_1223_af3_basic_af3_seed_163611_sample_3_pred_38.cif,1223,AF3,af3_basic,163611,3,38,basic,,False,casp17/massivefold_external_pool_intake/h2312_t329/extracted_models/H2312_all_pdbs/Model_1223_af3_basic_af3_seed_163611_sample_3_pred_38.cif,awaiting_extract,"MassiveFold model pool index only. It parses organizer-provided external model tarball listings and stages balanced extraction/rerank candidates. These models remain external rerank and accuracy-estimation inputs, not internal predictions, not CASP submissions, and not competitive-proof evidence."
3,H2312,H2312_T329,13842,H2312_all_pdbs/Model_1262_af3_basic_af3_seed_809668_sample_4_pred_664.cif,Model_1262_af3_basic_af3_seed_809668_sample_4_pred_664.cif,1262,AF3,af3_basic,809668,4,664,basic,,False,casp17/massivefold_external_pool_intake/h2312_t329/extracted_models/H2312_all_pdbs/Model_1262_af3_basic_af3_seed_809668_sample_4_pred_664.cif,awaiting_extract,"MassiveFold model pool index only. It parses organizer-provided external model tarball listings and stages balanced extraction/rerank candidates. These models remain external rerank and accuracy-estimation inputs, not internal predictions, not CASP submissions, and not competitive-proof evidence."
3,H2312,H2312_T329,13853,H2312_all_pdbs/Model_1615_af3_basic_af3_seed_861501_sample_2_pred_272.cif,Model_1615_af3_basic_af3_seed_861501_sample_2_pred_272.cif,1615,AF3,af3_basic,861501,2,272,basic,,False,casp17/massivefold_external_pool_intake/h2312_t329/extracted_models/H2312_all_pdbs/Model_1615_af3_basic_af3_seed_861501_sample_2_pred_272.cif,awaiting_extract,"MassiveFold model pool index only. It parses organizer-provided external model tarball listings and stages balanced extraction/rerank candidates. These models remain external rerank and accuracy-estimation inputs, not internal predictions, not CASP submissions, and not competitive-proof evidence."
3,H2312,H2312_T329,13858,H2312_all_pdbs/Model_1523_af3_basic_af3_seed_809676_sample_1_pred_701.cif,Model_1523_af3_basic_af3_seed_809676_sample_1_pred_701.cif,1523,AF3,af3_basic,809676,1,701,basic,,False,casp17/massivefold_external_pool_intake/h2312_t329/extracted_models/H2312_all_pdbs/Model_1523_af3_basic_af3_seed_809676_sample_1_pred_701.cif,awaiting_extract,"MassiveFold model pool index only. It parses organizer-provided external model tarball listings and stages balanced extraction/rerank candidates. These models remain external rerank and accuracy-estimation inputs, not internal predictions, not CASP submissions, and not competitive-proof evidence."
3,H2312,H2312_T329,13895,H2312_all_pdbs/Model_1249_af3_basic_af3_seed_809685_sample_3_pred_748.cif,Model_1249_af3_basic_af3_seed_809685_sample_3_pred_748.cif,1249,AF3,af3_basic,809685,3,748,basic,,False,casp17/massivefold_external_pool_intake/h2312_t329/extracted_models/H2312_all_pdbs/Model_1249_af3_basic_af3_seed_809685_sample_3_pred_748.cif,awaiting_extract,"MassiveFold model pool index only. It parses organizer-provided external model tarball listings and stages balanced extraction/rerank candidates. These models remain external rerank and accuracy-estimation inputs, not internal predictions, not CASP submissions, and not competitive-proof evidence."
3,H2312,H2312_T329,13945,H2312_all_pdbs/Model_1413_af3_basic_af3_seed_861519_sample_1_pred_361.cif,Model_1413_af3_basic_af3_seed_861519_sample_1_pred_361.cif,1413,AF3,af3_basic,861519,1,361,basic,,False,casp17/massivefold_external_pool_intake/h2312_t329/extracted_models/H2312_all_pdbs/Model_1413_af3_basic_af3_seed_861519_sample_1_pred_361.cif,awaiting_extract,"MassiveFold model pool index only. It parses organizer-provided external model tarball listings and stages balanced extraction/rerank candidates. These models remain external rerank and accuracy-estimation inputs, not internal predictions, not CASP submissions, and not competitive-proof evidence."
3,H2312,H2312_T329,13950,H2312_all_pdbs/Model_3512_af3_basic_af3_seed_861516_sample_2_pred_347.cif,Model_3512_af3_basic_af3_seed_861516_sample_2_pred_347.cif,3512,AF3,af3_basic,861516,2,347,basic,,False,casp17/massivefold_external_pool_intake/h2312_t329/extracted_models/H2312_all_pdbs/Model_3512_af3_basic_af3_seed_861516_sample_2_pred_347.cif,awaiting_extract,"MassiveFold model pool index only. It parses organizer-provided external model tarball listings and stages balanced extraction/rerank candidates. These models remain external rerank and accuracy-estimation inputs, not internal predictions, not CASP submissions, and not competitive-proof evidence."
3,H2312,H2312_T329,13981,H2312_all_pdbs/Model_1449_af3_basic_af3_seed_889899_sample_1_pred_856.cif,Model_1449_af3_basic_af3_seed_889899_sample_1_pred_856.cif,1449,AF3,af3_basic,889899,1,856,basic,,False,casp17/massivefold_external_pool_intake/h2312_t329/extracted_models/H2312_all_pdbs/Model_1449_af3_basic_af3_seed_889899_sample_1_pred_856.cif,awaiting_extract,"MassiveFold model pool index only. It parses organizer-provided external model tarball listings and stages balanced extraction/rerank candidates. These models remain external rerank and accuracy-estimation inputs, not internal predictions, not CASP submissions, and not competitive-proof evidence."
3,H2312,H2312_T329,13987,H2312_all_pdbs/Model_1072_af3_basic_af3_seed_861503_sample_4_pred_284.cif,Model_1072_af3_basic_af3_seed_861503_sample_4_pred_284.cif,1072,AF3,af3_basic,861503,4,284,basic,,False,casp17/massivefold_external_pool_intake/h2312_t329/extracted_models/H2312_all_pdbs/Model_1072_af3_basic_af3_seed_861503_sample_4_pred_284.cif,awaiting_extract,"MassiveFold model pool index only. It parses organizer-provided external model tarball listings and stages balanced extraction/rerank candidates. These models remain external rerank and accuracy-estimation inputs, not internal predictions, not CASP submissions, and not competitive-proof evidence."
3,H2312,H2312_T329,14008,H2312_all_pdbs/Model_1424_af3_basic_af3_seed_88497_sample_4_pred_384.cif,Model_1424_af3_basic_af3_seed_88497_sample_4_pred_384.cif,1424,AF3,af3_basic,88497,4,384,basic,,False,casp17/massivefold_external_pool_intake/h2312_t329/extracted_models/H2312_all_pdbs/Model_1424_af3_basic_af3_seed_88497_sample_4_pred_384.cif,awaiting_extract,"MassiveFold model pool index only. It parses organizer-provided external model tarball listings and stages balanced extraction/rerank candidates. These models remain external rerank and accuracy-estimation inputs, not internal predictions, not CASP submissions, and not competitive-proof evidence."
3,H2312,H2312_T329,14013,H2312_all_pdbs/Model_4275_af3_basic_af3_seed_889886_sample_2_pred_792.cif,Model_4275_af3_basic_af3_seed_889886_sample_2_pred_792.cif,4275,AF3,af3_basic,889886,2,792,basic,,False,casp17/massivefold_external_pool_intake/h2312_t329/extracted_models/H2312_all_pdbs/Model_4275_af3_basic_af3_seed_889886_sample_2_pred_792.cif,awaiting_extract,"MassiveFold model pool index only. It parses organizer-provided external model tarball listings and stages balanced extraction/rerank candidates. These models remain external rerank and accuracy-estimation inputs, not internal predictions, not CASP submissions, and not competitive-proof evidence."
3,H2312,H2312_T329,14030,H2312_all_pdbs/Model_1387_af3_basic_af3_seed_676032_sample_2_pred_147.cif,Model_1387_af3_basic_af3_seed_676032_sample_2_pred_147.cif,1387,AF3,af3_basic,676032,2,147,basic,,False,casp17/massivefold_external_pool_intake/h2312_t329/extracted_models/H2312_all_pdbs/Model_1387_af3_basic_af3_seed_676032_sample_2_pred_147.cif,awaiting_extract,"MassiveFold model pool index only. It parses organizer-provided external model tarball listings and stages balanced extraction/rerank candidates. These models remain external rerank and accuracy-estimation inputs, not internal predictions, not CASP submissions, and not competitive-proof evidence."
3,H2312,H2312_T329,14045,H2312_all_pdbs/Model_4263_af3_basic_af3_seed_88520_sample_2_pred_497.cif,Model_4263_af3_basic_af3_seed_88520_sample_2_pred_497.cif,4263,AF3,af3_basic,88520,2,497,basic,,False,casp17/massivefold_external_pool_intake/h2312_t329/extracted_models/H2312_all_pdbs/Model_4263_af3_basic_af3_seed_88520_sample_2_pred_497.cif,awaiting_extract,"MassiveFold model pool index only. It parses organizer-provided external model tarball listings and stages balanced extraction/rerank candidates. These models remain external rerank and accuracy-estimation inputs, not internal predictions, not CASP submissions, and not competitive-proof evidence."
3,H2312,H2312_T329,14049,H2312_all_pdbs/Model_1116_af3_basic_af3_seed_676039_sample_4_pred_184.cif,Model_1116_af3_basic_af3_seed_676039_sample_4_pred_184.cif,1116,AF3,af3_basic,676039,4,184,basic,,False,casp17/massivefold_external_pool_intake/h2312_t329/extracted_models/H2312_all_pdbs/Model_1116_af3_basic_af3_seed_676039_sample_4_pred_184.cif,awaiting_extract,"MassiveFold model pool index only. It parses organizer-provided external model tarball listings and stages balanced extraction/rerank candidates. These models remain external rerank and accuracy-estimation inputs, not internal predictions, not CASP submissions, and not competitive-proof evidence."
