pool_rank,target_id,model_set_id,model_rank,tar_member_path,filename,model_serial,af_engine,af_protocol,seed,sample,pred,rerank_bucket,selection_rank,selected_for_balanced_extract,extract_destination,extraction_status,claim_boundary
4,T2313,T2313_T330,6,T2313_all_pdbs/Model_5591_af3_woTemplates_af3_seed_641644_sample_0_pred_710.cif,Model_5591_af3_woTemplates_af3_seed_641644_sample_0_pred_710.cif,5591,AF3,af3_woTemplates,641644,0,710,woTemplates,,False,casp17/massivefold_external_pool_intake/t2313_t330/extracted_models/T2313_all_pdbs/Model_5591_af3_woTemplates_af3_seed_641644_sample_0_pred_710.cif,awaiting_extract,"MassiveFold model pool index only. It parses organizer-provided external model tarball listings and stages balanced extraction/rerank candidates. These models remain external rerank and accuracy-estimation inputs, not internal predictions, not CASP submissions, and not competitive-proof evidence."
4,T2313,T2313_T330,13,T2313_all_pdbs/Model_4301_af3_woTemplates_af3_seed_130570_sample_0_pred_825.cif,Model_4301_af3_woTemplates_af3_seed_130570_sample_0_pred_825.cif,4301,AF3,af3_woTemplates,130570,0,825,woTemplates,,False,casp17/massivefold_external_pool_intake/t2313_t330/extracted_models/T2313_all_pdbs/Model_4301_af3_woTemplates_af3_seed_130570_sample_0_pred_825.cif,awaiting_extract,"MassiveFold model pool index only. It parses organizer-provided external model tarball listings and stages balanced extraction/rerank candidates. These models remain external rerank and accuracy-estimation inputs, not internal predictions, not CASP submissions, and not competitive-proof evidence."
4,T2313,T2313_T330,26,T2313_all_pdbs/Model_6906_af3_woTemplates_af3_seed_897902_sample_2_pred_232.cif,Model_6906_af3_woTemplates_af3_seed_897902_sample_2_pred_232.cif,6906,AF3,af3_woTemplates,897902,2,232,woTemplates,,False,casp17/massivefold_external_pool_intake/t2313_t330/extracted_models/T2313_all_pdbs/Model_6906_af3_woTemplates_af3_seed_897902_sample_2_pred_232.cif,awaiting_extract,"MassiveFold model pool index only. It parses organizer-provided external model tarball listings and stages balanced extraction/rerank candidates. These models remain external rerank and accuracy-estimation inputs, not internal predictions, not CASP submissions, and not competitive-proof evidence."
4,T2313,T2313_T330,33,T2313_all_pdbs/Model_7155_af3_woTemplates_af3_seed_841338_sample_4_pred_929.cif,Model_7155_af3_woTemplates_af3_seed_841338_sample_4_pred_929.cif,7155,AF3,af3_woTemplates,841338,4,929,woTemplates,,False,casp17/massivefold_external_pool_intake/t2313_t330/extracted_models/T2313_all_pdbs/Model_7155_af3_woTemplates_af3_seed_841338_sample_4_pred_929.cif,awaiting_extract,"MassiveFold model pool index only. It parses organizer-provided external model tarball listings and stages balanced extraction/rerank candidates. These models remain external rerank and accuracy-estimation inputs, not internal predictions, not CASP submissions, and not competitive-proof evidence."
4,T2313,T2313_T330,34,T2313_all_pdbs/Model_6004_af3_woTemplates_af3_seed_130575_sample_0_pred_850.cif,Model_6004_af3_woTemplates_af3_seed_130575_sample_0_pred_850.cif,6004,AF3,af3_woTemplates,130575,0,850,woTemplates,,False,casp17/massivefold_external_pool_intake/t2313_t330/extracted_models/T2313_all_pdbs/Model_6004_af3_woTemplates_af3_seed_130575_sample_0_pred_850.cif,awaiting_extract,"MassiveFold model pool index only. It parses organizer-provided external model tarball listings and stages balanced extraction/rerank candidates. These models remain external rerank and accuracy-estimation inputs, not internal predictions, not CASP submissions, and not competitive-proof evidence."
4,T2313,T2313_T330,41,T2313_all_pdbs/Model_3799_af3_woTemplates_af3_seed_841336_sample_0_pred_915.cif,Model_3799_af3_woTemplates_af3_seed_841336_sample_0_pred_915.cif,3799,AF3,af3_woTemplates,841336,0,915,woTemplates,,False,casp17/massivefold_external_pool_intake/t2313_t330/extracted_models/T2313_all_pdbs/Model_3799_af3_woTemplates_af3_seed_841336_sample_0_pred_915.cif,awaiting_extract,"MassiveFold model pool index only. It parses organizer-provided external model tarball listings and stages balanced extraction/rerank candidates. These models remain external rerank and accuracy-estimation inputs, not internal predictions, not CASP submissions, and not competitive-proof evidence."
4,T2313,T2313_T330,60,T2313_all_pdbs/Model_4438_af3_woTemplates_af3_seed_130574_sample_4_pred_849.cif,Model_4438_af3_woTemplates_af3_seed_130574_sample_4_pred_849.cif,4438,AF3,af3_woTemplates,130574,4,849,woTemplates,,False,casp17/massivefold_external_pool_intake/t2313_t330/extracted_models/T2313_all_pdbs/Model_4438_af3_woTemplates_af3_seed_130574_sample_4_pred_849.cif,awaiting_extract,"MassiveFold model pool index only. It parses organizer-provided external model tarball listings and stages balanced extraction/rerank candidates. These models remain external rerank and accuracy-estimation inputs, not internal predictions, not CASP submissions, and not competitive-proof evidence."
4,T2313,T2313_T330,61,T2313_all_pdbs/Model_6978_af3_woTemplates_af3_seed_256841_sample_3_pred_523.cif,Model_6978_af3_woTemplates_af3_seed_256841_sample_3_pred_523.cif,6978,AF3,af3_woTemplates,256841,3,523,woTemplates,,False,casp17/massivefold_external_pool_intake/t2313_t330/extracted_models/T2313_all_pdbs/Model_6978_af3_woTemplates_af3_seed_256841_sample_3_pred_523.cif,awaiting_extract,"MassiveFold model pool index only. It parses organizer-provided external model tarball listings and stages balanced extraction/rerank candidates. These models remain external rerank and accuracy-estimation inputs, not internal predictions, not CASP submissions, and not competitive-proof evidence."
4,T2313,T2313_T330,79,T2313_all_pdbs/Model_6427_af3_woTemplates_af3_seed_897903_sample_1_pred_236.cif,Model_6427_af3_woTemplates_af3_seed_897903_sample_1_pred_236.cif,6427,AF3,af3_woTemplates,897903,1,236,woTemplates,,False,casp17/massivefold_external_pool_intake/t2313_t330/extracted_models/T2313_all_pdbs/Model_6427_af3_woTemplates_af3_seed_897903_sample_1_pred_236.cif,awaiting_extract,"MassiveFold model pool index only. It parses organizer-provided external model tarball listings and stages balanced extraction/rerank candidates. These models remain external rerank and accuracy-estimation inputs, not internal predictions, not CASP submissions, and not competitive-proof evidence."
4,T2313,T2313_T330,101,T2313_all_pdbs/Model_6903_af3_woTemplates_af3_seed_256853_sample_3_pred_583.cif,Model_6903_af3_woTemplates_af3_seed_256853_sample_3_pred_583.cif,6903,AF3,af3_woTemplates,256853,3,583,woTemplates,,False,casp17/massivefold_external_pool_intake/t2313_t330/extracted_models/T2313_all_pdbs/Model_6903_af3_woTemplates_af3_seed_256853_sample_3_pred_583.cif,awaiting_extract,"MassiveFold model pool index only. It parses organizer-provided external model tarball listings and stages balanced extraction/rerank candidates. These models remain external rerank and accuracy-estimation inputs, not internal predictions, not CASP submissions, and not competitive-proof evidence."
4,T2313,T2313_T330,105,T2313_all_pdbs/Model_3909_af3_woTemplates_af3_seed_641631_sample_2_pred_647.cif,Model_3909_af3_woTemplates_af3_seed_641631_sample_2_pred_647.cif,3909,AF3,af3_woTemplates,641631,2,647,woTemplates,,False,casp17/massivefold_external_pool_intake/t2313_t330/extracted_models/T2313_all_pdbs/Model_3909_af3_woTemplates_af3_seed_641631_sample_2_pred_647.cif,awaiting_extract,"MassiveFold model pool index only. It parses organizer-provided external model tarball listings and stages balanced extraction/rerank candidates. These models remain external rerank and accuracy-estimation inputs, not internal predictions, not CASP submissions, and not competitive-proof evidence."
4,T2313,T2313_T330,109,T2313_all_pdbs/Model_5705_af3_woTemplates_af3_seed_256842_sample_3_pred_528.cif,Model_5705_af3_woTemplates_af3_seed_256842_sample_3_pred_528.cif,5705,AF3,af3_woTemplates,256842,3,528,woTemplates,,False,casp17/massivefold_external_pool_intake/t2313_t330/extracted_models/T2313_all_pdbs/Model_5705_af3_woTemplates_af3_seed_256842_sample_3_pred_528.cif,awaiting_extract,"MassiveFold model pool index only. It parses organizer-provided external model tarball listings and stages balanced extraction/rerank candidates. These models remain external rerank and accuracy-estimation inputs, not internal predictions, not CASP submissions, and not competitive-proof evidence."
4,T2313,T2313_T330,148,T2313_all_pdbs/Model_6020_af3_woTemplates_af3_seed_256845_sample_3_pred_543.cif,Model_6020_af3_woTemplates_af3_seed_256845_sample_3_pred_543.cif,6020,AF3,af3_woTemplates,256845,3,543,woTemplates,,False,casp17/massivefold_external_pool_intake/t2313_t330/extracted_models/T2313_all_pdbs/Model_6020_af3_woTemplates_af3_seed_256845_sample_3_pred_543.cif,awaiting_extract,"MassiveFold model pool index only. It parses organizer-provided external model tarball listings and stages balanced extraction/rerank candidates. These models remain external rerank and accuracy-estimation inputs, not internal predictions, not CASP submissions, and not competitive-proof evidence."
4,T2313,T2313_T330,182,T2313_all_pdbs/Model_8165_af3_woTemplates_af3_seed_641627_sample_1_pred_626.cif,Model_8165_af3_woTemplates_af3_seed_641627_sample_1_pred_626.cif,8165,AF3,af3_woTemplates,641627,1,626,woTemplates,,False,casp17/massivefold_external_pool_intake/t2313_t330/extracted_models/T2313_all_pdbs/Model_8165_af3_woTemplates_af3_seed_641627_sample_1_pred_626.cif,awaiting_extract,"MassiveFold model pool index only. It parses organizer-provided external model tarball listings and stages balanced extraction/rerank candidates. These models remain external rerank and accuracy-estimation inputs, not internal predictions, not CASP submissions, and not competitive-proof evidence."
4,T2313,T2313_T330,194,T2313_all_pdbs/Model_3760_af3_woTemplates_af3_seed_48209_sample_1_pred_46.cif,Model_3760_af3_woTemplates_af3_seed_48209_sample_1_pred_46.cif,3760,AF3,af3_woTemplates,48209,1,46,woTemplates,,False,casp17/massivefold_external_pool_intake/t2313_t330/extracted_models/T2313_all_pdbs/Model_3760_af3_woTemplates_af3_seed_48209_sample_1_pred_46.cif,awaiting_extract,"MassiveFold model pool index only. It parses organizer-provided external model tarball listings and stages balanced extraction/rerank candidates. These models remain external rerank and accuracy-estimation inputs, not internal predictions, not CASP submissions, and not competitive-proof evidence."
4,T2313,T2313_T330,205,T2313_all_pdbs/Model_4070_af3_woTemplates_af3_seed_384908_sample_1_pred_371.cif,Model_4070_af3_woTemplates_af3_seed_384908_sample_1_pred_371.cif,4070,AF3,af3_woTemplates,384908,1,371,woTemplates,,False,casp17/massivefold_external_pool_intake/t2313_t330/extracted_models/T2313_all_pdbs/Model_4070_af3_woTemplates_af3_seed_384908_sample_1_pred_371.cif,awaiting_extract,"MassiveFold model pool index only. It parses organizer-provided external model tarball listings and stages balanced extraction/rerank candidates. These models remain external rerank and accuracy-estimation inputs, not internal predictions, not CASP submissions, and not competitive-proof evidence."
4,T2313,T2313_T330,210,T2313_all_pdbs/Model_5900_af3_woTemplates_af3_seed_48208_sample_2_pred_42.cif,Model_5900_af3_woTemplates_af3_seed_48208_sample_2_pred_42.cif,5900,AF3,af3_woTemplates,48208,2,42,woTemplates,,False,casp17/massivefold_external_pool_intake/t2313_t330/extracted_models/T2313_all_pdbs/Model_5900_af3_woTemplates_af3_seed_48208_sample_2_pred_42.cif,awaiting_extract,"MassiveFold model pool index only. It parses organizer-provided external model tarball listings and stages balanced extraction/rerank candidates. These models remain external rerank and accuracy-estimation inputs, not internal predictions, not CASP submissions, and not competitive-proof evidence."
4,T2313,T2313_T330,213,T2313_all_pdbs/Model_3761_af3_woTemplates_af3_seed_256848_sample_1_pred_556.cif,Model_3761_af3_woTemplates_af3_seed_256848_sample_1_pred_556.cif,3761,AF3,af3_woTemplates,256848,1,556,woTemplates,,False,casp17/massivefold_external_pool_intake/t2313_t330/extracted_models/T2313_all_pdbs/Model_3761_af3_woTemplates_af3_seed_256848_sample_1_pred_556.cif,awaiting_extract,"MassiveFold model pool index only. It parses organizer-provided external model tarball listings and stages balanced extraction/rerank candidates. These models remain external rerank and accuracy-estimation inputs, not internal predictions, not CASP submissions, and not competitive-proof evidence."
4,T2313,T2313_T330,225,T2313_all_pdbs/Model_6819_af3_woTemplates_af3_seed_48221_sample_3_pred_108.cif,Model_6819_af3_woTemplates_af3_seed_48221_sample_3_pred_108.cif,6819,AF3,af3_woTemplates,48221,3,108,woTemplates,,False,casp17/massivefold_external_pool_intake/t2313_t330/extracted_models/T2313_all_pdbs/Model_6819_af3_woTemplates_af3_seed_48221_sample_3_pred_108.cif,awaiting_extract,"MassiveFold model pool index only. It parses organizer-provided external model tarball listings and stages balanced extraction/rerank candidates. These models remain external rerank and accuracy-estimation inputs, not internal predictions, not CASP submissions, and not competitive-proof evidence."
4,T2313,T2313_T330,238,T2313_all_pdbs/Model_6269_af3_woTemplates_af3_seed_384893_sample_4_pred_299.cif,Model_6269_af3_woTemplates_af3_seed_384893_sample_4_pred_299.cif,6269,AF3,af3_woTemplates,384893,4,299,woTemplates,,False,casp17/massivefold_external_pool_intake/t2313_t330/extracted_models/T2313_all_pdbs/Model_6269_af3_woTemplates_af3_seed_384893_sample_4_pred_299.cif,awaiting_extract,"MassiveFold model pool index only. It parses organizer-provided external model tarball listings and stages balanced extraction/rerank candidates. These models remain external rerank and accuracy-estimation inputs, not internal predictions, not CASP submissions, and not competitive-proof evidence."
4,T2313,T2313_T330,245,T2313_all_pdbs/Model_3756_af3_woTemplates_af3_seed_256848_sample_0_pred_555.cif,Model_3756_af3_woTemplates_af3_seed_256848_sample_0_pred_555.cif,3756,AF3,af3_woTemplates,256848,0,555,woTemplates,,False,casp17/massivefold_external_pool_intake/t2313_t330/extracted_models/T2313_all_pdbs/Model_3756_af3_woTemplates_af3_seed_256848_sample_0_pred_555.cif,awaiting_extract,"MassiveFold model pool index only. It parses organizer-provided external model tarball listings and stages balanced extraction/rerank candidates. These models remain external rerank and accuracy-estimation inputs, not internal predictions, not CASP submissions, and not competitive-proof evidence."
4,T2313,T2313_T330,247,T2313_all_pdbs/Model_3753_af3_woTemplates_af3_seed_256854_sample_4_pred_589.cif,Model_3753_af3_woTemplates_af3_seed_256854_sample_4_pred_589.cif,3753,AF3,af3_woTemplates,256854,4,589,woTemplates,,False,casp17/massivefold_external_pool_intake/t2313_t330/extracted_models/T2313_all_pdbs/Model_3753_af3_woTemplates_af3_seed_256854_sample_4_pred_589.cif,awaiting_extract,"MassiveFold model pool index only. It parses organizer-provided external model tarball listings and stages balanced extraction/rerank candidates. These models remain external rerank and accuracy-estimation inputs, not internal predictions, not CASP submissions, and not competitive-proof evidence."
4,T2313,T2313_T330,250,T2313_all_pdbs/Model_5794_af3_woTemplates_af3_seed_641636_sample_2_pred_672.cif,Model_5794_af3_woTemplates_af3_seed_641636_sample_2_pred_672.cif,5794,AF3,af3_woTemplates,641636,2,672,woTemplates,,False,casp17/massivefold_external_pool_intake/t2313_t330/extracted_models/T2313_all_pdbs/Model_5794_af3_woTemplates_af3_seed_641636_sample_2_pred_672.cif,awaiting_extract,"MassiveFold model pool index only. It parses organizer-provided external model tarball listings and stages balanced extraction/rerank candidates. These models remain external rerank and accuracy-estimation inputs, not internal predictions, not CASP submissions, and not competitive-proof evidence."
4,T2313,T2313_T330,257,T2313_all_pdbs/Model_6694_af3_woTemplates_af3_seed_897884_sample_3_pred_143.cif,Model_6694_af3_woTemplates_af3_seed_897884_sample_3_pred_143.cif,6694,AF3,af3_woTemplates,897884,3,143,woTemplates,,False,casp17/massivefold_external_pool_intake/t2313_t330/extracted_models/T2313_all_pdbs/Model_6694_af3_woTemplates_af3_seed_897884_sample_3_pred_143.cif,awaiting_extract,"MassiveFold model pool index only. It parses organizer-provided external model tarball listings and stages balanced extraction/rerank candidates. These models remain external rerank and accuracy-estimation inputs, not internal predictions, not CASP submissions, and not competitive-proof evidence."
4,T2313,T2313_T330,264,T2313_all_pdbs/Model_5311_af3_woTemplates_af3_seed_384906_sample_3_pred_363.cif,Model_5311_af3_woTemplates_af3_seed_384906_sample_3_pred_363.cif,5311,AF3,af3_woTemplates,384906,3,363,woTemplates,,False,casp17/massivefold_external_pool_intake/t2313_t330/extracted_models/T2313_all_pdbs/Model_5311_af3_woTemplates_af3_seed_384906_sample_3_pred_363.cif,awaiting_extract,"MassiveFold model pool index only. It parses organizer-provided external model tarball listings and stages balanced extraction/rerank candidates. These models remain external rerank and accuracy-estimation inputs, not internal predictions, not CASP submissions, and not competitive-proof evidence."
4,T2313,T2313_T330,272,T2313_all_pdbs/Model_3527_af3_woTemplates_af3_seed_130558_sample_1_pred_766.cif,Model_3527_af3_woTemplates_af3_seed_130558_sample_1_pred_766.cif,3527,AF3,af3_woTemplates,130558,1,766,woTemplates,,False,casp17/massivefold_external_pool_intake/t2313_t330/extracted_models/T2313_all_pdbs/Model_3527_af3_woTemplates_af3_seed_130558_sample_1_pred_766.cif,awaiting_extract,"MassiveFold model pool index only. It parses organizer-provided external model tarball listings and stages balanced extraction/rerank candidates. These models remain external rerank and accuracy-estimation inputs, not internal predictions, not CASP submissions, and not competitive-proof evidence."
4,T2313,T2313_T330,287,T2313_all_pdbs/Model_5949_af3_woTemplates_af3_seed_256838_sample_2_pred_507.cif,Model_5949_af3_woTemplates_af3_seed_256838_sample_2_pred_507.cif,5949,AF3,af3_woTemplates,256838,2,507,woTemplates,,False,casp17/massivefold_external_pool_intake/t2313_t330/extracted_models/T2313_all_pdbs/Model_5949_af3_woTemplates_af3_seed_256838_sample_2_pred_507.cif,awaiting_extract,"MassiveFold model pool index only. It parses organizer-provided external model tarball listings and stages balanced extraction/rerank candidates. These models remain external rerank and accuracy-estimation inputs, not internal predictions, not CASP submissions, and not competitive-proof evidence."
4,T2313,T2313_T330,294,T2313_all_pdbs/Model_7641_af3_woTemplates_af3_seed_841352_sample_3_pred_998.cif,Model_7641_af3_woTemplates_af3_seed_841352_sample_3_pred_998.cif,7641,AF3,af3_woTemplates,841352,3,998,woTemplates,,False,casp17/massivefold_external_pool_intake/t2313_t330/extracted_models/T2313_all_pdbs/Model_7641_af3_woTemplates_af3_seed_841352_sample_3_pred_998.cif,awaiting_extract,"MassiveFold model pool index only. It parses organizer-provided external model tarball listings and stages balanced extraction/rerank candidates. These models remain external rerank and accuracy-estimation inputs, not internal predictions, not CASP submissions, and not competitive-proof evidence."
4,T2313,T2313_T330,303,T2313_all_pdbs/Model_6623_af3_woTemplates_af3_seed_897881_sample_2_pred_127.cif,Model_6623_af3_woTemplates_af3_seed_897881_sample_2_pred_127.cif,6623,AF3,af3_woTemplates,897881,2,127,woTemplates,,False,casp17/massivefold_external_pool_intake/t2313_t330/extracted_models/T2313_all_pdbs/Model_6623_af3_woTemplates_af3_seed_897881_sample_2_pred_127.cif,awaiting_extract,"MassiveFold model pool index only. It parses organizer-provided external model tarball listings and stages balanced extraction/rerank candidates. These models remain external rerank and accuracy-estimation inputs, not internal predictions, not CASP submissions, and not competitive-proof evidence."
4,T2313,T2313_T330,307,T2313_all_pdbs/Model_4068_af3_woTemplates_af3_seed_130567_sample_0_pred_810.cif,Model_4068_af3_woTemplates_af3_seed_130567_sample_0_pred_810.cif,4068,AF3,af3_woTemplates,130567,0,810,woTemplates,,False,casp17/massivefold_external_pool_intake/t2313_t330/extracted_models/T2313_all_pdbs/Model_4068_af3_woTemplates_af3_seed_130567_sample_0_pred_810.cif,awaiting_extract,"MassiveFold model pool index only. It parses organizer-provided external model tarball listings and stages balanced extraction/rerank candidates. These models remain external rerank and accuracy-estimation inputs, not internal predictions, not CASP submissions, and not competitive-proof evidence."
4,T2313,T2313_T330,310,T2313_all_pdbs/Model_5790_af3_woTemplates_af3_seed_384892_sample_2_pred_292.cif,Model_5790_af3_woTemplates_af3_seed_384892_sample_2_pred_292.cif,5790,AF3,af3_woTemplates,384892,2,292,woTemplates,,False,casp17/massivefold_external_pool_intake/t2313_t330/extracted_models/T2313_all_pdbs/Model_5790_af3_woTemplates_af3_seed_384892_sample_2_pred_292.cif,awaiting_extract,"MassiveFold model pool index only. It parses organizer-provided external model tarball listings and stages balanced extraction/rerank candidates. These models remain external rerank and accuracy-estimation inputs, not internal predictions, not CASP submissions, and not competitive-proof evidence."
4,T2313,T2313_T330,315,T2313_all_pdbs/Model_5904_af3_woTemplates_af3_seed_256849_sample_0_pred_560.cif,Model_5904_af3_woTemplates_af3_seed_256849_sample_0_pred_560.cif,5904,AF3,af3_woTemplates,256849,0,560,woTemplates,,False,casp17/massivefold_external_pool_intake/t2313_t330/extracted_models/T2313_all_pdbs/Model_5904_af3_woTemplates_af3_seed_256849_sample_0_pred_560.cif,awaiting_extract,"MassiveFold model pool index only. It parses organizer-provided external model tarball listings and stages balanced extraction/rerank candidates. These models remain external rerank and accuracy-estimation inputs, not internal predictions, not CASP submissions, and not competitive-proof evidence."
4,T2313,T2313_T330,316,T2313_all_pdbs/Model_6259_af3_woTemplates_af3_seed_384898_sample_3_pred_323.cif,Model_6259_af3_woTemplates_af3_seed_384898_sample_3_pred_323.cif,6259,AF3,af3_woTemplates,384898,3,323,woTemplates,,False,casp17/massivefold_external_pool_intake/t2313_t330/extracted_models/T2313_all_pdbs/Model_6259_af3_woTemplates_af3_seed_384898_sample_3_pred_323.cif,awaiting_extract,"MassiveFold model pool index only. It parses organizer-provided external model tarball listings and stages balanced extraction/rerank candidates. These models remain external rerank and accuracy-estimation inputs, not internal predictions, not CASP submissions, and not competitive-proof evidence."
4,T2313,T2313_T330,317,T2313_all_pdbs/Model_4184_af3_woTemplates_af3_seed_130574_sample_0_pred_845.cif,Model_4184_af3_woTemplates_af3_seed_130574_sample_0_pred_845.cif,4184,AF3,af3_woTemplates,130574,0,845,woTemplates,,False,casp17/massivefold_external_pool_intake/t2313_t330/extracted_models/T2313_all_pdbs/Model_4184_af3_woTemplates_af3_seed_130574_sample_0_pred_845.cif,awaiting_extract,"MassiveFold model pool index only. It parses organizer-provided external model tarball listings and stages balanced extraction/rerank candidates. These models remain external rerank and accuracy-estimation inputs, not internal predictions, not CASP submissions, and not competitive-proof evidence."
4,T2313,T2313_T330,353,T2313_all_pdbs/Model_7491_af3_woTemplates_af3_seed_256855_sample_2_pred_592.cif,Model_7491_af3_woTemplates_af3_seed_256855_sample_2_pred_592.cif,7491,AF3,af3_woTemplates,256855,2,592,woTemplates,,False,casp17/massivefold_external_pool_intake/t2313_t330/extracted_models/T2313_all_pdbs/Model_7491_af3_woTemplates_af3_seed_256855_sample_2_pred_592.cif,awaiting_extract,"MassiveFold model pool index only. It parses organizer-provided external model tarball listings and stages balanced extraction/rerank candidates. These models remain external rerank and accuracy-estimation inputs, not internal predictions, not CASP submissions, and not competitive-proof evidence."
4,T2313,T2313_T330,355,T2313_all_pdbs/Model_6692_af3_woTemplates_af3_seed_256847_sample_2_pred_552.cif,Model_6692_af3_woTemplates_af3_seed_256847_sample_2_pred_552.cif,6692,AF3,af3_woTemplates,256847,2,552,woTemplates,,False,casp17/massivefold_external_pool_intake/t2313_t330/extracted_models/T2313_all_pdbs/Model_6692_af3_woTemplates_af3_seed_256847_sample_2_pred_552.cif,awaiting_extract,"MassiveFold model pool index only. It parses organizer-provided external model tarball listings and stages balanced extraction/rerank candidates. These models remain external rerank and accuracy-estimation inputs, not internal predictions, not CASP submissions, and not competitive-proof evidence."
4,T2313,T2313_T330,356,T2313_all_pdbs/Model_7179_af3_woTemplates_af3_seed_256855_sample_3_pred_593.cif,Model_7179_af3_woTemplates_af3_seed_256855_sample_3_pred_593.cif,7179,AF3,af3_woTemplates,256855,3,593,woTemplates,,False,casp17/massivefold_external_pool_intake/t2313_t330/extracted_models/T2313_all_pdbs/Model_7179_af3_woTemplates_af3_seed_256855_sample_3_pred_593.cif,awaiting_extract,"MassiveFold model pool index only. It parses organizer-provided external model tarball listings and stages balanced extraction/rerank candidates. These models remain external rerank and accuracy-estimation inputs, not internal predictions, not CASP submissions, and not competitive-proof evidence."
4,T2313,T2313_T330,371,T2313_all_pdbs/Model_4338_af3_woTemplates_af3_seed_130566_sample_0_pred_805.cif,Model_4338_af3_woTemplates_af3_seed_130566_sample_0_pred_805.cif,4338,AF3,af3_woTemplates,130566,0,805,woTemplates,,False,casp17/massivefold_external_pool_intake/t2313_t330/extracted_models/T2313_all_pdbs/Model_4338_af3_woTemplates_af3_seed_130566_sample_0_pred_805.cif,awaiting_extract,"MassiveFold model pool index only. It parses organizer-provided external model tarball listings and stages balanced extraction/rerank candidates. These models remain external rerank and accuracy-estimation inputs, not internal predictions, not CASP submissions, and not competitive-proof evidence."
4,T2313,T2313_T330,389,T2313_all_pdbs/Model_4614_af3_woTemplates_af3_seed_841334_sample_3_pred_908.cif,Model_4614_af3_woTemplates_af3_seed_841334_sample_3_pred_908.cif,4614,AF3,af3_woTemplates,841334,3,908,woTemplates,,False,casp17/massivefold_external_pool_intake/t2313_t330/extracted_models/T2313_all_pdbs/Model_4614_af3_woTemplates_af3_seed_841334_sample_3_pred_908.cif,awaiting_extract,"MassiveFold model pool index only. It parses organizer-provided external model tarball listings and stages balanced extraction/rerank candidates. These models remain external rerank and accuracy-estimation inputs, not internal predictions, not CASP submissions, and not competitive-proof evidence."
4,T2313,T2313_T330,394,T2313_all_pdbs/Model_4946_af3_woTemplates_af3_seed_641641_sample_0_pred_695.cif,Model_4946_af3_woTemplates_af3_seed_641641_sample_0_pred_695.cif,4946,AF3,af3_woTemplates,641641,0,695,woTemplates,,False,casp17/massivefold_external_pool_intake/t2313_t330/extracted_models/T2313_all_pdbs/Model_4946_af3_woTemplates_af3_seed_641641_sample_0_pred_695.cif,awaiting_extract,"MassiveFold model pool index only. It parses organizer-provided external model tarball listings and stages balanced extraction/rerank candidates. These models remain external rerank and accuracy-estimation inputs, not internal predictions, not CASP submissions, and not competitive-proof evidence."
4,T2313,T2313_T330,398,T2313_all_pdbs/Model_6530_af3_woTemplates_af3_seed_256841_sample_0_pred_520.cif,Model_6530_af3_woTemplates_af3_seed_256841_sample_0_pred_520.cif,6530,AF3,af3_woTemplates,256841,0,520,woTemplates,,False,casp17/massivefold_external_pool_intake/t2313_t330/extracted_models/T2313_all_pdbs/Model_6530_af3_woTemplates_af3_seed_256841_sample_0_pred_520.cif,awaiting_extract,"MassiveFold model pool index only. It parses organizer-provided external model tarball listings and stages balanced extraction/rerank candidates. These models remain external rerank and accuracy-estimation inputs, not internal predictions, not CASP submissions, and not competitive-proof evidence."
4,T2313,T2313_T330,421,T2313_all_pdbs/Model_7177_af3_woTemplates_af3_seed_841331_sample_3_pred_893.cif,Model_7177_af3_woTemplates_af3_seed_841331_sample_3_pred_893.cif,7177,AF3,af3_woTemplates,841331,3,893,woTemplates,,False,casp17/massivefold_external_pool_intake/t2313_t330/extracted_models/T2313_all_pdbs/Model_7177_af3_woTemplates_af3_seed_841331_sample_3_pred_893.cif,awaiting_extract,"MassiveFold model pool index only. It parses organizer-provided external model tarball listings and stages balanced extraction/rerank candidates. These models remain external rerank and accuracy-estimation inputs, not internal predictions, not CASP submissions, and not competitive-proof evidence."
4,T2313,T2313_T330,429,T2313_all_pdbs/Model_4621_af3_woTemplates_af3_seed_48204_sample_4_pred_24.cif,Model_4621_af3_woTemplates_af3_seed_48204_sample_4_pred_24.cif,4621,AF3,af3_woTemplates,48204,4,24,woTemplates,,False,casp17/massivefold_external_pool_intake/t2313_t330/extracted_models/T2313_all_pdbs/Model_4621_af3_woTemplates_af3_seed_48204_sample_4_pred_24.cif,awaiting_extract,"MassiveFold model pool index only. It parses organizer-provided external model tarball listings and stages balanced extraction/rerank candidates. These models remain external rerank and accuracy-estimation inputs, not internal predictions, not CASP submissions, and not competitive-proof evidence."
4,T2313,T2313_T330,453,T2313_all_pdbs/Model_6163_af3_woTemplates_af3_seed_994794_sample_3_pred_403.cif,Model_6163_af3_woTemplates_af3_seed_994794_sample_3_pred_403.cif,6163,AF3,af3_woTemplates,994794,3,403,woTemplates,,False,casp17/massivefold_external_pool_intake/t2313_t330/extracted_models/T2313_all_pdbs/Model_6163_af3_woTemplates_af3_seed_994794_sample_3_pred_403.cif,awaiting_extract,"MassiveFold model pool index only. It parses organizer-provided external model tarball listings and stages balanced extraction/rerank candidates. These models remain external rerank and accuracy-estimation inputs, not internal predictions, not CASP submissions, and not competitive-proof evidence."
4,T2313,T2313_T330,456,T2313_all_pdbs/Model_5849_af3_woTemplates_af3_seed_641640_sample_0_pred_690.cif,Model_5849_af3_woTemplates_af3_seed_641640_sample_0_pred_690.cif,5849,AF3,af3_woTemplates,641640,0,690,woTemplates,,False,casp17/massivefold_external_pool_intake/t2313_t330/extracted_models/T2313_all_pdbs/Model_5849_af3_woTemplates_af3_seed_641640_sample_0_pred_690.cif,awaiting_extract,"MassiveFold model pool index only. It parses organizer-provided external model tarball listings and stages balanced extraction/rerank candidates. These models remain external rerank and accuracy-estimation inputs, not internal predictions, not CASP submissions, and not competitive-proof evidence."
4,T2313,T2313_T330,472,T2313_all_pdbs/Model_6001_af3_woTemplates_af3_seed_48212_sample_0_pred_60.cif,Model_6001_af3_woTemplates_af3_seed_48212_sample_0_pred_60.cif,6001,AF3,af3_woTemplates,48212,0,60,woTemplates,,False,casp17/massivefold_external_pool_intake/t2313_t330/extracted_models/T2313_all_pdbs/Model_6001_af3_woTemplates_af3_seed_48212_sample_0_pred_60.cif,awaiting_extract,"MassiveFold model pool index only. It parses organizer-provided external model tarball listings and stages balanced extraction/rerank candidates. These models remain external rerank and accuracy-estimation inputs, not internal predictions, not CASP submissions, and not competitive-proof evidence."
4,T2313,T2313_T330,474,T2313_all_pdbs/Model_5688_af3_woTemplates_af3_seed_48213_sample_4_pred_69.cif,Model_5688_af3_woTemplates_af3_seed_48213_sample_4_pred_69.cif,5688,AF3,af3_woTemplates,48213,4,69,woTemplates,,False,casp17/massivefold_external_pool_intake/t2313_t330/extracted_models/T2313_all_pdbs/Model_5688_af3_woTemplates_af3_seed_48213_sample_4_pred_69.cif,awaiting_extract,"MassiveFold model pool index only. It parses organizer-provided external model tarball listings and stages balanced extraction/rerank candidates. These models remain external rerank and accuracy-estimation inputs, not internal predictions, not CASP submissions, and not competitive-proof evidence."
4,T2313,T2313_T330,506,T2313_all_pdbs/Model_6101_af3_woTemplates_af3_seed_384903_sample_2_pred_347.cif,Model_6101_af3_woTemplates_af3_seed_384903_sample_2_pred_347.cif,6101,AF3,af3_woTemplates,384903,2,347,woTemplates,,False,casp17/massivefold_external_pool_intake/t2313_t330/extracted_models/T2313_all_pdbs/Model_6101_af3_woTemplates_af3_seed_384903_sample_2_pred_347.cif,awaiting_extract,"MassiveFold model pool index only. It parses organizer-provided external model tarball listings and stages balanced extraction/rerank candidates. These models remain external rerank and accuracy-estimation inputs, not internal predictions, not CASP submissions, and not competitive-proof evidence."
4,T2313,T2313_T330,524,T2313_all_pdbs/Model_7262_af3_woTemplates_af3_seed_994791_sample_0_pred_385.cif,Model_7262_af3_woTemplates_af3_seed_994791_sample_0_pred_385.cif,7262,AF3,af3_woTemplates,994791,0,385,woTemplates,,False,casp17/massivefold_external_pool_intake/t2313_t330/extracted_models/T2313_all_pdbs/Model_7262_af3_woTemplates_af3_seed_994791_sample_0_pred_385.cif,awaiting_extract,"MassiveFold model pool index only. It parses organizer-provided external model tarball listings and stages balanced extraction/rerank candidates. These models remain external rerank and accuracy-estimation inputs, not internal predictions, not CASP submissions, and not competitive-proof evidence."
4,T2313,T2313_T330,530,T2313_all_pdbs/Model_4680_af3_woTemplates_af3_seed_641645_sample_0_pred_715.cif,Model_4680_af3_woTemplates_af3_seed_641645_sample_0_pred_715.cif,4680,AF3,af3_woTemplates,641645,0,715,woTemplates,,False,casp17/massivefold_external_pool_intake/t2313_t330/extracted_models/T2313_all_pdbs/Model_4680_af3_woTemplates_af3_seed_641645_sample_0_pred_715.cif,awaiting_extract,"MassiveFold model pool index only. It parses organizer-provided external model tarball listings and stages balanced extraction/rerank candidates. These models remain external rerank and accuracy-estimation inputs, not internal predictions, not CASP submissions, and not competitive-proof evidence."
4,T2313,T2313_T330,597,T2313_all_pdbs/Model_7493_af3_woTemplates_af3_seed_641627_sample_0_pred_625.cif,Model_7493_af3_woTemplates_af3_seed_641627_sample_0_pred_625.cif,7493,AF3,af3_woTemplates,641627,0,625,woTemplates,,False,casp17/massivefold_external_pool_intake/t2313_t330/extracted_models/T2313_all_pdbs/Model_7493_af3_woTemplates_af3_seed_641627_sample_0_pred_625.cif,awaiting_extract,"MassiveFold model pool index only. It parses organizer-provided external model tarball listings and stages balanced extraction/rerank candidates. These models remain external rerank and accuracy-estimation inputs, not internal predictions, not CASP submissions, and not competitive-proof evidence."
4,T2313,T2313_T330,648,T2313_all_pdbs/Model_6151_af3_woTemplates_af3_seed_641637_sample_4_pred_679.cif,Model_6151_af3_woTemplates_af3_seed_641637_sample_4_pred_679.cif,6151,AF3,af3_woTemplates,641637,4,679,woTemplates,,False,casp17/massivefold_external_pool_intake/t2313_t330/extracted_models/T2313_all_pdbs/Model_6151_af3_woTemplates_af3_seed_641637_sample_4_pred_679.cif,awaiting_extract,"MassiveFold model pool index only. It parses organizer-provided external model tarball listings and stages balanced extraction/rerank candidates. These models remain external rerank and accuracy-estimation inputs, not internal predictions, not CASP submissions, and not competitive-proof evidence."
4,T2313,T2313_T330,675,T2313_all_pdbs/Model_3399_af3_woTemplates_af3_seed_48203_sample_2_pred_17.cif,Model_3399_af3_woTemplates_af3_seed_48203_sample_2_pred_17.cif,3399,AF3,af3_woTemplates,48203,2,17,woTemplates,,False,casp17/massivefold_external_pool_intake/t2313_t330/extracted_models/T2313_all_pdbs/Model_3399_af3_woTemplates_af3_seed_48203_sample_2_pred_17.cif,awaiting_extract,"MassiveFold model pool index only. It parses organizer-provided external model tarball listings and stages balanced extraction/rerank candidates. These models remain external rerank and accuracy-estimation inputs, not internal predictions, not CASP submissions, and not competitive-proof evidence."
4,T2313,T2313_T330,681,T2313_all_pdbs/Model_5637_af3_woTemplates_af3_seed_48211_sample_0_pred_55.cif,Model_5637_af3_woTemplates_af3_seed_48211_sample_0_pred_55.cif,5637,AF3,af3_woTemplates,48211,0,55,woTemplates,,False,casp17/massivefold_external_pool_intake/t2313_t330/extracted_models/T2313_all_pdbs/Model_5637_af3_woTemplates_af3_seed_48211_sample_0_pred_55.cif,awaiting_extract,"MassiveFold model pool index only. It parses organizer-provided external model tarball listings and stages balanced extraction/rerank candidates. These models remain external rerank and accuracy-estimation inputs, not internal predictions, not CASP submissions, and not competitive-proof evidence."
4,T2313,T2313_T330,695,T2313_all_pdbs/Model_4175_af3_woTemplates_af3_seed_256851_sample_4_pred_574.cif,Model_4175_af3_woTemplates_af3_seed_256851_sample_4_pred_574.cif,4175,AF3,af3_woTemplates,256851,4,574,woTemplates,,False,casp17/massivefold_external_pool_intake/t2313_t330/extracted_models/T2313_all_pdbs/Model_4175_af3_woTemplates_af3_seed_256851_sample_4_pred_574.cif,awaiting_extract,"MassiveFold model pool index only. It parses organizer-provided external model tarball listings and stages balanced extraction/rerank candidates. These models remain external rerank and accuracy-estimation inputs, not internal predictions, not CASP submissions, and not competitive-proof evidence."
4,T2313,T2313_T330,699,T2313_all_pdbs/Model_4337_af3_woTemplates_af3_seed_130568_sample_4_pred_819.cif,Model_4337_af3_woTemplates_af3_seed_130568_sample_4_pred_819.cif,4337,AF3,af3_woTemplates,130568,4,819,woTemplates,,False,casp17/massivefold_external_pool_intake/t2313_t330/extracted_models/T2313_all_pdbs/Model_4337_af3_woTemplates_af3_seed_130568_sample_4_pred_819.cif,awaiting_extract,"MassiveFold model pool index only. It parses organizer-provided external model tarball listings and stages balanced extraction/rerank candidates. These models remain external rerank and accuracy-estimation inputs, not internal predictions, not CASP submissions, and not competitive-proof evidence."
4,T2313,T2313_T330,705,T2313_all_pdbs/Model_6017_af3_woTemplates_af3_seed_256845_sample_2_pred_542.cif,Model_6017_af3_woTemplates_af3_seed_256845_sample_2_pred_542.cif,6017,AF3,af3_woTemplates,256845,2,542,woTemplates,,False,casp17/massivefold_external_pool_intake/t2313_t330/extracted_models/T2313_all_pdbs/Model_6017_af3_woTemplates_af3_seed_256845_sample_2_pred_542.cif,awaiting_extract,"MassiveFold model pool index only. It parses organizer-provided external model tarball listings and stages balanced extraction/rerank candidates. These models remain external rerank and accuracy-estimation inputs, not internal predictions, not CASP submissions, and not competitive-proof evidence."
4,T2313,T2313_T330,746,T2313_all_pdbs/Model_5105_af3_woTemplates_af3_seed_130579_sample_0_pred_870.cif,Model_5105_af3_woTemplates_af3_seed_130579_sample_0_pred_870.cif,5105,AF3,af3_woTemplates,130579,0,870,woTemplates,,False,casp17/massivefold_external_pool_intake/t2313_t330/extracted_models/T2313_all_pdbs/Model_5105_af3_woTemplates_af3_seed_130579_sample_0_pred_870.cif,awaiting_extract,"MassiveFold model pool index only. It parses organizer-provided external model tarball listings and stages balanced extraction/rerank candidates. These models remain external rerank and accuracy-estimation inputs, not internal predictions, not CASP submissions, and not competitive-proof evidence."
4,T2313,T2313_T330,749,T2313_all_pdbs/Model_9492_af3_woTemplates_af3_seed_384890_sample_3_pred_283.cif,Model_9492_af3_woTemplates_af3_seed_384890_sample_3_pred_283.cif,9492,AF3,af3_woTemplates,384890,3,283,woTemplates,,False,casp17/massivefold_external_pool_intake/t2313_t330/extracted_models/T2313_all_pdbs/Model_9492_af3_woTemplates_af3_seed_384890_sample_3_pred_283.cif,awaiting_extract,"MassiveFold model pool index only. It parses organizer-provided external model tarball listings and stages balanced extraction/rerank candidates. These models remain external rerank and accuracy-estimation inputs, not internal predictions, not CASP submissions, and not competitive-proof evidence."
4,T2313,T2313_T330,755,T2313_all_pdbs/Model_7152_af3_woTemplates_af3_seed_994803_sample_3_pred_448.cif,Model_7152_af3_woTemplates_af3_seed_994803_sample_3_pred_448.cif,7152,AF3,af3_woTemplates,994803,3,448,woTemplates,,False,casp17/massivefold_external_pool_intake/t2313_t330/extracted_models/T2313_all_pdbs/Model_7152_af3_woTemplates_af3_seed_994803_sample_3_pred_448.cif,awaiting_extract,"MassiveFold model pool index only. It parses organizer-provided external model tarball listings and stages balanced extraction/rerank candidates. These models remain external rerank and accuracy-estimation inputs, not internal predictions, not CASP submissions, and not competitive-proof evidence."
4,T2313,T2313_T330,756,T2313_all_pdbs/Model_6823_af3_woTemplates_af3_seed_897885_sample_1_pred_146.cif,Model_6823_af3_woTemplates_af3_seed_897885_sample_1_pred_146.cif,6823,AF3,af3_woTemplates,897885,1,146,woTemplates,,False,casp17/massivefold_external_pool_intake/t2313_t330/extracted_models/T2313_all_pdbs/Model_6823_af3_woTemplates_af3_seed_897885_sample_1_pred_146.cif,awaiting_extract,"MassiveFold model pool index only. It parses organizer-provided external model tarball listings and stages balanced extraction/rerank candidates. These models remain external rerank and accuracy-estimation inputs, not internal predictions, not CASP submissions, and not competitive-proof evidence."
4,T2313,T2313_T330,775,T2313_all_pdbs/Model_5907_af3_woTemplates_af3_seed_994793_sample_3_pred_398.cif,Model_5907_af3_woTemplates_af3_seed_994793_sample_3_pred_398.cif,5907,AF3,af3_woTemplates,994793,3,398,woTemplates,,False,casp17/massivefold_external_pool_intake/t2313_t330/extracted_models/T2313_all_pdbs/Model_5907_af3_woTemplates_af3_seed_994793_sample_3_pred_398.cif,awaiting_extract,"MassiveFold model pool index only. It parses organizer-provided external model tarball listings and stages balanced extraction/rerank candidates. These models remain external rerank and accuracy-estimation inputs, not internal predictions, not CASP submissions, and not competitive-proof evidence."
4,T2313,T2313_T330,802,T2313_all_pdbs/Model_5211_af3_woTemplates_af3_seed_641641_sample_2_pred_697.cif,Model_5211_af3_woTemplates_af3_seed_641641_sample_2_pred_697.cif,5211,AF3,af3_woTemplates,641641,2,697,woTemplates,,False,casp17/massivefold_external_pool_intake/t2313_t330/extracted_models/T2313_all_pdbs/Model_5211_af3_woTemplates_af3_seed_641641_sample_2_pred_697.cif,awaiting_extract,"MassiveFold model pool index only. It parses organizer-provided external model tarball listings and stages balanced extraction/rerank candidates. These models remain external rerank and accuracy-estimation inputs, not internal predictions, not CASP submissions, and not competitive-proof evidence."
4,T2313,T2313_T330,814,T2313_all_pdbs/Model_4948_af3_woTemplates_af3_seed_48200_sample_4_pred_4.cif,Model_4948_af3_woTemplates_af3_seed_48200_sample_4_pred_4.cif,4948,AF3,af3_woTemplates,48200,4,4,woTemplates,,False,casp17/massivefold_external_pool_intake/t2313_t330/extracted_models/T2313_all_pdbs/Model_4948_af3_woTemplates_af3_seed_48200_sample_4_pred_4.cif,awaiting_extract,"MassiveFold model pool index only. It parses organizer-provided external model tarball listings and stages balanced extraction/rerank candidates. These models remain external rerank and accuracy-estimation inputs, not internal predictions, not CASP submissions, and not competitive-proof evidence."
4,T2313,T2313_T330,843,T2313_all_pdbs/Model_4177_af3_woTemplates_af3_seed_897895_sample_4_pred_199.cif,Model_4177_af3_woTemplates_af3_seed_897895_sample_4_pred_199.cif,4177,AF3,af3_woTemplates,897895,4,199,woTemplates,,False,casp17/massivefold_external_pool_intake/t2313_t330/extracted_models/T2313_all_pdbs/Model_4177_af3_woTemplates_af3_seed_897895_sample_4_pred_199.cif,awaiting_extract,"MassiveFold model pool index only. It parses organizer-provided external model tarball listings and stages balanced extraction/rerank candidates. These models remain external rerank and accuracy-estimation inputs, not internal predictions, not CASP submissions, and not competitive-proof evidence."
4,T2313,T2313_T330,866,T2313_all_pdbs/Model_5692_af3_woTemplates_af3_seed_994799_sample_3_pred_428.cif,Model_5692_af3_woTemplates_af3_seed_994799_sample_3_pred_428.cif,5692,AF3,af3_woTemplates,994799,3,428,woTemplates,,False,casp17/massivefold_external_pool_intake/t2313_t330/extracted_models/T2313_all_pdbs/Model_5692_af3_woTemplates_af3_seed_994799_sample_3_pred_428.cif,awaiting_extract,"MassiveFold model pool index only. It parses organizer-provided external model tarball listings and stages balanced extraction/rerank candidates. These models remain external rerank and accuracy-estimation inputs, not internal predictions, not CASP submissions, and not competitive-proof evidence."
4,T2313,T2313_T330,879,T2313_all_pdbs/Model_3289_af3_woTemplates_af3_seed_641651_sample_0_pred_745.cif,Model_3289_af3_woTemplates_af3_seed_641651_sample_0_pred_745.cif,3289,AF3,af3_woTemplates,641651,0,745,woTemplates,,False,casp17/massivefold_external_pool_intake/t2313_t330/extracted_models/T2313_all_pdbs/Model_3289_af3_woTemplates_af3_seed_641651_sample_0_pred_745.cif,awaiting_extract,"MassiveFold model pool index only. It parses organizer-provided external model tarball listings and stages balanced extraction/rerank candidates. These models remain external rerank and accuracy-estimation inputs, not internal predictions, not CASP submissions, and not competitive-proof evidence."
4,T2313,T2313_T330,888,T2313_all_pdbs/Model_7276_af3_woTemplates_af3_seed_130563_sample_1_pred_791.cif,Model_7276_af3_woTemplates_af3_seed_130563_sample_1_pred_791.cif,7276,AF3,af3_woTemplates,130563,1,791,woTemplates,,False,casp17/massivefold_external_pool_intake/t2313_t330/extracted_models/T2313_all_pdbs/Model_7276_af3_woTemplates_af3_seed_130563_sample_1_pred_791.cif,awaiting_extract,"MassiveFold model pool index only. It parses organizer-provided external model tarball listings and stages balanced extraction/rerank candidates. These models remain external rerank and accuracy-estimation inputs, not internal predictions, not CASP submissions, and not competitive-proof evidence."
4,T2313,T2313_T330,889,T2313_all_pdbs/Model_3231_af3_woTemplates_af3_seed_641646_sample_2_pred_722.cif,Model_3231_af3_woTemplates_af3_seed_641646_sample_2_pred_722.cif,3231,AF3,af3_woTemplates,641646,2,722,woTemplates,,False,casp17/massivefold_external_pool_intake/t2313_t330/extracted_models/T2313_all_pdbs/Model_3231_af3_woTemplates_af3_seed_641646_sample_2_pred_722.cif,awaiting_extract,"MassiveFold model pool index only. It parses organizer-provided external model tarball listings and stages balanced extraction/rerank candidates. These models remain external rerank and accuracy-estimation inputs, not internal predictions, not CASP submissions, and not competitive-proof evidence."
4,T2313,T2313_T330,902,T2313_all_pdbs/Model_7509_af3_woTemplates_af3_seed_897887_sample_4_pred_159.cif,Model_7509_af3_woTemplates_af3_seed_897887_sample_4_pred_159.cif,7509,AF3,af3_woTemplates,897887,4,159,woTemplates,,False,casp17/massivefold_external_pool_intake/t2313_t330/extracted_models/T2313_all_pdbs/Model_7509_af3_woTemplates_af3_seed_897887_sample_4_pred_159.cif,awaiting_extract,"MassiveFold model pool index only. It parses organizer-provided external model tarball listings and stages balanced extraction/rerank candidates. These models remain external rerank and accuracy-estimation inputs, not internal predictions, not CASP submissions, and not competitive-proof evidence."
4,T2313,T2313_T330,914,T2313_all_pdbs/Model_7503_af3_woTemplates_af3_seed_841331_sample_1_pred_891.cif,Model_7503_af3_woTemplates_af3_seed_841331_sample_1_pred_891.cif,7503,AF3,af3_woTemplates,841331,1,891,woTemplates,,False,casp17/massivefold_external_pool_intake/t2313_t330/extracted_models/T2313_all_pdbs/Model_7503_af3_woTemplates_af3_seed_841331_sample_1_pred_891.cif,awaiting_extract,"MassiveFold model pool index only. It parses organizer-provided external model tarball listings and stages balanced extraction/rerank candidates. These models remain external rerank and accuracy-estimation inputs, not internal predictions, not CASP submissions, and not competitive-proof evidence."
4,T2313,T2313_T330,930,T2313_all_pdbs/Model_5699_af3_woTemplates_af3_seed_384886_sample_2_pred_262.cif,Model_5699_af3_woTemplates_af3_seed_384886_sample_2_pred_262.cif,5699,AF3,af3_woTemplates,384886,2,262,woTemplates,,False,casp17/massivefold_external_pool_intake/t2313_t330/extracted_models/T2313_all_pdbs/Model_5699_af3_woTemplates_af3_seed_384886_sample_2_pred_262.cif,awaiting_extract,"MassiveFold model pool index only. It parses organizer-provided external model tarball listings and stages balanced extraction/rerank candidates. These models remain external rerank and accuracy-estimation inputs, not internal predictions, not CASP submissions, and not competitive-proof evidence."
4,T2313,T2313_T330,953,T2313_all_pdbs/Model_6013_af3_woTemplates_af3_seed_130575_sample_1_pred_851.cif,Model_6013_af3_woTemplates_af3_seed_130575_sample_1_pred_851.cif,6013,AF3,af3_woTemplates,130575,1,851,woTemplates,,False,casp17/massivefold_external_pool_intake/t2313_t330/extracted_models/T2313_all_pdbs/Model_6013_af3_woTemplates_af3_seed_130575_sample_1_pred_851.cif,awaiting_extract,"MassiveFold model pool index only. It parses organizer-provided external model tarball listings and stages balanced extraction/rerank candidates. These models remain external rerank and accuracy-estimation inputs, not internal predictions, not CASP submissions, and not competitive-proof evidence."
4,T2313,T2313_T330,980,T2313_all_pdbs/Model_5813_af3_woTemplates_af3_seed_641637_sample_1_pred_676.cif,Model_5813_af3_woTemplates_af3_seed_641637_sample_1_pred_676.cif,5813,AF3,af3_woTemplates,641637,1,676,woTemplates,,False,casp17/massivefold_external_pool_intake/t2313_t330/extracted_models/T2313_all_pdbs/Model_5813_af3_woTemplates_af3_seed_641637_sample_1_pred_676.cif,awaiting_extract,"MassiveFold model pool index only. It parses organizer-provided external model tarball listings and stages balanced extraction/rerank candidates. These models remain external rerank and accuracy-estimation inputs, not internal predictions, not CASP submissions, and not competitive-proof evidence."
4,T2313,T2313_T330,994,T2313_all_pdbs/Model_5419_af3_woTemplates_af3_seed_897891_sample_0_pred_175.cif,Model_5419_af3_woTemplates_af3_seed_897891_sample_0_pred_175.cif,5419,AF3,af3_woTemplates,897891,0,175,woTemplates,,False,casp17/massivefold_external_pool_intake/t2313_t330/extracted_models/T2313_all_pdbs/Model_5419_af3_woTemplates_af3_seed_897891_sample_0_pred_175.cif,awaiting_extract,"MassiveFold model pool index only. It parses organizer-provided external model tarball listings and stages balanced extraction/rerank candidates. These models remain external rerank and accuracy-estimation inputs, not internal predictions, not CASP submissions, and not competitive-proof evidence."
4,T2313,T2313_T330,1020,T2313_all_pdbs/Model_5038_af3_woTemplates_af3_seed_841348_sample_2_pred_977.cif,Model_5038_af3_woTemplates_af3_seed_841348_sample_2_pred_977.cif,5038,AF3,af3_woTemplates,841348,2,977,woTemplates,,False,casp17/massivefold_external_pool_intake/t2313_t330/extracted_models/T2313_all_pdbs/Model_5038_af3_woTemplates_af3_seed_841348_sample_2_pred_977.cif,awaiting_extract,"MassiveFold model pool index only. It parses organizer-provided external model tarball listings and stages balanced extraction/rerank candidates. These models remain external rerank and accuracy-estimation inputs, not internal predictions, not CASP submissions, and not competitive-proof evidence."
4,T2313,T2313_T330,1032,T2313_all_pdbs/Model_6114_af3_woTemplates_af3_seed_384900_sample_4_pred_334.cif,Model_6114_af3_woTemplates_af3_seed_384900_sample_4_pred_334.cif,6114,AF3,af3_woTemplates,384900,4,334,woTemplates,,False,casp17/massivefold_external_pool_intake/t2313_t330/extracted_models/T2313_all_pdbs/Model_6114_af3_woTemplates_af3_seed_384900_sample_4_pred_334.cif,awaiting_extract,"MassiveFold model pool index only. It parses organizer-provided external model tarball listings and stages balanced extraction/rerank candidates. These models remain external rerank and accuracy-estimation inputs, not internal predictions, not CASP submissions, and not competitive-proof evidence."
4,T2313,T2313_T330,1051,T2313_all_pdbs/Model_6018_af3_woTemplates_af3_seed_256845_sample_1_pred_541.cif,Model_6018_af3_woTemplates_af3_seed_256845_sample_1_pred_541.cif,6018,AF3,af3_woTemplates,256845,1,541,woTemplates,,False,casp17/massivefold_external_pool_intake/t2313_t330/extracted_models/T2313_all_pdbs/Model_6018_af3_woTemplates_af3_seed_256845_sample_1_pred_541.cif,awaiting_extract,"MassiveFold model pool index only. It parses organizer-provided external model tarball listings and stages balanced extraction/rerank candidates. These models remain external rerank and accuracy-estimation inputs, not internal predictions, not CASP submissions, and not competitive-proof evidence."
4,T2313,T2313_T330,1053,T2313_all_pdbs/Model_4676_af3_woTemplates_af3_seed_48220_sample_0_pred_100.cif,Model_4676_af3_woTemplates_af3_seed_48220_sample_0_pred_100.cif,4676,AF3,af3_woTemplates,48220,0,100,woTemplates,,False,casp17/massivefold_external_pool_intake/t2313_t330/extracted_models/T2313_all_pdbs/Model_4676_af3_woTemplates_af3_seed_48220_sample_0_pred_100.cif,awaiting_extract,"MassiveFold model pool index only. It parses organizer-provided external model tarball listings and stages balanced extraction/rerank candidates. These models remain external rerank and accuracy-estimation inputs, not internal predictions, not CASP submissions, and not competitive-proof evidence."
4,T2313,T2313_T330,1054,T2313_all_pdbs/Model_4853_af3_woTemplates_af3_seed_641640_sample_2_pred_692.cif,Model_4853_af3_woTemplates_af3_seed_641640_sample_2_pred_692.cif,4853,AF3,af3_woTemplates,641640,2,692,woTemplates,,False,casp17/massivefold_external_pool_intake/t2313_t330/extracted_models/T2313_all_pdbs/Model_4853_af3_woTemplates_af3_seed_641640_sample_2_pred_692.cif,awaiting_extract,"MassiveFold model pool index only. It parses organizer-provided external model tarball listings and stages balanced extraction/rerank candidates. These models remain external rerank and accuracy-estimation inputs, not internal predictions, not CASP submissions, and not competitive-proof evidence."
4,T2313,T2313_T330,1076,T2313_all_pdbs/Model_6263_af3_woTemplates_af3_seed_130562_sample_3_pred_788.cif,Model_6263_af3_woTemplates_af3_seed_130562_sample_3_pred_788.cif,6263,AF3,af3_woTemplates,130562,3,788,woTemplates,,False,casp17/massivefold_external_pool_intake/t2313_t330/extracted_models/T2313_all_pdbs/Model_6263_af3_woTemplates_af3_seed_130562_sample_3_pred_788.cif,awaiting_extract,"MassiveFold model pool index only. It parses organizer-provided external model tarball listings and stages balanced extraction/rerank candidates. These models remain external rerank and accuracy-estimation inputs, not internal predictions, not CASP submissions, and not competitive-proof evidence."
4,T2313,T2313_T330,1077,T2313_all_pdbs/Model_5186_af3_woTemplates_af3_seed_641638_sample_4_pred_684.cif,Model_5186_af3_woTemplates_af3_seed_641638_sample_4_pred_684.cif,5186,AF3,af3_woTemplates,641638,4,684,woTemplates,,False,casp17/massivefold_external_pool_intake/t2313_t330/extracted_models/T2313_all_pdbs/Model_5186_af3_woTemplates_af3_seed_641638_sample_4_pred_684.cif,awaiting_extract,"MassiveFold model pool index only. It parses organizer-provided external model tarball listings and stages balanced extraction/rerank candidates. These models remain external rerank and accuracy-estimation inputs, not internal predictions, not CASP submissions, and not competitive-proof evidence."
4,T2313,T2313_T330,1135,T2313_all_pdbs/Model_6159_af3_woTemplates_af3_seed_994807_sample_4_pred_469.cif,Model_6159_af3_woTemplates_af3_seed_994807_sample_4_pred_469.cif,6159,AF3,af3_woTemplates,994807,4,469,woTemplates,,False,casp17/massivefold_external_pool_intake/t2313_t330/extracted_models/T2313_all_pdbs/Model_6159_af3_woTemplates_af3_seed_994807_sample_4_pred_469.cif,awaiting_extract,"MassiveFold model pool index only. It parses organizer-provided external model tarball listings and stages balanced extraction/rerank candidates. These models remain external rerank and accuracy-estimation inputs, not internal predictions, not CASP submissions, and not competitive-proof evidence."
4,T2313,T2313_T330,1149,T2313_all_pdbs/Model_7172_af3_woTemplates_af3_seed_841352_sample_2_pred_997.cif,Model_7172_af3_woTemplates_af3_seed_841352_sample_2_pred_997.cif,7172,AF3,af3_woTemplates,841352,2,997,woTemplates,,False,casp17/massivefold_external_pool_intake/t2313_t330/extracted_models/T2313_all_pdbs/Model_7172_af3_woTemplates_af3_seed_841352_sample_2_pred_997.cif,awaiting_extract,"MassiveFold model pool index only. It parses organizer-provided external model tarball listings and stages balanced extraction/rerank candidates. These models remain external rerank and accuracy-estimation inputs, not internal predictions, not CASP submissions, and not competitive-proof evidence."
4,T2313,T2313_T330,1169,T2313_all_pdbs/Model_3230_af3_woTemplates_af3_seed_319317_sample_2_pred_1002.cif,Model_3230_af3_woTemplates_af3_seed_319317_sample_2_pred_1002.cif,3230,AF3,af3_woTemplates,319317,2,1002,woTemplates,,False,casp17/massivefold_external_pool_intake/t2313_t330/extracted_models/T2313_all_pdbs/Model_3230_af3_woTemplates_af3_seed_319317_sample_2_pred_1002.cif,awaiting_extract,"MassiveFold model pool index only. It parses organizer-provided external model tarball listings and stages balanced extraction/rerank candidates. These models remain external rerank and accuracy-estimation inputs, not internal predictions, not CASP submissions, and not competitive-proof evidence."
4,T2313,T2313_T330,1170,T2313_all_pdbs/Model_7153_af3_woTemplates_af3_seed_994790_sample_1_pred_381.cif,Model_7153_af3_woTemplates_af3_seed_994790_sample_1_pred_381.cif,7153,AF3,af3_woTemplates,994790,1,381,woTemplates,,False,casp17/massivefold_external_pool_intake/t2313_t330/extracted_models/T2313_all_pdbs/Model_7153_af3_woTemplates_af3_seed_994790_sample_1_pred_381.cif,awaiting_extract,"MassiveFold model pool index only. It parses organizer-provided external model tarball listings and stages balanced extraction/rerank candidates. These models remain external rerank and accuracy-estimation inputs, not internal predictions, not CASP submissions, and not competitive-proof evidence."
4,T2313,T2313_T330,1194,T2313_all_pdbs/Model_3920_af3_woTemplates_af3_seed_641639_sample_1_pred_686.cif,Model_3920_af3_woTemplates_af3_seed_641639_sample_1_pred_686.cif,3920,AF3,af3_woTemplates,641639,1,686,woTemplates,,False,casp17/massivefold_external_pool_intake/t2313_t330/extracted_models/T2313_all_pdbs/Model_3920_af3_woTemplates_af3_seed_641639_sample_1_pred_686.cif,awaiting_extract,"MassiveFold model pool index only. It parses organizer-provided external model tarball listings and stages balanced extraction/rerank candidates. These models remain external rerank and accuracy-estimation inputs, not internal predictions, not CASP submissions, and not competitive-proof evidence."
4,T2313,T2313_T330,1215,T2313_all_pdbs/Model_3375_af3_woTemplates_af3_seed_384887_sample_1_pred_266.cif,Model_3375_af3_woTemplates_af3_seed_384887_sample_1_pred_266.cif,3375,AF3,af3_woTemplates,384887,1,266,woTemplates,,False,casp17/massivefold_external_pool_intake/t2313_t330/extracted_models/T2313_all_pdbs/Model_3375_af3_woTemplates_af3_seed_384887_sample_1_pred_266.cif,awaiting_extract,"MassiveFold model pool index only. It parses organizer-provided external model tarball listings and stages balanced extraction/rerank candidates. These models remain external rerank and accuracy-estimation inputs, not internal predictions, not CASP submissions, and not competitive-proof evidence."
4,T2313,T2313_T330,1242,T2313_all_pdbs/Model_6442_af3_woTemplates_af3_seed_897903_sample_0_pred_235.cif,Model_6442_af3_woTemplates_af3_seed_897903_sample_0_pred_235.cif,6442,AF3,af3_woTemplates,897903,0,235,woTemplates,,False,casp17/massivefold_external_pool_intake/t2313_t330/extracted_models/T2313_all_pdbs/Model_6442_af3_woTemplates_af3_seed_897903_sample_0_pred_235.cif,awaiting_extract,"MassiveFold model pool index only. It parses organizer-provided external model tarball listings and stages balanced extraction/rerank candidates. These models remain external rerank and accuracy-estimation inputs, not internal predictions, not CASP submissions, and not competitive-proof evidence."
4,T2313,T2313_T330,1244,T2313_all_pdbs/Model_6010_af3_woTemplates_af3_seed_384900_sample_2_pred_332.cif,Model_6010_af3_woTemplates_af3_seed_384900_sample_2_pred_332.cif,6010,AF3,af3_woTemplates,384900,2,332,woTemplates,,False,casp17/massivefold_external_pool_intake/t2313_t330/extracted_models/T2313_all_pdbs/Model_6010_af3_woTemplates_af3_seed_384900_sample_2_pred_332.cif,awaiting_extract,"MassiveFold model pool index only. It parses organizer-provided external model tarball listings and stages balanced extraction/rerank candidates. These models remain external rerank and accuracy-estimation inputs, not internal predictions, not CASP submissions, and not competitive-proof evidence."
4,T2313,T2313_T330,1261,T2313_all_pdbs/Model_6326_af3_woTemplates_af3_seed_641629_sample_0_pred_635.cif,Model_6326_af3_woTemplates_af3_seed_641629_sample_0_pred_635.cif,6326,AF3,af3_woTemplates,641629,0,635,woTemplates,,False,casp17/massivefold_external_pool_intake/t2313_t330/extracted_models/T2313_all_pdbs/Model_6326_af3_woTemplates_af3_seed_641629_sample_0_pred_635.cif,awaiting_extract,"MassiveFold model pool index only. It parses organizer-provided external model tarball listings and stages balanced extraction/rerank candidates. These models remain external rerank and accuracy-estimation inputs, not internal predictions, not CASP submissions, and not competitive-proof evidence."
4,T2313,T2313_T330,1275,T2313_all_pdbs/Model_6625_af3_woTemplates_af3_seed_48216_sample_1_pred_81.cif,Model_6625_af3_woTemplates_af3_seed_48216_sample_1_pred_81.cif,6625,AF3,af3_woTemplates,48216,1,81,woTemplates,,False,casp17/massivefold_external_pool_intake/t2313_t330/extracted_models/T2313_all_pdbs/Model_6625_af3_woTemplates_af3_seed_48216_sample_1_pred_81.cif,awaiting_extract,"MassiveFold model pool index only. It parses organizer-provided external model tarball listings and stages balanced extraction/rerank candidates. These models remain external rerank and accuracy-estimation inputs, not internal predictions, not CASP submissions, and not competitive-proof evidence."
4,T2313,T2313_T330,1280,T2313_all_pdbs/Model_6262_af3_woTemplates_af3_seed_130562_sample_4_pred_789.cif,Model_6262_af3_woTemplates_af3_seed_130562_sample_4_pred_789.cif,6262,AF3,af3_woTemplates,130562,4,789,woTemplates,,False,casp17/massivefold_external_pool_intake/t2313_t330/extracted_models/T2313_all_pdbs/Model_6262_af3_woTemplates_af3_seed_130562_sample_4_pred_789.cif,awaiting_extract,"MassiveFold model pool index only. It parses organizer-provided external model tarball listings and stages balanced extraction/rerank candidates. These models remain external rerank and accuracy-estimation inputs, not internal predictions, not CASP submissions, and not competitive-proof evidence."
4,T2313,T2313_T330,1339,T2313_all_pdbs/Model_6115_af3_woTemplates_af3_seed_130575_sample_3_pred_853.cif,Model_6115_af3_woTemplates_af3_seed_130575_sample_3_pred_853.cif,6115,AF3,af3_woTemplates,130575,3,853,woTemplates,,False,casp17/massivefold_external_pool_intake/t2313_t330/extracted_models/T2313_all_pdbs/Model_6115_af3_woTemplates_af3_seed_130575_sample_3_pred_853.cif,awaiting_extract,"MassiveFold model pool index only. It parses organizer-provided external model tarball listings and stages balanced extraction/rerank candidates. These models remain external rerank and accuracy-estimation inputs, not internal predictions, not CASP submissions, and not competitive-proof evidence."
4,T2313,T2313_T330,1342,T2313_all_pdbs/Model_5541_af3_woTemplates_af3_seed_897891_sample_1_pred_176.cif,Model_5541_af3_woTemplates_af3_seed_897891_sample_1_pred_176.cif,5541,AF3,af3_woTemplates,897891,1,176,woTemplates,,False,casp17/massivefold_external_pool_intake/t2313_t330/extracted_models/T2313_all_pdbs/Model_5541_af3_woTemplates_af3_seed_897891_sample_1_pred_176.cif,awaiting_extract,"MassiveFold model pool index only. It parses organizer-provided external model tarball listings and stages balanced extraction/rerank candidates. These models remain external rerank and accuracy-estimation inputs, not internal predictions, not CASP submissions, and not competitive-proof evidence."
4,T2313,T2313_T330,1394,T2313_all_pdbs/Model_9488_af3_woTemplates_af3_seed_641647_sample_2_pred_727.cif,Model_9488_af3_woTemplates_af3_seed_641647_sample_2_pred_727.cif,9488,AF3,af3_woTemplates,641647,2,727,woTemplates,,False,casp17/massivefold_external_pool_intake/t2313_t330/extracted_models/T2313_all_pdbs/Model_9488_af3_woTemplates_af3_seed_641647_sample_2_pred_727.cif,awaiting_extract,"MassiveFold model pool index only. It parses organizer-provided external model tarball listings and stages balanced extraction/rerank candidates. These models remain external rerank and accuracy-estimation inputs, not internal predictions, not CASP submissions, and not competitive-proof evidence."
4,T2313,T2313_T330,1408,T2313_all_pdbs/Model_3755_af3_woTemplates_af3_seed_641631_sample_1_pred_646.cif,Model_3755_af3_woTemplates_af3_seed_641631_sample_1_pred_646.cif,3755,AF3,af3_woTemplates,641631,1,646,woTemplates,,False,casp17/massivefold_external_pool_intake/t2313_t330/extracted_models/T2313_all_pdbs/Model_3755_af3_woTemplates_af3_seed_641631_sample_1_pred_646.cif,awaiting_extract,"MassiveFold model pool index only. It parses organizer-provided external model tarball listings and stages balanced extraction/rerank candidates. These models remain external rerank and accuracy-estimation inputs, not internal predictions, not CASP submissions, and not competitive-proof evidence."
4,T2313,T2313_T330,1425,T2313_all_pdbs/Model_5695_af3_woTemplates_af3_seed_641637_sample_2_pred_677.cif,Model_5695_af3_woTemplates_af3_seed_641637_sample_2_pred_677.cif,5695,AF3,af3_woTemplates,641637,2,677,woTemplates,,False,casp17/massivefold_external_pool_intake/t2313_t330/extracted_models/T2313_all_pdbs/Model_5695_af3_woTemplates_af3_seed_641637_sample_2_pred_677.cif,awaiting_extract,"MassiveFold model pool index only. It parses organizer-provided external model tarball listings and stages balanced extraction/rerank candidates. These models remain external rerank and accuracy-estimation inputs, not internal predictions, not CASP submissions, and not competitive-proof evidence."
4,T2313,T2313_T330,1433,T2313_all_pdbs/Model_5638_af3_woTemplates_af3_seed_841343_sample_4_pred_954.cif,Model_5638_af3_woTemplates_af3_seed_841343_sample_4_pred_954.cif,5638,AF3,af3_woTemplates,841343,4,954,woTemplates,,False,casp17/massivefold_external_pool_intake/t2313_t330/extracted_models/T2313_all_pdbs/Model_5638_af3_woTemplates_af3_seed_841343_sample_4_pred_954.cif,awaiting_extract,"MassiveFold model pool index only. It parses organizer-provided external model tarball listings and stages balanced extraction/rerank candidates. These models remain external rerank and accuracy-estimation inputs, not internal predictions, not CASP submissions, and not competitive-proof evidence."
4,T2313,T2313_T330,1460,T2313_all_pdbs/Model_5019_af3_woTemplates_af3_seed_994801_sample_1_pred_436.cif,Model_5019_af3_woTemplates_af3_seed_994801_sample_1_pred_436.cif,5019,AF3,af3_woTemplates,994801,1,436,woTemplates,,False,casp17/massivefold_external_pool_intake/t2313_t330/extracted_models/T2313_all_pdbs/Model_5019_af3_woTemplates_af3_seed_994801_sample_1_pred_436.cif,awaiting_extract,"MassiveFold model pool index only. It parses organizer-provided external model tarball listings and stages balanced extraction/rerank candidates. These models remain external rerank and accuracy-estimation inputs, not internal predictions, not CASP submissions, and not competitive-proof evidence."
4,T2313,T2313_T330,1494,T2313_all_pdbs/Model_3752_af3_woTemplates_af3_seed_48201_sample_3_pred_8.cif,Model_3752_af3_woTemplates_af3_seed_48201_sample_3_pred_8.cif,3752,AF3,af3_woTemplates,48201,3,8,woTemplates,,False,casp17/massivefold_external_pool_intake/t2313_t330/extracted_models/T2313_all_pdbs/Model_3752_af3_woTemplates_af3_seed_48201_sample_3_pred_8.cif,awaiting_extract,"MassiveFold model pool index only. It parses organizer-provided external model tarball listings and stages balanced extraction/rerank candidates. These models remain external rerank and accuracy-estimation inputs, not internal predictions, not CASP submissions, and not competitive-proof evidence."
4,T2313,T2313_T330,1506,T2313_all_pdbs/Model_6400_af3_woTemplates_af3_seed_897903_sample_3_pred_238.cif,Model_6400_af3_woTemplates_af3_seed_897903_sample_3_pred_238.cif,6400,AF3,af3_woTemplates,897903,3,238,woTemplates,,False,casp17/massivefold_external_pool_intake/t2313_t330/extracted_models/T2313_all_pdbs/Model_6400_af3_woTemplates_af3_seed_897903_sample_3_pred_238.cif,awaiting_extract,"MassiveFold model pool index only. It parses organizer-provided external model tarball listings and stages balanced extraction/rerank candidates. These models remain external rerank and accuracy-estimation inputs, not internal predictions, not CASP submissions, and not competitive-proof evidence."
4,T2313,T2313_T330,1510,T2313_all_pdbs/Model_7508_af3_woTemplates_af3_seed_130559_sample_2_pred_772.cif,Model_7508_af3_woTemplates_af3_seed_130559_sample_2_pred_772.cif,7508,AF3,af3_woTemplates,130559,2,772,woTemplates,,False,casp17/massivefold_external_pool_intake/t2313_t330/extracted_models/T2313_all_pdbs/Model_7508_af3_woTemplates_af3_seed_130559_sample_2_pred_772.cif,awaiting_extract,"MassiveFold model pool index only. It parses organizer-provided external model tarball listings and stages balanced extraction/rerank candidates. These models remain external rerank and accuracy-estimation inputs, not internal predictions, not CASP submissions, and not competitive-proof evidence."
4,T2313,T2313_T330,1555,T2313_all_pdbs/Model_7492_af3_woTemplates_af3_seed_994810_sample_1_pred_481.cif,Model_7492_af3_woTemplates_af3_seed_994810_sample_1_pred_481.cif,7492,AF3,af3_woTemplates,994810,1,481,woTemplates,,False,casp17/massivefold_external_pool_intake/t2313_t330/extracted_models/T2313_all_pdbs/Model_7492_af3_woTemplates_af3_seed_994810_sample_1_pred_481.cif,awaiting_extract,"MassiveFold model pool index only. It parses organizer-provided external model tarball listings and stages balanced extraction/rerank candidates. These models remain external rerank and accuracy-estimation inputs, not internal predictions, not CASP submissions, and not competitive-proof evidence."
4,T2313,T2313_T330,1594,T2313_all_pdbs/Model_7793_af3_woTemplates_af3_seed_641647_sample_1_pred_726.cif,Model_7793_af3_woTemplates_af3_seed_641647_sample_1_pred_726.cif,7793,AF3,af3_woTemplates,641647,1,726,woTemplates,,False,casp17/massivefold_external_pool_intake/t2313_t330/extracted_models/T2313_all_pdbs/Model_7793_af3_woTemplates_af3_seed_641647_sample_1_pred_726.cif,awaiting_extract,"MassiveFold model pool index only. It parses organizer-provided external model tarball listings and stages balanced extraction/rerank candidates. These models remain external rerank and accuracy-estimation inputs, not internal predictions, not CASP submissions, and not competitive-proof evidence."
4,T2313,T2313_T330,1603,T2313_all_pdbs/Model_5587_af3_woTemplates_af3_seed_256844_sample_2_pred_537.cif,Model_5587_af3_woTemplates_af3_seed_256844_sample_2_pred_537.cif,5587,AF3,af3_woTemplates,256844,2,537,woTemplates,,False,casp17/massivefold_external_pool_intake/t2313_t330/extracted_models/T2313_all_pdbs/Model_5587_af3_woTemplates_af3_seed_256844_sample_2_pred_537.cif,awaiting_extract,"MassiveFold model pool index only. It parses organizer-provided external model tarball listings and stages balanced extraction/rerank candidates. These models remain external rerank and accuracy-estimation inputs, not internal predictions, not CASP submissions, and not competitive-proof evidence."
4,T2313,T2313_T330,1609,T2313_all_pdbs/Model_8498_af3_woTemplates_af3_seed_48202_sample_2_pred_12.cif,Model_8498_af3_woTemplates_af3_seed_48202_sample_2_pred_12.cif,8498,AF3,af3_woTemplates,48202,2,12,woTemplates,,False,casp17/massivefold_external_pool_intake/t2313_t330/extracted_models/T2313_all_pdbs/Model_8498_af3_woTemplates_af3_seed_48202_sample_2_pred_12.cif,awaiting_extract,"MassiveFold model pool index only. It parses organizer-provided external model tarball listings and stages balanced extraction/rerank candidates. These models remain external rerank and accuracy-estimation inputs, not internal predictions, not CASP submissions, and not competitive-proof evidence."
4,T2313,T2313_T330,1616,T2313_all_pdbs/Model_6577_af3_woTemplates_af3_seed_841347_sample_1_pred_971.cif,Model_6577_af3_woTemplates_af3_seed_841347_sample_1_pred_971.cif,6577,AF3,af3_woTemplates,841347,1,971,woTemplates,,False,casp17/massivefold_external_pool_intake/t2313_t330/extracted_models/T2313_all_pdbs/Model_6577_af3_woTemplates_af3_seed_841347_sample_1_pred_971.cif,awaiting_extract,"MassiveFold model pool index only. It parses organizer-provided external model tarball listings and stages balanced extraction/rerank candidates. These models remain external rerank and accuracy-estimation inputs, not internal predictions, not CASP submissions, and not competitive-proof evidence."
4,T2313,T2313_T330,1621,T2313_all_pdbs/Model_5176_af3_woTemplates_af3_seed_384902_sample_1_pred_341.cif,Model_5176_af3_woTemplates_af3_seed_384902_sample_1_pred_341.cif,5176,AF3,af3_woTemplates,384902,1,341,woTemplates,,False,casp17/massivefold_external_pool_intake/t2313_t330/extracted_models/T2313_all_pdbs/Model_5176_af3_woTemplates_af3_seed_384902_sample_1_pred_341.cif,awaiting_extract,"MassiveFold model pool index only. It parses organizer-provided external model tarball listings and stages balanced extraction/rerank candidates. These models remain external rerank and accuracy-estimation inputs, not internal predictions, not CASP submissions, and not competitive-proof evidence."
4,T2313,T2313_T330,1630,T2313_all_pdbs/Model_5899_af3_woTemplates_af3_seed_48212_sample_4_pred_64.cif,Model_5899_af3_woTemplates_af3_seed_48212_sample_4_pred_64.cif,5899,AF3,af3_woTemplates,48212,4,64,woTemplates,,False,casp17/massivefold_external_pool_intake/t2313_t330/extracted_models/T2313_all_pdbs/Model_5899_af3_woTemplates_af3_seed_48212_sample_4_pred_64.cif,awaiting_extract,"MassiveFold model pool index only. It parses organizer-provided external model tarball listings and stages balanced extraction/rerank candidates. These models remain external rerank and accuracy-estimation inputs, not internal predictions, not CASP submissions, and not competitive-proof evidence."
4,T2313,T2313_T330,1638,T2313_all_pdbs/Model_5596_af3_woTemplates_af3_seed_256837_sample_1_pred_501.cif,Model_5596_af3_woTemplates_af3_seed_256837_sample_1_pred_501.cif,5596,AF3,af3_woTemplates,256837,1,501,woTemplates,,False,casp17/massivefold_external_pool_intake/t2313_t330/extracted_models/T2313_all_pdbs/Model_5596_af3_woTemplates_af3_seed_256837_sample_1_pred_501.cif,awaiting_extract,"MassiveFold model pool index only. It parses organizer-provided external model tarball listings and stages balanced extraction/rerank candidates. These models remain external rerank and accuracy-estimation inputs, not internal predictions, not CASP submissions, and not competitive-proof evidence."
4,T2313,T2313_T330,1742,T2313_all_pdbs/Model_4439_af3_woTemplates_af3_seed_641639_sample_3_pred_688.cif,Model_4439_af3_woTemplates_af3_seed_641639_sample_3_pred_688.cif,4439,AF3,af3_woTemplates,641639,3,688,woTemplates,,False,casp17/massivefold_external_pool_intake/t2313_t330/extracted_models/T2313_all_pdbs/Model_4439_af3_woTemplates_af3_seed_641639_sample_3_pred_688.cif,awaiting_extract,"MassiveFold model pool index only. It parses organizer-provided external model tarball listings and stages balanced extraction/rerank candidates. These models remain external rerank and accuracy-estimation inputs, not internal predictions, not CASP submissions, and not competitive-proof evidence."
4,T2313,T2313_T330,1756,T2313_all_pdbs/Model_6112_af3_woTemplates_af3_seed_130575_sample_2_pred_852.cif,Model_6112_af3_woTemplates_af3_seed_130575_sample_2_pred_852.cif,6112,AF3,af3_woTemplates,130575,2,852,woTemplates,,False,casp17/massivefold_external_pool_intake/t2313_t330/extracted_models/T2313_all_pdbs/Model_6112_af3_woTemplates_af3_seed_130575_sample_2_pred_852.cif,awaiting_extract,"MassiveFold model pool index only. It parses organizer-provided external model tarball listings and stages balanced extraction/rerank candidates. These models remain external rerank and accuracy-estimation inputs, not internal predictions, not CASP submissions, and not competitive-proof evidence."
4,T2313,T2313_T330,1759,T2313_all_pdbs/Model_5046_af3_woTemplates_af3_seed_841339_sample_2_pred_932.cif,Model_5046_af3_woTemplates_af3_seed_841339_sample_2_pred_932.cif,5046,AF3,af3_woTemplates,841339,2,932,woTemplates,,False,casp17/massivefold_external_pool_intake/t2313_t330/extracted_models/T2313_all_pdbs/Model_5046_af3_woTemplates_af3_seed_841339_sample_2_pred_932.cif,awaiting_extract,"MassiveFold model pool index only. It parses organizer-provided external model tarball listings and stages balanced extraction/rerank candidates. These models remain external rerank and accuracy-estimation inputs, not internal predictions, not CASP submissions, and not competitive-proof evidence."
4,T2313,T2313_T330,1760,T2313_all_pdbs/Model_7268_af3_woTemplates_af3_seed_384890_sample_1_pred_281.cif,Model_7268_af3_woTemplates_af3_seed_384890_sample_1_pred_281.cif,7268,AF3,af3_woTemplates,384890,1,281,woTemplates,,False,casp17/massivefold_external_pool_intake/t2313_t330/extracted_models/T2313_all_pdbs/Model_7268_af3_woTemplates_af3_seed_384890_sample_1_pred_281.cif,awaiting_extract,"MassiveFold model pool index only. It parses organizer-provided external model tarball listings and stages balanced extraction/rerank candidates. These models remain external rerank and accuracy-estimation inputs, not internal predictions, not CASP submissions, and not competitive-proof evidence."
4,T2313,T2313_T330,1764,T2313_all_pdbs/Model_2655_af3_woTemplates_af3_seed_897897_sample_3_pred_208.cif,Model_2655_af3_woTemplates_af3_seed_897897_sample_3_pred_208.cif,2655,AF3,af3_woTemplates,897897,3,208,woTemplates,11,True,casp17/massivefold_external_pool_intake/t2313_t330/extracted_models/T2313_all_pdbs/Model_2655_af3_woTemplates_af3_seed_897897_sample_3_pred_208.cif,extracted,"MassiveFold model pool index only. It parses organizer-provided external model tarball listings and stages balanced extraction/rerank candidates. These models remain external rerank and accuracy-estimation inputs, not internal predictions, not CASP submissions, and not competitive-proof evidence."
4,T2313,T2313_T330,1773,T2313_all_pdbs/Model_5317_af3_woTemplates_af3_seed_897894_sample_1_pred_191.cif,Model_5317_af3_woTemplates_af3_seed_897894_sample_1_pred_191.cif,5317,AF3,af3_woTemplates,897894,1,191,woTemplates,,False,casp17/massivefold_external_pool_intake/t2313_t330/extracted_models/T2313_all_pdbs/Model_5317_af3_woTemplates_af3_seed_897894_sample_1_pred_191.cif,awaiting_extract,"MassiveFold model pool index only. It parses organizer-provided external model tarball listings and stages balanced extraction/rerank candidates. These models remain external rerank and accuracy-estimation inputs, not internal predictions, not CASP submissions, and not competitive-proof evidence."
4,T2313,T2313_T330,1786,T2313_all_pdbs/Model_7269_af3_woTemplates_af3_seed_256847_sample_1_pred_551.cif,Model_7269_af3_woTemplates_af3_seed_256847_sample_1_pred_551.cif,7269,AF3,af3_woTemplates,256847,1,551,woTemplates,,False,casp17/massivefold_external_pool_intake/t2313_t330/extracted_models/T2313_all_pdbs/Model_7269_af3_woTemplates_af3_seed_256847_sample_1_pred_551.cif,awaiting_extract,"MassiveFold model pool index only. It parses organizer-provided external model tarball listings and stages balanced extraction/rerank candidates. These models remain external rerank and accuracy-estimation inputs, not internal predictions, not CASP submissions, and not competitive-proof evidence."
4,T2313,T2313_T330,1799,T2313_all_pdbs/Model_7656_af3_woTemplates_af3_seed_384894_sample_2_pred_302.cif,Model_7656_af3_woTemplates_af3_seed_384894_sample_2_pred_302.cif,7656,AF3,af3_woTemplates,384894,2,302,woTemplates,,False,casp17/massivefold_external_pool_intake/t2313_t330/extracted_models/T2313_all_pdbs/Model_7656_af3_woTemplates_af3_seed_384894_sample_2_pred_302.cif,awaiting_extract,"MassiveFold model pool index only. It parses organizer-provided external model tarball listings and stages balanced extraction/rerank candidates. These models remain external rerank and accuracy-estimation inputs, not internal predictions, not CASP submissions, and not competitive-proof evidence."
4,T2313,T2313_T330,1808,T2313_all_pdbs/Model_5417_af3_woTemplates_af3_seed_256840_sample_0_pred_515.cif,Model_5417_af3_woTemplates_af3_seed_256840_sample_0_pred_515.cif,5417,AF3,af3_woTemplates,256840,0,515,woTemplates,,False,casp17/massivefold_external_pool_intake/t2313_t330/extracted_models/T2313_all_pdbs/Model_5417_af3_woTemplates_af3_seed_256840_sample_0_pred_515.cif,awaiting_extract,"MassiveFold model pool index only. It parses organizer-provided external model tarball listings and stages balanced extraction/rerank candidates. These models remain external rerank and accuracy-estimation inputs, not internal predictions, not CASP submissions, and not competitive-proof evidence."
4,T2313,T2313_T330,1810,T2313_all_pdbs/Model_3913_af3_woTemplates_af3_seed_841328_sample_1_pred_876.cif,Model_3913_af3_woTemplates_af3_seed_841328_sample_1_pred_876.cif,3913,AF3,af3_woTemplates,841328,1,876,woTemplates,,False,casp17/massivefold_external_pool_intake/t2313_t330/extracted_models/T2313_all_pdbs/Model_3913_af3_woTemplates_af3_seed_841328_sample_1_pred_876.cif,awaiting_extract,"MassiveFold model pool index only. It parses organizer-provided external model tarball listings and stages balanced extraction/rerank candidates. These models remain external rerank and accuracy-estimation inputs, not internal predictions, not CASP submissions, and not competitive-proof evidence."
4,T2313,T2313_T330,1828,T2313_all_pdbs/Model_6110_af3_woTemplates_af3_seed_641628_sample_4_pred_634.cif,Model_6110_af3_woTemplates_af3_seed_641628_sample_4_pred_634.cif,6110,AF3,af3_woTemplates,641628,4,634,woTemplates,,False,casp17/massivefold_external_pool_intake/t2313_t330/extracted_models/T2313_all_pdbs/Model_6110_af3_woTemplates_af3_seed_641628_sample_4_pred_634.cif,awaiting_extract,"MassiveFold model pool index only. It parses organizer-provided external model tarball listings and stages balanced extraction/rerank candidates. These models remain external rerank and accuracy-estimation inputs, not internal predictions, not CASP submissions, and not competitive-proof evidence."
4,T2313,T2313_T330,1836,T2313_all_pdbs/Model_5593_af3_woTemplates_af3_seed_256844_sample_4_pred_539.cif,Model_5593_af3_woTemplates_af3_seed_256844_sample_4_pred_539.cif,5593,AF3,af3_woTemplates,256844,4,539,woTemplates,,False,casp17/massivefold_external_pool_intake/t2313_t330/extracted_models/T2313_all_pdbs/Model_5593_af3_woTemplates_af3_seed_256844_sample_4_pred_539.cif,awaiting_extract,"MassiveFold model pool index only. It parses organizer-provided external model tarball listings and stages balanced extraction/rerank candidates. These models remain external rerank and accuracy-estimation inputs, not internal predictions, not CASP submissions, and not competitive-proof evidence."
4,T2313,T2313_T330,1875,T2313_all_pdbs/Model_7278_af3_woTemplates_af3_seed_256847_sample_3_pred_553.cif,Model_7278_af3_woTemplates_af3_seed_256847_sample_3_pred_553.cif,7278,AF3,af3_woTemplates,256847,3,553,woTemplates,,False,casp17/massivefold_external_pool_intake/t2313_t330/extracted_models/T2313_all_pdbs/Model_7278_af3_woTemplates_af3_seed_256847_sample_3_pred_553.cif,awaiting_extract,"MassiveFold model pool index only. It parses organizer-provided external model tarball listings and stages balanced extraction/rerank candidates. These models remain external rerank and accuracy-estimation inputs, not internal predictions, not CASP submissions, and not competitive-proof evidence."
4,T2313,T2313_T330,1896,T2313_all_pdbs/Model_6120_af3_woTemplates_af3_seed_256840_sample_1_pred_516.cif,Model_6120_af3_woTemplates_af3_seed_256840_sample_1_pred_516.cif,6120,AF3,af3_woTemplates,256840,1,516,woTemplates,,False,casp17/massivefold_external_pool_intake/t2313_t330/extracted_models/T2313_all_pdbs/Model_6120_af3_woTemplates_af3_seed_256840_sample_1_pred_516.cif,awaiting_extract,"MassiveFold model pool index only. It parses organizer-provided external model tarball listings and stages balanced extraction/rerank candidates. These models remain external rerank and accuracy-estimation inputs, not internal predictions, not CASP submissions, and not competitive-proof evidence."
4,T2313,T2313_T330,1901,T2313_all_pdbs/Model_5543_af3_woTemplates_af3_seed_841337_sample_4_pred_924.cif,Model_5543_af3_woTemplates_af3_seed_841337_sample_4_pred_924.cif,5543,AF3,af3_woTemplates,841337,4,924,woTemplates,,False,casp17/massivefold_external_pool_intake/t2313_t330/extracted_models/T2313_all_pdbs/Model_5543_af3_woTemplates_af3_seed_841337_sample_4_pred_924.cif,awaiting_extract,"MassiveFold model pool index only. It parses organizer-provided external model tarball listings and stages balanced extraction/rerank candidates. These models remain external rerank and accuracy-estimation inputs, not internal predictions, not CASP submissions, and not competitive-proof evidence."
4,T2313,T2313_T330,1907,T2313_all_pdbs/Model_3548_af3_woTemplates_af3_seed_994797_sample_4_pred_419.cif,Model_3548_af3_woTemplates_af3_seed_994797_sample_4_pred_419.cif,3548,AF3,af3_woTemplates,994797,4,419,woTemplates,,False,casp17/massivefold_external_pool_intake/t2313_t330/extracted_models/T2313_all_pdbs/Model_3548_af3_woTemplates_af3_seed_994797_sample_4_pred_419.cif,awaiting_extract,"MassiveFold model pool index only. It parses organizer-provided external model tarball listings and stages balanced extraction/rerank candidates. These models remain external rerank and accuracy-estimation inputs, not internal predictions, not CASP submissions, and not competitive-proof evidence."
4,T2313,T2313_T330,1935,T2313_all_pdbs/Model_7512_af3_woTemplates_af3_seed_130565_sample_2_pred_802.cif,Model_7512_af3_woTemplates_af3_seed_130565_sample_2_pred_802.cif,7512,AF3,af3_woTemplates,130565,2,802,woTemplates,,False,casp17/massivefold_external_pool_intake/t2313_t330/extracted_models/T2313_all_pdbs/Model_7512_af3_woTemplates_af3_seed_130565_sample_2_pred_802.cif,awaiting_extract,"MassiveFold model pool index only. It parses organizer-provided external model tarball listings and stages balanced extraction/rerank candidates. These models remain external rerank and accuracy-estimation inputs, not internal predictions, not CASP submissions, and not competitive-proof evidence."
4,T2313,T2313_T330,1936,T2313_all_pdbs/Model_2986_af3_woTemplates_af3_seed_130578_sample_3_pred_868.cif,Model_2986_af3_woTemplates_af3_seed_130578_sample_3_pred_868.cif,2986,AF3,af3_woTemplates,130578,3,868,woTemplates,,False,casp17/massivefold_external_pool_intake/t2313_t330/extracted_models/T2313_all_pdbs/Model_2986_af3_woTemplates_af3_seed_130578_sample_3_pred_868.cif,awaiting_extract,"MassiveFold model pool index only. It parses organizer-provided external model tarball listings and stages balanced extraction/rerank candidates. These models remain external rerank and accuracy-estimation inputs, not internal predictions, not CASP submissions, and not competitive-proof evidence."
4,T2313,T2313_T330,1955,T2313_all_pdbs/Model_5370_af3_woTemplates_af3_seed_48220_sample_2_pred_102.cif,Model_5370_af3_woTemplates_af3_seed_48220_sample_2_pred_102.cif,5370,AF3,af3_woTemplates,48220,2,102,woTemplates,,False,casp17/massivefold_external_pool_intake/t2313_t330/extracted_models/T2313_all_pdbs/Model_5370_af3_woTemplates_af3_seed_48220_sample_2_pred_102.cif,awaiting_extract,"MassiveFold model pool index only. It parses organizer-provided external model tarball listings and stages balanced extraction/rerank candidates. These models remain external rerank and accuracy-estimation inputs, not internal predictions, not CASP submissions, and not competitive-proof evidence."
4,T2313,T2313_T330,1957,T2313_all_pdbs/Model_8154_af3_woTemplates_af3_seed_48217_sample_3_pred_88.cif,Model_8154_af3_woTemplates_af3_seed_48217_sample_3_pred_88.cif,8154,AF3,af3_woTemplates,48217,3,88,woTemplates,,False,casp17/massivefold_external_pool_intake/t2313_t330/extracted_models/T2313_all_pdbs/Model_8154_af3_woTemplates_af3_seed_48217_sample_3_pred_88.cif,awaiting_extract,"MassiveFold model pool index only. It parses organizer-provided external model tarball listings and stages balanced extraction/rerank candidates. These models remain external rerank and accuracy-estimation inputs, not internal predictions, not CASP submissions, and not competitive-proof evidence."
4,T2313,T2313_T330,1964,T2313_all_pdbs/Model_5632_af3_woTemplates_af3_seed_130579_sample_2_pred_872.cif,Model_5632_af3_woTemplates_af3_seed_130579_sample_2_pred_872.cif,5632,AF3,af3_woTemplates,130579,2,872,woTemplates,,False,casp17/massivefold_external_pool_intake/t2313_t330/extracted_models/T2313_all_pdbs/Model_5632_af3_woTemplates_af3_seed_130579_sample_2_pred_872.cif,awaiting_extract,"MassiveFold model pool index only. It parses organizer-provided external model tarball listings and stages balanced extraction/rerank candidates. These models remain external rerank and accuracy-estimation inputs, not internal predictions, not CASP submissions, and not competitive-proof evidence."
4,T2313,T2313_T330,1989,T2313_all_pdbs/Model_6583_af3_woTemplates_af3_seed_841347_sample_0_pred_970.cif,Model_6583_af3_woTemplates_af3_seed_841347_sample_0_pred_970.cif,6583,AF3,af3_woTemplates,841347,0,970,woTemplates,,False,casp17/massivefold_external_pool_intake/t2313_t330/extracted_models/T2313_all_pdbs/Model_6583_af3_woTemplates_af3_seed_841347_sample_0_pred_970.cif,awaiting_extract,"MassiveFold model pool index only. It parses organizer-provided external model tarball listings and stages balanced extraction/rerank candidates. These models remain external rerank and accuracy-estimation inputs, not internal predictions, not CASP submissions, and not competitive-proof evidence."
4,T2313,T2313_T330,1990,T2313_all_pdbs/Model_6398_af3_woTemplates_af3_seed_897893_sample_2_pred_187.cif,Model_6398_af3_woTemplates_af3_seed_897893_sample_2_pred_187.cif,6398,AF3,af3_woTemplates,897893,2,187,woTemplates,,False,casp17/massivefold_external_pool_intake/t2313_t330/extracted_models/T2313_all_pdbs/Model_6398_af3_woTemplates_af3_seed_897893_sample_2_pred_187.cif,awaiting_extract,"MassiveFold model pool index only. It parses organizer-provided external model tarball listings and stages balanced extraction/rerank candidates. These models remain external rerank and accuracy-estimation inputs, not internal predictions, not CASP submissions, and not competitive-proof evidence."
4,T2313,T2313_T330,2014,T2313_all_pdbs/Model_3040_af3_woTemplates_af3_seed_130578_sample_2_pred_867.cif,Model_3040_af3_woTemplates_af3_seed_130578_sample_2_pred_867.cif,3040,AF3,af3_woTemplates,130578,2,867,woTemplates,,False,casp17/massivefold_external_pool_intake/t2313_t330/extracted_models/T2313_all_pdbs/Model_3040_af3_woTemplates_af3_seed_130578_sample_2_pred_867.cif,awaiting_extract,"MassiveFold model pool index only. It parses organizer-provided external model tarball listings and stages balanced extraction/rerank candidates. These models remain external rerank and accuracy-estimation inputs, not internal predictions, not CASP submissions, and not competitive-proof evidence."
4,T2313,T2313_T330,2016,T2313_all_pdbs/Model_3232_af3_woTemplates_af3_seed_641651_sample_2_pred_747.cif,Model_3232_af3_woTemplates_af3_seed_641651_sample_2_pred_747.cif,3232,AF3,af3_woTemplates,641651,2,747,woTemplates,,False,casp17/massivefold_external_pool_intake/t2313_t330/extracted_models/T2313_all_pdbs/Model_3232_af3_woTemplates_af3_seed_641651_sample_2_pred_747.cif,awaiting_extract,"MassiveFold model pool index only. It parses organizer-provided external model tarball listings and stages balanced extraction/rerank candidates. These models remain external rerank and accuracy-estimation inputs, not internal predictions, not CASP submissions, and not competitive-proof evidence."
4,T2313,T2313_T330,2029,T2313_all_pdbs/Model_7499_af3_woTemplates_af3_seed_897900_sample_3_pred_223.cif,Model_7499_af3_woTemplates_af3_seed_897900_sample_3_pred_223.cif,7499,AF3,af3_woTemplates,897900,3,223,woTemplates,,False,casp17/massivefold_external_pool_intake/t2313_t330/extracted_models/T2313_all_pdbs/Model_7499_af3_woTemplates_af3_seed_897900_sample_3_pred_223.cif,awaiting_extract,"MassiveFold model pool index only. It parses organizer-provided external model tarball listings and stages balanced extraction/rerank candidates. These models remain external rerank and accuracy-estimation inputs, not internal predictions, not CASP submissions, and not competitive-proof evidence."
4,T2313,T2313_T330,2048,T2313_all_pdbs/Model_5696_af3_woTemplates_af3_seed_994799_sample_1_pred_426.cif,Model_5696_af3_woTemplates_af3_seed_994799_sample_1_pred_426.cif,5696,AF3,af3_woTemplates,994799,1,426,woTemplates,,False,casp17/massivefold_external_pool_intake/t2313_t330/extracted_models/T2313_all_pdbs/Model_5696_af3_woTemplates_af3_seed_994799_sample_1_pred_426.cif,awaiting_extract,"MassiveFold model pool index only. It parses organizer-provided external model tarball listings and stages balanced extraction/rerank candidates. These models remain external rerank and accuracy-estimation inputs, not internal predictions, not CASP submissions, and not competitive-proof evidence."
4,T2313,T2313_T330,2055,T2313_all_pdbs/Model_5207_af3_woTemplates_af3_seed_256842_sample_1_pred_526.cif,Model_5207_af3_woTemplates_af3_seed_256842_sample_1_pred_526.cif,5207,AF3,af3_woTemplates,256842,1,526,woTemplates,,False,casp17/massivefold_external_pool_intake/t2313_t330/extracted_models/T2313_all_pdbs/Model_5207_af3_woTemplates_af3_seed_256842_sample_1_pred_526.cif,awaiting_extract,"MassiveFold model pool index only. It parses organizer-provided external model tarball listings and stages balanced extraction/rerank candidates. These models remain external rerank and accuracy-estimation inputs, not internal predictions, not CASP submissions, and not competitive-proof evidence."
4,T2313,T2313_T330,2068,T2313_all_pdbs/Model_5180_af3_woTemplates_af3_seed_897888_sample_0_pred_160.cif,Model_5180_af3_woTemplates_af3_seed_897888_sample_0_pred_160.cif,5180,AF3,af3_woTemplates,897888,0,160,woTemplates,,False,casp17/massivefold_external_pool_intake/t2313_t330/extracted_models/T2313_all_pdbs/Model_5180_af3_woTemplates_af3_seed_897888_sample_0_pred_160.cif,awaiting_extract,"MassiveFold model pool index only. It parses organizer-provided external model tarball listings and stages balanced extraction/rerank candidates. These models remain external rerank and accuracy-estimation inputs, not internal predictions, not CASP submissions, and not competitive-proof evidence."
4,T2313,T2313_T330,2071,T2313_all_pdbs/Model_5548_af3_woTemplates_af3_seed_48205_sample_2_pred_27.cif,Model_5548_af3_woTemplates_af3_seed_48205_sample_2_pred_27.cif,5548,AF3,af3_woTemplates,48205,2,27,woTemplates,,False,casp17/massivefold_external_pool_intake/t2313_t330/extracted_models/T2313_all_pdbs/Model_5548_af3_woTemplates_af3_seed_48205_sample_2_pred_27.cif,awaiting_extract,"MassiveFold model pool index only. It parses organizer-provided external model tarball listings and stages balanced extraction/rerank candidates. These models remain external rerank and accuracy-estimation inputs, not internal predictions, not CASP submissions, and not competitive-proof evidence."
4,T2313,T2313_T330,2148,T2313_all_pdbs/Model_7369_af3_woTemplates_af3_seed_994791_sample_4_pred_389.cif,Model_7369_af3_woTemplates_af3_seed_994791_sample_4_pred_389.cif,7369,AF3,af3_woTemplates,994791,4,389,woTemplates,,False,casp17/massivefold_external_pool_intake/t2313_t330/extracted_models/T2313_all_pdbs/Model_7369_af3_woTemplates_af3_seed_994791_sample_4_pred_389.cif,awaiting_extract,"MassiveFold model pool index only. It parses organizer-provided external model tarball listings and stages balanced extraction/rerank candidates. These models remain external rerank and accuracy-estimation inputs, not internal predictions, not CASP submissions, and not competitive-proof evidence."
4,T2313,T2313_T330,2170,T2313_all_pdbs/Model_4183_af3_woTemplates_af3_seed_130567_sample_3_pred_813.cif,Model_4183_af3_woTemplates_af3_seed_130567_sample_3_pred_813.cif,4183,AF3,af3_woTemplates,130567,3,813,woTemplates,,False,casp17/massivefold_external_pool_intake/t2313_t330/extracted_models/T2313_all_pdbs/Model_4183_af3_woTemplates_af3_seed_130567_sample_3_pred_813.cif,awaiting_extract,"MassiveFold model pool index only. It parses organizer-provided external model tarball listings and stages balanced extraction/rerank candidates. These models remain external rerank and accuracy-estimation inputs, not internal predictions, not CASP submissions, and not competitive-proof evidence."
4,T2313,T2313_T330,2174,T2313_all_pdbs/Model_6430_af3_woTemplates_af3_seed_256855_sample_1_pred_591.cif,Model_6430_af3_woTemplates_af3_seed_256855_sample_1_pred_591.cif,6430,AF3,af3_woTemplates,256855,1,591,woTemplates,,False,casp17/massivefold_external_pool_intake/t2313_t330/extracted_models/T2313_all_pdbs/Model_6430_af3_woTemplates_af3_seed_256855_sample_1_pred_591.cif,awaiting_extract,"MassiveFold model pool index only. It parses organizer-provided external model tarball listings and stages balanced extraction/rerank candidates. These models remain external rerank and accuracy-estimation inputs, not internal predictions, not CASP submissions, and not competitive-proof evidence."
4,T2313,T2313_T330,2180,T2313_all_pdbs/Model_4341_af3_woTemplates_af3_seed_641630_sample_4_pred_644.cif,Model_4341_af3_woTemplates_af3_seed_641630_sample_4_pred_644.cif,4341,AF3,af3_woTemplates,641630,4,644,woTemplates,,False,casp17/massivefold_external_pool_intake/t2313_t330/extracted_models/T2313_all_pdbs/Model_4341_af3_woTemplates_af3_seed_641630_sample_4_pred_644.cif,awaiting_extract,"MassiveFold model pool index only. It parses organizer-provided external model tarball listings and stages balanced extraction/rerank candidates. These models remain external rerank and accuracy-estimation inputs, not internal predictions, not CASP submissions, and not competitive-proof evidence."
4,T2313,T2313_T330,2181,T2313_all_pdbs/Model_5367_af3_woTemplates_af3_seed_130572_sample_2_pred_837.cif,Model_5367_af3_woTemplates_af3_seed_130572_sample_2_pred_837.cif,5367,AF3,af3_woTemplates,130572,2,837,woTemplates,,False,casp17/massivefold_external_pool_intake/t2313_t330/extracted_models/T2313_all_pdbs/Model_5367_af3_woTemplates_af3_seed_130572_sample_2_pred_837.cif,awaiting_extract,"MassiveFold model pool index only. It parses organizer-provided external model tarball listings and stages balanced extraction/rerank candidates. These models remain external rerank and accuracy-estimation inputs, not internal predictions, not CASP submissions, and not competitive-proof evidence."
4,T2313,T2313_T330,2188,T2313_all_pdbs/Model_5441_af3_woTemplates_af3_seed_897894_sample_4_pred_194.cif,Model_5441_af3_woTemplates_af3_seed_897894_sample_4_pred_194.cif,5441,AF3,af3_woTemplates,897894,4,194,woTemplates,,False,casp17/massivefold_external_pool_intake/t2313_t330/extracted_models/T2313_all_pdbs/Model_5441_af3_woTemplates_af3_seed_897894_sample_4_pred_194.cif,awaiting_extract,"MassiveFold model pool index only. It parses organizer-provided external model tarball listings and stages balanced extraction/rerank candidates. These models remain external rerank and accuracy-estimation inputs, not internal predictions, not CASP submissions, and not competitive-proof evidence."
4,T2313,T2313_T330,2227,T2313_all_pdbs/Model_6334_af3_woTemplates_af3_seed_897890_sample_2_pred_172.cif,Model_6334_af3_woTemplates_af3_seed_897890_sample_2_pred_172.cif,6334,AF3,af3_woTemplates,897890,2,172,woTemplates,,False,casp17/massivefold_external_pool_intake/t2313_t330/extracted_models/T2313_all_pdbs/Model_6334_af3_woTemplates_af3_seed_897890_sample_2_pred_172.cif,awaiting_extract,"MassiveFold model pool index only. It parses organizer-provided external model tarball listings and stages balanced extraction/rerank candidates. These models remain external rerank and accuracy-estimation inputs, not internal predictions, not CASP submissions, and not competitive-proof evidence."
4,T2313,T2313_T330,2228,T2313_all_pdbs/Model_9494_af3_woTemplates_af3_seed_384890_sample_2_pred_282.cif,Model_9494_af3_woTemplates_af3_seed_384890_sample_2_pred_282.cif,9494,AF3,af3_woTemplates,384890,2,282,woTemplates,,False,casp17/massivefold_external_pool_intake/t2313_t330/extracted_models/T2313_all_pdbs/Model_9494_af3_woTemplates_af3_seed_384890_sample_2_pred_282.cif,awaiting_extract,"MassiveFold model pool index only. It parses organizer-provided external model tarball listings and stages balanced extraction/rerank candidates. These models remain external rerank and accuracy-estimation inputs, not internal predictions, not CASP submissions, and not competitive-proof evidence."
4,T2313,T2313_T330,2279,T2313_all_pdbs/Model_5188_af3_woTemplates_af3_seed_384906_sample_1_pred_361.cif,Model_5188_af3_woTemplates_af3_seed_384906_sample_1_pred_361.cif,5188,AF3,af3_woTemplates,384906,1,361,woTemplates,,False,casp17/massivefold_external_pool_intake/t2313_t330/extracted_models/T2313_all_pdbs/Model_5188_af3_woTemplates_af3_seed_384906_sample_1_pred_361.cif,awaiting_extract,"MassiveFold model pool index only. It parses organizer-provided external model tarball listings and stages balanced extraction/rerank candidates. These models remain external rerank and accuracy-estimation inputs, not internal predictions, not CASP submissions, and not competitive-proof evidence."
4,T2313,T2313_T330,2302,T2313_all_pdbs/Model_3374_af3_woTemplates_af3_seed_897896_sample_0_pred_200.cif,Model_3374_af3_woTemplates_af3_seed_897896_sample_0_pred_200.cif,3374,AF3,af3_woTemplates,897896,0,200,woTemplates,,False,casp17/massivefold_external_pool_intake/t2313_t330/extracted_models/T2313_all_pdbs/Model_3374_af3_woTemplates_af3_seed_897896_sample_0_pred_200.cif,awaiting_extract,"MassiveFold model pool index only. It parses organizer-provided external model tarball listings and stages balanced extraction/rerank candidates. These models remain external rerank and accuracy-estimation inputs, not internal predictions, not CASP submissions, and not competitive-proof evidence."
4,T2313,T2313_T330,2304,T2313_all_pdbs/Model_6000_af3_woTemplates_af3_seed_641633_sample_3_pred_658.cif,Model_6000_af3_woTemplates_af3_seed_641633_sample_3_pred_658.cif,6000,AF3,af3_woTemplates,641633,3,658,woTemplates,,False,casp17/massivefold_external_pool_intake/t2313_t330/extracted_models/T2313_all_pdbs/Model_6000_af3_woTemplates_af3_seed_641633_sample_3_pred_658.cif,awaiting_extract,"MassiveFold model pool index only. It parses organizer-provided external model tarball listings and stages balanced extraction/rerank candidates. These models remain external rerank and accuracy-estimation inputs, not internal predictions, not CASP submissions, and not competitive-proof evidence."
4,T2313,T2313_T330,2326,T2313_all_pdbs/Model_6568_af3_woTemplates_af3_seed_841347_sample_2_pred_972.cif,Model_6568_af3_woTemplates_af3_seed_841347_sample_2_pred_972.cif,6568,AF3,af3_woTemplates,841347,2,972,woTemplates,,False,casp17/massivefold_external_pool_intake/t2313_t330/extracted_models/T2313_all_pdbs/Model_6568_af3_woTemplates_af3_seed_841347_sample_2_pred_972.cif,awaiting_extract,"MassiveFold model pool index only. It parses organizer-provided external model tarball listings and stages balanced extraction/rerank candidates. These models remain external rerank and accuracy-estimation inputs, not internal predictions, not CASP submissions, and not competitive-proof evidence."
4,T2313,T2313_T330,2337,T2313_all_pdbs/Model_4945_af3_woTemplates_af3_seed_841339_sample_4_pred_934.cif,Model_4945_af3_woTemplates_af3_seed_841339_sample_4_pred_934.cif,4945,AF3,af3_woTemplates,841339,4,934,woTemplates,,False,casp17/massivefold_external_pool_intake/t2313_t330/extracted_models/T2313_all_pdbs/Model_4945_af3_woTemplates_af3_seed_841339_sample_4_pred_934.cif,awaiting_extract,"MassiveFold model pool index only. It parses organizer-provided external model tarball listings and stages balanced extraction/rerank candidates. These models remain external rerank and accuracy-estimation inputs, not internal predictions, not CASP submissions, and not competitive-proof evidence."
4,T2313,T2313_T330,2342,T2313_all_pdbs/Model_5950_af3_woTemplates_af3_seed_48212_sample_1_pred_61.cif,Model_5950_af3_woTemplates_af3_seed_48212_sample_1_pred_61.cif,5950,AF3,af3_woTemplates,48212,1,61,woTemplates,,False,casp17/massivefold_external_pool_intake/t2313_t330/extracted_models/T2313_all_pdbs/Model_5950_af3_woTemplates_af3_seed_48212_sample_1_pred_61.cif,awaiting_extract,"MassiveFold model pool index only. It parses organizer-provided external model tarball listings and stages balanced extraction/rerank candidates. These models remain external rerank and accuracy-estimation inputs, not internal predictions, not CASP submissions, and not competitive-proof evidence."
4,T2313,T2313_T330,2344,T2313_all_pdbs/Model_4737_af3_woTemplates_af3_seed_841349_sample_1_pred_981.cif,Model_4737_af3_woTemplates_af3_seed_841349_sample_1_pred_981.cif,4737,AF3,af3_woTemplates,841349,1,981,woTemplates,,False,casp17/massivefold_external_pool_intake/t2313_t330/extracted_models/T2313_all_pdbs/Model_4737_af3_woTemplates_af3_seed_841349_sample_1_pred_981.cif,awaiting_extract,"MassiveFold model pool index only. It parses organizer-provided external model tarball listings and stages balanced extraction/rerank candidates. These models remain external rerank and accuracy-estimation inputs, not internal predictions, not CASP submissions, and not competitive-proof evidence."
4,T2313,T2313_T330,2353,T2313_all_pdbs/Model_5212_af3_woTemplates_af3_seed_897892_sample_3_pred_183.cif,Model_5212_af3_woTemplates_af3_seed_897892_sample_3_pred_183.cif,5212,AF3,af3_woTemplates,897892,3,183,woTemplates,,False,casp17/massivefold_external_pool_intake/t2313_t330/extracted_models/T2313_all_pdbs/Model_5212_af3_woTemplates_af3_seed_897892_sample_3_pred_183.cif,awaiting_extract,"MassiveFold model pool index only. It parses organizer-provided external model tarball listings and stages balanced extraction/rerank candidates. These models remain external rerank and accuracy-estimation inputs, not internal predictions, not CASP submissions, and not competitive-proof evidence."
4,T2313,T2313_T330,2368,T2313_all_pdbs/Model_5324_af3_woTemplates_af3_seed_641638_sample_0_pred_680.cif,Model_5324_af3_woTemplates_af3_seed_641638_sample_0_pred_680.cif,5324,AF3,af3_woTemplates,641638,0,680,woTemplates,,False,casp17/massivefold_external_pool_intake/t2313_t330/extracted_models/T2313_all_pdbs/Model_5324_af3_woTemplates_af3_seed_641638_sample_0_pred_680.cif,awaiting_extract,"MassiveFold model pool index only. It parses organizer-provided external model tarball listings and stages balanced extraction/rerank candidates. These models remain external rerank and accuracy-estimation inputs, not internal predictions, not CASP submissions, and not competitive-proof evidence."
4,T2313,T2313_T330,2383,T2313_all_pdbs/Model_3693_af3_woTemplates_af3_seed_841336_sample_1_pred_916.cif,Model_3693_af3_woTemplates_af3_seed_841336_sample_1_pred_916.cif,3693,AF3,af3_woTemplates,841336,1,916,woTemplates,,False,casp17/massivefold_external_pool_intake/t2313_t330/extracted_models/T2313_all_pdbs/Model_3693_af3_woTemplates_af3_seed_841336_sample_1_pred_916.cif,awaiting_extract,"MassiveFold model pool index only. It parses organizer-provided external model tarball listings and stages balanced extraction/rerank candidates. These models remain external rerank and accuracy-estimation inputs, not internal predictions, not CASP submissions, and not competitive-proof evidence."
4,T2313,T2313_T330,2408,T2313_all_pdbs/Model_5914_af3_woTemplates_af3_seed_994793_sample_0_pred_395.cif,Model_5914_af3_woTemplates_af3_seed_994793_sample_0_pred_395.cif,5914,AF3,af3_woTemplates,994793,0,395,woTemplates,,False,casp17/massivefold_external_pool_intake/t2313_t330/extracted_models/T2313_all_pdbs/Model_5914_af3_woTemplates_af3_seed_994793_sample_0_pred_395.cif,awaiting_extract,"MassiveFold model pool index only. It parses organizer-provided external model tarball listings and stages balanced extraction/rerank candidates. These models remain external rerank and accuracy-estimation inputs, not internal predictions, not CASP submissions, and not competitive-proof evidence."
4,T2313,T2313_T330,2434,T2313_all_pdbs/Model_7642_af3_woTemplates_af3_seed_48218_sample_4_pred_94.cif,Model_7642_af3_woTemplates_af3_seed_48218_sample_4_pred_94.cif,7642,AF3,af3_woTemplates,48218,4,94,woTemplates,,False,casp17/massivefold_external_pool_intake/t2313_t330/extracted_models/T2313_all_pdbs/Model_7642_af3_woTemplates_af3_seed_48218_sample_4_pred_94.cif,awaiting_extract,"MassiveFold model pool index only. It parses organizer-provided external model tarball listings and stages balanced extraction/rerank candidates. These models remain external rerank and accuracy-estimation inputs, not internal predictions, not CASP submissions, and not competitive-proof evidence."
4,T2313,T2313_T330,2438,T2313_all_pdbs/Model_4143_af3_woTemplates_af3_seed_256854_sample_0_pred_585.cif,Model_4143_af3_woTemplates_af3_seed_256854_sample_0_pred_585.cif,4143,AF3,af3_woTemplates,256854,0,585,woTemplates,,False,casp17/massivefold_external_pool_intake/t2313_t330/extracted_models/T2313_all_pdbs/Model_4143_af3_woTemplates_af3_seed_256854_sample_0_pred_585.cif,awaiting_extract,"MassiveFold model pool index only. It parses organizer-provided external model tarball listings and stages balanced extraction/rerank candidates. These models remain external rerank and accuracy-estimation inputs, not internal predictions, not CASP submissions, and not competitive-proof evidence."
4,T2313,T2313_T330,2444,T2313_all_pdbs/Model_3906_af3_woTemplates_af3_seed_48209_sample_4_pred_49.cif,Model_3906_af3_woTemplates_af3_seed_48209_sample_4_pred_49.cif,3906,AF3,af3_woTemplates,48209,4,49,woTemplates,,False,casp17/massivefold_external_pool_intake/t2313_t330/extracted_models/T2313_all_pdbs/Model_3906_af3_woTemplates_af3_seed_48209_sample_4_pred_49.cif,awaiting_extract,"MassiveFold model pool index only. It parses organizer-provided external model tarball listings and stages balanced extraction/rerank candidates. These models remain external rerank and accuracy-estimation inputs, not internal predictions, not CASP submissions, and not competitive-proof evidence."
4,T2313,T2313_T330,2447,T2313_all_pdbs/Model_6268_af3_woTemplates_af3_seed_130557_sample_2_pred_762.cif,Model_6268_af3_woTemplates_af3_seed_130557_sample_2_pred_762.cif,6268,AF3,af3_woTemplates,130557,2,762,woTemplates,,False,casp17/massivefold_external_pool_intake/t2313_t330/extracted_models/T2313_all_pdbs/Model_6268_af3_woTemplates_af3_seed_130557_sample_2_pred_762.cif,awaiting_extract,"MassiveFold model pool index only. It parses organizer-provided external model tarball listings and stages balanced extraction/rerank candidates. These models remain external rerank and accuracy-estimation inputs, not internal predictions, not CASP submissions, and not competitive-proof evidence."
4,T2313,T2313_T330,2450,T2313_all_pdbs/Model_4062_af3_woTemplates_af3_seed_384908_sample_3_pred_373.cif,Model_4062_af3_woTemplates_af3_seed_384908_sample_3_pred_373.cif,4062,AF3,af3_woTemplates,384908,3,373,woTemplates,,False,casp17/massivefold_external_pool_intake/t2313_t330/extracted_models/T2313_all_pdbs/Model_4062_af3_woTemplates_af3_seed_384908_sample_3_pred_373.cif,awaiting_extract,"MassiveFold model pool index only. It parses organizer-provided external model tarball listings and stages balanced extraction/rerank candidates. These models remain external rerank and accuracy-estimation inputs, not internal predictions, not CASP submissions, and not competitive-proof evidence."
4,T2313,T2313_T330,2451,T2313_all_pdbs/Model_6434_af3_woTemplates_af3_seed_256859_sample_1_pred_611.cif,Model_6434_af3_woTemplates_af3_seed_256859_sample_1_pred_611.cif,6434,AF3,af3_woTemplates,256859,1,611,woTemplates,,False,casp17/massivefold_external_pool_intake/t2313_t330/extracted_models/T2313_all_pdbs/Model_6434_af3_woTemplates_af3_seed_256859_sample_1_pred_611.cif,awaiting_extract,"MassiveFold model pool index only. It parses organizer-provided external model tarball listings and stages balanced extraction/rerank candidates. These models remain external rerank and accuracy-estimation inputs, not internal predictions, not CASP submissions, and not competitive-proof evidence."
4,T2313,T2313_T330,2454,T2313_all_pdbs/Model_5818_af3_woTemplates_af3_seed_48208_sample_3_pred_43.cif,Model_5818_af3_woTemplates_af3_seed_48208_sample_3_pred_43.cif,5818,AF3,af3_woTemplates,48208,3,43,woTemplates,,False,casp17/massivefold_external_pool_intake/t2313_t330/extracted_models/T2313_all_pdbs/Model_5818_af3_woTemplates_af3_seed_48208_sample_3_pred_43.cif,awaiting_extract,"MassiveFold model pool index only. It parses organizer-provided external model tarball listings and stages balanced extraction/rerank candidates. These models remain external rerank and accuracy-estimation inputs, not internal predictions, not CASP submissions, and not competitive-proof evidence."
4,T2313,T2313_T330,2457,T2313_all_pdbs/Model_5858_af3_woTemplates_af3_seed_48207_sample_1_pred_36.cif,Model_5858_af3_woTemplates_af3_seed_48207_sample_1_pred_36.cif,5858,AF3,af3_woTemplates,48207,1,36,woTemplates,,False,casp17/massivefold_external_pool_intake/t2313_t330/extracted_models/T2313_all_pdbs/Model_5858_af3_woTemplates_af3_seed_48207_sample_1_pred_36.cif,awaiting_extract,"MassiveFold model pool index only. It parses organizer-provided external model tarball listings and stages balanced extraction/rerank candidates. These models remain external rerank and accuracy-estimation inputs, not internal predictions, not CASP submissions, and not competitive-proof evidence."
4,T2313,T2313_T330,2458,T2313_all_pdbs/Model_4584_af3_woTemplates_af3_seed_384891_sample_0_pred_285.cif,Model_4584_af3_woTemplates_af3_seed_384891_sample_0_pred_285.cif,4584,AF3,af3_woTemplates,384891,0,285,woTemplates,,False,casp17/massivefold_external_pool_intake/t2313_t330/extracted_models/T2313_all_pdbs/Model_4584_af3_woTemplates_af3_seed_384891_sample_0_pred_285.cif,awaiting_extract,"MassiveFold model pool index only. It parses organizer-provided external model tarball listings and stages balanced extraction/rerank candidates. These models remain external rerank and accuracy-estimation inputs, not internal predictions, not CASP submissions, and not competitive-proof evidence."
4,T2313,T2313_T330,2463,T2313_all_pdbs/Model_5631_af3_woTemplates_af3_seed_994806_sample_3_pred_463.cif,Model_5631_af3_woTemplates_af3_seed_994806_sample_3_pred_463.cif,5631,AF3,af3_woTemplates,994806,3,463,woTemplates,,False,casp17/massivefold_external_pool_intake/t2313_t330/extracted_models/T2313_all_pdbs/Model_5631_af3_woTemplates_af3_seed_994806_sample_3_pred_463.cif,awaiting_extract,"MassiveFold model pool index only. It parses organizer-provided external model tarball listings and stages balanced extraction/rerank candidates. These models remain external rerank and accuracy-estimation inputs, not internal predictions, not CASP submissions, and not competitive-proof evidence."
4,T2313,T2313_T330,2467,T2313_all_pdbs/Model_7647_af3_woTemplates_af3_seed_841351_sample_2_pred_992.cif,Model_7647_af3_woTemplates_af3_seed_841351_sample_2_pred_992.cif,7647,AF3,af3_woTemplates,841351,2,992,woTemplates,,False,casp17/massivefold_external_pool_intake/t2313_t330/extracted_models/T2313_all_pdbs/Model_7647_af3_woTemplates_af3_seed_841351_sample_2_pred_992.cif,awaiting_extract,"MassiveFold model pool index only. It parses organizer-provided external model tarball listings and stages balanced extraction/rerank candidates. These models remain external rerank and accuracy-estimation inputs, not internal predictions, not CASP submissions, and not competitive-proof evidence."
4,T2313,T2313_T330,2470,T2313_all_pdbs/Model_4794_af3_woTemplates_af3_seed_897888_sample_2_pred_162.cif,Model_4794_af3_woTemplates_af3_seed_897888_sample_2_pred_162.cif,4794,AF3,af3_woTemplates,897888,2,162,woTemplates,,False,casp17/massivefold_external_pool_intake/t2313_t330/extracted_models/T2313_all_pdbs/Model_4794_af3_woTemplates_af3_seed_897888_sample_2_pred_162.cif,awaiting_extract,"MassiveFold model pool index only. It parses organizer-provided external model tarball listings and stages balanced extraction/rerank candidates. These models remain external rerank and accuracy-estimation inputs, not internal predictions, not CASP submissions, and not competitive-proof evidence."
4,T2313,T2313_T330,2495,T2313_all_pdbs/Model_6155_af3_woTemplates_af3_seed_994794_sample_2_pred_402.cif,Model_6155_af3_woTemplates_af3_seed_994794_sample_2_pred_402.cif,6155,AF3,af3_woTemplates,994794,2,402,woTemplates,,False,casp17/massivefold_external_pool_intake/t2313_t330/extracted_models/T2313_all_pdbs/Model_6155_af3_woTemplates_af3_seed_994794_sample_2_pred_402.cif,awaiting_extract,"MassiveFold model pool index only. It parses organizer-provided external model tarball listings and stages balanced extraction/rerank candidates. These models remain external rerank and accuracy-estimation inputs, not internal predictions, not CASP submissions, and not competitive-proof evidence."
4,T2313,T2313_T330,2502,T2313_all_pdbs/Model_4299_af3_woTemplates_af3_seed_897895_sample_0_pred_195.cif,Model_4299_af3_woTemplates_af3_seed_897895_sample_0_pred_195.cif,4299,AF3,af3_woTemplates,897895,0,195,woTemplates,,False,casp17/massivefold_external_pool_intake/t2313_t330/extracted_models/T2313_all_pdbs/Model_4299_af3_woTemplates_af3_seed_897895_sample_0_pred_195.cif,awaiting_extract,"MassiveFold model pool index only. It parses organizer-provided external model tarball listings and stages balanced extraction/rerank candidates. These models remain external rerank and accuracy-estimation inputs, not internal predictions, not CASP submissions, and not competitive-proof evidence."
4,T2313,T2313_T330,2517,T2313_all_pdbs/Model_6266_af3_woTemplates_af3_seed_384899_sample_2_pred_327.cif,Model_6266_af3_woTemplates_af3_seed_384899_sample_2_pred_327.cif,6266,AF3,af3_woTemplates,384899,2,327,woTemplates,,False,casp17/massivefold_external_pool_intake/t2313_t330/extracted_models/T2313_all_pdbs/Model_6266_af3_woTemplates_af3_seed_384899_sample_2_pred_327.cif,awaiting_extract,"MassiveFold model pool index only. It parses organizer-provided external model tarball listings and stages balanced extraction/rerank candidates. These models remain external rerank and accuracy-estimation inputs, not internal predictions, not CASP submissions, and not competitive-proof evidence."
4,T2313,T2313_T330,2520,T2313_all_pdbs/Model_4333_af3_woTemplates_af3_seed_130567_sample_1_pred_811.cif,Model_4333_af3_woTemplates_af3_seed_130567_sample_1_pred_811.cif,4333,AF3,af3_woTemplates,130567,1,811,woTemplates,,False,casp17/massivefold_external_pool_intake/t2313_t330/extracted_models/T2313_all_pdbs/Model_4333_af3_woTemplates_af3_seed_130567_sample_1_pred_811.cif,awaiting_extract,"MassiveFold model pool index only. It parses organizer-provided external model tarball listings and stages balanced extraction/rerank candidates. These models remain external rerank and accuracy-estimation inputs, not internal predictions, not CASP submissions, and not competitive-proof evidence."
4,T2313,T2313_T330,2555,T2313_all_pdbs/Model_4180_af3_woTemplates_af3_seed_48206_sample_3_pred_33.cif,Model_4180_af3_woTemplates_af3_seed_48206_sample_3_pred_33.cif,4180,AF3,af3_woTemplates,48206,3,33,woTemplates,,False,casp17/massivefold_external_pool_intake/t2313_t330/extracted_models/T2313_all_pdbs/Model_4180_af3_woTemplates_af3_seed_48206_sample_3_pred_33.cif,awaiting_extract,"MassiveFold model pool index only. It parses organizer-provided external model tarball listings and stages balanced extraction/rerank candidates. These models remain external rerank and accuracy-estimation inputs, not internal predictions, not CASP submissions, and not competitive-proof evidence."
4,T2313,T2313_T330,2563,T2313_all_pdbs/Model_7096_af3_woTemplates_af3_seed_897900_sample_0_pred_220.cif,Model_7096_af3_woTemplates_af3_seed_897900_sample_0_pred_220.cif,7096,AF3,af3_woTemplates,897900,0,220,woTemplates,,False,casp17/massivefold_external_pool_intake/t2313_t330/extracted_models/T2313_all_pdbs/Model_7096_af3_woTemplates_af3_seed_897900_sample_0_pred_220.cif,awaiting_extract,"MassiveFold model pool index only. It parses organizer-provided external model tarball listings and stages balanced extraction/rerank candidates. These models remain external rerank and accuracy-estimation inputs, not internal predictions, not CASP submissions, and not competitive-proof evidence."
4,T2313,T2313_T330,2564,T2313_all_pdbs/Model_5744_af3_woTemplates_af3_seed_130572_sample_0_pred_835.cif,Model_5744_af3_woTemplates_af3_seed_130572_sample_0_pred_835.cif,5744,AF3,af3_woTemplates,130572,0,835,woTemplates,,False,casp17/massivefold_external_pool_intake/t2313_t330/extracted_models/T2313_all_pdbs/Model_5744_af3_woTemplates_af3_seed_130572_sample_0_pred_835.cif,awaiting_extract,"MassiveFold model pool index only. It parses organizer-provided external model tarball listings and stages balanced extraction/rerank candidates. These models remain external rerank and accuracy-estimation inputs, not internal predictions, not CASP submissions, and not competitive-proof evidence."
4,T2313,T2313_T330,2574,T2313_all_pdbs/Model_4298_af3_woTemplates_af3_seed_130566_sample_4_pred_809.cif,Model_4298_af3_woTemplates_af3_seed_130566_sample_4_pred_809.cif,4298,AF3,af3_woTemplates,130566,4,809,woTemplates,,False,casp17/massivefold_external_pool_intake/t2313_t330/extracted_models/T2313_all_pdbs/Model_4298_af3_woTemplates_af3_seed_130566_sample_4_pred_809.cif,awaiting_extract,"MassiveFold model pool index only. It parses organizer-provided external model tarball listings and stages balanced extraction/rerank candidates. These models remain external rerank and accuracy-estimation inputs, not internal predictions, not CASP submissions, and not competitive-proof evidence."
4,T2313,T2313_T330,2577,T2313_all_pdbs/Model_5034_af3_woTemplates_af3_seed_256860_sample_4_pred_619.cif,Model_5034_af3_woTemplates_af3_seed_256860_sample_4_pred_619.cif,5034,AF3,af3_woTemplates,256860,4,619,woTemplates,,False,casp17/massivefold_external_pool_intake/t2313_t330/extracted_models/T2313_all_pdbs/Model_5034_af3_woTemplates_af3_seed_256860_sample_4_pred_619.cif,awaiting_extract,"MassiveFold model pool index only. It parses organizer-provided external model tarball listings and stages balanced extraction/rerank candidates. These models remain external rerank and accuracy-estimation inputs, not internal predictions, not CASP submissions, and not competitive-proof evidence."
4,T2313,T2313_T330,2578,T2313_all_pdbs/Model_5902_af3_woTemplates_af3_seed_641633_sample_4_pred_659.cif,Model_5902_af3_woTemplates_af3_seed_641633_sample_4_pred_659.cif,5902,AF3,af3_woTemplates,641633,4,659,woTemplates,,False,casp17/massivefold_external_pool_intake/t2313_t330/extracted_models/T2313_all_pdbs/Model_5902_af3_woTemplates_af3_seed_641633_sample_4_pred_659.cif,awaiting_extract,"MassiveFold model pool index only. It parses organizer-provided external model tarball listings and stages balanced extraction/rerank candidates. These models remain external rerank and accuracy-estimation inputs, not internal predictions, not CASP submissions, and not competitive-proof evidence."
4,T2313,T2313_T330,2593,T2313_all_pdbs/Model_5445_af3_woTemplates_af3_seed_841344_sample_1_pred_956.cif,Model_5445_af3_woTemplates_af3_seed_841344_sample_1_pred_956.cif,5445,AF3,af3_woTemplates,841344,1,956,woTemplates,,False,casp17/massivefold_external_pool_intake/t2313_t330/extracted_models/T2313_all_pdbs/Model_5445_af3_woTemplates_af3_seed_841344_sample_1_pred_956.cif,awaiting_extract,"MassiveFold model pool index only. It parses organizer-provided external model tarball listings and stages balanced extraction/rerank candidates. These models remain external rerank and accuracy-estimation inputs, not internal predictions, not CASP submissions, and not competitive-proof evidence."
4,T2313,T2313_T330,2598,T2313_all_pdbs/Model_7273_af3_woTemplates_af3_seed_48202_sample_0_pred_10.cif,Model_7273_af3_woTemplates_af3_seed_48202_sample_0_pred_10.cif,7273,AF3,af3_woTemplates,48202,0,10,woTemplates,,False,casp17/massivefold_external_pool_intake/t2313_t330/extracted_models/T2313_all_pdbs/Model_7273_af3_woTemplates_af3_seed_48202_sample_0_pred_10.cif,awaiting_extract,"MassiveFold model pool index only. It parses organizer-provided external model tarball listings and stages balanced extraction/rerank candidates. These models remain external rerank and accuracy-estimation inputs, not internal predictions, not CASP submissions, and not competitive-proof evidence."
4,T2313,T2313_T330,2610,T2313_all_pdbs/Model_5244_af3_woTemplates_af3_seed_256861_sample_3_pred_623.cif,Model_5244_af3_woTemplates_af3_seed_256861_sample_3_pred_623.cif,5244,AF3,af3_woTemplates,256861,3,623,woTemplates,,False,casp17/massivefold_external_pool_intake/t2313_t330/extracted_models/T2313_all_pdbs/Model_5244_af3_woTemplates_af3_seed_256861_sample_3_pred_623.cif,awaiting_extract,"MassiveFold model pool index only. It parses organizer-provided external model tarball listings and stages balanced extraction/rerank candidates. These models remain external rerank and accuracy-estimation inputs, not internal predictions, not CASP submissions, and not competitive-proof evidence."
4,T2313,T2313_T330,2629,T2313_all_pdbs/Model_4677_af3_woTemplates_af3_seed_641645_sample_1_pred_716.cif,Model_4677_af3_woTemplates_af3_seed_641645_sample_1_pred_716.cif,4677,AF3,af3_woTemplates,641645,1,716,woTemplates,,False,casp17/massivefold_external_pool_intake/t2313_t330/extracted_models/T2313_all_pdbs/Model_4677_af3_woTemplates_af3_seed_641645_sample_1_pred_716.cif,awaiting_extract,"MassiveFold model pool index only. It parses organizer-provided external model tarball listings and stages balanced extraction/rerank candidates. These models remain external rerank and accuracy-estimation inputs, not internal predictions, not CASP submissions, and not competitive-proof evidence."
4,T2313,T2313_T330,2636,T2313_all_pdbs/Model_4618_af3_woTemplates_af3_seed_130568_sample_1_pred_816.cif,Model_4618_af3_woTemplates_af3_seed_130568_sample_1_pred_816.cif,4618,AF3,af3_woTemplates,130568,1,816,woTemplates,,False,casp17/massivefold_external_pool_intake/t2313_t330/extracted_models/T2313_all_pdbs/Model_4618_af3_woTemplates_af3_seed_130568_sample_1_pred_816.cif,awaiting_extract,"MassiveFold model pool index only. It parses organizer-provided external model tarball listings and stages balanced extraction/rerank candidates. These models remain external rerank and accuracy-estimation inputs, not internal predictions, not CASP submissions, and not competitive-proof evidence."
4,T2313,T2313_T330,2639,T2313_all_pdbs/Model_6327_af3_woTemplates_af3_seed_994808_sample_3_pred_473.cif,Model_6327_af3_woTemplates_af3_seed_994808_sample_3_pred_473.cif,6327,AF3,af3_woTemplates,994808,3,473,woTemplates,,False,casp17/massivefold_external_pool_intake/t2313_t330/extracted_models/T2313_all_pdbs/Model_6327_af3_woTemplates_af3_seed_994808_sample_3_pred_473.cif,awaiting_extract,"MassiveFold model pool index only. It parses organizer-provided external model tarball listings and stages balanced extraction/rerank candidates. These models remain external rerank and accuracy-estimation inputs, not internal predictions, not CASP submissions, and not competitive-proof evidence."
4,T2313,T2313_T330,2644,T2313_all_pdbs/Model_5690_af3_woTemplates_af3_seed_994799_sample_4_pred_429.cif,Model_5690_af3_woTemplates_af3_seed_994799_sample_4_pred_429.cif,5690,AF3,af3_woTemplates,994799,4,429,woTemplates,,False,casp17/massivefold_external_pool_intake/t2313_t330/extracted_models/T2313_all_pdbs/Model_5690_af3_woTemplates_af3_seed_994799_sample_4_pred_429.cif,awaiting_extract,"MassiveFold model pool index only. It parses organizer-provided external model tarball listings and stages balanced extraction/rerank candidates. These models remain external rerank and accuracy-estimation inputs, not internal predictions, not CASP submissions, and not competitive-proof evidence."
4,T2313,T2313_T330,2646,T2313_all_pdbs/Model_6201_af3_woTemplates_af3_seed_641629_sample_4_pred_639.cif,Model_6201_af3_woTemplates_af3_seed_641629_sample_4_pred_639.cif,6201,AF3,af3_woTemplates,641629,4,639,woTemplates,,False,casp17/massivefold_external_pool_intake/t2313_t330/extracted_models/T2313_all_pdbs/Model_6201_af3_woTemplates_af3_seed_641629_sample_4_pred_639.cif,awaiting_extract,"MassiveFold model pool index only. It parses organizer-provided external model tarball listings and stages balanced extraction/rerank candidates. These models remain external rerank and accuracy-estimation inputs, not internal predictions, not CASP submissions, and not competitive-proof evidence."
4,T2313,T2313_T330,2652,T2313_all_pdbs/Model_4012_af3_woTemplates_af3_seed_256851_sample_1_pred_571.cif,Model_4012_af3_woTemplates_af3_seed_256851_sample_1_pred_571.cif,4012,AF3,af3_woTemplates,256851,1,571,woTemplates,,False,casp17/massivefold_external_pool_intake/t2313_t330/extracted_models/T2313_all_pdbs/Model_4012_af3_woTemplates_af3_seed_256851_sample_1_pred_571.cif,awaiting_extract,"MassiveFold model pool index only. It parses organizer-provided external model tarball listings and stages balanced extraction/rerank candidates. These models remain external rerank and accuracy-estimation inputs, not internal predictions, not CASP submissions, and not competitive-proof evidence."
4,T2313,T2313_T330,2661,T2313_all_pdbs/Model_7265_af3_woTemplates_af3_seed_897902_sample_4_pred_234.cif,Model_7265_af3_woTemplates_af3_seed_897902_sample_4_pred_234.cif,7265,AF3,af3_woTemplates,897902,4,234,woTemplates,,False,casp17/massivefold_external_pool_intake/t2313_t330/extracted_models/T2313_all_pdbs/Model_7265_af3_woTemplates_af3_seed_897902_sample_4_pred_234.cif,awaiting_extract,"MassiveFold model pool index only. It parses organizer-provided external model tarball listings and stages balanced extraction/rerank candidates. These models remain external rerank and accuracy-estimation inputs, not internal predictions, not CASP submissions, and not competitive-proof evidence."
4,T2313,T2313_T330,2666,T2313_all_pdbs/Model_3288_af3_woTemplates_af3_seed_130558_sample_4_pred_769.cif,Model_3288_af3_woTemplates_af3_seed_130558_sample_4_pred_769.cif,3288,AF3,af3_woTemplates,130558,4,769,woTemplates,,False,casp17/massivefold_external_pool_intake/t2313_t330/extracted_models/T2313_all_pdbs/Model_3288_af3_woTemplates_af3_seed_130558_sample_4_pred_769.cif,awaiting_extract,"MassiveFold model pool index only. It parses organizer-provided external model tarball listings and stages balanced extraction/rerank candidates. These models remain external rerank and accuracy-estimation inputs, not internal predictions, not CASP submissions, and not competitive-proof evidence."
4,T2313,T2313_T330,2668,T2313_all_pdbs/Model_5040_af3_woTemplates_af3_seed_48200_sample_1_pred_1.cif,Model_5040_af3_woTemplates_af3_seed_48200_sample_1_pred_1.cif,5040,AF3,af3_woTemplates,48200,1,1,woTemplates,,False,casp17/massivefold_external_pool_intake/t2313_t330/extracted_models/T2313_all_pdbs/Model_5040_af3_woTemplates_af3_seed_48200_sample_1_pred_1.cif,awaiting_extract,"MassiveFold model pool index only. It parses organizer-provided external model tarball listings and stages balanced extraction/rerank candidates. These models remain external rerank and accuracy-estimation inputs, not internal predictions, not CASP submissions, and not competitive-proof evidence."
4,T2313,T2313_T330,2670,T2313_all_pdbs/Model_5992_af3_woTemplates_af3_seed_130557_sample_4_pred_764.cif,Model_5992_af3_woTemplates_af3_seed_130557_sample_4_pred_764.cif,5992,AF3,af3_woTemplates,130557,4,764,woTemplates,,False,casp17/massivefold_external_pool_intake/t2313_t330/extracted_models/T2313_all_pdbs/Model_5992_af3_woTemplates_af3_seed_130557_sample_4_pred_764.cif,awaiting_extract,"MassiveFold model pool index only. It parses organizer-provided external model tarball listings and stages balanced extraction/rerank candidates. These models remain external rerank and accuracy-estimation inputs, not internal predictions, not CASP submissions, and not competitive-proof evidence."
4,T2313,T2313_T330,2679,T2313_all_pdbs/Model_6432_af3_woTemplates_af3_seed_994810_sample_2_pred_482.cif,Model_6432_af3_woTemplates_af3_seed_994810_sample_2_pred_482.cif,6432,AF3,af3_woTemplates,994810,2,482,woTemplates,,False,casp17/massivefold_external_pool_intake/t2313_t330/extracted_models/T2313_all_pdbs/Model_6432_af3_woTemplates_af3_seed_994810_sample_2_pred_482.cif,awaiting_extract,"MassiveFold model pool index only. It parses organizer-provided external model tarball listings and stages balanced extraction/rerank candidates. These models remain external rerank and accuracy-estimation inputs, not internal predictions, not CASP submissions, and not competitive-proof evidence."
4,T2313,T2313_T330,2704,T2313_all_pdbs/Model_8327_af3_woTemplates_af3_seed_130573_sample_1_pred_841.cif,Model_8327_af3_woTemplates_af3_seed_130573_sample_1_pred_841.cif,8327,AF3,af3_woTemplates,130573,1,841,woTemplates,,False,casp17/massivefold_external_pool_intake/t2313_t330/extracted_models/T2313_all_pdbs/Model_8327_af3_woTemplates_af3_seed_130573_sample_1_pred_841.cif,awaiting_extract,"MassiveFold model pool index only. It parses organizer-provided external model tarball listings and stages balanced extraction/rerank candidates. These models remain external rerank and accuracy-estimation inputs, not internal predictions, not CASP submissions, and not competitive-proof evidence."
4,T2313,T2313_T330,2726,T2313_all_pdbs/Model_4583_af3_woTemplates_af3_seed_994798_sample_3_pred_423.cif,Model_4583_af3_woTemplates_af3_seed_994798_sample_3_pred_423.cif,4583,AF3,af3_woTemplates,994798,3,423,woTemplates,,False,casp17/massivefold_external_pool_intake/t2313_t330/extracted_models/T2313_all_pdbs/Model_4583_af3_woTemplates_af3_seed_994798_sample_3_pred_423.cif,awaiting_extract,"MassiveFold model pool index only. It parses organizer-provided external model tarball listings and stages balanced extraction/rerank candidates. These models remain external rerank and accuracy-estimation inputs, not internal predictions, not CASP submissions, and not competitive-proof evidence."
4,T2313,T2313_T330,2727,T2313_all_pdbs/Model_4882_af3_woTemplates_af3_seed_994802_sample_0_pred_440.cif,Model_4882_af3_woTemplates_af3_seed_994802_sample_0_pred_440.cif,4882,AF3,af3_woTemplates,994802,0,440,woTemplates,,False,casp17/massivefold_external_pool_intake/t2313_t330/extracted_models/T2313_all_pdbs/Model_4882_af3_woTemplates_af3_seed_994802_sample_0_pred_440.cif,awaiting_extract,"MassiveFold model pool index only. It parses organizer-provided external model tarball listings and stages balanced extraction/rerank candidates. These models remain external rerank and accuracy-estimation inputs, not internal predictions, not CASP submissions, and not competitive-proof evidence."
4,T2313,T2313_T330,2739,T2313_all_pdbs/Model_5055_af3_woTemplates_af3_seed_841339_sample_0_pred_930.cif,Model_5055_af3_woTemplates_af3_seed_841339_sample_0_pred_930.cif,5055,AF3,af3_woTemplates,841339,0,930,woTemplates,,False,casp17/massivefold_external_pool_intake/t2313_t330/extracted_models/T2313_all_pdbs/Model_5055_af3_woTemplates_af3_seed_841339_sample_0_pred_930.cif,awaiting_extract,"MassiveFold model pool index only. It parses organizer-provided external model tarball listings and stages balanced extraction/rerank candidates. These models remain external rerank and accuracy-estimation inputs, not internal predictions, not CASP submissions, and not competitive-proof evidence."
4,T2313,T2313_T330,2753,T2313_all_pdbs/Model_7498_af3_woTemplates_af3_seed_256843_sample_3_pred_533.cif,Model_7498_af3_woTemplates_af3_seed_256843_sample_3_pred_533.cif,7498,AF3,af3_woTemplates,256843,3,533,woTemplates,,False,casp17/massivefold_external_pool_intake/t2313_t330/extracted_models/T2313_all_pdbs/Model_7498_af3_woTemplates_af3_seed_256843_sample_3_pred_533.cif,awaiting_extract,"MassiveFold model pool index only. It parses organizer-provided external model tarball listings and stages balanced extraction/rerank candidates. These models remain external rerank and accuracy-estimation inputs, not internal predictions, not CASP submissions, and not competitive-proof evidence."
4,T2313,T2313_T330,2759,T2313_all_pdbs/Model_6121_af3_woTemplates_af3_seed_384893_sample_0_pred_295.cif,Model_6121_af3_woTemplates_af3_seed_384893_sample_0_pred_295.cif,6121,AF3,af3_woTemplates,384893,0,295,woTemplates,,False,casp17/massivefold_external_pool_intake/t2313_t330/extracted_models/T2313_all_pdbs/Model_6121_af3_woTemplates_af3_seed_384893_sample_0_pred_295.cif,awaiting_extract,"MassiveFold model pool index only. It parses organizer-provided external model tarball listings and stages balanced extraction/rerank candidates. These models remain external rerank and accuracy-estimation inputs, not internal predictions, not CASP submissions, and not competitive-proof evidence."
4,T2313,T2313_T330,2791,T2313_all_pdbs/Model_6630_af3_woTemplates_af3_seed_641635_sample_1_pred_666.cif,Model_6630_af3_woTemplates_af3_seed_641635_sample_1_pred_666.cif,6630,AF3,af3_woTemplates,641635,1,666,woTemplates,,False,casp17/massivefold_external_pool_intake/t2313_t330/extracted_models/T2313_all_pdbs/Model_6630_af3_woTemplates_af3_seed_641635_sample_1_pred_666.cif,awaiting_extract,"MassiveFold model pool index only. It parses organizer-provided external model tarball listings and stages balanced extraction/rerank candidates. These models remain external rerank and accuracy-estimation inputs, not internal predictions, not CASP submissions, and not competitive-proof evidence."
4,T2313,T2313_T330,2793,T2313_all_pdbs/Model_3737_af3_woTemplates_af3_seed_130570_sample_1_pred_826.cif,Model_3737_af3_woTemplates_af3_seed_130570_sample_1_pred_826.cif,3737,AF3,af3_woTemplates,130570,1,826,woTemplates,,False,casp17/massivefold_external_pool_intake/t2313_t330/extracted_models/T2313_all_pdbs/Model_3737_af3_woTemplates_af3_seed_130570_sample_1_pred_826.cif,awaiting_extract,"MassiveFold model pool index only. It parses organizer-provided external model tarball listings and stages balanced extraction/rerank candidates. These models remain external rerank and accuracy-estimation inputs, not internal predictions, not CASP submissions, and not competitive-proof evidence."
4,T2313,T2313_T330,2816,T2313_all_pdbs/Model_5854_af3_woTemplates_af3_seed_994806_sample_2_pred_462.cif,Model_5854_af3_woTemplates_af3_seed_994806_sample_2_pred_462.cif,5854,AF3,af3_woTemplates,994806,2,462,woTemplates,,False,casp17/massivefold_external_pool_intake/t2313_t330/extracted_models/T2313_all_pdbs/Model_5854_af3_woTemplates_af3_seed_994806_sample_2_pred_462.cif,awaiting_extract,"MassiveFold model pool index only. It parses organizer-provided external model tarball listings and stages balanced extraction/rerank candidates. These models remain external rerank and accuracy-estimation inputs, not internal predictions, not CASP submissions, and not competitive-proof evidence."
4,T2313,T2313_T330,2821,T2313_all_pdbs/Model_7662_af3_woTemplates_af3_seed_841345_sample_1_pred_961.cif,Model_7662_af3_woTemplates_af3_seed_841345_sample_1_pred_961.cif,7662,AF3,af3_woTemplates,841345,1,961,woTemplates,,False,casp17/massivefold_external_pool_intake/t2313_t330/extracted_models/T2313_all_pdbs/Model_7662_af3_woTemplates_af3_seed_841345_sample_1_pred_961.cif,awaiting_extract,"MassiveFold model pool index only. It parses organizer-provided external model tarball listings and stages balanced extraction/rerank candidates. These models remain external rerank and accuracy-estimation inputs, not internal predictions, not CASP submissions, and not competitive-proof evidence."
4,T2313,T2313_T330,2823,T2313_all_pdbs/Model_7165_af3_woTemplates_af3_seed_841346_sample_2_pred_967.cif,Model_7165_af3_woTemplates_af3_seed_841346_sample_2_pred_967.cif,7165,AF3,af3_woTemplates,841346,2,967,woTemplates,,False,casp17/massivefold_external_pool_intake/t2313_t330/extracted_models/T2313_all_pdbs/Model_7165_af3_woTemplates_af3_seed_841346_sample_2_pred_967.cif,awaiting_extract,"MassiveFold model pool index only. It parses organizer-provided external model tarball listings and stages balanced extraction/rerank candidates. These models remain external rerank and accuracy-estimation inputs, not internal predictions, not CASP submissions, and not competitive-proof evidence."
4,T2313,T2313_T330,2827,T2313_all_pdbs/Model_4296_af3_woTemplates_af3_seed_48201_sample_0_pred_5.cif,Model_4296_af3_woTemplates_af3_seed_48201_sample_0_pred_5.cif,4296,AF3,af3_woTemplates,48201,0,5,woTemplates,,False,casp17/massivefold_external_pool_intake/t2313_t330/extracted_models/T2313_all_pdbs/Model_4296_af3_woTemplates_af3_seed_48201_sample_0_pred_5.cif,awaiting_extract,"MassiveFold model pool index only. It parses organizer-provided external model tarball listings and stages balanced extraction/rerank candidates. These models remain external rerank and accuracy-estimation inputs, not internal predictions, not CASP submissions, and not competitive-proof evidence."
4,T2313,T2313_T330,2847,T2313_all_pdbs/Model_7504_af3_woTemplates_af3_seed_256858_sample_0_pred_605.cif,Model_7504_af3_woTemplates_af3_seed_256858_sample_0_pred_605.cif,7504,AF3,af3_woTemplates,256858,0,605,woTemplates,,False,casp17/massivefold_external_pool_intake/t2313_t330/extracted_models/T2313_all_pdbs/Model_7504_af3_woTemplates_af3_seed_256858_sample_0_pred_605.cif,awaiting_extract,"MassiveFold model pool index only. It parses organizer-provided external model tarball listings and stages balanced extraction/rerank candidates. These models remain external rerank and accuracy-estimation inputs, not internal predictions, not CASP submissions, and not competitive-proof evidence."
4,T2313,T2313_T330,2870,T2313_all_pdbs/Model_5102_af3_woTemplates_af3_seed_256846_sample_1_pred_546.cif,Model_5102_af3_woTemplates_af3_seed_256846_sample_1_pred_546.cif,5102,AF3,af3_woTemplates,256846,1,546,woTemplates,,False,casp17/massivefold_external_pool_intake/t2313_t330/extracted_models/T2313_all_pdbs/Model_5102_af3_woTemplates_af3_seed_256846_sample_1_pred_546.cif,awaiting_extract,"MassiveFold model pool index only. It parses organizer-provided external model tarball listings and stages balanced extraction/rerank candidates. These models remain external rerank and accuracy-estimation inputs, not internal predictions, not CASP submissions, and not competitive-proof evidence."
4,T2313,T2313_T330,2899,T2313_all_pdbs/Model_6984_af3_woTemplates_af3_seed_130556_sample_1_pred_756.cif,Model_6984_af3_woTemplates_af3_seed_130556_sample_1_pred_756.cif,6984,AF3,af3_woTemplates,130556,1,756,woTemplates,,False,casp17/massivefold_external_pool_intake/t2313_t330/extracted_models/T2313_all_pdbs/Model_6984_af3_woTemplates_af3_seed_130556_sample_1_pred_756.cif,awaiting_extract,"MassiveFold model pool index only. It parses organizer-provided external model tarball listings and stages balanced extraction/rerank candidates. These models remain external rerank and accuracy-estimation inputs, not internal predictions, not CASP submissions, and not competitive-proof evidence."
4,T2313,T2313_T330,2920,T2313_all_pdbs/Model_5546_af3_woTemplates_af3_seed_384895_sample_0_pred_305.cif,Model_5546_af3_woTemplates_af3_seed_384895_sample_0_pred_305.cif,5546,AF3,af3_woTemplates,384895,0,305,woTemplates,,False,casp17/massivefold_external_pool_intake/t2313_t330/extracted_models/T2313_all_pdbs/Model_5546_af3_woTemplates_af3_seed_384895_sample_0_pred_305.cif,awaiting_extract,"MassiveFold model pool index only. It parses organizer-provided external model tarball listings and stages balanced extraction/rerank candidates. These models remain external rerank and accuracy-estimation inputs, not internal predictions, not CASP submissions, and not competitive-proof evidence."
4,T2313,T2313_T330,2943,T2313_all_pdbs/Model_7789_af3_woTemplates_af3_seed_256841_sample_2_pred_522.cif,Model_7789_af3_woTemplates_af3_seed_256841_sample_2_pred_522.cif,7789,AF3,af3_woTemplates,256841,2,522,woTemplates,,False,casp17/massivefold_external_pool_intake/t2313_t330/extracted_models/T2313_all_pdbs/Model_7789_af3_woTemplates_af3_seed_256841_sample_2_pred_522.cif,awaiting_extract,"MassiveFold model pool index only. It parses organizer-provided external model tarball listings and stages balanced extraction/rerank candidates. These models remain external rerank and accuracy-estimation inputs, not internal predictions, not CASP submissions, and not competitive-proof evidence."
4,T2313,T2313_T330,2948,T2313_all_pdbs/Model_6682_af3_woTemplates_af3_seed_994808_sample_0_pred_470.cif,Model_6682_af3_woTemplates_af3_seed_994808_sample_0_pred_470.cif,6682,AF3,af3_woTemplates,994808,0,470,woTemplates,,False,casp17/massivefold_external_pool_intake/t2313_t330/extracted_models/T2313_all_pdbs/Model_6682_af3_woTemplates_af3_seed_994808_sample_0_pred_470.cif,awaiting_extract,"MassiveFold model pool index only. It parses organizer-provided external model tarball listings and stages balanced extraction/rerank candidates. These models remain external rerank and accuracy-estimation inputs, not internal predictions, not CASP submissions, and not competitive-proof evidence."
4,T2313,T2313_T330,2963,T2313_all_pdbs/Model_3405_af3_woTemplates_af3_seed_897896_sample_2_pred_202.cif,Model_3405_af3_woTemplates_af3_seed_897896_sample_2_pred_202.cif,3405,AF3,af3_woTemplates,897896,2,202,woTemplates,,False,casp17/massivefold_external_pool_intake/t2313_t330/extracted_models/T2313_all_pdbs/Model_3405_af3_woTemplates_af3_seed_897896_sample_2_pred_202.cif,awaiting_extract,"MassiveFold model pool index only. It parses organizer-provided external model tarball listings and stages balanced extraction/rerank candidates. These models remain external rerank and accuracy-estimation inputs, not internal predictions, not CASP submissions, and not competitive-proof evidence."
4,T2313,T2313_T330,2976,T2313_all_pdbs/Model_4744_af3_woTemplates_af3_seed_841332_sample_3_pred_898.cif,Model_4744_af3_woTemplates_af3_seed_841332_sample_3_pred_898.cif,4744,AF3,af3_woTemplates,841332,3,898,woTemplates,,False,casp17/massivefold_external_pool_intake/t2313_t330/extracted_models/T2313_all_pdbs/Model_4744_af3_woTemplates_af3_seed_841332_sample_3_pred_898.cif,awaiting_extract,"MassiveFold model pool index only. It parses organizer-provided external model tarball listings and stages balanced extraction/rerank candidates. These models remain external rerank and accuracy-estimation inputs, not internal predictions, not CASP submissions, and not competitive-proof evidence."
4,T2313,T2313_T330,2982,T2313_all_pdbs/Model_5518_af3_woTemplates_af3_seed_130569_sample_0_pred_820.cif,Model_5518_af3_woTemplates_af3_seed_130569_sample_0_pred_820.cif,5518,AF3,af3_woTemplates,130569,0,820,woTemplates,,False,casp17/massivefold_external_pool_intake/t2313_t330/extracted_models/T2313_all_pdbs/Model_5518_af3_woTemplates_af3_seed_130569_sample_0_pred_820.cif,awaiting_extract,"MassiveFold model pool index only. It parses organizer-provided external model tarball listings and stages balanced extraction/rerank candidates. These models remain external rerank and accuracy-estimation inputs, not internal predictions, not CASP submissions, and not competitive-proof evidence."
4,T2313,T2313_T330,2995,T2313_all_pdbs/Model_4793_af3_woTemplates_af3_seed_841340_sample_0_pred_935.cif,Model_4793_af3_woTemplates_af3_seed_841340_sample_0_pred_935.cif,4793,AF3,af3_woTemplates,841340,0,935,woTemplates,,False,casp17/massivefold_external_pool_intake/t2313_t330/extracted_models/T2313_all_pdbs/Model_4793_af3_woTemplates_af3_seed_841340_sample_0_pred_935.cif,awaiting_extract,"MassiveFold model pool index only. It parses organizer-provided external model tarball listings and stages balanced extraction/rerank candidates. These models remain external rerank and accuracy-estimation inputs, not internal predictions, not CASP submissions, and not competitive-proof evidence."
4,T2313,T2313_T330,3003,T2313_all_pdbs/Model_5848_af3_woTemplates_af3_seed_256837_sample_0_pred_500.cif,Model_5848_af3_woTemplates_af3_seed_256837_sample_0_pred_500.cif,5848,AF3,af3_woTemplates,256837,0,500,woTemplates,,False,casp17/massivefold_external_pool_intake/t2313_t330/extracted_models/T2313_all_pdbs/Model_5848_af3_woTemplates_af3_seed_256837_sample_0_pred_500.cif,awaiting_extract,"MassiveFold model pool index only. It parses organizer-provided external model tarball listings and stages balanced extraction/rerank candidates. These models remain external rerank and accuracy-estimation inputs, not internal predictions, not CASP submissions, and not competitive-proof evidence."
4,T2313,T2313_T330,3027,T2313_all_pdbs/Model_5245_af3_woTemplates_af3_seed_841334_sample_0_pred_905.cif,Model_5245_af3_woTemplates_af3_seed_841334_sample_0_pred_905.cif,5245,AF3,af3_woTemplates,841334,0,905,woTemplates,,False,casp17/massivefold_external_pool_intake/t2313_t330/extracted_models/T2313_all_pdbs/Model_5245_af3_woTemplates_af3_seed_841334_sample_0_pred_905.cif,awaiting_extract,"MassiveFold model pool index only. It parses organizer-provided external model tarball listings and stages balanced extraction/rerank candidates. These models remain external rerank and accuracy-estimation inputs, not internal predictions, not CASP submissions, and not competitive-proof evidence."
4,T2313,T2313_T330,3028,T2313_all_pdbs/Model_5179_af3_woTemplates_af3_seed_256839_sample_4_pred_514.cif,Model_5179_af3_woTemplates_af3_seed_256839_sample_4_pred_514.cif,5179,AF3,af3_woTemplates,256839,4,514,woTemplates,,False,casp17/massivefold_external_pool_intake/t2313_t330/extracted_models/T2313_all_pdbs/Model_5179_af3_woTemplates_af3_seed_256839_sample_4_pred_514.cif,awaiting_extract,"MassiveFold model pool index only. It parses organizer-provided external model tarball listings and stages balanced extraction/rerank candidates. These models remain external rerank and accuracy-estimation inputs, not internal predictions, not CASP submissions, and not competitive-proof evidence."
4,T2313,T2313_T330,3036,T2313_all_pdbs/Model_5037_af3_woTemplates_af3_seed_641642_sample_2_pred_702.cif,Model_5037_af3_woTemplates_af3_seed_641642_sample_2_pred_702.cif,5037,AF3,af3_woTemplates,641642,2,702,woTemplates,,False,casp17/massivefold_external_pool_intake/t2313_t330/extracted_models/T2313_all_pdbs/Model_5037_af3_woTemplates_af3_seed_641642_sample_2_pred_702.cif,awaiting_extract,"MassiveFold model pool index only. It parses organizer-provided external model tarball listings and stages balanced extraction/rerank candidates. These models remain external rerank and accuracy-estimation inputs, not internal predictions, not CASP submissions, and not competitive-proof evidence."
4,T2313,T2313_T330,3078,T2313_all_pdbs/Model_5048_af3_woTemplates_af3_seed_994802_sample_2_pred_442.cif,Model_5048_af3_woTemplates_af3_seed_994802_sample_2_pred_442.cif,5048,AF3,af3_woTemplates,994802,2,442,woTemplates,,False,casp17/massivefold_external_pool_intake/t2313_t330/extracted_models/T2313_all_pdbs/Model_5048_af3_woTemplates_af3_seed_994802_sample_2_pred_442.cif,awaiting_extract,"MassiveFold model pool index only. It parses organizer-provided external model tarball listings and stages balanced extraction/rerank candidates. These models remain external rerank and accuracy-estimation inputs, not internal predictions, not CASP submissions, and not competitive-proof evidence."
4,T2313,T2313_T330,3082,T2313_all_pdbs/Model_6894_af3_woTemplates_af3_seed_994796_sample_4_pred_414.cif,Model_6894_af3_woTemplates_af3_seed_994796_sample_4_pred_414.cif,6894,AF3,af3_woTemplates,994796,4,414,woTemplates,,False,casp17/massivefold_external_pool_intake/t2313_t330/extracted_models/T2313_all_pdbs/Model_6894_af3_woTemplates_af3_seed_994796_sample_4_pred_414.cif,awaiting_extract,"MassiveFold model pool index only. It parses organizer-provided external model tarball listings and stages balanced extraction/rerank candidates. These models remain external rerank and accuracy-estimation inputs, not internal predictions, not CASP submissions, and not competitive-proof evidence."
4,T2313,T2313_T330,3102,T2313_all_pdbs/Model_5792_af3_woTemplates_af3_seed_256845_sample_0_pred_540.cif,Model_5792_af3_woTemplates_af3_seed_256845_sample_0_pred_540.cif,5792,AF3,af3_woTemplates,256845,0,540,woTemplates,,False,casp17/massivefold_external_pool_intake/t2313_t330/extracted_models/T2313_all_pdbs/Model_5792_af3_woTemplates_af3_seed_256845_sample_0_pred_540.cif,awaiting_extract,"MassiveFold model pool index only. It parses organizer-provided external model tarball listings and stages balanced extraction/rerank candidates. These models remain external rerank and accuracy-estimation inputs, not internal predictions, not CASP submissions, and not competitive-proof evidence."
4,T2313,T2313_T330,3109,T2313_all_pdbs/Model_8832_af3_woTemplates_af3_seed_130559_sample_0_pred_770.cif,Model_8832_af3_woTemplates_af3_seed_130559_sample_0_pred_770.cif,8832,AF3,af3_woTemplates,130559,0,770,woTemplates,,False,casp17/massivefold_external_pool_intake/t2313_t330/extracted_models/T2313_all_pdbs/Model_8832_af3_woTemplates_af3_seed_130559_sample_0_pred_770.cif,awaiting_extract,"MassiveFold model pool index only. It parses organizer-provided external model tarball listings and stages balanced extraction/rerank candidates. These models remain external rerank and accuracy-estimation inputs, not internal predictions, not CASP submissions, and not competitive-proof evidence."
4,T2313,T2313_T330,3116,T2313_all_pdbs/Model_6276_af3_woTemplates_af3_seed_384899_sample_0_pred_325.cif,Model_6276_af3_woTemplates_af3_seed_384899_sample_0_pred_325.cif,6276,AF3,af3_woTemplates,384899,0,325,woTemplates,,False,casp17/massivefold_external_pool_intake/t2313_t330/extracted_models/T2313_all_pdbs/Model_6276_af3_woTemplates_af3_seed_384899_sample_0_pred_325.cif,awaiting_extract,"MassiveFold model pool index only. It parses organizer-provided external model tarball listings and stages balanced extraction/rerank candidates. These models remain external rerank and accuracy-estimation inputs, not internal predictions, not CASP submissions, and not competitive-proof evidence."
4,T2313,T2313_T330,3133,T2313_all_pdbs/Model_7661_af3_woTemplates_af3_seed_384894_sample_3_pred_303.cif,Model_7661_af3_woTemplates_af3_seed_384894_sample_3_pred_303.cif,7661,AF3,af3_woTemplates,384894,3,303,woTemplates,,False,casp17/massivefold_external_pool_intake/t2313_t330/extracted_models/T2313_all_pdbs/Model_7661_af3_woTemplates_af3_seed_384894_sample_3_pred_303.cif,awaiting_extract,"MassiveFold model pool index only. It parses organizer-provided external model tarball listings and stages balanced extraction/rerank candidates. These models remain external rerank and accuracy-estimation inputs, not internal predictions, not CASP submissions, and not competitive-proof evidence."
4,T2313,T2313_T330,3148,T2313_all_pdbs/Model_5814_af3_woTemplates_af3_seed_384895_sample_3_pred_308.cif,Model_5814_af3_woTemplates_af3_seed_384895_sample_3_pred_308.cif,5814,AF3,af3_woTemplates,384895,3,308,woTemplates,,False,casp17/massivefold_external_pool_intake/t2313_t330/extracted_models/T2313_all_pdbs/Model_5814_af3_woTemplates_af3_seed_384895_sample_3_pred_308.cif,awaiting_extract,"MassiveFold model pool index only. It parses organizer-provided external model tarball listings and stages balanced extraction/rerank candidates. These models remain external rerank and accuracy-estimation inputs, not internal predictions, not CASP submissions, and not competitive-proof evidence."
4,T2313,T2313_T330,3165,T2313_all_pdbs/Model_6424_af3_woTemplates_af3_seed_994812_sample_2_pred_492.cif,Model_6424_af3_woTemplates_af3_seed_994812_sample_2_pred_492.cif,6424,AF3,af3_woTemplates,994812,2,492,woTemplates,,False,casp17/massivefold_external_pool_intake/t2313_t330/extracted_models/T2313_all_pdbs/Model_6424_af3_woTemplates_af3_seed_994812_sample_2_pred_492.cif,awaiting_extract,"MassiveFold model pool index only. It parses organizer-provided external model tarball listings and stages balanced extraction/rerank candidates. These models remain external rerank and accuracy-estimation inputs, not internal predictions, not CASP submissions, and not competitive-proof evidence."
4,T2313,T2313_T330,3184,T2313_all_pdbs/Model_6979_af3_woTemplates_af3_seed_130564_sample_1_pred_796.cif,Model_6979_af3_woTemplates_af3_seed_130564_sample_1_pred_796.cif,6979,AF3,af3_woTemplates,130564,1,796,woTemplates,,False,casp17/massivefold_external_pool_intake/t2313_t330/extracted_models/T2313_all_pdbs/Model_6979_af3_woTemplates_af3_seed_130564_sample_1_pred_796.cif,awaiting_extract,"MassiveFold model pool index only. It parses organizer-provided external model tarball listings and stages balanced extraction/rerank candidates. These models remain external rerank and accuracy-estimation inputs, not internal predictions, not CASP submissions, and not competitive-proof evidence."
4,T2313,T2313_T330,3192,T2313_all_pdbs/Model_5366_af3_woTemplates_af3_seed_641644_sample_2_pred_712.cif,Model_5366_af3_woTemplates_af3_seed_641644_sample_2_pred_712.cif,5366,AF3,af3_woTemplates,641644,2,712,woTemplates,,False,casp17/massivefold_external_pool_intake/t2313_t330/extracted_models/T2313_all_pdbs/Model_5366_af3_woTemplates_af3_seed_641644_sample_2_pred_712.cif,awaiting_extract,"MassiveFold model pool index only. It parses organizer-provided external model tarball listings and stages balanced extraction/rerank candidates. These models remain external rerank and accuracy-estimation inputs, not internal predictions, not CASP submissions, and not competitive-proof evidence."
4,T2313,T2313_T330,3194,T2313_all_pdbs/Model_7648_af3_woTemplates_af3_seed_384885_sample_1_pred_256.cif,Model_7648_af3_woTemplates_af3_seed_384885_sample_1_pred_256.cif,7648,AF3,af3_woTemplates,384885,1,256,woTemplates,,False,casp17/massivefold_external_pool_intake/t2313_t330/extracted_models/T2313_all_pdbs/Model_7648_af3_woTemplates_af3_seed_384885_sample_1_pred_256.cif,awaiting_extract,"MassiveFold model pool index only. It parses organizer-provided external model tarball listings and stages balanced extraction/rerank candidates. These models remain external rerank and accuracy-estimation inputs, not internal predictions, not CASP submissions, and not competitive-proof evidence."
4,T2313,T2313_T330,3244,T2313_all_pdbs/Model_3550_af3_woTemplates_af3_seed_384884_sample_2_pred_252.cif,Model_3550_af3_woTemplates_af3_seed_384884_sample_2_pred_252.cif,3550,AF3,af3_woTemplates,384884,2,252,woTemplates,,False,casp17/massivefold_external_pool_intake/t2313_t330/extracted_models/T2313_all_pdbs/Model_3550_af3_woTemplates_af3_seed_384884_sample_2_pred_252.cif,awaiting_extract,"MassiveFold model pool index only. It parses organizer-provided external model tarball listings and stages balanced extraction/rerank candidates. These models remain external rerank and accuracy-estimation inputs, not internal predictions, not CASP submissions, and not competitive-proof evidence."
4,T2313,T2313_T330,3265,T2313_all_pdbs/Model_7797_af3_woTemplates_af3_seed_384896_sample_4_pred_314.cif,Model_7797_af3_woTemplates_af3_seed_384896_sample_4_pred_314.cif,7797,AF3,af3_woTemplates,384896,4,314,woTemplates,,False,casp17/massivefold_external_pool_intake/t2313_t330/extracted_models/T2313_all_pdbs/Model_7797_af3_woTemplates_af3_seed_384896_sample_4_pred_314.cif,awaiting_extract,"MassiveFold model pool index only. It parses organizer-provided external model tarball listings and stages balanced extraction/rerank candidates. These models remain external rerank and accuracy-estimation inputs, not internal predictions, not CASP submissions, and not competitive-proof evidence."
4,T2313,T2313_T330,3291,T2313_all_pdbs/Model_5913_af3_woTemplates_af3_seed_841352_sample_0_pred_995.cif,Model_5913_af3_woTemplates_af3_seed_841352_sample_0_pred_995.cif,5913,AF3,af3_woTemplates,841352,0,995,woTemplates,,False,casp17/massivefold_external_pool_intake/t2313_t330/extracted_models/T2313_all_pdbs/Model_5913_af3_woTemplates_af3_seed_841352_sample_0_pred_995.cif,awaiting_extract,"MassiveFold model pool index only. It parses organizer-provided external model tarball listings and stages balanced extraction/rerank candidates. These models remain external rerank and accuracy-estimation inputs, not internal predictions, not CASP submissions, and not competitive-proof evidence."
4,T2313,T2313_T330,3331,T2313_all_pdbs/Model_3803_af3_woTemplates_af3_seed_256857_sample_0_pred_600.cif,Model_3803_af3_woTemplates_af3_seed_256857_sample_0_pred_600.cif,3803,AF3,af3_woTemplates,256857,0,600,woTemplates,,False,casp17/massivefold_external_pool_intake/t2313_t330/extracted_models/T2313_all_pdbs/Model_3803_af3_woTemplates_af3_seed_256857_sample_0_pred_600.cif,awaiting_extract,"MassiveFold model pool index only. It parses organizer-provided external model tarball listings and stages balanced extraction/rerank candidates. These models remain external rerank and accuracy-estimation inputs, not internal predictions, not CASP submissions, and not competitive-proof evidence."
4,T2313,T2313_T330,3342,T2313_all_pdbs/Model_6006_af3_woTemplates_af3_seed_897899_sample_4_pred_219.cif,Model_6006_af3_woTemplates_af3_seed_897899_sample_4_pred_219.cif,6006,AF3,af3_woTemplates,897899,4,219,woTemplates,,False,casp17/massivefold_external_pool_intake/t2313_t330/extracted_models/T2313_all_pdbs/Model_6006_af3_woTemplates_af3_seed_897899_sample_4_pred_219.cif,awaiting_extract,"MassiveFold model pool index only. It parses organizer-provided external model tarball listings and stages balanced extraction/rerank candidates. These models remain external rerank and accuracy-estimation inputs, not internal predictions, not CASP submissions, and not competitive-proof evidence."
4,T2313,T2313_T330,3350,T2313_all_pdbs/Model_5944_af3_woTemplates_af3_seed_994809_sample_0_pred_475.cif,Model_5944_af3_woTemplates_af3_seed_994809_sample_0_pred_475.cif,5944,AF3,af3_woTemplates,994809,0,475,woTemplates,,False,casp17/massivefold_external_pool_intake/t2313_t330/extracted_models/T2313_all_pdbs/Model_5944_af3_woTemplates_af3_seed_994809_sample_0_pred_475.cif,awaiting_extract,"MassiveFold model pool index only. It parses organizer-provided external model tarball listings and stages balanced extraction/rerank candidates. These models remain external rerank and accuracy-estimation inputs, not internal predictions, not CASP submissions, and not competitive-proof evidence."
4,T2313,T2313_T330,3357,T2313_all_pdbs/Model_7162_af3_woTemplates_af3_seed_897881_sample_4_pred_129.cif,Model_7162_af3_woTemplates_af3_seed_897881_sample_4_pred_129.cif,7162,AF3,af3_woTemplates,897881,4,129,woTemplates,,False,casp17/massivefold_external_pool_intake/t2313_t330/extracted_models/T2313_all_pdbs/Model_7162_af3_woTemplates_af3_seed_897881_sample_4_pred_129.cif,awaiting_extract,"MassiveFold model pool index only. It parses organizer-provided external model tarball listings and stages balanced extraction/rerank candidates. These models remain external rerank and accuracy-estimation inputs, not internal predictions, not CASP submissions, and not competitive-proof evidence."
4,T2313,T2313_T330,3382,T2313_all_pdbs/Model_5050_af3_woTemplates_af3_seed_384902_sample_0_pred_340.cif,Model_5050_af3_woTemplates_af3_seed_384902_sample_0_pred_340.cif,5050,AF3,af3_woTemplates,384902,0,340,woTemplates,,False,casp17/massivefold_external_pool_intake/t2313_t330/extracted_models/T2313_all_pdbs/Model_5050_af3_woTemplates_af3_seed_384902_sample_0_pred_340.cif,awaiting_extract,"MassiveFold model pool index only. It parses organizer-provided external model tarball listings and stages balanced extraction/rerank candidates. These models remain external rerank and accuracy-estimation inputs, not internal predictions, not CASP submissions, and not competitive-proof evidence."
4,T2313,T2313_T330,3388,T2313_all_pdbs/Model_4231_af3_woTemplates_af3_seed_384908_sample_4_pred_374.cif,Model_4231_af3_woTemplates_af3_seed_384908_sample_4_pred_374.cif,4231,AF3,af3_woTemplates,384908,4,374,woTemplates,,False,casp17/massivefold_external_pool_intake/t2313_t330/extracted_models/T2313_all_pdbs/Model_4231_af3_woTemplates_af3_seed_384908_sample_4_pred_374.cif,awaiting_extract,"MassiveFold model pool index only. It parses organizer-provided external model tarball listings and stages balanced extraction/rerank candidates. These models remain external rerank and accuracy-estimation inputs, not internal predictions, not CASP submissions, and not competitive-proof evidence."
4,T2313,T2313_T330,3390,T2313_all_pdbs/Model_6199_af3_woTemplates_af3_seed_641632_sample_4_pred_654.cif,Model_6199_af3_woTemplates_af3_seed_641632_sample_4_pred_654.cif,6199,AF3,af3_woTemplates,641632,4,654,woTemplates,,False,casp17/massivefold_external_pool_intake/t2313_t330/extracted_models/T2313_all_pdbs/Model_6199_af3_woTemplates_af3_seed_641632_sample_4_pred_654.cif,awaiting_extract,"MassiveFold model pool index only. It parses organizer-provided external model tarball listings and stages balanced extraction/rerank candidates. These models remain external rerank and accuracy-estimation inputs, not internal predictions, not CASP submissions, and not competitive-proof evidence."
4,T2313,T2313_T330,3396,T2313_all_pdbs/Model_5908_af3_woTemplates_af3_seed_994793_sample_2_pred_397.cif,Model_5908_af3_woTemplates_af3_seed_994793_sample_2_pred_397.cif,5908,AF3,af3_woTemplates,994793,2,397,woTemplates,,False,casp17/massivefold_external_pool_intake/t2313_t330/extracted_models/T2313_all_pdbs/Model_5908_af3_woTemplates_af3_seed_994793_sample_2_pred_397.cif,awaiting_extract,"MassiveFold model pool index only. It parses organizer-provided external model tarball listings and stages balanced extraction/rerank candidates. These models remain external rerank and accuracy-estimation inputs, not internal predictions, not CASP submissions, and not competitive-proof evidence."
4,T2313,T2313_T330,3397,T2313_all_pdbs/Model_7093_af3_woTemplates_af3_seed_841331_sample_4_pred_894.cif,Model_7093_af3_woTemplates_af3_seed_841331_sample_4_pred_894.cif,7093,AF3,af3_woTemplates,841331,4,894,woTemplates,,False,casp17/massivefold_external_pool_intake/t2313_t330/extracted_models/T2313_all_pdbs/Model_7093_af3_woTemplates_af3_seed_841331_sample_4_pred_894.cif,awaiting_extract,"MassiveFold model pool index only. It parses organizer-provided external model tarball listings and stages balanced extraction/rerank candidates. These models remain external rerank and accuracy-estimation inputs, not internal predictions, not CASP submissions, and not competitive-proof evidence."
4,T2313,T2313_T330,3436,T2313_all_pdbs/Model_5635_af3_woTemplates_af3_seed_48211_sample_2_pred_57.cif,Model_5635_af3_woTemplates_af3_seed_48211_sample_2_pred_57.cif,5635,AF3,af3_woTemplates,48211,2,57,woTemplates,,False,casp17/massivefold_external_pool_intake/t2313_t330/extracted_models/T2313_all_pdbs/Model_5635_af3_woTemplates_af3_seed_48211_sample_2_pred_57.cif,awaiting_extract,"MassiveFold model pool index only. It parses organizer-provided external model tarball listings and stages balanced extraction/rerank candidates. These models remain external rerank and accuracy-estimation inputs, not internal predictions, not CASP submissions, and not competitive-proof evidence."
4,T2313,T2313_T330,3454,T2313_all_pdbs/Model_3549_af3_woTemplates_af3_seed_897896_sample_1_pred_201.cif,Model_3549_af3_woTemplates_af3_seed_897896_sample_1_pred_201.cif,3549,AF3,af3_woTemplates,897896,1,201,woTemplates,,False,casp17/massivefold_external_pool_intake/t2313_t330/extracted_models/T2313_all_pdbs/Model_3549_af3_woTemplates_af3_seed_897896_sample_1_pred_201.cif,awaiting_extract,"MassiveFold model pool index only. It parses organizer-provided external model tarball listings and stages balanced extraction/rerank candidates. These models remain external rerank and accuracy-estimation inputs, not internal predictions, not CASP submissions, and not competitive-proof evidence."
4,T2313,T2313_T330,3506,T2313_all_pdbs/Model_3273_af3_woTemplates_af3_seed_130558_sample_3_pred_768.cif,Model_3273_af3_woTemplates_af3_seed_130558_sample_3_pred_768.cif,3273,AF3,af3_woTemplates,130558,3,768,woTemplates,,False,casp17/massivefold_external_pool_intake/t2313_t330/extracted_models/T2313_all_pdbs/Model_3273_af3_woTemplates_af3_seed_130558_sample_3_pred_768.cif,awaiting_extract,"MassiveFold model pool index only. It parses organizer-provided external model tarball listings and stages balanced extraction/rerank candidates. These models remain external rerank and accuracy-estimation inputs, not internal predictions, not CASP submissions, and not competitive-proof evidence."
4,T2313,T2313_T330,3531,T2313_all_pdbs/Model_4145_af3_woTemplates_af3_seed_48206_sample_4_pred_34.cif,Model_4145_af3_woTemplates_af3_seed_48206_sample_4_pred_34.cif,4145,AF3,af3_woTemplates,48206,4,34,woTemplates,,False,casp17/massivefold_external_pool_intake/t2313_t330/extracted_models/T2313_all_pdbs/Model_4145_af3_woTemplates_af3_seed_48206_sample_4_pred_34.cif,awaiting_extract,"MassiveFold model pool index only. It parses organizer-provided external model tarball listings and stages balanced extraction/rerank candidates. These models remain external rerank and accuracy-estimation inputs, not internal predictions, not CASP submissions, and not competitive-proof evidence."
4,T2313,T2313_T330,3532,T2313_all_pdbs/Model_6152_af3_woTemplates_af3_seed_384903_sample_4_pred_349.cif,Model_6152_af3_woTemplates_af3_seed_384903_sample_4_pred_349.cif,6152,AF3,af3_woTemplates,384903,4,349,woTemplates,,False,casp17/massivefold_external_pool_intake/t2313_t330/extracted_models/T2313_all_pdbs/Model_6152_af3_woTemplates_af3_seed_384903_sample_4_pred_349.cif,awaiting_extract,"MassiveFold model pool index only. It parses organizer-provided external model tarball listings and stages balanced extraction/rerank candidates. These models remain external rerank and accuracy-estimation inputs, not internal predictions, not CASP submissions, and not competitive-proof evidence."
4,T2313,T2313_T330,3550,T2313_all_pdbs/Model_6323_af3_woTemplates_af3_seed_897886_sample_0_pred_150.cif,Model_6323_af3_woTemplates_af3_seed_897886_sample_0_pred_150.cif,6323,AF3,af3_woTemplates,897886,0,150,woTemplates,,False,casp17/massivefold_external_pool_intake/t2313_t330/extracted_models/T2313_all_pdbs/Model_6323_af3_woTemplates_af3_seed_897886_sample_0_pred_150.cif,awaiting_extract,"MassiveFold model pool index only. It parses organizer-provided external model tarball listings and stages balanced extraction/rerank candidates. These models remain external rerank and accuracy-estimation inputs, not internal predictions, not CASP submissions, and not competitive-proof evidence."
4,T2313,T2313_T330,3577,T2313_all_pdbs/Model_5416_af3_woTemplates_af3_seed_48213_sample_1_pred_66.cif,Model_5416_af3_woTemplates_af3_seed_48213_sample_1_pred_66.cif,5416,AF3,af3_woTemplates,48213,1,66,woTemplates,,False,casp17/massivefold_external_pool_intake/t2313_t330/extracted_models/T2313_all_pdbs/Model_5416_af3_woTemplates_af3_seed_48213_sample_1_pred_66.cif,awaiting_extract,"MassiveFold model pool index only. It parses organizer-provided external model tarball listings and stages balanced extraction/rerank candidates. These models remain external rerank and accuracy-estimation inputs, not internal predictions, not CASP submissions, and not competitive-proof evidence."
4,T2313,T2313_T330,3582,T2313_all_pdbs/Model_7511_af3_woTemplates_af3_seed_256858_sample_4_pred_609.cif,Model_7511_af3_woTemplates_af3_seed_256858_sample_4_pred_609.cif,7511,AF3,af3_woTemplates,256858,4,609,woTemplates,,False,casp17/massivefold_external_pool_intake/t2313_t330/extracted_models/T2313_all_pdbs/Model_7511_af3_woTemplates_af3_seed_256858_sample_4_pred_609.cif,awaiting_extract,"MassiveFold model pool index only. It parses organizer-provided external model tarball listings and stages balanced extraction/rerank candidates. These models remain external rerank and accuracy-estimation inputs, not internal predictions, not CASP submissions, and not competitive-proof evidence."
4,T2313,T2313_T330,3588,T2313_all_pdbs/Model_6683_af3_woTemplates_af3_seed_897883_sample_4_pred_139.cif,Model_6683_af3_woTemplates_af3_seed_897883_sample_4_pred_139.cif,6683,AF3,af3_woTemplates,897883,4,139,woTemplates,,False,casp17/massivefold_external_pool_intake/t2313_t330/extracted_models/T2313_all_pdbs/Model_6683_af3_woTemplates_af3_seed_897883_sample_4_pred_139.cif,awaiting_extract,"MassiveFold model pool index only. It parses organizer-provided external model tarball listings and stages balanced extraction/rerank candidates. These models remain external rerank and accuracy-estimation inputs, not internal predictions, not CASP submissions, and not competitive-proof evidence."
4,T2313,T2313_T330,3595,T2313_all_pdbs/Model_4336_af3_woTemplates_af3_seed_130574_sample_1_pred_846.cif,Model_4336_af3_woTemplates_af3_seed_130574_sample_1_pred_846.cif,4336,AF3,af3_woTemplates,130574,1,846,woTemplates,,False,casp17/massivefold_external_pool_intake/t2313_t330/extracted_models/T2313_all_pdbs/Model_4336_af3_woTemplates_af3_seed_130574_sample_1_pred_846.cif,awaiting_extract,"MassiveFold model pool index only. It parses organizer-provided external model tarball listings and stages balanced extraction/rerank candidates. These models remain external rerank and accuracy-estimation inputs, not internal predictions, not CASP submissions, and not competitive-proof evidence."
4,T2313,T2313_T330,3601,T2313_all_pdbs/Model_6426_af3_woTemplates_af3_seed_384898_sample_1_pred_321.cif,Model_6426_af3_woTemplates_af3_seed_384898_sample_1_pred_321.cif,6426,AF3,af3_woTemplates,384898,1,321,woTemplates,,False,casp17/massivefold_external_pool_intake/t2313_t330/extracted_models/T2313_all_pdbs/Model_6426_af3_woTemplates_af3_seed_384898_sample_1_pred_321.cif,awaiting_extract,"MassiveFold model pool index only. It parses organizer-provided external model tarball listings and stages balanced extraction/rerank candidates. These models remain external rerank and accuracy-estimation inputs, not internal predictions, not CASP submissions, and not competitive-proof evidence."
4,T2313,T2313_T330,3608,T2313_all_pdbs/Model_5041_af3_woTemplates_af3_seed_641650_sample_4_pred_744.cif,Model_5041_af3_woTemplates_af3_seed_641650_sample_4_pred_744.cif,5041,AF3,af3_woTemplates,641650,4,744,woTemplates,,False,casp17/massivefold_external_pool_intake/t2313_t330/extracted_models/T2313_all_pdbs/Model_5041_af3_woTemplates_af3_seed_641650_sample_4_pred_744.cif,awaiting_extract,"MassiveFold model pool index only. It parses organizer-provided external model tarball listings and stages balanced extraction/rerank candidates. These models remain external rerank and accuracy-estimation inputs, not internal predictions, not CASP submissions, and not competitive-proof evidence."
4,T2313,T2313_T330,3614,T2313_all_pdbs/Model_3402_af3_woTemplates_af3_seed_130571_sample_0_pred_830.cif,Model_3402_af3_woTemplates_af3_seed_130571_sample_0_pred_830.cif,3402,AF3,af3_woTemplates,130571,0,830,woTemplates,,False,casp17/massivefold_external_pool_intake/t2313_t330/extracted_models/T2313_all_pdbs/Model_3402_af3_woTemplates_af3_seed_130571_sample_0_pred_830.cif,awaiting_extract,"MassiveFold model pool index only. It parses organizer-provided external model tarball listings and stages balanced extraction/rerank candidates. These models remain external rerank and accuracy-estimation inputs, not internal predictions, not CASP submissions, and not competitive-proof evidence."
4,T2313,T2313_T330,3616,T2313_all_pdbs/Model_5702_af3_woTemplates_af3_seed_841348_sample_1_pred_976.cif,Model_5702_af3_woTemplates_af3_seed_841348_sample_1_pred_976.cif,5702,AF3,af3_woTemplates,841348,1,976,woTemplates,,False,casp17/massivefold_external_pool_intake/t2313_t330/extracted_models/T2313_all_pdbs/Model_5702_af3_woTemplates_af3_seed_841348_sample_1_pred_976.cif,awaiting_extract,"MassiveFold model pool index only. It parses organizer-provided external model tarball listings and stages balanced extraction/rerank candidates. These models remain external rerank and accuracy-estimation inputs, not internal predictions, not CASP submissions, and not competitive-proof evidence."
4,T2313,T2313_T330,3617,T2313_all_pdbs/Model_6440_af3_woTemplates_af3_seed_994805_sample_3_pred_458.cif,Model_6440_af3_woTemplates_af3_seed_994805_sample_3_pred_458.cif,6440,AF3,af3_woTemplates,994805,3,458,woTemplates,,False,casp17/massivefold_external_pool_intake/t2313_t330/extracted_models/T2313_all_pdbs/Model_6440_af3_woTemplates_af3_seed_994805_sample_3_pred_458.cif,awaiting_extract,"MassiveFold model pool index only. It parses organizer-provided external model tarball listings and stages balanced extraction/rerank candidates. These models remain external rerank and accuracy-estimation inputs, not internal predictions, not CASP submissions, and not competitive-proof evidence."
4,T2313,T2313_T330,3622,T2313_all_pdbs/Model_5586_af3_woTemplates_af3_seed_130555_sample_4_pred_754.cif,Model_5586_af3_woTemplates_af3_seed_130555_sample_4_pred_754.cif,5586,AF3,af3_woTemplates,130555,4,754,woTemplates,,False,casp17/massivefold_external_pool_intake/t2313_t330/extracted_models/T2313_all_pdbs/Model_5586_af3_woTemplates_af3_seed_130555_sample_4_pred_754.cif,awaiting_extract,"MassiveFold model pool index only. It parses organizer-provided external model tarball listings and stages balanced extraction/rerank candidates. These models remain external rerank and accuracy-estimation inputs, not internal predictions, not CASP submissions, and not competitive-proof evidence."
4,T2313,T2313_T330,3625,T2313_all_pdbs/Model_6985_af3_woTemplates_af3_seed_48219_sample_4_pred_99.cif,Model_6985_af3_woTemplates_af3_seed_48219_sample_4_pred_99.cif,6985,AF3,af3_woTemplates,48219,4,99,woTemplates,,False,casp17/massivefold_external_pool_intake/t2313_t330/extracted_models/T2313_all_pdbs/Model_6985_af3_woTemplates_af3_seed_48219_sample_4_pred_99.cif,awaiting_extract,"MassiveFold model pool index only. It parses organizer-provided external model tarball listings and stages balanced extraction/rerank candidates. These models remain external rerank and accuracy-estimation inputs, not internal predictions, not CASP submissions, and not competitive-proof evidence."
4,T2313,T2313_T330,3628,T2313_all_pdbs/Model_6584_af3_woTemplates_af3_seed_897903_sample_4_pred_239.cif,Model_6584_af3_woTemplates_af3_seed_897903_sample_4_pred_239.cif,6584,AF3,af3_woTemplates,897903,4,239,woTemplates,,False,casp17/massivefold_external_pool_intake/t2313_t330/extracted_models/T2313_all_pdbs/Model_6584_af3_woTemplates_af3_seed_897903_sample_4_pred_239.cif,awaiting_extract,"MassiveFold model pool index only. It parses organizer-provided external model tarball listings and stages balanced extraction/rerank candidates. These models remain external rerank and accuracy-estimation inputs, not internal predictions, not CASP submissions, and not competitive-proof evidence."
4,T2313,T2313_T330,3630,T2313_all_pdbs/Model_4443_af3_woTemplates_af3_seed_130567_sample_2_pred_812.cif,Model_4443_af3_woTemplates_af3_seed_130567_sample_2_pred_812.cif,4443,AF3,af3_woTemplates,130567,2,812,woTemplates,,False,casp17/massivefold_external_pool_intake/t2313_t330/extracted_models/T2313_all_pdbs/Model_4443_af3_woTemplates_af3_seed_130567_sample_2_pred_812.cif,awaiting_extract,"MassiveFold model pool index only. It parses organizer-provided external model tarball listings and stages balanced extraction/rerank candidates. These models remain external rerank and accuracy-estimation inputs, not internal predictions, not CASP submissions, and not competitive-proof evidence."
4,T2313,T2313_T330,3637,T2313_all_pdbs/Model_4876_af3_woTemplates_af3_seed_641642_sample_1_pred_701.cif,Model_4876_af3_woTemplates_af3_seed_641642_sample_1_pred_701.cif,4876,AF3,af3_woTemplates,641642,1,701,woTemplates,,False,casp17/massivefold_external_pool_intake/t2313_t330/extracted_models/T2313_all_pdbs/Model_4876_af3_woTemplates_af3_seed_641642_sample_1_pred_701.cif,awaiting_extract,"MassiveFold model pool index only. It parses organizer-provided external model tarball listings and stages balanced extraction/rerank candidates. These models remain external rerank and accuracy-estimation inputs, not internal predictions, not CASP submissions, and not competitive-proof evidence."
4,T2313,T2313_T330,3645,T2313_all_pdbs/Model_7644_af3_woTemplates_af3_seed_841350_sample_1_pred_986.cif,Model_7644_af3_woTemplates_af3_seed_841350_sample_1_pred_986.cif,7644,AF3,af3_woTemplates,841350,1,986,woTemplates,,False,casp17/massivefold_external_pool_intake/t2313_t330/extracted_models/T2313_all_pdbs/Model_7644_af3_woTemplates_af3_seed_841350_sample_1_pred_986.cif,awaiting_extract,"MassiveFold model pool index only. It parses organizer-provided external model tarball listings and stages balanced extraction/rerank candidates. These models remain external rerank and accuracy-estimation inputs, not internal predictions, not CASP submissions, and not competitive-proof evidence."
4,T2313,T2313_T330,3702,T2313_all_pdbs/Model_4448_af3_woTemplates_af3_seed_48215_sample_2_pred_77.cif,Model_4448_af3_woTemplates_af3_seed_48215_sample_2_pred_77.cif,4448,AF3,af3_woTemplates,48215,2,77,woTemplates,,False,casp17/massivefold_external_pool_intake/t2313_t330/extracted_models/T2313_all_pdbs/Model_4448_af3_woTemplates_af3_seed_48215_sample_2_pred_77.cif,awaiting_extract,"MassiveFold model pool index only. It parses organizer-provided external model tarball listings and stages balanced extraction/rerank candidates. These models remain external rerank and accuracy-estimation inputs, not internal predictions, not CASP submissions, and not competitive-proof evidence."
4,T2313,T2313_T330,3716,T2313_all_pdbs/Model_6019_af3_woTemplates_af3_seed_994809_sample_4_pred_479.cif,Model_6019_af3_woTemplates_af3_seed_994809_sample_4_pred_479.cif,6019,AF3,af3_woTemplates,994809,4,479,woTemplates,,False,casp17/massivefold_external_pool_intake/t2313_t330/extracted_models/T2313_all_pdbs/Model_6019_af3_woTemplates_af3_seed_994809_sample_4_pred_479.cif,awaiting_extract,"MassiveFold model pool index only. It parses organizer-provided external model tarball listings and stages balanced extraction/rerank candidates. These models remain external rerank and accuracy-estimation inputs, not internal predictions, not CASP submissions, and not competitive-proof evidence."
4,T2313,T2313_T330,3721,T2313_all_pdbs/Model_5210_af3_woTemplates_af3_seed_841348_sample_0_pred_975.cif,Model_5210_af3_woTemplates_af3_seed_841348_sample_0_pred_975.cif,5210,AF3,af3_woTemplates,841348,0,975,woTemplates,,False,casp17/massivefold_external_pool_intake/t2313_t330/extracted_models/T2313_all_pdbs/Model_5210_af3_woTemplates_af3_seed_841348_sample_0_pred_975.cif,awaiting_extract,"MassiveFold model pool index only. It parses organizer-provided external model tarball listings and stages balanced extraction/rerank candidates. These models remain external rerank and accuracy-estimation inputs, not internal predictions, not CASP submissions, and not competitive-proof evidence."
4,T2313,T2313_T330,3743,T2313_all_pdbs/Model_4293_af3_woTemplates_af3_seed_48215_sample_0_pred_75.cif,Model_4293_af3_woTemplates_af3_seed_48215_sample_0_pred_75.cif,4293,AF3,af3_woTemplates,48215,0,75,woTemplates,,False,casp17/massivefold_external_pool_intake/t2313_t330/extracted_models/T2313_all_pdbs/Model_4293_af3_woTemplates_af3_seed_48215_sample_0_pred_75.cif,awaiting_extract,"MassiveFold model pool index only. It parses organizer-provided external model tarball listings and stages balanced extraction/rerank candidates. These models remain external rerank and accuracy-estimation inputs, not internal predictions, not CASP submissions, and not competitive-proof evidence."
4,T2313,T2313_T330,3762,T2313_all_pdbs/Model_5485_af3_woTemplates_af3_seed_641644_sample_3_pred_713.cif,Model_5485_af3_woTemplates_af3_seed_641644_sample_3_pred_713.cif,5485,AF3,af3_woTemplates,641644,3,713,woTemplates,,False,casp17/massivefold_external_pool_intake/t2313_t330/extracted_models/T2313_all_pdbs/Model_5485_af3_woTemplates_af3_seed_641644_sample_3_pred_713.cif,awaiting_extract,"MassiveFold model pool index only. It parses organizer-provided external model tarball listings and stages balanced extraction/rerank candidates. These models remain external rerank and accuracy-estimation inputs, not internal predictions, not CASP submissions, and not competitive-proof evidence."
4,T2313,T2313_T330,3780,T2313_all_pdbs/Model_6569_af3_woTemplates_af3_seed_256855_sample_0_pred_590.cif,Model_6569_af3_woTemplates_af3_seed_256855_sample_0_pred_590.cif,6569,AF3,af3_woTemplates,256855,0,590,woTemplates,,False,casp17/massivefold_external_pool_intake/t2313_t330/extracted_models/T2313_all_pdbs/Model_6569_af3_woTemplates_af3_seed_256855_sample_0_pred_590.cif,awaiting_extract,"MassiveFold model pool index only. It parses organizer-provided external model tarball listings and stages balanced extraction/rerank candidates. These models remain external rerank and accuracy-estimation inputs, not internal predictions, not CASP submissions, and not competitive-proof evidence."
4,T2313,T2313_T330,3783,T2313_all_pdbs/Model_4789_af3_woTemplates_af3_seed_897901_sample_3_pred_228.cif,Model_4789_af3_woTemplates_af3_seed_897901_sample_3_pred_228.cif,4789,AF3,af3_woTemplates,897901,3,228,woTemplates,,False,casp17/massivefold_external_pool_intake/t2313_t330/extracted_models/T2313_all_pdbs/Model_4789_af3_woTemplates_af3_seed_897901_sample_3_pred_228.cif,awaiting_extract,"MassiveFold model pool index only. It parses organizer-provided external model tarball listings and stages balanced extraction/rerank candidates. These models remain external rerank and accuracy-estimation inputs, not internal predictions, not CASP submissions, and not competitive-proof evidence."
4,T2313,T2313_T330,3789,T2313_all_pdbs/Model_4500_af3_woTemplates_af3_seed_641630_sample_1_pred_641.cif,Model_4500_af3_woTemplates_af3_seed_641630_sample_1_pred_641.cif,4500,AF3,af3_woTemplates,641630,1,641,woTemplates,,False,casp17/massivefold_external_pool_intake/t2313_t330/extracted_models/T2313_all_pdbs/Model_4500_af3_woTemplates_af3_seed_641630_sample_1_pred_641.cif,awaiting_extract,"MassiveFold model pool index only. It parses organizer-provided external model tarball listings and stages balanced extraction/rerank candidates. These models remain external rerank and accuracy-estimation inputs, not internal predictions, not CASP submissions, and not competitive-proof evidence."
4,T2313,T2313_T330,3796,T2313_all_pdbs/Model_5700_af3_woTemplates_af3_seed_994799_sample_2_pred_427.cif,Model_5700_af3_woTemplates_af3_seed_994799_sample_2_pred_427.cif,5700,AF3,af3_woTemplates,994799,2,427,woTemplates,,False,casp17/massivefold_external_pool_intake/t2313_t330/extracted_models/T2313_all_pdbs/Model_5700_af3_woTemplates_af3_seed_994799_sample_2_pred_427.cif,awaiting_extract,"MassiveFold model pool index only. It parses organizer-provided external model tarball listings and stages balanced extraction/rerank candidates. These models remain external rerank and accuracy-estimation inputs, not internal predictions, not CASP submissions, and not competitive-proof evidence."
4,T2313,T2313_T330,3819,T2313_all_pdbs/Model_7279_af3_woTemplates_af3_seed_897902_sample_0_pred_230.cif,Model_7279_af3_woTemplates_af3_seed_897902_sample_0_pred_230.cif,7279,AF3,af3_woTemplates,897902,0,230,woTemplates,,False,casp17/massivefold_external_pool_intake/t2313_t330/extracted_models/T2313_all_pdbs/Model_7279_af3_woTemplates_af3_seed_897902_sample_0_pred_230.cif,awaiting_extract,"MassiveFold model pool index only. It parses organizer-provided external model tarball listings and stages balanced extraction/rerank candidates. These models remain external rerank and accuracy-estimation inputs, not internal predictions, not CASP submissions, and not competitive-proof evidence."
4,T2313,T2313_T330,3826,T2313_all_pdbs/Model_4059_af3_woTemplates_af3_seed_841335_sample_1_pred_911.cif,Model_4059_af3_woTemplates_af3_seed_841335_sample_1_pred_911.cif,4059,AF3,af3_woTemplates,841335,1,911,woTemplates,,False,casp17/massivefold_external_pool_intake/t2313_t330/extracted_models/T2313_all_pdbs/Model_4059_af3_woTemplates_af3_seed_841335_sample_1_pred_911.cif,awaiting_extract,"MassiveFold model pool index only. It parses organizer-provided external model tarball listings and stages balanced extraction/rerank candidates. These models remain external rerank and accuracy-estimation inputs, not internal predictions, not CASP submissions, and not competitive-proof evidence."
4,T2313,T2313_T330,3828,T2313_all_pdbs/Model_6436_af3_woTemplates_af3_seed_256858_sample_1_pred_606.cif,Model_6436_af3_woTemplates_af3_seed_256858_sample_1_pred_606.cif,6436,AF3,af3_woTemplates,256858,1,606,woTemplates,,False,casp17/massivefold_external_pool_intake/t2313_t330/extracted_models/T2313_all_pdbs/Model_6436_af3_woTemplates_af3_seed_256858_sample_1_pred_606.cif,awaiting_extract,"MassiveFold model pool index only. It parses organizer-provided external model tarball listings and stages balanced extraction/rerank candidates. These models remain external rerank and accuracy-estimation inputs, not internal predictions, not CASP submissions, and not competitive-proof evidence."
4,T2313,T2313_T330,3832,T2313_all_pdbs/Model_5945_af3_woTemplates_af3_seed_641632_sample_2_pred_652.cif,Model_5945_af3_woTemplates_af3_seed_641632_sample_2_pred_652.cif,5945,AF3,af3_woTemplates,641632,2,652,woTemplates,,False,casp17/massivefold_external_pool_intake/t2313_t330/extracted_models/T2313_all_pdbs/Model_5945_af3_woTemplates_af3_seed_641632_sample_2_pred_652.cif,awaiting_extract,"MassiveFold model pool index only. It parses organizer-provided external model tarball listings and stages balanced extraction/rerank candidates. These models remain external rerank and accuracy-estimation inputs, not internal predictions, not CASP submissions, and not competitive-proof evidence."
4,T2313,T2313_T330,3840,T2313_all_pdbs/Model_6901_af3_woTemplates_af3_seed_897881_sample_3_pred_128.cif,Model_6901_af3_woTemplates_af3_seed_897881_sample_3_pred_128.cif,6901,AF3,af3_woTemplates,897881,3,128,woTemplates,,False,casp17/massivefold_external_pool_intake/t2313_t330/extracted_models/T2313_all_pdbs/Model_6901_af3_woTemplates_af3_seed_897881_sample_3_pred_128.cif,awaiting_extract,"MassiveFold model pool index only. It parses organizer-provided external model tarball listings and stages balanced extraction/rerank candidates. These models remain external rerank and accuracy-estimation inputs, not internal predictions, not CASP submissions, and not competitive-proof evidence."
4,T2313,T2313_T330,3843,T2313_all_pdbs/Model_6332_af3_woTemplates_af3_seed_897890_sample_0_pred_170.cif,Model_6332_af3_woTemplates_af3_seed_897890_sample_0_pred_170.cif,6332,AF3,af3_woTemplates,897890,0,170,woTemplates,,False,casp17/massivefold_external_pool_intake/t2313_t330/extracted_models/T2313_all_pdbs/Model_6332_af3_woTemplates_af3_seed_897890_sample_0_pred_170.cif,awaiting_extract,"MassiveFold model pool index only. It parses organizer-provided external model tarball listings and stages balanced extraction/rerank candidates. These models remain external rerank and accuracy-estimation inputs, not internal predictions, not CASP submissions, and not competitive-proof evidence."
4,T2313,T2313_T330,3862,T2313_all_pdbs/Model_5321_af3_woTemplates_af3_seed_641643_sample_2_pred_707.cif,Model_5321_af3_woTemplates_af3_seed_641643_sample_2_pred_707.cif,5321,AF3,af3_woTemplates,641643,2,707,woTemplates,,False,casp17/massivefold_external_pool_intake/t2313_t330/extracted_models/T2313_all_pdbs/Model_5321_af3_woTemplates_af3_seed_641643_sample_2_pred_707.cif,awaiting_extract,"MassiveFold model pool index only. It parses organizer-provided external model tarball listings and stages balanced extraction/rerank candidates. These models remain external rerank and accuracy-estimation inputs, not internal predictions, not CASP submissions, and not competitive-proof evidence."
4,T2313,T2313_T330,3874,T2313_all_pdbs/Model_5368_af3_woTemplates_af3_seed_256844_sample_1_pred_536.cif,Model_5368_af3_woTemplates_af3_seed_256844_sample_1_pred_536.cif,5368,AF3,af3_woTemplates,256844,1,536,woTemplates,,False,casp17/massivefold_external_pool_intake/t2313_t330/extracted_models/T2313_all_pdbs/Model_5368_af3_woTemplates_af3_seed_256844_sample_1_pred_536.cif,awaiting_extract,"MassiveFold model pool index only. It parses organizer-provided external model tarball listings and stages balanced extraction/rerank candidates. These models remain external rerank and accuracy-estimation inputs, not internal predictions, not CASP submissions, and not competitive-proof evidence."
4,T2313,T2313_T330,3878,T2313_all_pdbs/Model_4174_af3_woTemplates_af3_seed_841340_sample_4_pred_939.cif,Model_4174_af3_woTemplates_af3_seed_841340_sample_4_pred_939.cif,4174,AF3,af3_woTemplates,841340,4,939,woTemplates,,False,casp17/massivefold_external_pool_intake/t2313_t330/extracted_models/T2313_all_pdbs/Model_4174_af3_woTemplates_af3_seed_841340_sample_4_pred_939.cif,awaiting_extract,"MassiveFold model pool index only. It parses organizer-provided external model tarball listings and stages balanced extraction/rerank candidates. These models remain external rerank and accuracy-estimation inputs, not internal predictions, not CASP submissions, and not competitive-proof evidence."
4,T2313,T2313_T330,3883,T2313_all_pdbs/Model_8163_af3_woTemplates_af3_seed_130565_sample_0_pred_800.cif,Model_8163_af3_woTemplates_af3_seed_130565_sample_0_pred_800.cif,8163,AF3,af3_woTemplates,130565,0,800,woTemplates,,False,casp17/massivefold_external_pool_intake/t2313_t330/extracted_models/T2313_all_pdbs/Model_8163_af3_woTemplates_af3_seed_130565_sample_0_pred_800.cif,awaiting_extract,"MassiveFold model pool index only. It parses organizer-provided external model tarball listings and stages balanced extraction/rerank candidates. These models remain external rerank and accuracy-estimation inputs, not internal predictions, not CASP submissions, and not competitive-proof evidence."
4,T2313,T2313_T330,3895,T2313_all_pdbs/Model_3802_af3_woTemplates_af3_seed_256857_sample_4_pred_604.cif,Model_3802_af3_woTemplates_af3_seed_256857_sample_4_pred_604.cif,3802,AF3,af3_woTemplates,256857,4,604,woTemplates,,False,casp17/massivefold_external_pool_intake/t2313_t330/extracted_models/T2313_all_pdbs/Model_3802_af3_woTemplates_af3_seed_256857_sample_4_pred_604.cif,awaiting_extract,"MassiveFold model pool index only. It parses organizer-provided external model tarball listings and stages balanced extraction/rerank candidates. These models remain external rerank and accuracy-estimation inputs, not internal predictions, not CASP submissions, and not competitive-proof evidence."
4,T2313,T2313_T330,3923,T2313_all_pdbs/Model_3625_af3_woTemplates_af3_seed_256848_sample_3_pred_558.cif,Model_3625_af3_woTemplates_af3_seed_256848_sample_3_pred_558.cif,3625,AF3,af3_woTemplates,256848,3,558,woTemplates,,False,casp17/massivefold_external_pool_intake/t2313_t330/extracted_models/T2313_all_pdbs/Model_3625_af3_woTemplates_af3_seed_256848_sample_3_pred_558.cif,awaiting_extract,"MassiveFold model pool index only. It parses organizer-provided external model tarball listings and stages balanced extraction/rerank candidates. These models remain external rerank and accuracy-estimation inputs, not internal predictions, not CASP submissions, and not competitive-proof evidence."
4,T2313,T2313_T330,3928,T2313_all_pdbs/Model_5549_af3_woTemplates_af3_seed_994801_sample_3_pred_438.cif,Model_5549_af3_woTemplates_af3_seed_994801_sample_3_pred_438.cif,5549,AF3,af3_woTemplates,994801,3,438,woTemplates,,False,casp17/massivefold_external_pool_intake/t2313_t330/extracted_models/T2313_all_pdbs/Model_5549_af3_woTemplates_af3_seed_994801_sample_3_pred_438.cif,awaiting_extract,"MassiveFold model pool index only. It parses organizer-provided external model tarball listings and stages balanced extraction/rerank candidates. These models remain external rerank and accuracy-estimation inputs, not internal predictions, not CASP submissions, and not competitive-proof evidence."
4,T2313,T2313_T330,3929,T2313_all_pdbs/Model_9140_af3_woTemplates_af3_seed_130565_sample_1_pred_801.cif,Model_9140_af3_woTemplates_af3_seed_130565_sample_1_pred_801.cif,9140,AF3,af3_woTemplates,130565,1,801,woTemplates,,False,casp17/massivefold_external_pool_intake/t2313_t330/extracted_models/T2313_all_pdbs/Model_9140_af3_woTemplates_af3_seed_130565_sample_1_pred_801.cif,awaiting_extract,"MassiveFold model pool index only. It parses organizer-provided external model tarball listings and stages balanced extraction/rerank candidates. These models remain external rerank and accuracy-estimation inputs, not internal predictions, not CASP submissions, and not competitive-proof evidence."
4,T2313,T2313_T330,3941,T2313_all_pdbs/Model_5910_af3_woTemplates_af3_seed_384897_sample_3_pred_318.cif,Model_5910_af3_woTemplates_af3_seed_384897_sample_3_pred_318.cif,5910,AF3,af3_woTemplates,384897,3,318,woTemplates,,False,casp17/massivefold_external_pool_intake/t2313_t330/extracted_models/T2313_all_pdbs/Model_5910_af3_woTemplates_af3_seed_384897_sample_3_pred_318.cif,awaiting_extract,"MassiveFold model pool index only. It parses organizer-provided external model tarball listings and stages balanced extraction/rerank candidates. These models remain external rerank and accuracy-estimation inputs, not internal predictions, not CASP submissions, and not competitive-proof evidence."
4,T2313,T2313_T330,3943,T2313_all_pdbs/Model_5544_af3_woTemplates_af3_seed_897891_sample_4_pred_179.cif,Model_5544_af3_woTemplates_af3_seed_897891_sample_4_pred_179.cif,5544,AF3,af3_woTemplates,897891,4,179,woTemplates,,False,casp17/massivefold_external_pool_intake/t2313_t330/extracted_models/T2313_all_pdbs/Model_5544_af3_woTemplates_af3_seed_897891_sample_4_pred_179.cif,awaiting_extract,"MassiveFold model pool index only. It parses organizer-provided external model tarball listings and stages balanced extraction/rerank candidates. These models remain external rerank and accuracy-estimation inputs, not internal predictions, not CASP submissions, and not competitive-proof evidence."
4,T2313,T2313_T330,3952,T2313_all_pdbs/Model_5181_af3_woTemplates_af3_seed_641650_sample_2_pred_742.cif,Model_5181_af3_woTemplates_af3_seed_641650_sample_2_pred_742.cif,5181,AF3,af3_woTemplates,641650,2,742,woTemplates,,False,casp17/massivefold_external_pool_intake/t2313_t330/extracted_models/T2313_all_pdbs/Model_5181_af3_woTemplates_af3_seed_641650_sample_2_pred_742.cif,awaiting_extract,"MassiveFold model pool index only. It parses organizer-provided external model tarball listings and stages balanced extraction/rerank candidates. These models remain external rerank and accuracy-estimation inputs, not internal predictions, not CASP submissions, and not competitive-proof evidence."
4,T2313,T2313_T330,3969,T2313_all_pdbs/Model_4144_af3_woTemplates_af3_seed_384891_sample_2_pred_287.cif,Model_4144_af3_woTemplates_af3_seed_384891_sample_2_pred_287.cif,4144,AF3,af3_woTemplates,384891,2,287,woTemplates,,False,casp17/massivefold_external_pool_intake/t2313_t330/extracted_models/T2313_all_pdbs/Model_4144_af3_woTemplates_af3_seed_384891_sample_2_pred_287.cif,awaiting_extract,"MassiveFold model pool index only. It parses organizer-provided external model tarball listings and stages balanced extraction/rerank candidates. These models remain external rerank and accuracy-estimation inputs, not internal predictions, not CASP submissions, and not competitive-proof evidence."
4,T2313,T2313_T330,3971,T2313_all_pdbs/Model_7663_af3_woTemplates_af3_seed_384885_sample_0_pred_255.cif,Model_7663_af3_woTemplates_af3_seed_384885_sample_0_pred_255.cif,7663,AF3,af3_woTemplates,384885,0,255,woTemplates,,False,casp17/massivefold_external_pool_intake/t2313_t330/extracted_models/T2313_all_pdbs/Model_7663_af3_woTemplates_af3_seed_384885_sample_0_pred_255.cif,awaiting_extract,"MassiveFold model pool index only. It parses organizer-provided external model tarball listings and stages balanced extraction/rerank candidates. These models remain external rerank and accuracy-estimation inputs, not internal predictions, not CASP submissions, and not competitive-proof evidence."
4,T2313,T2313_T330,3974,T2313_all_pdbs/Model_8169_af3_woTemplates_af3_seed_897885_sample_3_pred_148.cif,Model_8169_af3_woTemplates_af3_seed_897885_sample_3_pred_148.cif,8169,AF3,af3_woTemplates,897885,3,148,woTemplates,,False,casp17/massivefold_external_pool_intake/t2313_t330/extracted_models/T2313_all_pdbs/Model_8169_af3_woTemplates_af3_seed_897885_sample_3_pred_148.cif,awaiting_extract,"MassiveFold model pool index only. It parses organizer-provided external model tarball listings and stages balanced extraction/rerank candidates. These models remain external rerank and accuracy-estimation inputs, not internal predictions, not CASP submissions, and not competitive-proof evidence."
4,T2313,T2313_T330,3981,T2313_all_pdbs/Model_4884_af3_woTemplates_af3_seed_641634_sample_2_pred_662.cif,Model_4884_af3_woTemplates_af3_seed_641634_sample_2_pred_662.cif,4884,AF3,af3_woTemplates,641634,2,662,woTemplates,,False,casp17/massivefold_external_pool_intake/t2313_t330/extracted_models/T2313_all_pdbs/Model_4884_af3_woTemplates_af3_seed_641634_sample_2_pred_662.cif,awaiting_extract,"MassiveFold model pool index only. It parses organizer-provided external model tarball listings and stages balanced extraction/rerank candidates. These models remain external rerank and accuracy-estimation inputs, not internal predictions, not CASP submissions, and not competitive-proof evidence."
4,T2313,T2313_T330,3995,T2313_all_pdbs/Model_6693_af3_woTemplates_af3_seed_897890_sample_1_pred_171.cif,Model_6693_af3_woTemplates_af3_seed_897890_sample_1_pred_171.cif,6693,AF3,af3_woTemplates,897890,1,171,woTemplates,,False,casp17/massivefold_external_pool_intake/t2313_t330/extracted_models/T2313_all_pdbs/Model_6693_af3_woTemplates_af3_seed_897890_sample_1_pred_171.cif,awaiting_extract,"MassiveFold model pool index only. It parses organizer-provided external model tarball listings and stages balanced extraction/rerank candidates. These models remain external rerank and accuracy-estimation inputs, not internal predictions, not CASP submissions, and not competitive-proof evidence."
4,T2313,T2313_T330,4001,T2313_all_pdbs/Model_7175_af3_woTemplates_af3_seed_841338_sample_3_pred_928.cif,Model_7175_af3_woTemplates_af3_seed_841338_sample_3_pred_928.cif,7175,AF3,af3_woTemplates,841338,3,928,woTemplates,,False,casp17/massivefold_external_pool_intake/t2313_t330/extracted_models/T2313_all_pdbs/Model_7175_af3_woTemplates_af3_seed_841338_sample_3_pred_928.cif,awaiting_extract,"MassiveFold model pool index only. It parses organizer-provided external model tarball listings and stages balanced extraction/rerank candidates. These models remain external rerank and accuracy-estimation inputs, not internal predictions, not CASP submissions, and not competitive-proof evidence."
4,T2313,T2313_T330,4003,T2313_all_pdbs/Model_6086_af3_woTemplates_af3_seed_994792_sample_0_pred_390.cif,Model_6086_af3_woTemplates_af3_seed_994792_sample_0_pred_390.cif,6086,AF3,af3_woTemplates,994792,0,390,woTemplates,,False,casp17/massivefold_external_pool_intake/t2313_t330/extracted_models/T2313_all_pdbs/Model_6086_af3_woTemplates_af3_seed_994792_sample_0_pred_390.cif,awaiting_extract,"MassiveFold model pool index only. It parses organizer-provided external model tarball listings and stages balanced extraction/rerank candidates. These models remain external rerank and accuracy-estimation inputs, not internal predictions, not CASP submissions, and not competitive-proof evidence."
4,T2313,T2313_T330,4015,T2313_all_pdbs/Model_6267_af3_woTemplates_af3_seed_384900_sample_3_pred_333.cif,Model_6267_af3_woTemplates_af3_seed_384900_sample_3_pred_333.cif,6267,AF3,af3_woTemplates,384900,3,333,woTemplates,,False,casp17/massivefold_external_pool_intake/t2313_t330/extracted_models/T2313_all_pdbs/Model_6267_af3_woTemplates_af3_seed_384900_sample_3_pred_333.cif,awaiting_extract,"MassiveFold model pool index only. It parses organizer-provided external model tarball listings and stages balanced extraction/rerank candidates. These models remain external rerank and accuracy-estimation inputs, not internal predictions, not CASP submissions, and not competitive-proof evidence."
4,T2313,T2313_T330,4020,T2313_all_pdbs/Model_6160_af3_woTemplates_af3_seed_641633_sample_2_pred_657.cif,Model_6160_af3_woTemplates_af3_seed_641633_sample_2_pred_657.cif,6160,AF3,af3_woTemplates,641633,2,657,woTemplates,,False,casp17/massivefold_external_pool_intake/t2313_t330/extracted_models/T2313_all_pdbs/Model_6160_af3_woTemplates_af3_seed_641633_sample_2_pred_657.cif,awaiting_extract,"MassiveFold model pool index only. It parses organizer-provided external model tarball listings and stages balanced extraction/rerank candidates. These models remain external rerank and accuracy-estimation inputs, not internal predictions, not CASP submissions, and not competitive-proof evidence."
4,T2313,T2313_T330,4026,T2313_all_pdbs/Model_4021_af3_woTemplates_af3_seed_994798_sample_1_pred_421.cif,Model_4021_af3_woTemplates_af3_seed_994798_sample_1_pred_421.cif,4021,AF3,af3_woTemplates,994798,1,421,woTemplates,,False,casp17/massivefold_external_pool_intake/t2313_t330/extracted_models/T2313_all_pdbs/Model_4021_af3_woTemplates_af3_seed_994798_sample_1_pred_421.cif,awaiting_extract,"MassiveFold model pool index only. It parses organizer-provided external model tarball listings and stages balanced extraction/rerank candidates. These models remain external rerank and accuracy-estimation inputs, not internal predictions, not CASP submissions, and not competitive-proof evidence."
4,T2313,T2313_T330,4037,T2313_all_pdbs/Model_6831_af3_woTemplates_af3_seed_994810_sample_0_pred_480.cif,Model_6831_af3_woTemplates_af3_seed_994810_sample_0_pred_480.cif,6831,AF3,af3_woTemplates,994810,0,480,woTemplates,,False,casp17/massivefold_external_pool_intake/t2313_t330/extracted_models/T2313_all_pdbs/Model_6831_af3_woTemplates_af3_seed_994810_sample_0_pred_480.cif,awaiting_extract,"MassiveFold model pool index only. It parses organizer-provided external model tarball listings and stages balanced extraction/rerank candidates. These models remain external rerank and accuracy-estimation inputs, not internal predictions, not CASP submissions, and not competitive-proof evidence."
4,T2313,T2313_T330,4044,T2313_all_pdbs/Model_5947_af3_woTemplates_af3_seed_256838_sample_4_pred_509.cif,Model_5947_af3_woTemplates_af3_seed_256838_sample_4_pred_509.cif,5947,AF3,af3_woTemplates,256838,4,509,woTemplates,,False,casp17/massivefold_external_pool_intake/t2313_t330/extracted_models/T2313_all_pdbs/Model_5947_af3_woTemplates_af3_seed_256838_sample_4_pred_509.cif,awaiting_extract,"MassiveFold model pool index only. It parses organizer-provided external model tarball listings and stages balanced extraction/rerank candidates. These models remain external rerank and accuracy-estimation inputs, not internal predictions, not CASP submissions, and not competitive-proof evidence."
4,T2313,T2313_T330,4057,T2313_all_pdbs/Model_5318_af3_woTemplates_af3_seed_897892_sample_4_pred_184.cif,Model_5318_af3_woTemplates_af3_seed_897892_sample_4_pred_184.cif,5318,AF3,af3_woTemplates,897892,4,184,woTemplates,,False,casp17/massivefold_external_pool_intake/t2313_t330/extracted_models/T2313_all_pdbs/Model_5318_af3_woTemplates_af3_seed_897892_sample_4_pred_184.cif,awaiting_extract,"MassiveFold model pool index only. It parses organizer-provided external model tarball listings and stages balanced extraction/rerank candidates. These models remain external rerank and accuracy-estimation inputs, not internal predictions, not CASP submissions, and not competitive-proof evidence."
4,T2313,T2313_T330,4073,T2313_all_pdbs/Model_5017_af3_woTemplates_af3_seed_641642_sample_0_pred_700.cif,Model_5017_af3_woTemplates_af3_seed_641642_sample_0_pred_700.cif,5017,AF3,af3_woTemplates,641642,0,700,woTemplates,,False,casp17/massivefold_external_pool_intake/t2313_t330/extracted_models/T2313_all_pdbs/Model_5017_af3_woTemplates_af3_seed_641642_sample_0_pred_700.cif,awaiting_extract,"MassiveFold model pool index only. It parses organizer-provided external model tarball listings and stages balanced extraction/rerank candidates. These models remain external rerank and accuracy-estimation inputs, not internal predictions, not CASP submissions, and not competitive-proof evidence."
4,T2313,T2313_T330,4080,T2313_all_pdbs/Model_5971_af3_woTemplates_af3_seed_130569_sample_3_pred_823.cif,Model_5971_af3_woTemplates_af3_seed_130569_sample_3_pred_823.cif,5971,AF3,af3_woTemplates,130569,3,823,woTemplates,,False,casp17/massivefold_external_pool_intake/t2313_t330/extracted_models/T2313_all_pdbs/Model_5971_af3_woTemplates_af3_seed_130569_sample_3_pred_823.cif,awaiting_extract,"MassiveFold model pool index only. It parses organizer-provided external model tarball listings and stages balanced extraction/rerank candidates. These models remain external rerank and accuracy-estimation inputs, not internal predictions, not CASP submissions, and not competitive-proof evidence."
4,T2313,T2313_T330,4092,T2313_all_pdbs/Model_7157_af3_woTemplates_af3_seed_994795_sample_4_pred_409.cif,Model_7157_af3_woTemplates_af3_seed_994795_sample_4_pred_409.cif,7157,AF3,af3_woTemplates,994795,4,409,woTemplates,,False,casp17/massivefold_external_pool_intake/t2313_t330/extracted_models/T2313_all_pdbs/Model_7157_af3_woTemplates_af3_seed_994795_sample_4_pred_409.cif,awaiting_extract,"MassiveFold model pool index only. It parses organizer-provided external model tarball listings and stages balanced extraction/rerank candidates. These models remain external rerank and accuracy-estimation inputs, not internal predictions, not CASP submissions, and not competitive-proof evidence."
4,T2313,T2313_T330,4093,T2313_all_pdbs/Model_4499_af3_woTemplates_af3_seed_841340_sample_3_pred_938.cif,Model_4499_af3_woTemplates_af3_seed_841340_sample_3_pred_938.cif,4499,AF3,af3_woTemplates,841340,3,938,woTemplates,,False,casp17/massivefold_external_pool_intake/t2313_t330/extracted_models/T2313_all_pdbs/Model_4499_af3_woTemplates_af3_seed_841340_sample_3_pred_938.cif,awaiting_extract,"MassiveFold model pool index only. It parses organizer-provided external model tarball listings and stages balanced extraction/rerank candidates. These models remain external rerank and accuracy-estimation inputs, not internal predictions, not CASP submissions, and not competitive-proof evidence."
4,T2313,T2313_T330,4109,T2313_all_pdbs/Model_5447_af3_woTemplates_af3_seed_897892_sample_1_pred_181.cif,Model_5447_af3_woTemplates_af3_seed_897892_sample_1_pred_181.cif,5447,AF3,af3_woTemplates,897892,1,181,woTemplates,,False,casp17/massivefold_external_pool_intake/t2313_t330/extracted_models/T2313_all_pdbs/Model_5447_af3_woTemplates_af3_seed_897892_sample_1_pred_181.cif,awaiting_extract,"MassiveFold model pool index only. It parses organizer-provided external model tarball listings and stages balanced extraction/rerank candidates. These models remain external rerank and accuracy-estimation inputs, not internal predictions, not CASP submissions, and not competitive-proof evidence."
4,T2313,T2313_T330,4133,T2313_all_pdbs/Model_7166_af3_woTemplates_af3_seed_897900_sample_2_pred_222.cif,Model_7166_af3_woTemplates_af3_seed_897900_sample_2_pred_222.cif,7166,AF3,af3_woTemplates,897900,2,222,woTemplates,,False,casp17/massivefold_external_pool_intake/t2313_t330/extracted_models/T2313_all_pdbs/Model_7166_af3_woTemplates_af3_seed_897900_sample_2_pred_222.cif,awaiting_extract,"MassiveFold model pool index only. It parses organizer-provided external model tarball listings and stages balanced extraction/rerank candidates. These models remain external rerank and accuracy-estimation inputs, not internal predictions, not CASP submissions, and not competitive-proof evidence."
4,T2313,T2313_T330,4143,T2313_all_pdbs/Model_7167_af3_woTemplates_af3_seed_130565_sample_3_pred_803.cif,Model_7167_af3_woTemplates_af3_seed_130565_sample_3_pred_803.cif,7167,AF3,af3_woTemplates,130565,3,803,woTemplates,,False,casp17/massivefold_external_pool_intake/t2313_t330/extracted_models/T2313_all_pdbs/Model_7167_af3_woTemplates_af3_seed_130565_sample_3_pred_803.cif,awaiting_extract,"MassiveFold model pool index only. It parses organizer-provided external model tarball listings and stages balanced extraction/rerank candidates. These models remain external rerank and accuracy-estimation inputs, not internal predictions, not CASP submissions, and not competitive-proof evidence."
4,T2313,T2313_T330,4150,T2313_all_pdbs/Model_5685_af3_woTemplates_af3_seed_897894_sample_3_pred_193.cif,Model_5685_af3_woTemplates_af3_seed_897894_sample_3_pred_193.cif,5685,AF3,af3_woTemplates,897894,3,193,woTemplates,,False,casp17/massivefold_external_pool_intake/t2313_t330/extracted_models/T2313_all_pdbs/Model_5685_af3_woTemplates_af3_seed_897894_sample_3_pred_193.cif,awaiting_extract,"MassiveFold model pool index only. It parses organizer-provided external model tarball listings and stages balanced extraction/rerank candidates. These models remain external rerank and accuracy-estimation inputs, not internal predictions, not CASP submissions, and not competitive-proof evidence."
4,T2313,T2313_T330,4175,T2313_all_pdbs/Model_4069_af3_woTemplates_af3_seed_256857_sample_2_pred_602.cif,Model_4069_af3_woTemplates_af3_seed_256857_sample_2_pred_602.cif,4069,AF3,af3_woTemplates,256857,2,602,woTemplates,,False,casp17/massivefold_external_pool_intake/t2313_t330/extracted_models/T2313_all_pdbs/Model_4069_af3_woTemplates_af3_seed_256857_sample_2_pred_602.cif,awaiting_extract,"MassiveFold model pool index only. It parses organizer-provided external model tarball listings and stages balanced extraction/rerank candidates. These models remain external rerank and accuracy-estimation inputs, not internal predictions, not CASP submissions, and not competitive-proof evidence."
4,T2313,T2313_T330,4187,T2313_all_pdbs/Model_5106_af3_woTemplates_af3_seed_130560_sample_3_pred_778.cif,Model_5106_af3_woTemplates_af3_seed_130560_sample_3_pred_778.cif,5106,AF3,af3_woTemplates,130560,3,778,woTemplates,,False,casp17/massivefold_external_pool_intake/t2313_t330/extracted_models/T2313_all_pdbs/Model_5106_af3_woTemplates_af3_seed_130560_sample_3_pred_778.cif,awaiting_extract,"MassiveFold model pool index only. It parses organizer-provided external model tarball listings and stages balanced extraction/rerank candidates. These models remain external rerank and accuracy-estimation inputs, not internal predictions, not CASP submissions, and not competitive-proof evidence."
4,T2313,T2313_T330,4211,T2313_all_pdbs/Model_5701_af3_woTemplates_af3_seed_384886_sample_0_pred_260.cif,Model_5701_af3_woTemplates_af3_seed_384886_sample_0_pred_260.cif,5701,AF3,af3_woTemplates,384886,0,260,woTemplates,,False,casp17/massivefold_external_pool_intake/t2313_t330/extracted_models/T2313_all_pdbs/Model_5701_af3_woTemplates_af3_seed_384886_sample_0_pred_260.cif,awaiting_extract,"MassiveFold model pool index only. It parses organizer-provided external model tarball listings and stages balanced extraction/rerank candidates. These models remain external rerank and accuracy-estimation inputs, not internal predictions, not CASP submissions, and not competitive-proof evidence."
4,T2313,T2313_T330,4233,T2313_all_pdbs/Model_6278_af3_woTemplates_af3_seed_130561_sample_1_pred_781.cif,Model_6278_af3_woTemplates_af3_seed_130561_sample_1_pred_781.cif,6278,AF3,af3_woTemplates,130561,1,781,woTemplates,,False,casp17/massivefold_external_pool_intake/t2313_t330/extracted_models/T2313_all_pdbs/Model_6278_af3_woTemplates_af3_seed_130561_sample_1_pred_781.cif,awaiting_extract,"MassiveFold model pool index only. It parses organizer-provided external model tarball listings and stages balanced extraction/rerank candidates. These models remain external rerank and accuracy-estimation inputs, not internal predictions, not CASP submissions, and not competitive-proof evidence."
4,T2313,T2313_T330,4274,T2313_all_pdbs/Model_6337_af3_woTemplates_af3_seed_897886_sample_2_pred_152.cif,Model_6337_af3_woTemplates_af3_seed_897886_sample_2_pred_152.cif,6337,AF3,af3_woTemplates,897886,2,152,woTemplates,,False,casp17/massivefold_external_pool_intake/t2313_t330/extracted_models/T2313_all_pdbs/Model_6337_af3_woTemplates_af3_seed_897886_sample_2_pred_152.cif,awaiting_extract,"MassiveFold model pool index only. It parses organizer-provided external model tarball listings and stages balanced extraction/rerank candidates. These models remain external rerank and accuracy-estimation inputs, not internal predictions, not CASP submissions, and not competitive-proof evidence."
4,T2313,T2313_T330,4315,T2313_all_pdbs/Model_7655_af3_woTemplates_af3_seed_897884_sample_0_pred_140.cif,Model_7655_af3_woTemplates_af3_seed_897884_sample_0_pred_140.cif,7655,AF3,af3_woTemplates,897884,0,140,woTemplates,,False,casp17/massivefold_external_pool_intake/t2313_t330/extracted_models/T2313_all_pdbs/Model_7655_af3_woTemplates_af3_seed_897884_sample_0_pred_140.cif,awaiting_extract,"MassiveFold model pool index only. It parses organizer-provided external model tarball listings and stages balanced extraction/rerank candidates. These models remain external rerank and accuracy-estimation inputs, not internal predictions, not CASP submissions, and not competitive-proof evidence."
4,T2313,T2313_T330,4316,T2313_all_pdbs/Model_8170_af3_woTemplates_af3_seed_48216_sample_0_pred_80.cif,Model_8170_af3_woTemplates_af3_seed_48216_sample_0_pred_80.cif,8170,AF3,af3_woTemplates,48216,0,80,woTemplates,,False,casp17/massivefold_external_pool_intake/t2313_t330/extracted_models/T2313_all_pdbs/Model_8170_af3_woTemplates_af3_seed_48216_sample_0_pred_80.cif,awaiting_extract,"MassiveFold model pool index only. It parses organizer-provided external model tarball listings and stages balanced extraction/rerank candidates. These models remain external rerank and accuracy-estimation inputs, not internal predictions, not CASP submissions, and not competitive-proof evidence."
4,T2313,T2313_T330,4325,T2313_all_pdbs/Model_5326_af3_woTemplates_af3_seed_256842_sample_2_pred_527.cif,Model_5326_af3_woTemplates_af3_seed_256842_sample_2_pred_527.cif,5326,AF3,af3_woTemplates,256842,2,527,woTemplates,,False,casp17/massivefold_external_pool_intake/t2313_t330/extracted_models/T2313_all_pdbs/Model_5326_af3_woTemplates_af3_seed_256842_sample_2_pred_527.cif,awaiting_extract,"MassiveFold model pool index only. It parses organizer-provided external model tarball listings and stages balanced extraction/rerank candidates. These models remain external rerank and accuracy-estimation inputs, not internal predictions, not CASP submissions, and not competitive-proof evidence."
4,T2313,T2313_T330,4328,T2313_all_pdbs/Model_6688_af3_woTemplates_af3_seed_48214_sample_2_pred_72.cif,Model_6688_af3_woTemplates_af3_seed_48214_sample_2_pred_72.cif,6688,AF3,af3_woTemplates,48214,2,72,woTemplates,,False,casp17/massivefold_external_pool_intake/t2313_t330/extracted_models/T2313_all_pdbs/Model_6688_af3_woTemplates_af3_seed_48214_sample_2_pred_72.cif,awaiting_extract,"MassiveFold model pool index only. It parses organizer-provided external model tarball listings and stages balanced extraction/rerank candidates. These models remain external rerank and accuracy-estimation inputs, not internal predictions, not CASP submissions, and not competitive-proof evidence."
4,T2313,T2313_T330,4348,T2313_all_pdbs/Model_4796_af3_woTemplates_af3_seed_841341_sample_2_pred_942.cif,Model_4796_af3_woTemplates_af3_seed_841341_sample_2_pred_942.cif,4796,AF3,af3_woTemplates,841341,2,942,woTemplates,,False,casp17/massivefold_external_pool_intake/t2313_t330/extracted_models/T2313_all_pdbs/Model_4796_af3_woTemplates_af3_seed_841341_sample_2_pred_942.cif,awaiting_extract,"MassiveFold model pool index only. It parses organizer-provided external model tarball listings and stages balanced extraction/rerank candidates. These models remain external rerank and accuracy-estimation inputs, not internal predictions, not CASP submissions, and not competitive-proof evidence."
4,T2313,T2313_T330,4350,T2313_all_pdbs/Model_7796_af3_woTemplates_af3_seed_256853_sample_2_pred_582.cif,Model_7796_af3_woTemplates_af3_seed_256853_sample_2_pred_582.cif,7796,AF3,af3_woTemplates,256853,2,582,woTemplates,,False,casp17/massivefold_external_pool_intake/t2313_t330/extracted_models/T2313_all_pdbs/Model_7796_af3_woTemplates_af3_seed_256853_sample_2_pred_582.cif,awaiting_extract,"MassiveFold model pool index only. It parses organizer-provided external model tarball listings and stages balanced extraction/rerank candidates. These models remain external rerank and accuracy-estimation inputs, not internal predictions, not CASP submissions, and not competitive-proof evidence."
4,T2313,T2313_T330,4360,T2313_all_pdbs/Model_5289_af3_woTemplates_af3_seed_994801_sample_4_pred_439.cif,Model_5289_af3_woTemplates_af3_seed_994801_sample_4_pred_439.cif,5289,AF3,af3_woTemplates,994801,4,439,woTemplates,,False,casp17/massivefold_external_pool_intake/t2313_t330/extracted_models/T2313_all_pdbs/Model_5289_af3_woTemplates_af3_seed_994801_sample_4_pred_439.cif,awaiting_extract,"MassiveFold model pool index only. It parses organizer-provided external model tarball listings and stages balanced extraction/rerank candidates. These models remain external rerank and accuracy-estimation inputs, not internal predictions, not CASP submissions, and not competitive-proof evidence."
4,T2313,T2313_T330,4388,T2313_all_pdbs/Model_3229_af3_woTemplates_af3_seed_48203_sample_4_pred_19.cif,Model_3229_af3_woTemplates_af3_seed_48203_sample_4_pred_19.cif,3229,AF3,af3_woTemplates,48203,4,19,woTemplates,,False,casp17/massivefold_external_pool_intake/t2313_t330/extracted_models/T2313_all_pdbs/Model_3229_af3_woTemplates_af3_seed_48203_sample_4_pred_19.cif,awaiting_extract,"MassiveFold model pool index only. It parses organizer-provided external model tarball listings and stages balanced extraction/rerank candidates. These models remain external rerank and accuracy-estimation inputs, not internal predictions, not CASP submissions, and not competitive-proof evidence."
4,T2313,T2313_T330,4395,T2313_all_pdbs/Model_9490_af3_woTemplates_af3_seed_897884_sample_4_pred_144.cif,Model_9490_af3_woTemplates_af3_seed_897884_sample_4_pred_144.cif,9490,AF3,af3_woTemplates,897884,4,144,woTemplates,,False,casp17/massivefold_external_pool_intake/t2313_t330/extracted_models/T2313_all_pdbs/Model_9490_af3_woTemplates_af3_seed_897884_sample_4_pred_144.cif,awaiting_extract,"MassiveFold model pool index only. It parses organizer-provided external model tarball listings and stages balanced extraction/rerank candidates. These models remain external rerank and accuracy-estimation inputs, not internal predictions, not CASP submissions, and not competitive-proof evidence."
4,T2313,T2313_T330,4397,T2313_all_pdbs/Model_7173_af3_woTemplates_af3_seed_384898_sample_2_pred_322.cif,Model_7173_af3_woTemplates_af3_seed_384898_sample_2_pred_322.cif,7173,AF3,af3_woTemplates,384898,2,322,woTemplates,,False,casp17/massivefold_external_pool_intake/t2313_t330/extracted_models/T2313_all_pdbs/Model_7173_af3_woTemplates_af3_seed_384898_sample_2_pred_322.cif,awaiting_extract,"MassiveFold model pool index only. It parses organizer-provided external model tarball listings and stages balanced extraction/rerank candidates. These models remain external rerank and accuracy-estimation inputs, not internal predictions, not CASP submissions, and not competitive-proof evidence."
4,T2313,T2313_T330,4401,T2313_all_pdbs/Model_3313_af3_woTemplates_af3_seed_384889_sample_3_pred_278.cif,Model_3313_af3_woTemplates_af3_seed_384889_sample_3_pred_278.cif,3313,AF3,af3_woTemplates,384889,3,278,woTemplates,,False,casp17/massivefold_external_pool_intake/t2313_t330/extracted_models/T2313_all_pdbs/Model_3313_af3_woTemplates_af3_seed_384889_sample_3_pred_278.cif,awaiting_extract,"MassiveFold model pool index only. It parses organizer-provided external model tarball listings and stages balanced extraction/rerank candidates. These models remain external rerank and accuracy-estimation inputs, not internal predictions, not CASP submissions, and not competitive-proof evidence."
4,T2313,T2313_T330,4411,T2313_all_pdbs/Model_6437_af3_woTemplates_af3_seed_48217_sample_0_pred_85.cif,Model_6437_af3_woTemplates_af3_seed_48217_sample_0_pred_85.cif,6437,AF3,af3_woTemplates,48217,0,85,woTemplates,,False,casp17/massivefold_external_pool_intake/t2313_t330/extracted_models/T2313_all_pdbs/Model_6437_af3_woTemplates_af3_seed_48217_sample_0_pred_85.cif,awaiting_extract,"MassiveFold model pool index only. It parses organizer-provided external model tarball listings and stages balanced extraction/rerank candidates. These models remain external rerank and accuracy-estimation inputs, not internal predictions, not CASP submissions, and not competitive-proof evidence."
4,T2313,T2313_T330,4416,T2313_all_pdbs/Model_6443_af3_woTemplates_af3_seed_897903_sample_2_pred_237.cif,Model_6443_af3_woTemplates_af3_seed_897903_sample_2_pred_237.cif,6443,AF3,af3_woTemplates,897903,2,237,woTemplates,,False,casp17/massivefold_external_pool_intake/t2313_t330/extracted_models/T2313_all_pdbs/Model_6443_af3_woTemplates_af3_seed_897903_sample_2_pred_237.cif,awaiting_extract,"MassiveFold model pool index only. It parses organizer-provided external model tarball listings and stages balanced extraction/rerank candidates. These models remain external rerank and accuracy-estimation inputs, not internal predictions, not CASP submissions, and not competitive-proof evidence."
4,T2313,T2313_T330,4423,T2313_all_pdbs/Model_5171_af3_woTemplates_af3_seed_841332_sample_1_pred_896.cif,Model_5171_af3_woTemplates_af3_seed_841332_sample_1_pred_896.cif,5171,AF3,af3_woTemplates,841332,1,896,woTemplates,,False,casp17/massivefold_external_pool_intake/t2313_t330/extracted_models/T2313_all_pdbs/Model_5171_af3_woTemplates_af3_seed_841332_sample_1_pred_896.cif,awaiting_extract,"MassiveFold model pool index only. It parses organizer-provided external model tarball listings and stages balanced extraction/rerank candidates. These models remain external rerank and accuracy-estimation inputs, not internal predictions, not CASP submissions, and not competitive-proof evidence."
4,T2313,T2313_T330,4426,T2313_all_pdbs/Model_3354_af3_woTemplates_af3_seed_130558_sample_2_pred_767.cif,Model_3354_af3_woTemplates_af3_seed_130558_sample_2_pred_767.cif,3354,AF3,af3_woTemplates,130558,2,767,woTemplates,,False,casp17/massivefold_external_pool_intake/t2313_t330/extracted_models/T2313_all_pdbs/Model_3354_af3_woTemplates_af3_seed_130558_sample_2_pred_767.cif,awaiting_extract,"MassiveFold model pool index only. It parses organizer-provided external model tarball listings and stages balanced extraction/rerank candidates. These models remain external rerank and accuracy-estimation inputs, not internal predictions, not CASP submissions, and not competitive-proof evidence."
4,T2313,T2313_T330,4446,T2313_all_pdbs/Model_7150_af3_woTemplates_af3_seed_994803_sample_0_pred_445.cif,Model_7150_af3_woTemplates_af3_seed_994803_sample_0_pred_445.cif,7150,AF3,af3_woTemplates,994803,0,445,woTemplates,,False,casp17/massivefold_external_pool_intake/t2313_t330/extracted_models/T2313_all_pdbs/Model_7150_af3_woTemplates_af3_seed_994803_sample_0_pred_445.cif,awaiting_extract,"MassiveFold model pool index only. It parses organizer-provided external model tarball listings and stages balanced extraction/rerank candidates. These models remain external rerank and accuracy-estimation inputs, not internal predictions, not CASP submissions, and not competitive-proof evidence."
4,T2313,T2313_T330,4473,T2313_all_pdbs/Model_5044_af3_woTemplates_af3_seed_994802_sample_1_pred_441.cif,Model_5044_af3_woTemplates_af3_seed_994802_sample_1_pred_441.cif,5044,AF3,af3_woTemplates,994802,1,441,woTemplates,,False,casp17/massivefold_external_pool_intake/t2313_t330/extracted_models/T2313_all_pdbs/Model_5044_af3_woTemplates_af3_seed_994802_sample_1_pred_441.cif,awaiting_extract,"MassiveFold model pool index only. It parses organizer-provided external model tarball listings and stages balanced extraction/rerank candidates. These models remain external rerank and accuracy-estimation inputs, not internal predictions, not CASP submissions, and not competitive-proof evidence."
4,T2313,T2313_T330,4495,T2313_all_pdbs/Model_6119_af3_woTemplates_af3_seed_384904_sample_0_pred_350.cif,Model_6119_af3_woTemplates_af3_seed_384904_sample_0_pred_350.cif,6119,AF3,af3_woTemplates,384904,0,350,woTemplates,,False,casp17/massivefold_external_pool_intake/t2313_t330/extracted_models/T2313_all_pdbs/Model_6119_af3_woTemplates_af3_seed_384904_sample_0_pred_350.cif,awaiting_extract,"MassiveFold model pool index only. It parses organizer-provided external model tarball listings and stages balanced extraction/rerank candidates. These models remain external rerank and accuracy-estimation inputs, not internal predictions, not CASP submissions, and not competitive-proof evidence."
4,T2313,T2313_T330,4509,T2313_all_pdbs/Model_5693_af3_woTemplates_af3_seed_841344_sample_2_pred_957.cif,Model_5693_af3_woTemplates_af3_seed_841344_sample_2_pred_957.cif,5693,AF3,af3_woTemplates,841344,2,957,woTemplates,,False,casp17/massivefold_external_pool_intake/t2313_t330/extracted_models/T2313_all_pdbs/Model_5693_af3_woTemplates_af3_seed_841344_sample_2_pred_957.cif,awaiting_extract,"MassiveFold model pool index only. It parses organizer-provided external model tarball listings and stages balanced extraction/rerank candidates. These models remain external rerank and accuracy-estimation inputs, not internal predictions, not CASP submissions, and not competitive-proof evidence."
4,T2313,T2313_T330,4514,T2313_all_pdbs/Model_5855_af3_woTemplates_af3_seed_994792_sample_2_pred_392.cif,Model_5855_af3_woTemplates_af3_seed_994792_sample_2_pred_392.cif,5855,AF3,af3_woTemplates,994792,2,392,woTemplates,,False,casp17/massivefold_external_pool_intake/t2313_t330/extracted_models/T2313_all_pdbs/Model_5855_af3_woTemplates_af3_seed_994792_sample_2_pred_392.cif,awaiting_extract,"MassiveFold model pool index only. It parses organizer-provided external model tarball listings and stages balanced extraction/rerank candidates. These models remain external rerank and accuracy-estimation inputs, not internal predictions, not CASP submissions, and not competitive-proof evidence."
4,T2313,T2313_T330,4526,T2313_all_pdbs/Model_6438_af3_woTemplates_af3_seed_897905_sample_1_pred_246.cif,Model_6438_af3_woTemplates_af3_seed_897905_sample_1_pred_246.cif,6438,AF3,af3_woTemplates,897905,1,246,woTemplates,,False,casp17/massivefold_external_pool_intake/t2313_t330/extracted_models/T2313_all_pdbs/Model_6438_af3_woTemplates_af3_seed_897905_sample_1_pred_246.cif,awaiting_extract,"MassiveFold model pool index only. It parses organizer-provided external model tarball listings and stages balanced extraction/rerank candidates. These models remain external rerank and accuracy-estimation inputs, not internal predictions, not CASP submissions, and not competitive-proof evidence."
4,T2313,T2313_T330,4566,T2313_all_pdbs/Model_3914_af3_woTemplates_af3_seed_48201_sample_1_pred_6.cif,Model_3914_af3_woTemplates_af3_seed_48201_sample_1_pred_6.cif,3914,AF3,af3_woTemplates,48201,1,6,woTemplates,,False,casp17/massivefold_external_pool_intake/t2313_t330/extracted_models/T2313_all_pdbs/Model_3914_af3_woTemplates_af3_seed_48201_sample_1_pred_6.cif,awaiting_extract,"MassiveFold model pool index only. It parses organizer-provided external model tarball listings and stages balanced extraction/rerank candidates. These models remain external rerank and accuracy-estimation inputs, not internal predictions, not CASP submissions, and not competitive-proof evidence."
4,T2313,T2313_T330,4581,T2313_all_pdbs/Model_4340_af3_woTemplates_af3_seed_48206_sample_0_pred_30.cif,Model_4340_af3_woTemplates_af3_seed_48206_sample_0_pred_30.cif,4340,AF3,af3_woTemplates,48206,0,30,woTemplates,,False,casp17/massivefold_external_pool_intake/t2313_t330/extracted_models/T2313_all_pdbs/Model_4340_af3_woTemplates_af3_seed_48206_sample_0_pred_30.cif,awaiting_extract,"MassiveFold model pool index only. It parses organizer-provided external model tarball listings and stages balanced extraction/rerank candidates. These models remain external rerank and accuracy-estimation inputs, not internal predictions, not CASP submissions, and not competitive-proof evidence."
4,T2313,T2313_T330,4585,T2313_all_pdbs/Model_5542_af3_woTemplates_af3_seed_256842_sample_4_pred_529.cif,Model_5542_af3_woTemplates_af3_seed_256842_sample_4_pred_529.cif,5542,AF3,af3_woTemplates,256842,4,529,woTemplates,,False,casp17/massivefold_external_pool_intake/t2313_t330/extracted_models/T2313_all_pdbs/Model_5542_af3_woTemplates_af3_seed_256842_sample_4_pred_529.cif,awaiting_extract,"MassiveFold model pool index only. It parses organizer-provided external model tarball listings and stages balanced extraction/rerank candidates. These models remain external rerank and accuracy-estimation inputs, not internal predictions, not CASP submissions, and not competitive-proof evidence."
4,T2313,T2313_T330,4642,T2313_all_pdbs/Model_4436_af3_woTemplates_af3_seed_48204_sample_3_pred_23.cif,Model_4436_af3_woTemplates_af3_seed_48204_sample_3_pred_23.cif,4436,AF3,af3_woTemplates,48204,3,23,woTemplates,,False,casp17/massivefold_external_pool_intake/t2313_t330/extracted_models/T2313_all_pdbs/Model_4436_af3_woTemplates_af3_seed_48204_sample_3_pred_23.cif,awaiting_extract,"MassiveFold model pool index only. It parses organizer-provided external model tarball listings and stages balanced extraction/rerank candidates. These models remain external rerank and accuracy-estimation inputs, not internal predictions, not CASP submissions, and not competitive-proof evidence."
4,T2313,T2313_T330,4674,T2313_all_pdbs/Model_7160_af3_woTemplates_af3_seed_994803_sample_2_pred_447.cif,Model_7160_af3_woTemplates_af3_seed_994803_sample_2_pred_447.cif,7160,AF3,af3_woTemplates,994803,2,447,woTemplates,,False,casp17/massivefold_external_pool_intake/t2313_t330/extracted_models/T2313_all_pdbs/Model_7160_af3_woTemplates_af3_seed_994803_sample_2_pred_447.cif,awaiting_extract,"MassiveFold model pool index only. It parses organizer-provided external model tarball listings and stages balanced extraction/rerank candidates. These models remain external rerank and accuracy-estimation inputs, not internal predictions, not CASP submissions, and not competitive-proof evidence."
4,T2313,T2313_T330,4682,T2313_all_pdbs/Model_4941_af3_woTemplates_af3_seed_897901_sample_4_pred_229.cif,Model_4941_af3_woTemplates_af3_seed_897901_sample_4_pred_229.cif,4941,AF3,af3_woTemplates,897901,4,229,woTemplates,,False,casp17/massivefold_external_pool_intake/t2313_t330/extracted_models/T2313_all_pdbs/Model_4941_af3_woTemplates_af3_seed_897901_sample_4_pred_229.cif,awaiting_extract,"MassiveFold model pool index only. It parses organizer-provided external model tarball listings and stages balanced extraction/rerank candidates. These models remain external rerank and accuracy-estimation inputs, not internal predictions, not CASP submissions, and not competitive-proof evidence."
4,T2313,T2313_T330,4701,T2313_all_pdbs/Model_9491_af3_woTemplates_af3_seed_384896_sample_1_pred_311.cif,Model_9491_af3_woTemplates_af3_seed_384896_sample_1_pred_311.cif,9491,AF3,af3_woTemplates,384896,1,311,woTemplates,,False,casp17/massivefold_external_pool_intake/t2313_t330/extracted_models/T2313_all_pdbs/Model_9491_af3_woTemplates_af3_seed_384896_sample_1_pred_311.cif,awaiting_extract,"MassiveFold model pool index only. It parses organizer-provided external model tarball listings and stages balanced extraction/rerank candidates. These models remain external rerank and accuracy-estimation inputs, not internal predictions, not CASP submissions, and not competitive-proof evidence."
4,T2313,T2313_T330,4716,T2313_all_pdbs/Model_4435_af3_woTemplates_af3_seed_130566_sample_2_pred_807.cif,Model_4435_af3_woTemplates_af3_seed_130566_sample_2_pred_807.cif,4435,AF3,af3_woTemplates,130566,2,807,woTemplates,,False,casp17/massivefold_external_pool_intake/t2313_t330/extracted_models/T2313_all_pdbs/Model_4435_af3_woTemplates_af3_seed_130566_sample_2_pred_807.cif,awaiting_extract,"MassiveFold model pool index only. It parses organizer-provided external model tarball listings and stages balanced extraction/rerank candidates. These models remain external rerank and accuracy-estimation inputs, not internal predictions, not CASP submissions, and not competitive-proof evidence."
4,T2313,T2313_T330,4720,T2313_all_pdbs/Model_5909_af3_woTemplates_af3_seed_641643_sample_0_pred_705.cif,Model_5909_af3_woTemplates_af3_seed_641643_sample_0_pred_705.cif,5909,AF3,af3_woTemplates,641643,0,705,woTemplates,,False,casp17/massivefold_external_pool_intake/t2313_t330/extracted_models/T2313_all_pdbs/Model_5909_af3_woTemplates_af3_seed_641643_sample_0_pred_705.cif,awaiting_extract,"MassiveFold model pool index only. It parses organizer-provided external model tarball listings and stages balanced extraction/rerank candidates. These models remain external rerank and accuracy-estimation inputs, not internal predictions, not CASP submissions, and not competitive-proof evidence."
4,T2313,T2313_T330,4727,T2313_all_pdbs/Model_7805_af3_woTemplates_af3_seed_994791_sample_1_pred_386.cif,Model_7805_af3_woTemplates_af3_seed_994791_sample_1_pred_386.cif,7805,AF3,af3_woTemplates,994791,1,386,woTemplates,,False,casp17/massivefold_external_pool_intake/t2313_t330/extracted_models/T2313_all_pdbs/Model_7805_af3_woTemplates_af3_seed_994791_sample_1_pred_386.cif,awaiting_extract,"MassiveFold model pool index only. It parses organizer-provided external model tarball listings and stages balanced extraction/rerank candidates. These models remain external rerank and accuracy-estimation inputs, not internal predictions, not CASP submissions, and not competitive-proof evidence."
4,T2313,T2313_T330,4732,T2313_all_pdbs/Model_5315_af3_woTemplates_af3_seed_841337_sample_3_pred_923.cif,Model_5315_af3_woTemplates_af3_seed_841337_sample_3_pred_923.cif,5315,AF3,af3_woTemplates,841337,3,923,woTemplates,,False,casp17/massivefold_external_pool_intake/t2313_t330/extracted_models/T2313_all_pdbs/Model_5315_af3_woTemplates_af3_seed_841337_sample_3_pred_923.cif,awaiting_extract,"MassiveFold model pool index only. It parses organizer-provided external model tarball listings and stages balanced extraction/rerank candidates. These models remain external rerank and accuracy-estimation inputs, not internal predictions, not CASP submissions, and not competitive-proof evidence."
4,T2313,T2313_T330,4762,T2313_all_pdbs/Model_3859_af3_woTemplates_af3_seed_256848_sample_4_pred_559.cif,Model_3859_af3_woTemplates_af3_seed_256848_sample_4_pred_559.cif,3859,AF3,af3_woTemplates,256848,4,559,woTemplates,,False,casp17/massivefold_external_pool_intake/t2313_t330/extracted_models/T2313_all_pdbs/Model_3859_af3_woTemplates_af3_seed_256848_sample_4_pred_559.cif,awaiting_extract,"MassiveFold model pool index only. It parses organizer-provided external model tarball listings and stages balanced extraction/rerank candidates. These models remain external rerank and accuracy-estimation inputs, not internal predictions, not CASP submissions, and not competitive-proof evidence."
4,T2313,T2313_T330,4783,T2313_all_pdbs/Model_8331_af3_woTemplates_af3_seed_994813_sample_2_pred_497.cif,Model_8331_af3_woTemplates_af3_seed_994813_sample_2_pred_497.cif,8331,AF3,af3_woTemplates,994813,2,497,woTemplates,,False,casp17/massivefold_external_pool_intake/t2313_t330/extracted_models/T2313_all_pdbs/Model_8331_af3_woTemplates_af3_seed_994813_sample_2_pred_497.cif,awaiting_extract,"MassiveFold model pool index only. It parses organizer-provided external model tarball listings and stages balanced extraction/rerank candidates. These models remain external rerank and accuracy-estimation inputs, not internal predictions, not CASP submissions, and not competitive-proof evidence."
4,T2313,T2313_T330,4811,T2313_all_pdbs/Model_5312_af3_woTemplates_af3_seed_897899_sample_1_pred_216.cif,Model_5312_af3_woTemplates_af3_seed_897899_sample_1_pred_216.cif,5312,AF3,af3_woTemplates,897899,1,216,woTemplates,,False,casp17/massivefold_external_pool_intake/t2313_t330/extracted_models/T2313_all_pdbs/Model_5312_af3_woTemplates_af3_seed_897899_sample_1_pred_216.cif,awaiting_extract,"MassiveFold model pool index only. It parses organizer-provided external model tarball listings and stages balanced extraction/rerank candidates. These models remain external rerank and accuracy-estimation inputs, not internal predictions, not CASP submissions, and not competitive-proof evidence."
4,T2313,T2313_T330,4832,T2313_all_pdbs/Model_4940_af3_woTemplates_af3_seed_256846_sample_4_pred_549.cif,Model_4940_af3_woTemplates_af3_seed_256846_sample_4_pred_549.cif,4940,AF3,af3_woTemplates,256846,4,549,woTemplates,,False,casp17/massivefold_external_pool_intake/t2313_t330/extracted_models/T2313_all_pdbs/Model_4940_af3_woTemplates_af3_seed_256846_sample_4_pred_549.cif,awaiting_extract,"MassiveFold model pool index only. It parses organizer-provided external model tarball listings and stages balanced extraction/rerank candidates. These models remain external rerank and accuracy-estimation inputs, not internal predictions, not CASP submissions, and not competitive-proof evidence."
4,T2313,T2313_T330,4856,T2313_all_pdbs/Model_5182_af3_woTemplates_af3_seed_130576_sample_1_pred_856.cif,Model_5182_af3_woTemplates_af3_seed_130576_sample_1_pred_856.cif,5182,AF3,af3_woTemplates,130576,1,856,woTemplates,,False,casp17/massivefold_external_pool_intake/t2313_t330/extracted_models/T2313_all_pdbs/Model_5182_af3_woTemplates_af3_seed_130576_sample_1_pred_856.cif,awaiting_extract,"MassiveFold model pool index only. It parses organizer-provided external model tarball listings and stages balanced extraction/rerank candidates. These models remain external rerank and accuracy-estimation inputs, not internal predictions, not CASP submissions, and not competitive-proof evidence."
4,T2313,T2313_T330,4871,T2313_all_pdbs/Model_5703_af3_woTemplates_af3_seed_384892_sample_3_pred_293.cif,Model_5703_af3_woTemplates_af3_seed_384892_sample_3_pred_293.cif,5703,AF3,af3_woTemplates,384892,3,293,woTemplates,,False,casp17/massivefold_external_pool_intake/t2313_t330/extracted_models/T2313_all_pdbs/Model_5703_af3_woTemplates_af3_seed_384892_sample_3_pred_293.cif,awaiting_extract,"MassiveFold model pool index only. It parses organizer-provided external model tarball listings and stages balanced extraction/rerank candidates. These models remain external rerank and accuracy-estimation inputs, not internal predictions, not CASP submissions, and not competitive-proof evidence."
4,T2313,T2313_T330,4880,T2313_all_pdbs/Model_6378_af3_woTemplates_af3_seed_897890_sample_3_pred_173.cif,Model_6378_af3_woTemplates_af3_seed_897890_sample_3_pred_173.cif,6378,AF3,af3_woTemplates,897890,3,173,woTemplates,,False,casp17/massivefold_external_pool_intake/t2313_t330/extracted_models/T2313_all_pdbs/Model_6378_af3_woTemplates_af3_seed_897890_sample_3_pred_173.cif,awaiting_extract,"MassiveFold model pool index only. It parses organizer-provided external model tarball listings and stages balanced extraction/rerank candidates. These models remain external rerank and accuracy-estimation inputs, not internal predictions, not CASP submissions, and not competitive-proof evidence."
4,T2313,T2313_T330,4893,T2313_all_pdbs/Model_5178_af3_woTemplates_af3_seed_48200_sample_0_pred_0.cif,Model_5178_af3_woTemplates_af3_seed_48200_sample_0_pred_0.cif,5178,AF3,af3_woTemplates,48200,0,0,woTemplates,,False,casp17/massivefold_external_pool_intake/t2313_t330/extracted_models/T2313_all_pdbs/Model_5178_af3_woTemplates_af3_seed_48200_sample_0_pred_0.cif,awaiting_extract,"MassiveFold model pool index only. It parses organizer-provided external model tarball listings and stages balanced extraction/rerank candidates. These models remain external rerank and accuracy-estimation inputs, not internal predictions, not CASP submissions, and not competitive-proof evidence."
4,T2313,T2313_T330,4897,T2313_all_pdbs/Model_4981_af3_woTemplates_af3_seed_384888_sample_3_pred_273.cif,Model_4981_af3_woTemplates_af3_seed_384888_sample_3_pred_273.cif,4981,AF3,af3_woTemplates,384888,3,273,woTemplates,,False,casp17/massivefold_external_pool_intake/t2313_t330/extracted_models/T2313_all_pdbs/Model_4981_af3_woTemplates_af3_seed_384888_sample_3_pred_273.cif,awaiting_extract,"MassiveFold model pool index only. It parses organizer-provided external model tarball listings and stages balanced extraction/rerank candidates. These models remain external rerank and accuracy-estimation inputs, not internal predictions, not CASP submissions, and not competitive-proof evidence."
4,T2313,T2313_T330,4902,T2313_all_pdbs/Model_8161_af3_woTemplates_af3_seed_130565_sample_4_pred_804.cif,Model_8161_af3_woTemplates_af3_seed_130565_sample_4_pred_804.cif,8161,AF3,af3_woTemplates,130565,4,804,woTemplates,,False,casp17/massivefold_external_pool_intake/t2313_t330/extracted_models/T2313_all_pdbs/Model_8161_af3_woTemplates_af3_seed_130565_sample_4_pred_804.cif,awaiting_extract,"MassiveFold model pool index only. It parses organizer-provided external model tarball listings and stages balanced extraction/rerank candidates. These models remain external rerank and accuracy-estimation inputs, not internal predictions, not CASP submissions, and not competitive-proof evidence."
4,T2313,T2313_T330,4912,T2313_all_pdbs/Model_3624_af3_woTemplates_af3_seed_841342_sample_0_pred_945.cif,Model_3624_af3_woTemplates_af3_seed_841342_sample_0_pred_945.cif,3624,AF3,af3_woTemplates,841342,0,945,woTemplates,,False,casp17/massivefold_external_pool_intake/t2313_t330/extracted_models/T2313_all_pdbs/Model_3624_af3_woTemplates_af3_seed_841342_sample_0_pred_945.cif,awaiting_extract,"MassiveFold model pool index only. It parses organizer-provided external model tarball listings and stages balanced extraction/rerank candidates. These models remain external rerank and accuracy-estimation inputs, not internal predictions, not CASP submissions, and not competitive-proof evidence."
4,T2313,T2313_T330,4932,T2313_all_pdbs/Model_3551_af3_woTemplates_af3_seed_48203_sample_0_pred_15.cif,Model_3551_af3_woTemplates_af3_seed_48203_sample_0_pred_15.cif,3551,AF3,af3_woTemplates,48203,0,15,woTemplates,,False,casp17/massivefold_external_pool_intake/t2313_t330/extracted_models/T2313_all_pdbs/Model_3551_af3_woTemplates_af3_seed_48203_sample_0_pred_15.cif,awaiting_extract,"MassiveFold model pool index only. It parses organizer-provided external model tarball listings and stages balanced extraction/rerank candidates. These models remain external rerank and accuracy-estimation inputs, not internal predictions, not CASP submissions, and not competitive-proof evidence."
4,T2313,T2313_T330,4936,T2313_all_pdbs/Model_6208_af3_woTemplates_af3_seed_897883_sample_2_pred_137.cif,Model_6208_af3_woTemplates_af3_seed_897883_sample_2_pred_137.cif,6208,AF3,af3_woTemplates,897883,2,137,woTemplates,,False,casp17/massivefold_external_pool_intake/t2313_t330/extracted_models/T2313_all_pdbs/Model_6208_af3_woTemplates_af3_seed_897883_sample_2_pred_137.cif,awaiting_extract,"MassiveFold model pool index only. It parses organizer-provided external model tarball listings and stages balanced extraction/rerank candidates. These models remain external rerank and accuracy-estimation inputs, not internal predictions, not CASP submissions, and not competitive-proof evidence."
4,T2313,T2313_T330,4950,T2313_all_pdbs/Model_5707_af3_woTemplates_af3_seed_641643_sample_3_pred_708.cif,Model_5707_af3_woTemplates_af3_seed_641643_sample_3_pred_708.cif,5707,AF3,af3_woTemplates,641643,3,708,woTemplates,,False,casp17/massivefold_external_pool_intake/t2313_t330/extracted_models/T2313_all_pdbs/Model_5707_af3_woTemplates_af3_seed_641643_sample_3_pred_708.cif,awaiting_extract,"MassiveFold model pool index only. It parses organizer-provided external model tarball listings and stages balanced extraction/rerank candidates. These models remain external rerank and accuracy-estimation inputs, not internal predictions, not CASP submissions, and not competitive-proof evidence."
4,T2313,T2313_T330,4966,T2313_all_pdbs/Model_3622_af3_woTemplates_af3_seed_256848_sample_2_pred_557.cif,Model_3622_af3_woTemplates_af3_seed_256848_sample_2_pred_557.cif,3622,AF3,af3_woTemplates,256848,2,557,woTemplates,,False,casp17/massivefold_external_pool_intake/t2313_t330/extracted_models/T2313_all_pdbs/Model_3622_af3_woTemplates_af3_seed_256848_sample_2_pred_557.cif,awaiting_extract,"MassiveFold model pool index only. It parses organizer-provided external model tarball listings and stages balanced extraction/rerank candidates. These models remain external rerank and accuracy-estimation inputs, not internal predictions, not CASP submissions, and not competitive-proof evidence."
4,T2313,T2313_T330,4967,T2313_all_pdbs/Model_3917_af3_woTemplates_af3_seed_841333_sample_4_pred_904.cif,Model_3917_af3_woTemplates_af3_seed_841333_sample_4_pred_904.cif,3917,AF3,af3_woTemplates,841333,4,904,woTemplates,,False,casp17/massivefold_external_pool_intake/t2313_t330/extracted_models/T2313_all_pdbs/Model_3917_af3_woTemplates_af3_seed_841333_sample_4_pred_904.cif,awaiting_extract,"MassiveFold model pool index only. It parses organizer-provided external model tarball listings and stages balanced extraction/rerank candidates. These models remain external rerank and accuracy-estimation inputs, not internal predictions, not CASP submissions, and not competitive-proof evidence."
4,T2313,T2313_T330,4989,T2313_all_pdbs/Model_5816_af3_woTemplates_af3_seed_994799_sample_0_pred_425.cif,Model_5816_af3_woTemplates_af3_seed_994799_sample_0_pred_425.cif,5816,AF3,af3_woTemplates,994799,0,425,woTemplates,,False,casp17/massivefold_external_pool_intake/t2313_t330/extracted_models/T2313_all_pdbs/Model_5816_af3_woTemplates_af3_seed_994799_sample_0_pred_425.cif,awaiting_extract,"MassiveFold model pool index only. It parses organizer-provided external model tarball listings and stages balanced extraction/rerank candidates. These models remain external rerank and accuracy-estimation inputs, not internal predictions, not CASP submissions, and not competitive-proof evidence."
4,T2313,T2313_T330,5007,T2313_all_pdbs/Model_4616_af3_woTemplates_af3_seed_641645_sample_2_pred_717.cif,Model_4616_af3_woTemplates_af3_seed_641645_sample_2_pred_717.cif,4616,AF3,af3_woTemplates,641645,2,717,woTemplates,,False,casp17/massivefold_external_pool_intake/t2313_t330/extracted_models/T2313_all_pdbs/Model_4616_af3_woTemplates_af3_seed_641645_sample_2_pred_717.cif,awaiting_extract,"MassiveFold model pool index only. It parses organizer-provided external model tarball listings and stages balanced extraction/rerank candidates. These models remain external rerank and accuracy-estimation inputs, not internal predictions, not CASP submissions, and not competitive-proof evidence."
4,T2313,T2313_T330,5009,T2313_all_pdbs/Model_6898_af3_woTemplates_af3_seed_897881_sample_1_pred_126.cif,Model_6898_af3_woTemplates_af3_seed_897881_sample_1_pred_126.cif,6898,AF3,af3_woTemplates,897881,1,126,woTemplates,,False,casp17/massivefold_external_pool_intake/t2313_t330/extracted_models/T2313_all_pdbs/Model_6898_af3_woTemplates_af3_seed_897881_sample_1_pred_126.cif,awaiting_extract,"MassiveFold model pool index only. It parses organizer-provided external model tarball listings and stages balanced extraction/rerank candidates. These models remain external rerank and accuracy-estimation inputs, not internal predictions, not CASP submissions, and not competitive-proof evidence."
4,T2313,T2313_T330,5025,T2313_all_pdbs/Model_5493_af3_woTemplates_af3_seed_384888_sample_4_pred_274.cif,Model_5493_af3_woTemplates_af3_seed_384888_sample_4_pred_274.cif,5493,AF3,af3_woTemplates,384888,4,274,woTemplates,,False,casp17/massivefold_external_pool_intake/t2313_t330/extracted_models/T2313_all_pdbs/Model_5493_af3_woTemplates_af3_seed_384888_sample_4_pred_274.cif,awaiting_extract,"MassiveFold model pool index only. It parses organizer-provided external model tarball listings and stages balanced extraction/rerank candidates. These models remain external rerank and accuracy-estimation inputs, not internal predictions, not CASP submissions, and not competitive-proof evidence."
4,T2313,T2313_T330,5034,T2313_all_pdbs/Model_5043_af3_woTemplates_af3_seed_256860_sample_1_pred_616.cif,Model_5043_af3_woTemplates_af3_seed_256860_sample_1_pred_616.cif,5043,AF3,af3_woTemplates,256860,1,616,woTemplates,,False,casp17/massivefold_external_pool_intake/t2313_t330/extracted_models/T2313_all_pdbs/Model_5043_af3_woTemplates_af3_seed_256860_sample_1_pred_616.cif,awaiting_extract,"MassiveFold model pool index only. It parses organizer-provided external model tarball listings and stages balanced extraction/rerank candidates. These models remain external rerank and accuracy-estimation inputs, not internal predictions, not CASP submissions, and not competitive-proof evidence."
4,T2313,T2313_T330,5040,T2313_all_pdbs/Model_5361_af3_woTemplates_af3_seed_641644_sample_1_pred_711.cif,Model_5361_af3_woTemplates_af3_seed_641644_sample_1_pred_711.cif,5361,AF3,af3_woTemplates,641644,1,711,woTemplates,,False,casp17/massivefold_external_pool_intake/t2313_t330/extracted_models/T2313_all_pdbs/Model_5361_af3_woTemplates_af3_seed_641644_sample_1_pred_711.cif,awaiting_extract,"MassiveFold model pool index only. It parses organizer-provided external model tarball listings and stages balanced extraction/rerank candidates. These models remain external rerank and accuracy-estimation inputs, not internal predictions, not CASP submissions, and not competitive-proof evidence."
4,T2313,T2313_T330,5049,T2313_all_pdbs/Model_3310_af3_woTemplates_af3_seed_641646_sample_4_pred_724.cif,Model_3310_af3_woTemplates_af3_seed_641646_sample_4_pred_724.cif,3310,AF3,af3_woTemplates,641646,4,724,woTemplates,,False,casp17/massivefold_external_pool_intake/t2313_t330/extracted_models/T2313_all_pdbs/Model_3310_af3_woTemplates_af3_seed_641646_sample_4_pred_724.cif,awaiting_extract,"MassiveFold model pool index only. It parses organizer-provided external model tarball listings and stages balanced extraction/rerank candidates. These models remain external rerank and accuracy-estimation inputs, not internal predictions, not CASP submissions, and not competitive-proof evidence."
4,T2313,T2313_T330,5051,T2313_all_pdbs/Model_4447_af3_woTemplates_af3_seed_994800_sample_0_pred_430.cif,Model_4447_af3_woTemplates_af3_seed_994800_sample_0_pred_430.cif,4447,AF3,af3_woTemplates,994800,0,430,woTemplates,,False,casp17/massivefold_external_pool_intake/t2313_t330/extracted_models/T2313_all_pdbs/Model_4447_af3_woTemplates_af3_seed_994800_sample_0_pred_430.cif,awaiting_extract,"MassiveFold model pool index only. It parses organizer-provided external model tarball listings and stages balanced extraction/rerank candidates. These models remain external rerank and accuracy-estimation inputs, not internal predictions, not CASP submissions, and not competitive-proof evidence."
4,T2313,T2313_T330,5068,T2313_all_pdbs/Model_6977_af3_woTemplates_af3_seed_256841_sample_1_pred_521.cif,Model_6977_af3_woTemplates_af3_seed_256841_sample_1_pred_521.cif,6977,AF3,af3_woTemplates,256841,1,521,woTemplates,,False,casp17/massivefold_external_pool_intake/t2313_t330/extracted_models/T2313_all_pdbs/Model_6977_af3_woTemplates_af3_seed_256841_sample_1_pred_521.cif,awaiting_extract,"MassiveFold model pool index only. It parses organizer-provided external model tarball listings and stages balanced extraction/rerank candidates. These models remain external rerank and accuracy-estimation inputs, not internal predictions, not CASP submissions, and not competitive-proof evidence."
4,T2313,T2313_T330,5078,T2313_all_pdbs/Model_4434_af3_woTemplates_af3_seed_130574_sample_3_pred_848.cif,Model_4434_af3_woTemplates_af3_seed_130574_sample_3_pred_848.cif,4434,AF3,af3_woTemplates,130574,3,848,woTemplates,,False,casp17/massivefold_external_pool_intake/t2313_t330/extracted_models/T2313_all_pdbs/Model_4434_af3_woTemplates_af3_seed_130574_sample_3_pred_848.cif,awaiting_extract,"MassiveFold model pool index only. It parses organizer-provided external model tarball listings and stages balanced extraction/rerank candidates. These models remain external rerank and accuracy-estimation inputs, not internal predictions, not CASP submissions, and not competitive-proof evidence."
4,T2313,T2313_T330,5080,T2313_all_pdbs/Model_4942_af3_woTemplates_af3_seed_641650_sample_3_pred_743.cif,Model_4942_af3_woTemplates_af3_seed_641650_sample_3_pred_743.cif,4942,AF3,af3_woTemplates,641650,3,743,woTemplates,,False,casp17/massivefold_external_pool_intake/t2313_t330/extracted_models/T2313_all_pdbs/Model_4942_af3_woTemplates_af3_seed_641650_sample_3_pred_743.cif,awaiting_extract,"MassiveFold model pool index only. It parses organizer-provided external model tarball listings and stages balanced extraction/rerank candidates. These models remain external rerank and accuracy-estimation inputs, not internal predictions, not CASP submissions, and not competitive-proof evidence."
4,T2313,T2313_T330,5099,T2313_all_pdbs/Model_7164_af3_woTemplates_af3_seed_841346_sample_1_pred_966.cif,Model_7164_af3_woTemplates_af3_seed_841346_sample_1_pred_966.cif,7164,AF3,af3_woTemplates,841346,1,966,woTemplates,,False,casp17/massivefold_external_pool_intake/t2313_t330/extracted_models/T2313_all_pdbs/Model_7164_af3_woTemplates_af3_seed_841346_sample_1_pred_966.cif,awaiting_extract,"MassiveFold model pool index only. It parses organizer-provided external model tarball listings and stages balanced extraction/rerank candidates. These models remain external rerank and accuracy-estimation inputs, not internal predictions, not CASP submissions, and not competitive-proof evidence."
4,T2313,T2313_T330,5107,T2313_all_pdbs/Model_6156_af3_woTemplates_af3_seed_256856_sample_2_pred_597.cif,Model_6156_af3_woTemplates_af3_seed_256856_sample_2_pred_597.cif,6156,AF3,af3_woTemplates,256856,2,597,woTemplates,,False,casp17/massivefold_external_pool_intake/t2313_t330/extracted_models/T2313_all_pdbs/Model_6156_af3_woTemplates_af3_seed_256856_sample_2_pred_597.cif,awaiting_extract,"MassiveFold model pool index only. It parses organizer-provided external model tarball listings and stages balanced extraction/rerank candidates. These models remain external rerank and accuracy-estimation inputs, not internal predictions, not CASP submissions, and not competitive-proof evidence."
4,T2313,T2313_T330,5169,T2313_all_pdbs/Model_5590_af3_woTemplates_af3_seed_256837_sample_4_pred_504.cif,Model_5590_af3_woTemplates_af3_seed_256837_sample_4_pred_504.cif,5590,AF3,af3_woTemplates,256837,4,504,woTemplates,,False,casp17/massivefold_external_pool_intake/t2313_t330/extracted_models/T2313_all_pdbs/Model_5590_af3_woTemplates_af3_seed_256837_sample_4_pred_504.cif,awaiting_extract,"MassiveFold model pool index only. It parses organizer-provided external model tarball listings and stages balanced extraction/rerank candidates. These models remain external rerank and accuracy-estimation inputs, not internal predictions, not CASP submissions, and not competitive-proof evidence."
4,T2313,T2313_T330,5170,T2313_all_pdbs/Model_7263_af3_woTemplates_af3_seed_641648_sample_1_pred_731.cif,Model_7263_af3_woTemplates_af3_seed_641648_sample_1_pred_731.cif,7263,AF3,af3_woTemplates,641648,1,731,woTemplates,,False,casp17/massivefold_external_pool_intake/t2313_t330/extracted_models/T2313_all_pdbs/Model_7263_af3_woTemplates_af3_seed_641648_sample_1_pred_731.cif,awaiting_extract,"MassiveFold model pool index only. It parses organizer-provided external model tarball listings and stages balanced extraction/rerank candidates. These models remain external rerank and accuracy-estimation inputs, not internal predictions, not CASP submissions, and not competitive-proof evidence."
4,T2313,T2313_T330,5193,T2313_all_pdbs/Model_5322_af3_woTemplates_af3_seed_48210_sample_1_pred_51.cif,Model_5322_af3_woTemplates_af3_seed_48210_sample_1_pred_51.cif,5322,AF3,af3_woTemplates,48210,1,51,woTemplates,,False,casp17/massivefold_external_pool_intake/t2313_t330/extracted_models/T2313_all_pdbs/Model_5322_af3_woTemplates_af3_seed_48210_sample_1_pred_51.cif,awaiting_extract,"MassiveFold model pool index only. It parses organizer-provided external model tarball listings and stages balanced extraction/rerank candidates. These models remain external rerank and accuracy-estimation inputs, not internal predictions, not CASP submissions, and not competitive-proof evidence."
4,T2313,T2313_T330,5198,T2313_all_pdbs/Model_3180_af3_woTemplates_af3_seed_384889_sample_1_pred_276.cif,Model_3180_af3_woTemplates_af3_seed_384889_sample_1_pred_276.cif,3180,AF3,af3_woTemplates,384889,1,276,woTemplates,,False,casp17/massivefold_external_pool_intake/t2313_t330/extracted_models/T2313_all_pdbs/Model_3180_af3_woTemplates_af3_seed_384889_sample_1_pred_276.cif,awaiting_extract,"MassiveFold model pool index only. It parses organizer-provided external model tarball listings and stages balanced extraction/rerank candidates. These models remain external rerank and accuracy-estimation inputs, not internal predictions, not CASP submissions, and not competitive-proof evidence."
4,T2313,T2313_T330,5205,T2313_all_pdbs/Model_5051_af3_woTemplates_af3_seed_841339_sample_1_pred_931.cif,Model_5051_af3_woTemplates_af3_seed_841339_sample_1_pred_931.cif,5051,AF3,af3_woTemplates,841339,1,931,woTemplates,,False,casp17/massivefold_external_pool_intake/t2313_t330/extracted_models/T2313_all_pdbs/Model_5051_af3_woTemplates_af3_seed_841339_sample_1_pred_931.cif,awaiting_extract,"MassiveFold model pool index only. It parses organizer-provided external model tarball listings and stages balanced extraction/rerank candidates. These models remain external rerank and accuracy-estimation inputs, not internal predictions, not CASP submissions, and not competitive-proof evidence."
4,T2313,T2313_T330,5208,T2313_all_pdbs/Model_5108_af3_woTemplates_af3_seed_841334_sample_1_pred_906.cif,Model_5108_af3_woTemplates_af3_seed_841334_sample_1_pred_906.cif,5108,AF3,af3_woTemplates,841334,1,906,woTemplates,,False,casp17/massivefold_external_pool_intake/t2313_t330/extracted_models/T2313_all_pdbs/Model_5108_af3_woTemplates_af3_seed_841334_sample_1_pred_906.cif,awaiting_extract,"MassiveFold model pool index only. It parses organizer-provided external model tarball listings and stages balanced extraction/rerank candidates. These models remain external rerank and accuracy-estimation inputs, not internal predictions, not CASP submissions, and not competitive-proof evidence."
4,T2313,T2313_T330,5222,T2313_all_pdbs/Model_4234_af3_woTemplates_af3_seed_256857_sample_1_pred_601.cif,Model_4234_af3_woTemplates_af3_seed_256857_sample_1_pred_601.cif,4234,AF3,af3_woTemplates,256857,1,601,woTemplates,,False,casp17/massivefold_external_pool_intake/t2313_t330/extracted_models/T2313_all_pdbs/Model_4234_af3_woTemplates_af3_seed_256857_sample_1_pred_601.cif,awaiting_extract,"MassiveFold model pool index only. It parses organizer-provided external model tarball listings and stages balanced extraction/rerank candidates. These models remain external rerank and accuracy-estimation inputs, not internal predictions, not CASP submissions, and not competitive-proof evidence."
4,T2313,T2313_T330,5229,T2313_all_pdbs/Model_4179_af3_woTemplates_af3_seed_384891_sample_1_pred_286.cif,Model_4179_af3_woTemplates_af3_seed_384891_sample_1_pred_286.cif,4179,AF3,af3_woTemplates,384891,1,286,woTemplates,,False,casp17/massivefold_external_pool_intake/t2313_t330/extracted_models/T2313_all_pdbs/Model_4179_af3_woTemplates_af3_seed_384891_sample_1_pred_286.cif,awaiting_extract,"MassiveFold model pool index only. It parses organizer-provided external model tarball listings and stages balanced extraction/rerank candidates. These models remain external rerank and accuracy-estimation inputs, not internal predictions, not CASP submissions, and not competitive-proof evidence."
4,T2313,T2313_T330,5320,T2313_all_pdbs/Model_6425_af3_woTemplates_af3_seed_48222_sample_3_pred_113.cif,Model_6425_af3_woTemplates_af3_seed_48222_sample_3_pred_113.cif,6425,AF3,af3_woTemplates,48222,3,113,woTemplates,,False,casp17/massivefold_external_pool_intake/t2313_t330/extracted_models/T2313_all_pdbs/Model_6425_af3_woTemplates_af3_seed_48222_sample_3_pred_113.cif,awaiting_extract,"MassiveFold model pool index only. It parses organizer-provided external model tarball listings and stages balanced extraction/rerank candidates. These models remain external rerank and accuracy-estimation inputs, not internal predictions, not CASP submissions, and not competitive-proof evidence."
4,T2313,T2313_T330,5330,T2313_all_pdbs/Model_4623_af3_woTemplates_af3_seed_641645_sample_4_pred_719.cif,Model_4623_af3_woTemplates_af3_seed_641645_sample_4_pred_719.cif,4623,AF3,af3_woTemplates,641645,4,719,woTemplates,,False,casp17/massivefold_external_pool_intake/t2313_t330/extracted_models/T2313_all_pdbs/Model_4623_af3_woTemplates_af3_seed_641645_sample_4_pred_719.cif,awaiting_extract,"MassiveFold model pool index only. It parses organizer-provided external model tarball listings and stages balanced extraction/rerank candidates. These models remain external rerank and accuracy-estimation inputs, not internal predictions, not CASP submissions, and not competitive-proof evidence."
4,T2313,T2313_T330,5373,T2313_all_pdbs/Model_5329_af3_woTemplates_af3_seed_994801_sample_0_pred_435.cif,Model_5329_af3_woTemplates_af3_seed_994801_sample_0_pred_435.cif,5329,AF3,af3_woTemplates,994801,0,435,woTemplates,,False,casp17/massivefold_external_pool_intake/t2313_t330/extracted_models/T2313_all_pdbs/Model_5329_af3_woTemplates_af3_seed_994801_sample_0_pred_435.cif,awaiting_extract,"MassiveFold model pool index only. It parses organizer-provided external model tarball listings and stages balanced extraction/rerank candidates. These models remain external rerank and accuracy-estimation inputs, not internal predictions, not CASP submissions, and not competitive-proof evidence."
4,T2313,T2313_T330,5385,T2313_all_pdbs/Model_5314_af3_woTemplates_af3_seed_994809_sample_1_pred_476.cif,Model_5314_af3_woTemplates_af3_seed_994809_sample_1_pred_476.cif,5314,AF3,af3_woTemplates,994809,1,476,woTemplates,,False,casp17/massivefold_external_pool_intake/t2313_t330/extracted_models/T2313_all_pdbs/Model_5314_af3_woTemplates_af3_seed_994809_sample_1_pred_476.cif,awaiting_extract,"MassiveFold model pool index only. It parses organizer-provided external model tarball listings and stages balanced extraction/rerank candidates. These models remain external rerank and accuracy-estimation inputs, not internal predictions, not CASP submissions, and not competitive-proof evidence."
4,T2313,T2313_T330,5405,T2313_all_pdbs/Model_5636_af3_woTemplates_af3_seed_384888_sample_0_pred_270.cif,Model_5636_af3_woTemplates_af3_seed_384888_sample_0_pred_270.cif,5636,AF3,af3_woTemplates,384888,0,270,woTemplates,,False,casp17/massivefold_external_pool_intake/t2313_t330/extracted_models/T2313_all_pdbs/Model_5636_af3_woTemplates_af3_seed_384888_sample_0_pred_270.cif,awaiting_extract,"MassiveFold model pool index only. It parses organizer-provided external model tarball listings and stages balanced extraction/rerank candidates. These models remain external rerank and accuracy-estimation inputs, not internal predictions, not CASP submissions, and not competitive-proof evidence."
4,T2313,T2313_T330,5431,T2313_all_pdbs/Model_3908_af3_woTemplates_af3_seed_994804_sample_3_pred_453.cif,Model_3908_af3_woTemplates_af3_seed_994804_sample_3_pred_453.cif,3908,AF3,af3_woTemplates,994804,3,453,woTemplates,,False,casp17/massivefold_external_pool_intake/t2313_t330/extracted_models/T2313_all_pdbs/Model_3908_af3_woTemplates_af3_seed_994804_sample_3_pred_453.cif,awaiting_extract,"MassiveFold model pool index only. It parses organizer-provided external model tarball listings and stages balanced extraction/rerank candidates. These models remain external rerank and accuracy-estimation inputs, not internal predictions, not CASP submissions, and not competitive-proof evidence."
4,T2313,T2313_T330,5436,T2313_all_pdbs/Model_7272_af3_woTemplates_af3_seed_897902_sample_1_pred_231.cif,Model_7272_af3_woTemplates_af3_seed_897902_sample_1_pred_231.cif,7272,AF3,af3_woTemplates,897902,1,231,woTemplates,,False,casp17/massivefold_external_pool_intake/t2313_t330/extracted_models/T2313_all_pdbs/Model_7272_af3_woTemplates_af3_seed_897902_sample_1_pred_231.cif,awaiting_extract,"MassiveFold model pool index only. It parses organizer-provided external model tarball listings and stages balanced extraction/rerank candidates. These models remain external rerank and accuracy-estimation inputs, not internal predictions, not CASP submissions, and not competitive-proof evidence."
4,T2313,T2313_T330,5478,T2313_all_pdbs/Model_5490_af3_woTemplates_af3_seed_48211_sample_1_pred_56.cif,Model_5490_af3_woTemplates_af3_seed_48211_sample_1_pred_56.cif,5490,AF3,af3_woTemplates,48211,1,56,woTemplates,,False,casp17/massivefold_external_pool_intake/t2313_t330/extracted_models/T2313_all_pdbs/Model_5490_af3_woTemplates_af3_seed_48211_sample_1_pred_56.cif,awaiting_extract,"MassiveFold model pool index only. It parses organizer-provided external model tarball listings and stages balanced extraction/rerank candidates. These models remain external rerank and accuracy-estimation inputs, not internal predictions, not CASP submissions, and not competitive-proof evidence."
4,T2313,T2313_T330,5491,T2313_all_pdbs/Model_3800_af3_woTemplates_af3_seed_841330_sample_1_pred_886.cif,Model_3800_af3_woTemplates_af3_seed_841330_sample_1_pred_886.cif,3800,AF3,af3_woTemplates,841330,1,886,woTemplates,,False,casp17/massivefold_external_pool_intake/t2313_t330/extracted_models/T2313_all_pdbs/Model_3800_af3_woTemplates_af3_seed_841330_sample_1_pred_886.cif,awaiting_extract,"MassiveFold model pool index only. It parses organizer-provided external model tarball listings and stages balanced extraction/rerank candidates. These models remain external rerank and accuracy-estimation inputs, not internal predictions, not CASP submissions, and not competitive-proof evidence."
4,T2313,T2313_T330,5509,T2313_all_pdbs/Model_6565_af3_woTemplates_af3_seed_641649_sample_1_pred_736.cif,Model_6565_af3_woTemplates_af3_seed_641649_sample_1_pred_736.cif,6565,AF3,af3_woTemplates,641649,1,736,woTemplates,,False,casp17/massivefold_external_pool_intake/t2313_t330/extracted_models/T2313_all_pdbs/Model_6565_af3_woTemplates_af3_seed_641649_sample_1_pred_736.cif,awaiting_extract,"MassiveFold model pool index only. It parses organizer-provided external model tarball listings and stages balanced extraction/rerank candidates. These models remain external rerank and accuracy-estimation inputs, not internal predictions, not CASP submissions, and not competitive-proof evidence."
4,T2313,T2313_T330,5531,T2313_all_pdbs/Model_6104_af3_woTemplates_af3_seed_130562_sample_2_pred_787.cif,Model_6104_af3_woTemplates_af3_seed_130562_sample_2_pred_787.cif,6104,AF3,af3_woTemplates,130562,2,787,woTemplates,,False,casp17/massivefold_external_pool_intake/t2313_t330/extracted_models/T2313_all_pdbs/Model_6104_af3_woTemplates_af3_seed_130562_sample_2_pred_787.cif,awaiting_extract,"MassiveFold model pool index only. It parses organizer-provided external model tarball listings and stages balanced extraction/rerank candidates. These models remain external rerank and accuracy-estimation inputs, not internal predictions, not CASP submissions, and not competitive-proof evidence."
4,T2313,T2313_T330,5541,T2313_all_pdbs/Model_9495_af3_woTemplates_af3_seed_256853_sample_1_pred_581.cif,Model_9495_af3_woTemplates_af3_seed_256853_sample_1_pred_581.cif,9495,AF3,af3_woTemplates,256853,1,581,woTemplates,,False,casp17/massivefold_external_pool_intake/t2313_t330/extracted_models/T2313_all_pdbs/Model_9495_af3_woTemplates_af3_seed_256853_sample_1_pred_581.cif,awaiting_extract,"MassiveFold model pool index only. It parses organizer-provided external model tarball listings and stages balanced extraction/rerank candidates. These models remain external rerank and accuracy-estimation inputs, not internal predictions, not CASP submissions, and not competitive-proof evidence."
4,T2313,T2313_T330,5544,T2313_all_pdbs/Model_4444_af3_woTemplates_af3_seed_130570_sample_3_pred_828.cif,Model_4444_af3_woTemplates_af3_seed_130570_sample_3_pred_828.cif,4444,AF3,af3_woTemplates,130570,3,828,woTemplates,,False,casp17/massivefold_external_pool_intake/t2313_t330/extracted_models/T2313_all_pdbs/Model_4444_af3_woTemplates_af3_seed_130570_sample_3_pred_828.cif,awaiting_extract,"MassiveFold model pool index only. It parses organizer-provided external model tarball listings and stages balanced extraction/rerank candidates. These models remain external rerank and accuracy-estimation inputs, not internal predictions, not CASP submissions, and not competitive-proof evidence."
4,T2313,T2313_T330,5550,T2313_all_pdbs/Model_4446_af3_woTemplates_af3_seed_48204_sample_1_pred_21.cif,Model_4446_af3_woTemplates_af3_seed_48204_sample_1_pred_21.cif,4446,AF3,af3_woTemplates,48204,1,21,woTemplates,,False,casp17/massivefold_external_pool_intake/t2313_t330/extracted_models/T2313_all_pdbs/Model_4446_af3_woTemplates_af3_seed_48204_sample_1_pred_21.cif,awaiting_extract,"MassiveFold model pool index only. It parses organizer-provided external model tarball listings and stages balanced extraction/rerank candidates. These models remain external rerank and accuracy-estimation inputs, not internal predictions, not CASP submissions, and not competitive-proof evidence."
4,T2313,T2313_T330,5555,T2313_all_pdbs/Model_5630_af3_woTemplates_af3_seed_994806_sample_1_pred_461.cif,Model_5630_af3_woTemplates_af3_seed_994806_sample_1_pred_461.cif,5630,AF3,af3_woTemplates,994806,1,461,woTemplates,,False,casp17/massivefold_external_pool_intake/t2313_t330/extracted_models/T2313_all_pdbs/Model_5630_af3_woTemplates_af3_seed_994806_sample_1_pred_461.cif,awaiting_extract,"MassiveFold model pool index only. It parses organizer-provided external model tarball listings and stages balanced extraction/rerank candidates. These models remain external rerank and accuracy-estimation inputs, not internal predictions, not CASP submissions, and not competitive-proof evidence."
4,T2313,T2313_T330,5560,T2313_all_pdbs/Model_5906_af3_woTemplates_af3_seed_256838_sample_0_pred_505.cif,Model_5906_af3_woTemplates_af3_seed_256838_sample_0_pred_505.cif,5906,AF3,af3_woTemplates,256838,0,505,woTemplates,,False,casp17/massivefold_external_pool_intake/t2313_t330/extracted_models/T2313_all_pdbs/Model_5906_af3_woTemplates_af3_seed_256838_sample_0_pred_505.cif,awaiting_extract,"MassiveFold model pool index only. It parses organizer-provided external model tarball listings and stages balanced extraction/rerank candidates. These models remain external rerank and accuracy-estimation inputs, not internal predictions, not CASP submissions, and not competitive-proof evidence."
4,T2313,T2313_T330,5565,T2313_all_pdbs/Model_6271_af3_woTemplates_af3_seed_130561_sample_3_pred_783.cif,Model_6271_af3_woTemplates_af3_seed_130561_sample_3_pred_783.cif,6271,AF3,af3_woTemplates,130561,3,783,woTemplates,,False,casp17/massivefold_external_pool_intake/t2313_t330/extracted_models/T2313_all_pdbs/Model_6271_af3_woTemplates_af3_seed_130561_sample_3_pred_783.cif,awaiting_extract,"MassiveFold model pool index only. It parses organizer-provided external model tarball listings and stages balanced extraction/rerank candidates. These models remain external rerank and accuracy-estimation inputs, not internal predictions, not CASP submissions, and not competitive-proof evidence."
4,T2313,T2313_T330,5567,T2313_all_pdbs/Model_6420_af3_woTemplates_af3_seed_48217_sample_4_pred_89.cif,Model_6420_af3_woTemplates_af3_seed_48217_sample_4_pred_89.cif,6420,AF3,af3_woTemplates,48217,4,89,woTemplates,,False,casp17/massivefold_external_pool_intake/t2313_t330/extracted_models/T2313_all_pdbs/Model_6420_af3_woTemplates_af3_seed_48217_sample_4_pred_89.cif,awaiting_extract,"MassiveFold model pool index only. It parses organizer-provided external model tarball listings and stages balanced extraction/rerank candidates. These models remain external rerank and accuracy-estimation inputs, not internal predictions, not CASP submissions, and not competitive-proof evidence."
4,T2313,T2313_T330,5572,T2313_all_pdbs/Model_8155_af3_woTemplates_af3_seed_841345_sample_0_pred_960.cif,Model_8155_af3_woTemplates_af3_seed_841345_sample_0_pred_960.cif,8155,AF3,af3_woTemplates,841345,0,960,woTemplates,,False,casp17/massivefold_external_pool_intake/t2313_t330/extracted_models/T2313_all_pdbs/Model_8155_af3_woTemplates_af3_seed_841345_sample_0_pred_960.cif,awaiting_extract,"MassiveFold model pool index only. It parses organizer-provided external model tarball listings and stages balanced extraction/rerank candidates. These models remain external rerank and accuracy-estimation inputs, not internal predictions, not CASP submissions, and not competitive-proof evidence."
4,T2313,T2313_T330,5587,T2313_all_pdbs/Model_6980_af3_woTemplates_af3_seed_48202_sample_3_pred_13.cif,Model_6980_af3_woTemplates_af3_seed_48202_sample_3_pred_13.cif,6980,AF3,af3_woTemplates,48202,3,13,woTemplates,,False,casp17/massivefold_external_pool_intake/t2313_t330/extracted_models/T2313_all_pdbs/Model_6980_af3_woTemplates_af3_seed_48202_sample_3_pred_13.cif,awaiting_extract,"MassiveFold model pool index only. It parses organizer-provided external model tarball listings and stages balanced extraction/rerank candidates. These models remain external rerank and accuracy-estimation inputs, not internal predictions, not CASP submissions, and not competitive-proof evidence."
4,T2313,T2313_T330,5588,T2313_all_pdbs/Model_6815_af3_woTemplates_af3_seed_48221_sample_1_pred_106.cif,Model_6815_af3_woTemplates_af3_seed_48221_sample_1_pred_106.cif,6815,AF3,af3_woTemplates,48221,1,106,woTemplates,,False,casp17/massivefold_external_pool_intake/t2313_t330/extracted_models/T2313_all_pdbs/Model_6815_af3_woTemplates_af3_seed_48221_sample_1_pred_106.cif,awaiting_extract,"MassiveFold model pool index only. It parses organizer-provided external model tarball listings and stages balanced extraction/rerank candidates. These models remain external rerank and accuracy-estimation inputs, not internal predictions, not CASP submissions, and not competitive-proof evidence."
4,T2313,T2313_T330,5649,T2313_all_pdbs/Model_3452_af3_woTemplates_af3_seed_384905_sample_2_pred_357.cif,Model_3452_af3_woTemplates_af3_seed_384905_sample_2_pred_357.cif,3452,AF3,af3_woTemplates,384905,2,357,woTemplates,,False,casp17/massivefold_external_pool_intake/t2313_t330/extracted_models/T2313_all_pdbs/Model_3452_af3_woTemplates_af3_seed_384905_sample_2_pred_357.cif,awaiting_extract,"MassiveFold model pool index only. It parses organizer-provided external model tarball listings and stages balanced extraction/rerank candidates. These models remain external rerank and accuracy-estimation inputs, not internal predictions, not CASP submissions, and not competitive-proof evidence."
4,T2313,T2313_T330,5673,T2313_all_pdbs/Model_7178_af3_woTemplates_af3_seed_841346_sample_3_pred_968.cif,Model_7178_af3_woTemplates_af3_seed_841346_sample_3_pred_968.cif,7178,AF3,af3_woTemplates,841346,3,968,woTemplates,,False,casp17/massivefold_external_pool_intake/t2313_t330/extracted_models/T2313_all_pdbs/Model_7178_af3_woTemplates_af3_seed_841346_sample_3_pred_968.cif,awaiting_extract,"MassiveFold model pool index only. It parses organizer-provided external model tarball listings and stages balanced extraction/rerank candidates. These models remain external rerank and accuracy-estimation inputs, not internal predictions, not CASP submissions, and not competitive-proof evidence."
4,T2313,T2313_T330,5677,T2313_all_pdbs/Model_6264_af3_woTemplates_af3_seed_994794_sample_4_pred_404.cif,Model_6264_af3_woTemplates_af3_seed_994794_sample_4_pred_404.cif,6264,AF3,af3_woTemplates,994794,4,404,woTemplates,,False,casp17/massivefold_external_pool_intake/t2313_t330/extracted_models/T2313_all_pdbs/Model_6264_af3_woTemplates_af3_seed_994794_sample_4_pred_404.cif,awaiting_extract,"MassiveFold model pool index only. It parses organizer-provided external model tarball listings and stages balanced extraction/rerank candidates. These models remain external rerank and accuracy-estimation inputs, not internal predictions, not CASP submissions, and not competitive-proof evidence."
4,T2313,T2313_T330,5683,T2313_all_pdbs/Model_4016_af3_woTemplates_af3_seed_841333_sample_2_pred_902.cif,Model_4016_af3_woTemplates_af3_seed_841333_sample_2_pred_902.cif,4016,AF3,af3_woTemplates,841333,2,902,woTemplates,,False,casp17/massivefold_external_pool_intake/t2313_t330/extracted_models/T2313_all_pdbs/Model_4016_af3_woTemplates_af3_seed_841333_sample_2_pred_902.cif,awaiting_extract,"MassiveFold model pool index only. It parses organizer-provided external model tarball listings and stages balanced extraction/rerank candidates. These models remain external rerank and accuracy-estimation inputs, not internal predictions, not CASP submissions, and not competitive-proof evidence."
4,T2313,T2313_T330,5725,T2313_all_pdbs/Model_6260_af3_woTemplates_af3_seed_256859_sample_2_pred_612.cif,Model_6260_af3_woTemplates_af3_seed_256859_sample_2_pred_612.cif,6260,AF3,af3_woTemplates,256859,2,612,woTemplates,,False,casp17/massivefold_external_pool_intake/t2313_t330/extracted_models/T2313_all_pdbs/Model_6260_af3_woTemplates_af3_seed_256859_sample_2_pred_612.cif,awaiting_extract,"MassiveFold model pool index only. It parses organizer-provided external model tarball listings and stages balanced extraction/rerank candidates. These models remain external rerank and accuracy-estimation inputs, not internal predictions, not CASP submissions, and not competitive-proof evidence."
4,T2313,T2313_T330,5726,T2313_all_pdbs/Model_4885_af3_woTemplates_af3_seed_841349_sample_2_pred_982.cif,Model_4885_af3_woTemplates_af3_seed_841349_sample_2_pred_982.cif,4885,AF3,af3_woTemplates,841349,2,982,woTemplates,,False,casp17/massivefold_external_pool_intake/t2313_t330/extracted_models/T2313_all_pdbs/Model_4885_af3_woTemplates_af3_seed_841349_sample_2_pred_982.cif,awaiting_extract,"MassiveFold model pool index only. It parses organizer-provided external model tarball listings and stages balanced extraction/rerank candidates. These models remain external rerank and accuracy-estimation inputs, not internal predictions, not CASP submissions, and not competitive-proof evidence."
4,T2313,T2313_T330,5733,T2313_all_pdbs/Model_6116_af3_woTemplates_af3_seed_384904_sample_4_pred_354.cif,Model_6116_af3_woTemplates_af3_seed_384904_sample_4_pred_354.cif,6116,AF3,af3_woTemplates,384904,4,354,woTemplates,,False,casp17/massivefold_external_pool_intake/t2313_t330/extracted_models/T2313_all_pdbs/Model_6116_af3_woTemplates_af3_seed_384904_sample_4_pred_354.cif,awaiting_extract,"MassiveFold model pool index only. It parses organizer-provided external model tarball listings and stages balanced extraction/rerank candidates. These models remain external rerank and accuracy-estimation inputs, not internal predictions, not CASP submissions, and not competitive-proof evidence."
4,T2313,T2313_T330,5738,T2313_all_pdbs/Model_4795_af3_woTemplates_af3_seed_641650_sample_0_pred_740.cif,Model_4795_af3_woTemplates_af3_seed_641650_sample_0_pred_740.cif,4795,AF3,af3_woTemplates,641650,0,740,woTemplates,,False,casp17/massivefold_external_pool_intake/t2313_t330/extracted_models/T2313_all_pdbs/Model_4795_af3_woTemplates_af3_seed_641650_sample_0_pred_740.cif,awaiting_extract,"MassiveFold model pool index only. It parses organizer-provided external model tarball listings and stages balanced extraction/rerank candidates. These models remain external rerank and accuracy-estimation inputs, not internal predictions, not CASP submissions, and not competitive-proof evidence."
4,T2313,T2313_T330,5754,T2313_all_pdbs/Model_7659_af3_woTemplates_af3_seed_384894_sample_0_pred_300.cif,Model_7659_af3_woTemplates_af3_seed_384894_sample_0_pred_300.cif,7659,AF3,af3_woTemplates,384894,0,300,woTemplates,,False,casp17/massivefold_external_pool_intake/t2313_t330/extracted_models/T2313_all_pdbs/Model_7659_af3_woTemplates_af3_seed_384894_sample_0_pred_300.cif,awaiting_extract,"MassiveFold model pool index only. It parses organizer-provided external model tarball listings and stages balanced extraction/rerank candidates. These models remain external rerank and accuracy-estimation inputs, not internal predictions, not CASP submissions, and not competitive-proof evidence."
4,T2313,T2313_T330,5779,T2313_all_pdbs/Model_5898_af3_woTemplates_af3_seed_384892_sample_0_pred_290.cif,Model_5898_af3_woTemplates_af3_seed_384892_sample_0_pred_290.cif,5898,AF3,af3_woTemplates,384892,0,290,woTemplates,,False,casp17/massivefold_external_pool_intake/t2313_t330/extracted_models/T2313_all_pdbs/Model_5898_af3_woTemplates_af3_seed_384892_sample_0_pred_290.cif,awaiting_extract,"MassiveFold model pool index only. It parses organizer-provided external model tarball listings and stages balanced extraction/rerank candidates. These models remain external rerank and accuracy-estimation inputs, not internal predictions, not CASP submissions, and not competitive-proof evidence."
4,T2313,T2313_T330,5784,T2313_all_pdbs/Model_4935_af3_woTemplates_af3_seed_841334_sample_4_pred_909.cif,Model_4935_af3_woTemplates_af3_seed_841334_sample_4_pred_909.cif,4935,AF3,af3_woTemplates,841334,4,909,woTemplates,,False,casp17/massivefold_external_pool_intake/t2313_t330/extracted_models/T2313_all_pdbs/Model_4935_af3_woTemplates_af3_seed_841334_sample_4_pred_909.cif,awaiting_extract,"MassiveFold model pool index only. It parses organizer-provided external model tarball listings and stages balanced extraction/rerank candidates. These models remain external rerank and accuracy-estimation inputs, not internal predictions, not CASP submissions, and not competitive-proof evidence."
4,T2313,T2313_T330,5791,T2313_all_pdbs/Model_5819_af3_woTemplates_af3_seed_256837_sample_2_pred_502.cif,Model_5819_af3_woTemplates_af3_seed_256837_sample_2_pred_502.cif,5819,AF3,af3_woTemplates,256837,2,502,woTemplates,,False,casp17/massivefold_external_pool_intake/t2313_t330/extracted_models/T2313_all_pdbs/Model_5819_af3_woTemplates_af3_seed_256837_sample_2_pred_502.cif,awaiting_extract,"MassiveFold model pool index only. It parses organizer-provided external model tarball listings and stages balanced extraction/rerank candidates. These models remain external rerank and accuracy-estimation inputs, not internal predictions, not CASP submissions, and not competitive-proof evidence."
4,T2313,T2313_T330,5803,T2313_all_pdbs/Model_6200_af3_woTemplates_af3_seed_994807_sample_2_pred_467.cif,Model_6200_af3_woTemplates_af3_seed_994807_sample_2_pred_467.cif,6200,AF3,af3_woTemplates,994807,2,467,woTemplates,,False,casp17/massivefold_external_pool_intake/t2313_t330/extracted_models/T2313_all_pdbs/Model_6200_af3_woTemplates_af3_seed_994807_sample_2_pred_467.cif,awaiting_extract,"MassiveFold model pool index only. It parses organizer-provided external model tarball listings and stages balanced extraction/rerank candidates. These models remain external rerank and accuracy-estimation inputs, not internal predictions, not CASP submissions, and not competitive-proof evidence."
4,T2313,T2313_T330,5806,T2313_all_pdbs/Model_6896_af3_woTemplates_af3_seed_994813_sample_3_pred_498.cif,Model_6896_af3_woTemplates_af3_seed_994813_sample_3_pred_498.cif,6896,AF3,af3_woTemplates,994813,3,498,woTemplates,,False,casp17/massivefold_external_pool_intake/t2313_t330/extracted_models/T2313_all_pdbs/Model_6896_af3_woTemplates_af3_seed_994813_sample_3_pred_498.cif,awaiting_extract,"MassiveFold model pool index only. It parses organizer-provided external model tarball listings and stages balanced extraction/rerank candidates. These models remain external rerank and accuracy-estimation inputs, not internal predictions, not CASP submissions, and not competitive-proof evidence."
4,T2313,T2313_T330,5824,T2313_all_pdbs/Model_8159_af3_woTemplates_af3_seed_841345_sample_2_pred_962.cif,Model_8159_af3_woTemplates_af3_seed_841345_sample_2_pred_962.cif,8159,AF3,af3_woTemplates,841345,2,962,woTemplates,,False,casp17/massivefold_external_pool_intake/t2313_t330/extracted_models/T2313_all_pdbs/Model_8159_af3_woTemplates_af3_seed_841345_sample_2_pred_962.cif,awaiting_extract,"MassiveFold model pool index only. It parses organizer-provided external model tarball listings and stages balanced extraction/rerank candidates. These models remain external rerank and accuracy-estimation inputs, not internal predictions, not CASP submissions, and not competitive-proof evidence."
4,T2313,T2313_T330,5842,T2313_all_pdbs/Model_6691_af3_woTemplates_af3_seed_48219_sample_2_pred_97.cif,Model_6691_af3_woTemplates_af3_seed_48219_sample_2_pred_97.cif,6691,AF3,af3_woTemplates,48219,2,97,woTemplates,,False,casp17/massivefold_external_pool_intake/t2313_t330/extracted_models/T2313_all_pdbs/Model_6691_af3_woTemplates_af3_seed_48219_sample_2_pred_97.cif,awaiting_extract,"MassiveFold model pool index only. It parses organizer-provided external model tarball listings and stages balanced extraction/rerank candidates. These models remain external rerank and accuracy-estimation inputs, not internal predictions, not CASP submissions, and not competitive-proof evidence."
4,T2313,T2313_T330,5859,T2313_all_pdbs/Model_5943_af3_woTemplates_af3_seed_130577_sample_0_pred_860.cif,Model_5943_af3_woTemplates_af3_seed_130577_sample_0_pred_860.cif,5943,AF3,af3_woTemplates,130577,0,860,woTemplates,,False,casp17/massivefold_external_pool_intake/t2313_t330/extracted_models/T2313_all_pdbs/Model_5943_af3_woTemplates_af3_seed_130577_sample_0_pred_860.cif,awaiting_extract,"MassiveFold model pool index only. It parses organizer-provided external model tarball listings and stages balanced extraction/rerank candidates. These models remain external rerank and accuracy-estimation inputs, not internal predictions, not CASP submissions, and not competitive-proof evidence."
4,T2313,T2313_T330,5894,T2313_all_pdbs/Model_3916_af3_woTemplates_af3_seed_48201_sample_4_pred_9.cif,Model_3916_af3_woTemplates_af3_seed_48201_sample_4_pred_9.cif,3916,AF3,af3_woTemplates,48201,4,9,woTemplates,,False,casp17/massivefold_external_pool_intake/t2313_t330/extracted_models/T2313_all_pdbs/Model_3916_af3_woTemplates_af3_seed_48201_sample_4_pred_9.cif,awaiting_extract,"MassiveFold model pool index only. It parses organizer-provided external model tarball listings and stages balanced extraction/rerank candidates. These models remain external rerank and accuracy-estimation inputs, not internal predictions, not CASP submissions, and not competitive-proof evidence."
4,T2313,T2313_T330,5903,T2313_all_pdbs/Model_6118_af3_woTemplates_af3_seed_641628_sample_1_pred_631.cif,Model_6118_af3_woTemplates_af3_seed_641628_sample_1_pred_631.cif,6118,AF3,af3_woTemplates,641628,1,631,woTemplates,,False,casp17/massivefold_external_pool_intake/t2313_t330/extracted_models/T2313_all_pdbs/Model_6118_af3_woTemplates_af3_seed_641628_sample_1_pred_631.cif,awaiting_extract,"MassiveFold model pool index only. It parses organizer-provided external model tarball listings and stages balanced extraction/rerank candidates. These models remain external rerank and accuracy-estimation inputs, not internal predictions, not CASP submissions, and not competitive-proof evidence."
4,T2313,T2313_T330,5906,T2313_all_pdbs/Model_8335_af3_woTemplates_af3_seed_130573_sample_4_pred_844.cif,Model_8335_af3_woTemplates_af3_seed_130573_sample_4_pred_844.cif,8335,AF3,af3_woTemplates,130573,4,844,woTemplates,,False,casp17/massivefold_external_pool_intake/t2313_t330/extracted_models/T2313_all_pdbs/Model_8335_af3_woTemplates_af3_seed_130573_sample_4_pred_844.cif,awaiting_extract,"MassiveFold model pool index only. It parses organizer-provided external model tarball listings and stages balanced extraction/rerank candidates. These models remain external rerank and accuracy-estimation inputs, not internal predictions, not CASP submissions, and not competitive-proof evidence."
4,T2313,T2313_T330,5933,T2313_all_pdbs/Model_5551_af3_woTemplates_af3_seed_48212_sample_2_pred_62.cif,Model_5551_af3_woTemplates_af3_seed_48212_sample_2_pred_62.cif,5551,AF3,af3_woTemplates,48212,2,62,woTemplates,,False,casp17/massivefold_external_pool_intake/t2313_t330/extracted_models/T2313_all_pdbs/Model_5551_af3_woTemplates_af3_seed_48212_sample_2_pred_62.cif,awaiting_extract,"MassiveFold model pool index only. It parses organizer-provided external model tarball listings and stages balanced extraction/rerank candidates. These models remain external rerank and accuracy-estimation inputs, not internal predictions, not CASP submissions, and not competitive-proof evidence."
4,T2313,T2313_T330,5934,T2313_all_pdbs/Model_5519_af3_woTemplates_af3_seed_130569_sample_1_pred_821.cif,Model_5519_af3_woTemplates_af3_seed_130569_sample_1_pred_821.cif,5519,AF3,af3_woTemplates,130569,1,821,woTemplates,,False,casp17/massivefold_external_pool_intake/t2313_t330/extracted_models/T2313_all_pdbs/Model_5519_af3_woTemplates_af3_seed_130569_sample_1_pred_821.cif,awaiting_extract,"MassiveFold model pool index only. It parses organizer-provided external model tarball listings and stages balanced extraction/rerank candidates. These models remain external rerank and accuracy-estimation inputs, not internal predictions, not CASP submissions, and not competitive-proof evidence."
4,T2313,T2313_T330,5948,T2313_all_pdbs/Model_3907_af3_woTemplates_af3_seed_841335_sample_2_pred_912.cif,Model_3907_af3_woTemplates_af3_seed_841335_sample_2_pred_912.cif,3907,AF3,af3_woTemplates,841335,2,912,woTemplates,,False,casp17/massivefold_external_pool_intake/t2313_t330/extracted_models/T2313_all_pdbs/Model_3907_af3_woTemplates_af3_seed_841335_sample_2_pred_912.cif,awaiting_extract,"MassiveFold model pool index only. It parses organizer-provided external model tarball listings and stages balanced extraction/rerank candidates. These models remain external rerank and accuracy-estimation inputs, not internal predictions, not CASP submissions, and not competitive-proof evidence."
4,T2313,T2313_T330,5949,T2313_all_pdbs/Model_6419_af3_woTemplates_af3_seed_384903_sample_0_pred_345.cif,Model_6419_af3_woTemplates_af3_seed_384903_sample_0_pred_345.cif,6419,AF3,af3_woTemplates,384903,0,345,woTemplates,,False,casp17/massivefold_external_pool_intake/t2313_t330/extracted_models/T2313_all_pdbs/Model_6419_af3_woTemplates_af3_seed_384903_sample_0_pred_345.cif,awaiting_extract,"MassiveFold model pool index only. It parses organizer-provided external model tarball listings and stages balanced extraction/rerank candidates. These models remain external rerank and accuracy-estimation inputs, not internal predictions, not CASP submissions, and not competitive-proof evidence."
4,T2313,T2313_T330,5973,T2313_all_pdbs/Model_3545_af3_woTemplates_af3_seed_641646_sample_0_pred_720.cif,Model_3545_af3_woTemplates_af3_seed_641646_sample_0_pred_720.cif,3545,AF3,af3_woTemplates,641646,0,720,woTemplates,,False,casp17/massivefold_external_pool_intake/t2313_t330/extracted_models/T2313_all_pdbs/Model_3545_af3_woTemplates_af3_seed_641646_sample_0_pred_720.cif,awaiting_extract,"MassiveFold model pool index only. It parses organizer-provided external model tarball listings and stages balanced extraction/rerank candidates. These models remain external rerank and accuracy-estimation inputs, not internal predictions, not CASP submissions, and not competitive-proof evidence."
4,T2313,T2313_T330,6014,T2313_all_pdbs/Model_5856_af3_woTemplates_af3_seed_994806_sample_0_pred_460.cif,Model_5856_af3_woTemplates_af3_seed_994806_sample_0_pred_460.cif,5856,AF3,af3_woTemplates,994806,0,460,woTemplates,,False,casp17/massivefold_external_pool_intake/t2313_t330/extracted_models/T2313_all_pdbs/Model_5856_af3_woTemplates_af3_seed_994806_sample_0_pred_460.cif,awaiting_extract,"MassiveFold model pool index only. It parses organizer-provided external model tarball listings and stages balanced extraction/rerank candidates. These models remain external rerank and accuracy-estimation inputs, not internal predictions, not CASP submissions, and not competitive-proof evidence."
4,T2313,T2313_T330,6016,T2313_all_pdbs/Model_4747_af3_woTemplates_af3_seed_48204_sample_2_pred_22.cif,Model_4747_af3_woTemplates_af3_seed_48204_sample_2_pred_22.cif,4747,AF3,af3_woTemplates,48204,2,22,woTemplates,,False,casp17/massivefold_external_pool_intake/t2313_t330/extracted_models/T2313_all_pdbs/Model_4747_af3_woTemplates_af3_seed_48204_sample_2_pred_22.cif,awaiting_extract,"MassiveFold model pool index only. It parses organizer-provided external model tarball listings and stages balanced extraction/rerank candidates. These models remain external rerank and accuracy-estimation inputs, not internal predictions, not CASP submissions, and not competitive-proof evidence."
4,T2313,T2313_T330,6021,T2313_all_pdbs/Model_4740_af3_woTemplates_af3_seed_256839_sample_3_pred_513.cif,Model_4740_af3_woTemplates_af3_seed_256839_sample_3_pred_513.cif,4740,AF3,af3_woTemplates,256839,3,513,woTemplates,,False,casp17/massivefold_external_pool_intake/t2313_t330/extracted_models/T2313_all_pdbs/Model_4740_af3_woTemplates_af3_seed_256839_sample_3_pred_513.cif,awaiting_extract,"MassiveFold model pool index only. It parses organizer-provided external model tarball listings and stages balanced extraction/rerank candidates. These models remain external rerank and accuracy-estimation inputs, not internal predictions, not CASP submissions, and not competitive-proof evidence."
4,T2313,T2313_T330,6027,T2313_all_pdbs/Model_4889_af3_woTemplates_af3_seed_48210_sample_0_pred_50.cif,Model_4889_af3_woTemplates_af3_seed_48210_sample_0_pred_50.cif,4889,AF3,af3_woTemplates,48210,0,50,woTemplates,,False,casp17/massivefold_external_pool_intake/t2313_t330/extracted_models/T2313_all_pdbs/Model_4889_af3_woTemplates_af3_seed_48210_sample_0_pred_50.cif,awaiting_extract,"MassiveFold model pool index only. It parses organizer-provided external model tarball listings and stages balanced extraction/rerank candidates. These models remain external rerank and accuracy-estimation inputs, not internal predictions, not CASP submissions, and not competitive-proof evidence."
4,T2313,T2313_T330,6082,T2313_all_pdbs/Model_3376_af3_woTemplates_af3_seed_384884_sample_0_pred_250.cif,Model_3376_af3_woTemplates_af3_seed_384884_sample_0_pred_250.cif,3376,AF3,af3_woTemplates,384884,0,250,woTemplates,,False,casp17/massivefold_external_pool_intake/t2313_t330/extracted_models/T2313_all_pdbs/Model_3376_af3_woTemplates_af3_seed_384884_sample_0_pred_250.cif,awaiting_extract,"MassiveFold model pool index only. It parses organizer-provided external model tarball listings and stages balanced extraction/rerank candidates. These models remain external rerank and accuracy-estimation inputs, not internal predictions, not CASP submissions, and not competitive-proof evidence."
4,T2313,T2313_T330,6083,T2313_all_pdbs/Model_7645_af3_woTemplates_af3_seed_130556_sample_4_pred_759.cif,Model_7645_af3_woTemplates_af3_seed_130556_sample_4_pred_759.cif,7645,AF3,af3_woTemplates,130556,4,759,woTemplates,,False,casp17/massivefold_external_pool_intake/t2313_t330/extracted_models/T2313_all_pdbs/Model_7645_af3_woTemplates_af3_seed_130556_sample_4_pred_759.cif,awaiting_extract,"MassiveFold model pool index only. It parses organizer-provided external model tarball listings and stages balanced extraction/rerank candidates. These models remain external rerank and accuracy-estimation inputs, not internal predictions, not CASP submissions, and not competitive-proof evidence."
4,T2313,T2313_T330,6105,T2313_all_pdbs/Model_6830_af3_woTemplates_af3_seed_841338_sample_2_pred_927.cif,Model_6830_af3_woTemplates_af3_seed_841338_sample_2_pred_927.cif,6830,AF3,af3_woTemplates,841338,2,927,woTemplates,,False,casp17/massivefold_external_pool_intake/t2313_t330/extracted_models/T2313_all_pdbs/Model_6830_af3_woTemplates_af3_seed_841338_sample_2_pred_927.cif,awaiting_extract,"MassiveFold model pool index only. It parses organizer-provided external model tarball listings and stages balanced extraction/rerank candidates. These models remain external rerank and accuracy-estimation inputs, not internal predictions, not CASP submissions, and not competitive-proof evidence."
4,T2313,T2313_T330,6114,T2313_all_pdbs/Model_3664_af3_woTemplates_af3_seed_994797_sample_1_pred_416.cif,Model_3664_af3_woTemplates_af3_seed_994797_sample_1_pred_416.cif,3664,AF3,af3_woTemplates,994797,1,416,woTemplates,,False,casp17/massivefold_external_pool_intake/t2313_t330/extracted_models/T2313_all_pdbs/Model_3664_af3_woTemplates_af3_seed_994797_sample_1_pred_416.cif,awaiting_extract,"MassiveFold model pool index only. It parses organizer-provided external model tarball listings and stages balanced extraction/rerank candidates. These models remain external rerank and accuracy-estimation inputs, not internal predictions, not CASP submissions, and not competitive-proof evidence."
4,T2313,T2313_T330,6117,T2313_all_pdbs/Model_6205_af3_woTemplates_af3_seed_994807_sample_0_pred_465.cif,Model_6205_af3_woTemplates_af3_seed_994807_sample_0_pred_465.cif,6205,AF3,af3_woTemplates,994807,0,465,woTemplates,,False,casp17/massivefold_external_pool_intake/t2313_t330/extracted_models/T2313_all_pdbs/Model_6205_af3_woTemplates_af3_seed_994807_sample_0_pred_465.cif,awaiting_extract,"MassiveFold model pool index only. It parses organizer-provided external model tarball listings and stages balanced extraction/rerank candidates. These models remain external rerank and accuracy-estimation inputs, not internal predictions, not CASP submissions, and not competitive-proof evidence."
4,T2313,T2313_T330,6122,T2313_all_pdbs/Model_5039_af3_woTemplates_af3_seed_384902_sample_3_pred_343.cif,Model_5039_af3_woTemplates_af3_seed_384902_sample_3_pred_343.cif,5039,AF3,af3_woTemplates,384902,3,343,woTemplates,,False,casp17/massivefold_external_pool_intake/t2313_t330/extracted_models/T2313_all_pdbs/Model_5039_af3_woTemplates_af3_seed_384902_sample_3_pred_343.cif,awaiting_extract,"MassiveFold model pool index only. It parses organizer-provided external model tarball listings and stages balanced extraction/rerank candidates. These models remain external rerank and accuracy-estimation inputs, not internal predictions, not CASP submissions, and not competitive-proof evidence."
4,T2313,T2313_T330,6135,T2313_all_pdbs/Model_4620_af3_woTemplates_af3_seed_641645_sample_3_pred_718.cif,Model_4620_af3_woTemplates_af3_seed_641645_sample_3_pred_718.cif,4620,AF3,af3_woTemplates,641645,3,718,woTemplates,,False,casp17/massivefold_external_pool_intake/t2313_t330/extracted_models/T2313_all_pdbs/Model_4620_af3_woTemplates_af3_seed_641645_sample_3_pred_718.cif,awaiting_extract,"MassiveFold model pool index only. It parses organizer-provided external model tarball listings and stages balanced extraction/rerank candidates. These models remain external rerank and accuracy-estimation inputs, not internal predictions, not CASP submissions, and not competitive-proof evidence."
4,T2313,T2313_T330,6191,T2313_all_pdbs/Model_4379_af3_woTemplates_af3_seed_994804_sample_4_pred_454.cif,Model_4379_af3_woTemplates_af3_seed_994804_sample_4_pred_454.cif,4379,AF3,af3_woTemplates,994804,4,454,woTemplates,,False,casp17/massivefold_external_pool_intake/t2313_t330/extracted_models/T2313_all_pdbs/Model_4379_af3_woTemplates_af3_seed_994804_sample_4_pred_454.cif,awaiting_extract,"MassiveFold model pool index only. It parses organizer-provided external model tarball listings and stages balanced extraction/rerank candidates. These models remain external rerank and accuracy-estimation inputs, not internal predictions, not CASP submissions, and not competitive-proof evidence."
4,T2313,T2313_T330,6194,T2313_all_pdbs/Model_7159_af3_woTemplates_af3_seed_384885_sample_2_pred_257.cif,Model_7159_af3_woTemplates_af3_seed_384885_sample_2_pred_257.cif,7159,AF3,af3_woTemplates,384885,2,257,woTemplates,,False,casp17/massivefold_external_pool_intake/t2313_t330/extracted_models/T2313_all_pdbs/Model_7159_af3_woTemplates_af3_seed_384885_sample_2_pred_257.cif,awaiting_extract,"MassiveFold model pool index only. It parses organizer-provided external model tarball listings and stages balanced extraction/rerank candidates. These models remain external rerank and accuracy-estimation inputs, not internal predictions, not CASP submissions, and not competitive-proof evidence."
4,T2313,T2313_T330,6196,T2313_all_pdbs/Model_7497_af3_woTemplates_af3_seed_994803_sample_1_pred_446.cif,Model_7497_af3_woTemplates_af3_seed_994803_sample_1_pred_446.cif,7497,AF3,af3_woTemplates,994803,1,446,woTemplates,,False,casp17/massivefold_external_pool_intake/t2313_t330/extracted_models/T2313_all_pdbs/Model_7497_af3_woTemplates_af3_seed_994803_sample_1_pred_446.cif,awaiting_extract,"MassiveFold model pool index only. It parses organizer-provided external model tarball listings and stages balanced extraction/rerank candidates. These models remain external rerank and accuracy-estimation inputs, not internal predictions, not CASP submissions, and not competitive-proof evidence."
4,T2313,T2313_T330,6199,T2313_all_pdbs/Model_3371_af3_woTemplates_af3_seed_384905_sample_4_pred_359.cif,Model_3371_af3_woTemplates_af3_seed_384905_sample_4_pred_359.cif,3371,AF3,af3_woTemplates,384905,4,359,woTemplates,,False,casp17/massivefold_external_pool_intake/t2313_t330/extracted_models/T2313_all_pdbs/Model_3371_af3_woTemplates_af3_seed_384905_sample_4_pred_359.cif,awaiting_extract,"MassiveFold model pool index only. It parses organizer-provided external model tarball listings and stages balanced extraction/rerank candidates. These models remain external rerank and accuracy-estimation inputs, not internal predictions, not CASP submissions, and not competitive-proof evidence."
4,T2313,T2313_T330,6243,T2313_all_pdbs/Model_6277_af3_woTemplates_af3_seed_384899_sample_1_pred_326.cif,Model_6277_af3_woTemplates_af3_seed_384899_sample_1_pred_326.cif,6277,AF3,af3_woTemplates,384899,1,326,woTemplates,,False,casp17/massivefold_external_pool_intake/t2313_t330/extracted_models/T2313_all_pdbs/Model_6277_af3_woTemplates_af3_seed_384899_sample_1_pred_326.cif,awaiting_extract,"MassiveFold model pool index only. It parses organizer-provided external model tarball listings and stages balanced extraction/rerank candidates. These models remain external rerank and accuracy-estimation inputs, not internal predictions, not CASP submissions, and not competitive-proof evidence."
4,T2313,T2313_T330,6248,T2313_all_pdbs/Model_5369_af3_woTemplates_af3_seed_48207_sample_0_pred_35.cif,Model_5369_af3_woTemplates_af3_seed_48207_sample_0_pred_35.cif,5369,AF3,af3_woTemplates,48207,0,35,woTemplates,,False,casp17/massivefold_external_pool_intake/t2313_t330/extracted_models/T2313_all_pdbs/Model_5369_af3_woTemplates_af3_seed_48207_sample_0_pred_35.cif,awaiting_extract,"MassiveFold model pool index only. It parses organizer-provided external model tarball listings and stages balanced extraction/rerank candidates. These models remain external rerank and accuracy-estimation inputs, not internal predictions, not CASP submissions, and not competitive-proof evidence."
4,T2313,T2313_T330,6249,T2313_all_pdbs/Model_4678_af3_woTemplates_af3_seed_130568_sample_3_pred_818.cif,Model_4678_af3_woTemplates_af3_seed_130568_sample_3_pred_818.cif,4678,AF3,af3_woTemplates,130568,3,818,woTemplates,,False,casp17/massivefold_external_pool_intake/t2313_t330/extracted_models/T2313_all_pdbs/Model_4678_af3_woTemplates_af3_seed_130568_sample_3_pred_818.cif,awaiting_extract,"MassiveFold model pool index only. It parses organizer-provided external model tarball listings and stages balanced extraction/rerank candidates. These models remain external rerank and accuracy-estimation inputs, not internal predictions, not CASP submissions, and not competitive-proof evidence."
4,T2313,T2313_T330,6253,T2313_all_pdbs/Model_7791_af3_woTemplates_af3_seed_994791_sample_3_pred_388.cif,Model_7791_af3_woTemplates_af3_seed_994791_sample_3_pred_388.cif,7791,AF3,af3_woTemplates,994791,3,388,woTemplates,,False,casp17/massivefold_external_pool_intake/t2313_t330/extracted_models/T2313_all_pdbs/Model_7791_af3_woTemplates_af3_seed_994791_sample_3_pred_388.cif,awaiting_extract,"MassiveFold model pool index only. It parses organizer-provided external model tarball listings and stages balanced extraction/rerank candidates. These models remain external rerank and accuracy-estimation inputs, not internal predictions, not CASP submissions, and not competitive-proof evidence."
4,T2313,T2313_T330,6255,T2313_all_pdbs/Model_5492_af3_woTemplates_af3_seed_48207_sample_2_pred_37.cif,Model_5492_af3_woTemplates_af3_seed_48207_sample_2_pred_37.cif,5492,AF3,af3_woTemplates,48207,2,37,woTemplates,,False,casp17/massivefold_external_pool_intake/t2313_t330/extracted_models/T2313_all_pdbs/Model_5492_af3_woTemplates_af3_seed_48207_sample_2_pred_37.cif,awaiting_extract,"MassiveFold model pool index only. It parses organizer-provided external model tarball listings and stages balanced extraction/rerank candidates. These models remain external rerank and accuracy-estimation inputs, not internal predictions, not CASP submissions, and not competitive-proof evidence."
4,T2313,T2313_T330,6258,T2313_all_pdbs/Model_3623_af3_woTemplates_af3_seed_897898_sample_0_pred_210.cif,Model_3623_af3_woTemplates_af3_seed_897898_sample_0_pred_210.cif,3623,AF3,af3_woTemplates,897898,0,210,woTemplates,,False,casp17/massivefold_external_pool_intake/t2313_t330/extracted_models/T2313_all_pdbs/Model_3623_af3_woTemplates_af3_seed_897898_sample_0_pred_210.cif,awaiting_extract,"MassiveFold model pool index only. It parses organizer-provided external model tarball listings and stages balanced extraction/rerank candidates. These models remain external rerank and accuracy-estimation inputs, not internal predictions, not CASP submissions, and not competitive-proof evidence."
4,T2313,T2313_T330,6285,T2313_all_pdbs/Model_5056_af3_woTemplates_af3_seed_841339_sample_3_pred_933.cif,Model_5056_af3_woTemplates_af3_seed_841339_sample_3_pred_933.cif,5056,AF3,af3_woTemplates,841339,3,933,woTemplates,,False,casp17/massivefold_external_pool_intake/t2313_t330/extracted_models/T2313_all_pdbs/Model_5056_af3_woTemplates_af3_seed_841339_sample_3_pred_933.cif,awaiting_extract,"MassiveFold model pool index only. It parses organizer-provided external model tarball listings and stages balanced extraction/rerank candidates. These models remain external rerank and accuracy-estimation inputs, not internal predictions, not CASP submissions, and not competitive-proof evidence."
4,T2313,T2313_T330,6291,T2313_all_pdbs/Model_6983_af3_woTemplates_af3_seed_48219_sample_0_pred_95.cif,Model_6983_af3_woTemplates_af3_seed_48219_sample_0_pred_95.cif,6983,AF3,af3_woTemplates,48219,0,95,woTemplates,,False,casp17/massivefold_external_pool_intake/t2313_t330/extracted_models/T2313_all_pdbs/Model_6983_af3_woTemplates_af3_seed_48219_sample_0_pred_95.cif,awaiting_extract,"MassiveFold model pool index only. It parses organizer-provided external model tarball listings and stages balanced extraction/rerank candidates. These models remain external rerank and accuracy-estimation inputs, not internal predictions, not CASP submissions, and not competitive-proof evidence."
4,T2313,T2313_T330,6307,T2313_all_pdbs/Model_5745_af3_woTemplates_af3_seed_841343_sample_1_pred_951.cif,Model_5745_af3_woTemplates_af3_seed_841343_sample_1_pred_951.cif,5745,AF3,af3_woTemplates,841343,1,951,woTemplates,,False,casp17/massivefold_external_pool_intake/t2313_t330/extracted_models/T2313_all_pdbs/Model_5745_af3_woTemplates_af3_seed_841343_sample_1_pred_951.cif,awaiting_extract,"MassiveFold model pool index only. It parses organizer-provided external model tarball listings and stages balanced extraction/rerank candidates. These models remain external rerank and accuracy-estimation inputs, not internal predictions, not CASP submissions, and not competitive-proof evidence."
4,T2313,T2313_T330,6315,T2313_all_pdbs/Model_6107_af3_woTemplates_af3_seed_897899_sample_2_pred_217.cif,Model_6107_af3_woTemplates_af3_seed_897899_sample_2_pred_217.cif,6107,AF3,af3_woTemplates,897899,2,217,woTemplates,,False,casp17/massivefold_external_pool_intake/t2313_t330/extracted_models/T2313_all_pdbs/Model_6107_af3_woTemplates_af3_seed_897899_sample_2_pred_217.cif,awaiting_extract,"MassiveFold model pool index only. It parses organizer-provided external model tarball listings and stages balanced extraction/rerank candidates. These models remain external rerank and accuracy-estimation inputs, not internal predictions, not CASP submissions, and not competitive-proof evidence."
4,T2313,T2313_T330,6324,T2313_all_pdbs/Model_6330_af3_woTemplates_af3_seed_256856_sample_1_pred_596.cif,Model_6330_af3_woTemplates_af3_seed_256856_sample_1_pred_596.cif,6330,AF3,af3_woTemplates,256856,1,596,woTemplates,,False,casp17/massivefold_external_pool_intake/t2313_t330/extracted_models/T2313_all_pdbs/Model_6330_af3_woTemplates_af3_seed_256856_sample_1_pred_596.cif,awaiting_extract,"MassiveFold model pool index only. It parses organizer-provided external model tarball listings and stages balanced extraction/rerank candidates. These models remain external rerank and accuracy-estimation inputs, not internal predictions, not CASP submissions, and not competitive-proof evidence."
4,T2313,T2313_T330,6333,T2313_all_pdbs/Model_5545_af3_woTemplates_af3_seed_641637_sample_3_pred_678.cif,Model_5545_af3_woTemplates_af3_seed_641637_sample_3_pred_678.cif,5545,AF3,af3_woTemplates,641637,3,678,woTemplates,,False,casp17/massivefold_external_pool_intake/t2313_t330/extracted_models/T2313_all_pdbs/Model_5545_af3_woTemplates_af3_seed_641637_sample_3_pred_678.cif,awaiting_extract,"MassiveFold model pool index only. It parses organizer-provided external model tarball listings and stages balanced extraction/rerank candidates. These models remain external rerank and accuracy-estimation inputs, not internal predictions, not CASP submissions, and not competitive-proof evidence."
4,T2313,T2313_T330,6358,T2313_all_pdbs/Model_6573_af3_woTemplates_af3_seed_994805_sample_0_pred_455.cif,Model_6573_af3_woTemplates_af3_seed_994805_sample_0_pred_455.cif,6573,AF3,af3_woTemplates,994805,0,455,woTemplates,,False,casp17/massivefold_external_pool_intake/t2313_t330/extracted_models/T2313_all_pdbs/Model_6573_af3_woTemplates_af3_seed_994805_sample_0_pred_455.cif,awaiting_extract,"MassiveFold model pool index only. It parses organizer-provided external model tarball listings and stages balanced extraction/rerank candidates. These models remain external rerank and accuracy-estimation inputs, not internal predictions, not CASP submissions, and not competitive-proof evidence."
4,T2313,T2313_T330,6366,T2313_all_pdbs/Model_3370_af3_woTemplates_af3_seed_384887_sample_2_pred_267.cif,Model_3370_af3_woTemplates_af3_seed_384887_sample_2_pred_267.cif,3370,AF3,af3_woTemplates,384887,2,267,woTemplates,,False,casp17/massivefold_external_pool_intake/t2313_t330/extracted_models/T2313_all_pdbs/Model_3370_af3_woTemplates_af3_seed_384887_sample_2_pred_267.cif,awaiting_extract,"MassiveFold model pool index only. It parses organizer-provided external model tarball listings and stages balanced extraction/rerank candidates. These models remain external rerank and accuracy-estimation inputs, not internal predictions, not CASP submissions, and not competitive-proof evidence."
4,T2313,T2313_T330,6367,T2313_all_pdbs/Model_8162_af3_woTemplates_af3_seed_994810_sample_3_pred_483.cif,Model_8162_af3_woTemplates_af3_seed_994810_sample_3_pred_483.cif,8162,AF3,af3_woTemplates,994810,3,483,woTemplates,,False,casp17/massivefold_external_pool_intake/t2313_t330/extracted_models/T2313_all_pdbs/Model_8162_af3_woTemplates_af3_seed_994810_sample_3_pred_483.cif,awaiting_extract,"MassiveFold model pool index only. It parses organizer-provided external model tarball listings and stages balanced extraction/rerank candidates. These models remain external rerank and accuracy-estimation inputs, not internal predictions, not CASP submissions, and not competitive-proof evidence."
4,T2313,T2313_T330,6422,T2313_all_pdbs/Model_7640_af3_woTemplates_af3_seed_994796_sample_0_pred_410.cif,Model_7640_af3_woTemplates_af3_seed_994796_sample_0_pred_410.cif,7640,AF3,af3_woTemplates,994796,0,410,woTemplates,,False,casp17/massivefold_external_pool_intake/t2313_t330/extracted_models/T2313_all_pdbs/Model_7640_af3_woTemplates_af3_seed_994796_sample_0_pred_410.cif,awaiting_extract,"MassiveFold model pool index only. It parses organizer-provided external model tarball listings and stages balanced extraction/rerank candidates. These models remain external rerank and accuracy-estimation inputs, not internal predictions, not CASP submissions, and not competitive-proof evidence."
4,T2313,T2313_T330,6446,T2313_all_pdbs/Model_4681_af3_woTemplates_af3_seed_994804_sample_0_pred_450.cif,Model_4681_af3_woTemplates_af3_seed_994804_sample_0_pred_450.cif,4681,AF3,af3_woTemplates,994804,0,450,woTemplates,,False,casp17/massivefold_external_pool_intake/t2313_t330/extracted_models/T2313_all_pdbs/Model_4681_af3_woTemplates_af3_seed_994804_sample_0_pred_450.cif,awaiting_extract,"MassiveFold model pool index only. It parses organizer-provided external model tarball listings and stages balanced extraction/rerank candidates. These models remain external rerank and accuracy-estimation inputs, not internal predictions, not CASP submissions, and not competitive-proof evidence."
4,T2313,T2313_T330,6476,T2313_all_pdbs/Model_7646_af3_woTemplates_af3_seed_256852_sample_2_pred_577.cif,Model_7646_af3_woTemplates_af3_seed_256852_sample_2_pred_577.cif,7646,AF3,af3_woTemplates,256852,2,577,woTemplates,,False,casp17/massivefold_external_pool_intake/t2313_t330/extracted_models/T2313_all_pdbs/Model_7646_af3_woTemplates_af3_seed_256852_sample_2_pred_577.cif,awaiting_extract,"MassiveFold model pool index only. It parses organizer-provided external model tarball listings and stages balanced extraction/rerank candidates. These models remain external rerank and accuracy-estimation inputs, not internal predictions, not CASP submissions, and not competitive-proof evidence."
4,T2313,T2313_T330,6479,T2313_all_pdbs/Model_7494_af3_woTemplates_af3_seed_841331_sample_0_pred_890.cif,Model_7494_af3_woTemplates_af3_seed_841331_sample_0_pred_890.cif,7494,AF3,af3_woTemplates,841331,0,890,woTemplates,,False,casp17/massivefold_external_pool_intake/t2313_t330/extracted_models/T2313_all_pdbs/Model_7494_af3_woTemplates_af3_seed_841331_sample_0_pred_890.cif,awaiting_extract,"MassiveFold model pool index only. It parses organizer-provided external model tarball listings and stages balanced extraction/rerank candidates. These models remain external rerank and accuracy-estimation inputs, not internal predictions, not CASP submissions, and not competitive-proof evidence."
4,T2313,T2313_T330,6508,T2313_all_pdbs/Model_4178_af3_woTemplates_af3_seed_897882_sample_4_pred_134.cif,Model_4178_af3_woTemplates_af3_seed_897882_sample_4_pred_134.cif,4178,AF3,af3_woTemplates,897882,4,134,woTemplates,,False,casp17/massivefold_external_pool_intake/t2313_t330/extracted_models/T2313_all_pdbs/Model_4178_af3_woTemplates_af3_seed_897882_sample_4_pred_134.cif,awaiting_extract,"MassiveFold model pool index only. It parses organizer-provided external model tarball listings and stages balanced extraction/rerank candidates. These models remain external rerank and accuracy-estimation inputs, not internal predictions, not CASP submissions, and not competitive-proof evidence."
4,T2313,T2313_T330,6512,T2313_all_pdbs/Model_4303_af3_woTemplates_af3_seed_48215_sample_4_pred_79.cif,Model_4303_af3_woTemplates_af3_seed_48215_sample_4_pred_79.cif,4303,AF3,af3_woTemplates,48215,4,79,woTemplates,,False,casp17/massivefold_external_pool_intake/t2313_t330/extracted_models/T2313_all_pdbs/Model_4303_af3_woTemplates_af3_seed_48215_sample_4_pred_79.cif,awaiting_extract,"MassiveFold model pool index only. It parses organizer-provided external model tarball listings and stages balanced extraction/rerank candidates. These models remain external rerank and accuracy-estimation inputs, not internal predictions, not CASP submissions, and not competitive-proof evidence."
4,T2313,T2313_T330,6514,T2313_all_pdbs/Model_7270_af3_woTemplates_af3_seed_841350_sample_2_pred_987.cif,Model_7270_af3_woTemplates_af3_seed_841350_sample_2_pred_987.cif,7270,AF3,af3_woTemplates,841350,2,987,woTemplates,,False,casp17/massivefold_external_pool_intake/t2313_t330/extracted_models/T2313_all_pdbs/Model_7270_af3_woTemplates_af3_seed_841350_sample_2_pred_987.cif,awaiting_extract,"MassiveFold model pool index only. It parses organizer-provided external model tarball listings and stages balanced extraction/rerank candidates. These models remain external rerank and accuracy-estimation inputs, not internal predictions, not CASP submissions, and not competitive-proof evidence."
4,T2313,T2313_T330,6519,T2313_all_pdbs/Model_9136_af3_woTemplates_af3_seed_130559_sample_4_pred_774.cif,Model_9136_af3_woTemplates_af3_seed_130559_sample_4_pred_774.cif,9136,AF3,af3_woTemplates,130559,4,774,woTemplates,,False,casp17/massivefold_external_pool_intake/t2313_t330/extracted_models/T2313_all_pdbs/Model_9136_af3_woTemplates_af3_seed_130559_sample_4_pred_774.cif,awaiting_extract,"MassiveFold model pool index only. It parses organizer-provided external model tarball listings and stages balanced extraction/rerank candidates. These models remain external rerank and accuracy-estimation inputs, not internal predictions, not CASP submissions, and not competitive-proof evidence."
4,T2313,T2313_T330,6521,T2313_all_pdbs/Model_6431_af3_woTemplates_af3_seed_48222_sample_2_pred_112.cif,Model_6431_af3_woTemplates_af3_seed_48222_sample_2_pred_112.cif,6431,AF3,af3_woTemplates,48222,2,112,woTemplates,,False,casp17/massivefold_external_pool_intake/t2313_t330/extracted_models/T2313_all_pdbs/Model_6431_af3_woTemplates_af3_seed_48222_sample_2_pred_112.cif,awaiting_extract,"MassiveFold model pool index only. It parses organizer-provided external model tarball listings and stages balanced extraction/rerank candidates. These models remain external rerank and accuracy-estimation inputs, not internal predictions, not CASP submissions, and not competitive-proof evidence."
4,T2313,T2313_T330,6558,T2313_all_pdbs/Model_5588_af3_woTemplates_af3_seed_256837_sample_3_pred_503.cif,Model_5588_af3_woTemplates_af3_seed_256837_sample_3_pred_503.cif,5588,AF3,af3_woTemplates,256837,3,503,woTemplates,,False,casp17/massivefold_external_pool_intake/t2313_t330/extracted_models/T2313_all_pdbs/Model_5588_af3_woTemplates_af3_seed_256837_sample_3_pred_503.cif,awaiting_extract,"MassiveFold model pool index only. It parses organizer-provided external model tarball listings and stages balanced extraction/rerank candidates. These models remain external rerank and accuracy-estimation inputs, not internal predictions, not CASP submissions, and not competitive-proof evidence."
4,T2313,T2313_T330,6565,T2313_all_pdbs/Model_3911_af3_woTemplates_af3_seed_897882_sample_1_pred_131.cif,Model_3911_af3_woTemplates_af3_seed_897882_sample_1_pred_131.cif,3911,AF3,af3_woTemplates,897882,1,131,woTemplates,,False,casp17/massivefold_external_pool_intake/t2313_t330/extracted_models/T2313_all_pdbs/Model_3911_af3_woTemplates_af3_seed_897882_sample_1_pred_131.cif,awaiting_extract,"MassiveFold model pool index only. It parses organizer-provided external model tarball listings and stages balanced extraction/rerank candidates. These models remain external rerank and accuracy-estimation inputs, not internal predictions, not CASP submissions, and not competitive-proof evidence."
4,T2313,T2313_T330,6581,T2313_all_pdbs/Model_5183_af3_woTemplates_af3_seed_897892_sample_0_pred_180.cif,Model_5183_af3_woTemplates_af3_seed_897892_sample_0_pred_180.cif,5183,AF3,af3_woTemplates,897892,0,180,woTemplates,,False,casp17/massivefold_external_pool_intake/t2313_t330/extracted_models/T2313_all_pdbs/Model_5183_af3_woTemplates_af3_seed_897892_sample_0_pred_180.cif,awaiting_extract,"MassiveFold model pool index only. It parses organizer-provided external model tarball listings and stages balanced extraction/rerank candidates. These models remain external rerank and accuracy-estimation inputs, not internal predictions, not CASP submissions, and not competitive-proof evidence."
4,T2313,T2313_T330,6588,T2313_all_pdbs/Model_4233_af3_woTemplates_af3_seed_841333_sample_1_pred_901.cif,Model_4233_af3_woTemplates_af3_seed_841333_sample_1_pred_901.cif,4233,AF3,af3_woTemplates,841333,1,901,woTemplates,,False,casp17/massivefold_external_pool_intake/t2313_t330/extracted_models/T2313_all_pdbs/Model_4233_af3_woTemplates_af3_seed_841333_sample_1_pred_901.cif,awaiting_extract,"MassiveFold model pool index only. It parses organizer-provided external model tarball listings and stages balanced extraction/rerank candidates. These models remain external rerank and accuracy-estimation inputs, not internal predictions, not CASP submissions, and not competitive-proof evidence."
4,T2313,T2313_T330,6597,T2313_all_pdbs/Model_7790_af3_woTemplates_af3_seed_256841_sample_4_pred_524.cif,Model_7790_af3_woTemplates_af3_seed_256841_sample_4_pred_524.cif,7790,AF3,af3_woTemplates,256841,4,524,woTemplates,,False,casp17/massivefold_external_pool_intake/t2313_t330/extracted_models/T2313_all_pdbs/Model_7790_af3_woTemplates_af3_seed_256841_sample_4_pred_524.cif,awaiting_extract,"MassiveFold model pool index only. It parses organizer-provided external model tarball listings and stages balanced extraction/rerank candidates. These models remain external rerank and accuracy-estimation inputs, not internal predictions, not CASP submissions, and not competitive-proof evidence."
4,T2313,T2313_T330,6602,T2313_all_pdbs/Model_3490_af3_woTemplates_af3_seed_841336_sample_2_pred_917.cif,Model_3490_af3_woTemplates_af3_seed_841336_sample_2_pred_917.cif,3490,AF3,af3_woTemplates,841336,2,917,woTemplates,,False,casp17/massivefold_external_pool_intake/t2313_t330/extracted_models/T2313_all_pdbs/Model_3490_af3_woTemplates_af3_seed_841336_sample_2_pred_917.cif,awaiting_extract,"MassiveFold model pool index only. It parses organizer-provided external model tarball listings and stages balanced extraction/rerank candidates. These models remain external rerank and accuracy-estimation inputs, not internal predictions, not CASP submissions, and not competitive-proof evidence."
4,T2313,T2313_T330,6608,T2313_all_pdbs/Model_6582_af3_woTemplates_af3_seed_994805_sample_2_pred_457.cif,Model_6582_af3_woTemplates_af3_seed_994805_sample_2_pred_457.cif,6582,AF3,af3_woTemplates,994805,2,457,woTemplates,,False,casp17/massivefold_external_pool_intake/t2313_t330/extracted_models/T2313_all_pdbs/Model_6582_af3_woTemplates_af3_seed_994805_sample_2_pred_457.cif,awaiting_extract,"MassiveFold model pool index only. It parses organizer-provided external model tarball listings and stages balanced extraction/rerank candidates. These models remain external rerank and accuracy-estimation inputs, not internal predictions, not CASP submissions, and not competitive-proof evidence."
4,T2313,T2313_T330,6614,T2313_all_pdbs/Model_5853_af3_woTemplates_af3_seed_130572_sample_3_pred_838.cif,Model_5853_af3_woTemplates_af3_seed_130572_sample_3_pred_838.cif,5853,AF3,af3_woTemplates,130572,3,838,woTemplates,,False,casp17/massivefold_external_pool_intake/t2313_t330/extracted_models/T2313_all_pdbs/Model_5853_af3_woTemplates_af3_seed_130572_sample_3_pred_838.cif,awaiting_extract,"MassiveFold model pool index only. It parses organizer-provided external model tarball listings and stages balanced extraction/rerank candidates. These models remain external rerank and accuracy-estimation inputs, not internal predictions, not CASP submissions, and not competitive-proof evidence."
4,T2313,T2313_T330,6638,T2313_all_pdbs/Model_6113_af3_woTemplates_af3_seed_384897_sample_1_pred_316.cif,Model_6113_af3_woTemplates_af3_seed_384897_sample_1_pred_316.cif,6113,AF3,af3_woTemplates,384897,1,316,woTemplates,,False,casp17/massivefold_external_pool_intake/t2313_t330/extracted_models/T2313_all_pdbs/Model_6113_af3_woTemplates_af3_seed_384897_sample_1_pred_316.cif,awaiting_extract,"MassiveFold model pool index only. It parses organizer-provided external model tarball listings and stages balanced extraction/rerank candidates. These models remain external rerank and accuracy-estimation inputs, not internal predictions, not CASP submissions, and not competitive-proof evidence."
4,T2313,T2313_T330,6700,T2313_all_pdbs/Model_5325_af3_woTemplates_af3_seed_384906_sample_2_pred_362.cif,Model_5325_af3_woTemplates_af3_seed_384906_sample_2_pred_362.cif,5325,AF3,af3_woTemplates,384906,2,362,woTemplates,,False,casp17/massivefold_external_pool_intake/t2313_t330/extracted_models/T2313_all_pdbs/Model_5325_af3_woTemplates_af3_seed_384906_sample_2_pred_362.cif,awaiting_extract,"MassiveFold model pool index only. It parses organizer-provided external model tarball listings and stages balanced extraction/rerank candidates. These models remain external rerank and accuracy-estimation inputs, not internal predictions, not CASP submissions, and not competitive-proof evidence."
4,T2313,T2313_T330,6707,T2313_all_pdbs/Model_4168_af3_woTemplates_af3_seed_256851_sample_0_pred_570.cif,Model_4168_af3_woTemplates_af3_seed_256851_sample_0_pred_570.cif,4168,AF3,af3_woTemplates,256851,0,570,woTemplates,,False,casp17/massivefold_external_pool_intake/t2313_t330/extracted_models/T2313_all_pdbs/Model_4168_af3_woTemplates_af3_seed_256851_sample_0_pred_570.cif,awaiting_extract,"MassiveFold model pool index only. It parses organizer-provided external model tarball listings and stages balanced extraction/rerank candidates. These models remain external rerank and accuracy-estimation inputs, not internal predictions, not CASP submissions, and not competitive-proof evidence."
4,T2313,T2313_T330,6711,T2313_all_pdbs/Model_4061_af3_woTemplates_af3_seed_641631_sample_3_pred_648.cif,Model_4061_af3_woTemplates_af3_seed_641631_sample_3_pred_648.cif,4061,AF3,af3_woTemplates,641631,3,648,woTemplates,,False,casp17/massivefold_external_pool_intake/t2313_t330/extracted_models/T2313_all_pdbs/Model_4061_af3_woTemplates_af3_seed_641631_sample_3_pred_648.cif,awaiting_extract,"MassiveFold model pool index only. It parses organizer-provided external model tarball listings and stages balanced extraction/rerank candidates. These models remain external rerank and accuracy-estimation inputs, not internal predictions, not CASP submissions, and not competitive-proof evidence."
4,T2313,T2313_T330,6731,T2313_all_pdbs/Model_3626_af3_woTemplates_af3_seed_130571_sample_3_pred_833.cif,Model_3626_af3_woTemplates_af3_seed_130571_sample_3_pred_833.cif,3626,AF3,af3_woTemplates,130571,3,833,woTemplates,,False,casp17/massivefold_external_pool_intake/t2313_t330/extracted_models/T2313_all_pdbs/Model_3626_af3_woTemplates_af3_seed_130571_sample_3_pred_833.cif,awaiting_extract,"MassiveFold model pool index only. It parses organizer-provided external model tarball listings and stages balanced extraction/rerank candidates. These models remain external rerank and accuracy-estimation inputs, not internal predictions, not CASP submissions, and not competitive-proof evidence."
4,T2313,T2313_T330,6754,T2313_all_pdbs/Model_4292_af3_woTemplates_af3_seed_994798_sample_0_pred_420.cif,Model_4292_af3_woTemplates_af3_seed_994798_sample_0_pred_420.cif,4292,AF3,af3_woTemplates,994798,0,420,woTemplates,,False,casp17/massivefold_external_pool_intake/t2313_t330/extracted_models/T2313_all_pdbs/Model_4292_af3_woTemplates_af3_seed_994798_sample_0_pred_420.cif,awaiting_extract,"MassiveFold model pool index only. It parses organizer-provided external model tarball listings and stages balanced extraction/rerank candidates. These models remain external rerank and accuracy-estimation inputs, not internal predictions, not CASP submissions, and not competitive-proof evidence."
4,T2313,T2313_T330,6771,T2313_all_pdbs/Model_8833_af3_woTemplates_af3_seed_384893_sample_1_pred_296.cif,Model_8833_af3_woTemplates_af3_seed_384893_sample_1_pred_296.cif,8833,AF3,af3_woTemplates,384893,1,296,woTemplates,,False,casp17/massivefold_external_pool_intake/t2313_t330/extracted_models/T2313_all_pdbs/Model_8833_af3_woTemplates_af3_seed_384893_sample_1_pred_296.cif,awaiting_extract,"MassiveFold model pool index only. It parses organizer-provided external model tarball listings and stages balanced extraction/rerank candidates. These models remain external rerank and accuracy-estimation inputs, not internal predictions, not CASP submissions, and not competitive-proof evidence."
4,T2313,T2313_T330,6787,T2313_all_pdbs/Model_5795_af3_woTemplates_af3_seed_841332_sample_4_pred_899.cif,Model_5795_af3_woTemplates_af3_seed_841332_sample_4_pred_899.cif,5795,AF3,af3_woTemplates,841332,4,899,woTemplates,,False,casp17/massivefold_external_pool_intake/t2313_t330/extracted_models/T2313_all_pdbs/Model_5795_af3_woTemplates_af3_seed_841332_sample_4_pred_899.cif,awaiting_extract,"MassiveFold model pool index only. It parses organizer-provided external model tarball listings and stages balanced extraction/rerank candidates. These models remain external rerank and accuracy-estimation inputs, not internal predictions, not CASP submissions, and not competitive-proof evidence."
4,T2313,T2313_T330,6796,T2313_all_pdbs/Model_5553_af3_woTemplates_af3_seed_841344_sample_3_pred_958.cif,Model_5553_af3_woTemplates_af3_seed_841344_sample_3_pred_958.cif,5553,AF3,af3_woTemplates,841344,3,958,woTemplates,,False,casp17/massivefold_external_pool_intake/t2313_t330/extracted_models/T2313_all_pdbs/Model_5553_af3_woTemplates_af3_seed_841344_sample_3_pred_958.cif,awaiting_extract,"MassiveFold model pool index only. It parses organizer-provided external model tarball listings and stages balanced extraction/rerank candidates. These models remain external rerank and accuracy-estimation inputs, not internal predictions, not CASP submissions, and not competitive-proof evidence."
4,T2313,T2313_T330,6797,T2313_all_pdbs/Model_4787_af3_woTemplates_af3_seed_841349_sample_3_pred_983.cif,Model_4787_af3_woTemplates_af3_seed_841349_sample_3_pred_983.cif,4787,AF3,af3_woTemplates,841349,3,983,woTemplates,,False,casp17/massivefold_external_pool_intake/t2313_t330/extracted_models/T2313_all_pdbs/Model_4787_af3_woTemplates_af3_seed_841349_sample_3_pred_983.cif,awaiting_extract,"MassiveFold model pool index only. It parses organizer-provided external model tarball listings and stages balanced extraction/rerank candidates. These models remain external rerank and accuracy-estimation inputs, not internal predictions, not CASP submissions, and not competitive-proof evidence."
4,T2313,T2313_T330,6812,T2313_all_pdbs/Model_5172_af3_woTemplates_af3_seed_256850_sample_0_pred_565.cif,Model_5172_af3_woTemplates_af3_seed_256850_sample_0_pred_565.cif,5172,AF3,af3_woTemplates,256850,0,565,woTemplates,,False,casp17/massivefold_external_pool_intake/t2313_t330/extracted_models/T2313_all_pdbs/Model_5172_af3_woTemplates_af3_seed_256850_sample_0_pred_565.cif,awaiting_extract,"MassiveFold model pool index only. It parses organizer-provided external model tarball listings and stages balanced extraction/rerank candidates. These models remain external rerank and accuracy-estimation inputs, not internal predictions, not CASP submissions, and not competitive-proof evidence."
4,T2313,T2313_T330,6836,T2313_all_pdbs/Model_6105_af3_woTemplates_af3_seed_130557_sample_1_pred_761.cif,Model_6105_af3_woTemplates_af3_seed_130557_sample_1_pred_761.cif,6105,AF3,af3_woTemplates,130557,1,761,woTemplates,,False,casp17/massivefold_external_pool_intake/t2313_t330/extracted_models/T2313_all_pdbs/Model_6105_af3_woTemplates_af3_seed_130557_sample_1_pred_761.cif,awaiting_extract,"MassiveFold model pool index only. It parses organizer-provided external model tarball listings and stages balanced extraction/rerank candidates. These models remain external rerank and accuracy-estimation inputs, not internal predictions, not CASP submissions, and not competitive-proof evidence."
4,T2313,T2313_T330,6841,T2313_all_pdbs/Model_4294_af3_woTemplates_af3_seed_130574_sample_2_pred_847.cif,Model_4294_af3_woTemplates_af3_seed_130574_sample_2_pred_847.cif,4294,AF3,af3_woTemplates,130574,2,847,woTemplates,,False,casp17/massivefold_external_pool_intake/t2313_t330/extracted_models/T2313_all_pdbs/Model_4294_af3_woTemplates_af3_seed_130574_sample_2_pred_847.cif,awaiting_extract,"MassiveFold model pool index only. It parses organizer-provided external model tarball listings and stages balanced extraction/rerank candidates. These models remain external rerank and accuracy-estimation inputs, not internal predictions, not CASP submissions, and not competitive-proof evidence."
4,T2313,T2313_T330,6845,T2313_all_pdbs/Model_4877_af3_woTemplates_af3_seed_994789_sample_3_pred_378.cif,Model_4877_af3_woTemplates_af3_seed_994789_sample_3_pred_378.cif,4877,AF3,af3_woTemplates,994789,3,378,woTemplates,,False,casp17/massivefold_external_pool_intake/t2313_t330/extracted_models/T2313_all_pdbs/Model_4877_af3_woTemplates_af3_seed_994789_sample_3_pred_378.cif,awaiting_extract,"MassiveFold model pool index only. It parses organizer-provided external model tarball listings and stages balanced extraction/rerank candidates. These models remain external rerank and accuracy-estimation inputs, not internal predictions, not CASP submissions, and not competitive-proof evidence."
4,T2313,T2313_T330,6851,T2313_all_pdbs/Model_6564_af3_woTemplates_af3_seed_48224_sample_3_pred_123.cif,Model_6564_af3_woTemplates_af3_seed_48224_sample_3_pred_123.cif,6564,AF3,af3_woTemplates,48224,3,123,woTemplates,,False,casp17/massivefold_external_pool_intake/t2313_t330/extracted_models/T2313_all_pdbs/Model_6564_af3_woTemplates_af3_seed_48224_sample_3_pred_123.cif,awaiting_extract,"MassiveFold model pool index only. It parses organizer-provided external model tarball listings and stages balanced extraction/rerank candidates. These models remain external rerank and accuracy-estimation inputs, not internal predictions, not CASP submissions, and not competitive-proof evidence."
4,T2313,T2313_T330,6905,T2313_all_pdbs/Model_4739_af3_woTemplates_af3_seed_256839_sample_1_pred_511.cif,Model_4739_af3_woTemplates_af3_seed_256839_sample_1_pred_511.cif,4739,AF3,af3_woTemplates,256839,1,511,woTemplates,,False,casp17/massivefold_external_pool_intake/t2313_t330/extracted_models/T2313_all_pdbs/Model_4739_af3_woTemplates_af3_seed_256839_sample_1_pred_511.cif,awaiting_extract,"MassiveFold model pool index only. It parses organizer-provided external model tarball listings and stages balanced extraction/rerank candidates. These models remain external rerank and accuracy-estimation inputs, not internal predictions, not CASP submissions, and not competitive-proof evidence."
4,T2313,T2313_T330,6907,T2313_all_pdbs/Model_4980_af3_woTemplates_af3_seed_48220_sample_1_pred_101.cif,Model_4980_af3_woTemplates_af3_seed_48220_sample_1_pred_101.cif,4980,AF3,af3_woTemplates,48220,1,101,woTemplates,,False,casp17/massivefold_external_pool_intake/t2313_t330/extracted_models/T2313_all_pdbs/Model_4980_af3_woTemplates_af3_seed_48220_sample_1_pred_101.cif,awaiting_extract,"MassiveFold model pool index only. It parses organizer-provided external model tarball listings and stages balanced extraction/rerank candidates. These models remain external rerank and accuracy-estimation inputs, not internal predictions, not CASP submissions, and not competitive-proof evidence."
4,T2313,T2313_T330,6919,T2313_all_pdbs/Model_4937_af3_woTemplates_af3_seed_841343_sample_3_pred_953.cif,Model_4937_af3_woTemplates_af3_seed_841343_sample_3_pred_953.cif,4937,AF3,af3_woTemplates,841343,3,953,woTemplates,,False,casp17/massivefold_external_pool_intake/t2313_t330/extracted_models/T2313_all_pdbs/Model_4937_af3_woTemplates_af3_seed_841343_sample_3_pred_953.cif,awaiting_extract,"MassiveFold model pool index only. It parses organizer-provided external model tarball listings and stages balanced extraction/rerank candidates. These models remain external rerank and accuracy-estimation inputs, not internal predictions, not CASP submissions, and not competitive-proof evidence."
4,T2313,T2313_T330,6920,T2313_all_pdbs/Model_3762_af3_woTemplates_af3_seed_384884_sample_3_pred_253.cif,Model_3762_af3_woTemplates_af3_seed_384884_sample_3_pred_253.cif,3762,AF3,af3_woTemplates,384884,3,253,woTemplates,,False,casp17/massivefold_external_pool_intake/t2313_t330/extracted_models/T2313_all_pdbs/Model_3762_af3_woTemplates_af3_seed_384884_sample_3_pred_253.cif,awaiting_extract,"MassiveFold model pool index only. It parses organizer-provided external model tarball listings and stages balanced extraction/rerank candidates. These models remain external rerank and accuracy-estimation inputs, not internal predictions, not CASP submissions, and not competitive-proof evidence."
4,T2313,T2313_T330,6929,T2313_all_pdbs/Model_9138_af3_woTemplates_af3_seed_48222_sample_4_pred_114.cif,Model_9138_af3_woTemplates_af3_seed_48222_sample_4_pred_114.cif,9138,AF3,af3_woTemplates,48222,4,114,woTemplates,,False,casp17/massivefold_external_pool_intake/t2313_t330/extracted_models/T2313_all_pdbs/Model_9138_af3_woTemplates_af3_seed_48222_sample_4_pred_114.cif,awaiting_extract,"MassiveFold model pool index only. It parses organizer-provided external model tarball listings and stages balanced extraction/rerank candidates. These models remain external rerank and accuracy-estimation inputs, not internal predictions, not CASP submissions, and not competitive-proof evidence."
4,T2313,T2313_T330,6931,T2313_all_pdbs/Model_6495_af3_woTemplates_af3_seed_994808_sample_2_pred_472.cif,Model_6495_af3_woTemplates_af3_seed_994808_sample_2_pred_472.cif,6495,AF3,af3_woTemplates,994808,2,472,woTemplates,,False,casp17/massivefold_external_pool_intake/t2313_t330/extracted_models/T2313_all_pdbs/Model_6495_af3_woTemplates_af3_seed_994808_sample_2_pred_472.cif,awaiting_extract,"MassiveFold model pool index only. It parses organizer-provided external model tarball listings and stages balanced extraction/rerank candidates. These models remain external rerank and accuracy-estimation inputs, not internal predictions, not CASP submissions, and not competitive-proof evidence."
4,T2313,T2313_T330,6956,T2313_all_pdbs/Model_5633_af3_woTemplates_af3_seed_994806_sample_4_pred_464.cif,Model_5633_af3_woTemplates_af3_seed_994806_sample_4_pred_464.cif,5633,AF3,af3_woTemplates,994806,4,464,woTemplates,,False,casp17/massivefold_external_pool_intake/t2313_t330/extracted_models/T2313_all_pdbs/Model_5633_af3_woTemplates_af3_seed_994806_sample_4_pred_464.cif,awaiting_extract,"MassiveFold model pool index only. It parses organizer-provided external model tarball listings and stages balanced extraction/rerank candidates. These models remain external rerank and accuracy-estimation inputs, not internal predictions, not CASP submissions, and not competitive-proof evidence."
4,T2313,T2313_T330,6958,T2313_all_pdbs/Model_3667_af3_woTemplates_af3_seed_897898_sample_4_pred_214.cif,Model_3667_af3_woTemplates_af3_seed_897898_sample_4_pred_214.cif,3667,AF3,af3_woTemplates,897898,4,214,woTemplates,,False,casp17/massivefold_external_pool_intake/t2313_t330/extracted_models/T2313_all_pdbs/Model_3667_af3_woTemplates_af3_seed_897898_sample_4_pred_214.cif,awaiting_extract,"MassiveFold model pool index only. It parses organizer-provided external model tarball listings and stages balanced extraction/rerank candidates. These models remain external rerank and accuracy-estimation inputs, not internal predictions, not CASP submissions, and not competitive-proof evidence."
4,T2313,T2313_T330,6963,T2313_all_pdbs/Model_4745_af3_woTemplates_af3_seed_48205_sample_0_pred_25.cif,Model_4745_af3_woTemplates_af3_seed_48205_sample_0_pred_25.cif,4745,AF3,af3_woTemplates,48205,0,25,woTemplates,,False,casp17/massivefold_external_pool_intake/t2313_t330/extracted_models/T2313_all_pdbs/Model_4745_af3_woTemplates_af3_seed_48205_sample_0_pred_25.cif,awaiting_extract,"MassiveFold model pool index only. It parses organizer-provided external model tarball listings and stages balanced extraction/rerank candidates. These models remain external rerank and accuracy-estimation inputs, not internal predictions, not CASP submissions, and not competitive-proof evidence."
4,T2313,T2313_T330,6968,T2313_all_pdbs/Model_5442_af3_woTemplates_af3_seed_841337_sample_2_pred_922.cif,Model_5442_af3_woTemplates_af3_seed_841337_sample_2_pred_922.cif,5442,AF3,af3_woTemplates,841337,2,922,woTemplates,,False,casp17/massivefold_external_pool_intake/t2313_t330/extracted_models/T2313_all_pdbs/Model_5442_af3_woTemplates_af3_seed_841337_sample_2_pred_922.cif,awaiting_extract,"MassiveFold model pool index only. It parses organizer-provided external model tarball listings and stages balanced extraction/rerank candidates. These models remain external rerank and accuracy-estimation inputs, not internal predictions, not CASP submissions, and not competitive-proof evidence."
4,T2313,T2313_T330,6997,T2313_all_pdbs/Model_6279_af3_woTemplates_af3_seed_130561_sample_2_pred_782.cif,Model_6279_af3_woTemplates_af3_seed_130561_sample_2_pred_782.cif,6279,AF3,af3_woTemplates,130561,2,782,woTemplates,,False,casp17/massivefold_external_pool_intake/t2313_t330/extracted_models/T2313_all_pdbs/Model_6279_af3_woTemplates_af3_seed_130561_sample_2_pred_782.cif,awaiting_extract,"MassiveFold model pool index only. It parses organizer-provided external model tarball listings and stages balanced extraction/rerank candidates. These models remain external rerank and accuracy-estimation inputs, not internal predictions, not CASP submissions, and not competitive-proof evidence."
4,T2313,T2313_T330,6998,T2313_all_pdbs/Model_7171_af3_woTemplates_af3_seed_841345_sample_3_pred_963.cif,Model_7171_af3_woTemplates_af3_seed_841345_sample_3_pred_963.cif,7171,AF3,af3_woTemplates,841345,3,963,woTemplates,,False,casp17/massivefold_external_pool_intake/t2313_t330/extracted_models/T2313_all_pdbs/Model_7171_af3_woTemplates_af3_seed_841345_sample_3_pred_963.cif,awaiting_extract,"MassiveFold model pool index only. It parses organizer-provided external model tarball listings and stages balanced extraction/rerank candidates. These models remain external rerank and accuracy-estimation inputs, not internal predictions, not CASP submissions, and not competitive-proof evidence."
4,T2313,T2313_T330,7001,T2313_all_pdbs/Model_3041_af3_woTemplates_af3_seed_130578_sample_0_pred_865.cif,Model_3041_af3_woTemplates_af3_seed_130578_sample_0_pred_865.cif,3041,AF3,af3_woTemplates,130578,0,865,woTemplates,,False,casp17/massivefold_external_pool_intake/t2313_t330/extracted_models/T2313_all_pdbs/Model_3041_af3_woTemplates_af3_seed_130578_sample_0_pred_865.cif,awaiting_extract,"MassiveFold model pool index only. It parses organizer-provided external model tarball listings and stages balanced extraction/rerank candidates. These models remain external rerank and accuracy-estimation inputs, not internal predictions, not CASP submissions, and not competitive-proof evidence."
4,T2313,T2313_T330,7008,T2313_all_pdbs/Model_3042_af3_woTemplates_af3_seed_130578_sample_4_pred_869.cif,Model_3042_af3_woTemplates_af3_seed_130578_sample_4_pred_869.cif,3042,AF3,af3_woTemplates,130578,4,869,woTemplates,,False,casp17/massivefold_external_pool_intake/t2313_t330/extracted_models/T2313_all_pdbs/Model_3042_af3_woTemplates_af3_seed_130578_sample_4_pred_869.cif,awaiting_extract,"MassiveFold model pool index only. It parses organizer-provided external model tarball listings and stages balanced extraction/rerank candidates. These models remain external rerank and accuracy-estimation inputs, not internal predictions, not CASP submissions, and not competitive-proof evidence."
4,T2313,T2313_T330,7029,T2313_all_pdbs/Model_6829_af3_woTemplates_af3_seed_48221_sample_0_pred_105.cif,Model_6829_af3_woTemplates_af3_seed_48221_sample_0_pred_105.cif,6829,AF3,af3_woTemplates,48221,0,105,woTemplates,,False,casp17/massivefold_external_pool_intake/t2313_t330/extracted_models/T2313_all_pdbs/Model_6829_af3_woTemplates_af3_seed_48221_sample_0_pred_105.cif,awaiting_extract,"MassiveFold model pool index only. It parses organizer-provided external model tarball listings and stages balanced extraction/rerank candidates. These models remain external rerank and accuracy-estimation inputs, not internal predictions, not CASP submissions, and not competitive-proof evidence."
4,T2313,T2313_T330,7060,T2313_all_pdbs/Model_5394_af3_woTemplates_af3_seed_256861_sample_4_pred_624.cif,Model_5394_af3_woTemplates_af3_seed_256861_sample_4_pred_624.cif,5394,AF3,af3_woTemplates,256861,4,624,woTemplates,,False,casp17/massivefold_external_pool_intake/t2313_t330/extracted_models/T2313_all_pdbs/Model_5394_af3_woTemplates_af3_seed_256861_sample_4_pred_624.cif,awaiting_extract,"MassiveFold model pool index only. It parses organizer-provided external model tarball listings and stages balanced extraction/rerank candidates. These models remain external rerank and accuracy-estimation inputs, not internal predictions, not CASP submissions, and not competitive-proof evidence."
4,T2313,T2313_T330,7069,T2313_all_pdbs/Model_5634_af3_woTemplates_af3_seed_130569_sample_4_pred_824.cif,Model_5634_af3_woTemplates_af3_seed_130569_sample_4_pred_824.cif,5634,AF3,af3_woTemplates,130569,4,824,woTemplates,,False,casp17/massivefold_external_pool_intake/t2313_t330/extracted_models/T2313_all_pdbs/Model_5634_af3_woTemplates_af3_seed_130569_sample_4_pred_824.cif,awaiting_extract,"MassiveFold model pool index only. It parses organizer-provided external model tarball listings and stages balanced extraction/rerank candidates. These models remain external rerank and accuracy-estimation inputs, not internal predictions, not CASP submissions, and not competitive-proof evidence."
4,T2313,T2313_T330,7086,T2313_all_pdbs/Model_8496_af3_woTemplates_af3_seed_48219_sample_1_pred_96.cif,Model_8496_af3_woTemplates_af3_seed_48219_sample_1_pred_96.cif,8496,AF3,af3_woTemplates,48219,1,96,woTemplates,,False,casp17/massivefold_external_pool_intake/t2313_t330/extracted_models/T2313_all_pdbs/Model_8496_af3_woTemplates_af3_seed_48219_sample_1_pred_96.cif,awaiting_extract,"MassiveFold model pool index only. It parses organizer-provided external model tarball listings and stages balanced extraction/rerank candidates. These models remain external rerank and accuracy-estimation inputs, not internal predictions, not CASP submissions, and not competitive-proof evidence."
4,T2313,T2313_T330,7136,T2313_all_pdbs/Model_4063_af3_woTemplates_af3_seed_897895_sample_3_pred_198.cif,Model_4063_af3_woTemplates_af3_seed_897895_sample_3_pred_198.cif,4063,AF3,af3_woTemplates,897895,3,198,woTemplates,,False,casp17/massivefold_external_pool_intake/t2313_t330/extracted_models/T2313_all_pdbs/Model_4063_af3_woTemplates_af3_seed_897895_sample_3_pred_198.cif,awaiting_extract,"MassiveFold model pool index only. It parses organizer-provided external model tarball listings and stages balanced extraction/rerank candidates. These models remain external rerank and accuracy-estimation inputs, not internal predictions, not CASP submissions, and not competitive-proof evidence."
4,T2313,T2313_T330,7155,T2313_all_pdbs/Model_6899_af3_woTemplates_af3_seed_641648_sample_3_pred_733.cif,Model_6899_af3_woTemplates_af3_seed_641648_sample_3_pred_733.cif,6899,AF3,af3_woTemplates,641648,3,733,woTemplates,,False,casp17/massivefold_external_pool_intake/t2313_t330/extracted_models/T2313_all_pdbs/Model_6899_af3_woTemplates_af3_seed_641648_sample_3_pred_733.cif,awaiting_extract,"MassiveFold model pool index only. It parses organizer-provided external model tarball listings and stages balanced extraction/rerank candidates. These models remain external rerank and accuracy-estimation inputs, not internal predictions, not CASP submissions, and not competitive-proof evidence."
4,T2313,T2313_T330,7158,T2313_all_pdbs/Model_5241_af3_woTemplates_af3_seed_130555_sample_1_pred_751.cif,Model_5241_af3_woTemplates_af3_seed_130555_sample_1_pred_751.cif,5241,AF3,af3_woTemplates,130555,1,751,woTemplates,,False,casp17/massivefold_external_pool_intake/t2313_t330/extracted_models/T2313_all_pdbs/Model_5241_af3_woTemplates_af3_seed_130555_sample_1_pred_751.cif,awaiting_extract,"MassiveFold model pool index only. It parses organizer-provided external model tarball listings and stages balanced extraction/rerank candidates. These models remain external rerank and accuracy-estimation inputs, not internal predictions, not CASP submissions, and not competitive-proof evidence."
4,T2313,T2313_T330,7169,T2313_all_pdbs/Model_4944_af3_woTemplates_af3_seed_641641_sample_4_pred_699.cif,Model_4944_af3_woTemplates_af3_seed_641641_sample_4_pred_699.cif,4944,AF3,af3_woTemplates,641641,4,699,woTemplates,,False,casp17/massivefold_external_pool_intake/t2313_t330/extracted_models/T2313_all_pdbs/Model_4944_af3_woTemplates_af3_seed_641641_sample_4_pred_699.cif,awaiting_extract,"MassiveFold model pool index only. It parses organizer-provided external model tarball listings and stages balanced extraction/rerank candidates. These models remain external rerank and accuracy-estimation inputs, not internal predictions, not CASP submissions, and not competitive-proof evidence."
4,T2313,T2313_T330,7170,T2313_all_pdbs/Model_6492_af3_woTemplates_af3_seed_994808_sample_4_pred_474.cif,Model_6492_af3_woTemplates_af3_seed_994808_sample_4_pred_474.cif,6492,AF3,af3_woTemplates,994808,4,474,woTemplates,,False,casp17/massivefold_external_pool_intake/t2313_t330/extracted_models/T2313_all_pdbs/Model_6492_af3_woTemplates_af3_seed_994808_sample_4_pred_474.cif,awaiting_extract,"MassiveFold model pool index only. It parses organizer-provided external model tarball listings and stages balanced extraction/rerank candidates. These models remain external rerank and accuracy-estimation inputs, not internal predictions, not CASP submissions, and not competitive-proof evidence."
4,T2313,T2313_T330,7222,T2313_all_pdbs/Model_6203_af3_woTemplates_af3_seed_994792_sample_3_pred_393.cif,Model_6203_af3_woTemplates_af3_seed_994792_sample_3_pred_393.cif,6203,AF3,af3_woTemplates,994792,3,393,woTemplates,,False,casp17/massivefold_external_pool_intake/t2313_t330/extracted_models/T2313_all_pdbs/Model_6203_af3_woTemplates_af3_seed_994792_sample_3_pred_393.cif,awaiting_extract,"MassiveFold model pool index only. It parses organizer-provided external model tarball listings and stages balanced extraction/rerank candidates. These models remain external rerank and accuracy-estimation inputs, not internal predictions, not CASP submissions, and not competitive-proof evidence."
4,T2313,T2313_T330,7240,T2313_all_pdbs/Model_6054_af3_woTemplates_af3_seed_641632_sample_1_pred_651.cif,Model_6054_af3_woTemplates_af3_seed_641632_sample_1_pred_651.cif,6054,AF3,af3_woTemplates,641632,1,651,woTemplates,,False,casp17/massivefold_external_pool_intake/t2313_t330/extracted_models/T2313_all_pdbs/Model_6054_af3_woTemplates_af3_seed_641632_sample_1_pred_651.cif,awaiting_extract,"MassiveFold model pool index only. It parses organizer-provided external model tarball listings and stages balanced extraction/rerank candidates. These models remain external rerank and accuracy-estimation inputs, not internal predictions, not CASP submissions, and not competitive-proof evidence."
4,T2313,T2313_T330,7259,T2313_all_pdbs/Model_4622_af3_woTemplates_af3_seed_897888_sample_1_pred_161.cif,Model_4622_af3_woTemplates_af3_seed_897888_sample_1_pred_161.cif,4622,AF3,af3_woTemplates,897888,1,161,woTemplates,,False,casp17/massivefold_external_pool_intake/t2313_t330/extracted_models/T2313_all_pdbs/Model_4622_af3_woTemplates_af3_seed_897888_sample_1_pred_161.cif,awaiting_extract,"MassiveFold model pool index only. It parses organizer-provided external model tarball listings and stages balanced extraction/rerank candidates. These models remain external rerank and accuracy-estimation inputs, not internal predictions, not CASP submissions, and not competitive-proof evidence."
4,T2313,T2313_T330,7264,T2313_all_pdbs/Model_5748_af3_woTemplates_af3_seed_841337_sample_0_pred_920.cif,Model_5748_af3_woTemplates_af3_seed_841337_sample_0_pred_920.cif,5748,AF3,af3_woTemplates,841337,0,920,woTemplates,,False,casp17/massivefold_external_pool_intake/t2313_t330/extracted_models/T2313_all_pdbs/Model_5748_af3_woTemplates_af3_seed_841337_sample_0_pred_920.cif,awaiting_extract,"MassiveFold model pool index only. It parses organizer-provided external model tarball listings and stages balanced extraction/rerank candidates. These models remain external rerank and accuracy-estimation inputs, not internal predictions, not CASP submissions, and not competitive-proof evidence."
4,T2313,T2313_T330,7270,T2313_all_pdbs/Model_8834_af3_woTemplates_af3_seed_384886_sample_3_pred_263.cif,Model_8834_af3_woTemplates_af3_seed_384886_sample_3_pred_263.cif,8834,AF3,af3_woTemplates,384886,3,263,woTemplates,,False,casp17/massivefold_external_pool_intake/t2313_t330/extracted_models/T2313_all_pdbs/Model_8834_af3_woTemplates_af3_seed_384886_sample_3_pred_263.cif,awaiting_extract,"MassiveFold model pool index only. It parses organizer-provided external model tarball listings and stages balanced extraction/rerank candidates. These models remain external rerank and accuracy-estimation inputs, not internal predictions, not CASP submissions, and not competitive-proof evidence."
4,T2313,T2313_T330,7279,T2313_all_pdbs/Model_4232_af3_woTemplates_af3_seed_994804_sample_1_pred_451.cif,Model_4232_af3_woTemplates_af3_seed_994804_sample_1_pred_451.cif,4232,AF3,af3_woTemplates,994804,1,451,woTemplates,,False,casp17/massivefold_external_pool_intake/t2313_t330/extracted_models/T2313_all_pdbs/Model_4232_af3_woTemplates_af3_seed_994804_sample_1_pred_451.cif,awaiting_extract,"MassiveFold model pool index only. It parses organizer-provided external model tarball listings and stages balanced extraction/rerank candidates. These models remain external rerank and accuracy-estimation inputs, not internal predictions, not CASP submissions, and not competitive-proof evidence."
4,T2313,T2313_T330,7337,T2313_all_pdbs/Model_5592_af3_woTemplates_af3_seed_48223_sample_1_pred_116.cif,Model_5592_af3_woTemplates_af3_seed_48223_sample_1_pred_116.cif,5592,AF3,af3_woTemplates,48223,1,116,woTemplates,,False,casp17/massivefold_external_pool_intake/t2313_t330/extracted_models/T2313_all_pdbs/Model_5592_af3_woTemplates_af3_seed_48223_sample_1_pred_116.cif,awaiting_extract,"MassiveFold model pool index only. It parses organizer-provided external model tarball listings and stages balanced extraction/rerank candidates. These models remain external rerank and accuracy-estimation inputs, not internal predictions, not CASP submissions, and not competitive-proof evidence."
4,T2313,T2313_T330,7374,T2313_all_pdbs/Model_8158_af3_woTemplates_af3_seed_897887_sample_1_pred_156.cif,Model_8158_af3_woTemplates_af3_seed_897887_sample_1_pred_156.cif,8158,AF3,af3_woTemplates,897887,1,156,woTemplates,,False,casp17/massivefold_external_pool_intake/t2313_t330/extracted_models/T2313_all_pdbs/Model_8158_af3_woTemplates_af3_seed_897887_sample_1_pred_156.cif,awaiting_extract,"MassiveFold model pool index only. It parses organizer-provided external model tarball listings and stages balanced extraction/rerank candidates. These models remain external rerank and accuracy-estimation inputs, not internal predictions, not CASP submissions, and not competitive-proof evidence."
4,T2313,T2313_T330,7390,T2313_all_pdbs/Model_4445_af3_woTemplates_af3_seed_130566_sample_3_pred_808.cif,Model_4445_af3_woTemplates_af3_seed_130566_sample_3_pred_808.cif,4445,AF3,af3_woTemplates,130566,3,808,woTemplates,,False,casp17/massivefold_external_pool_intake/t2313_t330/extracted_models/T2313_all_pdbs/Model_4445_af3_woTemplates_af3_seed_130566_sample_3_pred_808.cif,awaiting_extract,"MassiveFold model pool index only. It parses organizer-provided external model tarball listings and stages balanced extraction/rerank candidates. These models remain external rerank and accuracy-estimation inputs, not internal predictions, not CASP submissions, and not competitive-proof evidence."
4,T2313,T2313_T330,7417,T2313_all_pdbs/Model_3377_af3_woTemplates_af3_seed_897896_sample_4_pred_204.cif,Model_3377_af3_woTemplates_af3_seed_897896_sample_4_pred_204.cif,3377,AF3,af3_woTemplates,897896,4,204,woTemplates,,False,casp17/massivefold_external_pool_intake/t2313_t330/extracted_models/T2313_all_pdbs/Model_3377_af3_woTemplates_af3_seed_897896_sample_4_pred_204.cif,awaiting_extract,"MassiveFold model pool index only. It parses organizer-provided external model tarball listings and stages balanced extraction/rerank candidates. These models remain external rerank and accuracy-estimation inputs, not internal predictions, not CASP submissions, and not competitive-proof evidence."
4,T2313,T2313_T330,7426,T2313_all_pdbs/Model_5952_af3_woTemplates_af3_seed_384892_sample_4_pred_294.cif,Model_5952_af3_woTemplates_af3_seed_384892_sample_4_pred_294.cif,5952,AF3,af3_woTemplates,384892,4,294,woTemplates,,False,casp17/massivefold_external_pool_intake/t2313_t330/extracted_models/T2313_all_pdbs/Model_5952_af3_woTemplates_af3_seed_384892_sample_4_pred_294.cif,awaiting_extract,"MassiveFold model pool index only. It parses organizer-provided external model tarball listings and stages balanced extraction/rerank candidates. These models remain external rerank and accuracy-estimation inputs, not internal predictions, not CASP submissions, and not competitive-proof evidence."
4,T2313,T2313_T330,7431,T2313_all_pdbs/Model_6907_af3_woTemplates_af3_seed_897902_sample_3_pred_233.cif,Model_6907_af3_woTemplates_af3_seed_897902_sample_3_pred_233.cif,6907,AF3,af3_woTemplates,897902,3,233,woTemplates,,False,casp17/massivefold_external_pool_intake/t2313_t330/extracted_models/T2313_all_pdbs/Model_6907_af3_woTemplates_af3_seed_897902_sample_3_pred_233.cif,awaiting_extract,"MassiveFold model pool index only. It parses organizer-provided external model tarball listings and stages balanced extraction/rerank candidates. These models remain external rerank and accuracy-estimation inputs, not internal predictions, not CASP submissions, and not competitive-proof evidence."
4,T2313,T2313_T330,7444,T2313_all_pdbs/Model_5018_af3_woTemplates_af3_seed_641642_sample_4_pred_704.cif,Model_5018_af3_woTemplates_af3_seed_641642_sample_4_pred_704.cif,5018,AF3,af3_woTemplates,641642,4,704,woTemplates,,False,casp17/massivefold_external_pool_intake/t2313_t330/extracted_models/T2313_all_pdbs/Model_5018_af3_woTemplates_af3_seed_641642_sample_4_pred_704.cif,awaiting_extract,"MassiveFold model pool index only. It parses organizer-provided external model tarball listings and stages balanced extraction/rerank candidates. These models remain external rerank and accuracy-estimation inputs, not internal predictions, not CASP submissions, and not competitive-proof evidence."
4,T2313,T2313_T330,7447,T2313_all_pdbs/Model_5446_af3_woTemplates_af3_seed_897904_sample_4_pred_244.cif,Model_5446_af3_woTemplates_af3_seed_897904_sample_4_pred_244.cif,5446,AF3,af3_woTemplates,897904,4,244,woTemplates,,False,casp17/massivefold_external_pool_intake/t2313_t330/extracted_models/T2313_all_pdbs/Model_5446_af3_woTemplates_af3_seed_897904_sample_4_pred_244.cif,awaiting_extract,"MassiveFold model pool index only. It parses organizer-provided external model tarball listings and stages balanced extraction/rerank candidates. These models remain external rerank and accuracy-estimation inputs, not internal predictions, not CASP submissions, and not competitive-proof evidence."
4,T2313,T2313_T330,7457,T2313_all_pdbs/Model_6439_af3_woTemplates_af3_seed_48222_sample_1_pred_111.cif,Model_6439_af3_woTemplates_af3_seed_48222_sample_1_pred_111.cif,6439,AF3,af3_woTemplates,48222,1,111,woTemplates,,False,casp17/massivefold_external_pool_intake/t2313_t330/extracted_models/T2313_all_pdbs/Model_6439_af3_woTemplates_af3_seed_48222_sample_1_pred_111.cif,awaiting_extract,"MassiveFold model pool index only. It parses organizer-provided external model tarball listings and stages balanced extraction/rerank candidates. These models remain external rerank and accuracy-estimation inputs, not internal predictions, not CASP submissions, and not competitive-proof evidence."
4,T2313,T2313_T330,7481,T2313_all_pdbs/Model_4171_af3_woTemplates_af3_seed_841335_sample_3_pred_913.cif,Model_4171_af3_woTemplates_af3_seed_841335_sample_3_pred_913.cif,4171,AF3,af3_woTemplates,841335,3,913,woTemplates,,False,casp17/massivefold_external_pool_intake/t2313_t330/extracted_models/T2313_all_pdbs/Model_4171_af3_woTemplates_af3_seed_841335_sample_3_pred_913.cif,awaiting_extract,"MassiveFold model pool index only. It parses organizer-provided external model tarball listings and stages balanced extraction/rerank candidates. These models remain external rerank and accuracy-estimation inputs, not internal predictions, not CASP submissions, and not competitive-proof evidence."
4,T2313,T2313_T330,7486,T2313_all_pdbs/Model_5309_af3_woTemplates_af3_seed_641638_sample_1_pred_681.cif,Model_5309_af3_woTemplates_af3_seed_641638_sample_1_pred_681.cif,5309,AF3,af3_woTemplates,641638,1,681,woTemplates,,False,casp17/massivefold_external_pool_intake/t2313_t330/extracted_models/T2313_all_pdbs/Model_5309_af3_woTemplates_af3_seed_641638_sample_1_pred_681.cif,awaiting_extract,"MassiveFold model pool index only. It parses organizer-provided external model tarball listings and stages balanced extraction/rerank candidates. These models remain external rerank and accuracy-estimation inputs, not internal predictions, not CASP submissions, and not competitive-proof evidence."
4,T2313,T2313_T330,7511,T2313_all_pdbs/Model_5487_af3_woTemplates_af3_seed_48211_sample_3_pred_58.cif,Model_5487_af3_woTemplates_af3_seed_48211_sample_3_pred_58.cif,5487,AF3,af3_woTemplates,48211,3,58,woTemplates,,False,casp17/massivefold_external_pool_intake/t2313_t330/extracted_models/T2313_all_pdbs/Model_5487_af3_woTemplates_af3_seed_48211_sample_3_pred_58.cif,awaiting_extract,"MassiveFold model pool index only. It parses organizer-provided external model tarball listings and stages balanced extraction/rerank candidates. These models remain external rerank and accuracy-estimation inputs, not internal predictions, not CASP submissions, and not competitive-proof evidence."
4,T2313,T2313_T330,7521,T2313_all_pdbs/Model_5451_af3_woTemplates_af3_seed_384906_sample_4_pred_364.cif,Model_5451_af3_woTemplates_af3_seed_384906_sample_4_pred_364.cif,5451,AF3,af3_woTemplates,384906,4,364,woTemplates,,False,casp17/massivefold_external_pool_intake/t2313_t330/extracted_models/T2313_all_pdbs/Model_5451_af3_woTemplates_af3_seed_384906_sample_4_pred_364.cif,awaiting_extract,"MassiveFold model pool index only. It parses organizer-provided external model tarball listings and stages balanced extraction/rerank candidates. These models remain external rerank and accuracy-estimation inputs, not internal predictions, not CASP submissions, and not competitive-proof evidence."
4,T2313,T2313_T330,7527,T2313_all_pdbs/Model_3663_af3_woTemplates_af3_seed_897882_sample_2_pred_132.cif,Model_3663_af3_woTemplates_af3_seed_897882_sample_2_pred_132.cif,3663,AF3,af3_woTemplates,897882,2,132,woTemplates,,False,casp17/massivefold_external_pool_intake/t2313_t330/extracted_models/T2313_all_pdbs/Model_3663_af3_woTemplates_af3_seed_897882_sample_2_pred_132.cif,awaiting_extract,"MassiveFold model pool index only. It parses organizer-provided external model tarball listings and stages balanced extraction/rerank candidates. These models remain external rerank and accuracy-estimation inputs, not internal predictions, not CASP submissions, and not competitive-proof evidence."
4,T2313,T2313_T330,7552,T2313_all_pdbs/Model_6494_af3_woTemplates_af3_seed_48219_sample_3_pred_98.cif,Model_6494_af3_woTemplates_af3_seed_48219_sample_3_pred_98.cif,6494,AF3,af3_woTemplates,48219,3,98,woTemplates,,False,casp17/massivefold_external_pool_intake/t2313_t330/extracted_models/T2313_all_pdbs/Model_6494_af3_woTemplates_af3_seed_48219_sample_3_pred_98.cif,awaiting_extract,"MassiveFold model pool index only. It parses organizer-provided external model tarball listings and stages balanced extraction/rerank candidates. These models remain external rerank and accuracy-estimation inputs, not internal predictions, not CASP submissions, and not competitive-proof evidence."
4,T2313,T2313_T330,7563,T2313_all_pdbs/Model_7176_af3_woTemplates_af3_seed_130559_sample_1_pred_771.cif,Model_7176_af3_woTemplates_af3_seed_130559_sample_1_pred_771.cif,7176,AF3,af3_woTemplates,130559,1,771,woTemplates,,False,casp17/massivefold_external_pool_intake/t2313_t330/extracted_models/T2313_all_pdbs/Model_7176_af3_woTemplates_af3_seed_130559_sample_1_pred_771.cif,awaiting_extract,"MassiveFold model pool index only. It parses organizer-provided external model tarball listings and stages balanced extraction/rerank candidates. These models remain external rerank and accuracy-estimation inputs, not internal predictions, not CASP submissions, and not competitive-proof evidence."
4,T2313,T2313_T330,7566,T2313_all_pdbs/Model_6562_af3_woTemplates_af3_seed_48224_sample_0_pred_120.cif,Model_6562_af3_woTemplates_af3_seed_48224_sample_0_pred_120.cif,6562,AF3,af3_woTemplates,48224,0,120,woTemplates,,False,casp17/massivefold_external_pool_intake/t2313_t330/extracted_models/T2313_all_pdbs/Model_6562_af3_woTemplates_af3_seed_48224_sample_0_pred_120.cif,awaiting_extract,"MassiveFold model pool index only. It parses organizer-provided external model tarball listings and stages balanced extraction/rerank candidates. These models remain external rerank and accuracy-estimation inputs, not internal predictions, not CASP submissions, and not competitive-proof evidence."
4,T2313,T2313_T330,7600,T2313_all_pdbs/Model_5316_af3_woTemplates_af3_seed_48205_sample_4_pred_29.cif,Model_5316_af3_woTemplates_af3_seed_48205_sample_4_pred_29.cif,5316,AF3,af3_woTemplates,48205,4,29,woTemplates,,False,casp17/massivefold_external_pool_intake/t2313_t330/extracted_models/T2313_all_pdbs/Model_5316_af3_woTemplates_af3_seed_48205_sample_4_pred_29.cif,awaiting_extract,"MassiveFold model pool index only. It parses organizer-provided external model tarball listings and stages balanced extraction/rerank candidates. These models remain external rerank and accuracy-estimation inputs, not internal predictions, not CASP submissions, and not competitive-proof evidence."
4,T2313,T2313_T330,7605,T2313_all_pdbs/Model_3404_af3_woTemplates_af3_seed_384887_sample_4_pred_269.cif,Model_3404_af3_woTemplates_af3_seed_384887_sample_4_pred_269.cif,3404,AF3,af3_woTemplates,384887,4,269,woTemplates,,False,casp17/massivefold_external_pool_intake/t2313_t330/extracted_models/T2313_all_pdbs/Model_3404_af3_woTemplates_af3_seed_384887_sample_4_pred_269.cif,awaiting_extract,"MassiveFold model pool index only. It parses organizer-provided external model tarball listings and stages balanced extraction/rerank candidates. These models remain external rerank and accuracy-estimation inputs, not internal predictions, not CASP submissions, and not competitive-proof evidence."
4,T2313,T2313_T330,7611,T2313_all_pdbs/Model_6055_af3_woTemplates_af3_seed_641632_sample_3_pred_653.cif,Model_6055_af3_woTemplates_af3_seed_641632_sample_3_pred_653.cif,6055,AF3,af3_woTemplates,641632,3,653,woTemplates,,False,casp17/massivefold_external_pool_intake/t2313_t330/extracted_models/T2313_all_pdbs/Model_6055_af3_woTemplates_af3_seed_641632_sample_3_pred_653.cif,awaiting_extract,"MassiveFold model pool index only. It parses organizer-provided external model tarball listings and stages balanced extraction/rerank candidates. These models remain external rerank and accuracy-estimation inputs, not internal predictions, not CASP submissions, and not competitive-proof evidence."
4,T2313,T2313_T330,7637,T2313_all_pdbs/Model_5488_af3_woTemplates_af3_seed_48211_sample_4_pred_59.cif,Model_5488_af3_woTemplates_af3_seed_48211_sample_4_pred_59.cif,5488,AF3,af3_woTemplates,48211,4,59,woTemplates,,False,casp17/massivefold_external_pool_intake/t2313_t330/extracted_models/T2313_all_pdbs/Model_5488_af3_woTemplates_af3_seed_48211_sample_4_pred_59.cif,awaiting_extract,"MassiveFold model pool index only. It parses organizer-provided external model tarball listings and stages balanced extraction/rerank candidates. These models remain external rerank and accuracy-estimation inputs, not internal predictions, not CASP submissions, and not competitive-proof evidence."
4,T2313,T2313_T330,7660,T2313_all_pdbs/Model_6572_af3_woTemplates_af3_seed_994805_sample_4_pred_459.cif,Model_6572_af3_woTemplates_af3_seed_994805_sample_4_pred_459.cif,6572,AF3,af3_woTemplates,994805,4,459,woTemplates,,False,casp17/massivefold_external_pool_intake/t2313_t330/extracted_models/T2313_all_pdbs/Model_6572_af3_woTemplates_af3_seed_994805_sample_4_pred_459.cif,awaiting_extract,"MassiveFold model pool index only. It parses organizer-provided external model tarball listings and stages balanced extraction/rerank candidates. These models remain external rerank and accuracy-estimation inputs, not internal predictions, not CASP submissions, and not competitive-proof evidence."
4,T2313,T2313_T330,7680,T2313_all_pdbs/Model_7651_af3_woTemplates_af3_seed_384907_sample_0_pred_365.cif,Model_7651_af3_woTemplates_af3_seed_384907_sample_0_pred_365.cif,7651,AF3,af3_woTemplates,384907,0,365,woTemplates,,False,casp17/massivefold_external_pool_intake/t2313_t330/extracted_models/T2313_all_pdbs/Model_7651_af3_woTemplates_af3_seed_384907_sample_0_pred_365.cif,awaiting_extract,"MassiveFold model pool index only. It parses organizer-provided external model tarball listings and stages balanced extraction/rerank candidates. These models remain external rerank and accuracy-estimation inputs, not internal predictions, not CASP submissions, and not competitive-proof evidence."
4,T2313,T2313_T330,7697,T2313_all_pdbs/Model_8337_af3_woTemplates_af3_seed_841350_sample_3_pred_988.cif,Model_8337_af3_woTemplates_af3_seed_841350_sample_3_pred_988.cif,8337,AF3,af3_woTemplates,841350,3,988,woTemplates,,False,casp17/massivefold_external_pool_intake/t2313_t330/extracted_models/T2313_all_pdbs/Model_8337_af3_woTemplates_af3_seed_841350_sample_3_pred_988.cif,awaiting_extract,"MassiveFold model pool index only. It parses organizer-provided external model tarball listings and stages balanced extraction/rerank candidates. These models remain external rerank and accuracy-estimation inputs, not internal predictions, not CASP submissions, and not competitive-proof evidence."
4,T2313,T2313_T330,7716,T2313_all_pdbs/Model_5941_af3_woTemplates_af3_seed_130577_sample_3_pred_863.cif,Model_5941_af3_woTemplates_af3_seed_130577_sample_3_pred_863.cif,5941,AF3,af3_woTemplates,130577,3,863,woTemplates,,False,casp17/massivefold_external_pool_intake/t2313_t330/extracted_models/T2313_all_pdbs/Model_5941_af3_woTemplates_af3_seed_130577_sample_3_pred_863.cif,awaiting_extract,"MassiveFold model pool index only. It parses organizer-provided external model tarball listings and stages balanced extraction/rerank candidates. These models remain external rerank and accuracy-estimation inputs, not internal predictions, not CASP submissions, and not competitive-proof evidence."
4,T2313,T2313_T330,7717,T2313_all_pdbs/Model_5589_af3_woTemplates_af3_seed_641644_sample_4_pred_714.cif,Model_5589_af3_woTemplates_af3_seed_641644_sample_4_pred_714.cif,5589,AF3,af3_woTemplates,641644,4,714,woTemplates,,False,casp17/massivefold_external_pool_intake/t2313_t330/extracted_models/T2313_all_pdbs/Model_5589_af3_woTemplates_af3_seed_641644_sample_4_pred_714.cif,awaiting_extract,"MassiveFold model pool index only. It parses organizer-provided external model tarball listings and stages balanced extraction/rerank candidates. These models remain external rerank and accuracy-estimation inputs, not internal predictions, not CASP submissions, and not competitive-proof evidence."
4,T2313,T2313_T330,7719,T2313_all_pdbs/Model_4791_af3_woTemplates_af3_seed_897901_sample_1_pred_226.cif,Model_4791_af3_woTemplates_af3_seed_897901_sample_1_pred_226.cif,4791,AF3,af3_woTemplates,897901,1,226,woTemplates,,False,casp17/massivefold_external_pool_intake/t2313_t330/extracted_models/T2313_all_pdbs/Model_4791_af3_woTemplates_af3_seed_897901_sample_1_pred_226.cif,awaiting_extract,"MassiveFold model pool index only. It parses organizer-provided external model tarball listings and stages balanced extraction/rerank candidates. These models remain external rerank and accuracy-estimation inputs, not internal predictions, not CASP submissions, and not competitive-proof evidence."
4,T2313,T2313_T330,7725,T2313_all_pdbs/Model_4181_af3_woTemplates_af3_seed_256851_sample_3_pred_573.cif,Model_4181_af3_woTemplates_af3_seed_256851_sample_3_pred_573.cif,4181,AF3,af3_woTemplates,256851,3,573,woTemplates,,False,casp17/massivefold_external_pool_intake/t2313_t330/extracted_models/T2313_all_pdbs/Model_4181_af3_woTemplates_af3_seed_256851_sample_3_pred_573.cif,awaiting_extract,"MassiveFold model pool index only. It parses organizer-provided external model tarball listings and stages balanced extraction/rerank candidates. These models remain external rerank and accuracy-estimation inputs, not internal predictions, not CASP submissions, and not competitive-proof evidence."
4,T2313,T2313_T330,7726,T2313_all_pdbs/Model_5851_af3_woTemplates_af3_seed_994811_sample_2_pred_487.cif,Model_5851_af3_woTemplates_af3_seed_994811_sample_2_pred_487.cif,5851,AF3,af3_woTemplates,994811,2,487,woTemplates,,False,casp17/massivefold_external_pool_intake/t2313_t330/extracted_models/T2313_all_pdbs/Model_5851_af3_woTemplates_af3_seed_994811_sample_2_pred_487.cif,awaiting_extract,"MassiveFold model pool index only. It parses organizer-provided external model tarball listings and stages balanced extraction/rerank candidates. These models remain external rerank and accuracy-estimation inputs, not internal predictions, not CASP submissions, and not competitive-proof evidence."
4,T2313,T2313_T330,7733,T2313_all_pdbs/Model_6820_af3_woTemplates_af3_seed_130559_sample_3_pred_773.cif,Model_6820_af3_woTemplates_af3_seed_130559_sample_3_pred_773.cif,6820,AF3,af3_woTemplates,130559,3,773,woTemplates,,False,casp17/massivefold_external_pool_intake/t2313_t330/extracted_models/T2313_all_pdbs/Model_6820_af3_woTemplates_af3_seed_130559_sample_3_pred_773.cif,awaiting_extract,"MassiveFold model pool index only. It parses organizer-provided external model tarball listings and stages balanced extraction/rerank candidates. These models remain external rerank and accuracy-estimation inputs, not internal predictions, not CASP submissions, and not competitive-proof evidence."
4,T2313,T2313_T330,7734,T2313_all_pdbs/Model_7163_af3_woTemplates_af3_seed_994790_sample_2_pred_382.cif,Model_7163_af3_woTemplates_af3_seed_994790_sample_2_pred_382.cif,7163,AF3,af3_woTemplates,994790,2,382,woTemplates,,False,casp17/massivefold_external_pool_intake/t2313_t330/extracted_models/T2313_all_pdbs/Model_7163_af3_woTemplates_af3_seed_994790_sample_2_pred_382.cif,awaiting_extract,"MassiveFold model pool index only. It parses organizer-provided external model tarball listings and stages balanced extraction/rerank candidates. These models remain external rerank and accuracy-estimation inputs, not internal predictions, not CASP submissions, and not competitive-proof evidence."
4,T2313,T2313_T330,7737,T2313_all_pdbs/Model_5912_af3_woTemplates_af3_seed_130575_sample_4_pred_854.cif,Model_5912_af3_woTemplates_af3_seed_130575_sample_4_pred_854.cif,5912,AF3,af3_woTemplates,130575,4,854,woTemplates,,False,casp17/massivefold_external_pool_intake/t2313_t330/extracted_models/T2313_all_pdbs/Model_5912_af3_woTemplates_af3_seed_130575_sample_4_pred_854.cif,awaiting_extract,"MassiveFold model pool index only. It parses organizer-provided external model tarball listings and stages balanced extraction/rerank candidates. These models remain external rerank and accuracy-estimation inputs, not internal predictions, not CASP submissions, and not competitive-proof evidence."
4,T2313,T2313_T330,7767,T2313_all_pdbs/Model_6889_af3_woTemplates_af3_seed_256847_sample_0_pred_550.cif,Model_6889_af3_woTemplates_af3_seed_256847_sample_0_pred_550.cif,6889,AF3,af3_woTemplates,256847,0,550,woTemplates,,False,casp17/massivefold_external_pool_intake/t2313_t330/extracted_models/T2313_all_pdbs/Model_6889_af3_woTemplates_af3_seed_256847_sample_0_pred_550.cif,awaiting_extract,"MassiveFold model pool index only. It parses organizer-provided external model tarball listings and stages balanced extraction/rerank candidates. These models remain external rerank and accuracy-estimation inputs, not internal predictions, not CASP submissions, and not competitive-proof evidence."
4,T2313,T2313_T330,7790,T2313_all_pdbs/Model_5187_af3_woTemplates_af3_seed_130576_sample_4_pred_859.cif,Model_5187_af3_woTemplates_af3_seed_130576_sample_4_pred_859.cif,5187,AF3,af3_woTemplates,130576,4,859,woTemplates,,False,casp17/massivefold_external_pool_intake/t2313_t330/extracted_models/T2313_all_pdbs/Model_5187_af3_woTemplates_af3_seed_130576_sample_4_pred_859.cif,awaiting_extract,"MassiveFold model pool index only. It parses organizer-provided external model tarball listings and stages balanced extraction/rerank candidates. These models remain external rerank and accuracy-estimation inputs, not internal predictions, not CASP submissions, and not competitive-proof evidence."
4,T2313,T2313_T330,7794,T2313_all_pdbs/Model_7158_af3_woTemplates_af3_seed_384885_sample_3_pred_258.cif,Model_7158_af3_woTemplates_af3_seed_384885_sample_3_pred_258.cif,7158,AF3,af3_woTemplates,384885,3,258,woTemplates,,False,casp17/massivefold_external_pool_intake/t2313_t330/extracted_models/T2313_all_pdbs/Model_7158_af3_woTemplates_af3_seed_384885_sample_3_pred_258.cif,awaiting_extract,"MassiveFold model pool index only. It parses organizer-provided external model tarball listings and stages balanced extraction/rerank candidates. These models remain external rerank and accuracy-estimation inputs, not internal predictions, not CASP submissions, and not competitive-proof evidence."
4,T2313,T2313_T330,7796,T2313_all_pdbs/Model_6900_af3_woTemplates_af3_seed_994813_sample_0_pred_495.cif,Model_6900_af3_woTemplates_af3_seed_994813_sample_0_pred_495.cif,6900,AF3,af3_woTemplates,994813,0,495,woTemplates,,False,casp17/massivefold_external_pool_intake/t2313_t330/extracted_models/T2313_all_pdbs/Model_6900_af3_woTemplates_af3_seed_994813_sample_0_pred_495.cif,awaiting_extract,"MassiveFold model pool index only. It parses organizer-provided external model tarball listings and stages balanced extraction/rerank candidates. These models remain external rerank and accuracy-estimation inputs, not internal predictions, not CASP submissions, and not competitive-proof evidence."
4,T2313,T2313_T330,7801,T2313_all_pdbs/Model_8330_af3_woTemplates_af3_seed_994813_sample_1_pred_496.cif,Model_8330_af3_woTemplates_af3_seed_994813_sample_1_pred_496.cif,8330,AF3,af3_woTemplates,994813,1,496,woTemplates,,False,casp17/massivefold_external_pool_intake/t2313_t330/extracted_models/T2313_all_pdbs/Model_8330_af3_woTemplates_af3_seed_994813_sample_1_pred_496.cif,awaiting_extract,"MassiveFold model pool index only. It parses organizer-provided external model tarball listings and stages balanced extraction/rerank candidates. These models remain external rerank and accuracy-estimation inputs, not internal predictions, not CASP submissions, and not competitive-proof evidence."
4,T2313,T2313_T330,7810,T2313_all_pdbs/Model_7098_af3_woTemplates_af3_seed_994795_sample_2_pred_407.cif,Model_7098_af3_woTemplates_af3_seed_994795_sample_2_pred_407.cif,7098,AF3,af3_woTemplates,994795,2,407,woTemplates,,False,casp17/massivefold_external_pool_intake/t2313_t330/extracted_models/T2313_all_pdbs/Model_7098_af3_woTemplates_af3_seed_994795_sample_2_pred_407.cif,awaiting_extract,"MassiveFold model pool index only. It parses organizer-provided external model tarball listings and stages balanced extraction/rerank candidates. These models remain external rerank and accuracy-estimation inputs, not internal predictions, not CASP submissions, and not competitive-proof evidence."
4,T2313,T2313_T330,7812,T2313_all_pdbs/Model_5054_af3_woTemplates_af3_seed_841349_sample_4_pred_984.cif,Model_5054_af3_woTemplates_af3_seed_841349_sample_4_pred_984.cif,5054,AF3,af3_woTemplates,841349,4,984,woTemplates,,False,casp17/massivefold_external_pool_intake/t2313_t330/extracted_models/T2313_all_pdbs/Model_5054_af3_woTemplates_af3_seed_841349_sample_4_pred_984.cif,awaiting_extract,"MassiveFold model pool index only. It parses organizer-provided external model tarball listings and stages balanced extraction/rerank candidates. These models remain external rerank and accuracy-estimation inputs, not internal predictions, not CASP submissions, and not competitive-proof evidence."
4,T2313,T2313_T330,7824,T2313_all_pdbs/Model_6816_af3_woTemplates_af3_seed_48217_sample_1_pred_86.cif,Model_6816_af3_woTemplates_af3_seed_48217_sample_1_pred_86.cif,6816,AF3,af3_woTemplates,48217,1,86,woTemplates,,False,casp17/massivefold_external_pool_intake/t2313_t330/extracted_models/T2313_all_pdbs/Model_6816_af3_woTemplates_af3_seed_48217_sample_1_pred_86.cif,awaiting_extract,"MassiveFold model pool index only. It parses organizer-provided external model tarball listings and stages balanced extraction/rerank candidates. These models remain external rerank and accuracy-estimation inputs, not internal predictions, not CASP submissions, and not competitive-proof evidence."
4,T2313,T2313_T330,7868,T2313_all_pdbs/Model_3526_af3_woTemplates_af3_seed_384884_sample_1_pred_251.cif,Model_3526_af3_woTemplates_af3_seed_384884_sample_1_pred_251.cif,3526,AF3,af3_woTemplates,384884,1,251,woTemplates,,False,casp17/massivefold_external_pool_intake/t2313_t330/extracted_models/T2313_all_pdbs/Model_3526_af3_woTemplates_af3_seed_384884_sample_1_pred_251.cif,awaiting_extract,"MassiveFold model pool index only. It parses organizer-provided external model tarball listings and stages balanced extraction/rerank candidates. These models remain external rerank and accuracy-estimation inputs, not internal predictions, not CASP submissions, and not competitive-proof evidence."
4,T2313,T2313_T330,7884,T2313_all_pdbs/Model_4437_af3_woTemplates_af3_seed_48215_sample_3_pred_78.cif,Model_4437_af3_woTemplates_af3_seed_48215_sample_3_pred_78.cif,4437,AF3,af3_woTemplates,48215,3,78,woTemplates,,False,casp17/massivefold_external_pool_intake/t2313_t330/extracted_models/T2313_all_pdbs/Model_4437_af3_woTemplates_af3_seed_48215_sample_3_pred_78.cif,awaiting_extract,"MassiveFold model pool index only. It parses organizer-provided external model tarball listings and stages balanced extraction/rerank candidates. These models remain external rerank and accuracy-estimation inputs, not internal predictions, not CASP submissions, and not competitive-proof evidence."
4,T2313,T2313_T330,7893,T2313_all_pdbs/Model_5101_af3_woTemplates_af3_seed_256846_sample_2_pred_547.cif,Model_5101_af3_woTemplates_af3_seed_256846_sample_2_pred_547.cif,5101,AF3,af3_woTemplates,256846,2,547,woTemplates,,False,casp17/massivefold_external_pool_intake/t2313_t330/extracted_models/T2313_all_pdbs/Model_5101_af3_woTemplates_af3_seed_256846_sample_2_pred_547.cif,awaiting_extract,"MassiveFold model pool index only. It parses organizer-provided external model tarball listings and stages balanced extraction/rerank candidates. These models remain external rerank and accuracy-estimation inputs, not internal predictions, not CASP submissions, and not competitive-proof evidence."
4,T2313,T2313_T330,7907,T2313_all_pdbs/Model_7280_af3_woTemplates_af3_seed_384907_sample_4_pred_369.cif,Model_7280_af3_woTemplates_af3_seed_384907_sample_4_pred_369.cif,7280,AF3,af3_woTemplates,384907,4,369,woTemplates,,False,casp17/massivefold_external_pool_intake/t2313_t330/extracted_models/T2313_all_pdbs/Model_7280_af3_woTemplates_af3_seed_384907_sample_4_pred_369.cif,awaiting_extract,"MassiveFold model pool index only. It parses organizer-provided external model tarball listings and stages balanced extraction/rerank candidates. These models remain external rerank and accuracy-estimation inputs, not internal predictions, not CASP submissions, and not competitive-proof evidence."
4,T2313,T2313_T330,7914,T2313_all_pdbs/Model_6051_af3_woTemplates_af3_seed_994811_sample_3_pred_488.cif,Model_6051_af3_woTemplates_af3_seed_994811_sample_3_pred_488.cif,6051,AF3,af3_woTemplates,994811,3,488,woTemplates,,False,casp17/massivefold_external_pool_intake/t2313_t330/extracted_models/T2313_all_pdbs/Model_6051_af3_woTemplates_af3_seed_994811_sample_3_pred_488.cif,awaiting_extract,"MassiveFold model pool index only. It parses organizer-provided external model tarball listings and stages balanced extraction/rerank candidates. These models remain external rerank and accuracy-estimation inputs, not internal predictions, not CASP submissions, and not competitive-proof evidence."
4,T2313,T2313_T330,7917,T2313_all_pdbs/Model_6258_af3_woTemplates_af3_seed_256859_sample_0_pred_610.cif,Model_6258_af3_woTemplates_af3_seed_256859_sample_0_pred_610.cif,6258,AF3,af3_woTemplates,256859,0,610,woTemplates,,False,casp17/massivefold_external_pool_intake/t2313_t330/extracted_models/T2313_all_pdbs/Model_6258_af3_woTemplates_af3_seed_256859_sample_0_pred_610.cif,awaiting_extract,"MassiveFold model pool index only. It parses organizer-provided external model tarball listings and stages balanced extraction/rerank candidates. These models remain external rerank and accuracy-estimation inputs, not internal predictions, not CASP submissions, and not competitive-proof evidence."
4,T2313,T2313_T330,7936,T2313_all_pdbs/Model_6166_af3_woTemplates_af3_seed_130562_sample_0_pred_785.cif,Model_6166_af3_woTemplates_af3_seed_130562_sample_0_pred_785.cif,6166,AF3,af3_woTemplates,130562,0,785,woTemplates,,False,casp17/massivefold_external_pool_intake/t2313_t330/extracted_models/T2313_all_pdbs/Model_6166_af3_woTemplates_af3_seed_130562_sample_0_pred_785.cif,awaiting_extract,"MassiveFold model pool index only. It parses organizer-provided external model tarball listings and stages balanced extraction/rerank candidates. These models remain external rerank and accuracy-estimation inputs, not internal predictions, not CASP submissions, and not competitive-proof evidence."
4,T2313,T2313_T330,7964,T2313_all_pdbs/Model_5972_af3_woTemplates_af3_seed_130572_sample_4_pred_839.cif,Model_5972_af3_woTemplates_af3_seed_130572_sample_4_pred_839.cif,5972,AF3,af3_woTemplates,130572,4,839,woTemplates,,False,casp17/massivefold_external_pool_intake/t2313_t330/extracted_models/T2313_all_pdbs/Model_5972_af3_woTemplates_af3_seed_130572_sample_4_pred_839.cif,awaiting_extract,"MassiveFold model pool index only. It parses organizer-provided external model tarball listings and stages balanced extraction/rerank candidates. These models remain external rerank and accuracy-estimation inputs, not internal predictions, not CASP submissions, and not competitive-proof evidence."
4,T2313,T2313_T330,7972,T2313_all_pdbs/Model_8329_af3_woTemplates_af3_seed_994791_sample_2_pred_387.cif,Model_8329_af3_woTemplates_af3_seed_994791_sample_2_pred_387.cif,8329,AF3,af3_woTemplates,994791,2,387,woTemplates,,False,casp17/massivefold_external_pool_intake/t2313_t330/extracted_models/T2313_all_pdbs/Model_8329_af3_woTemplates_af3_seed_994791_sample_2_pred_387.cif,awaiting_extract,"MassiveFold model pool index only. It parses organizer-provided external model tarball listings and stages balanced extraction/rerank candidates. These models remain external rerank and accuracy-estimation inputs, not internal predictions, not CASP submissions, and not competitive-proof evidence."
4,T2313,T2313_T330,7993,T2313_all_pdbs/Model_9139_af3_woTemplates_af3_seed_841351_sample_0_pred_990.cif,Model_9139_af3_woTemplates_af3_seed_841351_sample_0_pred_990.cif,9139,AF3,af3_woTemplates,841351,0,990,woTemplates,,False,casp17/massivefold_external_pool_intake/t2313_t330/extracted_models/T2313_all_pdbs/Model_9139_af3_woTemplates_af3_seed_841351_sample_0_pred_990.cif,awaiting_extract,"MassiveFold model pool index only. It parses organizer-provided external model tarball listings and stages balanced extraction/rerank candidates. These models remain external rerank and accuracy-estimation inputs, not internal predictions, not CASP submissions, and not competitive-proof evidence."
4,T2313,T2313_T330,8030,T2313_all_pdbs/Model_6822_af3_woTemplates_af3_seed_641635_sample_2_pred_667.cif,Model_6822_af3_woTemplates_af3_seed_641635_sample_2_pred_667.cif,6822,AF3,af3_woTemplates,641635,2,667,woTemplates,,False,casp17/massivefold_external_pool_intake/t2313_t330/extracted_models/T2313_all_pdbs/Model_6822_af3_woTemplates_af3_seed_641635_sample_2_pred_667.cif,awaiting_extract,"MassiveFold model pool index only. It parses organizer-provided external model tarball listings and stages balanced extraction/rerank candidates. These models remain external rerank and accuracy-estimation inputs, not internal predictions, not CASP submissions, and not competitive-proof evidence."
4,T2313,T2313_T330,8045,T2313_all_pdbs/Model_6895_af3_woTemplates_af3_seed_897884_sample_2_pred_142.cif,Model_6895_af3_woTemplates_af3_seed_897884_sample_2_pred_142.cif,6895,AF3,af3_woTemplates,897884,2,142,woTemplates,,False,casp17/massivefold_external_pool_intake/t2313_t330/extracted_models/T2313_all_pdbs/Model_6895_af3_woTemplates_af3_seed_897884_sample_2_pred_142.cif,awaiting_extract,"MassiveFold model pool index only. It parses organizer-provided external model tarball listings and stages balanced extraction/rerank candidates. These models remain external rerank and accuracy-estimation inputs, not internal predictions, not CASP submissions, and not competitive-proof evidence."
4,T2313,T2313_T330,8098,T2313_all_pdbs/Model_7510_af3_woTemplates_af3_seed_48218_sample_3_pred_93.cif,Model_7510_af3_woTemplates_af3_seed_48218_sample_3_pred_93.cif,7510,AF3,af3_woTemplates,48218,3,93,woTemplates,,False,casp17/massivefold_external_pool_intake/t2313_t330/extracted_models/T2313_all_pdbs/Model_7510_af3_woTemplates_af3_seed_48218_sample_3_pred_93.cif,awaiting_extract,"MassiveFold model pool index only. It parses organizer-provided external model tarball listings and stages balanced extraction/rerank candidates. These models remain external rerank and accuracy-estimation inputs, not internal predictions, not CASP submissions, and not competitive-proof evidence."
4,T2313,T2313_T330,8137,T2313_all_pdbs/Model_4746_af3_woTemplates_af3_seed_994798_sample_2_pred_422.cif,Model_4746_af3_woTemplates_af3_seed_994798_sample_2_pred_422.cif,4746,AF3,af3_woTemplates,994798,2,422,woTemplates,,False,casp17/massivefold_external_pool_intake/t2313_t330/extracted_models/T2313_all_pdbs/Model_4746_af3_woTemplates_af3_seed_994798_sample_2_pred_422.cif,awaiting_extract,"MassiveFold model pool index only. It parses organizer-provided external model tarball listings and stages balanced extraction/rerank candidates. These models remain external rerank and accuracy-estimation inputs, not internal predictions, not CASP submissions, and not competitive-proof evidence."
4,T2313,T2313_T330,8161,T2313_all_pdbs/Model_5691_af3_woTemplates_af3_seed_841348_sample_3_pred_978.cif,Model_5691_af3_woTemplates_af3_seed_841348_sample_3_pred_978.cif,5691,AF3,af3_woTemplates,841348,3,978,woTemplates,,False,casp17/massivefold_external_pool_intake/t2313_t330/extracted_models/T2313_all_pdbs/Model_5691_af3_woTemplates_af3_seed_841348_sample_3_pred_978.cif,awaiting_extract,"MassiveFold model pool index only. It parses organizer-provided external model tarball listings and stages balanced extraction/rerank candidates. These models remain external rerank and accuracy-estimation inputs, not internal predictions, not CASP submissions, and not competitive-proof evidence."
4,T2313,T2313_T330,8179,T2313_all_pdbs/Model_5208_af3_woTemplates_af3_seed_994789_sample_2_pred_377.cif,Model_5208_af3_woTemplates_af3_seed_994789_sample_2_pred_377.cif,5208,AF3,af3_woTemplates,994789,2,377,woTemplates,,False,casp17/massivefold_external_pool_intake/t2313_t330/extracted_models/T2313_all_pdbs/Model_5208_af3_woTemplates_af3_seed_994789_sample_2_pred_377.cif,awaiting_extract,"MassiveFold model pool index only. It parses organizer-provided external model tarball listings and stages balanced extraction/rerank candidates. These models remain external rerank and accuracy-estimation inputs, not internal predictions, not CASP submissions, and not competitive-proof evidence."
4,T2313,T2313_T330,8186,T2313_all_pdbs/Model_7794_af3_woTemplates_af3_seed_130564_sample_0_pred_795.cif,Model_7794_af3_woTemplates_af3_seed_130564_sample_0_pred_795.cif,7794,AF3,af3_woTemplates,130564,0,795,woTemplates,,False,casp17/massivefold_external_pool_intake/t2313_t330/extracted_models/T2313_all_pdbs/Model_7794_af3_woTemplates_af3_seed_130564_sample_0_pred_795.cif,awaiting_extract,"MassiveFold model pool index only. It parses organizer-provided external model tarball listings and stages balanced extraction/rerank candidates. These models remain external rerank and accuracy-estimation inputs, not internal predictions, not CASP submissions, and not competitive-proof evidence."
4,T2313,T2313_T330,8196,T2313_all_pdbs/Model_4450_af3_woTemplates_af3_seed_897888_sample_4_pred_164.cif,Model_4450_af3_woTemplates_af3_seed_897888_sample_4_pred_164.cif,4450,AF3,af3_woTemplates,897888,4,164,woTemplates,,False,casp17/massivefold_external_pool_intake/t2313_t330/extracted_models/T2313_all_pdbs/Model_4450_af3_woTemplates_af3_seed_897888_sample_4_pred_164.cif,awaiting_extract,"MassiveFold model pool index only. It parses organizer-provided external model tarball listings and stages balanced extraction/rerank candidates. These models remain external rerank and accuracy-estimation inputs, not internal predictions, not CASP submissions, and not competitive-proof evidence."
4,T2313,T2313_T330,8212,T2313_all_pdbs/Model_8334_af3_woTemplates_af3_seed_384907_sample_1_pred_366.cif,Model_8334_af3_woTemplates_af3_seed_384907_sample_1_pred_366.cif,8334,AF3,af3_woTemplates,384907,1,366,woTemplates,,False,casp17/massivefold_external_pool_intake/t2313_t330/extracted_models/T2313_all_pdbs/Model_8334_af3_woTemplates_af3_seed_384907_sample_1_pred_366.cif,awaiting_extract,"MassiveFold model pool index only. It parses organizer-provided external model tarball listings and stages balanced extraction/rerank candidates. These models remain external rerank and accuracy-estimation inputs, not internal predictions, not CASP submissions, and not competitive-proof evidence."
4,T2313,T2313_T330,8229,T2313_all_pdbs/Model_6204_af3_woTemplates_af3_seed_130569_sample_2_pred_822.cif,Model_6204_af3_woTemplates_af3_seed_130569_sample_2_pred_822.cif,6204,AF3,af3_woTemplates,130569,2,822,woTemplates,,False,casp17/massivefold_external_pool_intake/t2313_t330/extracted_models/T2313_all_pdbs/Model_6204_af3_woTemplates_af3_seed_130569_sample_2_pred_822.cif,awaiting_extract,"MassiveFold model pool index only. It parses organizer-provided external model tarball listings and stages balanced extraction/rerank candidates. These models remain external rerank and accuracy-estimation inputs, not internal predictions, not CASP submissions, and not competitive-proof evidence."
4,T2313,T2313_T330,8230,T2313_all_pdbs/Model_6821_af3_woTemplates_af3_seed_48216_sample_3_pred_83.cif,Model_6821_af3_woTemplates_af3_seed_48216_sample_3_pred_83.cif,6821,AF3,af3_woTemplates,48216,3,83,woTemplates,,False,casp17/massivefold_external_pool_intake/t2313_t330/extracted_models/T2313_all_pdbs/Model_6821_af3_woTemplates_af3_seed_48216_sample_3_pred_83.cif,awaiting_extract,"MassiveFold model pool index only. It parses organizer-provided external model tarball listings and stages balanced extraction/rerank candidates. These models remain external rerank and accuracy-estimation inputs, not internal predictions, not CASP submissions, and not competitive-proof evidence."
4,T2313,T2313_T330,8266,T2313_all_pdbs/Model_7266_af3_woTemplates_af3_seed_130564_sample_2_pred_797.cif,Model_7266_af3_woTemplates_af3_seed_130564_sample_2_pred_797.cif,7266,AF3,af3_woTemplates,130564,2,797,woTemplates,,False,casp17/massivefold_external_pool_intake/t2313_t330/extracted_models/T2313_all_pdbs/Model_7266_af3_woTemplates_af3_seed_130564_sample_2_pred_797.cif,awaiting_extract,"MassiveFold model pool index only. It parses organizer-provided external model tarball listings and stages balanced extraction/rerank candidates. These models remain external rerank and accuracy-estimation inputs, not internal predictions, not CASP submissions, and not competitive-proof evidence."
4,T2313,T2313_T330,8269,T2313_all_pdbs/Model_6377_af3_woTemplates_af3_seed_641629_sample_2_pred_637.cif,Model_6377_af3_woTemplates_af3_seed_641629_sample_2_pred_637.cif,6377,AF3,af3_woTemplates,641629,2,637,woTemplates,,False,casp17/massivefold_external_pool_intake/t2313_t330/extracted_models/T2313_all_pdbs/Model_6377_af3_woTemplates_af3_seed_641629_sample_2_pred_637.cif,awaiting_extract,"MassiveFold model pool index only. It parses organizer-provided external model tarball listings and stages balanced extraction/rerank candidates. These models remain external rerank and accuracy-estimation inputs, not internal predictions, not CASP submissions, and not competitive-proof evidence."
4,T2313,T2313_T330,8273,T2313_all_pdbs/Model_6206_af3_woTemplates_af3_seed_256856_sample_4_pred_599.cif,Model_6206_af3_woTemplates_af3_seed_256856_sample_4_pred_599.cif,6206,AF3,af3_woTemplates,256856,4,599,woTemplates,,False,casp17/massivefold_external_pool_intake/t2313_t330/extracted_models/T2313_all_pdbs/Model_6206_af3_woTemplates_af3_seed_256856_sample_4_pred_599.cif,awaiting_extract,"MassiveFold model pool index only. It parses organizer-provided external model tarball listings and stages balanced extraction/rerank candidates. These models remain external rerank and accuracy-estimation inputs, not internal predictions, not CASP submissions, and not competitive-proof evidence."
4,T2313,T2313_T330,8285,T2313_all_pdbs/Model_7261_af3_woTemplates_af3_seed_384907_sample_2_pred_367.cif,Model_7261_af3_woTemplates_af3_seed_384907_sample_2_pred_367.cif,7261,AF3,af3_woTemplates,384907,2,367,woTemplates,,False,casp17/massivefold_external_pool_intake/t2313_t330/extracted_models/T2313_all_pdbs/Model_7261_af3_woTemplates_af3_seed_384907_sample_2_pred_367.cif,awaiting_extract,"MassiveFold model pool index only. It parses organizer-provided external model tarball listings and stages balanced extraction/rerank candidates. These models remain external rerank and accuracy-estimation inputs, not internal predictions, not CASP submissions, and not competitive-proof evidence."
4,T2313,T2313_T330,8291,T2313_all_pdbs/Model_4788_af3_woTemplates_af3_seed_256860_sample_2_pred_617.cif,Model_4788_af3_woTemplates_af3_seed_256860_sample_2_pred_617.cif,4788,AF3,af3_woTemplates,256860,2,617,woTemplates,,False,casp17/massivefold_external_pool_intake/t2313_t330/extracted_models/T2313_all_pdbs/Model_4788_af3_woTemplates_af3_seed_256860_sample_2_pred_617.cif,awaiting_extract,"MassiveFold model pool index only. It parses organizer-provided external model tarball listings and stages balanced extraction/rerank candidates. These models remain external rerank and accuracy-estimation inputs, not internal predictions, not CASP submissions, and not competitive-proof evidence."
4,T2313,T2313_T330,8295,T2313_all_pdbs/Model_4617_af3_woTemplates_af3_seed_130568_sample_2_pred_817.cif,Model_4617_af3_woTemplates_af3_seed_130568_sample_2_pred_817.cif,4617,AF3,af3_woTemplates,130568,2,817,woTemplates,,False,casp17/massivefold_external_pool_intake/t2313_t330/extracted_models/T2313_all_pdbs/Model_4617_af3_woTemplates_af3_seed_130568_sample_2_pred_817.cif,awaiting_extract,"MassiveFold model pool index only. It parses organizer-provided external model tarball listings and stages balanced extraction/rerank candidates. These models remain external rerank and accuracy-estimation inputs, not internal predictions, not CASP submissions, and not competitive-proof evidence."
4,T2313,T2313_T330,8332,T2313_all_pdbs/Model_6981_af3_woTemplates_af3_seed_130563_sample_3_pred_793.cif,Model_6981_af3_woTemplates_af3_seed_130563_sample_3_pred_793.cif,6981,AF3,af3_woTemplates,130563,3,793,woTemplates,,False,casp17/massivefold_external_pool_intake/t2313_t330/extracted_models/T2313_all_pdbs/Model_6981_af3_woTemplates_af3_seed_130563_sample_3_pred_793.cif,awaiting_extract,"MassiveFold model pool index only. It parses organizer-provided external model tarball listings and stages balanced extraction/rerank candidates. These models remain external rerank and accuracy-estimation inputs, not internal predictions, not CASP submissions, and not competitive-proof evidence."
4,T2313,T2313_T330,8343,T2313_all_pdbs/Model_8332_af3_woTemplates_af3_seed_384896_sample_0_pred_310.cif,Model_8332_af3_woTemplates_af3_seed_384896_sample_0_pred_310.cif,8332,AF3,af3_woTemplates,384896,0,310,woTemplates,,False,casp17/massivefold_external_pool_intake/t2313_t330/extracted_models/T2313_all_pdbs/Model_8332_af3_woTemplates_af3_seed_384896_sample_0_pred_310.cif,awaiting_extract,"MassiveFold model pool index only. It parses organizer-provided external model tarball listings and stages balanced extraction/rerank candidates. These models remain external rerank and accuracy-estimation inputs, not internal predictions, not CASP submissions, and not competitive-proof evidence."
4,T2313,T2313_T330,8382,T2313_all_pdbs/Model_6014_af3_woTemplates_af3_seed_994793_sample_1_pred_396.cif,Model_6014_af3_woTemplates_af3_seed_994793_sample_1_pred_396.cif,6014,AF3,af3_woTemplates,994793,1,396,woTemplates,,False,casp17/massivefold_external_pool_intake/t2313_t330/extracted_models/T2313_all_pdbs/Model_6014_af3_woTemplates_af3_seed_994793_sample_1_pred_396.cif,awaiting_extract,"MassiveFold model pool index only. It parses organizer-provided external model tarball listings and stages balanced extraction/rerank candidates. These models remain external rerank and accuracy-estimation inputs, not internal predictions, not CASP submissions, and not competitive-proof evidence."
4,T2313,T2313_T330,8406,T2313_all_pdbs/Model_4679_af3_woTemplates_af3_seed_130579_sample_4_pred_874.cif,Model_4679_af3_woTemplates_af3_seed_130579_sample_4_pred_874.cif,4679,AF3,af3_woTemplates,130579,4,874,woTemplates,,False,casp17/massivefold_external_pool_intake/t2313_t330/extracted_models/T2313_all_pdbs/Model_4679_af3_woTemplates_af3_seed_130579_sample_4_pred_874.cif,awaiting_extract,"MassiveFold model pool index only. It parses organizer-provided external model tarball listings and stages balanced extraction/rerank candidates. These models remain external rerank and accuracy-estimation inputs, not internal predictions, not CASP submissions, and not competitive-proof evidence."
4,T2313,T2313_T330,8424,T2313_all_pdbs/Model_7802_af3_woTemplates_af3_seed_384894_sample_4_pred_304.cif,Model_7802_af3_woTemplates_af3_seed_384894_sample_4_pred_304.cif,7802,AF3,af3_woTemplates,384894,4,304,woTemplates,,False,casp17/massivefold_external_pool_intake/t2313_t330/extracted_models/T2313_all_pdbs/Model_7802_af3_woTemplates_af3_seed_384894_sample_4_pred_304.cif,awaiting_extract,"MassiveFold model pool index only. It parses organizer-provided external model tarball listings and stages balanced extraction/rerank candidates. These models remain external rerank and accuracy-estimation inputs, not internal predictions, not CASP submissions, and not competitive-proof evidence."
4,T2313,T2313_T330,8425,T2313_all_pdbs/Model_3661_af3_woTemplates_af3_seed_841330_sample_0_pred_885.cif,Model_3661_af3_woTemplates_af3_seed_841330_sample_0_pred_885.cif,3661,AF3,af3_woTemplates,841330,0,885,woTemplates,,False,casp17/massivefold_external_pool_intake/t2313_t330/extracted_models/T2313_all_pdbs/Model_3661_af3_woTemplates_af3_seed_841330_sample_0_pred_885.cif,awaiting_extract,"MassiveFold model pool index only. It parses organizer-provided external model tarball listings and stages balanced extraction/rerank candidates. These models remain external rerank and accuracy-estimation inputs, not internal predictions, not CASP submissions, and not competitive-proof evidence."
4,T2313,T2313_T330,8453,T2313_all_pdbs/Model_5440_af3_woTemplates_af3_seed_841344_sample_4_pred_959.cif,Model_5440_af3_woTemplates_af3_seed_841344_sample_4_pred_959.cif,5440,AF3,af3_woTemplates,841344,4,959,woTemplates,,False,casp17/massivefold_external_pool_intake/t2313_t330/extracted_models/T2313_all_pdbs/Model_5440_af3_woTemplates_af3_seed_841344_sample_4_pred_959.cif,awaiting_extract,"MassiveFold model pool index only. It parses organizer-provided external model tarball listings and stages balanced extraction/rerank candidates. These models remain external rerank and accuracy-estimation inputs, not internal predictions, not CASP submissions, and not competitive-proof evidence."
4,T2313,T2313_T330,8470,T2313_all_pdbs/Model_5817_af3_woTemplates_af3_seed_641643_sample_1_pred_706.cif,Model_5817_af3_woTemplates_af3_seed_641643_sample_1_pred_706.cif,5817,AF3,af3_woTemplates,641643,1,706,woTemplates,,False,casp17/massivefold_external_pool_intake/t2313_t330/extracted_models/T2313_all_pdbs/Model_5817_af3_woTemplates_af3_seed_641643_sample_1_pred_706.cif,awaiting_extract,"MassiveFold model pool index only. It parses organizer-provided external model tarball listings and stages balanced extraction/rerank candidates. These models remain external rerank and accuracy-estimation inputs, not internal predictions, not CASP submissions, and not competitive-proof evidence."
4,T2313,T2313_T330,8481,T2313_all_pdbs/Model_5310_af3_woTemplates_af3_seed_897891_sample_3_pred_178.cif,Model_5310_af3_woTemplates_af3_seed_897891_sample_3_pred_178.cif,5310,AF3,af3_woTemplates,897891,3,178,woTemplates,,False,casp17/massivefold_external_pool_intake/t2313_t330/extracted_models/T2313_all_pdbs/Model_5310_af3_woTemplates_af3_seed_897891_sample_3_pred_178.cif,awaiting_extract,"MassiveFold model pool index only. It parses organizer-provided external model tarball listings and stages balanced extraction/rerank candidates. These models remain external rerank and accuracy-estimation inputs, not internal predictions, not CASP submissions, and not competitive-proof evidence."
4,T2313,T2313_T330,8484,T2313_all_pdbs/Model_6902_af3_woTemplates_af3_seed_897889_sample_0_pred_165.cif,Model_6902_af3_woTemplates_af3_seed_897889_sample_0_pred_165.cif,6902,AF3,af3_woTemplates,897889,0,165,woTemplates,,False,casp17/massivefold_external_pool_intake/t2313_t330/extracted_models/T2313_all_pdbs/Model_6902_af3_woTemplates_af3_seed_897889_sample_0_pred_165.cif,awaiting_extract,"MassiveFold model pool index only. It parses organizer-provided external model tarball listings and stages balanced extraction/rerank candidates. These models remain external rerank and accuracy-estimation inputs, not internal predictions, not CASP submissions, and not competitive-proof evidence."
4,T2313,T2313_T330,8488,T2313_all_pdbs/Model_7803_af3_woTemplates_af3_seed_384907_sample_3_pred_368.cif,Model_7803_af3_woTemplates_af3_seed_384907_sample_3_pred_368.cif,7803,AF3,af3_woTemplates,384907,3,368,woTemplates,,False,casp17/massivefold_external_pool_intake/t2313_t330/extracted_models/T2313_all_pdbs/Model_7803_af3_woTemplates_af3_seed_384907_sample_3_pred_368.cif,awaiting_extract,"MassiveFold model pool index only. It parses organizer-provided external model tarball listings and stages balanced extraction/rerank candidates. These models remain external rerank and accuracy-estimation inputs, not internal predictions, not CASP submissions, and not competitive-proof evidence."
4,T2313,T2313_T330,8489,T2313_all_pdbs/Model_8338_af3_woTemplates_af3_seed_384896_sample_3_pred_313.cif,Model_8338_af3_woTemplates_af3_seed_384896_sample_3_pred_313.cif,8338,AF3,af3_woTemplates,384896,3,313,woTemplates,,False,casp17/massivefold_external_pool_intake/t2313_t330/extracted_models/T2313_all_pdbs/Model_8338_af3_woTemplates_af3_seed_384896_sample_3_pred_313.cif,awaiting_extract,"MassiveFold model pool index only. It parses organizer-provided external model tarball listings and stages balanced extraction/rerank candidates. These models remain external rerank and accuracy-estimation inputs, not internal predictions, not CASP submissions, and not competitive-proof evidence."
4,T2313,T2313_T330,8515,T2313_all_pdbs/Model_6686_af3_woTemplates_af3_seed_130556_sample_2_pred_757.cif,Model_6686_af3_woTemplates_af3_seed_130556_sample_2_pred_757.cif,6686,AF3,af3_woTemplates,130556,2,757,woTemplates,,False,casp17/massivefold_external_pool_intake/t2313_t330/extracted_models/T2313_all_pdbs/Model_6686_af3_woTemplates_af3_seed_130556_sample_2_pred_757.cif,awaiting_extract,"MassiveFold model pool index only. It parses organizer-provided external model tarball listings and stages balanced extraction/rerank candidates. These models remain external rerank and accuracy-estimation inputs, not internal predictions, not CASP submissions, and not competitive-proof evidence."
4,T2313,T2313_T330,8540,T2313_all_pdbs/Model_6576_af3_woTemplates_af3_seed_48216_sample_4_pred_84.cif,Model_6576_af3_woTemplates_af3_seed_48216_sample_4_pred_84.cif,6576,AF3,af3_woTemplates,48216,4,84,woTemplates,,False,casp17/massivefold_external_pool_intake/t2313_t330/extracted_models/T2313_all_pdbs/Model_6576_af3_woTemplates_af3_seed_48216_sample_4_pred_84.cif,awaiting_extract,"MassiveFold model pool index only. It parses organizer-provided external model tarball listings and stages balanced extraction/rerank candidates. These models remain external rerank and accuracy-estimation inputs, not internal predictions, not CASP submissions, and not competitive-proof evidence."
4,T2313,T2313_T330,8544,T2313_all_pdbs/Model_5107_af3_woTemplates_af3_seed_130560_sample_2_pred_777.cif,Model_5107_af3_woTemplates_af3_seed_130560_sample_2_pred_777.cif,5107,AF3,af3_woTemplates,130560,2,777,woTemplates,,False,casp17/massivefold_external_pool_intake/t2313_t330/extracted_models/T2313_all_pdbs/Model_5107_af3_woTemplates_af3_seed_130560_sample_2_pred_777.cif,awaiting_extract,"MassiveFold model pool index only. It parses organizer-provided external model tarball listings and stages balanced extraction/rerank candidates. These models remain external rerank and accuracy-estimation inputs, not internal predictions, not CASP submissions, and not competitive-proof evidence."
4,T2313,T2313_T330,8562,T2313_all_pdbs/Model_6164_af3_woTemplates_af3_seed_897886_sample_1_pred_151.cif,Model_6164_af3_woTemplates_af3_seed_897886_sample_1_pred_151.cif,6164,AF3,af3_woTemplates,897886,1,151,woTemplates,,False,casp17/massivefold_external_pool_intake/t2313_t330/extracted_models/T2313_all_pdbs/Model_6164_af3_woTemplates_af3_seed_897886_sample_1_pred_151.cif,awaiting_extract,"MassiveFold model pool index only. It parses organizer-provided external model tarball listings and stages balanced extraction/rerank candidates. These models remain external rerank and accuracy-estimation inputs, not internal predictions, not CASP submissions, and not competitive-proof evidence."
4,T2313,T2313_T330,8563,T2313_all_pdbs/Model_7151_af3_woTemplates_af3_seed_897905_sample_4_pred_249.cif,Model_7151_af3_woTemplates_af3_seed_897905_sample_4_pred_249.cif,7151,AF3,af3_woTemplates,897905,4,249,woTemplates,,False,casp17/massivefold_external_pool_intake/t2313_t330/extracted_models/T2313_all_pdbs/Model_7151_af3_woTemplates_af3_seed_897905_sample_4_pred_249.cif,awaiting_extract,"MassiveFold model pool index only. It parses organizer-provided external model tarball listings and stages balanced extraction/rerank candidates. These models remain external rerank and accuracy-estimation inputs, not internal predictions, not CASP submissions, and not competitive-proof evidence."
4,T2313,T2313_T330,8602,T2313_all_pdbs/Model_4170_af3_woTemplates_af3_seed_48201_sample_2_pred_7.cif,Model_4170_af3_woTemplates_af3_seed_48201_sample_2_pred_7.cif,4170,AF3,af3_woTemplates,48201,2,7,woTemplates,,False,casp17/massivefold_external_pool_intake/t2313_t330/extracted_models/T2313_all_pdbs/Model_4170_af3_woTemplates_af3_seed_48201_sample_2_pred_7.cif,awaiting_extract,"MassiveFold model pool index only. It parses organizer-provided external model tarball listings and stages balanced extraction/rerank candidates. These models remain external rerank and accuracy-estimation inputs, not internal predictions, not CASP submissions, and not competitive-proof evidence."
4,T2313,T2313_T330,8633,T2313_all_pdbs/Model_7095_af3_woTemplates_af3_seed_897887_sample_0_pred_155.cif,Model_7095_af3_woTemplates_af3_seed_897887_sample_0_pred_155.cif,7095,AF3,af3_woTemplates,897887,0,155,woTemplates,,False,casp17/massivefold_external_pool_intake/t2313_t330/extracted_models/T2313_all_pdbs/Model_7095_af3_woTemplates_af3_seed_897887_sample_0_pred_155.cif,awaiting_extract,"MassiveFold model pool index only. It parses organizer-provided external model tarball listings and stages balanced extraction/rerank candidates. These models remain external rerank and accuracy-estimation inputs, not internal predictions, not CASP submissions, and not competitive-proof evidence."
4,T2313,T2313_T330,8650,T2313_all_pdbs/Model_3546_af3_woTemplates_af3_seed_384905_sample_1_pred_356.cif,Model_3546_af3_woTemplates_af3_seed_384905_sample_1_pred_356.cif,3546,AF3,af3_woTemplates,384905,1,356,woTemplates,,False,casp17/massivefold_external_pool_intake/t2313_t330/extracted_models/T2313_all_pdbs/Model_3546_af3_woTemplates_af3_seed_384905_sample_1_pred_356.cif,awaiting_extract,"MassiveFold model pool index only. It parses organizer-provided external model tarball listings and stages balanced extraction/rerank candidates. These models remain external rerank and accuracy-estimation inputs, not internal predictions, not CASP submissions, and not competitive-proof evidence."
4,T2313,T2313_T330,8664,T2313_all_pdbs/Model_9493_af3_woTemplates_af3_seed_897889_sample_4_pred_169.cif,Model_9493_af3_woTemplates_af3_seed_897889_sample_4_pred_169.cif,9493,AF3,af3_woTemplates,897889,4,169,woTemplates,,False,casp17/massivefold_external_pool_intake/t2313_t330/extracted_models/T2313_all_pdbs/Model_9493_af3_woTemplates_af3_seed_897889_sample_4_pred_169.cif,awaiting_extract,"MassiveFold model pool index only. It parses organizer-provided external model tarball listings and stages balanced extraction/rerank candidates. These models remain external rerank and accuracy-estimation inputs, not internal predictions, not CASP submissions, and not competitive-proof evidence."
4,T2313,T2313_T330,8670,T2313_all_pdbs/Model_4738_af3_woTemplates_af3_seed_256850_sample_2_pred_567.cif,Model_4738_af3_woTemplates_af3_seed_256850_sample_2_pred_567.cif,4738,AF3,af3_woTemplates,256850,2,567,woTemplates,,False,casp17/massivefold_external_pool_intake/t2313_t330/extracted_models/T2313_all_pdbs/Model_4738_af3_woTemplates_af3_seed_256850_sample_2_pred_567.cif,awaiting_extract,"MassiveFold model pool index only. It parses organizer-provided external model tarball listings and stages balanced extraction/rerank candidates. These models remain external rerank and accuracy-estimation inputs, not internal predictions, not CASP submissions, and not competitive-proof evidence."
4,T2313,T2313_T330,8703,T2313_all_pdbs/Model_6103_af3_woTemplates_af3_seed_994812_sample_3_pred_493.cif,Model_6103_af3_woTemplates_af3_seed_994812_sample_3_pred_493.cif,6103,AF3,af3_woTemplates,994812,3,493,woTemplates,,False,casp17/massivefold_external_pool_intake/t2313_t330/extracted_models/T2313_all_pdbs/Model_6103_af3_woTemplates_af3_seed_994812_sample_3_pred_493.cif,awaiting_extract,"MassiveFold model pool index only. It parses organizer-provided external model tarball listings and stages balanced extraction/rerank candidates. These models remain external rerank and accuracy-estimation inputs, not internal predictions, not CASP submissions, and not competitive-proof evidence."
4,T2313,T2313_T330,8723,T2313_all_pdbs/Model_5327_af3_woTemplates_af3_seed_130576_sample_2_pred_857.cif,Model_5327_af3_woTemplates_af3_seed_130576_sample_2_pred_857.cif,5327,AF3,af3_woTemplates,130576,2,857,woTemplates,,False,casp17/massivefold_external_pool_intake/t2313_t330/extracted_models/T2313_all_pdbs/Model_5327_af3_woTemplates_af3_seed_130576_sample_2_pred_857.cif,awaiting_extract,"MassiveFold model pool index only. It parses organizer-provided external model tarball listings and stages balanced extraction/rerank candidates. These models remain external rerank and accuracy-estimation inputs, not internal predictions, not CASP submissions, and not competitive-proof evidence."
4,T2313,T2313_T330,8755,T2313_all_pdbs/Model_4017_af3_woTemplates_af3_seed_48206_sample_2_pred_32.cif,Model_4017_af3_woTemplates_af3_seed_48206_sample_2_pred_32.cif,4017,AF3,af3_woTemplates,48206,2,32,woTemplates,,False,casp17/massivefold_external_pool_intake/t2313_t330/extracted_models/T2313_all_pdbs/Model_4017_af3_woTemplates_af3_seed_48206_sample_2_pred_32.cif,awaiting_extract,"MassiveFold model pool index only. It parses organizer-provided external model tarball listings and stages balanced extraction/rerank candidates. These models remain external rerank and accuracy-estimation inputs, not internal predictions, not CASP submissions, and not competitive-proof evidence."
4,T2313,T2313_T330,8774,T2313_all_pdbs/Model_5049_af3_woTemplates_af3_seed_994789_sample_1_pred_376.cif,Model_5049_af3_woTemplates_af3_seed_994789_sample_1_pred_376.cif,5049,AF3,af3_woTemplates,994789,1,376,woTemplates,,False,casp17/massivefold_external_pool_intake/t2313_t330/extracted_models/T2313_all_pdbs/Model_5049_af3_woTemplates_af3_seed_994789_sample_1_pred_376.cif,awaiting_extract,"MassiveFold model pool index only. It parses organizer-provided external model tarball listings and stages balanced extraction/rerank candidates. These models remain external rerank and accuracy-estimation inputs, not internal predictions, not CASP submissions, and not competitive-proof evidence."
4,T2313,T2313_T330,8777,T2313_all_pdbs/Model_9489_af3_woTemplates_af3_seed_384894_sample_1_pred_301.cif,Model_9489_af3_woTemplates_af3_seed_384894_sample_1_pred_301.cif,9489,AF3,af3_woTemplates,384894,1,301,woTemplates,,False,casp17/massivefold_external_pool_intake/t2313_t330/extracted_models/T2313_all_pdbs/Model_9489_af3_woTemplates_af3_seed_384894_sample_1_pred_301.cif,awaiting_extract,"MassiveFold model pool index only. It parses organizer-provided external model tarball listings and stages balanced extraction/rerank candidates. These models remain external rerank and accuracy-estimation inputs, not internal predictions, not CASP submissions, and not competitive-proof evidence."
4,T2313,T2313_T330,8781,T2313_all_pdbs/Model_3372_af3_woTemplates_af3_seed_384889_sample_0_pred_275.cif,Model_3372_af3_woTemplates_af3_seed_384889_sample_0_pred_275.cif,3372,AF3,af3_woTemplates,384889,0,275,woTemplates,,False,casp17/massivefold_external_pool_intake/t2313_t330/extracted_models/T2313_all_pdbs/Model_3372_af3_woTemplates_af3_seed_384889_sample_0_pred_275.cif,awaiting_extract,"MassiveFold model pool index only. It parses organizer-provided external model tarball listings and stages balanced extraction/rerank candidates. These models remain external rerank and accuracy-estimation inputs, not internal predictions, not CASP submissions, and not competitive-proof evidence."
4,T2313,T2313_T330,8789,T2313_all_pdbs/Model_7170_af3_woTemplates_af3_seed_897900_sample_4_pred_224.cif,Model_7170_af3_woTemplates_af3_seed_897900_sample_4_pred_224.cif,7170,AF3,af3_woTemplates,897900,4,224,woTemplates,,False,casp17/massivefold_external_pool_intake/t2313_t330/extracted_models/T2313_all_pdbs/Model_7170_af3_woTemplates_af3_seed_897900_sample_4_pred_224.cif,awaiting_extract,"MassiveFold model pool index only. It parses organizer-provided external model tarball listings and stages balanced extraction/rerank candidates. These models remain external rerank and accuracy-estimation inputs, not internal predictions, not CASP submissions, and not competitive-proof evidence."
4,T2313,T2313_T330,8791,T2313_all_pdbs/Model_5173_af3_woTemplates_af3_seed_994789_sample_4_pred_379.cif,Model_5173_af3_woTemplates_af3_seed_994789_sample_4_pred_379.cif,5173,AF3,af3_woTemplates,994789,4,379,woTemplates,,False,casp17/massivefold_external_pool_intake/t2313_t330/extracted_models/T2313_all_pdbs/Model_5173_af3_woTemplates_af3_seed_994789_sample_4_pred_379.cif,awaiting_extract,"MassiveFold model pool index only. It parses organizer-provided external model tarball listings and stages balanced extraction/rerank candidates. These models remain external rerank and accuracy-estimation inputs, not internal predictions, not CASP submissions, and not competitive-proof evidence."
4,T2313,T2313_T330,8796,T2313_all_pdbs/Model_6690_af3_woTemplates_af3_seed_48214_sample_1_pred_71.cif,Model_6690_af3_woTemplates_af3_seed_48214_sample_1_pred_71.cif,6690,AF3,af3_woTemplates,48214,1,71,woTemplates,,False,casp17/massivefold_external_pool_intake/t2313_t330/extracted_models/T2313_all_pdbs/Model_6690_af3_woTemplates_af3_seed_48214_sample_1_pred_71.cif,awaiting_extract,"MassiveFold model pool index only. It parses organizer-provided external model tarball listings and stages balanced extraction/rerank candidates. These models remain external rerank and accuracy-estimation inputs, not internal predictions, not CASP submissions, and not competitive-proof evidence."
4,T2313,T2313_T330,8797,T2313_all_pdbs/Model_4862_af3_woTemplates_af3_seed_994798_sample_4_pred_424.cif,Model_4862_af3_woTemplates_af3_seed_994798_sample_4_pred_424.cif,4862,AF3,af3_woTemplates,994798,4,424,woTemplates,,False,casp17/massivefold_external_pool_intake/t2313_t330/extracted_models/T2313_all_pdbs/Model_4862_af3_woTemplates_af3_seed_994798_sample_4_pred_424.cif,awaiting_extract,"MassiveFold model pool index only. It parses organizer-provided external model tarball listings and stages balanced extraction/rerank candidates. These models remain external rerank and accuracy-estimation inputs, not internal predictions, not CASP submissions, and not competitive-proof evidence."
4,T2313,T2313_T330,8812,T2313_all_pdbs/Model_5449_af3_woTemplates_af3_seed_897904_sample_1_pred_241.cif,Model_5449_af3_woTemplates_af3_seed_897904_sample_1_pred_241.cif,5449,AF3,af3_woTemplates,897904,1,241,woTemplates,,False,casp17/massivefold_external_pool_intake/t2313_t330/extracted_models/T2313_all_pdbs/Model_5449_af3_woTemplates_af3_seed_897904_sample_1_pred_241.cif,awaiting_extract,"MassiveFold model pool index only. It parses organizer-provided external model tarball listings and stages balanced extraction/rerank candidates. These models remain external rerank and accuracy-estimation inputs, not internal predictions, not CASP submissions, and not competitive-proof evidence."
4,T2313,T2313_T330,8837,T2313_all_pdbs/Model_4834_af3_woTemplates_af3_seed_48220_sample_3_pred_103.cif,Model_4834_af3_woTemplates_af3_seed_48220_sample_3_pred_103.cif,4834,AF3,af3_woTemplates,48220,3,103,woTemplates,,False,casp17/massivefold_external_pool_intake/t2313_t330/extracted_models/T2313_all_pdbs/Model_4834_af3_woTemplates_af3_seed_48220_sample_3_pred_103.cif,awaiting_extract,"MassiveFold model pool index only. It parses organizer-provided external model tarball listings and stages balanced extraction/rerank candidates. These models remain external rerank and accuracy-estimation inputs, not internal predictions, not CASP submissions, and not competitive-proof evidence."
4,T2313,T2313_T330,8851,T2313_all_pdbs/Model_3910_af3_woTemplates_af3_seed_256857_sample_3_pred_603.cif,Model_3910_af3_woTemplates_af3_seed_256857_sample_3_pred_603.cif,3910,AF3,af3_woTemplates,256857,3,603,woTemplates,,False,casp17/massivefold_external_pool_intake/t2313_t330/extracted_models/T2313_all_pdbs/Model_3910_af3_woTemplates_af3_seed_256857_sample_3_pred_603.cif,awaiting_extract,"MassiveFold model pool index only. It parses organizer-provided external model tarball listings and stages balanced extraction/rerank candidates. These models remain external rerank and accuracy-estimation inputs, not internal predictions, not CASP submissions, and not competitive-proof evidence."
4,T2313,T2313_T330,8854,T2313_all_pdbs/Model_5993_af3_woTemplates_af3_seed_256845_sample_4_pred_544.cif,Model_5993_af3_woTemplates_af3_seed_256845_sample_4_pred_544.cif,5993,AF3,af3_woTemplates,256845,4,544,woTemplates,,False,casp17/massivefold_external_pool_intake/t2313_t330/extracted_models/T2313_all_pdbs/Model_5993_af3_woTemplates_af3_seed_256845_sample_4_pred_544.cif,awaiting_extract,"MassiveFold model pool index only. It parses organizer-provided external model tarball listings and stages balanced extraction/rerank candidates. These models remain external rerank and accuracy-estimation inputs, not internal predictions, not CASP submissions, and not competitive-proof evidence."
4,T2313,T2313_T330,8856,T2313_all_pdbs/Model_3666_af3_woTemplates_af3_seed_48203_sample_1_pred_16.cif,Model_3666_af3_woTemplates_af3_seed_48203_sample_1_pred_16.cif,3666,AF3,af3_woTemplates,48203,1,16,woTemplates,,False,casp17/massivefold_external_pool_intake/t2313_t330/extracted_models/T2313_all_pdbs/Model_3666_af3_woTemplates_af3_seed_48203_sample_1_pred_16.cif,awaiting_extract,"MassiveFold model pool index only. It parses organizer-provided external model tarball listings and stages balanced extraction/rerank candidates. These models remain external rerank and accuracy-estimation inputs, not internal predictions, not CASP submissions, and not competitive-proof evidence."
4,T2313,T2313_T330,8861,T2313_all_pdbs/Model_6167_af3_woTemplates_af3_seed_384904_sample_1_pred_351.cif,Model_6167_af3_woTemplates_af3_seed_384904_sample_1_pred_351.cif,6167,AF3,af3_woTemplates,384904,1,351,woTemplates,,False,casp17/massivefold_external_pool_intake/t2313_t330/extracted_models/T2313_all_pdbs/Model_6167_af3_woTemplates_af3_seed_384904_sample_1_pred_351.cif,awaiting_extract,"MassiveFold model pool index only. It parses organizer-provided external model tarball listings and stages balanced extraction/rerank candidates. These models remain external rerank and accuracy-estimation inputs, not internal predictions, not CASP submissions, and not competitive-proof evidence."
4,T2313,T2313_T330,8910,T2313_all_pdbs/Model_4066_af3_woTemplates_af3_seed_130567_sample_4_pred_814.cif,Model_4066_af3_woTemplates_af3_seed_130567_sample_4_pred_814.cif,4066,AF3,af3_woTemplates,130567,4,814,woTemplates,,False,casp17/massivefold_external_pool_intake/t2313_t330/extracted_models/T2313_all_pdbs/Model_4066_af3_woTemplates_af3_seed_130567_sample_4_pred_814.cif,awaiting_extract,"MassiveFold model pool index only. It parses organizer-provided external model tarball listings and stages balanced extraction/rerank candidates. These models remain external rerank and accuracy-estimation inputs, not internal predictions, not CASP submissions, and not competitive-proof evidence."
4,T2313,T2313_T330,8925,T2313_all_pdbs/Model_3235_af3_woTemplates_af3_seed_641651_sample_3_pred_748.cif,Model_3235_af3_woTemplates_af3_seed_641651_sample_3_pred_748.cif,3235,AF3,af3_woTemplates,641651,3,748,woTemplates,,False,casp17/massivefold_external_pool_intake/t2313_t330/extracted_models/T2313_all_pdbs/Model_3235_af3_woTemplates_af3_seed_641651_sample_3_pred_748.cif,awaiting_extract,"MassiveFold model pool index only. It parses organizer-provided external model tarball listings and stages balanced extraction/rerank candidates. These models remain external rerank and accuracy-estimation inputs, not internal predictions, not CASP submissions, and not competitive-proof evidence."
4,T2313,T2313_T330,8933,T2313_all_pdbs/Model_5903_af3_woTemplates_af3_seed_256838_sample_1_pred_506.cif,Model_5903_af3_woTemplates_af3_seed_256838_sample_1_pred_506.cif,5903,AF3,af3_woTemplates,256838,1,506,woTemplates,,False,casp17/massivefold_external_pool_intake/t2313_t330/extracted_models/T2313_all_pdbs/Model_5903_af3_woTemplates_af3_seed_256838_sample_1_pred_506.cif,awaiting_extract,"MassiveFold model pool index only. It parses organizer-provided external model tarball listings and stages balanced extraction/rerank candidates. These models remain external rerank and accuracy-estimation inputs, not internal predictions, not CASP submissions, and not competitive-proof evidence."
4,T2313,T2313_T330,8936,T2313_all_pdbs/Model_7658_af3_woTemplates_af3_seed_897889_sample_3_pred_168.cif,Model_7658_af3_woTemplates_af3_seed_897889_sample_3_pred_168.cif,7658,AF3,af3_woTemplates,897889,3,168,woTemplates,,False,casp17/massivefold_external_pool_intake/t2313_t330/extracted_models/T2313_all_pdbs/Model_7658_af3_woTemplates_af3_seed_897889_sample_3_pred_168.cif,awaiting_extract,"MassiveFold model pool index only. It parses organizer-provided external model tarball listings and stages balanced extraction/rerank candidates. These models remain external rerank and accuracy-estimation inputs, not internal predictions, not CASP submissions, and not competitive-proof evidence."
4,T2313,T2313_T330,8939,T2313_all_pdbs/Model_3355_af3_woTemplates_af3_seed_130558_sample_0_pred_765.cif,Model_3355_af3_woTemplates_af3_seed_130558_sample_0_pred_765.cif,3355,AF3,af3_woTemplates,130558,0,765,woTemplates,,False,casp17/massivefold_external_pool_intake/t2313_t330/extracted_models/T2313_all_pdbs/Model_3355_af3_woTemplates_af3_seed_130558_sample_0_pred_765.cif,awaiting_extract,"MassiveFold model pool index only. It parses organizer-provided external model tarball listings and stages balanced extraction/rerank candidates. These models remain external rerank and accuracy-estimation inputs, not internal predictions, not CASP submissions, and not competitive-proof evidence."
4,T2313,T2313_T330,9005,T2313_all_pdbs/Model_8497_af3_woTemplates_af3_seed_641647_sample_0_pred_725.cif,Model_8497_af3_woTemplates_af3_seed_641647_sample_0_pred_725.cif,8497,AF3,af3_woTemplates,641647,0,725,woTemplates,,False,casp17/massivefold_external_pool_intake/t2313_t330/extracted_models/T2313_all_pdbs/Model_8497_af3_woTemplates_af3_seed_641647_sample_0_pred_725.cif,awaiting_extract,"MassiveFold model pool index only. It parses organizer-provided external model tarball listings and stages balanced extraction/rerank candidates. These models remain external rerank and accuracy-estimation inputs, not internal predictions, not CASP submissions, and not competitive-proof evidence."
4,T2313,T2313_T330,9021,T2313_all_pdbs/Model_8156_af3_woTemplates_af3_seed_841331_sample_2_pred_892.cif,Model_8156_af3_woTemplates_af3_seed_841331_sample_2_pred_892.cif,8156,AF3,af3_woTemplates,841331,2,892,woTemplates,,False,casp17/massivefold_external_pool_intake/t2313_t330/extracted_models/T2313_all_pdbs/Model_8156_af3_woTemplates_af3_seed_841331_sample_2_pred_892.cif,awaiting_extract,"MassiveFold model pool index only. It parses organizer-provided external model tarball listings and stages balanced extraction/rerank candidates. These models remain external rerank and accuracy-estimation inputs, not internal predictions, not CASP submissions, and not competitive-proof evidence."
4,T2313,T2313_T330,9047,T2313_all_pdbs/Model_3860_af3_woTemplates_af3_seed_48209_sample_0_pred_45.cif,Model_3860_af3_woTemplates_af3_seed_48209_sample_0_pred_45.cif,3860,AF3,af3_woTemplates,48209,0,45,woTemplates,,False,casp17/massivefold_external_pool_intake/t2313_t330/extracted_models/T2313_all_pdbs/Model_3860_af3_woTemplates_af3_seed_48209_sample_0_pred_45.cif,awaiting_extract,"MassiveFold model pool index only. It parses organizer-provided external model tarball listings and stages balanced extraction/rerank candidates. These models remain external rerank and accuracy-estimation inputs, not internal predictions, not CASP submissions, and not competitive-proof evidence."
4,T2313,T2313_T330,9102,T2313_all_pdbs/Model_3694_af3_woTemplates_af3_seed_841330_sample_2_pred_887.cif,Model_3694_af3_woTemplates_af3_seed_841330_sample_2_pred_887.cif,3694,AF3,af3_woTemplates,841330,2,887,woTemplates,,False,casp17/massivefold_external_pool_intake/t2313_t330/extracted_models/T2313_all_pdbs/Model_3694_af3_woTemplates_af3_seed_841330_sample_2_pred_887.cif,awaiting_extract,"MassiveFold model pool index only. It parses organizer-provided external model tarball listings and stages balanced extraction/rerank candidates. These models remain external rerank and accuracy-estimation inputs, not internal predictions, not CASP submissions, and not competitive-proof evidence."
4,T2313,T2313_T330,9107,T2313_all_pdbs/Model_6100_af3_woTemplates_af3_seed_130557_sample_0_pred_760.cif,Model_6100_af3_woTemplates_af3_seed_130557_sample_0_pred_760.cif,6100,AF3,af3_woTemplates,130557,0,760,woTemplates,,False,casp17/massivefold_external_pool_intake/t2313_t330/extracted_models/T2313_all_pdbs/Model_6100_af3_woTemplates_af3_seed_130557_sample_0_pred_760.cif,awaiting_extract,"MassiveFold model pool index only. It parses organizer-provided external model tarball listings and stages balanced extraction/rerank candidates. These models remain external rerank and accuracy-estimation inputs, not internal predictions, not CASP submissions, and not competitive-proof evidence."
4,T2313,T2313_T330,9111,T2313_all_pdbs/Model_6016_af3_woTemplates_af3_seed_897893_sample_3_pred_188.cif,Model_6016_af3_woTemplates_af3_seed_897893_sample_3_pred_188.cif,6016,AF3,af3_woTemplates,897893,3,188,woTemplates,,False,casp17/massivefold_external_pool_intake/t2313_t330/extracted_models/T2313_all_pdbs/Model_6016_af3_woTemplates_af3_seed_897893_sample_3_pred_188.cif,awaiting_extract,"MassiveFold model pool index only. It parses organizer-provided external model tarball listings and stages balanced extraction/rerank candidates. These models remain external rerank and accuracy-estimation inputs, not internal predictions, not CASP submissions, and not competitive-proof evidence."
4,T2313,T2313_T330,9123,T2313_all_pdbs/Model_4020_af3_woTemplates_af3_seed_841333_sample_0_pred_900.cif,Model_4020_af3_woTemplates_af3_seed_841333_sample_0_pred_900.cif,4020,AF3,af3_woTemplates,841333,0,900,woTemplates,,False,casp17/massivefold_external_pool_intake/t2313_t330/extracted_models/T2313_all_pdbs/Model_4020_af3_woTemplates_af3_seed_841333_sample_0_pred_900.cif,awaiting_extract,"MassiveFold model pool index only. It parses organizer-provided external model tarball listings and stages balanced extraction/rerank candidates. These models remain external rerank and accuracy-estimation inputs, not internal predictions, not CASP submissions, and not competitive-proof evidence."
4,T2313,T2313_T330,9131,T2313_all_pdbs/Model_6571_af3_woTemplates_af3_seed_641649_sample_3_pred_738.cif,Model_6571_af3_woTemplates_af3_seed_641649_sample_3_pred_738.cif,6571,AF3,af3_woTemplates,641649,3,738,woTemplates,,False,casp17/massivefold_external_pool_intake/t2313_t330/extracted_models/T2313_all_pdbs/Model_6571_af3_woTemplates_af3_seed_641649_sample_3_pred_738.cif,awaiting_extract,"MassiveFold model pool index only. It parses organizer-provided external model tarball listings and stages balanced extraction/rerank candidates. These models remain external rerank and accuracy-estimation inputs, not internal predictions, not CASP submissions, and not competitive-proof evidence."
4,T2313,T2313_T330,9136,T2313_all_pdbs/Model_8328_af3_woTemplates_af3_seed_256852_sample_3_pred_578.cif,Model_8328_af3_woTemplates_af3_seed_256852_sample_3_pred_578.cif,8328,AF3,af3_woTemplates,256852,3,578,woTemplates,,False,casp17/massivefold_external_pool_intake/t2313_t330/extracted_models/T2313_all_pdbs/Model_8328_af3_woTemplates_af3_seed_256852_sample_3_pred_578.cif,awaiting_extract,"MassiveFold model pool index only. It parses organizer-provided external model tarball listings and stages balanced extraction/rerank candidates. These models remain external rerank and accuracy-estimation inputs, not internal predictions, not CASP submissions, and not competitive-proof evidence."
4,T2313,T2313_T330,9140,T2313_all_pdbs/Model_5021_af3_woTemplates_af3_seed_256850_sample_3_pred_568.cif,Model_5021_af3_woTemplates_af3_seed_256850_sample_3_pred_568.cif,5021,AF3,af3_woTemplates,256850,3,568,woTemplates,,False,casp17/massivefold_external_pool_intake/t2313_t330/extracted_models/T2313_all_pdbs/Model_5021_af3_woTemplates_af3_seed_256850_sample_3_pred_568.cif,awaiting_extract,"MassiveFold model pool index only. It parses organizer-provided external model tarball listings and stages balanced extraction/rerank candidates. These models remain external rerank and accuracy-estimation inputs, not internal predictions, not CASP submissions, and not competitive-proof evidence."
4,T2313,T2313_T330,9145,T2313_all_pdbs/Model_6487_af3_woTemplates_af3_seed_48214_sample_0_pred_70.cif,Model_6487_af3_woTemplates_af3_seed_48214_sample_0_pred_70.cif,6487,AF3,af3_woTemplates,48214,0,70,woTemplates,,False,casp17/massivefold_external_pool_intake/t2313_t330/extracted_models/T2313_all_pdbs/Model_6487_af3_woTemplates_af3_seed_48214_sample_0_pred_70.cif,awaiting_extract,"MassiveFold model pool index only. It parses organizer-provided external model tarball listings and stages balanced extraction/rerank candidates. These models remain external rerank and accuracy-estimation inputs, not internal predictions, not CASP submissions, and not competitive-proof evidence."
4,T2313,T2313_T330,9150,T2313_all_pdbs/Model_7650_af3_woTemplates_af3_seed_994794_sample_0_pred_400.cif,Model_7650_af3_woTemplates_af3_seed_994794_sample_0_pred_400.cif,7650,AF3,af3_woTemplates,994794,0,400,woTemplates,,False,casp17/massivefold_external_pool_intake/t2313_t330/extracted_models/T2313_all_pdbs/Model_7650_af3_woTemplates_af3_seed_994794_sample_0_pred_400.cif,awaiting_extract,"MassiveFold model pool index only. It parses organizer-provided external model tarball listings and stages balanced extraction/rerank candidates. These models remain external rerank and accuracy-estimation inputs, not internal predictions, not CASP submissions, and not competitive-proof evidence."
4,T2313,T2313_T330,9158,T2313_all_pdbs/Model_3862_af3_woTemplates_af3_seed_130570_sample_2_pred_827.cif,Model_3862_af3_woTemplates_af3_seed_130570_sample_2_pred_827.cif,3862,AF3,af3_woTemplates,130570,2,827,woTemplates,,False,casp17/massivefold_external_pool_intake/t2313_t330/extracted_models/T2313_all_pdbs/Model_3862_af3_woTemplates_af3_seed_130570_sample_2_pred_827.cif,awaiting_extract,"MassiveFold model pool index only. It parses organizer-provided external model tarball listings and stages balanced extraction/rerank candidates. These models remain external rerank and accuracy-estimation inputs, not internal predictions, not CASP submissions, and not competitive-proof evidence."
4,T2313,T2313_T330,9193,T2313_all_pdbs/Model_3754_af3_woTemplates_af3_seed_641631_sample_4_pred_649.cif,Model_3754_af3_woTemplates_af3_seed_641631_sample_4_pred_649.cif,3754,AF3,af3_woTemplates,641631,4,649,woTemplates,,False,casp17/massivefold_external_pool_intake/t2313_t330/extracted_models/T2313_all_pdbs/Model_3754_af3_woTemplates_af3_seed_641631_sample_4_pred_649.cif,awaiting_extract,"MassiveFold model pool index only. It parses organizer-provided external model tarball listings and stages balanced extraction/rerank candidates. These models remain external rerank and accuracy-estimation inputs, not internal predictions, not CASP submissions, and not competitive-proof evidence."
4,T2313,T2313_T330,9208,T2313_all_pdbs/Model_4615_af3_woTemplates_af3_seed_841341_sample_1_pred_941.cif,Model_4615_af3_woTemplates_af3_seed_841341_sample_1_pred_941.cif,4615,AF3,af3_woTemplates,841341,1,941,woTemplates,,False,casp17/massivefold_external_pool_intake/t2313_t330/extracted_models/T2313_all_pdbs/Model_4615_af3_woTemplates_af3_seed_841341_sample_1_pred_941.cif,awaiting_extract,"MassiveFold model pool index only. It parses organizer-provided external model tarball listings and stages balanced extraction/rerank candidates. These models remain external rerank and accuracy-estimation inputs, not internal predictions, not CASP submissions, and not competitive-proof evidence."
4,T2313,T2313_T330,9232,T2313_all_pdbs/Model_7788_af3_woTemplates_af3_seed_48202_sample_1_pred_11.cif,Model_7788_af3_woTemplates_af3_seed_48202_sample_1_pred_11.cif,7788,AF3,af3_woTemplates,48202,1,11,woTemplates,,False,casp17/massivefold_external_pool_intake/t2313_t330/extracted_models/T2313_all_pdbs/Model_7788_af3_woTemplates_af3_seed_48202_sample_1_pred_11.cif,awaiting_extract,"MassiveFold model pool index only. It parses organizer-provided external model tarball listings and stages balanced extraction/rerank candidates. These models remain external rerank and accuracy-estimation inputs, not internal predictions, not CASP submissions, and not competitive-proof evidence."
4,T2313,T2313_T330,9245,T2313_all_pdbs/Model_3915_af3_woTemplates_af3_seed_897898_sample_2_pred_212.cif,Model_3915_af3_woTemplates_af3_seed_897898_sample_2_pred_212.cif,3915,AF3,af3_woTemplates,897898,2,212,woTemplates,,False,casp17/massivefold_external_pool_intake/t2313_t330/extracted_models/T2313_all_pdbs/Model_3915_af3_woTemplates_af3_seed_897898_sample_2_pred_212.cif,awaiting_extract,"MassiveFold model pool index only. It parses organizer-provided external model tarball listings and stages balanced extraction/rerank candidates. These models remain external rerank and accuracy-estimation inputs, not internal predictions, not CASP submissions, and not competitive-proof evidence."
4,T2313,T2313_T330,9254,T2313_all_pdbs/Model_4938_af3_woTemplates_af3_seed_256860_sample_0_pred_615.cif,Model_4938_af3_woTemplates_af3_seed_256860_sample_0_pred_615.cif,4938,AF3,af3_woTemplates,256860,0,615,woTemplates,,False,casp17/massivefold_external_pool_intake/t2313_t330/extracted_models/T2313_all_pdbs/Model_4938_af3_woTemplates_af3_seed_256860_sample_0_pred_615.cif,awaiting_extract,"MassiveFold model pool index only. It parses organizer-provided external model tarball listings and stages balanced extraction/rerank candidates. These models remain external rerank and accuracy-estimation inputs, not internal predictions, not CASP submissions, and not competitive-proof evidence."
4,T2313,T2313_T330,9270,T2313_all_pdbs/Model_7161_af3_woTemplates_af3_seed_384898_sample_0_pred_320.cif,Model_7161_af3_woTemplates_af3_seed_384898_sample_0_pred_320.cif,7161,AF3,af3_woTemplates,384898,0,320,woTemplates,,False,casp17/massivefold_external_pool_intake/t2313_t330/extracted_models/T2313_all_pdbs/Model_7161_af3_woTemplates_af3_seed_384898_sample_0_pred_320.cif,awaiting_extract,"MassiveFold model pool index only. It parses organizer-provided external model tarball listings and stages balanced extraction/rerank candidates. These models remain external rerank and accuracy-estimation inputs, not internal predictions, not CASP submissions, and not competitive-proof evidence."
4,T2313,T2313_T330,9288,T2313_all_pdbs/Model_4060_af3_woTemplates_af3_seed_384908_sample_2_pred_372.cif,Model_4060_af3_woTemplates_af3_seed_384908_sample_2_pred_372.cif,4060,AF3,af3_woTemplates,384908,2,372,woTemplates,,False,casp17/massivefold_external_pool_intake/t2313_t330/extracted_models/T2313_all_pdbs/Model_4060_af3_woTemplates_af3_seed_384908_sample_2_pred_372.cif,awaiting_extract,"MassiveFold model pool index only. It parses organizer-provided external model tarball listings and stages balanced extraction/rerank candidates. These models remain external rerank and accuracy-estimation inputs, not internal predictions, not CASP submissions, and not competitive-proof evidence."
4,T2313,T2313_T330,9293,T2313_all_pdbs/Model_7654_af3_woTemplates_af3_seed_841351_sample_4_pred_994.cif,Model_7654_af3_woTemplates_af3_seed_841351_sample_4_pred_994.cif,7654,AF3,af3_woTemplates,841351,4,994,woTemplates,,False,casp17/massivefold_external_pool_intake/t2313_t330/extracted_models/T2313_all_pdbs/Model_7654_af3_woTemplates_af3_seed_841351_sample_4_pred_994.cif,awaiting_extract,"MassiveFold model pool index only. It parses organizer-provided external model tarball listings and stages balanced extraction/rerank candidates. These models remain external rerank and accuracy-estimation inputs, not internal predictions, not CASP submissions, and not competitive-proof evidence."
4,T2313,T2313_T330,9299,T2313_all_pdbs/Model_5789_af3_woTemplates_af3_seed_384886_sample_4_pred_264.cif,Model_5789_af3_woTemplates_af3_seed_384886_sample_4_pred_264.cif,5789,AF3,af3_woTemplates,384886,4,264,woTemplates,,False,casp17/massivefold_external_pool_intake/t2313_t330/extracted_models/T2313_all_pdbs/Model_5789_af3_woTemplates_af3_seed_384886_sample_4_pred_264.cif,awaiting_extract,"MassiveFold model pool index only. It parses organizer-provided external model tarball listings and stages balanced extraction/rerank candidates. These models remain external rerank and accuracy-estimation inputs, not internal predictions, not CASP submissions, and not competitive-proof evidence."
4,T2313,T2313_T330,9310,T2313_all_pdbs/Model_6685_af3_woTemplates_af3_seed_384890_sample_0_pred_280.cif,Model_6685_af3_woTemplates_af3_seed_384890_sample_0_pred_280.cif,6685,AF3,af3_woTemplates,384890,0,280,woTemplates,,False,casp17/massivefold_external_pool_intake/t2313_t330/extracted_models/T2313_all_pdbs/Model_6685_af3_woTemplates_af3_seed_384890_sample_0_pred_280.cif,awaiting_extract,"MassiveFold model pool index only. It parses organizer-provided external model tarball listings and stages balanced extraction/rerank candidates. These models remain external rerank and accuracy-estimation inputs, not internal predictions, not CASP submissions, and not competitive-proof evidence."
4,T2313,T2313_T330,9322,T2313_all_pdbs/Model_6626_af3_woTemplates_af3_seed_48224_sample_1_pred_121.cif,Model_6626_af3_woTemplates_af3_seed_48224_sample_1_pred_121.cif,6626,AF3,af3_woTemplates,48224,1,121,woTemplates,,False,casp17/massivefold_external_pool_intake/t2313_t330/extracted_models/T2313_all_pdbs/Model_6626_af3_woTemplates_af3_seed_48224_sample_1_pred_121.cif,awaiting_extract,"MassiveFold model pool index only. It parses organizer-provided external model tarball listings and stages balanced extraction/rerank candidates. These models remain external rerank and accuracy-estimation inputs, not internal predictions, not CASP submissions, and not competitive-proof evidence."
4,T2313,T2313_T330,9338,T2313_all_pdbs/Model_5552_af3_woTemplates_af3_seed_841332_sample_0_pred_895.cif,Model_5552_af3_woTemplates_af3_seed_841332_sample_0_pred_895.cif,5552,AF3,af3_woTemplates,841332,0,895,woTemplates,,False,casp17/massivefold_external_pool_intake/t2313_t330/extracted_models/T2313_all_pdbs/Model_5552_af3_woTemplates_af3_seed_841332_sample_0_pred_895.cif,awaiting_extract,"MassiveFold model pool index only. It parses organizer-provided external model tarball listings and stages balanced extraction/rerank candidates. These models remain external rerank and accuracy-estimation inputs, not internal predictions, not CASP submissions, and not competitive-proof evidence."
4,T2313,T2313_T330,9385,T2313_all_pdbs/Model_5686_af3_woTemplates_af3_seed_48223_sample_3_pred_118.cif,Model_5686_af3_woTemplates_af3_seed_48223_sample_3_pred_118.cif,5686,AF3,af3_woTemplates,48223,3,118,woTemplates,,False,casp17/massivefold_external_pool_intake/t2313_t330/extracted_models/T2313_all_pdbs/Model_5686_af3_woTemplates_af3_seed_48223_sample_3_pred_118.cif,awaiting_extract,"MassiveFold model pool index only. It parses organizer-provided external model tarball listings and stages balanced extraction/rerank candidates. These models remain external rerank and accuracy-estimation inputs, not internal predictions, not CASP submissions, and not competitive-proof evidence."
4,T2313,T2313_T330,9391,T2313_all_pdbs/Model_6421_af3_woTemplates_af3_seed_384893_sample_2_pred_297.cif,Model_6421_af3_woTemplates_af3_seed_384893_sample_2_pred_297.cif,6421,AF3,af3_woTemplates,384893,2,297,woTemplates,,False,casp17/massivefold_external_pool_intake/t2313_t330/extracted_models/T2313_all_pdbs/Model_6421_af3_woTemplates_af3_seed_384893_sample_2_pred_297.cif,awaiting_extract,"MassiveFold model pool index only. It parses organizer-provided external model tarball listings and stages balanced extraction/rerank candidates. These models remain external rerank and accuracy-estimation inputs, not internal predictions, not CASP submissions, and not competitive-proof evidence."
4,T2313,T2313_T330,9417,T2313_all_pdbs/Model_6491_af3_woTemplates_af3_seed_897883_sample_1_pred_136.cif,Model_6491_af3_woTemplates_af3_seed_897883_sample_1_pred_136.cif,6491,AF3,af3_woTemplates,897883,1,136,woTemplates,,False,casp17/massivefold_external_pool_intake/t2313_t330/extracted_models/T2313_all_pdbs/Model_6491_af3_woTemplates_af3_seed_897883_sample_1_pred_136.cif,awaiting_extract,"MassiveFold model pool index only. It parses organizer-provided external model tarball listings and stages balanced extraction/rerank candidates. These models remain external rerank and accuracy-estimation inputs, not internal predictions, not CASP submissions, and not competitive-proof evidence."
4,T2313,T2313_T330,9418,T2313_all_pdbs/Model_7094_af3_woTemplates_af3_seed_641627_sample_2_pred_627.cif,Model_7094_af3_woTemplates_af3_seed_641627_sample_2_pred_627.cif,7094,AF3,af3_woTemplates,641627,2,627,woTemplates,,False,casp17/massivefold_external_pool_intake/t2313_t330/extracted_models/T2313_all_pdbs/Model_7094_af3_woTemplates_af3_seed_641627_sample_2_pred_627.cif,awaiting_extract,"MassiveFold model pool index only. It parses organizer-provided external model tarball listings and stages balanced extraction/rerank candidates. These models remain external rerank and accuracy-estimation inputs, not internal predictions, not CASP submissions, and not competitive-proof evidence."
4,T2313,T2313_T330,9420,T2313_all_pdbs/Model_5517_af3_woTemplates_af3_seed_641640_sample_1_pred_691.cif,Model_5517_af3_woTemplates_af3_seed_641640_sample_1_pred_691.cif,5517,AF3,af3_woTemplates,641640,1,691,woTemplates,,False,casp17/massivefold_external_pool_intake/t2313_t330/extracted_models/T2313_all_pdbs/Model_5517_af3_woTemplates_af3_seed_641640_sample_1_pred_691.cif,awaiting_extract,"MassiveFold model pool index only. It parses organizer-provided external model tarball listings and stages balanced extraction/rerank candidates. These models remain external rerank and accuracy-estimation inputs, not internal predictions, not CASP submissions, and not competitive-proof evidence."
4,T2313,T2313_T330,9459,T2313_all_pdbs/Model_4611_af3_woTemplates_af3_seed_48210_sample_3_pred_53.cif,Model_4611_af3_woTemplates_af3_seed_48210_sample_3_pred_53.cif,4611,AF3,af3_woTemplates,48210,3,53,woTemplates,,False,casp17/massivefold_external_pool_intake/t2313_t330/extracted_models/T2313_all_pdbs/Model_4611_af3_woTemplates_af3_seed_48210_sample_3_pred_53.cif,awaiting_extract,"MassiveFold model pool index only. It parses organizer-provided external model tarball listings and stages balanced extraction/rerank candidates. These models remain external rerank and accuracy-estimation inputs, not internal predictions, not CASP submissions, and not competitive-proof evidence."
4,T2313,T2313_T330,9462,T2313_all_pdbs/Model_4015_af3_woTemplates_af3_seed_841328_sample_4_pred_879.cif,Model_4015_af3_woTemplates_af3_seed_841328_sample_4_pred_879.cif,4015,AF3,af3_woTemplates,841328,4,879,woTemplates,,False,casp17/massivefold_external_pool_intake/t2313_t330/extracted_models/T2313_all_pdbs/Model_4015_af3_woTemplates_af3_seed_841328_sample_4_pred_879.cif,awaiting_extract,"MassiveFold model pool index only. It parses organizer-provided external model tarball listings and stages balanced extraction/rerank candidates. These models remain external rerank and accuracy-estimation inputs, not internal predictions, not CASP submissions, and not competitive-proof evidence."
4,T2313,T2313_T330,9468,T2313_all_pdbs/Model_6002_af3_woTemplates_af3_seed_256840_sample_4_pred_519.cif,Model_6002_af3_woTemplates_af3_seed_256840_sample_4_pred_519.cif,6002,AF3,af3_woTemplates,256840,4,519,woTemplates,,False,casp17/massivefold_external_pool_intake/t2313_t330/extracted_models/T2313_all_pdbs/Model_6002_af3_woTemplates_af3_seed_256840_sample_4_pred_519.cif,awaiting_extract,"MassiveFold model pool index only. It parses organizer-provided external model tarball listings and stages balanced extraction/rerank candidates. These models remain external rerank and accuracy-estimation inputs, not internal predictions, not CASP submissions, and not competitive-proof evidence."
4,T2313,T2313_T330,9473,T2313_all_pdbs/Model_3401_af3_woTemplates_af3_seed_384887_sample_3_pred_268.cif,Model_3401_af3_woTemplates_af3_seed_384887_sample_3_pred_268.cif,3401,AF3,af3_woTemplates,384887,3,268,woTemplates,,False,casp17/massivefold_external_pool_intake/t2313_t330/extracted_models/T2313_all_pdbs/Model_3401_af3_woTemplates_af3_seed_384887_sample_3_pred_268.cif,awaiting_extract,"MassiveFold model pool index only. It parses organizer-provided external model tarball listings and stages balanced extraction/rerank candidates. These models remain external rerank and accuracy-estimation inputs, not internal predictions, not CASP submissions, and not competitive-proof evidence."
4,T2313,T2313_T330,9481,T2313_all_pdbs/Model_7182_af3_woTemplates_af3_seed_48221_sample_4_pred_109.cif,Model_7182_af3_woTemplates_af3_seed_48221_sample_4_pred_109.cif,7182,AF3,af3_woTemplates,48221,4,109,woTemplates,,False,casp17/massivefold_external_pool_intake/t2313_t330/extracted_models/T2313_all_pdbs/Model_7182_af3_woTemplates_af3_seed_48221_sample_4_pred_109.cif,awaiting_extract,"MassiveFold model pool index only. It parses organizer-provided external model tarball listings and stages balanced extraction/rerank candidates. These models remain external rerank and accuracy-estimation inputs, not internal predictions, not CASP submissions, and not competitive-proof evidence."
4,T2313,T2313_T330,9489,T2313_all_pdbs/Model_3863_af3_woTemplates_af3_seed_841328_sample_0_pred_875.cif,Model_3863_af3_woTemplates_af3_seed_841328_sample_0_pred_875.cif,3863,AF3,af3_woTemplates,841328,0,875,woTemplates,,False,casp17/massivefold_external_pool_intake/t2313_t330/extracted_models/T2313_all_pdbs/Model_3863_af3_woTemplates_af3_seed_841328_sample_0_pred_875.cif,awaiting_extract,"MassiveFold model pool index only. It parses organizer-provided external model tarball listings and stages balanced extraction/rerank candidates. These models remain external rerank and accuracy-estimation inputs, not internal predictions, not CASP submissions, and not competitive-proof evidence."
4,T2313,T2313_T330,9499,T2313_all_pdbs/Model_6684_af3_woTemplates_af3_seed_48214_sample_3_pred_73.cif,Model_6684_af3_woTemplates_af3_seed_48214_sample_3_pred_73.cif,6684,AF3,af3_woTemplates,48214,3,73,woTemplates,,False,casp17/massivefold_external_pool_intake/t2313_t330/extracted_models/T2313_all_pdbs/Model_6684_af3_woTemplates_af3_seed_48214_sample_3_pred_73.cif,awaiting_extract,"MassiveFold model pool index only. It parses organizer-provided external model tarball listings and stages balanced extraction/rerank candidates. These models remain external rerank and accuracy-estimation inputs, not internal predictions, not CASP submissions, and not competitive-proof evidence."
4,T2313,T2313_T330,9504,T2313_all_pdbs/Model_5443_af3_woTemplates_af3_seed_384888_sample_1_pred_271.cif,Model_5443_af3_woTemplates_af3_seed_384888_sample_1_pred_271.cif,5443,AF3,af3_woTemplates,384888,1,271,woTemplates,,False,casp17/massivefold_external_pool_intake/t2313_t330/extracted_models/T2313_all_pdbs/Model_5443_af3_woTemplates_af3_seed_384888_sample_1_pred_271.cif,awaiting_extract,"MassiveFold model pool index only. It parses organizer-provided external model tarball listings and stages balanced extraction/rerank candidates. These models remain external rerank and accuracy-estimation inputs, not internal predictions, not CASP submissions, and not competitive-proof evidence."
4,T2313,T2313_T330,9509,T2313_all_pdbs/Model_6274_af3_woTemplates_af3_seed_384886_sample_1_pred_261.cif,Model_6274_af3_woTemplates_af3_seed_384886_sample_1_pred_261.cif,6274,AF3,af3_woTemplates,384886,1,261,woTemplates,,False,casp17/massivefold_external_pool_intake/t2313_t330/extracted_models/T2313_all_pdbs/Model_6274_af3_woTemplates_af3_seed_384886_sample_1_pred_261.cif,awaiting_extract,"MassiveFold model pool index only. It parses organizer-provided external model tarball listings and stages balanced extraction/rerank candidates. These models remain external rerank and accuracy-estimation inputs, not internal predictions, not CASP submissions, and not competitive-proof evidence."
4,T2313,T2313_T330,9515,T2313_all_pdbs/Model_3312_af3_woTemplates_af3_seed_897896_sample_3_pred_203.cif,Model_3312_af3_woTemplates_af3_seed_897896_sample_3_pred_203.cif,3312,AF3,af3_woTemplates,897896,3,203,woTemplates,,False,casp17/massivefold_external_pool_intake/t2313_t330/extracted_models/T2313_all_pdbs/Model_3312_af3_woTemplates_af3_seed_897896_sample_3_pred_203.cif,awaiting_extract,"MassiveFold model pool index only. It parses organizer-provided external model tarball listings and stages balanced extraction/rerank candidates. These models remain external rerank and accuracy-estimation inputs, not internal predictions, not CASP submissions, and not competitive-proof evidence."
4,T2313,T2313_T330,9518,T2313_all_pdbs/Model_7792_af3_woTemplates_af3_seed_48202_sample_4_pred_14.cif,Model_7792_af3_woTemplates_af3_seed_48202_sample_4_pred_14.cif,7792,AF3,af3_woTemplates,48202,4,14,woTemplates,,False,casp17/massivefold_external_pool_intake/t2313_t330/extracted_models/T2313_all_pdbs/Model_7792_af3_woTemplates_af3_seed_48202_sample_4_pred_14.cif,awaiting_extract,"MassiveFold model pool index only. It parses organizer-provided external model tarball listings and stages balanced extraction/rerank candidates. These models remain external rerank and accuracy-estimation inputs, not internal predictions, not CASP submissions, and not competitive-proof evidence."
4,T2313,T2313_T330,9525,T2313_all_pdbs/Model_6570_af3_woTemplates_af3_seed_48217_sample_2_pred_87.cif,Model_6570_af3_woTemplates_af3_seed_48217_sample_2_pred_87.cif,6570,AF3,af3_woTemplates,48217,2,87,woTemplates,,False,casp17/massivefold_external_pool_intake/t2313_t330/extracted_models/T2313_all_pdbs/Model_6570_af3_woTemplates_af3_seed_48217_sample_2_pred_87.cif,awaiting_extract,"MassiveFold model pool index only. It parses organizer-provided external model tarball listings and stages balanced extraction/rerank candidates. These models remain external rerank and accuracy-estimation inputs, not internal predictions, not CASP submissions, and not competitive-proof evidence."
4,T2313,T2313_T330,9529,T2313_all_pdbs/Model_6904_af3_woTemplates_af3_seed_384890_sample_4_pred_284.cif,Model_6904_af3_woTemplates_af3_seed_384890_sample_4_pred_284.cif,6904,AF3,af3_woTemplates,384890,4,284,woTemplates,,False,casp17/massivefold_external_pool_intake/t2313_t330/extracted_models/T2313_all_pdbs/Model_6904_af3_woTemplates_af3_seed_384890_sample_4_pred_284.cif,awaiting_extract,"MassiveFold model pool index only. It parses organizer-provided external model tarball listings and stages balanced extraction/rerank candidates. These models remain external rerank and accuracy-estimation inputs, not internal predictions, not CASP submissions, and not competitive-proof evidence."
4,T2313,T2313_T330,9546,T2313_all_pdbs/Model_5242_af3_woTemplates_af3_seed_130560_sample_4_pred_779.cif,Model_5242_af3_woTemplates_af3_seed_130560_sample_4_pred_779.cif,5242,AF3,af3_woTemplates,130560,4,779,woTemplates,,False,casp17/massivefold_external_pool_intake/t2313_t330/extracted_models/T2313_all_pdbs/Model_5242_af3_woTemplates_af3_seed_130560_sample_4_pred_779.cif,awaiting_extract,"MassiveFold model pool index only. It parses organizer-provided external model tarball listings and stages balanced extraction/rerank candidates. These models remain external rerank and accuracy-estimation inputs, not internal predictions, not CASP submissions, and not competitive-proof evidence."
4,T2313,T2313_T330,9559,T2313_all_pdbs/Model_5174_af3_woTemplates_af3_seed_897888_sample_3_pred_163.cif,Model_5174_af3_woTemplates_af3_seed_897888_sample_3_pred_163.cif,5174,AF3,af3_woTemplates,897888,3,163,woTemplates,,False,casp17/massivefold_external_pool_intake/t2313_t330/extracted_models/T2313_all_pdbs/Model_5174_af3_woTemplates_af3_seed_897888_sample_3_pred_163.cif,awaiting_extract,"MassiveFold model pool index only. It parses organizer-provided external model tarball listings and stages balanced extraction/rerank candidates. These models remain external rerank and accuracy-estimation inputs, not internal predictions, not CASP submissions, and not competitive-proof evidence."
4,T2313,T2313_T330,9584,T2313_all_pdbs/Model_4612_af3_woTemplates_af3_seed_841341_sample_0_pred_940.cif,Model_4612_af3_woTemplates_af3_seed_841341_sample_0_pred_940.cif,4612,AF3,af3_woTemplates,841341,0,940,woTemplates,,False,casp17/massivefold_external_pool_intake/t2313_t330/extracted_models/T2313_all_pdbs/Model_4612_af3_woTemplates_af3_seed_841341_sample_0_pred_940.cif,awaiting_extract,"MassiveFold model pool index only. It parses organizer-provided external model tarball listings and stages balanced extraction/rerank candidates. These models remain external rerank and accuracy-estimation inputs, not internal predictions, not CASP submissions, and not competitive-proof evidence."
4,T2313,T2313_T330,9602,T2313_all_pdbs/Model_4297_af3_woTemplates_af3_seed_256851_sample_2_pred_572.cif,Model_4297_af3_woTemplates_af3_seed_256851_sample_2_pred_572.cif,4297,AF3,af3_woTemplates,256851,2,572,woTemplates,,False,casp17/massivefold_external_pool_intake/t2313_t330/extracted_models/T2313_all_pdbs/Model_4297_af3_woTemplates_af3_seed_256851_sample_2_pred_572.cif,awaiting_extract,"MassiveFold model pool index only. It parses organizer-provided external model tarball listings and stages balanced extraction/rerank candidates. These models remain external rerank and accuracy-estimation inputs, not internal predictions, not CASP submissions, and not competitive-proof evidence."
4,T2313,T2313_T330,9608,T2313_all_pdbs/Model_5901_af3_woTemplates_af3_seed_48208_sample_4_pred_44.cif,Model_5901_af3_woTemplates_af3_seed_48208_sample_4_pred_44.cif,5901,AF3,af3_woTemplates,48208,4,44,woTemplates,,False,casp17/massivefold_external_pool_intake/t2313_t330/extracted_models/T2313_all_pdbs/Model_5901_af3_woTemplates_af3_seed_48208_sample_4_pred_44.cif,awaiting_extract,"MassiveFold model pool index only. It parses organizer-provided external model tarball listings and stages balanced extraction/rerank candidates. These models remain external rerank and accuracy-estimation inputs, not internal predictions, not CASP submissions, and not competitive-proof evidence."
4,T2313,T2313_T330,9617,T2313_all_pdbs/Model_7168_af3_woTemplates_af3_seed_897900_sample_1_pred_221.cif,Model_7168_af3_woTemplates_af3_seed_897900_sample_1_pred_221.cif,7168,AF3,af3_woTemplates,897900,1,221,woTemplates,,False,casp17/massivefold_external_pool_intake/t2313_t330/extracted_models/T2313_all_pdbs/Model_7168_af3_woTemplates_af3_seed_897900_sample_1_pred_221.cif,awaiting_extract,"MassiveFold model pool index only. It parses organizer-provided external model tarball listings and stages balanced extraction/rerank candidates. These models remain external rerank and accuracy-estimation inputs, not internal predictions, not CASP submissions, and not competitive-proof evidence."
4,T2313,T2313_T330,9619,T2313_all_pdbs/Model_5286_af3_woTemplates_af3_seed_48213_sample_3_pred_68.cif,Model_5286_af3_woTemplates_af3_seed_48213_sample_3_pred_68.cif,5286,AF3,af3_woTemplates,48213,3,68,woTemplates,,False,casp17/massivefold_external_pool_intake/t2313_t330/extracted_models/T2313_all_pdbs/Model_5286_af3_woTemplates_af3_seed_48213_sample_3_pred_68.cif,awaiting_extract,"MassiveFold model pool index only. It parses organizer-provided external model tarball listings and stages balanced extraction/rerank candidates. These models remain external rerank and accuracy-estimation inputs, not internal predictions, not CASP submissions, and not competitive-proof evidence."
4,T2313,T2313_T330,9629,T2313_all_pdbs/Model_7649_af3_woTemplates_af3_seed_994790_sample_4_pred_384.cif,Model_7649_af3_woTemplates_af3_seed_994790_sample_4_pred_384.cif,7649,AF3,af3_woTemplates,994790,4,384,woTemplates,,False,casp17/massivefold_external_pool_intake/t2313_t330/extracted_models/T2313_all_pdbs/Model_7649_af3_woTemplates_af3_seed_994790_sample_4_pred_384.cif,awaiting_extract,"MassiveFold model pool index only. It parses organizer-provided external model tarball listings and stages balanced extraction/rerank candidates. These models remain external rerank and accuracy-estimation inputs, not internal predictions, not CASP submissions, and not competitive-proof evidence."
4,T2313,T2313_T330,9642,T2313_all_pdbs/Model_3801_af3_woTemplates_af3_seed_841330_sample_4_pred_889.cif,Model_3801_af3_woTemplates_af3_seed_841330_sample_4_pred_889.cif,3801,AF3,af3_woTemplates,841330,4,889,woTemplates,,False,casp17/massivefold_external_pool_intake/t2313_t330/extracted_models/T2313_all_pdbs/Model_3801_af3_woTemplates_af3_seed_841330_sample_4_pred_889.cif,awaiting_extract,"MassiveFold model pool index only. It parses organizer-provided external model tarball listings and stages balanced extraction/rerank candidates. These models remain external rerank and accuracy-estimation inputs, not internal predictions, not CASP submissions, and not competitive-proof evidence."
4,T2313,T2313_T330,9651,T2313_all_pdbs/Model_6270_af3_woTemplates_af3_seed_384899_sample_4_pred_329.cif,Model_6270_af3_woTemplates_af3_seed_384899_sample_4_pred_329.cif,6270,AF3,af3_woTemplates,384899,4,329,woTemplates,,False,casp17/massivefold_external_pool_intake/t2313_t330/extracted_models/T2313_all_pdbs/Model_6270_af3_woTemplates_af3_seed_384899_sample_4_pred_329.cif,awaiting_extract,"MassiveFold model pool index only. It parses organizer-provided external model tarball listings and stages balanced extraction/rerank candidates. These models remain external rerank and accuracy-estimation inputs, not internal predictions, not CASP submissions, and not competitive-proof evidence."
4,T2313,T2313_T330,9660,T2313_all_pdbs/Model_6154_af3_woTemplates_af3_seed_256849_sample_1_pred_561.cif,Model_6154_af3_woTemplates_af3_seed_256849_sample_1_pred_561.cif,6154,AF3,af3_woTemplates,256849,1,561,woTemplates,,False,casp17/massivefold_external_pool_intake/t2313_t330/extracted_models/T2313_all_pdbs/Model_6154_af3_woTemplates_af3_seed_256849_sample_1_pred_561.cif,awaiting_extract,"MassiveFold model pool index only. It parses organizer-provided external model tarball listings and stages balanced extraction/rerank candidates. These models remain external rerank and accuracy-estimation inputs, not internal predictions, not CASP submissions, and not competitive-proof evidence."
4,T2313,T2313_T330,9667,T2313_all_pdbs/Model_5689_af3_woTemplates_af3_seed_841344_sample_0_pred_955.cif,Model_5689_af3_woTemplates_af3_seed_841344_sample_0_pred_955.cif,5689,AF3,af3_woTemplates,841344,0,955,woTemplates,,False,casp17/massivefold_external_pool_intake/t2313_t330/extracted_models/T2313_all_pdbs/Model_5689_af3_woTemplates_af3_seed_841344_sample_0_pred_955.cif,awaiting_extract,"MassiveFold model pool index only. It parses organizer-provided external model tarball listings and stages balanced extraction/rerank candidates. These models remain external rerank and accuracy-estimation inputs, not internal predictions, not CASP submissions, and not competitive-proof evidence."
4,T2313,T2313_T330,9682,T2313_all_pdbs/Model_5365_af3_woTemplates_af3_seed_841340_sample_1_pred_936.cif,Model_5365_af3_woTemplates_af3_seed_841340_sample_1_pred_936.cif,5365,AF3,af3_woTemplates,841340,1,936,woTemplates,,False,casp17/massivefold_external_pool_intake/t2313_t330/extracted_models/T2313_all_pdbs/Model_5365_af3_woTemplates_af3_seed_841340_sample_1_pred_936.cif,awaiting_extract,"MassiveFold model pool index only. It parses organizer-provided external model tarball listings and stages balanced extraction/rerank candidates. These models remain external rerank and accuracy-estimation inputs, not internal predictions, not CASP submissions, and not competitive-proof evidence."
4,T2313,T2313_T330,9770,T2313_all_pdbs/Model_5687_af3_woTemplates_af3_seed_641636_sample_0_pred_670.cif,Model_5687_af3_woTemplates_af3_seed_641636_sample_0_pred_670.cif,5687,AF3,af3_woTemplates,641636,0,670,woTemplates,,False,casp17/massivefold_external_pool_intake/t2313_t330/extracted_models/T2313_all_pdbs/Model_5687_af3_woTemplates_af3_seed_641636_sample_0_pred_670.cif,awaiting_extract,"MassiveFold model pool index only. It parses organizer-provided external model tarball listings and stages balanced extraction/rerank candidates. These models remain external rerank and accuracy-estimation inputs, not internal predictions, not CASP submissions, and not competitive-proof evidence."
4,T2313,T2313_T330,9783,T2313_all_pdbs/Model_6328_af3_woTemplates_af3_seed_130577_sample_2_pred_862.cif,Model_6328_af3_woTemplates_af3_seed_130577_sample_2_pred_862.cif,6328,AF3,af3_woTemplates,130577,2,862,woTemplates,,False,casp17/massivefold_external_pool_intake/t2313_t330/extracted_models/T2313_all_pdbs/Model_6328_af3_woTemplates_af3_seed_130577_sample_2_pred_862.cif,awaiting_extract,"MassiveFold model pool index only. It parses organizer-provided external model tarball listings and stages balanced extraction/rerank candidates. These models remain external rerank and accuracy-estimation inputs, not internal predictions, not CASP submissions, and not competitive-proof evidence."
4,T2313,T2313_T330,9794,T2313_all_pdbs/Model_2526_af3_woTemplates_af3_seed_897897_sample_4_pred_209.cif,Model_2526_af3_woTemplates_af3_seed_897897_sample_4_pred_209.cif,2526,AF3,af3_woTemplates,897897,4,209,woTemplates,83,True,casp17/massivefold_external_pool_intake/t2313_t330/extracted_models/T2313_all_pdbs/Model_2526_af3_woTemplates_af3_seed_897897_sample_4_pred_209.cif,extracted,"MassiveFold model pool index only. It parses organizer-provided external model tarball listings and stages balanced extraction/rerank candidates. These models remain external rerank and accuracy-estimation inputs, not internal predictions, not CASP submissions, and not competitive-proof evidence."
4,T2313,T2313_T330,9809,T2313_all_pdbs/Model_3403_af3_woTemplates_af3_seed_384889_sample_2_pred_277.cif,Model_3403_af3_woTemplates_af3_seed_384889_sample_2_pred_277.cif,3403,AF3,af3_woTemplates,384889,2,277,woTemplates,,False,casp17/massivefold_external_pool_intake/t2313_t330/extracted_models/T2313_all_pdbs/Model_3403_af3_woTemplates_af3_seed_384889_sample_2_pred_277.cif,awaiting_extract,"MassiveFold model pool index only. It parses organizer-provided external model tarball listings and stages balanced extraction/rerank candidates. These models remain external rerank and accuracy-estimation inputs, not internal predictions, not CASP submissions, and not competitive-proof evidence."
4,T2313,T2313_T330,9819,T2313_all_pdbs/Model_5857_af3_woTemplates_af3_seed_130572_sample_1_pred_836.cif,Model_5857_af3_woTemplates_af3_seed_130572_sample_1_pred_836.cif,5857,AF3,af3_woTemplates,130572,1,836,woTemplates,,False,casp17/massivefold_external_pool_intake/t2313_t330/extracted_models/T2313_all_pdbs/Model_5857_af3_woTemplates_af3_seed_130572_sample_1_pred_836.cif,awaiting_extract,"MassiveFold model pool index only. It parses organizer-provided external model tarball listings and stages balanced extraction/rerank candidates. These models remain external rerank and accuracy-estimation inputs, not internal predictions, not CASP submissions, and not competitive-proof evidence."
4,T2313,T2313_T330,9820,T2313_all_pdbs/Model_4887_af3_woTemplates_af3_seed_641634_sample_0_pred_660.cif,Model_4887_af3_woTemplates_af3_seed_641634_sample_0_pred_660.cif,4887,AF3,af3_woTemplates,641634,0,660,woTemplates,,False,casp17/massivefold_external_pool_intake/t2313_t330/extracted_models/T2313_all_pdbs/Model_4887_af3_woTemplates_af3_seed_641634_sample_0_pred_660.cif,awaiting_extract,"MassiveFold model pool index only. It parses organizer-provided external model tarball listings and stages balanced extraction/rerank candidates. These models remain external rerank and accuracy-estimation inputs, not internal predictions, not CASP submissions, and not competitive-proof evidence."
4,T2313,T2313_T330,9828,T2313_all_pdbs/Model_7643_af3_woTemplates_af3_seed_384896_sample_2_pred_312.cif,Model_7643_af3_woTemplates_af3_seed_384896_sample_2_pred_312.cif,7643,AF3,af3_woTemplates,384896,2,312,woTemplates,,False,casp17/massivefold_external_pool_intake/t2313_t330/extracted_models/T2313_all_pdbs/Model_7643_af3_woTemplates_af3_seed_384896_sample_2_pred_312.cif,awaiting_extract,"MassiveFold model pool index only. It parses organizer-provided external model tarball listings and stages balanced extraction/rerank candidates. These models remain external rerank and accuracy-estimation inputs, not internal predictions, not CASP submissions, and not competitive-proof evidence."
4,T2313,T2313_T330,9831,T2313_all_pdbs/Model_2584_af3_woTemplates_af3_seed_897897_sample_2_pred_207.cif,Model_2584_af3_woTemplates_af3_seed_897897_sample_2_pred_207.cif,2584,AF3,af3_woTemplates,897897,2,207,woTemplates,84,True,casp17/massivefold_external_pool_intake/t2313_t330/extracted_models/T2313_all_pdbs/Model_2584_af3_woTemplates_af3_seed_897897_sample_2_pred_207.cif,extracted,"MassiveFold model pool index only. It parses organizer-provided external model tarball listings and stages balanced extraction/rerank candidates. These models remain external rerank and accuracy-estimation inputs, not internal predictions, not CASP submissions, and not competitive-proof evidence."
4,T2313,T2313_T330,9843,T2313_all_pdbs/Model_5911_af3_woTemplates_af3_seed_897905_sample_3_pred_248.cif,Model_5911_af3_woTemplates_af3_seed_897905_sample_3_pred_248.cif,5911,AF3,af3_woTemplates,897905,3,248,woTemplates,,False,casp17/massivefold_external_pool_intake/t2313_t330/extracted_models/T2313_all_pdbs/Model_5911_af3_woTemplates_af3_seed_897905_sample_3_pred_248.cif,awaiting_extract,"MassiveFold model pool index only. It parses organizer-provided external model tarball listings and stages balanced extraction/rerank candidates. These models remain external rerank and accuracy-estimation inputs, not internal predictions, not CASP submissions, and not competitive-proof evidence."
4,T2313,T2313_T330,9845,T2313_all_pdbs/Model_3163_af3_woTemplates_af3_seed_319317_sample_4_pred_1004.cif,Model_3163_af3_woTemplates_af3_seed_319317_sample_4_pred_1004.cif,3163,AF3,af3_woTemplates,319317,4,1004,woTemplates,,False,casp17/massivefold_external_pool_intake/t2313_t330/extracted_models/T2313_all_pdbs/Model_3163_af3_woTemplates_af3_seed_319317_sample_4_pred_1004.cif,awaiting_extract,"MassiveFold model pool index only. It parses organizer-provided external model tarball listings and stages balanced extraction/rerank candidates. These models remain external rerank and accuracy-estimation inputs, not internal predictions, not CASP submissions, and not competitive-proof evidence."
4,T2313,T2313_T330,9893,T2313_all_pdbs/Model_2920_af3_woTemplates_af3_seed_130578_sample_1_pred_866.cif,Model_2920_af3_woTemplates_af3_seed_130578_sample_1_pred_866.cif,2920,AF3,af3_woTemplates,130578,1,866,woTemplates,,False,casp17/massivefold_external_pool_intake/t2313_t330/extracted_models/T2313_all_pdbs/Model_2920_af3_woTemplates_af3_seed_130578_sample_1_pred_866.cif,awaiting_extract,"MassiveFold model pool index only. It parses organizer-provided external model tarball listings and stages balanced extraction/rerank candidates. These models remain external rerank and accuracy-estimation inputs, not internal predictions, not CASP submissions, and not competitive-proof evidence."
4,T2313,T2313_T330,9902,T2313_all_pdbs/Model_6008_af3_woTemplates_af3_seed_384904_sample_3_pred_353.cif,Model_6008_af3_woTemplates_af3_seed_384904_sample_3_pred_353.cif,6008,AF3,af3_woTemplates,384904,3,353,woTemplates,,False,casp17/massivefold_external_pool_intake/t2313_t330/extracted_models/T2313_all_pdbs/Model_6008_af3_woTemplates_af3_seed_384904_sample_3_pred_353.cif,awaiting_extract,"MassiveFold model pool index only. It parses organizer-provided external model tarball listings and stages balanced extraction/rerank candidates. These models remain external rerank and accuracy-estimation inputs, not internal predictions, not CASP submissions, and not competitive-proof evidence."
4,T2313,T2313_T330,9913,T2313_all_pdbs/Model_7274_af3_woTemplates_af3_seed_130563_sample_0_pred_790.cif,Model_7274_af3_woTemplates_af3_seed_130563_sample_0_pred_790.cif,7274,AF3,af3_woTemplates,130563,0,790,woTemplates,,False,casp17/massivefold_external_pool_intake/t2313_t330/extracted_models/T2313_all_pdbs/Model_7274_af3_woTemplates_af3_seed_130563_sample_0_pred_790.cif,awaiting_extract,"MassiveFold model pool index only. It parses organizer-provided external model tarball listings and stages balanced extraction/rerank candidates. These models remain external rerank and accuracy-estimation inputs, not internal predictions, not CASP submissions, and not competitive-proof evidence."
4,T2313,T2313_T330,9926,T2313_all_pdbs/Model_6893_af3_woTemplates_af3_seed_256843_sample_1_pred_531.cif,Model_6893_af3_woTemplates_af3_seed_256843_sample_1_pred_531.cif,6893,AF3,af3_woTemplates,256843,1,531,woTemplates,,False,casp17/massivefold_external_pool_intake/t2313_t330/extracted_models/T2313_all_pdbs/Model_6893_af3_woTemplates_af3_seed_256843_sample_1_pred_531.cif,awaiting_extract,"MassiveFold model pool index only. It parses organizer-provided external model tarball listings and stages balanced extraction/rerank candidates. These models remain external rerank and accuracy-estimation inputs, not internal predictions, not CASP submissions, and not competitive-proof evidence."
4,T2313,T2313_T330,9928,T2313_all_pdbs/Model_4295_af3_woTemplates_af3_seed_841335_sample_0_pred_910.cif,Model_4295_af3_woTemplates_af3_seed_841335_sample_0_pred_910.cif,4295,AF3,af3_woTemplates,841335,0,910,woTemplates,,False,casp17/massivefold_external_pool_intake/t2313_t330/extracted_models/T2313_all_pdbs/Model_4295_af3_woTemplates_af3_seed_841335_sample_0_pred_910.cif,awaiting_extract,"MassiveFold model pool index only. It parses organizer-provided external model tarball listings and stages balanced extraction/rerank candidates. These models remain external rerank and accuracy-estimation inputs, not internal predictions, not CASP submissions, and not competitive-proof evidence."
4,T2313,T2313_T330,9935,T2313_all_pdbs/Model_5547_af3_woTemplates_af3_seed_384897_sample_4_pred_319.cif,Model_5547_af3_woTemplates_af3_seed_384897_sample_4_pred_319.cif,5547,AF3,af3_woTemplates,384897,4,319,woTemplates,,False,casp17/massivefold_external_pool_intake/t2313_t330/extracted_models/T2313_all_pdbs/Model_5547_af3_woTemplates_af3_seed_384897_sample_4_pred_319.cif,awaiting_extract,"MassiveFold model pool index only. It parses organizer-provided external model tarball listings and stages balanced extraction/rerank candidates. These models remain external rerank and accuracy-estimation inputs, not internal predictions, not CASP submissions, and not competitive-proof evidence."
4,T2313,T2313_T330,9936,T2313_all_pdbs/Model_8336_af3_woTemplates_af3_seed_256852_sample_4_pred_579.cif,Model_8336_af3_woTemplates_af3_seed_256852_sample_4_pred_579.cif,8336,AF3,af3_woTemplates,256852,4,579,woTemplates,,False,casp17/massivefold_external_pool_intake/t2313_t330/extracted_models/T2313_all_pdbs/Model_8336_af3_woTemplates_af3_seed_256852_sample_4_pred_579.cif,awaiting_extract,"MassiveFold model pool index only. It parses organizer-provided external model tarball listings and stages balanced extraction/rerank candidates. These models remain external rerank and accuracy-estimation inputs, not internal predictions, not CASP submissions, and not competitive-proof evidence."
4,T2313,T2313_T330,9941,T2313_all_pdbs/Model_5047_af3_woTemplates_af3_seed_897901_sample_2_pred_227.cif,Model_5047_af3_woTemplates_af3_seed_897901_sample_2_pred_227.cif,5047,AF3,af3_woTemplates,897901,2,227,woTemplates,,False,casp17/massivefold_external_pool_intake/t2313_t330/extracted_models/T2313_all_pdbs/Model_5047_af3_woTemplates_af3_seed_897901_sample_2_pred_227.cif,awaiting_extract,"MassiveFold model pool index only. It parses organizer-provided external model tarball listings and stages balanced extraction/rerank candidates. These models remain external rerank and accuracy-estimation inputs, not internal predictions, not CASP submissions, and not competitive-proof evidence."
4,T2313,T2313_T330,9943,T2313_all_pdbs/Model_5362_af3_woTemplates_af3_seed_897892_sample_2_pred_182.cif,Model_5362_af3_woTemplates_af3_seed_897892_sample_2_pred_182.cif,5362,AF3,af3_woTemplates,897892,2,182,woTemplates,,False,casp17/massivefold_external_pool_intake/t2313_t330/extracted_models/T2313_all_pdbs/Model_5362_af3_woTemplates_af3_seed_897892_sample_2_pred_182.cif,awaiting_extract,"MassiveFold model pool index only. It parses organizer-provided external model tarball listings and stages balanced extraction/rerank candidates. These models remain external rerank and accuracy-estimation inputs, not internal predictions, not CASP submissions, and not competitive-proof evidence."
4,T2313,T2313_T330,9965,T2313_all_pdbs/Model_6428_af3_woTemplates_af3_seed_641649_sample_0_pred_735.cif,Model_6428_af3_woTemplates_af3_seed_641649_sample_0_pred_735.cif,6428,AF3,af3_woTemplates,641649,0,735,woTemplates,,False,casp17/massivefold_external_pool_intake/t2313_t330/extracted_models/T2313_all_pdbs/Model_6428_af3_woTemplates_af3_seed_641649_sample_0_pred_735.cif,awaiting_extract,"MassiveFold model pool index only. It parses organizer-provided external model tarball listings and stages balanced extraction/rerank candidates. These models remain external rerank and accuracy-estimation inputs, not internal predictions, not CASP submissions, and not competitive-proof evidence."
4,T2313,T2313_T330,9970,T2313_all_pdbs/Model_3547_af3_woTemplates_af3_seed_994797_sample_2_pred_417.cif,Model_3547_af3_woTemplates_af3_seed_994797_sample_2_pred_417.cif,3547,AF3,af3_woTemplates,994797,2,417,woTemplates,,False,casp17/massivefold_external_pool_intake/t2313_t330/extracted_models/T2313_all_pdbs/Model_3547_af3_woTemplates_af3_seed_994797_sample_2_pred_417.cif,awaiting_extract,"MassiveFold model pool index only. It parses organizer-provided external model tarball listings and stages balanced extraction/rerank candidates. These models remain external rerank and accuracy-estimation inputs, not internal predictions, not CASP submissions, and not competitive-proof evidence."
4,T2313,T2313_T330,9973,T2313_all_pdbs/Model_8166_af3_woTemplates_af3_seed_897885_sample_4_pred_149.cif,Model_8166_af3_woTemplates_af3_seed_897885_sample_4_pred_149.cif,8166,AF3,af3_woTemplates,897885,4,149,woTemplates,,False,casp17/massivefold_external_pool_intake/t2313_t330/extracted_models/T2313_all_pdbs/Model_8166_af3_woTemplates_af3_seed_897885_sample_4_pred_149.cif,awaiting_extract,"MassiveFold model pool index only. It parses organizer-provided external model tarball listings and stages balanced extraction/rerank candidates. These models remain external rerank and accuracy-estimation inputs, not internal predictions, not CASP submissions, and not competitive-proof evidence."
4,T2313,T2313_T330,10043,T2313_all_pdbs/Model_6575_af3_woTemplates_af3_seed_256858_sample_3_pred_608.cif,Model_6575_af3_woTemplates_af3_seed_256858_sample_3_pred_608.cif,6575,AF3,af3_woTemplates,256858,3,608,woTemplates,,False,casp17/massivefold_external_pool_intake/t2313_t330/extracted_models/T2313_all_pdbs/Model_6575_af3_woTemplates_af3_seed_256858_sample_3_pred_608.cif,awaiting_extract,"MassiveFold model pool index only. It parses organizer-provided external model tarball listings and stages balanced extraction/rerank candidates. These models remain external rerank and accuracy-estimation inputs, not internal predictions, not CASP submissions, and not competitive-proof evidence."
4,T2313,T2313_T330,10044,T2313_all_pdbs/Model_7500_af3_woTemplates_af3_seed_384901_sample_0_pred_335.cif,Model_7500_af3_woTemplates_af3_seed_384901_sample_0_pred_335.cif,7500,AF3,af3_woTemplates,384901,0,335,woTemplates,,False,casp17/massivefold_external_pool_intake/t2313_t330/extracted_models/T2313_all_pdbs/Model_7500_af3_woTemplates_af3_seed_384901_sample_0_pred_335.cif,awaiting_extract,"MassiveFold model pool index only. It parses organizer-provided external model tarball listings and stages balanced extraction/rerank candidates. These models remain external rerank and accuracy-estimation inputs, not internal predictions, not CASP submissions, and not competitive-proof evidence."
4,T2313,T2313_T330,10068,T2313_all_pdbs/Model_6627_af3_woTemplates_af3_seed_641649_sample_2_pred_737.cif,Model_6627_af3_woTemplates_af3_seed_641649_sample_2_pred_737.cif,6627,AF3,af3_woTemplates,641649,2,737,woTemplates,,False,casp17/massivefold_external_pool_intake/t2313_t330/extracted_models/T2313_all_pdbs/Model_6627_af3_woTemplates_af3_seed_641649_sample_2_pred_737.cif,awaiting_extract,"MassiveFold model pool index only. It parses organizer-provided external model tarball listings and stages balanced extraction/rerank candidates. These models remain external rerank and accuracy-estimation inputs, not internal predictions, not CASP submissions, and not competitive-proof evidence."
4,T2313,T2313_T330,10098,T2313_all_pdbs/Model_4582_af3_woTemplates_af3_seed_994800_sample_4_pred_434.cif,Model_4582_af3_woTemplates_af3_seed_994800_sample_4_pred_434.cif,4582,AF3,af3_woTemplates,994800,4,434,woTemplates,,False,casp17/massivefold_external_pool_intake/t2313_t330/extracted_models/T2313_all_pdbs/Model_4582_af3_woTemplates_af3_seed_994800_sample_4_pred_434.cif,awaiting_extract,"MassiveFold model pool index only. It parses organizer-provided external model tarball listings and stages balanced extraction/rerank candidates. These models remain external rerank and accuracy-estimation inputs, not internal predictions, not CASP submissions, and not competitive-proof evidence."
4,T2313,T2313_T330,10100,T2313_all_pdbs/Model_3758_af3_woTemplates_af3_seed_897898_sample_1_pred_211.cif,Model_3758_af3_woTemplates_af3_seed_897898_sample_1_pred_211.cif,3758,AF3,af3_woTemplates,897898,1,211,woTemplates,,False,casp17/massivefold_external_pool_intake/t2313_t330/extracted_models/T2313_all_pdbs/Model_3758_af3_woTemplates_af3_seed_897898_sample_1_pred_211.cif,awaiting_extract,"MassiveFold model pool index only. It parses organizer-provided external model tarball listings and stages balanced extraction/rerank candidates. These models remain external rerank and accuracy-estimation inputs, not internal predictions, not CASP submissions, and not competitive-proof evidence."
4,T2313,T2313_T330,10110,T2313_all_pdbs/Model_5788_af3_woTemplates_af3_seed_384897_sample_2_pred_317.cif,Model_5788_af3_woTemplates_af3_seed_384897_sample_2_pred_317.cif,5788,AF3,af3_woTemplates,384897,2,317,woTemplates,,False,casp17/massivefold_external_pool_intake/t2313_t330/extracted_models/T2313_all_pdbs/Model_5788_af3_woTemplates_af3_seed_384897_sample_2_pred_317.cif,awaiting_extract,"MassiveFold model pool index only. It parses organizer-provided external model tarball listings and stages balanced extraction/rerank candidates. These models remain external rerank and accuracy-estimation inputs, not internal predictions, not CASP submissions, and not competitive-proof evidence."
4,T2313,T2313_T330,10118,T2313_all_pdbs/Model_5942_af3_woTemplates_af3_seed_130577_sample_4_pred_864.cif,Model_5942_af3_woTemplates_af3_seed_130577_sample_4_pred_864.cif,5942,AF3,af3_woTemplates,130577,4,864,woTemplates,,False,casp17/massivefold_external_pool_intake/t2313_t330/extracted_models/T2313_all_pdbs/Model_5942_af3_woTemplates_af3_seed_130577_sample_4_pred_864.cif,awaiting_extract,"MassiveFold model pool index only. It parses organizer-provided external model tarball listings and stages balanced extraction/rerank candidates. These models remain external rerank and accuracy-estimation inputs, not internal predictions, not CASP submissions, and not competitive-proof evidence."
4,T2313,T2313_T330,10130,T2313_all_pdbs/Model_6399_af3_woTemplates_af3_seed_256855_sample_4_pred_594.cif,Model_6399_af3_woTemplates_af3_seed_256855_sample_4_pred_594.cif,6399,AF3,af3_woTemplates,256855,4,594,woTemplates,,False,casp17/massivefold_external_pool_intake/t2313_t330/extracted_models/T2313_all_pdbs/Model_6399_af3_woTemplates_af3_seed_256855_sample_4_pred_594.cif,awaiting_extract,"MassiveFold model pool index only. It parses organizer-provided external model tarball listings and stages balanced extraction/rerank candidates. These models remain external rerank and accuracy-estimation inputs, not internal predictions, not CASP submissions, and not competitive-proof evidence."
4,T2313,T2313_T330,10148,T2313_all_pdbs/Model_6493_af3_woTemplates_af3_seed_256847_sample_4_pred_554.cif,Model_6493_af3_woTemplates_af3_seed_256847_sample_4_pred_554.cif,6493,AF3,af3_woTemplates,256847,4,554,woTemplates,,False,casp17/massivefold_external_pool_intake/t2313_t330/extracted_models/T2313_all_pdbs/Model_6493_af3_woTemplates_af3_seed_256847_sample_4_pred_554.cif,awaiting_extract,"MassiveFold model pool index only. It parses organizer-provided external model tarball listings and stages balanced extraction/rerank candidates. These models remain external rerank and accuracy-estimation inputs, not internal predictions, not CASP submissions, and not competitive-proof evidence."
4,T2313,T2313_T330,10168,T2313_all_pdbs/Model_6441_af3_woTemplates_af3_seed_641649_sample_4_pred_739.cif,Model_6441_af3_woTemplates_af3_seed_641649_sample_4_pred_739.cif,6441,AF3,af3_woTemplates,641649,4,739,woTemplates,,False,casp17/massivefold_external_pool_intake/t2313_t330/extracted_models/T2313_all_pdbs/Model_6441_af3_woTemplates_af3_seed_641649_sample_4_pred_739.cif,awaiting_extract,"MassiveFold model pool index only. It parses organizer-provided external model tarball listings and stages balanced extraction/rerank candidates. These models remain external rerank and accuracy-estimation inputs, not internal predictions, not CASP submissions, and not competitive-proof evidence."
4,T2313,T2313_T330,10179,T2313_all_pdbs/Model_6053_af3_woTemplates_af3_seed_841329_sample_2_pred_882.cif,Model_6053_af3_woTemplates_af3_seed_841329_sample_2_pred_882.cif,6053,AF3,af3_woTemplates,841329,2,882,woTemplates,,False,casp17/massivefold_external_pool_intake/t2313_t330/extracted_models/T2313_all_pdbs/Model_6053_af3_woTemplates_af3_seed_841329_sample_2_pred_882.cif,awaiting_extract,"MassiveFold model pool index only. It parses organizer-provided external model tarball listings and stages balanced extraction/rerank candidates. These models remain external rerank and accuracy-estimation inputs, not internal predictions, not CASP submissions, and not competitive-proof evidence."
4,T2313,T2313_T330,10204,T2313_all_pdbs/Model_7281_af3_woTemplates_af3_seed_641648_sample_4_pred_734.cif,Model_7281_af3_woTemplates_af3_seed_641648_sample_4_pred_734.cif,7281,AF3,af3_woTemplates,641648,4,734,woTemplates,,False,casp17/massivefold_external_pool_intake/t2313_t330/extracted_models/T2313_all_pdbs/Model_7281_af3_woTemplates_af3_seed_641648_sample_4_pred_734.cif,awaiting_extract,"MassiveFold model pool index only. It parses organizer-provided external model tarball listings and stages balanced extraction/rerank candidates. These models remain external rerank and accuracy-estimation inputs, not internal predictions, not CASP submissions, and not competitive-proof evidence."
4,T2313,T2313_T330,10205,T2313_all_pdbs/Model_3234_af3_woTemplates_af3_seed_641651_sample_4_pred_749.cif,Model_3234_af3_woTemplates_af3_seed_641651_sample_4_pred_749.cif,3234,AF3,af3_woTemplates,641651,4,749,woTemplates,,False,casp17/massivefold_external_pool_intake/t2313_t330/extracted_models/T2313_all_pdbs/Model_3234_af3_woTemplates_af3_seed_641651_sample_4_pred_749.cif,awaiting_extract,"MassiveFold model pool index only. It parses organizer-provided external model tarball listings and stages balanced extraction/rerank candidates. These models remain external rerank and accuracy-estimation inputs, not internal predictions, not CASP submissions, and not competitive-proof evidence."
4,T2313,T2313_T330,10227,T2313_all_pdbs/Model_5746_af3_woTemplates_af3_seed_130555_sample_3_pred_753.cif,Model_5746_af3_woTemplates_af3_seed_130555_sample_3_pred_753.cif,5746,AF3,af3_woTemplates,130555,3,753,woTemplates,,False,casp17/massivefold_external_pool_intake/t2313_t330/extracted_models/T2313_all_pdbs/Model_5746_af3_woTemplates_af3_seed_130555_sample_3_pred_753.cif,awaiting_extract,"MassiveFold model pool index only. It parses organizer-provided external model tarball listings and stages balanced extraction/rerank candidates. These models remain external rerank and accuracy-estimation inputs, not internal predictions, not CASP submissions, and not competitive-proof evidence."
4,T2313,T2313_T330,10258,T2313_all_pdbs/Model_7799_af3_woTemplates_af3_seed_130564_sample_4_pred_799.cif,Model_7799_af3_woTemplates_af3_seed_130564_sample_4_pred_799.cif,7799,AF3,af3_woTemplates,130564,4,799,woTemplates,,False,casp17/massivefold_external_pool_intake/t2313_t330/extracted_models/T2313_all_pdbs/Model_7799_af3_woTemplates_af3_seed_130564_sample_4_pred_799.cif,awaiting_extract,"MassiveFold model pool index only. It parses organizer-provided external model tarball listings and stages balanced extraction/rerank candidates. These models remain external rerank and accuracy-estimation inputs, not internal predictions, not CASP submissions, and not competitive-proof evidence."
4,T2313,T2313_T330,10268,T2313_all_pdbs/Model_5287_af3_woTemplates_af3_seed_384897_sample_0_pred_315.cif,Model_5287_af3_woTemplates_af3_seed_384897_sample_0_pred_315.cif,5287,AF3,af3_woTemplates,384897,0,315,woTemplates,,False,casp17/massivefold_external_pool_intake/t2313_t330/extracted_models/T2313_all_pdbs/Model_5287_af3_woTemplates_af3_seed_384897_sample_0_pred_315.cif,awaiting_extract,"MassiveFold model pool index only. It parses organizer-provided external model tarball listings and stages balanced extraction/rerank candidates. These models remain external rerank and accuracy-estimation inputs, not internal predictions, not CASP submissions, and not competitive-proof evidence."
4,T2313,T2313_T330,10278,T2313_all_pdbs/Model_6832_af3_woTemplates_af3_seed_897887_sample_2_pred_157.cif,Model_6832_af3_woTemplates_af3_seed_897887_sample_2_pred_157.cif,6832,AF3,af3_woTemplates,897887,2,157,woTemplates,,False,casp17/massivefold_external_pool_intake/t2313_t330/extracted_models/T2313_all_pdbs/Model_6832_af3_woTemplates_af3_seed_897887_sample_2_pred_157.cif,awaiting_extract,"MassiveFold model pool index only. It parses organizer-provided external model tarball listings and stages balanced extraction/rerank candidates. These models remain external rerank and accuracy-estimation inputs, not internal predictions, not CASP submissions, and not competitive-proof evidence."
4,T2313,T2313_T330,10290,T2313_all_pdbs/Model_6563_af3_woTemplates_af3_seed_48224_sample_4_pred_124.cif,Model_6563_af3_woTemplates_af3_seed_48224_sample_4_pred_124.cif,6563,AF3,af3_woTemplates,48224,4,124,woTemplates,,False,casp17/massivefold_external_pool_intake/t2313_t330/extracted_models/T2313_all_pdbs/Model_6563_af3_woTemplates_af3_seed_48224_sample_4_pred_124.cif,awaiting_extract,"MassiveFold model pool index only. It parses organizer-provided external model tarball listings and stages balanced extraction/rerank candidates. These models remain external rerank and accuracy-estimation inputs, not internal predictions, not CASP submissions, and not competitive-proof evidence."
4,T2313,T2313_T330,10294,T2313_all_pdbs/Model_6825_af3_woTemplates_af3_seed_256843_sample_2_pred_532.cif,Model_6825_af3_woTemplates_af3_seed_256843_sample_2_pred_532.cif,6825,AF3,af3_woTemplates,256843,2,532,woTemplates,,False,casp17/massivefold_external_pool_intake/t2313_t330/extracted_models/T2313_all_pdbs/Model_6825_af3_woTemplates_af3_seed_256843_sample_2_pred_532.cif,awaiting_extract,"MassiveFold model pool index only. It parses organizer-provided external model tarball listings and stages balanced extraction/rerank candidates. These models remain external rerank and accuracy-estimation inputs, not internal predictions, not CASP submissions, and not competitive-proof evidence."
4,T2313,T2313_T330,10304,T2313_all_pdbs/Model_6012_af3_woTemplates_af3_seed_897905_sample_2_pred_247.cif,Model_6012_af3_woTemplates_af3_seed_897905_sample_2_pred_247.cif,6012,AF3,af3_woTemplates,897905,2,247,woTemplates,,False,casp17/massivefold_external_pool_intake/t2313_t330/extracted_models/T2313_all_pdbs/Model_6012_af3_woTemplates_af3_seed_897905_sample_2_pred_247.cif,awaiting_extract,"MassiveFold model pool index only. It parses organizer-provided external model tarball listings and stages balanced extraction/rerank candidates. These models remain external rerank and accuracy-estimation inputs, not internal predictions, not CASP submissions, and not competitive-proof evidence."
4,T2313,T2313_T330,10348,T2313_all_pdbs/Model_6007_af3_woTemplates_af3_seed_256840_sample_3_pred_518.cif,Model_6007_af3_woTemplates_af3_seed_256840_sample_3_pred_518.cif,6007,AF3,af3_woTemplates,256840,3,518,woTemplates,,False,casp17/massivefold_external_pool_intake/t2313_t330/extracted_models/T2313_all_pdbs/Model_6007_af3_woTemplates_af3_seed_256840_sample_3_pred_518.cif,awaiting_extract,"MassiveFold model pool index only. It parses organizer-provided external model tarball listings and stages balanced extraction/rerank candidates. These models remain external rerank and accuracy-estimation inputs, not internal predictions, not CASP submissions, and not competitive-proof evidence."
4,T2313,T2313_T330,10357,T2313_all_pdbs/Model_6158_af3_woTemplates_af3_seed_994794_sample_1_pred_401.cif,Model_6158_af3_woTemplates_af3_seed_994794_sample_1_pred_401.cif,6158,AF3,af3_woTemplates,994794,1,401,woTemplates,,False,casp17/massivefold_external_pool_intake/t2313_t330/extracted_models/T2313_all_pdbs/Model_6158_af3_woTemplates_af3_seed_994794_sample_1_pred_401.cif,awaiting_extract,"MassiveFold model pool index only. It parses organizer-provided external model tarball listings and stages balanced extraction/rerank candidates. These models remain external rerank and accuracy-estimation inputs, not internal predictions, not CASP submissions, and not competitive-proof evidence."
4,T2313,T2313_T330,10363,T2313_all_pdbs/Model_4792_af3_woTemplates_af3_seed_256839_sample_0_pred_510.cif,Model_4792_af3_woTemplates_af3_seed_256839_sample_0_pred_510.cif,4792,AF3,af3_woTemplates,256839,0,510,woTemplates,,False,casp17/massivefold_external_pool_intake/t2313_t330/extracted_models/T2313_all_pdbs/Model_4792_af3_woTemplates_af3_seed_256839_sample_0_pred_510.cif,awaiting_extract,"MassiveFold model pool index only. It parses organizer-provided external model tarball listings and stages balanced extraction/rerank candidates. These models remain external rerank and accuracy-estimation inputs, not internal predictions, not CASP submissions, and not competitive-proof evidence."
4,T2313,T2313_T330,10365,T2313_all_pdbs/Model_8150_af3_woTemplates_af3_seed_48218_sample_1_pred_91.cif,Model_8150_af3_woTemplates_af3_seed_48218_sample_1_pred_91.cif,8150,AF3,af3_woTemplates,48218,1,91,woTemplates,,False,casp17/massivefold_external_pool_intake/t2313_t330/extracted_models/T2313_all_pdbs/Model_8150_af3_woTemplates_af3_seed_48218_sample_1_pred_91.cif,awaiting_extract,"MassiveFold model pool index only. It parses organizer-provided external model tarball listings and stages balanced extraction/rerank candidates. These models remain external rerank and accuracy-estimation inputs, not internal predictions, not CASP submissions, and not competitive-proof evidence."
4,T2313,T2313_T330,10378,T2313_all_pdbs/Model_7916_af3_woTemplates_af3_seed_641647_sample_3_pred_728.cif,Model_7916_af3_woTemplates_af3_seed_641647_sample_3_pred_728.cif,7916,AF3,af3_woTemplates,641647,3,728,woTemplates,,False,casp17/massivefold_external_pool_intake/t2313_t330/extracted_models/T2313_all_pdbs/Model_7916_af3_woTemplates_af3_seed_641647_sample_3_pred_728.cif,awaiting_extract,"MassiveFold model pool index only. It parses organizer-provided external model tarball listings and stages balanced extraction/rerank candidates. These models remain external rerank and accuracy-estimation inputs, not internal predictions, not CASP submissions, and not competitive-proof evidence."
4,T2313,T2313_T330,10391,T2313_all_pdbs/Model_5815_af3_woTemplates_af3_seed_256856_sample_3_pred_598.cif,Model_5815_af3_woTemplates_af3_seed_256856_sample_3_pred_598.cif,5815,AF3,af3_woTemplates,256856,3,598,woTemplates,,False,casp17/massivefold_external_pool_intake/t2313_t330/extracted_models/T2313_all_pdbs/Model_5815_af3_woTemplates_af3_seed_256856_sample_3_pred_598.cif,awaiting_extract,"MassiveFold model pool index only. It parses organizer-provided external model tarball listings and stages balanced extraction/rerank candidates. These models remain external rerank and accuracy-estimation inputs, not internal predictions, not CASP submissions, and not competitive-proof evidence."
4,T2313,T2313_T330,10409,T2313_all_pdbs/Model_5363_af3_woTemplates_af3_seed_48207_sample_4_pred_39.cif,Model_5363_af3_woTemplates_af3_seed_48207_sample_4_pred_39.cif,5363,AF3,af3_woTemplates,48207,4,39,woTemplates,,False,casp17/massivefold_external_pool_intake/t2313_t330/extracted_models/T2313_all_pdbs/Model_5363_af3_woTemplates_af3_seed_48207_sample_4_pred_39.cif,awaiting_extract,"MassiveFold model pool index only. It parses organizer-provided external model tarball listings and stages balanced extraction/rerank candidates. These models remain external rerank and accuracy-estimation inputs, not internal predictions, not CASP submissions, and not competitive-proof evidence."
4,T2313,T2313_T330,10413,T2313_all_pdbs/Model_4018_af3_woTemplates_af3_seed_256854_sample_3_pred_588.cif,Model_4018_af3_woTemplates_af3_seed_256854_sample_3_pred_588.cif,4018,AF3,af3_woTemplates,256854,3,588,woTemplates,,False,casp17/massivefold_external_pool_intake/t2313_t330/extracted_models/T2313_all_pdbs/Model_4018_af3_woTemplates_af3_seed_256854_sample_3_pred_588.cif,awaiting_extract,"MassiveFold model pool index only. It parses organizer-provided external model tarball listings and stages balanced extraction/rerank candidates. These models remain external rerank and accuracy-estimation inputs, not internal predictions, not CASP submissions, and not competitive-proof evidence."
4,T2313,T2313_T330,10474,T2313_all_pdbs/Model_5669_af3_woTemplates_af3_seed_256849_sample_3_pred_563.cif,Model_5669_af3_woTemplates_af3_seed_256849_sample_3_pred_563.cif,5669,AF3,af3_woTemplates,256849,3,563,woTemplates,,False,casp17/massivefold_external_pool_intake/t2313_t330/extracted_models/T2313_all_pdbs/Model_5669_af3_woTemplates_af3_seed_256849_sample_3_pred_563.cif,awaiting_extract,"MassiveFold model pool index only. It parses organizer-provided external model tarball listings and stages balanced extraction/rerank candidates. These models remain external rerank and accuracy-estimation inputs, not internal predictions, not CASP submissions, and not competitive-proof evidence."
4,T2313,T2313_T330,10479,T2313_all_pdbs/Model_6005_af3_woTemplates_af3_seed_130562_sample_1_pred_786.cif,Model_6005_af3_woTemplates_af3_seed_130562_sample_1_pred_786.cif,6005,AF3,af3_woTemplates,130562,1,786,woTemplates,,False,casp17/massivefold_external_pool_intake/t2313_t330/extracted_models/T2313_all_pdbs/Model_6005_af3_woTemplates_af3_seed_130562_sample_1_pred_786.cif,awaiting_extract,"MassiveFold model pool index only. It parses organizer-provided external model tarball listings and stages balanced extraction/rerank candidates. These models remain external rerank and accuracy-estimation inputs, not internal predictions, not CASP submissions, and not competitive-proof evidence."
4,T2313,T2313_T330,10510,T2313_all_pdbs/Model_4502_af3_woTemplates_af3_seed_841343_sample_0_pred_950.cif,Model_4502_af3_woTemplates_af3_seed_841343_sample_0_pred_950.cif,4502,AF3,af3_woTemplates,841343,0,950,woTemplates,,False,casp17/massivefold_external_pool_intake/t2313_t330/extracted_models/T2313_all_pdbs/Model_4502_af3_woTemplates_af3_seed_841343_sample_0_pred_950.cif,awaiting_extract,"MassiveFold model pool index only. It parses organizer-provided external model tarball listings and stages balanced extraction/rerank candidates. These models remain external rerank and accuracy-estimation inputs, not internal predictions, not CASP submissions, and not competitive-proof evidence."
4,T2313,T2313_T330,10516,T2313_all_pdbs/Model_4878_af3_woTemplates_af3_seed_641634_sample_4_pred_664.cif,Model_4878_af3_woTemplates_af3_seed_641634_sample_4_pred_664.cif,4878,AF3,af3_woTemplates,641634,4,664,woTemplates,,False,casp17/massivefold_external_pool_intake/t2313_t330/extracted_models/T2313_all_pdbs/Model_4878_af3_woTemplates_af3_seed_641634_sample_4_pred_664.cif,awaiting_extract,"MassiveFold model pool index only. It parses organizer-provided external model tarball listings and stages balanced extraction/rerank candidates. These models remain external rerank and accuracy-estimation inputs, not internal predictions, not CASP submissions, and not competitive-proof evidence."
4,T2313,T2313_T330,10536,T2313_all_pdbs/Model_4943_af3_woTemplates_af3_seed_130568_sample_0_pred_815.cif,Model_4943_af3_woTemplates_af3_seed_130568_sample_0_pred_815.cif,4943,AF3,af3_woTemplates,130568,0,815,woTemplates,,False,casp17/massivefold_external_pool_intake/t2313_t330/extracted_models/T2313_all_pdbs/Model_4943_af3_woTemplates_af3_seed_130568_sample_0_pred_815.cif,awaiting_extract,"MassiveFold model pool index only. It parses organizer-provided external model tarball listings and stages balanced extraction/rerank candidates. These models remain external rerank and accuracy-estimation inputs, not internal predictions, not CASP submissions, and not competitive-proof evidence."
4,T2313,T2313_T330,10539,T2313_all_pdbs/Model_4186_af3_woTemplates_af3_seed_641639_sample_4_pred_689.cif,Model_4186_af3_woTemplates_af3_seed_641639_sample_4_pred_689.cif,4186,AF3,af3_woTemplates,641639,4,689,woTemplates,,False,casp17/massivefold_external_pool_intake/t2313_t330/extracted_models/T2313_all_pdbs/Model_4186_af3_woTemplates_af3_seed_641639_sample_4_pred_689.cif,awaiting_extract,"MassiveFold model pool index only. It parses organizer-provided external model tarball listings and stages balanced extraction/rerank candidates. These models remain external rerank and accuracy-estimation inputs, not internal predictions, not CASP submissions, and not competitive-proof evidence."
4,T2313,T2313_T330,10567,T2313_all_pdbs/Model_5951_af3_woTemplates_af3_seed_841329_sample_3_pred_883.cif,Model_5951_af3_woTemplates_af3_seed_841329_sample_3_pred_883.cif,5951,AF3,af3_woTemplates,841329,3,883,woTemplates,,False,casp17/massivefold_external_pool_intake/t2313_t330/extracted_models/T2313_all_pdbs/Model_5951_af3_woTemplates_af3_seed_841329_sample_3_pred_883.cif,awaiting_extract,"MassiveFold model pool index only. It parses organizer-provided external model tarball listings and stages balanced extraction/rerank candidates. These models remain external rerank and accuracy-estimation inputs, not internal predictions, not CASP submissions, and not competitive-proof evidence."
4,T2313,T2313_T330,10588,T2313_all_pdbs/Model_5594_af3_woTemplates_af3_seed_841337_sample_1_pred_921.cif,Model_5594_af3_woTemplates_af3_seed_841337_sample_1_pred_921.cif,5594,AF3,af3_woTemplates,841337,1,921,woTemplates,,False,casp17/massivefold_external_pool_intake/t2313_t330/extracted_models/T2313_all_pdbs/Model_5594_af3_woTemplates_af3_seed_841337_sample_1_pred_921.cif,awaiting_extract,"MassiveFold model pool index only. It parses organizer-provided external model tarball listings and stages balanced extraction/rerank candidates. These models remain external rerank and accuracy-estimation inputs, not internal predictions, not CASP submissions, and not competitive-proof evidence."
4,T2313,T2313_T330,10599,T2313_all_pdbs/Model_6489_af3_woTemplates_af3_seed_994808_sample_1_pred_471.cif,Model_6489_af3_woTemplates_af3_seed_994808_sample_1_pred_471.cif,6489,AF3,af3_woTemplates,994808,1,471,woTemplates,,False,casp17/massivefold_external_pool_intake/t2313_t330/extracted_models/T2313_all_pdbs/Model_6489_af3_woTemplates_af3_seed_994808_sample_1_pred_471.cif,awaiting_extract,"MassiveFold model pool index only. It parses organizer-provided external model tarball listings and stages balanced extraction/rerank candidates. These models remain external rerank and accuracy-estimation inputs, not internal predictions, not CASP submissions, and not competitive-proof evidence."
4,T2313,T2313_T330,10605,T2313_all_pdbs/Model_6165_af3_woTemplates_af3_seed_384904_sample_2_pred_352.cif,Model_6165_af3_woTemplates_af3_seed_384904_sample_2_pred_352.cif,6165,AF3,af3_woTemplates,384904,2,352,woTemplates,,False,casp17/massivefold_external_pool_intake/t2313_t330/extracted_models/T2313_all_pdbs/Model_6165_af3_woTemplates_af3_seed_384904_sample_2_pred_352.cif,awaiting_extract,"MassiveFold model pool index only. It parses organizer-provided external model tarball listings and stages balanced extraction/rerank candidates. These models remain external rerank and accuracy-estimation inputs, not internal predictions, not CASP submissions, and not competitive-proof evidence."
4,T2313,T2313_T330,10623,T2313_all_pdbs/Model_5209_af3_woTemplates_af3_seed_897899_sample_0_pred_215.cif,Model_5209_af3_woTemplates_af3_seed_897899_sample_0_pred_215.cif,5209,AF3,af3_woTemplates,897899,0,215,woTemplates,,False,casp17/massivefold_external_pool_intake/t2313_t330/extracted_models/T2313_all_pdbs/Model_5209_af3_woTemplates_af3_seed_897899_sample_0_pred_215.cif,awaiting_extract,"MassiveFold model pool index only. It parses organizer-provided external model tarball listings and stages balanced extraction/rerank candidates. These models remain external rerank and accuracy-estimation inputs, not internal predictions, not CASP submissions, and not competitive-proof evidence."
4,T2313,T2313_T330,10635,T2313_all_pdbs/Model_7652_af3_woTemplates_af3_seed_897893_sample_4_pred_189.cif,Model_7652_af3_woTemplates_af3_seed_897893_sample_4_pred_189.cif,7652,AF3,af3_woTemplates,897893,4,189,woTemplates,,False,casp17/massivefold_external_pool_intake/t2313_t330/extracted_models/T2313_all_pdbs/Model_7652_af3_woTemplates_af3_seed_897893_sample_4_pred_189.cif,awaiting_extract,"MassiveFold model pool index only. It parses organizer-provided external model tarball listings and stages balanced extraction/rerank candidates. These models remain external rerank and accuracy-estimation inputs, not internal predictions, not CASP submissions, and not competitive-proof evidence."
4,T2313,T2313_T330,10646,T2313_all_pdbs/Model_4339_af3_woTemplates_af3_seed_897895_sample_1_pred_196.cif,Model_4339_af3_woTemplates_af3_seed_897895_sample_1_pred_196.cif,4339,AF3,af3_woTemplates,897895,1,196,woTemplates,,False,casp17/massivefold_external_pool_intake/t2313_t330/extracted_models/T2313_all_pdbs/Model_4339_af3_woTemplates_af3_seed_897895_sample_1_pred_196.cif,awaiting_extract,"MassiveFold model pool index only. It parses organizer-provided external model tarball listings and stages balanced extraction/rerank candidates. These models remain external rerank and accuracy-estimation inputs, not internal predictions, not CASP submissions, and not competitive-proof evidence."
4,T2313,T2313_T330,10654,T2313_all_pdbs/Model_5550_af3_woTemplates_af3_seed_48223_sample_4_pred_119.cif,Model_5550_af3_woTemplates_af3_seed_48223_sample_4_pred_119.cif,5550,AF3,af3_woTemplates,48223,4,119,woTemplates,,False,casp17/massivefold_external_pool_intake/t2313_t330/extracted_models/T2313_all_pdbs/Model_5550_af3_woTemplates_af3_seed_48223_sample_4_pred_119.cif,awaiting_extract,"MassiveFold model pool index only. It parses organizer-provided external model tarball listings and stages balanced extraction/rerank candidates. These models remain external rerank and accuracy-estimation inputs, not internal predictions, not CASP submissions, and not competitive-proof evidence."
4,T2313,T2313_T330,10658,T2313_all_pdbs/Model_5454_af3_woTemplates_af3_seed_384906_sample_0_pred_360.cif,Model_5454_af3_woTemplates_af3_seed_384906_sample_0_pred_360.cif,5454,AF3,af3_woTemplates,384906,0,360,woTemplates,,False,casp17/massivefold_external_pool_intake/t2313_t330/extracted_models/T2313_all_pdbs/Model_5454_af3_woTemplates_af3_seed_384906_sample_0_pred_360.cif,awaiting_extract,"MassiveFold model pool index only. It parses organizer-provided external model tarball listings and stages balanced extraction/rerank candidates. These models remain external rerank and accuracy-estimation inputs, not internal predictions, not CASP submissions, and not competitive-proof evidence."
4,T2313,T2313_T330,10663,T2313_all_pdbs/Model_3400_af3_woTemplates_af3_seed_994797_sample_0_pred_415.cif,Model_3400_af3_woTemplates_af3_seed_994797_sample_0_pred_415.cif,3400,AF3,af3_woTemplates,994797,0,415,woTemplates,,False,casp17/massivefold_external_pool_intake/t2313_t330/extracted_models/T2313_all_pdbs/Model_3400_af3_woTemplates_af3_seed_994797_sample_0_pred_415.cif,awaiting_extract,"MassiveFold model pool index only. It parses organizer-provided external model tarball listings and stages balanced extraction/rerank candidates. These models remain external rerank and accuracy-estimation inputs, not internal predictions, not CASP submissions, and not competitive-proof evidence."
4,T2313,T2313_T330,10708,T2313_all_pdbs/Model_3311_af3_woTemplates_af3_seed_384905_sample_0_pred_355.cif,Model_3311_af3_woTemplates_af3_seed_384905_sample_0_pred_355.cif,3311,AF3,af3_woTemplates,384905,0,355,woTemplates,,False,casp17/massivefold_external_pool_intake/t2313_t330/extracted_models/T2313_all_pdbs/Model_3311_af3_woTemplates_af3_seed_384905_sample_0_pred_355.cif,awaiting_extract,"MassiveFold model pool index only. It parses organizer-provided external model tarball listings and stages balanced extraction/rerank candidates. These models remain external rerank and accuracy-estimation inputs, not internal predictions, not CASP submissions, and not competitive-proof evidence."
4,T2313,T2313_T330,10711,T2313_all_pdbs/Model_5448_af3_woTemplates_af3_seed_897891_sample_2_pred_177.cif,Model_5448_af3_woTemplates_af3_seed_897891_sample_2_pred_177.cif,5448,AF3,af3_woTemplates,897891,2,177,woTemplates,,False,casp17/massivefold_external_pool_intake/t2313_t330/extracted_models/T2313_all_pdbs/Model_5448_af3_woTemplates_af3_seed_897891_sample_2_pred_177.cif,awaiting_extract,"MassiveFold model pool index only. It parses organizer-provided external model tarball listings and stages balanced extraction/rerank candidates. These models remain external rerank and accuracy-estimation inputs, not internal predictions, not CASP submissions, and not competitive-proof evidence."
4,T2313,T2313_T330,10713,T2313_all_pdbs/Model_5177_af3_woTemplates_af3_seed_994802_sample_4_pred_444.cif,Model_5177_af3_woTemplates_af3_seed_994802_sample_4_pred_444.cif,5177,AF3,af3_woTemplates,994802,4,444,woTemplates,,False,casp17/massivefold_external_pool_intake/t2313_t330/extracted_models/T2313_all_pdbs/Model_5177_af3_woTemplates_af3_seed_994802_sample_4_pred_444.cif,awaiting_extract,"MassiveFold model pool index only. It parses organizer-provided external model tarball listings and stages balanced extraction/rerank candidates. These models remain external rerank and accuracy-estimation inputs, not internal predictions, not CASP submissions, and not competitive-proof evidence."
4,T2313,T2313_T330,10718,T2313_all_pdbs/Model_8333_af3_woTemplates_af3_seed_130573_sample_2_pred_842.cif,Model_8333_af3_woTemplates_af3_seed_130573_sample_2_pred_842.cif,8333,AF3,af3_woTemplates,130573,2,842,woTemplates,,False,casp17/massivefold_external_pool_intake/t2313_t330/extracted_models/T2313_all_pdbs/Model_8333_af3_woTemplates_af3_seed_130573_sample_2_pred_842.cif,awaiting_extract,"MassiveFold model pool index only. It parses organizer-provided external model tarball listings and stages balanced extraction/rerank candidates. These models remain external rerank and accuracy-estimation inputs, not internal predictions, not CASP submissions, and not competitive-proof evidence."
4,T2313,T2313_T330,10733,T2313_all_pdbs/Model_6108_af3_woTemplates_af3_seed_994812_sample_1_pred_491.cif,Model_6108_af3_woTemplates_af3_seed_994812_sample_1_pred_491.cif,6108,AF3,af3_woTemplates,994812,1,491,woTemplates,,False,casp17/massivefold_external_pool_intake/t2313_t330/extracted_models/T2313_all_pdbs/Model_6108_af3_woTemplates_af3_seed_994812_sample_1_pred_491.cif,awaiting_extract,"MassiveFold model pool index only. It parses organizer-provided external model tarball listings and stages balanced extraction/rerank candidates. These models remain external rerank and accuracy-estimation inputs, not internal predictions, not CASP submissions, and not competitive-proof evidence."
4,T2313,T2313_T330,10735,T2313_all_pdbs/Model_7496_af3_woTemplates_af3_seed_256843_sample_4_pred_534.cif,Model_7496_af3_woTemplates_af3_seed_256843_sample_4_pred_534.cif,7496,AF3,af3_woTemplates,256843,4,534,woTemplates,,False,casp17/massivefold_external_pool_intake/t2313_t330/extracted_models/T2313_all_pdbs/Model_7496_af3_woTemplates_af3_seed_256843_sample_4_pred_534.cif,awaiting_extract,"MassiveFold model pool index only. It parses organizer-provided external model tarball listings and stages balanced extraction/rerank candidates. These models remain external rerank and accuracy-estimation inputs, not internal predictions, not CASP submissions, and not competitive-proof evidence."
4,T2313,T2313_T330,10749,T2313_all_pdbs/Model_6890_af3_woTemplates_af3_seed_897889_sample_2_pred_167.cif,Model_6890_af3_woTemplates_af3_seed_897889_sample_2_pred_167.cif,6890,AF3,af3_woTemplates,897889,2,167,woTemplates,,False,casp17/massivefold_external_pool_intake/t2313_t330/extracted_models/T2313_all_pdbs/Model_6890_af3_woTemplates_af3_seed_897889_sample_2_pred_167.cif,awaiting_extract,"MassiveFold model pool index only. It parses organizer-provided external model tarball listings and stages balanced extraction/rerank candidates. These models remain external rerank and accuracy-estimation inputs, not internal predictions, not CASP submissions, and not competitive-proof evidence."
4,T2313,T2313_T330,10752,T2313_all_pdbs/Model_3858_af3_woTemplates_af3_seed_897898_sample_3_pred_213.cif,Model_3858_af3_woTemplates_af3_seed_897898_sample_3_pred_213.cif,3858,AF3,af3_woTemplates,897898,3,213,woTemplates,,False,casp17/massivefold_external_pool_intake/t2313_t330/extracted_models/T2313_all_pdbs/Model_3858_af3_woTemplates_af3_seed_897898_sample_3_pred_213.cif,awaiting_extract,"MassiveFold model pool index only. It parses organizer-provided external model tarball listings and stages balanced extraction/rerank candidates. These models remain external rerank and accuracy-estimation inputs, not internal predictions, not CASP submissions, and not competitive-proof evidence."
4,T2313,T2313_T330,10760,T2313_all_pdbs/Model_5418_af3_woTemplates_af3_seed_897904_sample_3_pred_243.cif,Model_5418_af3_woTemplates_af3_seed_897904_sample_3_pred_243.cif,5418,AF3,af3_woTemplates,897904,3,243,woTemplates,,False,casp17/massivefold_external_pool_intake/t2313_t330/extracted_models/T2313_all_pdbs/Model_5418_af3_woTemplates_af3_seed_897904_sample_3_pred_243.cif,awaiting_extract,"MassiveFold model pool index only. It parses organizer-provided external model tarball listings and stages balanced extraction/rerank candidates. These models remain external rerank and accuracy-estimation inputs, not internal predictions, not CASP submissions, and not competitive-proof evidence."
4,T2313,T2313_T330,10764,T2313_all_pdbs/Model_4441_af3_woTemplates_af3_seed_641630_sample_3_pred_643.cif,Model_4441_af3_woTemplates_af3_seed_641630_sample_3_pred_643.cif,4441,AF3,af3_woTemplates,641630,3,643,woTemplates,,False,casp17/massivefold_external_pool_intake/t2313_t330/extracted_models/T2313_all_pdbs/Model_4441_af3_woTemplates_af3_seed_641630_sample_3_pred_643.cif,awaiting_extract,"MassiveFold model pool index only. It parses organizer-provided external model tarball listings and stages balanced extraction/rerank candidates. These models remain external rerank and accuracy-estimation inputs, not internal predictions, not CASP submissions, and not competitive-proof evidence."
4,T2313,T2313_T330,10782,T2313_all_pdbs/Model_5189_af3_woTemplates_af3_seed_48205_sample_1_pred_26.cif,Model_5189_af3_woTemplates_af3_seed_48205_sample_1_pred_26.cif,5189,AF3,af3_woTemplates,48205,1,26,woTemplates,,False,casp17/massivefold_external_pool_intake/t2313_t330/extracted_models/T2313_all_pdbs/Model_5189_af3_woTemplates_af3_seed_48205_sample_1_pred_26.cif,awaiting_extract,"MassiveFold model pool index only. It parses organizer-provided external model tarball listings and stages balanced extraction/rerank candidates. These models remain external rerank and accuracy-estimation inputs, not internal predictions, not CASP submissions, and not competitive-proof evidence."
4,T2313,T2313_T330,10862,T2313_all_pdbs/Model_5704_af3_woTemplates_af3_seed_897894_sample_0_pred_190.cif,Model_5704_af3_woTemplates_af3_seed_897894_sample_0_pred_190.cif,5704,AF3,af3_woTemplates,897894,0,190,woTemplates,,False,casp17/massivefold_external_pool_intake/t2313_t330/extracted_models/T2313_all_pdbs/Model_5704_af3_woTemplates_af3_seed_897894_sample_0_pred_190.cif,awaiting_extract,"MassiveFold model pool index only. It parses organizer-provided external model tarball listings and stages balanced extraction/rerank candidates. These models remain external rerank and accuracy-estimation inputs, not internal predictions, not CASP submissions, and not competitive-proof evidence."
4,T2313,T2313_T330,10863,T2313_all_pdbs/Model_7495_af3_woTemplates_af3_seed_841346_sample_0_pred_965.cif,Model_7495_af3_woTemplates_af3_seed_841346_sample_0_pred_965.cif,7495,AF3,af3_woTemplates,841346,0,965,woTemplates,,False,casp17/massivefold_external_pool_intake/t2313_t330/extracted_models/T2313_all_pdbs/Model_7495_af3_woTemplates_af3_seed_841346_sample_0_pred_965.cif,awaiting_extract,"MassiveFold model pool index only. It parses organizer-provided external model tarball listings and stages balanced extraction/rerank candidates. These models remain external rerank and accuracy-estimation inputs, not internal predictions, not CASP submissions, and not competitive-proof evidence."
4,T2313,T2313_T330,10887,T2313_all_pdbs/Model_4440_af3_woTemplates_af3_seed_48204_sample_0_pred_20.cif,Model_4440_af3_woTemplates_af3_seed_48204_sample_0_pred_20.cif,4440,AF3,af3_woTemplates,48204,0,20,woTemplates,,False,casp17/massivefold_external_pool_intake/t2313_t330/extracted_models/T2313_all_pdbs/Model_4440_af3_woTemplates_af3_seed_48204_sample_0_pred_20.cif,awaiting_extract,"MassiveFold model pool index only. It parses organizer-provided external model tarball listings and stages balanced extraction/rerank candidates. These models remain external rerank and accuracy-estimation inputs, not internal predictions, not CASP submissions, and not competitive-proof evidence."
4,T2313,T2313_T330,10896,T2313_all_pdbs/Model_6015_af3_woTemplates_af3_seed_256840_sample_2_pred_517.cif,Model_6015_af3_woTemplates_af3_seed_256840_sample_2_pred_517.cif,6015,AF3,af3_woTemplates,256840,2,517,woTemplates,,False,casp17/massivefold_external_pool_intake/t2313_t330/extracted_models/T2313_all_pdbs/Model_6015_af3_woTemplates_af3_seed_256840_sample_2_pred_517.cif,awaiting_extract,"MassiveFold model pool index only. It parses organizer-provided external model tarball listings and stages balanced extraction/rerank candidates. These models remain external rerank and accuracy-estimation inputs, not internal predictions, not CASP submissions, and not competitive-proof evidence."
4,T2313,T2313_T330,10906,T2313_all_pdbs/Model_8167_af3_woTemplates_af3_seed_994795_sample_3_pred_408.cif,Model_8167_af3_woTemplates_af3_seed_994795_sample_3_pred_408.cif,8167,AF3,af3_woTemplates,994795,3,408,woTemplates,,False,casp17/massivefold_external_pool_intake/t2313_t330/extracted_models/T2313_all_pdbs/Model_8167_af3_woTemplates_af3_seed_994795_sample_3_pred_408.cif,awaiting_extract,"MassiveFold model pool index only. It parses organizer-provided external model tarball listings and stages balanced extraction/rerank candidates. These models remain external rerank and accuracy-estimation inputs, not internal predictions, not CASP submissions, and not competitive-proof evidence."
4,T2313,T2313_T330,10930,T2313_all_pdbs/Model_5698_af3_woTemplates_af3_seed_641636_sample_1_pred_671.cif,Model_5698_af3_woTemplates_af3_seed_641636_sample_1_pred_671.cif,5698,AF3,af3_woTemplates,641636,1,671,woTemplates,,False,casp17/massivefold_external_pool_intake/t2313_t330/extracted_models/T2313_all_pdbs/Model_5698_af3_woTemplates_af3_seed_641636_sample_1_pred_671.cif,awaiting_extract,"MassiveFold model pool index only. It parses organizer-provided external model tarball listings and stages balanced extraction/rerank candidates. These models remain external rerank and accuracy-estimation inputs, not internal predictions, not CASP submissions, and not competitive-proof evidence."
4,T2313,T2313_T330,10943,T2313_all_pdbs/Model_4880_af3_woTemplates_af3_seed_841341_sample_4_pred_944.cif,Model_4880_af3_woTemplates_af3_seed_841341_sample_4_pred_944.cif,4880,AF3,af3_woTemplates,841341,4,944,woTemplates,,False,casp17/massivefold_external_pool_intake/t2313_t330/extracted_models/T2313_all_pdbs/Model_4880_af3_woTemplates_af3_seed_841341_sample_4_pred_944.cif,awaiting_extract,"MassiveFold model pool index only. It parses organizer-provided external model tarball listings and stages balanced extraction/rerank candidates. These models remain external rerank and accuracy-estimation inputs, not internal predictions, not CASP submissions, and not competitive-proof evidence."
4,T2313,T2313_T330,10956,T2313_all_pdbs/Model_4934_af3_woTemplates_af3_seed_897901_sample_0_pred_225.cif,Model_4934_af3_woTemplates_af3_seed_897901_sample_0_pred_225.cif,4934,AF3,af3_woTemplates,897901,0,225,woTemplates,,False,casp17/massivefold_external_pool_intake/t2313_t330/extracted_models/T2313_all_pdbs/Model_4934_af3_woTemplates_af3_seed_897901_sample_0_pred_225.cif,awaiting_extract,"MassiveFold model pool index only. It parses organizer-provided external model tarball listings and stages balanced extraction/rerank candidates. These models remain external rerank and accuracy-estimation inputs, not internal predictions, not CASP submissions, and not competitive-proof evidence."
4,T2313,T2313_T330,10957,T2313_all_pdbs/Model_3918_af3_woTemplates_af3_seed_841328_sample_3_pred_878.cif,Model_3918_af3_woTemplates_af3_seed_841328_sample_3_pred_878.cif,3918,AF3,af3_woTemplates,841328,3,878,woTemplates,,False,casp17/massivefold_external_pool_intake/t2313_t330/extracted_models/T2313_all_pdbs/Model_3918_af3_woTemplates_af3_seed_841328_sample_3_pred_878.cif,awaiting_extract,"MassiveFold model pool index only. It parses organizer-provided external model tarball listings and stages balanced extraction/rerank candidates. These models remain external rerank and accuracy-estimation inputs, not internal predictions, not CASP submissions, and not competitive-proof evidence."
4,T2313,T2313_T330,10980,T2313_all_pdbs/Model_5328_af3_woTemplates_af3_seed_48205_sample_3_pred_28.cif,Model_5328_af3_woTemplates_af3_seed_48205_sample_3_pred_28.cif,5328,AF3,af3_woTemplates,48205,3,28,woTemplates,,False,casp17/massivefold_external_pool_intake/t2313_t330/extracted_models/T2313_all_pdbs/Model_5328_af3_woTemplates_af3_seed_48205_sample_3_pred_28.cif,awaiting_extract,"MassiveFold model pool index only. It parses organizer-provided external model tarball listings and stages balanced extraction/rerank candidates. These models remain external rerank and accuracy-estimation inputs, not internal predictions, not CASP submissions, and not competitive-proof evidence."
4,T2313,T2313_T330,10992,T2313_all_pdbs/Model_7507_af3_woTemplates_af3_seed_641627_sample_4_pred_629.cif,Model_7507_af3_woTemplates_af3_seed_641627_sample_4_pred_629.cif,7507,AF3,af3_woTemplates,641627,4,629,woTemplates,,False,casp17/massivefold_external_pool_intake/t2313_t330/extracted_models/T2313_all_pdbs/Model_7507_af3_woTemplates_af3_seed_641627_sample_4_pred_629.cif,awaiting_extract,"MassiveFold model pool index only. It parses organizer-provided external model tarball listings and stages balanced extraction/rerank candidates. These models remain external rerank and accuracy-estimation inputs, not internal predictions, not CASP submissions, and not competitive-proof evidence."
4,T2313,T2313_T330,10999,T2313_all_pdbs/Model_7271_af3_woTemplates_af3_seed_994813_sample_4_pred_499.cif,Model_7271_af3_woTemplates_af3_seed_994813_sample_4_pred_499.cif,7271,AF3,af3_woTemplates,994813,4,499,woTemplates,,False,casp17/massivefold_external_pool_intake/t2313_t330/extracted_models/T2313_all_pdbs/Model_7271_af3_woTemplates_af3_seed_994813_sample_4_pred_499.cif,awaiting_extract,"MassiveFold model pool index only. It parses organizer-provided external model tarball listings and stages balanced extraction/rerank candidates. These models remain external rerank and accuracy-estimation inputs, not internal predictions, not CASP submissions, and not competitive-proof evidence."
4,T2313,T2313_T330,11019,T2313_all_pdbs/Model_6050_af3_woTemplates_af3_seed_994807_sample_1_pred_466.cif,Model_6050_af3_woTemplates_af3_seed_994807_sample_1_pred_466.cif,6050,AF3,af3_woTemplates,994807,1,466,woTemplates,,False,casp17/massivefold_external_pool_intake/t2313_t330/extracted_models/T2313_all_pdbs/Model_6050_af3_woTemplates_af3_seed_994807_sample_1_pred_466.cif,awaiting_extract,"MassiveFold model pool index only. It parses organizer-provided external model tarball listings and stages balanced extraction/rerank candidates. These models remain external rerank and accuracy-estimation inputs, not internal predictions, not CASP submissions, and not competitive-proof evidence."
4,T2313,T2313_T330,11034,T2313_all_pdbs/Model_6982_af3_woTemplates_af3_seed_256853_sample_4_pred_584.cif,Model_6982_af3_woTemplates_af3_seed_256853_sample_4_pred_584.cif,6982,AF3,af3_woTemplates,256853,4,584,woTemplates,,False,casp17/massivefold_external_pool_intake/t2313_t330/extracted_models/T2313_all_pdbs/Model_6982_af3_woTemplates_af3_seed_256853_sample_4_pred_584.cif,awaiting_extract,"MassiveFold model pool index only. It parses organizer-provided external model tarball listings and stages balanced extraction/rerank candidates. These models remain external rerank and accuracy-estimation inputs, not internal predictions, not CASP submissions, and not competitive-proof evidence."
4,T2313,T2313_T330,11038,T2313_all_pdbs/Model_5791_af3_woTemplates_af3_seed_256838_sample_3_pred_508.cif,Model_5791_af3_woTemplates_af3_seed_256838_sample_3_pred_508.cif,5791,AF3,af3_woTemplates,256838,3,508,woTemplates,,False,casp17/massivefold_external_pool_intake/t2313_t330/extracted_models/T2313_all_pdbs/Model_5791_af3_woTemplates_af3_seed_256838_sample_3_pred_508.cif,awaiting_extract,"MassiveFold model pool index only. It parses organizer-provided external model tarball listings and stages balanced extraction/rerank candidates. These models remain external rerank and accuracy-estimation inputs, not internal predictions, not CASP submissions, and not competitive-proof evidence."
4,T2313,T2313_T330,11048,T2313_all_pdbs/Model_5045_af3_woTemplates_af3_seed_384902_sample_2_pred_342.cif,Model_5045_af3_woTemplates_af3_seed_384902_sample_2_pred_342.cif,5045,AF3,af3_woTemplates,384902,2,342,woTemplates,,False,casp17/massivefold_external_pool_intake/t2313_t330/extracted_models/T2313_all_pdbs/Model_5045_af3_woTemplates_af3_seed_384902_sample_2_pred_342.cif,awaiting_extract,"MassiveFold model pool index only. It parses organizer-provided external model tarball listings and stages balanced extraction/rerank candidates. These models remain external rerank and accuracy-estimation inputs, not internal predictions, not CASP submissions, and not competitive-proof evidence."
4,T2313,T2313_T330,11058,T2313_all_pdbs/Model_6827_af3_woTemplates_af3_seed_641627_sample_3_pred_628.cif,Model_6827_af3_woTemplates_af3_seed_641627_sample_3_pred_628.cif,6827,AF3,af3_woTemplates,641627,3,628,woTemplates,,False,casp17/massivefold_external_pool_intake/t2313_t330/extracted_models/T2313_all_pdbs/Model_6827_af3_woTemplates_af3_seed_641627_sample_3_pred_628.cif,awaiting_extract,"MassiveFold model pool index only. It parses organizer-provided external model tarball listings and stages balanced extraction/rerank candidates. These models remain external rerank and accuracy-estimation inputs, not internal predictions, not CASP submissions, and not competitive-proof evidence."
4,T2313,T2313_T330,11080,T2313_all_pdbs/Model_4335_af3_woTemplates_af3_seed_641630_sample_0_pred_640.cif,Model_4335_af3_woTemplates_af3_seed_641630_sample_0_pred_640.cif,4335,AF3,af3_woTemplates,641630,0,640,woTemplates,,False,casp17/massivefold_external_pool_intake/t2313_t330/extracted_models/T2313_all_pdbs/Model_4335_af3_woTemplates_af3_seed_641630_sample_0_pred_640.cif,awaiting_extract,"MassiveFold model pool index only. It parses organizer-provided external model tarball listings and stages balanced extraction/rerank candidates. These models remain external rerank and accuracy-estimation inputs, not internal predictions, not CASP submissions, and not competitive-proof evidence."
4,T2313,T2313_T330,11087,T2313_all_pdbs/Model_4886_af3_woTemplates_af3_seed_641650_sample_1_pred_741.cif,Model_4886_af3_woTemplates_af3_seed_641650_sample_1_pred_741.cif,4886,AF3,af3_woTemplates,641650,1,741,woTemplates,,False,casp17/massivefold_external_pool_intake/t2313_t330/extracted_models/T2313_all_pdbs/Model_4886_af3_woTemplates_af3_seed_641650_sample_1_pred_741.cif,awaiting_extract,"MassiveFold model pool index only. It parses organizer-provided external model tarball listings and stages balanced extraction/rerank candidates. These models remain external rerank and accuracy-estimation inputs, not internal predictions, not CASP submissions, and not competitive-proof evidence."
4,T2313,T2313_T330,11117,T2313_all_pdbs/Model_4979_af3_woTemplates_af3_seed_641640_sample_3_pred_693.cif,Model_4979_af3_woTemplates_af3_seed_641640_sample_3_pred_693.cif,4979,AF3,af3_woTemplates,641640,3,693,woTemplates,,False,casp17/massivefold_external_pool_intake/t2313_t330/extracted_models/T2313_all_pdbs/Model_4979_af3_woTemplates_af3_seed_641640_sample_3_pred_693.cif,awaiting_extract,"MassiveFold model pool index only. It parses organizer-provided external model tarball listings and stages balanced extraction/rerank candidates. These models remain external rerank and accuracy-estimation inputs, not internal predictions, not CASP submissions, and not competitive-proof evidence."
4,T2313,T2313_T330,11119,T2313_all_pdbs/Model_7798_af3_woTemplates_af3_seed_130564_sample_3_pred_798.cif,Model_7798_af3_woTemplates_af3_seed_130564_sample_3_pred_798.cif,7798,AF3,af3_woTemplates,130564,3,798,woTemplates,,False,casp17/massivefold_external_pool_intake/t2313_t330/extracted_models/T2313_all_pdbs/Model_7798_af3_woTemplates_af3_seed_130564_sample_3_pred_798.cif,awaiting_extract,"MassiveFold model pool index only. It parses organizer-provided external model tarball listings and stages balanced extraction/rerank candidates. These models remain external rerank and accuracy-estimation inputs, not internal predictions, not CASP submissions, and not competitive-proof evidence."
4,T2313,T2313_T330,11125,T2313_all_pdbs/Model_4065_af3_woTemplates_af3_seed_994804_sample_2_pred_452.cif,Model_4065_af3_woTemplates_af3_seed_994804_sample_2_pred_452.cif,4065,AF3,af3_woTemplates,994804,2,452,woTemplates,,False,casp17/massivefold_external_pool_intake/t2313_t330/extracted_models/T2313_all_pdbs/Model_4065_af3_woTemplates_af3_seed_994804_sample_2_pred_452.cif,awaiting_extract,"MassiveFold model pool index only. It parses organizer-provided external model tarball listings and stages balanced extraction/rerank candidates. These models remain external rerank and accuracy-estimation inputs, not internal predictions, not CASP submissions, and not competitive-proof evidence."
4,T2313,T2313_T330,11139,T2313_all_pdbs/Model_4010_af3_woTemplates_af3_seed_48209_sample_3_pred_48.cif,Model_4010_af3_woTemplates_af3_seed_48209_sample_3_pred_48.cif,4010,AF3,af3_woTemplates,48209,3,48,woTemplates,,False,casp17/massivefold_external_pool_intake/t2313_t330/extracted_models/T2313_all_pdbs/Model_4010_af3_woTemplates_af3_seed_48209_sample_3_pred_48.cif,awaiting_extract,"MassiveFold model pool index only. It parses organizer-provided external model tarball listings and stages balanced extraction/rerank candidates. These models remain external rerank and accuracy-estimation inputs, not internal predictions, not CASP submissions, and not competitive-proof evidence."
4,T2313,T2313_T330,11152,T2313_all_pdbs/Model_7174_af3_woTemplates_af3_seed_841338_sample_0_pred_925.cif,Model_7174_af3_woTemplates_af3_seed_841338_sample_0_pred_925.cif,7174,AF3,af3_woTemplates,841338,0,925,woTemplates,,False,casp17/massivefold_external_pool_intake/t2313_t330/extracted_models/T2313_all_pdbs/Model_7174_af3_woTemplates_af3_seed_841338_sample_0_pred_925.cif,awaiting_extract,"MassiveFold model pool index only. It parses organizer-provided external model tarball listings and stages balanced extraction/rerank candidates. These models remain external rerank and accuracy-estimation inputs, not internal predictions, not CASP submissions, and not competitive-proof evidence."
4,T2313,T2313_T330,11206,T2313_all_pdbs/Model_4187_af3_woTemplates_af3_seed_48206_sample_1_pred_31.cif,Model_4187_af3_woTemplates_af3_seed_48206_sample_1_pred_31.cif,4187,AF3,af3_woTemplates,48206,1,31,woTemplates,,False,casp17/massivefold_external_pool_intake/t2313_t330/extracted_models/T2313_all_pdbs/Model_4187_af3_woTemplates_af3_seed_48206_sample_1_pred_31.cif,awaiting_extract,"MassiveFold model pool index only. It parses organizer-provided external model tarball listings and stages balanced extraction/rerank candidates. These models remain external rerank and accuracy-estimation inputs, not internal predictions, not CASP submissions, and not competitive-proof evidence."
4,T2313,T2313_T330,11228,T2313_all_pdbs/Model_5439_af3_woTemplates_af3_seed_256842_sample_0_pred_525.cif,Model_5439_af3_woTemplates_af3_seed_256842_sample_0_pred_525.cif,5439,AF3,af3_woTemplates,256842,0,525,woTemplates,,False,casp17/massivefold_external_pool_intake/t2313_t330/extracted_models/T2313_all_pdbs/Model_5439_af3_woTemplates_af3_seed_256842_sample_0_pred_525.cif,awaiting_extract,"MassiveFold model pool index only. It parses organizer-provided external model tarball listings and stages balanced extraction/rerank candidates. These models remain external rerank and accuracy-estimation inputs, not internal predictions, not CASP submissions, and not competitive-proof evidence."
4,T2313,T2313_T330,11242,T2313_all_pdbs/Model_4936_af3_woTemplates_af3_seed_48200_sample_3_pred_3.cif,Model_4936_af3_woTemplates_af3_seed_48200_sample_3_pred_3.cif,4936,AF3,af3_woTemplates,48200,3,3,woTemplates,,False,casp17/massivefold_external_pool_intake/t2313_t330/extracted_models/T2313_all_pdbs/Model_4936_af3_woTemplates_af3_seed_48200_sample_3_pred_3.cif,awaiting_extract,"MassiveFold model pool index only. It parses organizer-provided external model tarball listings and stages balanced extraction/rerank candidates. These models remain external rerank and accuracy-estimation inputs, not internal predictions, not CASP submissions, and not competitive-proof evidence."
4,T2313,T2313_T330,11243,T2313_all_pdbs/Model_5694_af3_woTemplates_af3_seed_994802_sample_3_pred_443.cif,Model_5694_af3_woTemplates_af3_seed_994802_sample_3_pred_443.cif,5694,AF3,af3_woTemplates,994802,3,443,woTemplates,,False,casp17/massivefold_external_pool_intake/t2313_t330/extracted_models/T2313_all_pdbs/Model_5694_af3_woTemplates_af3_seed_994802_sample_3_pred_443.cif,awaiting_extract,"MassiveFold model pool index only. It parses organizer-provided external model tarball listings and stages balanced extraction/rerank candidates. These models remain external rerank and accuracy-estimation inputs, not internal predictions, not CASP submissions, and not competitive-proof evidence."
4,T2313,T2313_T330,11249,T2313_all_pdbs/Model_6490_af3_woTemplates_af3_seed_48214_sample_4_pred_74.cif,Model_6490_af3_woTemplates_af3_seed_48214_sample_4_pred_74.cif,6490,AF3,af3_woTemplates,48214,4,74,woTemplates,,False,casp17/massivefold_external_pool_intake/t2313_t330/extracted_models/T2313_all_pdbs/Model_6490_af3_woTemplates_af3_seed_48214_sample_4_pred_74.cif,awaiting_extract,"MassiveFold model pool index only. It parses organizer-provided external model tarball listings and stages balanced extraction/rerank candidates. These models remain external rerank and accuracy-estimation inputs, not internal predictions, not CASP submissions, and not competitive-proof evidence."
4,T2313,T2313_T330,11253,T2313_all_pdbs/Model_5584_af3_woTemplates_af3_seed_256844_sample_0_pred_535.cif,Model_5584_af3_woTemplates_af3_seed_256844_sample_0_pred_535.cif,5584,AF3,af3_woTemplates,256844,0,535,woTemplates,,False,casp17/massivefold_external_pool_intake/t2313_t330/extracted_models/T2313_all_pdbs/Model_5584_af3_woTemplates_af3_seed_256844_sample_0_pred_535.cif,awaiting_extract,"MassiveFold model pool index only. It parses organizer-provided external model tarball listings and stages balanced extraction/rerank candidates. These models remain external rerank and accuracy-estimation inputs, not internal predictions, not CASP submissions, and not competitive-proof evidence."
4,T2313,T2313_T330,11257,T2313_all_pdbs/Model_6109_af3_woTemplates_af3_seed_641628_sample_3_pred_633.cif,Model_6109_af3_woTemplates_af3_seed_641628_sample_3_pred_633.cif,6109,AF3,af3_woTemplates,641628,3,633,woTemplates,,False,casp17/massivefold_external_pool_intake/t2313_t330/extracted_models/T2313_all_pdbs/Model_6109_af3_woTemplates_af3_seed_641628_sample_3_pred_633.cif,awaiting_extract,"MassiveFold model pool index only. It parses organizer-provided external model tarball listings and stages balanced extraction/rerank candidates. These models remain external rerank and accuracy-estimation inputs, not internal predictions, not CASP submissions, and not competitive-proof evidence."
4,T2313,T2313_T330,11258,T2313_all_pdbs/Model_3309_af3_woTemplates_af3_seed_641646_sample_3_pred_723.cif,Model_3309_af3_woTemplates_af3_seed_641646_sample_3_pred_723.cif,3309,AF3,af3_woTemplates,641646,3,723,woTemplates,,False,casp17/massivefold_external_pool_intake/t2313_t330/extracted_models/T2313_all_pdbs/Model_3309_af3_woTemplates_af3_seed_641646_sample_3_pred_723.cif,awaiting_extract,"MassiveFold model pool index only. It parses organizer-provided external model tarball listings and stages balanced extraction/rerank candidates. These models remain external rerank and accuracy-estimation inputs, not internal predictions, not CASP submissions, and not competitive-proof evidence."
4,T2313,T2313_T330,11269,T2313_all_pdbs/Model_7795_af3_woTemplates_af3_seed_641647_sample_4_pred_729.cif,Model_7795_af3_woTemplates_af3_seed_641647_sample_4_pred_729.cif,7795,AF3,af3_woTemplates,641647,4,729,woTemplates,,False,casp17/massivefold_external_pool_intake/t2313_t330/extracted_models/T2313_all_pdbs/Model_7795_af3_woTemplates_af3_seed_641647_sample_4_pred_729.cif,awaiting_extract,"MassiveFold model pool index only. It parses organizer-provided external model tarball listings and stages balanced extraction/rerank candidates. These models remain external rerank and accuracy-estimation inputs, not internal predictions, not CASP submissions, and not competitive-proof evidence."
4,T2313,T2313_T330,11294,T2313_all_pdbs/Model_6824_af3_woTemplates_af3_seed_256858_sample_2_pred_607.cif,Model_6824_af3_woTemplates_af3_seed_256858_sample_2_pred_607.cif,6824,AF3,af3_woTemplates,256858,2,607,woTemplates,,False,casp17/massivefold_external_pool_intake/t2313_t330/extracted_models/T2313_all_pdbs/Model_6824_af3_woTemplates_af3_seed_256858_sample_2_pred_607.cif,awaiting_extract,"MassiveFold model pool index only. It parses organizer-provided external model tarball listings and stages balanced extraction/rerank candidates. These models remain external rerank and accuracy-estimation inputs, not internal predictions, not CASP submissions, and not competitive-proof evidence."
4,T2313,T2313_T330,11309,T2313_all_pdbs/Model_8168_af3_woTemplates_af3_seed_384901_sample_1_pred_336.cif,Model_8168_af3_woTemplates_af3_seed_384901_sample_1_pred_336.cif,8168,AF3,af3_woTemplates,384901,1,336,woTemplates,,False,casp17/massivefold_external_pool_intake/t2313_t330/extracted_models/T2313_all_pdbs/Model_8168_af3_woTemplates_af3_seed_384901_sample_1_pred_336.cif,awaiting_extract,"MassiveFold model pool index only. It parses organizer-provided external model tarball listings and stages balanced extraction/rerank candidates. These models remain external rerank and accuracy-estimation inputs, not internal predictions, not CASP submissions, and not competitive-proof evidence."
4,T2313,T2313_T330,11350,T2313_all_pdbs/Model_3621_af3_woTemplates_af3_seed_384884_sample_4_pred_254.cif,Model_3621_af3_woTemplates_af3_seed_384884_sample_4_pred_254.cif,3621,AF3,af3_woTemplates,384884,4,254,woTemplates,,False,casp17/massivefold_external_pool_intake/t2313_t330/extracted_models/T2313_all_pdbs/Model_3621_af3_woTemplates_af3_seed_384884_sample_4_pred_254.cif,awaiting_extract,"MassiveFold model pool index only. It parses organizer-provided external model tarball listings and stages balanced extraction/rerank candidates. These models remain external rerank and accuracy-estimation inputs, not internal predictions, not CASP submissions, and not competitive-proof evidence."
4,T2313,T2313_T330,11364,T2313_all_pdbs/Model_6897_af3_woTemplates_af3_seed_897884_sample_1_pred_141.cif,Model_6897_af3_woTemplates_af3_seed_897884_sample_1_pred_141.cif,6897,AF3,af3_woTemplates,897884,1,141,woTemplates,,False,casp17/massivefold_external_pool_intake/t2313_t330/extracted_models/T2313_all_pdbs/Model_6897_af3_woTemplates_af3_seed_897884_sample_1_pred_141.cif,awaiting_extract,"MassiveFold model pool index only. It parses organizer-provided external model tarball listings and stages balanced extraction/rerank candidates. These models remain external rerank and accuracy-estimation inputs, not internal predictions, not CASP submissions, and not competitive-proof evidence."
4,T2313,T2313_T330,11369,T2313_all_pdbs/Model_5238_af3_woTemplates_af3_seed_130555_sample_2_pred_752.cif,Model_5238_af3_woTemplates_af3_seed_130555_sample_2_pred_752.cif,5238,AF3,af3_woTemplates,130555,2,752,woTemplates,,False,casp17/massivefold_external_pool_intake/t2313_t330/extracted_models/T2313_all_pdbs/Model_5238_af3_woTemplates_af3_seed_130555_sample_2_pred_752.cif,awaiting_extract,"MassiveFold model pool index only. It parses organizer-provided external model tarball listings and stages balanced extraction/rerank candidates. These models remain external rerank and accuracy-estimation inputs, not internal predictions, not CASP submissions, and not competitive-proof evidence."
4,T2313,T2313_T330,11405,T2313_all_pdbs/Model_7267_af3_woTemplates_af3_seed_994796_sample_1_pred_411.cif,Model_7267_af3_woTemplates_af3_seed_994796_sample_1_pred_411.cif,7267,AF3,af3_woTemplates,994796,1,411,woTemplates,,False,casp17/massivefold_external_pool_intake/t2313_t330/extracted_models/T2313_all_pdbs/Model_7267_af3_woTemplates_af3_seed_994796_sample_1_pred_411.cif,awaiting_extract,"MassiveFold model pool index only. It parses organizer-provided external model tarball listings and stages balanced extraction/rerank candidates. These models remain external rerank and accuracy-estimation inputs, not internal predictions, not CASP submissions, and not competitive-proof evidence."
4,T2313,T2313_T330,11410,T2313_all_pdbs/Model_7275_af3_woTemplates_af3_seed_841350_sample_0_pred_985.cif,Model_7275_af3_woTemplates_af3_seed_841350_sample_0_pred_985.cif,7275,AF3,af3_woTemplates,841350,0,985,woTemplates,,False,casp17/massivefold_external_pool_intake/t2313_t330/extracted_models/T2313_all_pdbs/Model_7275_af3_woTemplates_af3_seed_841350_sample_0_pred_985.cif,awaiting_extract,"MassiveFold model pool index only. It parses organizer-provided external model tarball listings and stages balanced extraction/rerank candidates. These models remain external rerank and accuracy-estimation inputs, not internal predictions, not CASP submissions, and not competitive-proof evidence."
4,T2313,T2313_T330,11411,T2313_all_pdbs/Model_3373_af3_woTemplates_af3_seed_897882_sample_3_pred_133.cif,Model_3373_af3_woTemplates_af3_seed_897882_sample_3_pred_133.cif,3373,AF3,af3_woTemplates,897882,3,133,woTemplates,,False,casp17/massivefold_external_pool_intake/t2313_t330/extracted_models/T2313_all_pdbs/Model_3373_af3_woTemplates_af3_seed_897882_sample_3_pred_133.cif,awaiting_extract,"MassiveFold model pool index only. It parses organizer-provided external model tarball listings and stages balanced extraction/rerank candidates. These models remain external rerank and accuracy-estimation inputs, not internal predictions, not CASP submissions, and not competitive-proof evidence."
4,T2313,T2313_T330,11448,T2313_all_pdbs/Model_6435_af3_woTemplates_af3_seed_841347_sample_4_pred_974.cif,Model_6435_af3_woTemplates_af3_seed_841347_sample_4_pred_974.cif,6435,AF3,af3_woTemplates,841347,4,974,woTemplates,,False,casp17/massivefold_external_pool_intake/t2313_t330/extracted_models/T2313_all_pdbs/Model_6435_af3_woTemplates_af3_seed_841347_sample_4_pred_974.cif,awaiting_extract,"MassiveFold model pool index only. It parses organizer-provided external model tarball listings and stages balanced extraction/rerank candidates. These models remain external rerank and accuracy-estimation inputs, not internal predictions, not CASP submissions, and not competitive-proof evidence."
4,T2313,T2313_T330,11456,T2313_all_pdbs/Model_7264_af3_woTemplates_af3_seed_641648_sample_2_pred_732.cif,Model_7264_af3_woTemplates_af3_seed_641648_sample_2_pred_732.cif,7264,AF3,af3_woTemplates,641648,2,732,woTemplates,,False,casp17/massivefold_external_pool_intake/t2313_t330/extracted_models/T2313_all_pdbs/Model_7264_af3_woTemplates_af3_seed_641648_sample_2_pred_732.cif,awaiting_extract,"MassiveFold model pool index only. It parses organizer-provided external model tarball listings and stages balanced extraction/rerank candidates. These models remain external rerank and accuracy-estimation inputs, not internal predictions, not CASP submissions, and not competitive-proof evidence."
4,T2313,T2313_T330,11488,T2313_all_pdbs/Model_5595_af3_woTemplates_af3_seed_256856_sample_0_pred_595.cif,Model_5595_af3_woTemplates_af3_seed_256856_sample_0_pred_595.cif,5595,AF3,af3_woTemplates,256856,0,595,woTemplates,,False,casp17/massivefold_external_pool_intake/t2313_t330/extracted_models/T2313_all_pdbs/Model_5595_af3_woTemplates_af3_seed_256856_sample_0_pred_595.cif,awaiting_extract,"MassiveFold model pool index only. It parses organizer-provided external model tarball listings and stages balanced extraction/rerank candidates. These models remain external rerank and accuracy-estimation inputs, not internal predictions, not CASP submissions, and not competitive-proof evidence."
4,T2313,T2313_T330,11495,T2313_all_pdbs/Model_6122_af3_woTemplates_af3_seed_384893_sample_3_pred_298.cif,Model_6122_af3_woTemplates_af3_seed_384893_sample_3_pred_298.cif,6122,AF3,af3_woTemplates,384893,3,298,woTemplates,,False,casp17/massivefold_external_pool_intake/t2313_t330/extracted_models/T2313_all_pdbs/Model_6122_af3_woTemplates_af3_seed_384893_sample_3_pred_298.cif,awaiting_extract,"MassiveFold model pool index only. It parses organizer-provided external model tarball listings and stages balanced extraction/rerank candidates. These models remain external rerank and accuracy-estimation inputs, not internal predictions, not CASP submissions, and not competitive-proof evidence."
4,T2313,T2313_T330,11501,T2313_all_pdbs/Model_5820_af3_woTemplates_af3_seed_48212_sample_3_pred_63.cif,Model_5820_af3_woTemplates_af3_seed_48212_sample_3_pred_63.cif,5820,AF3,af3_woTemplates,48212,3,63,woTemplates,,False,casp17/massivefold_external_pool_intake/t2313_t330/extracted_models/T2313_all_pdbs/Model_5820_af3_woTemplates_af3_seed_48212_sample_3_pred_63.cif,awaiting_extract,"MassiveFold model pool index only. It parses organizer-provided external model tarball listings and stages balanced extraction/rerank candidates. These models remain external rerank and accuracy-estimation inputs, not internal predictions, not CASP submissions, and not competitive-proof evidence."
4,T2313,T2313_T330,11529,T2313_all_pdbs/Model_5486_af3_woTemplates_af3_seed_384888_sample_2_pred_272.cif,Model_5486_af3_woTemplates_af3_seed_384888_sample_2_pred_272.cif,5486,AF3,af3_woTemplates,384888,2,272,woTemplates,,False,casp17/massivefold_external_pool_intake/t2313_t330/extracted_models/T2313_all_pdbs/Model_5486_af3_woTemplates_af3_seed_384888_sample_2_pred_272.cif,awaiting_extract,"MassiveFold model pool index only. It parses organizer-provided external model tarball listings and stages balanced extraction/rerank candidates. These models remain external rerank and accuracy-estimation inputs, not internal predictions, not CASP submissions, and not competitive-proof evidence."
4,T2313,T2313_T330,11531,T2313_all_pdbs/Model_6273_af3_woTemplates_af3_seed_384899_sample_3_pred_328.cif,Model_6273_af3_woTemplates_af3_seed_384899_sample_3_pred_328.cif,6273,AF3,af3_woTemplates,384899,3,328,woTemplates,,False,casp17/massivefold_external_pool_intake/t2313_t330/extracted_models/T2313_all_pdbs/Model_6273_af3_woTemplates_af3_seed_384899_sample_3_pred_328.cif,awaiting_extract,"MassiveFold model pool index only. It parses organizer-provided external model tarball listings and stages balanced extraction/rerank candidates. These models remain external rerank and accuracy-estimation inputs, not internal predictions, not CASP submissions, and not competitive-proof evidence."
4,T2313,T2313_T330,11545,T2313_all_pdbs/Model_6162_af3_woTemplates_af3_seed_641633_sample_1_pred_656.cif,Model_6162_af3_woTemplates_af3_seed_641633_sample_1_pred_656.cif,6162,AF3,af3_woTemplates,641633,1,656,woTemplates,,False,casp17/massivefold_external_pool_intake/t2313_t330/extracted_models/T2313_all_pdbs/Model_6162_af3_woTemplates_af3_seed_641633_sample_1_pred_656.cif,awaiting_extract,"MassiveFold model pool index only. It parses organizer-provided external model tarball listings and stages balanced extraction/rerank candidates. These models remain external rerank and accuracy-estimation inputs, not internal predictions, not CASP submissions, and not competitive-proof evidence."
4,T2313,T2313_T330,11553,T2313_all_pdbs/Model_3102_af3_woTemplates_af3_seed_994797_sample_3_pred_418.cif,Model_3102_af3_woTemplates_af3_seed_994797_sample_3_pred_418.cif,3102,AF3,af3_woTemplates,994797,3,418,woTemplates,,False,casp17/massivefold_external_pool_intake/t2313_t330/extracted_models/T2313_all_pdbs/Model_3102_af3_woTemplates_af3_seed_994797_sample_3_pred_418.cif,awaiting_extract,"MassiveFold model pool index only. It parses organizer-provided external model tarball listings and stages balanced extraction/rerank candidates. These models remain external rerank and accuracy-estimation inputs, not internal predictions, not CASP submissions, and not competitive-proof evidence."
4,T2313,T2313_T330,11557,T2313_all_pdbs/Model_4013_af3_woTemplates_af3_seed_130571_sample_2_pred_832.cif,Model_4013_af3_woTemplates_af3_seed_130571_sample_2_pred_832.cif,4013,AF3,af3_woTemplates,130571,2,832,woTemplates,,False,casp17/massivefold_external_pool_intake/t2313_t330/extracted_models/T2313_all_pdbs/Model_4013_af3_woTemplates_af3_seed_130571_sample_2_pred_832.cif,awaiting_extract,"MassiveFold model pool index only. It parses organizer-provided external model tarball listings and stages balanced extraction/rerank candidates. These models remain external rerank and accuracy-estimation inputs, not internal predictions, not CASP submissions, and not competitive-proof evidence."
4,T2313,T2313_T330,11575,T2313_all_pdbs/Model_5793_af3_woTemplates_af3_seed_897905_sample_0_pred_245.cif,Model_5793_af3_woTemplates_af3_seed_897905_sample_0_pred_245.cif,5793,AF3,af3_woTemplates,897905,0,245,woTemplates,,False,casp17/massivefold_external_pool_intake/t2313_t330/extracted_models/T2313_all_pdbs/Model_5793_af3_woTemplates_af3_seed_897905_sample_0_pred_245.cif,awaiting_extract,"MassiveFold model pool index only. It parses organizer-provided external model tarball listings and stages balanced extraction/rerank candidates. These models remain external rerank and accuracy-estimation inputs, not internal predictions, not CASP submissions, and not competitive-proof evidence."
4,T2313,T2313_T330,11599,T2313_all_pdbs/Model_7505_af3_woTemplates_af3_seed_48218_sample_2_pred_92.cif,Model_7505_af3_woTemplates_af3_seed_48218_sample_2_pred_92.cif,7505,AF3,af3_woTemplates,48218,2,92,woTemplates,,False,casp17/massivefold_external_pool_intake/t2313_t330/extracted_models/T2313_all_pdbs/Model_7505_af3_woTemplates_af3_seed_48218_sample_2_pred_92.cif,awaiting_extract,"MassiveFold model pool index only. It parses organizer-provided external model tarball listings and stages balanced extraction/rerank candidates. These models remain external rerank and accuracy-estimation inputs, not internal predictions, not CASP submissions, and not competitive-proof evidence."
4,T2313,T2313_T330,11607,T2313_all_pdbs/Model_5905_af3_woTemplates_af3_seed_48208_sample_0_pred_40.cif,Model_5905_af3_woTemplates_af3_seed_48208_sample_0_pred_40.cif,5905,AF3,af3_woTemplates,48208,0,40,woTemplates,,False,casp17/massivefold_external_pool_intake/t2313_t330/extracted_models/T2313_all_pdbs/Model_5905_af3_woTemplates_af3_seed_48208_sample_0_pred_40.cif,awaiting_extract,"MassiveFold model pool index only. It parses organizer-provided external model tarball listings and stages balanced extraction/rerank candidates. These models remain external rerank and accuracy-estimation inputs, not internal predictions, not CASP submissions, and not competitive-proof evidence."
4,T2313,T2313_T330,11616,T2313_all_pdbs/Model_8151_af3_woTemplates_af3_seed_841351_sample_1_pred_991.cif,Model_8151_af3_woTemplates_af3_seed_841351_sample_1_pred_991.cif,8151,AF3,af3_woTemplates,841351,1,991,woTemplates,,False,casp17/massivefold_external_pool_intake/t2313_t330/extracted_models/T2313_all_pdbs/Model_8151_af3_woTemplates_af3_seed_841351_sample_1_pred_991.cif,awaiting_extract,"MassiveFold model pool index only. It parses organizer-provided external model tarball listings and stages balanced extraction/rerank candidates. These models remain external rerank and accuracy-estimation inputs, not internal predictions, not CASP submissions, and not competitive-proof evidence."
4,T2313,T2313_T330,11620,T2313_all_pdbs/Model_6566_af3_woTemplates_af3_seed_641628_sample_0_pred_630.cif,Model_6566_af3_woTemplates_af3_seed_641628_sample_0_pred_630.cif,6566,AF3,af3_woTemplates,641628,0,630,woTemplates,,False,casp17/massivefold_external_pool_intake/t2313_t330/extracted_models/T2313_all_pdbs/Model_6566_af3_woTemplates_af3_seed_641628_sample_0_pred_630.cif,awaiting_extract,"MassiveFold model pool index only. It parses organizer-provided external model tarball listings and stages balanced extraction/rerank candidates. These models remain external rerank and accuracy-estimation inputs, not internal predictions, not CASP submissions, and not competitive-proof evidence."
4,T2313,T2313_T330,11624,T2313_all_pdbs/Model_6052_af3_woTemplates_af3_seed_994811_sample_0_pred_485.cif,Model_6052_af3_woTemplates_af3_seed_994811_sample_0_pred_485.cif,6052,AF3,af3_woTemplates,994811,0,485,woTemplates,,False,casp17/massivefold_external_pool_intake/t2313_t330/extracted_models/T2313_all_pdbs/Model_6052_af3_woTemplates_af3_seed_994811_sample_0_pred_485.cif,awaiting_extract,"MassiveFold model pool index only. It parses organizer-provided external model tarball listings and stages balanced extraction/rerank candidates. These models remain external rerank and accuracy-estimation inputs, not internal predictions, not CASP submissions, and not competitive-proof evidence."
4,T2313,T2313_T330,11625,T2313_all_pdbs/Model_6429_af3_woTemplates_af3_seed_897893_sample_0_pred_185.cif,Model_6429_af3_woTemplates_af3_seed_897893_sample_0_pred_185.cif,6429,AF3,af3_woTemplates,897893,0,185,woTemplates,,False,casp17/massivefold_external_pool_intake/t2313_t330/extracted_models/T2313_all_pdbs/Model_6429_af3_woTemplates_af3_seed_897893_sample_0_pred_185.cif,awaiting_extract,"MassiveFold model pool index only. It parses organizer-provided external model tarball listings and stages balanced extraction/rerank candidates. These models remain external rerank and accuracy-estimation inputs, not internal predictions, not CASP submissions, and not competitive-proof evidence."
4,T2313,T2313_T330,11678,T2313_all_pdbs/Model_7801_af3_woTemplates_af3_seed_841350_sample_4_pred_989.cif,Model_7801_af3_woTemplates_af3_seed_841350_sample_4_pred_989.cif,7801,AF3,af3_woTemplates,841350,4,989,woTemplates,,False,casp17/massivefold_external_pool_intake/t2313_t330/extracted_models/T2313_all_pdbs/Model_7801_af3_woTemplates_af3_seed_841350_sample_4_pred_989.cif,awaiting_extract,"MassiveFold model pool index only. It parses organizer-provided external model tarball listings and stages balanced extraction/rerank candidates. These models remain external rerank and accuracy-estimation inputs, not internal predictions, not CASP submissions, and not competitive-proof evidence."
4,T2313,T2313_T330,11704,T2313_all_pdbs/Model_6891_af3_woTemplates_af3_seed_897889_sample_1_pred_166.cif,Model_6891_af3_woTemplates_af3_seed_897889_sample_1_pred_166.cif,6891,AF3,af3_woTemplates,897889,1,166,woTemplates,,False,casp17/massivefold_external_pool_intake/t2313_t330/extracted_models/T2313_all_pdbs/Model_6891_af3_woTemplates_af3_seed_897889_sample_1_pred_166.cif,awaiting_extract,"MassiveFold model pool index only. It parses organizer-provided external model tarball listings and stages balanced extraction/rerank candidates. These models remain external rerank and accuracy-estimation inputs, not internal predictions, not CASP submissions, and not competitive-proof evidence."
4,T2313,T2313_T330,11705,T2313_all_pdbs/Model_4742_af3_woTemplates_af3_seed_994800_sample_1_pred_431.cif,Model_4742_af3_woTemplates_af3_seed_994800_sample_1_pred_431.cif,4742,AF3,af3_woTemplates,994800,1,431,woTemplates,,False,casp17/massivefold_external_pool_intake/t2313_t330/extracted_models/T2313_all_pdbs/Model_4742_af3_woTemplates_af3_seed_994800_sample_1_pred_431.cif,awaiting_extract,"MassiveFold model pool index only. It parses organizer-provided external model tarball listings and stages balanced extraction/rerank candidates. These models remain external rerank and accuracy-estimation inputs, not internal predictions, not CASP submissions, and not competitive-proof evidence."
4,T2313,T2313_T330,11708,T2313_all_pdbs/Model_4613_af3_woTemplates_af3_seed_994800_sample_3_pred_433.cif,Model_4613_af3_woTemplates_af3_seed_994800_sample_3_pred_433.cif,4613,AF3,af3_woTemplates,994800,3,433,woTemplates,,False,casp17/massivefold_external_pool_intake/t2313_t330/extracted_models/T2313_all_pdbs/Model_4613_af3_woTemplates_af3_seed_994800_sample_3_pred_433.cif,awaiting_extract,"MassiveFold model pool index only. It parses organizer-provided external model tarball listings and stages balanced extraction/rerank candidates. These models remain external rerank and accuracy-estimation inputs, not internal predictions, not CASP submissions, and not competitive-proof evidence."
4,T2313,T2313_T330,11714,T2313_all_pdbs/Model_3662_af3_woTemplates_af3_seed_841336_sample_3_pred_918.cif,Model_3662_af3_woTemplates_af3_seed_841336_sample_3_pred_918.cif,3662,AF3,af3_woTemplates,841336,3,918,woTemplates,,False,casp17/massivefold_external_pool_intake/t2313_t330/extracted_models/T2313_all_pdbs/Model_3662_af3_woTemplates_af3_seed_841336_sample_3_pred_918.cif,awaiting_extract,"MassiveFold model pool index only. It parses organizer-provided external model tarball listings and stages balanced extraction/rerank candidates. These models remain external rerank and accuracy-estimation inputs, not internal predictions, not CASP submissions, and not competitive-proof evidence."
4,T2313,T2313_T330,11744,T2313_all_pdbs/Model_5897_af3_woTemplates_af3_seed_48213_sample_0_pred_65.cif,Model_5897_af3_woTemplates_af3_seed_48213_sample_0_pred_65.cif,5897,AF3,af3_woTemplates,48213,0,65,woTemplates,,False,casp17/massivefold_external_pool_intake/t2313_t330/extracted_models/T2313_all_pdbs/Model_5897_af3_woTemplates_af3_seed_48213_sample_0_pred_65.cif,awaiting_extract,"MassiveFold model pool index only. It parses organizer-provided external model tarball listings and stages balanced extraction/rerank candidates. These models remain external rerank and accuracy-estimation inputs, not internal predictions, not CASP submissions, and not competitive-proof evidence."
4,T2313,T2313_T330,11756,T2313_all_pdbs/Model_7097_af3_woTemplates_af3_seed_48221_sample_2_pred_107.cif,Model_7097_af3_woTemplates_af3_seed_48221_sample_2_pred_107.cif,7097,AF3,af3_woTemplates,48221,2,107,woTemplates,,False,casp17/massivefold_external_pool_intake/t2313_t330/extracted_models/T2313_all_pdbs/Model_7097_af3_woTemplates_af3_seed_48221_sample_2_pred_107.cif,awaiting_extract,"MassiveFold model pool index only. It parses organizer-provided external model tarball listings and stages balanced extraction/rerank candidates. These models remain external rerank and accuracy-estimation inputs, not internal predictions, not CASP submissions, and not competitive-proof evidence."
4,T2313,T2313_T330,11773,T2313_all_pdbs/Model_5103_af3_woTemplates_af3_seed_130555_sample_0_pred_750.cif,Model_5103_af3_woTemplates_af3_seed_130555_sample_0_pred_750.cif,5103,AF3,af3_woTemplates,130555,0,750,woTemplates,,False,casp17/massivefold_external_pool_intake/t2313_t330/extracted_models/T2313_all_pdbs/Model_5103_af3_woTemplates_af3_seed_130555_sample_0_pred_750.cif,awaiting_extract,"MassiveFold model pool index only. It parses organizer-provided external model tarball listings and stages balanced extraction/rerank candidates. These models remain external rerank and accuracy-estimation inputs, not internal predictions, not CASP submissions, and not competitive-proof evidence."
4,T2313,T2313_T330,11775,T2313_all_pdbs/Model_5453_af3_woTemplates_af3_seed_48213_sample_2_pred_67.cif,Model_5453_af3_woTemplates_af3_seed_48213_sample_2_pred_67.cif,5453,AF3,af3_woTemplates,48213,2,67,woTemplates,,False,casp17/massivefold_external_pool_intake/t2313_t330/extracted_models/T2313_all_pdbs/Model_5453_af3_woTemplates_af3_seed_48213_sample_2_pred_67.cif,awaiting_extract,"MassiveFold model pool index only. It parses organizer-provided external model tarball listings and stages balanced extraction/rerank candidates. These models remain external rerank and accuracy-estimation inputs, not internal predictions, not CASP submissions, and not competitive-proof evidence."
4,T2313,T2313_T330,11779,T2313_all_pdbs/Model_3735_af3_woTemplates_af3_seed_841342_sample_1_pred_946.cif,Model_3735_af3_woTemplates_af3_seed_841342_sample_1_pred_946.cif,3735,AF3,af3_woTemplates,841342,1,946,woTemplates,,False,casp17/massivefold_external_pool_intake/t2313_t330/extracted_models/T2313_all_pdbs/Model_3735_af3_woTemplates_af3_seed_841342_sample_1_pred_946.cif,awaiting_extract,"MassiveFold model pool index only. It parses organizer-provided external model tarball listings and stages balanced extraction/rerank candidates. These models remain external rerank and accuracy-estimation inputs, not internal predictions, not CASP submissions, and not competitive-proof evidence."
4,T2313,T2313_T330,11781,T2313_all_pdbs/Model_6161_af3_woTemplates_af3_seed_384900_sample_1_pred_331.cif,Model_6161_af3_woTemplates_af3_seed_384900_sample_1_pred_331.cif,6161,AF3,af3_woTemplates,384900,1,331,woTemplates,,False,casp17/massivefold_external_pool_intake/t2313_t330/extracted_models/T2313_all_pdbs/Model_6161_af3_woTemplates_af3_seed_384900_sample_1_pred_331.cif,awaiting_extract,"MassiveFold model pool index only. It parses organizer-provided external model tarball listings and stages balanced extraction/rerank candidates. These models remain external rerank and accuracy-estimation inputs, not internal predictions, not CASP submissions, and not competitive-proof evidence."
4,T2313,T2313_T330,11812,T2313_all_pdbs/Model_5364_af3_woTemplates_af3_seed_256861_sample_0_pred_620.cif,Model_5364_af3_woTemplates_af3_seed_256861_sample_0_pred_620.cif,5364,AF3,af3_woTemplates,256861,0,620,woTemplates,,False,casp17/massivefold_external_pool_intake/t2313_t330/extracted_models/T2313_all_pdbs/Model_5364_af3_woTemplates_af3_seed_256861_sample_0_pred_620.cif,awaiting_extract,"MassiveFold model pool index only. It parses organizer-provided external model tarball listings and stages balanced extraction/rerank candidates. These models remain external rerank and accuracy-estimation inputs, not internal predictions, not CASP submissions, and not competitive-proof evidence."
4,T2313,T2313_T330,11825,T2313_all_pdbs/Model_5749_af3_woTemplates_af3_seed_384895_sample_1_pred_306.cif,Model_5749_af3_woTemplates_af3_seed_384895_sample_1_pred_306.cif,5749,AF3,af3_woTemplates,384895,1,306,woTemplates,,False,casp17/massivefold_external_pool_intake/t2313_t330/extracted_models/T2313_all_pdbs/Model_5749_af3_woTemplates_af3_seed_384895_sample_1_pred_306.cif,awaiting_extract,"MassiveFold model pool index only. It parses organizer-provided external model tarball listings and stages balanced extraction/rerank candidates. These models remain external rerank and accuracy-estimation inputs, not internal predictions, not CASP submissions, and not competitive-proof evidence."
4,T2313,T2313_T330,11830,T2313_all_pdbs/Model_7181_af3_woTemplates_af3_seed_841351_sample_3_pred_993.cif,Model_7181_af3_woTemplates_af3_seed_841351_sample_3_pred_993.cif,7181,AF3,af3_woTemplates,841351,3,993,woTemplates,,False,casp17/massivefold_external_pool_intake/t2313_t330/extracted_models/T2313_all_pdbs/Model_7181_af3_woTemplates_af3_seed_841351_sample_3_pred_993.cif,awaiting_extract,"MassiveFold model pool index only. It parses organizer-provided external model tarball listings and stages balanced extraction/rerank candidates. These models remain external rerank and accuracy-estimation inputs, not internal predictions, not CASP submissions, and not competitive-proof evidence."
4,T2313,T2313_T330,11843,T2313_all_pdbs/Model_4334_af3_woTemplates_af3_seed_841343_sample_2_pred_952.cif,Model_4334_af3_woTemplates_af3_seed_841343_sample_2_pred_952.cif,4334,AF3,af3_woTemplates,841343,2,952,woTemplates,,False,casp17/massivefold_external_pool_intake/t2313_t330/extracted_models/T2313_all_pdbs/Model_4334_af3_woTemplates_af3_seed_841343_sample_2_pred_952.cif,awaiting_extract,"MassiveFold model pool index only. It parses organizer-provided external model tarball listings and stages balanced extraction/rerank candidates. These models remain external rerank and accuracy-estimation inputs, not internal predictions, not CASP submissions, and not competitive-proof evidence."
4,T2313,T2313_T330,11857,T2313_all_pdbs/Model_6433_af3_woTemplates_af3_seed_256859_sample_4_pred_614.cif,Model_6433_af3_woTemplates_af3_seed_256859_sample_4_pred_614.cif,6433,AF3,af3_woTemplates,256859,4,614,woTemplates,,False,casp17/massivefold_external_pool_intake/t2313_t330/extracted_models/T2313_all_pdbs/Model_6433_af3_woTemplates_af3_seed_256859_sample_4_pred_614.cif,awaiting_extract,"MassiveFold model pool index only. It parses organizer-provided external model tarball listings and stages balanced extraction/rerank candidates. These models remain external rerank and accuracy-estimation inputs, not internal predictions, not CASP submissions, and not competitive-proof evidence."
4,T2313,T2313_T330,11858,T2313_all_pdbs/Model_4883_af3_woTemplates_af3_seed_641641_sample_1_pred_696.cif,Model_4883_af3_woTemplates_af3_seed_641641_sample_1_pred_696.cif,4883,AF3,af3_woTemplates,641641,1,696,woTemplates,,False,casp17/massivefold_external_pool_intake/t2313_t330/extracted_models/T2313_all_pdbs/Model_4883_af3_woTemplates_af3_seed_641641_sample_1_pred_696.cif,awaiting_extract,"MassiveFold model pool index only. It parses organizer-provided external model tarball listings and stages balanced extraction/rerank candidates. These models remain external rerank and accuracy-estimation inputs, not internal predictions, not CASP submissions, and not competitive-proof evidence."
4,T2313,T2313_T330,11878,T2313_all_pdbs/Model_4881_af3_woTemplates_af3_seed_256850_sample_4_pred_569.cif,Model_4881_af3_woTemplates_af3_seed_256850_sample_4_pred_569.cif,4881,AF3,af3_woTemplates,256850,4,569,woTemplates,,False,casp17/massivefold_external_pool_intake/t2313_t330/extracted_models/T2313_all_pdbs/Model_4881_af3_woTemplates_af3_seed_256850_sample_4_pred_569.cif,awaiting_extract,"MassiveFold model pool index only. It parses organizer-provided external model tarball listings and stages balanced extraction/rerank candidates. These models remain external rerank and accuracy-estimation inputs, not internal predictions, not CASP submissions, and not competitive-proof evidence."
4,T2313,T2313_T330,11880,T2313_all_pdbs/Model_4888_af3_woTemplates_af3_seed_641634_sample_1_pred_661.cif,Model_4888_af3_woTemplates_af3_seed_641634_sample_1_pred_661.cif,4888,AF3,af3_woTemplates,641634,1,661,woTemplates,,False,casp17/massivefold_external_pool_intake/t2313_t330/extracted_models/T2313_all_pdbs/Model_4888_af3_woTemplates_af3_seed_641634_sample_1_pred_661.cif,awaiting_extract,"MassiveFold model pool index only. It parses organizer-provided external model tarball listings and stages balanced extraction/rerank candidates. These models remain external rerank and accuracy-estimation inputs, not internal predictions, not CASP submissions, and not competitive-proof evidence."
4,T2313,T2313_T330,11896,T2313_all_pdbs/Model_8153_af3_woTemplates_af3_seed_384885_sample_4_pred_259.cif,Model_8153_af3_woTemplates_af3_seed_384885_sample_4_pred_259.cif,8153,AF3,af3_woTemplates,384885,4,259,woTemplates,,False,casp17/massivefold_external_pool_intake/t2313_t330/extracted_models/T2313_all_pdbs/Model_8153_af3_woTemplates_af3_seed_384885_sample_4_pred_259.cif,awaiting_extract,"MassiveFold model pool index only. It parses organizer-provided external model tarball listings and stages balanced extraction/rerank candidates. These models remain external rerank and accuracy-estimation inputs, not internal predictions, not CASP submissions, and not competitive-proof evidence."
4,T2313,T2313_T330,11899,T2313_all_pdbs/Model_5020_af3_woTemplates_af3_seed_641638_sample_2_pred_682.cif,Model_5020_af3_woTemplates_af3_seed_641638_sample_2_pred_682.cif,5020,AF3,af3_woTemplates,641638,2,682,woTemplates,,False,casp17/massivefold_external_pool_intake/t2313_t330/extracted_models/T2313_all_pdbs/Model_5020_af3_woTemplates_af3_seed_641638_sample_2_pred_682.cif,awaiting_extract,"MassiveFold model pool index only. It parses organizer-provided external model tarball listings and stages balanced extraction/rerank candidates. These models remain external rerank and accuracy-estimation inputs, not internal predictions, not CASP submissions, and not competitive-proof evidence."
4,T2313,T2313_T330,11967,T2313_all_pdbs/Model_8157_af3_woTemplates_af3_seed_841345_sample_4_pred_964.cif,Model_8157_af3_woTemplates_af3_seed_841345_sample_4_pred_964.cif,8157,AF3,af3_woTemplates,841345,4,964,woTemplates,,False,casp17/massivefold_external_pool_intake/t2313_t330/extracted_models/T2313_all_pdbs/Model_8157_af3_woTemplates_af3_seed_841345_sample_4_pred_964.cif,awaiting_extract,"MassiveFold model pool index only. It parses organizer-provided external model tarball listings and stages balanced extraction/rerank candidates. These models remain external rerank and accuracy-estimation inputs, not internal predictions, not CASP submissions, and not competitive-proof evidence."
4,T2313,T2313_T330,11971,T2313_all_pdbs/Model_2525_af3_woTemplates_af3_seed_897897_sample_0_pred_205.cif,Model_2525_af3_woTemplates_af3_seed_897897_sample_0_pred_205.cif,2525,AF3,af3_woTemplates,897897,0,205,woTemplates,107,True,casp17/massivefold_external_pool_intake/t2313_t330/extracted_models/T2313_all_pdbs/Model_2525_af3_woTemplates_af3_seed_897897_sample_0_pred_205.cif,extracted,"MassiveFold model pool index only. It parses organizer-provided external model tarball listings and stages balanced extraction/rerank candidates. These models remain external rerank and accuracy-estimation inputs, not internal predictions, not CASP submissions, and not competitive-proof evidence."
4,T2313,T2313_T330,11972,T2313_all_pdbs/Model_6102_af3_woTemplates_af3_seed_641628_sample_2_pred_632.cif,Model_6102_af3_woTemplates_af3_seed_641628_sample_2_pred_632.cif,6102,AF3,af3_woTemplates,641628,2,632,woTemplates,,False,casp17/massivefold_external_pool_intake/t2313_t330/extracted_models/T2313_all_pdbs/Model_6102_af3_woTemplates_af3_seed_641628_sample_2_pred_632.cif,awaiting_extract,"MassiveFold model pool index only. It parses organizer-provided external model tarball listings and stages balanced extraction/rerank candidates. These models remain external rerank and accuracy-estimation inputs, not internal predictions, not CASP submissions, and not competitive-proof evidence."
4,T2313,T2313_T330,11973,T2313_all_pdbs/Model_6117_af3_woTemplates_af3_seed_384903_sample_3_pred_348.cif,Model_6117_af3_woTemplates_af3_seed_384903_sample_3_pred_348.cif,6117,AF3,af3_woTemplates,384903,3,348,woTemplates,,False,casp17/massivefold_external_pool_intake/t2313_t330/extracted_models/T2313_all_pdbs/Model_6117_af3_woTemplates_af3_seed_384903_sample_3_pred_348.cif,awaiting_extract,"MassiveFold model pool index only. It parses organizer-provided external model tarball listings and stages balanced extraction/rerank candidates. These models remain external rerank and accuracy-estimation inputs, not internal predictions, not CASP submissions, and not competitive-proof evidence."
4,T2313,T2313_T330,12035,T2313_all_pdbs/Model_5706_af3_woTemplates_af3_seed_641643_sample_4_pred_709.cif,Model_5706_af3_woTemplates_af3_seed_641643_sample_4_pred_709.cif,5706,AF3,af3_woTemplates,641643,4,709,woTemplates,,False,casp17/massivefold_external_pool_intake/t2313_t330/extracted_models/T2313_all_pdbs/Model_5706_af3_woTemplates_af3_seed_641643_sample_4_pred_709.cif,awaiting_extract,"MassiveFold model pool index only. It parses organizer-provided external model tarball listings and stages balanced extraction/rerank candidates. These models remain external rerank and accuracy-estimation inputs, not internal predictions, not CASP submissions, and not competitive-proof evidence."
4,T2313,T2313_T330,12037,T2313_all_pdbs/Model_5773_af3_woTemplates_af3_seed_641640_sample_4_pred_694.cif,Model_5773_af3_woTemplates_af3_seed_641640_sample_4_pred_694.cif,5773,AF3,af3_woTemplates,641640,4,694,woTemplates,,False,casp17/massivefold_external_pool_intake/t2313_t330/extracted_models/T2313_all_pdbs/Model_5773_af3_woTemplates_af3_seed_641640_sample_4_pred_694.cif,awaiting_extract,"MassiveFold model pool index only. It parses organizer-provided external model tarball listings and stages balanced extraction/rerank candidates. These models remain external rerank and accuracy-estimation inputs, not internal predictions, not CASP submissions, and not competitive-proof evidence."
4,T2313,T2313_T330,12078,T2313_all_pdbs/Model_6111_af3_woTemplates_af3_seed_130557_sample_3_pred_763.cif,Model_6111_af3_woTemplates_af3_seed_130557_sample_3_pred_763.cif,6111,AF3,af3_woTemplates,130557,3,763,woTemplates,,False,casp17/massivefold_external_pool_intake/t2313_t330/extracted_models/T2313_all_pdbs/Model_6111_af3_woTemplates_af3_seed_130557_sample_3_pred_763.cif,awaiting_extract,"MassiveFold model pool index only. It parses organizer-provided external model tarball listings and stages balanced extraction/rerank candidates. These models remain external rerank and accuracy-estimation inputs, not internal predictions, not CASP submissions, and not competitive-proof evidence."
4,T2313,T2313_T330,12093,T2313_all_pdbs/Model_6336_af3_woTemplates_af3_seed_897883_sample_0_pred_135.cif,Model_6336_af3_woTemplates_af3_seed_897883_sample_0_pred_135.cif,6336,AF3,af3_woTemplates,897883,0,135,woTemplates,,False,casp17/massivefold_external_pool_intake/t2313_t330/extracted_models/T2313_all_pdbs/Model_6336_af3_woTemplates_af3_seed_897883_sample_0_pred_135.cif,awaiting_extract,"MassiveFold model pool index only. It parses organizer-provided external model tarball listings and stages balanced extraction/rerank candidates. These models remain external rerank and accuracy-estimation inputs, not internal predictions, not CASP submissions, and not competitive-proof evidence."
4,T2313,T2313_T330,12105,T2313_all_pdbs/Model_4064_af3_woTemplates_af3_seed_897882_sample_0_pred_130.cif,Model_4064_af3_woTemplates_af3_seed_897882_sample_0_pred_130.cif,4064,AF3,af3_woTemplates,897882,0,130,woTemplates,,False,casp17/massivefold_external_pool_intake/t2313_t330/extracted_models/T2313_all_pdbs/Model_4064_af3_woTemplates_af3_seed_897882_sample_0_pred_130.cif,awaiting_extract,"MassiveFold model pool index only. It parses organizer-provided external model tarball listings and stages balanced extraction/rerank candidates. These models remain external rerank and accuracy-estimation inputs, not internal predictions, not CASP submissions, and not competitive-proof evidence."
4,T2313,T2313_T330,12108,T2313_all_pdbs/Model_6202_af3_woTemplates_af3_seed_897883_sample_3_pred_138.cif,Model_6202_af3_woTemplates_af3_seed_897883_sample_3_pred_138.cif,6202,AF3,af3_woTemplates,897883,3,138,woTemplates,,False,casp17/massivefold_external_pool_intake/t2313_t330/extracted_models/T2313_all_pdbs/Model_6202_af3_woTemplates_af3_seed_897883_sample_3_pred_138.cif,awaiting_extract,"MassiveFold model pool index only. It parses organizer-provided external model tarball listings and stages balanced extraction/rerank candidates. These models remain external rerank and accuracy-estimation inputs, not internal predictions, not CASP submissions, and not competitive-proof evidence."
4,T2313,T2313_T330,12118,T2313_all_pdbs/Model_3759_af3_woTemplates_af3_seed_130571_sample_4_pred_834.cif,Model_3759_af3_woTemplates_af3_seed_130571_sample_4_pred_834.cif,3759,AF3,af3_woTemplates,130571,4,834,woTemplates,,False,casp17/massivefold_external_pool_intake/t2313_t330/extracted_models/T2313_all_pdbs/Model_3759_af3_woTemplates_af3_seed_130571_sample_4_pred_834.cif,awaiting_extract,"MassiveFold model pool index only. It parses organizer-provided external model tarball listings and stages balanced extraction/rerank candidates. These models remain external rerank and accuracy-estimation inputs, not internal predictions, not CASP submissions, and not competitive-proof evidence."
4,T2313,T2313_T330,12125,T2313_all_pdbs/Model_5668_af3_woTemplates_af3_seed_641636_sample_3_pred_673.cif,Model_5668_af3_woTemplates_af3_seed_641636_sample_3_pred_673.cif,5668,AF3,af3_woTemplates,641636,3,673,woTemplates,,False,casp17/massivefold_external_pool_intake/t2313_t330/extracted_models/T2313_all_pdbs/Model_5668_af3_woTemplates_af3_seed_641636_sample_3_pred_673.cif,awaiting_extract,"MassiveFold model pool index only. It parses organizer-provided external model tarball listings and stages balanced extraction/rerank candidates. These models remain external rerank and accuracy-estimation inputs, not internal predictions, not CASP submissions, and not competitive-proof evidence."
4,T2313,T2313_T330,12131,T2313_all_pdbs/Model_8160_af3_woTemplates_af3_seed_897885_sample_2_pred_147.cif,Model_8160_af3_woTemplates_af3_seed_897885_sample_2_pred_147.cif,8160,AF3,af3_woTemplates,897885,2,147,woTemplates,,False,casp17/massivefold_external_pool_intake/t2313_t330/extracted_models/T2313_all_pdbs/Model_8160_af3_woTemplates_af3_seed_897885_sample_2_pred_147.cif,awaiting_extract,"MassiveFold model pool index only. It parses organizer-provided external model tarball listings and stages balanced extraction/rerank candidates. These models remain external rerank and accuracy-estimation inputs, not internal predictions, not CASP submissions, and not competitive-proof evidence."
4,T2313,T2313_T330,12138,T2313_all_pdbs/Model_5052_af3_woTemplates_af3_seed_841341_sample_3_pred_943.cif,Model_5052_af3_woTemplates_af3_seed_841341_sample_3_pred_943.cif,5052,AF3,af3_woTemplates,841341,3,943,woTemplates,,False,casp17/massivefold_external_pool_intake/t2313_t330/extracted_models/T2313_all_pdbs/Model_5052_af3_woTemplates_af3_seed_841341_sample_3_pred_943.cif,awaiting_extract,"MassiveFold model pool index only. It parses organizer-provided external model tarball listings and stages balanced extraction/rerank candidates. These models remain external rerank and accuracy-estimation inputs, not internal predictions, not CASP submissions, and not competitive-proof evidence."
4,T2313,T2313_T330,12149,T2313_all_pdbs/Model_6624_af3_woTemplates_af3_seed_130573_sample_0_pred_840.cif,Model_6624_af3_woTemplates_af3_seed_130573_sample_0_pred_840.cif,6624,AF3,af3_woTemplates,130573,0,840,woTemplates,,False,casp17/massivefold_external_pool_intake/t2313_t330/extracted_models/T2313_all_pdbs/Model_6624_af3_woTemplates_af3_seed_130573_sample_0_pred_840.cif,awaiting_extract,"MassiveFold model pool index only. It parses organizer-provided external model tarball listings and stages balanced extraction/rerank candidates. These models remain external rerank and accuracy-estimation inputs, not internal predictions, not CASP submissions, and not competitive-proof evidence."
4,T2313,T2313_T330,12189,T2313_all_pdbs/Model_4875_af3_woTemplates_af3_seed_641641_sample_3_pred_698.cif,Model_4875_af3_woTemplates_af3_seed_641641_sample_3_pred_698.cif,4875,AF3,af3_woTemplates,641641,3,698,woTemplates,,False,casp17/massivefold_external_pool_intake/t2313_t330/extracted_models/T2313_all_pdbs/Model_4875_af3_woTemplates_af3_seed_641641_sample_3_pred_698.cif,awaiting_extract,"MassiveFold model pool index only. It parses organizer-provided external model tarball listings and stages balanced extraction/rerank candidates. These models remain external rerank and accuracy-estimation inputs, not internal predictions, not CASP submissions, and not competitive-proof evidence."
4,T2313,T2313_T330,12191,T2313_all_pdbs/Model_5288_af3_woTemplates_af3_seed_641638_sample_3_pred_683.cif,Model_5288_af3_woTemplates_af3_seed_641638_sample_3_pred_683.cif,5288,AF3,af3_woTemplates,641638,3,683,woTemplates,,False,casp17/massivefold_external_pool_intake/t2313_t330/extracted_models/T2313_all_pdbs/Model_5288_af3_woTemplates_af3_seed_641638_sample_3_pred_683.cif,awaiting_extract,"MassiveFold model pool index only. It parses organizer-provided external model tarball listings and stages balanced extraction/rerank candidates. These models remain external rerank and accuracy-estimation inputs, not internal predictions, not CASP submissions, and not competitive-proof evidence."
4,T2313,T2313_T330,12193,T2313_all_pdbs/Model_6826_af3_woTemplates_af3_seed_641635_sample_0_pred_665.cif,Model_6826_af3_woTemplates_af3_seed_641635_sample_0_pred_665.cif,6826,AF3,af3_woTemplates,641635,0,665,woTemplates,,False,casp17/massivefold_external_pool_intake/t2313_t330/extracted_models/T2313_all_pdbs/Model_6826_af3_woTemplates_af3_seed_641635_sample_0_pred_665.cif,awaiting_extract,"MassiveFold model pool index only. It parses organizer-provided external model tarball listings and stages balanced extraction/rerank candidates. These models remain external rerank and accuracy-estimation inputs, not internal predictions, not CASP submissions, and not competitive-proof evidence."
4,T2313,T2313_T330,12205,T2313_all_pdbs/Model_7800_af3_woTemplates_af3_seed_130556_sample_0_pred_755.cif,Model_7800_af3_woTemplates_af3_seed_130556_sample_0_pred_755.cif,7800,AF3,af3_woTemplates,130556,0,755,woTemplates,,False,casp17/massivefold_external_pool_intake/t2313_t330/extracted_models/T2313_all_pdbs/Model_7800_af3_woTemplates_af3_seed_130556_sample_0_pred_755.cif,awaiting_extract,"MassiveFold model pool index only. It parses organizer-provided external model tarball listings and stages balanced extraction/rerank candidates. These models remain external rerank and accuracy-estimation inputs, not internal predictions, not CASP submissions, and not competitive-proof evidence."
4,T2313,T2313_T330,12214,T2313_all_pdbs/Model_4302_af3_woTemplates_af3_seed_384891_sample_3_pred_288.cif,Model_4302_af3_woTemplates_af3_seed_384891_sample_3_pred_288.cif,4302,AF3,af3_woTemplates,384891,3,288,woTemplates,,False,casp17/massivefold_external_pool_intake/t2313_t330/extracted_models/T2313_all_pdbs/Model_4302_af3_woTemplates_af3_seed_384891_sample_3_pred_288.cif,awaiting_extract,"MassiveFold model pool index only. It parses organizer-provided external model tarball listings and stages balanced extraction/rerank candidates. These models remain external rerank and accuracy-estimation inputs, not internal predictions, not CASP submissions, and not competitive-proof evidence."
4,T2313,T2313_T330,12229,T2313_all_pdbs/Model_6333_af3_woTemplates_af3_seed_897890_sample_4_pred_174.cif,Model_6333_af3_woTemplates_af3_seed_897890_sample_4_pred_174.cif,6333,AF3,af3_woTemplates,897890,4,174,woTemplates,,False,casp17/massivefold_external_pool_intake/t2313_t330/extracted_models/T2313_all_pdbs/Model_6333_af3_woTemplates_af3_seed_897890_sample_4_pred_174.cif,awaiting_extract,"MassiveFold model pool index only. It parses organizer-provided external model tarball listings and stages balanced extraction/rerank candidates. These models remain external rerank and accuracy-estimation inputs, not internal predictions, not CASP submissions, and not competitive-proof evidence."
4,T2313,T2313_T330,12230,T2313_all_pdbs/Model_4947_af3_woTemplates_af3_seed_256844_sample_3_pred_538.cif,Model_4947_af3_woTemplates_af3_seed_256844_sample_3_pred_538.cif,4947,AF3,af3_woTemplates,256844,3,538,woTemplates,,False,casp17/massivefold_external_pool_intake/t2313_t330/extracted_models/T2313_all_pdbs/Model_4947_af3_woTemplates_af3_seed_256844_sample_3_pred_538.cif,awaiting_extract,"MassiveFold model pool index only. It parses organizer-provided external model tarball listings and stages balanced extraction/rerank candidates. These models remain external rerank and accuracy-estimation inputs, not internal predictions, not CASP submissions, and not competitive-proof evidence."
4,T2313,T2313_T330,12232,T2313_all_pdbs/Model_8499_af3_woTemplates_af3_seed_641648_sample_0_pred_730.cif,Model_8499_af3_woTemplates_af3_seed_641648_sample_0_pred_730.cif,8499,AF3,af3_woTemplates,641648,0,730,woTemplates,,False,casp17/massivefold_external_pool_intake/t2313_t330/extracted_models/T2313_all_pdbs/Model_8499_af3_woTemplates_af3_seed_641648_sample_0_pred_730.cif,awaiting_extract,"MassiveFold model pool index only. It parses organizer-provided external model tarball listings and stages balanced extraction/rerank candidates. These models remain external rerank and accuracy-estimation inputs, not internal predictions, not CASP submissions, and not competitive-proof evidence."
4,T2313,T2313_T330,12241,T2313_all_pdbs/Model_5787_af3_woTemplates_af3_seed_256849_sample_4_pred_564.cif,Model_5787_af3_woTemplates_af3_seed_256849_sample_4_pred_564.cif,5787,AF3,af3_woTemplates,256849,4,564,woTemplates,,False,casp17/massivefold_external_pool_intake/t2313_t330/extracted_models/T2313_all_pdbs/Model_5787_af3_woTemplates_af3_seed_256849_sample_4_pred_564.cif,awaiting_extract,"MassiveFold model pool index only. It parses organizer-provided external model tarball listings and stages balanced extraction/rerank candidates. These models remain external rerank and accuracy-estimation inputs, not internal predictions, not CASP submissions, and not competitive-proof evidence."
4,T2313,T2313_T330,12254,T2313_all_pdbs/Model_6422_af3_woTemplates_af3_seed_384898_sample_4_pred_324.cif,Model_6422_af3_woTemplates_af3_seed_384898_sample_4_pred_324.cif,6422,AF3,af3_woTemplates,384898,4,324,woTemplates,,False,casp17/massivefold_external_pool_intake/t2313_t330/extracted_models/T2313_all_pdbs/Model_6422_af3_woTemplates_af3_seed_384898_sample_4_pred_324.cif,awaiting_extract,"MassiveFold model pool index only. It parses organizer-provided external model tarball listings and stages balanced extraction/rerank candidates. These models remain external rerank and accuracy-estimation inputs, not internal predictions, not CASP submissions, and not competitive-proof evidence."
4,T2313,T2313_T330,12270,T2313_all_pdbs/Model_5035_af3_woTemplates_af3_seed_841349_sample_0_pred_980.cif,Model_5035_af3_woTemplates_af3_seed_841349_sample_0_pred_980.cif,5035,AF3,af3_woTemplates,841349,0,980,woTemplates,,False,casp17/massivefold_external_pool_intake/t2313_t330/extracted_models/T2313_all_pdbs/Model_5035_af3_woTemplates_af3_seed_841349_sample_0_pred_980.cif,awaiting_extract,"MassiveFold model pool index only. It parses organizer-provided external model tarball listings and stages balanced extraction/rerank candidates. These models remain external rerank and accuracy-estimation inputs, not internal predictions, not CASP submissions, and not competitive-proof evidence."
4,T2313,T2313_T330,12297,T2313_all_pdbs/Model_4939_af3_woTemplates_af3_seed_841334_sample_2_pred_907.cif,Model_4939_af3_woTemplates_af3_seed_841334_sample_2_pred_907.cif,4939,AF3,af3_woTemplates,841334,2,907,woTemplates,,False,casp17/massivefold_external_pool_intake/t2313_t330/extracted_models/T2313_all_pdbs/Model_4939_af3_woTemplates_af3_seed_841334_sample_2_pred_907.cif,awaiting_extract,"MassiveFold model pool index only. It parses organizer-provided external model tarball listings and stages balanced extraction/rerank candidates. These models remain external rerank and accuracy-estimation inputs, not internal predictions, not CASP submissions, and not competitive-proof evidence."
4,T2313,T2313_T330,12300,T2313_all_pdbs/Model_6905_af3_woTemplates_af3_seed_994796_sample_2_pred_412.cif,Model_6905_af3_woTemplates_af3_seed_994796_sample_2_pred_412.cif,6905,AF3,af3_woTemplates,994796,2,412,woTemplates,,False,casp17/massivefold_external_pool_intake/t2313_t330/extracted_models/T2313_all_pdbs/Model_6905_af3_woTemplates_af3_seed_994796_sample_2_pred_412.cif,awaiting_extract,"MassiveFold model pool index only. It parses organizer-provided external model tarball listings and stages balanced extraction/rerank candidates. These models remain external rerank and accuracy-estimation inputs, not internal predictions, not CASP submissions, and not competitive-proof evidence."
4,T2313,T2313_T330,12335,T2313_all_pdbs/Model_5313_af3_woTemplates_af3_seed_841348_sample_4_pred_979.cif,Model_5313_af3_woTemplates_af3_seed_841348_sample_4_pred_979.cif,5313,AF3,af3_woTemplates,841348,4,979,woTemplates,,False,casp17/massivefold_external_pool_intake/t2313_t330/extracted_models/T2313_all_pdbs/Model_5313_af3_woTemplates_af3_seed_841348_sample_4_pred_979.cif,awaiting_extract,"MassiveFold model pool index only. It parses organizer-provided external model tarball listings and stages balanced extraction/rerank candidates. These models remain external rerank and accuracy-estimation inputs, not internal predictions, not CASP submissions, and not competitive-proof evidence."
4,T2313,T2313_T330,12344,T2313_all_pdbs/Model_4173_af3_woTemplates_af3_seed_48215_sample_1_pred_76.cif,Model_4173_af3_woTemplates_af3_seed_48215_sample_1_pred_76.cif,4173,AF3,af3_woTemplates,48215,1,76,woTemplates,,False,casp17/massivefold_external_pool_intake/t2313_t330/extracted_models/T2313_all_pdbs/Model_4173_af3_woTemplates_af3_seed_48215_sample_1_pred_76.cif,awaiting_extract,"MassiveFold model pool index only. It parses organizer-provided external model tarball listings and stages balanced extraction/rerank candidates. These models remain external rerank and accuracy-estimation inputs, not internal predictions, not CASP submissions, and not competitive-proof evidence."
4,T2313,T2313_T330,12372,T2313_all_pdbs/Model_5489_af3_woTemplates_af3_seed_48207_sample_3_pred_38.cif,Model_5489_af3_woTemplates_af3_seed_48207_sample_3_pred_38.cif,5489,AF3,af3_woTemplates,48207,3,38,woTemplates,,False,casp17/massivefold_external_pool_intake/t2313_t330/extracted_models/T2313_all_pdbs/Model_5489_af3_woTemplates_af3_seed_48207_sample_3_pred_38.cif,awaiting_extract,"MassiveFold model pool index only. It parses organizer-provided external model tarball listings and stages balanced extraction/rerank candidates. These models remain external rerank and accuracy-estimation inputs, not internal predictions, not CASP submissions, and not competitive-proof evidence."
4,T2313,T2313_T330,12374,T2313_all_pdbs/Model_3181_af3_woTemplates_af3_seed_641646_sample_1_pred_721.cif,Model_3181_af3_woTemplates_af3_seed_641646_sample_1_pred_721.cif,3181,AF3,af3_woTemplates,641646,1,721,woTemplates,,False,casp17/massivefold_external_pool_intake/t2313_t330/extracted_models/T2313_all_pdbs/Model_3181_af3_woTemplates_af3_seed_641646_sample_1_pred_721.cif,awaiting_extract,"MassiveFold model pool index only. It parses organizer-provided external model tarball listings and stages balanced extraction/rerank candidates. These models remain external rerank and accuracy-estimation inputs, not internal predictions, not CASP submissions, and not competitive-proof evidence."
4,T2313,T2313_T330,12378,T2313_all_pdbs/Model_4176_af3_woTemplates_af3_seed_641631_sample_0_pred_645.cif,Model_4176_af3_woTemplates_af3_seed_641631_sample_0_pred_645.cif,4176,AF3,af3_woTemplates,641631,0,645,woTemplates,,False,casp17/massivefold_external_pool_intake/t2313_t330/extracted_models/T2313_all_pdbs/Model_4176_af3_woTemplates_af3_seed_641631_sample_0_pred_645.cif,awaiting_extract,"MassiveFold model pool index only. It parses organizer-provided external model tarball listings and stages balanced extraction/rerank candidates. These models remain external rerank and accuracy-estimation inputs, not internal predictions, not CASP submissions, and not competitive-proof evidence."
4,T2313,T2313_T330,12386,T2313_all_pdbs/Model_5948_af3_woTemplates_af3_seed_641637_sample_0_pred_675.cif,Model_5948_af3_woTemplates_af3_seed_641637_sample_0_pred_675.cif,5948,AF3,af3_woTemplates,641637,0,675,woTemplates,,False,casp17/massivefold_external_pool_intake/t2313_t330/extracted_models/T2313_all_pdbs/Model_5948_af3_woTemplates_af3_seed_641637_sample_0_pred_675.cif,awaiting_extract,"MassiveFold model pool index only. It parses organizer-provided external model tarball listings and stages balanced extraction/rerank candidates. These models remain external rerank and accuracy-estimation inputs, not internal predictions, not CASP submissions, and not competitive-proof evidence."
4,T2313,T2313_T330,12387,T2313_all_pdbs/Model_3489_af3_woTemplates_af3_seed_841336_sample_4_pred_919.cif,Model_3489_af3_woTemplates_af3_seed_841336_sample_4_pred_919.cif,3489,AF3,af3_woTemplates,841336,4,919,woTemplates,,False,casp17/massivefold_external_pool_intake/t2313_t330/extracted_models/T2313_all_pdbs/Model_3489_af3_woTemplates_af3_seed_841336_sample_4_pred_919.cif,awaiting_extract,"MassiveFold model pool index only. It parses organizer-provided external model tarball listings and stages balanced extraction/rerank candidates. These models remain external rerank and accuracy-estimation inputs, not internal predictions, not CASP submissions, and not competitive-proof evidence."
4,T2313,T2313_T330,12388,T2313_all_pdbs/Model_4879_af3_woTemplates_af3_seed_48223_sample_0_pred_115.cif,Model_4879_af3_woTemplates_af3_seed_48223_sample_0_pred_115.cif,4879,AF3,af3_woTemplates,48223,0,115,woTemplates,,False,casp17/massivefold_external_pool_intake/t2313_t330/extracted_models/T2313_all_pdbs/Model_4879_af3_woTemplates_af3_seed_48223_sample_0_pred_115.cif,awaiting_extract,"MassiveFold model pool index only. It parses organizer-provided external model tarball listings and stages balanced extraction/rerank candidates. These models remain external rerank and accuracy-estimation inputs, not internal predictions, not CASP submissions, and not competitive-proof evidence."
4,T2313,T2313_T330,12396,T2313_all_pdbs/Model_5239_af3_woTemplates_af3_seed_256846_sample_3_pred_548.cif,Model_5239_af3_woTemplates_af3_seed_256846_sample_3_pred_548.cif,5239,AF3,af3_woTemplates,256846,3,548,woTemplates,,False,casp17/massivefold_external_pool_intake/t2313_t330/extracted_models/T2313_all_pdbs/Model_5239_af3_woTemplates_af3_seed_256846_sample_3_pred_548.cif,awaiting_extract,"MassiveFold model pool index only. It parses organizer-provided external model tarball listings and stages balanced extraction/rerank candidates. These models remain external rerank and accuracy-estimation inputs, not internal predictions, not CASP submissions, and not competitive-proof evidence."
4,T2313,T2313_T330,12410,T2313_all_pdbs/Model_6261_af3_woTemplates_af3_seed_994812_sample_0_pred_490.cif,Model_6261_af3_woTemplates_af3_seed_994812_sample_0_pred_490.cif,6261,AF3,af3_woTemplates,994812,0,490,woTemplates,,False,casp17/massivefold_external_pool_intake/t2313_t330/extracted_models/T2313_all_pdbs/Model_6261_af3_woTemplates_af3_seed_994812_sample_0_pred_490.cif,awaiting_extract,"MassiveFold model pool index only. It parses organizer-provided external model tarball listings and stages balanced extraction/rerank candidates. These models remain external rerank and accuracy-estimation inputs, not internal predictions, not CASP submissions, and not competitive-proof evidence."
4,T2313,T2313_T330,12444,T2313_all_pdbs/Model_3164_af3_woTemplates_af3_seed_319317_sample_3_pred_1003.cif,Model_3164_af3_woTemplates_af3_seed_319317_sample_3_pred_1003.cif,3164,AF3,af3_woTemplates,319317,3,1003,woTemplates,,False,casp17/massivefold_external_pool_intake/t2313_t330/extracted_models/T2313_all_pdbs/Model_3164_af3_woTemplates_af3_seed_319317_sample_3_pred_1003.cif,awaiting_extract,"MassiveFold model pool index only. It parses organizer-provided external model tarball listings and stages balanced extraction/rerank candidates. These models remain external rerank and accuracy-estimation inputs, not internal predictions, not CASP submissions, and not competitive-proof evidence."
4,T2313,T2313_T330,12448,T2313_all_pdbs/Model_5444_af3_woTemplates_af3_seed_841332_sample_2_pred_897.cif,Model_5444_af3_woTemplates_af3_seed_841332_sample_2_pred_897.cif,5444,AF3,af3_woTemplates,841332,2,897,woTemplates,,False,casp17/massivefold_external_pool_intake/t2313_t330/extracted_models/T2313_all_pdbs/Model_5444_af3_woTemplates_af3_seed_841332_sample_2_pred_897.cif,awaiting_extract,"MassiveFold model pool index only. It parses organizer-provided external model tarball listings and stages balanced extraction/rerank candidates. These models remain external rerank and accuracy-estimation inputs, not internal predictions, not CASP submissions, and not competitive-proof evidence."
4,T2313,T2313_T330,12568,T2313_all_pdbs/Model_4790_af3_woTemplates_af3_seed_256860_sample_3_pred_618.cif,Model_4790_af3_woTemplates_af3_seed_256860_sample_3_pred_618.cif,4790,AF3,af3_woTemplates,256860,3,618,woTemplates,,False,casp17/massivefold_external_pool_intake/t2313_t330/extracted_models/T2313_all_pdbs/Model_4790_af3_woTemplates_af3_seed_256860_sample_3_pred_618.cif,awaiting_extract,"MassiveFold model pool index only. It parses organizer-provided external model tarball listings and stages balanced extraction/rerank candidates. These models remain external rerank and accuracy-estimation inputs, not internal predictions, not CASP submissions, and not competitive-proof evidence."
4,T2313,T2313_T330,12570,T2313_all_pdbs/Model_3959_af3_woTemplates_af3_seed_384908_sample_0_pred_370.cif,Model_3959_af3_woTemplates_af3_seed_384908_sample_0_pred_370.cif,3959,AF3,af3_woTemplates,384908,0,370,woTemplates,,False,casp17/massivefold_external_pool_intake/t2313_t330/extracted_models/T2313_all_pdbs/Model_3959_af3_woTemplates_af3_seed_384908_sample_0_pred_370.cif,awaiting_extract,"MassiveFold model pool index only. It parses organizer-provided external model tarball listings and stages balanced extraction/rerank candidates. These models remain external rerank and accuracy-estimation inputs, not internal predictions, not CASP submissions, and not competitive-proof evidence."
4,T2313,T2313_T330,12590,T2313_all_pdbs/Model_4619_af3_woTemplates_af3_seed_994800_sample_2_pred_432.cif,Model_4619_af3_woTemplates_af3_seed_994800_sample_2_pred_432.cif,4619,AF3,af3_woTemplates,994800,2,432,woTemplates,,False,casp17/massivefold_external_pool_intake/t2313_t330/extracted_models/T2313_all_pdbs/Model_4619_af3_woTemplates_af3_seed_994800_sample_2_pred_432.cif,awaiting_extract,"MassiveFold model pool index only. It parses organizer-provided external model tarball listings and stages balanced extraction/rerank candidates. These models remain external rerank and accuracy-estimation inputs, not internal predictions, not CASP submissions, and not competitive-proof evidence."
4,T2313,T2313_T330,12596,T2313_all_pdbs/Model_6817_af3_woTemplates_af3_seed_256859_sample_3_pred_613.cif,Model_6817_af3_woTemplates_af3_seed_256859_sample_3_pred_613.cif,6817,AF3,af3_woTemplates,256859,3,613,woTemplates,,False,casp17/massivefold_external_pool_intake/t2313_t330/extracted_models/T2313_all_pdbs/Model_6817_af3_woTemplates_af3_seed_256859_sample_3_pred_613.cif,awaiting_extract,"MassiveFold model pool index only. It parses organizer-provided external model tarball listings and stages balanced extraction/rerank candidates. These models remain external rerank and accuracy-estimation inputs, not internal predictions, not CASP submissions, and not competitive-proof evidence."
4,T2313,T2313_T330,12597,T2313_all_pdbs/Model_5243_af3_woTemplates_af3_seed_256846_sample_0_pred_545.cif,Model_5243_af3_woTemplates_af3_seed_256846_sample_0_pred_545.cif,5243,AF3,af3_woTemplates,256846,0,545,woTemplates,,False,casp17/massivefold_external_pool_intake/t2313_t330/extracted_models/T2313_all_pdbs/Model_5243_af3_woTemplates_af3_seed_256846_sample_0_pred_545.cif,awaiting_extract,"MassiveFold model pool index only. It parses organizer-provided external model tarball listings and stages balanced extraction/rerank candidates. These models remain external rerank and accuracy-estimation inputs, not internal predictions, not CASP submissions, and not competitive-proof evidence."
4,T2313,T2313_T330,12598,T2313_all_pdbs/Model_7506_af3_woTemplates_af3_seed_384901_sample_4_pred_339.cif,Model_7506_af3_woTemplates_af3_seed_384901_sample_4_pred_339.cif,7506,AF3,af3_woTemplates,384901,4,339,woTemplates,,False,casp17/massivefold_external_pool_intake/t2313_t330/extracted_models/T2313_all_pdbs/Model_7506_af3_woTemplates_af3_seed_384901_sample_4_pred_339.cif,awaiting_extract,"MassiveFold model pool index only. It parses organizer-provided external model tarball listings and stages balanced extraction/rerank candidates. These models remain external rerank and accuracy-estimation inputs, not internal predictions, not CASP submissions, and not competitive-proof evidence."
4,T2313,T2313_T330,12618,T2313_all_pdbs/Model_6574_af3_woTemplates_af3_seed_841347_sample_3_pred_973.cif,Model_6574_af3_woTemplates_af3_seed_841347_sample_3_pred_973.cif,6574,AF3,af3_woTemplates,841347,3,973,woTemplates,,False,casp17/massivefold_external_pool_intake/t2313_t330/extracted_models/T2313_all_pdbs/Model_6574_af3_woTemplates_af3_seed_841347_sample_3_pred_973.cif,awaiting_extract,"MassiveFold model pool index only. It parses organizer-provided external model tarball listings and stages balanced extraction/rerank candidates. These models remain external rerank and accuracy-estimation inputs, not internal predictions, not CASP submissions, and not competitive-proof evidence."
4,T2313,T2313_T330,12660,T2313_all_pdbs/Model_3233_af3_woTemplates_af3_seed_319317_sample_1_pred_1001.cif,Model_3233_af3_woTemplates_af3_seed_319317_sample_1_pred_1001.cif,3233,AF3,af3_woTemplates,319317,1,1001,woTemplates,,False,casp17/massivefold_external_pool_intake/t2313_t330/extracted_models/T2313_all_pdbs/Model_3233_af3_woTemplates_af3_seed_319317_sample_1_pred_1001.cif,awaiting_extract,"MassiveFold model pool index only. It parses organizer-provided external model tarball listings and stages balanced extraction/rerank candidates. These models remain external rerank and accuracy-estimation inputs, not internal predictions, not CASP submissions, and not competitive-proof evidence."
4,T2313,T2313_T330,12667,T2313_all_pdbs/Model_7277_af3_woTemplates_af3_seed_130563_sample_2_pred_792.cif,Model_7277_af3_woTemplates_af3_seed_130563_sample_2_pred_792.cif,7277,AF3,af3_woTemplates,130563,2,792,woTemplates,,False,casp17/massivefold_external_pool_intake/t2313_t330/extracted_models/T2313_all_pdbs/Model_7277_af3_woTemplates_af3_seed_130563_sample_2_pred_792.cif,awaiting_extract,"MassiveFold model pool index only. It parses organizer-provided external model tarball listings and stages balanced extraction/rerank candidates. These models remain external rerank and accuracy-estimation inputs, not internal predictions, not CASP submissions, and not competitive-proof evidence."
4,T2313,T2313_T330,12672,T2313_all_pdbs/Model_6011_af3_woTemplates_af3_seed_641633_sample_0_pred_655.cif,Model_6011_af3_woTemplates_af3_seed_641633_sample_0_pred_655.cif,6011,AF3,af3_woTemplates,641633,0,655,woTemplates,,False,casp17/massivefold_external_pool_intake/t2313_t330/extracted_models/T2313_all_pdbs/Model_6011_af3_woTemplates_af3_seed_641633_sample_0_pred_655.cif,awaiting_extract,"MassiveFold model pool index only. It parses organizer-provided external model tarball listings and stages balanced extraction/rerank candidates. These models remain external rerank and accuracy-estimation inputs, not internal predictions, not CASP submissions, and not competitive-proof evidence."
4,T2313,T2313_T330,12691,T2313_all_pdbs/Model_5973_af3_woTemplates_af3_seed_994811_sample_4_pred_489.cif,Model_5973_af3_woTemplates_af3_seed_994811_sample_4_pred_489.cif,5973,AF3,af3_woTemplates,994811,4,489,woTemplates,,False,casp17/massivefold_external_pool_intake/t2313_t330/extracted_models/T2313_all_pdbs/Model_5973_af3_woTemplates_af3_seed_994811_sample_4_pred_489.cif,awaiting_extract,"MassiveFold model pool index only. It parses organizer-provided external model tarball listings and stages balanced extraction/rerank candidates. These models remain external rerank and accuracy-estimation inputs, not internal predictions, not CASP submissions, and not competitive-proof evidence."
4,T2313,T2313_T330,12701,T2313_all_pdbs/Model_3736_af3_woTemplates_af3_seed_841342_sample_3_pred_948.cif,Model_3736_af3_woTemplates_af3_seed_841342_sample_3_pred_948.cif,3736,AF3,af3_woTemplates,841342,3,948,woTemplates,,False,casp17/massivefold_external_pool_intake/t2313_t330/extracted_models/T2313_all_pdbs/Model_3736_af3_woTemplates_af3_seed_841342_sample_3_pred_948.cif,awaiting_extract,"MassiveFold model pool index only. It parses organizer-provided external model tarball listings and stages balanced extraction/rerank candidates. These models remain external rerank and accuracy-estimation inputs, not internal predictions, not CASP submissions, and not competitive-proof evidence."
4,T2313,T2313_T330,12707,T2313_all_pdbs/Model_4185_af3_woTemplates_af3_seed_130571_sample_1_pred_831.cif,Model_4185_af3_woTemplates_af3_seed_130571_sample_1_pred_831.cif,4185,AF3,af3_woTemplates,130571,1,831,woTemplates,,False,casp17/massivefold_external_pool_intake/t2313_t330/extracted_models/T2313_all_pdbs/Model_4185_af3_woTemplates_af3_seed_130571_sample_1_pred_831.cif,awaiting_extract,"MassiveFold model pool index only. It parses organizer-provided external model tarball listings and stages balanced extraction/rerank candidates. These models remain external rerank and accuracy-estimation inputs, not internal predictions, not CASP submissions, and not competitive-proof evidence."
4,T2313,T2313_T330,12712,T2313_all_pdbs/Model_6329_af3_woTemplates_af3_seed_841329_sample_4_pred_884.cif,Model_6329_af3_woTemplates_af3_seed_841329_sample_4_pred_884.cif,6329,AF3,af3_woTemplates,841329,4,884,woTemplates,,False,casp17/massivefold_external_pool_intake/t2313_t330/extracted_models/T2313_all_pdbs/Model_6329_af3_woTemplates_af3_seed_841329_sample_4_pred_884.cif,awaiting_extract,"MassiveFold model pool index only. It parses organizer-provided external model tarball listings and stages balanced extraction/rerank candidates. These models remain external rerank and accuracy-estimation inputs, not internal predictions, not CASP submissions, and not competitive-proof evidence."
4,T2313,T2313_T330,12714,T2313_all_pdbs/Model_7154_af3_woTemplates_af3_seed_994795_sample_0_pred_405.cif,Model_7154_af3_woTemplates_af3_seed_994795_sample_0_pred_405.cif,7154,AF3,af3_woTemplates,994795,0,405,woTemplates,,False,casp17/massivefold_external_pool_intake/t2313_t330/extracted_models/T2313_all_pdbs/Model_7154_af3_woTemplates_af3_seed_994795_sample_0_pred_405.cif,awaiting_extract,"MassiveFold model pool index only. It parses organizer-provided external model tarball listings and stages balanced extraction/rerank candidates. These models remain external rerank and accuracy-estimation inputs, not internal predictions, not CASP submissions, and not competitive-proof evidence."
4,T2313,T2313_T330,12740,T2313_all_pdbs/Model_5175_af3_woTemplates_af3_seed_994801_sample_2_pred_437.cif,Model_5175_af3_woTemplates_af3_seed_994801_sample_2_pred_437.cif,5175,AF3,af3_woTemplates,994801,2,437,woTemplates,,False,casp17/massivefold_external_pool_intake/t2313_t330/extracted_models/T2313_all_pdbs/Model_5175_af3_woTemplates_af3_seed_994801_sample_2_pred_437.cif,awaiting_extract,"MassiveFold model pool index only. It parses organizer-provided external model tarball listings and stages balanced extraction/rerank candidates. These models remain external rerank and accuracy-estimation inputs, not internal predictions, not CASP submissions, and not competitive-proof evidence."
4,T2313,T2313_T330,12766,T2313_all_pdbs/Model_6828_af3_woTemplates_af3_seed_841338_sample_1_pred_926.cif,Model_6828_af3_woTemplates_af3_seed_841338_sample_1_pred_926.cif,6828,AF3,af3_woTemplates,841338,1,926,woTemplates,,False,casp17/massivefold_external_pool_intake/t2313_t330/extracted_models/T2313_all_pdbs/Model_6828_af3_woTemplates_af3_seed_841338_sample_1_pred_926.cif,awaiting_extract,"MassiveFold model pool index only. It parses organizer-provided external model tarball listings and stages balanced extraction/rerank candidates. These models remain external rerank and accuracy-estimation inputs, not internal predictions, not CASP submissions, and not competitive-proof evidence."
4,T2313,T2313_T330,12781,T2313_all_pdbs/Model_4833_af3_woTemplates_af3_seed_130579_sample_3_pred_873.cif,Model_4833_af3_woTemplates_af3_seed_130579_sample_3_pred_873.cif,4833,AF3,af3_woTemplates,130579,3,873,woTemplates,,False,casp17/massivefold_external_pool_intake/t2313_t330/extracted_models/T2313_all_pdbs/Model_4833_af3_woTemplates_af3_seed_130579_sample_3_pred_873.cif,awaiting_extract,"MassiveFold model pool index only. It parses organizer-provided external model tarball listings and stages balanced extraction/rerank candidates. These models remain external rerank and accuracy-estimation inputs, not internal predictions, not CASP submissions, and not competitive-proof evidence."
4,T2313,T2313_T330,12798,T2313_all_pdbs/Model_4142_af3_woTemplates_af3_seed_256854_sample_2_pred_587.cif,Model_4142_af3_woTemplates_af3_seed_256854_sample_2_pred_587.cif,4142,AF3,af3_woTemplates,256854,2,587,woTemplates,,False,casp17/massivefold_external_pool_intake/t2313_t330/extracted_models/T2313_all_pdbs/Model_4142_af3_woTemplates_af3_seed_256854_sample_2_pred_587.cif,awaiting_extract,"MassiveFold model pool index only. It parses organizer-provided external model tarball listings and stages balanced extraction/rerank candidates. These models remain external rerank and accuracy-estimation inputs, not internal predictions, not CASP submissions, and not competitive-proof evidence."
4,T2313,T2313_T330,12803,T2313_all_pdbs/Model_6689_af3_woTemplates_af3_seed_130556_sample_3_pred_758.cif,Model_6689_af3_woTemplates_af3_seed_130556_sample_3_pred_758.cif,6689,AF3,af3_woTemplates,130556,3,758,woTemplates,,False,casp17/massivefold_external_pool_intake/t2313_t330/extracted_models/T2313_all_pdbs/Model_6689_af3_woTemplates_af3_seed_130556_sample_3_pred_758.cif,awaiting_extract,"MassiveFold model pool index only. It parses organizer-provided external model tarball listings and stages balanced extraction/rerank candidates. These models remain external rerank and accuracy-estimation inputs, not internal predictions, not CASP submissions, and not competitive-proof evidence."
4,T2313,T2313_T330,12818,T2313_all_pdbs/Model_3757_af3_woTemplates_af3_seed_48209_sample_2_pred_47.cif,Model_3757_af3_woTemplates_af3_seed_48209_sample_2_pred_47.cif,3757,AF3,af3_woTemplates,48209,2,47,woTemplates,,False,casp17/massivefold_external_pool_intake/t2313_t330/extracted_models/T2313_all_pdbs/Model_3757_af3_woTemplates_af3_seed_48209_sample_2_pred_47.cif,awaiting_extract,"MassiveFold model pool index only. It parses organizer-provided external model tarball listings and stages balanced extraction/rerank candidates. These models remain external rerank and accuracy-estimation inputs, not internal predictions, not CASP submissions, and not competitive-proof evidence."
4,T2313,T2313_T330,12824,T2313_all_pdbs/Model_6579_af3_woTemplates_af3_seed_641635_sample_4_pred_669.cif,Model_6579_af3_woTemplates_af3_seed_641635_sample_4_pred_669.cif,6579,AF3,af3_woTemplates,641635,4,669,woTemplates,,False,casp17/massivefold_external_pool_intake/t2313_t330/extracted_models/T2313_all_pdbs/Model_6579_af3_woTemplates_af3_seed_641635_sample_4_pred_669.cif,awaiting_extract,"MassiveFold model pool index only. It parses organizer-provided external model tarball listings and stages balanced extraction/rerank candidates. These models remain external rerank and accuracy-estimation inputs, not internal predictions, not CASP submissions, and not competitive-proof evidence."
4,T2313,T2313_T330,12827,T2313_all_pdbs/Model_5036_af3_woTemplates_af3_seed_48210_sample_4_pred_54.cif,Model_5036_af3_woTemplates_af3_seed_48210_sample_4_pred_54.cif,5036,AF3,af3_woTemplates,48210,4,54,woTemplates,,False,casp17/massivefold_external_pool_intake/t2313_t330/extracted_models/T2313_all_pdbs/Model_5036_af3_woTemplates_af3_seed_48210_sample_4_pred_54.cif,awaiting_extract,"MassiveFold model pool index only. It parses organizer-provided external model tarball listings and stages balanced extraction/rerank candidates. These models remain external rerank and accuracy-estimation inputs, not internal predictions, not CASP submissions, and not competitive-proof evidence."
4,T2313,T2313_T330,12831,T2313_all_pdbs/Model_5323_af3_woTemplates_af3_seed_994789_sample_0_pred_375.cif,Model_5323_af3_woTemplates_af3_seed_994789_sample_0_pred_375.cif,5323,AF3,af3_woTemplates,994789,0,375,woTemplates,,False,casp17/massivefold_external_pool_intake/t2313_t330/extracted_models/T2313_all_pdbs/Model_5323_af3_woTemplates_af3_seed_994789_sample_0_pred_375.cif,awaiting_extract,"MassiveFold model pool index only. It parses organizer-provided external model tarball listings and stages balanced extraction/rerank candidates. These models remain external rerank and accuracy-estimation inputs, not internal predictions, not CASP submissions, and not competitive-proof evidence."
4,T2313,T2313_T330,12841,T2313_all_pdbs/Model_8148_af3_woTemplates_af3_seed_994803_sample_4_pred_449.cif,Model_8148_af3_woTemplates_af3_seed_994803_sample_4_pred_449.cif,8148,AF3,af3_woTemplates,994803,4,449,woTemplates,,False,casp17/massivefold_external_pool_intake/t2313_t330/extracted_models/T2313_all_pdbs/Model_8148_af3_woTemplates_af3_seed_994803_sample_4_pred_449.cif,awaiting_extract,"MassiveFold model pool index only. It parses organizer-provided external model tarball listings and stages balanced extraction/rerank candidates. These models remain external rerank and accuracy-estimation inputs, not internal predictions, not CASP submissions, and not competitive-proof evidence."
4,T2313,T2313_T330,12871,T2313_all_pdbs/Model_5850_af3_woTemplates_af3_seed_994792_sample_4_pred_394.cif,Model_5850_af3_woTemplates_af3_seed_994792_sample_4_pred_394.cif,5850,AF3,af3_woTemplates,994792,4,394,woTemplates,,False,casp17/massivefold_external_pool_intake/t2313_t330/extracted_models/T2313_all_pdbs/Model_5850_af3_woTemplates_af3_seed_994792_sample_4_pred_394.cif,awaiting_extract,"MassiveFold model pool index only. It parses organizer-provided external model tarball listings and stages balanced extraction/rerank candidates. These models remain external rerank and accuracy-estimation inputs, not internal predictions, not CASP submissions, and not competitive-proof evidence."
4,T2313,T2313_T330,12876,T2313_all_pdbs/Model_4014_af3_woTemplates_af3_seed_841333_sample_3_pred_903.cif,Model_4014_af3_woTemplates_af3_seed_841333_sample_3_pred_903.cif,4014,AF3,af3_woTemplates,841333,3,903,woTemplates,,False,casp17/massivefold_external_pool_intake/t2313_t330/extracted_models/T2313_all_pdbs/Model_4014_af3_woTemplates_af3_seed_841333_sample_3_pred_903.cif,awaiting_extract,"MassiveFold model pool index only. It parses organizer-provided external model tarball listings and stages balanced extraction/rerank candidates. These models remain external rerank and accuracy-estimation inputs, not internal predictions, not CASP submissions, and not competitive-proof evidence."
4,T2313,T2313_T330,12892,T2313_all_pdbs/Model_4501_af3_woTemplates_af3_seed_641630_sample_2_pred_642.cif,Model_4501_af3_woTemplates_af3_seed_641630_sample_2_pred_642.cif,4501,AF3,af3_woTemplates,641630,2,642,woTemplates,,False,casp17/massivefold_external_pool_intake/t2313_t330/extracted_models/T2313_all_pdbs/Model_4501_af3_woTemplates_af3_seed_641630_sample_2_pred_642.cif,awaiting_extract,"MassiveFold model pool index only. It parses organizer-provided external model tarball listings and stages balanced extraction/rerank candidates. These models remain external rerank and accuracy-estimation inputs, not internal predictions, not CASP submissions, and not competitive-proof evidence."
4,T2313,T2313_T330,12909,T2313_all_pdbs/Model_4067_af3_woTemplates_af3_seed_897895_sample_2_pred_197.cif,Model_4067_af3_woTemplates_af3_seed_897895_sample_2_pred_197.cif,4067,AF3,af3_woTemplates,897895,2,197,woTemplates,,False,casp17/massivefold_external_pool_intake/t2313_t330/extracted_models/T2313_all_pdbs/Model_4067_af3_woTemplates_af3_seed_897895_sample_2_pred_197.cif,awaiting_extract,"MassiveFold model pool index only. It parses organizer-provided external model tarball listings and stages balanced extraction/rerank candidates. These models remain external rerank and accuracy-estimation inputs, not internal predictions, not CASP submissions, and not competitive-proof evidence."
4,T2313,T2313_T330,12936,T2313_all_pdbs/Model_4442_af3_woTemplates_af3_seed_841340_sample_2_pred_937.cif,Model_4442_af3_woTemplates_af3_seed_841340_sample_2_pred_937.cif,4442,AF3,af3_woTemplates,841340,2,937,woTemplates,,False,casp17/massivefold_external_pool_intake/t2313_t330/extracted_models/T2313_all_pdbs/Model_4442_af3_woTemplates_af3_seed_841340_sample_2_pred_937.cif,awaiting_extract,"MassiveFold model pool index only. It parses organizer-provided external model tarball listings and stages balanced extraction/rerank candidates. These models remain external rerank and accuracy-estimation inputs, not internal predictions, not CASP submissions, and not competitive-proof evidence."
4,T2313,T2313_T330,12945,T2313_all_pdbs/Model_7169_af3_woTemplates_af3_seed_841352_sample_1_pred_996.cif,Model_7169_af3_woTemplates_af3_seed_841352_sample_1_pred_996.cif,7169,AF3,af3_woTemplates,841352,1,996,woTemplates,,False,casp17/massivefold_external_pool_intake/t2313_t330/extracted_models/T2313_all_pdbs/Model_7169_af3_woTemplates_af3_seed_841352_sample_1_pred_996.cif,awaiting_extract,"MassiveFold model pool index only. It parses organizer-provided external model tarball listings and stages balanced extraction/rerank candidates. These models remain external rerank and accuracy-estimation inputs, not internal predictions, not CASP submissions, and not competitive-proof evidence."
4,T2313,T2313_T330,12996,T2313_all_pdbs/Model_6833_af3_woTemplates_af3_seed_841352_sample_4_pred_999.cif,Model_6833_af3_woTemplates_af3_seed_841352_sample_4_pred_999.cif,6833,AF3,af3_woTemplates,841352,4,999,woTemplates,,False,casp17/massivefold_external_pool_intake/t2313_t330/extracted_models/T2313_all_pdbs/Model_6833_af3_woTemplates_af3_seed_841352_sample_4_pred_999.cif,awaiting_extract,"MassiveFold model pool index only. It parses organizer-provided external model tarball listings and stages balanced extraction/rerank candidates. These models remain external rerank and accuracy-estimation inputs, not internal predictions, not CASP submissions, and not competitive-proof evidence."
4,T2313,T2313_T330,13008,T2313_all_pdbs/Model_4011_af3_woTemplates_af3_seed_384891_sample_4_pred_289.cif,Model_4011_af3_woTemplates_af3_seed_384891_sample_4_pred_289.cif,4011,AF3,af3_woTemplates,384891,4,289,woTemplates,,False,casp17/massivefold_external_pool_intake/t2313_t330/extracted_models/T2313_all_pdbs/Model_4011_af3_woTemplates_af3_seed_384891_sample_4_pred_289.cif,awaiting_extract,"MassiveFold model pool index only. It parses organizer-provided external model tarball listings and stages balanced extraction/rerank candidates. These models remain external rerank and accuracy-estimation inputs, not internal predictions, not CASP submissions, and not competitive-proof evidence."
4,T2313,T2313_T330,13010,T2313_all_pdbs/Model_6531_af3_woTemplates_af3_seed_641629_sample_3_pred_638.cif,Model_6531_af3_woTemplates_af3_seed_641629_sample_3_pred_638.cif,6531,AF3,af3_woTemplates,641629,3,638,woTemplates,,False,casp17/massivefold_external_pool_intake/t2313_t330/extracted_models/T2313_all_pdbs/Model_6531_af3_woTemplates_af3_seed_641629_sample_3_pred_638.cif,awaiting_extract,"MassiveFold model pool index only. It parses organizer-provided external model tarball listings and stages balanced extraction/rerank candidates. These models remain external rerank and accuracy-estimation inputs, not internal predictions, not CASP submissions, and not competitive-proof evidence."
4,T2313,T2313_T330,13013,T2313_all_pdbs/Model_4182_af3_woTemplates_af3_seed_641639_sample_2_pred_687.cif,Model_4182_af3_woTemplates_af3_seed_641639_sample_2_pred_687.cif,4182,AF3,af3_woTemplates,641639,2,687,woTemplates,,False,casp17/massivefold_external_pool_intake/t2313_t330/extracted_models/T2313_all_pdbs/Model_4182_af3_woTemplates_af3_seed_641639_sample_2_pred_687.cif,awaiting_extract,"MassiveFold model pool index only. It parses organizer-provided external model tarball listings and stages balanced extraction/rerank candidates. These models remain external rerank and accuracy-estimation inputs, not internal predictions, not CASP submissions, and not competitive-proof evidence."
4,T2313,T2313_T330,13028,T2313_all_pdbs/Model_6629_af3_woTemplates_af3_seed_897881_sample_0_pred_125.cif,Model_6629_af3_woTemplates_af3_seed_897881_sample_0_pred_125.cif,6629,AF3,af3_woTemplates,897881,0,125,woTemplates,,False,casp17/massivefold_external_pool_intake/t2313_t330/extracted_models/T2313_all_pdbs/Model_6629_af3_woTemplates_af3_seed_897881_sample_0_pred_125.cif,awaiting_extract,"MassiveFold model pool index only. It parses organizer-provided external model tarball listings and stages balanced extraction/rerank candidates. These models remain external rerank and accuracy-estimation inputs, not internal predictions, not CASP submissions, and not competitive-proof evidence."
4,T2313,T2313_T330,13036,T2313_all_pdbs/Model_5320_af3_woTemplates_af3_seed_994809_sample_2_pred_477.cif,Model_5320_af3_woTemplates_af3_seed_994809_sample_2_pred_477.cif,5320,AF3,af3_woTemplates,994809,2,477,woTemplates,,False,casp17/massivefold_external_pool_intake/t2313_t330/extracted_models/T2313_all_pdbs/Model_5320_af3_woTemplates_af3_seed_994809_sample_2_pred_477.cif,awaiting_extract,"MassiveFold model pool index only. It parses organizer-provided external model tarball listings and stages balanced extraction/rerank candidates. These models remain external rerank and accuracy-estimation inputs, not internal predictions, not CASP submissions, and not competitive-proof evidence."
4,T2313,T2313_T330,13037,T2313_all_pdbs/Model_6265_af3_woTemplates_af3_seed_384903_sample_1_pred_346.cif,Model_6265_af3_woTemplates_af3_seed_384903_sample_1_pred_346.cif,6265,AF3,af3_woTemplates,384903,1,346,woTemplates,,False,casp17/massivefold_external_pool_intake/t2313_t330/extracted_models/T2313_all_pdbs/Model_6265_af3_woTemplates_af3_seed_384903_sample_1_pred_346.cif,awaiting_extract,"MassiveFold model pool index only. It parses organizer-provided external model tarball listings and stages balanced extraction/rerank candidates. These models remain external rerank and accuracy-estimation inputs, not internal predictions, not CASP submissions, and not competitive-proof evidence."
4,T2313,T2313_T330,13040,T2313_all_pdbs/Model_6687_af3_woTemplates_af3_seed_641629_sample_1_pred_636.cif,Model_6687_af3_woTemplates_af3_seed_641629_sample_1_pred_636.cif,6687,AF3,af3_woTemplates,641629,1,636,woTemplates,,False,casp17/massivefold_external_pool_intake/t2313_t330/extracted_models/T2313_all_pdbs/Model_6687_af3_woTemplates_af3_seed_641629_sample_1_pred_636.cif,awaiting_extract,"MassiveFold model pool index only. It parses organizer-provided external model tarball listings and stages balanced extraction/rerank candidates. These models remain external rerank and accuracy-estimation inputs, not internal predictions, not CASP submissions, and not competitive-proof evidence."
4,T2313,T2313_T330,13046,T2313_all_pdbs/Model_5319_af3_woTemplates_af3_seed_897904_sample_0_pred_240.cif,Model_5319_af3_woTemplates_af3_seed_897904_sample_0_pred_240.cif,5319,AF3,af3_woTemplates,897904,0,240,woTemplates,,False,casp17/massivefold_external_pool_intake/t2313_t330/extracted_models/T2313_all_pdbs/Model_5319_af3_woTemplates_af3_seed_897904_sample_0_pred_240.cif,awaiting_extract,"MassiveFold model pool index only. It parses organizer-provided external model tarball listings and stages balanced extraction/rerank candidates. These models remain external rerank and accuracy-estimation inputs, not internal predictions, not CASP submissions, and not competitive-proof evidence."
4,T2313,T2313_T330,13052,T2313_all_pdbs/Model_7180_af3_woTemplates_af3_seed_48224_sample_2_pred_122.cif,Model_7180_af3_woTemplates_af3_seed_48224_sample_2_pred_122.cif,7180,AF3,af3_woTemplates,48224,2,122,woTemplates,,False,casp17/massivefold_external_pool_intake/t2313_t330/extracted_models/T2313_all_pdbs/Model_7180_af3_woTemplates_af3_seed_48224_sample_2_pred_122.cif,awaiting_extract,"MassiveFold model pool index only. It parses organizer-provided external model tarball listings and stages balanced extraction/rerank candidates. These models remain external rerank and accuracy-estimation inputs, not internal predictions, not CASP submissions, and not competitive-proof evidence."
4,T2313,T2313_T330,13054,T2313_all_pdbs/Model_4169_af3_woTemplates_af3_seed_641639_sample_0_pred_685.cif,Model_4169_af3_woTemplates_af3_seed_641639_sample_0_pred_685.cif,4169,AF3,af3_woTemplates,641639,0,685,woTemplates,,False,casp17/massivefold_external_pool_intake/t2313_t330/extracted_models/T2313_all_pdbs/Model_4169_af3_woTemplates_af3_seed_641639_sample_0_pred_685.cif,awaiting_extract,"MassiveFold model pool index only. It parses organizer-provided external model tarball listings and stages balanced extraction/rerank candidates. These models remain external rerank and accuracy-estimation inputs, not internal predictions, not CASP submissions, and not competitive-proof evidence."
4,T2313,T2313_T330,13056,T2313_all_pdbs/Model_3912_af3_woTemplates_af3_seed_841330_sample_3_pred_888.cif,Model_3912_af3_woTemplates_af3_seed_841330_sample_3_pred_888.cif,3912,AF3,af3_woTemplates,841330,3,888,woTemplates,,False,casp17/massivefold_external_pool_intake/t2313_t330/extracted_models/T2313_all_pdbs/Model_3912_af3_woTemplates_af3_seed_841330_sample_3_pred_888.cif,awaiting_extract,"MassiveFold model pool index only. It parses organizer-provided external model tarball listings and stages balanced extraction/rerank candidates. These models remain external rerank and accuracy-estimation inputs, not internal predictions, not CASP submissions, and not competitive-proof evidence."
4,T2313,T2313_T330,13063,T2313_all_pdbs/Model_3861_af3_woTemplates_af3_seed_841342_sample_4_pred_949.cif,Model_3861_af3_woTemplates_af3_seed_841342_sample_4_pred_949.cif,3861,AF3,af3_woTemplates,841342,4,949,woTemplates,,False,casp17/massivefold_external_pool_intake/t2313_t330/extracted_models/T2313_all_pdbs/Model_3861_af3_woTemplates_af3_seed_841342_sample_4_pred_949.cif,awaiting_extract,"MassiveFold model pool index only. It parses organizer-provided external model tarball listings and stages balanced extraction/rerank candidates. These models remain external rerank and accuracy-estimation inputs, not internal predictions, not CASP submissions, and not competitive-proof evidence."
4,T2313,T2313_T330,13075,T2313_all_pdbs/Model_4741_af3_woTemplates_af3_seed_48210_sample_2_pred_52.cif,Model_4741_af3_woTemplates_af3_seed_48210_sample_2_pred_52.cif,4741,AF3,af3_woTemplates,48210,2,52,woTemplates,,False,casp17/massivefold_external_pool_intake/t2313_t330/extracted_models/T2313_all_pdbs/Model_4741_af3_woTemplates_af3_seed_48210_sample_2_pred_52.cif,awaiting_extract,"MassiveFold model pool index only. It parses organizer-provided external model tarball listings and stages balanced extraction/rerank candidates. These models remain external rerank and accuracy-estimation inputs, not internal predictions, not CASP submissions, and not competitive-proof evidence."
4,T2313,T2313_T330,13079,T2313_all_pdbs/Model_3220_af3_woTemplates_af3_seed_319317_sample_0_pred_1000.cif,Model_3220_af3_woTemplates_af3_seed_319317_sample_0_pred_1000.cif,3220,AF3,af3_woTemplates,319317,0,1000,woTemplates,,False,casp17/massivefold_external_pool_intake/t2313_t330/extracted_models/T2313_all_pdbs/Model_3220_af3_woTemplates_af3_seed_319317_sample_0_pred_1000.cif,awaiting_extract,"MassiveFold model pool index only. It parses organizer-provided external model tarball listings and stages balanced extraction/rerank candidates. These models remain external rerank and accuracy-estimation inputs, not internal predictions, not CASP submissions, and not competitive-proof evidence."
4,T2313,T2313_T330,13080,T2313_all_pdbs/Model_6567_af3_woTemplates_af3_seed_994810_sample_4_pred_484.cif,Model_6567_af3_woTemplates_af3_seed_994810_sample_4_pred_484.cif,6567,AF3,af3_woTemplates,994810,4,484,woTemplates,,False,casp17/massivefold_external_pool_intake/t2313_t330/extracted_models/T2313_all_pdbs/Model_6567_af3_woTemplates_af3_seed_994810_sample_4_pred_484.cif,awaiting_extract,"MassiveFold model pool index only. It parses organizer-provided external model tarball listings and stages balanced extraction/rerank candidates. These models remain external rerank and accuracy-estimation inputs, not internal predictions, not CASP submissions, and not competitive-proof evidence."
4,T2313,T2313_T330,13081,T2313_all_pdbs/Model_6324_af3_woTemplates_af3_seed_897886_sample_4_pred_154.cif,Model_6324_af3_woTemplates_af3_seed_897886_sample_4_pred_154.cif,6324,AF3,af3_woTemplates,897886,4,154,woTemplates,,False,casp17/massivefold_external_pool_intake/t2313_t330/extracted_models/T2313_all_pdbs/Model_6324_af3_woTemplates_af3_seed_897886_sample_4_pred_154.cif,awaiting_extract,"MassiveFold model pool index only. It parses organizer-provided external model tarball listings and stages balanced extraction/rerank candidates. These models remain external rerank and accuracy-estimation inputs, not internal predictions, not CASP submissions, and not competitive-proof evidence."
4,T2313,T2313_T330,13085,T2313_all_pdbs/Model_6207_af3_woTemplates_af3_seed_994807_sample_3_pred_468.cif,Model_6207_af3_woTemplates_af3_seed_994807_sample_3_pred_468.cif,6207,AF3,af3_woTemplates,994807,3,468,woTemplates,,False,casp17/massivefold_external_pool_intake/t2313_t330/extracted_models/T2313_all_pdbs/Model_6207_af3_woTemplates_af3_seed_994807_sample_3_pred_468.cif,awaiting_extract,"MassiveFold model pool index only. It parses organizer-provided external model tarball listings and stages balanced extraction/rerank candidates. These models remain external rerank and accuracy-estimation inputs, not internal predictions, not CASP submissions, and not competitive-proof evidence."
4,T2313,T2313_T330,13096,T2313_all_pdbs/Model_5796_af3_woTemplates_af3_seed_994793_sample_4_pred_399.cif,Model_5796_af3_woTemplates_af3_seed_994793_sample_4_pred_399.cif,5796,AF3,af3_woTemplates,994793,4,399,woTemplates,,False,casp17/massivefold_external_pool_intake/t2313_t330/extracted_models/T2313_all_pdbs/Model_5796_af3_woTemplates_af3_seed_994793_sample_4_pred_399.cif,awaiting_extract,"MassiveFold model pool index only. It parses organizer-provided external model tarball listings and stages balanced extraction/rerank candidates. These models remain external rerank and accuracy-estimation inputs, not internal predictions, not CASP submissions, and not competitive-proof evidence."
4,T2313,T2313_T330,13134,T2313_all_pdbs/Model_5946_af3_woTemplates_af3_seed_384892_sample_1_pred_291.cif,Model_5946_af3_woTemplates_af3_seed_384892_sample_1_pred_291.cif,5946,AF3,af3_woTemplates,384892,1,291,woTemplates,,False,casp17/massivefold_external_pool_intake/t2313_t330/extracted_models/T2313_all_pdbs/Model_5946_af3_woTemplates_af3_seed_384892_sample_1_pred_291.cif,awaiting_extract,"MassiveFold model pool index only. It parses organizer-provided external model tarball listings and stages balanced extraction/rerank candidates. These models remain external rerank and accuracy-estimation inputs, not internal predictions, not CASP submissions, and not competitive-proof evidence."
4,T2313,T2313_T330,13153,T2313_all_pdbs/Model_3251_af3_woTemplates_af3_seed_48203_sample_3_pred_18.cif,Model_3251_af3_woTemplates_af3_seed_48203_sample_3_pred_18.cif,3251,AF3,af3_woTemplates,48203,3,18,woTemplates,,False,casp17/massivefold_external_pool_intake/t2313_t330/extracted_models/T2313_all_pdbs/Model_3251_af3_woTemplates_af3_seed_48203_sample_3_pred_18.cif,awaiting_extract,"MassiveFold model pool index only. It parses organizer-provided external model tarball listings and stages balanced extraction/rerank candidates. These models remain external rerank and accuracy-estimation inputs, not internal predictions, not CASP submissions, and not competitive-proof evidence."
4,T2313,T2313_T330,13167,T2313_all_pdbs/Model_5104_af3_woTemplates_af3_seed_48200_sample_2_pred_2.cif,Model_5104_af3_woTemplates_af3_seed_48200_sample_2_pred_2.cif,5104,AF3,af3_woTemplates,48200,2,2,woTemplates,,False,casp17/massivefold_external_pool_intake/t2313_t330/extracted_models/T2313_all_pdbs/Model_5104_af3_woTemplates_af3_seed_48200_sample_2_pred_2.cif,awaiting_extract,"MassiveFold model pool index only. It parses organizer-provided external model tarball listings and stages balanced extraction/rerank candidates. These models remain external rerank and accuracy-estimation inputs, not internal predictions, not CASP submissions, and not competitive-proof evidence."
4,T2313,T2313_T330,13168,T2313_all_pdbs/Model_5491_af3_woTemplates_af3_seed_130560_sample_0_pred_775.cif,Model_5491_af3_woTemplates_af3_seed_130560_sample_0_pred_775.cif,5491,AF3,af3_woTemplates,130560,0,775,woTemplates,,False,casp17/massivefold_external_pool_intake/t2313_t330/extracted_models/T2313_all_pdbs/Model_5491_af3_woTemplates_af3_seed_130560_sample_0_pred_775.cif,awaiting_extract,"MassiveFold model pool index only. It parses organizer-provided external model tarball listings and stages balanced extraction/rerank candidates. These models remain external rerank and accuracy-estimation inputs, not internal predictions, not CASP submissions, and not competitive-proof evidence."
4,T2313,T2313_T330,13172,T2313_all_pdbs/Model_5450_af3_woTemplates_af3_seed_130576_sample_0_pred_855.cif,Model_5450_af3_woTemplates_af3_seed_130576_sample_0_pred_855.cif,5450,AF3,af3_woTemplates,130576,0,855,woTemplates,,False,casp17/massivefold_external_pool_intake/t2313_t330/extracted_models/T2313_all_pdbs/Model_5450_af3_woTemplates_af3_seed_130576_sample_0_pred_855.cif,awaiting_extract,"MassiveFold model pool index only. It parses organizer-provided external model tarball listings and stages balanced extraction/rerank candidates. These models remain external rerank and accuracy-estimation inputs, not internal predictions, not CASP submissions, and not competitive-proof evidence."
4,T2313,T2313_T330,13179,T2313_all_pdbs/Model_5747_af3_woTemplates_af3_seed_994792_sample_1_pred_391.cif,Model_5747_af3_woTemplates_af3_seed_994792_sample_1_pred_391.cif,5747,AF3,af3_woTemplates,994792,1,391,woTemplates,,False,casp17/massivefold_external_pool_intake/t2313_t330/extracted_models/T2313_all_pdbs/Model_5747_af3_woTemplates_af3_seed_994792_sample_1_pred_391.cif,awaiting_extract,"MassiveFold model pool index only. It parses organizer-provided external model tarball listings and stages balanced extraction/rerank candidates. These models remain external rerank and accuracy-estimation inputs, not internal predictions, not CASP submissions, and not competitive-proof evidence."
4,T2313,T2313_T330,13200,T2313_all_pdbs/Model_5042_af3_woTemplates_af3_seed_48220_sample_4_pred_104.cif,Model_5042_af3_woTemplates_af3_seed_48220_sample_4_pred_104.cif,5042,AF3,af3_woTemplates,48220,4,104,woTemplates,,False,casp17/massivefold_external_pool_intake/t2313_t330/extracted_models/T2313_all_pdbs/Model_5042_af3_woTemplates_af3_seed_48220_sample_4_pred_104.cif,awaiting_extract,"MassiveFold model pool index only. It parses organizer-provided external model tarball listings and stages balanced extraction/rerank candidates. These models remain external rerank and accuracy-estimation inputs, not internal predictions, not CASP submissions, and not competitive-proof evidence."
4,T2313,T2313_T330,13201,T2313_all_pdbs/Model_4449_af3_woTemplates_af3_seed_130566_sample_1_pred_806.cif,Model_4449_af3_woTemplates_af3_seed_130566_sample_1_pred_806.cif,4449,AF3,af3_woTemplates,130566,1,806,woTemplates,,False,casp17/massivefold_external_pool_intake/t2313_t330/extracted_models/T2313_all_pdbs/Model_4449_af3_woTemplates_af3_seed_130566_sample_1_pred_806.cif,awaiting_extract,"MassiveFold model pool index only. It parses organizer-provided external model tarball listings and stages balanced extraction/rerank candidates. These models remain external rerank and accuracy-estimation inputs, not internal predictions, not CASP submissions, and not competitive-proof evidence."
4,T2313,T2313_T330,13220,T2313_all_pdbs/Model_5016_af3_woTemplates_af3_seed_641642_sample_3_pred_703.cif,Model_5016_af3_woTemplates_af3_seed_641642_sample_3_pred_703.cif,5016,AF3,af3_woTemplates,641642,3,703,woTemplates,,False,casp17/massivefold_external_pool_intake/t2313_t330/extracted_models/T2313_all_pdbs/Model_5016_af3_woTemplates_af3_seed_641642_sample_3_pred_703.cif,awaiting_extract,"MassiveFold model pool index only. It parses organizer-provided external model tarball listings and stages balanced extraction/rerank candidates. These models remain external rerank and accuracy-estimation inputs, not internal predictions, not CASP submissions, and not competitive-proof evidence."
4,T2313,T2313_T330,13249,T2313_all_pdbs/Model_6892_af3_woTemplates_af3_seed_256852_sample_0_pred_575.cif,Model_6892_af3_woTemplates_af3_seed_256852_sample_0_pred_575.cif,6892,AF3,af3_woTemplates,256852,0,575,woTemplates,,False,casp17/massivefold_external_pool_intake/t2313_t330/extracted_models/T2313_all_pdbs/Model_6892_af3_woTemplates_af3_seed_256852_sample_0_pred_575.cif,awaiting_extract,"MassiveFold model pool index only. It parses organizer-provided external model tarball listings and stages balanced extraction/rerank candidates. These models remain external rerank and accuracy-estimation inputs, not internal predictions, not CASP submissions, and not competitive-proof evidence."
4,T2313,T2313_T330,13267,T2313_all_pdbs/Model_7660_af3_woTemplates_af3_seed_256852_sample_1_pred_576.cif,Model_7660_af3_woTemplates_af3_seed_256852_sample_1_pred_576.cif,7660,AF3,af3_woTemplates,256852,1,576,woTemplates,,False,casp17/massivefold_external_pool_intake/t2313_t330/extracted_models/T2313_all_pdbs/Model_7660_af3_woTemplates_af3_seed_256852_sample_1_pred_576.cif,awaiting_extract,"MassiveFold model pool index only. It parses organizer-provided external model tarball listings and stages balanced extraction/rerank candidates. These models remain external rerank and accuracy-estimation inputs, not internal predictions, not CASP submissions, and not competitive-proof evidence."
4,T2313,T2313_T330,13278,T2313_all_pdbs/Model_7156_af3_woTemplates_af3_seed_994790_sample_3_pred_383.cif,Model_7156_af3_woTemplates_af3_seed_994790_sample_3_pred_383.cif,7156,AF3,af3_woTemplates,994790,3,383,woTemplates,,False,casp17/massivefold_external_pool_intake/t2313_t330/extracted_models/T2313_all_pdbs/Model_7156_af3_woTemplates_af3_seed_994790_sample_3_pred_383.cif,awaiting_extract,"MassiveFold model pool index only. It parses organizer-provided external model tarball listings and stages balanced extraction/rerank candidates. These models remain external rerank and accuracy-estimation inputs, not internal predictions, not CASP submissions, and not competitive-proof evidence."
4,T2313,T2313_T330,13288,T2313_all_pdbs/Model_3919_af3_woTemplates_af3_seed_841335_sample_4_pred_914.cif,Model_3919_af3_woTemplates_af3_seed_841335_sample_4_pred_914.cif,3919,AF3,af3_woTemplates,841335,4,914,woTemplates,,False,casp17/massivefold_external_pool_intake/t2313_t330/extracted_models/T2313_all_pdbs/Model_3919_af3_woTemplates_af3_seed_841335_sample_4_pred_914.cif,awaiting_extract,"MassiveFold model pool index only. It parses organizer-provided external model tarball listings and stages balanced extraction/rerank candidates. These models remain external rerank and accuracy-estimation inputs, not internal predictions, not CASP submissions, and not competitive-proof evidence."
4,T2313,T2313_T330,13298,T2313_all_pdbs/Model_4743_af3_woTemplates_af3_seed_256839_sample_2_pred_512.cif,Model_4743_af3_woTemplates_af3_seed_256839_sample_2_pred_512.cif,4743,AF3,af3_woTemplates,256839,2,512,woTemplates,,False,casp17/massivefold_external_pool_intake/t2313_t330/extracted_models/T2313_all_pdbs/Model_4743_af3_woTemplates_af3_seed_256839_sample_2_pred_512.cif,awaiting_extract,"MassiveFold model pool index only. It parses organizer-provided external model tarball listings and stages balanced extraction/rerank candidates. These models remain external rerank and accuracy-estimation inputs, not internal predictions, not CASP submissions, and not competitive-proof evidence."
4,T2313,T2313_T330,13307,T2313_all_pdbs/Model_7804_af3_woTemplates_af3_seed_256853_sample_0_pred_580.cif,Model_7804_af3_woTemplates_af3_seed_256853_sample_0_pred_580.cif,7804,AF3,af3_woTemplates,256853,0,580,woTemplates,,False,casp17/massivefold_external_pool_intake/t2313_t330/extracted_models/T2313_all_pdbs/Model_7804_af3_woTemplates_af3_seed_256853_sample_0_pred_580.cif,awaiting_extract,"MassiveFold model pool index only. It parses organizer-provided external model tarball listings and stages balanced extraction/rerank candidates. These models remain external rerank and accuracy-estimation inputs, not internal predictions, not CASP submissions, and not competitive-proof evidence."
4,T2313,T2313_T330,13319,T2313_all_pdbs/Model_6153_af3_woTemplates_af3_seed_384900_sample_0_pred_330.cif,Model_6153_af3_woTemplates_af3_seed_384900_sample_0_pred_330.cif,6153,AF3,af3_woTemplates,384900,0,330,woTemplates,,False,casp17/massivefold_external_pool_intake/t2313_t330/extracted_models/T2313_all_pdbs/Model_6153_af3_woTemplates_af3_seed_384900_sample_0_pred_330.cif,awaiting_extract,"MassiveFold model pool index only. It parses organizer-provided external model tarball listings and stages balanced extraction/rerank candidates. These models remain external rerank and accuracy-estimation inputs, not internal predictions, not CASP submissions, and not competitive-proof evidence."
4,T2313,T2313_T330,13358,T2313_all_pdbs/Model_5184_af3_woTemplates_af3_seed_48223_sample_2_pred_117.cif,Model_5184_af3_woTemplates_af3_seed_48223_sample_2_pred_117.cif,5184,AF3,af3_woTemplates,48223,2,117,woTemplates,,False,casp17/massivefold_external_pool_intake/t2313_t330/extracted_models/T2313_all_pdbs/Model_5184_af3_woTemplates_af3_seed_48223_sample_2_pred_117.cif,awaiting_extract,"MassiveFold model pool index only. It parses organizer-provided external model tarball listings and stages balanced extraction/rerank candidates. These models remain external rerank and accuracy-estimation inputs, not internal predictions, not CASP submissions, and not competitive-proof evidence."
4,T2313,T2313_T330,13367,T2313_all_pdbs/Model_5237_af3_woTemplates_af3_seed_256861_sample_1_pred_621.cif,Model_5237_af3_woTemplates_af3_seed_256861_sample_1_pred_621.cif,5237,AF3,af3_woTemplates,256861,1,621,woTemplates,,False,casp17/massivefold_external_pool_intake/t2313_t330/extracted_models/T2313_all_pdbs/Model_5237_af3_woTemplates_af3_seed_256861_sample_1_pred_621.cif,awaiting_extract,"MassiveFold model pool index only. It parses organizer-provided external model tarball listings and stages balanced extraction/rerank candidates. These models remain external rerank and accuracy-estimation inputs, not internal predictions, not CASP submissions, and not competitive-proof evidence."
4,T2313,T2313_T330,13369,T2313_all_pdbs/Model_6009_af3_woTemplates_af3_seed_897893_sample_1_pred_186.cif,Model_6009_af3_woTemplates_af3_seed_897893_sample_1_pred_186.cif,6009,AF3,af3_woTemplates,897893,1,186,woTemplates,,False,casp17/massivefold_external_pool_intake/t2313_t330/extracted_models/T2313_all_pdbs/Model_6009_af3_woTemplates_af3_seed_897893_sample_1_pred_186.cif,awaiting_extract,"MassiveFold model pool index only. It parses organizer-provided external model tarball listings and stages balanced extraction/rerank candidates. These models remain external rerank and accuracy-estimation inputs, not internal predictions, not CASP submissions, and not competitive-proof evidence."
4,T2313,T2313_T330,13378,T2313_all_pdbs/Model_6335_af3_woTemplates_af3_seed_841329_sample_1_pred_881.cif,Model_6335_af3_woTemplates_af3_seed_841329_sample_1_pred_881.cif,6335,AF3,af3_woTemplates,841329,1,881,woTemplates,,False,casp17/massivefold_external_pool_intake/t2313_t330/extracted_models/T2313_all_pdbs/Model_6335_af3_woTemplates_af3_seed_841329_sample_1_pred_881.cif,awaiting_extract,"MassiveFold model pool index only. It parses organizer-provided external model tarball listings and stages balanced extraction/rerank candidates. These models remain external rerank and accuracy-estimation inputs, not internal predictions, not CASP submissions, and not competitive-proof evidence."
4,T2313,T2313_T330,13384,T2313_all_pdbs/Model_5852_af3_woTemplates_af3_seed_130577_sample_1_pred_861.cif,Model_5852_af3_woTemplates_af3_seed_130577_sample_1_pred_861.cif,5852,AF3,af3_woTemplates,130577,1,861,woTemplates,,False,casp17/massivefold_external_pool_intake/t2313_t330/extracted_models/T2313_all_pdbs/Model_5852_af3_woTemplates_af3_seed_130577_sample_1_pred_861.cif,awaiting_extract,"MassiveFold model pool index only. It parses organizer-provided external model tarball listings and stages balanced extraction/rerank candidates. These models remain external rerank and accuracy-estimation inputs, not internal predictions, not CASP submissions, and not competitive-proof evidence."
4,T2313,T2313_T330,13415,T2313_all_pdbs/Model_3228_af3_woTemplates_af3_seed_641651_sample_1_pred_746.cif,Model_3228_af3_woTemplates_af3_seed_641651_sample_1_pred_746.cif,3228,AF3,af3_woTemplates,641651,1,746,woTemplates,,False,casp17/massivefold_external_pool_intake/t2313_t330/extracted_models/T2313_all_pdbs/Model_3228_af3_woTemplates_af3_seed_641651_sample_1_pred_746.cif,awaiting_extract,"MassiveFold model pool index only. It parses organizer-provided external model tarball listings and stages balanced extraction/rerank candidates. These models remain external rerank and accuracy-estimation inputs, not internal predictions, not CASP submissions, and not competitive-proof evidence."
4,T2313,T2313_T330,13444,T2313_all_pdbs/Model_6628_af3_woTemplates_af3_seed_48216_sample_2_pred_82.cif,Model_6628_af3_woTemplates_af3_seed_48216_sample_2_pred_82.cif,6628,AF3,af3_woTemplates,48216,2,82,woTemplates,,False,casp17/massivefold_external_pool_intake/t2313_t330/extracted_models/T2313_all_pdbs/Model_6628_af3_woTemplates_af3_seed_48216_sample_2_pred_82.cif,awaiting_extract,"MassiveFold model pool index only. It parses organizer-provided external model tarball listings and stages balanced extraction/rerank candidates. These models remain external rerank and accuracy-estimation inputs, not internal predictions, not CASP submissions, and not competitive-proof evidence."
4,T2313,T2313_T330,13474,T2313_all_pdbs/Model_7806_af3_woTemplates_af3_seed_130563_sample_4_pred_794.cif,Model_7806_af3_woTemplates_af3_seed_130563_sample_4_pred_794.cif,7806,AF3,af3_woTemplates,130563,4,794,woTemplates,,False,casp17/massivefold_external_pool_intake/t2313_t330/extracted_models/T2313_all_pdbs/Model_7806_af3_woTemplates_af3_seed_130563_sample_4_pred_794.cif,awaiting_extract,"MassiveFold model pool index only. It parses organizer-provided external model tarball listings and stages balanced extraction/rerank candidates. These models remain external rerank and accuracy-estimation inputs, not internal predictions, not CASP submissions, and not competitive-proof evidence."
4,T2313,T2313_T330,13475,T2313_all_pdbs/Model_6580_af3_woTemplates_af3_seed_994805_sample_1_pred_456.cif,Model_6580_af3_woTemplates_af3_seed_994805_sample_1_pred_456.cif,6580,AF3,af3_woTemplates,994805,1,456,woTemplates,,False,casp17/massivefold_external_pool_intake/t2313_t330/extracted_models/T2313_all_pdbs/Model_6580_af3_woTemplates_af3_seed_994805_sample_1_pred_456.cif,awaiting_extract,"MassiveFold model pool index only. It parses organizer-provided external model tarball listings and stages balanced extraction/rerank candidates. These models remain external rerank and accuracy-estimation inputs, not internal predictions, not CASP submissions, and not competitive-proof evidence."
4,T2313,T2313_T330,13480,T2313_all_pdbs/Model_7502_af3_woTemplates_af3_seed_384901_sample_2_pred_337.cif,Model_7502_af3_woTemplates_af3_seed_384901_sample_2_pred_337.cif,7502,AF3,af3_woTemplates,384901,2,337,woTemplates,,False,casp17/massivefold_external_pool_intake/t2313_t330/extracted_models/T2313_all_pdbs/Model_7502_af3_woTemplates_af3_seed_384901_sample_2_pred_337.cif,awaiting_extract,"MassiveFold model pool index only. It parses organizer-provided external model tarball listings and stages balanced extraction/rerank candidates. These models remain external rerank and accuracy-estimation inputs, not internal predictions, not CASP submissions, and not competitive-proof evidence."
4,T2313,T2313_T330,13490,T2313_all_pdbs/Model_7657_af3_woTemplates_af3_seed_897885_sample_0_pred_145.cif,Model_7657_af3_woTemplates_af3_seed_897885_sample_0_pred_145.cif,7657,AF3,af3_woTemplates,897885,0,145,woTemplates,,False,casp17/massivefold_external_pool_intake/t2313_t330/extracted_models/T2313_all_pdbs/Model_7657_af3_woTemplates_af3_seed_897885_sample_0_pred_145.cif,awaiting_extract,"MassiveFold model pool index only. It parses organizer-provided external model tarball listings and stages balanced extraction/rerank candidates. These models remain external rerank and accuracy-estimation inputs, not internal predictions, not CASP submissions, and not competitive-proof evidence."
4,T2313,T2313_T330,13518,T2313_all_pdbs/Model_6423_af3_woTemplates_af3_seed_48222_sample_0_pred_110.cif,Model_6423_af3_woTemplates_af3_seed_48222_sample_0_pred_110.cif,6423,AF3,af3_woTemplates,48222,0,110,woTemplates,,False,casp17/massivefold_external_pool_intake/t2313_t330/extracted_models/T2313_all_pdbs/Model_6423_af3_woTemplates_af3_seed_48222_sample_0_pred_110.cif,awaiting_extract,"MassiveFold model pool index only. It parses organizer-provided external model tarball listings and stages balanced extraction/rerank candidates. These models remain external rerank and accuracy-estimation inputs, not internal predictions, not CASP submissions, and not competitive-proof evidence."
4,T2313,T2313_T330,13523,T2313_all_pdbs/Model_7664_af3_woTemplates_af3_seed_994795_sample_1_pred_406.cif,Model_7664_af3_woTemplates_af3_seed_994795_sample_1_pred_406.cif,7664,AF3,af3_woTemplates,994795,1,406,woTemplates,,False,casp17/massivefold_external_pool_intake/t2313_t330/extracted_models/T2313_all_pdbs/Model_7664_af3_woTemplates_af3_seed_994795_sample_1_pred_406.cif,awaiting_extract,"MassiveFold model pool index only. It parses organizer-provided external model tarball listings and stages balanced extraction/rerank candidates. These models remain external rerank and accuracy-estimation inputs, not internal predictions, not CASP submissions, and not competitive-proof evidence."
4,T2313,T2313_T330,13526,T2313_all_pdbs/Model_6578_af3_woTemplates_af3_seed_897887_sample_3_pred_158.cif,Model_6578_af3_woTemplates_af3_seed_897887_sample_3_pred_158.cif,6578,AF3,af3_woTemplates,897887,3,158,woTemplates,,False,casp17/massivefold_external_pool_intake/t2313_t330/extracted_models/T2313_all_pdbs/Model_6578_af3_woTemplates_af3_seed_897887_sample_3_pred_158.cif,awaiting_extract,"MassiveFold model pool index only. It parses organizer-provided external model tarball listings and stages balanced extraction/rerank candidates. These models remain external rerank and accuracy-estimation inputs, not internal predictions, not CASP submissions, and not competitive-proof evidence."
4,T2313,T2313_T330,13546,T2313_all_pdbs/Model_5240_af3_woTemplates_af3_seed_256861_sample_2_pred_622.cif,Model_5240_af3_woTemplates_af3_seed_256861_sample_2_pred_622.cif,5240,AF3,af3_woTemplates,256861,2,622,woTemplates,,False,casp17/massivefold_external_pool_intake/t2313_t330/extracted_models/T2313_all_pdbs/Model_5240_af3_woTemplates_af3_seed_256861_sample_2_pred_622.cif,awaiting_extract,"MassiveFold model pool index only. It parses organizer-provided external model tarball listings and stages balanced extraction/rerank candidates. These models remain external rerank and accuracy-estimation inputs, not internal predictions, not CASP submissions, and not competitive-proof evidence."
4,T2313,T2313_T330,13565,T2313_all_pdbs/Model_7501_af3_woTemplates_af3_seed_384901_sample_3_pred_338.cif,Model_7501_af3_woTemplates_af3_seed_384901_sample_3_pred_338.cif,7501,AF3,af3_woTemplates,384901,3,338,woTemplates,,False,casp17/massivefold_external_pool_intake/t2313_t330/extracted_models/T2313_all_pdbs/Model_7501_af3_woTemplates_af3_seed_384901_sample_3_pred_338.cif,awaiting_extract,"MassiveFold model pool index only. It parses organizer-provided external model tarball listings and stages balanced extraction/rerank candidates. These models remain external rerank and accuracy-estimation inputs, not internal predictions, not CASP submissions, and not competitive-proof evidence."
4,T2313,T2313_T330,13591,T2313_all_pdbs/Model_5452_af3_woTemplates_af3_seed_897904_sample_2_pred_242.cif,Model_5452_af3_woTemplates_af3_seed_897904_sample_2_pred_242.cif,5452,AF3,af3_woTemplates,897904,2,242,woTemplates,,False,casp17/massivefold_external_pool_intake/t2313_t330/extracted_models/T2313_all_pdbs/Model_5452_af3_woTemplates_af3_seed_897904_sample_2_pred_242.cif,awaiting_extract,"MassiveFold model pool index only. It parses organizer-provided external model tarball listings and stages balanced extraction/rerank candidates. These models remain external rerank and accuracy-estimation inputs, not internal predictions, not CASP submissions, and not competitive-proof evidence."
4,T2313,T2313_T330,13592,T2313_all_pdbs/Model_4832_af3_woTemplates_af3_seed_130579_sample_1_pred_871.cif,Model_4832_af3_woTemplates_af3_seed_130579_sample_1_pred_871.cif,4832,AF3,af3_woTemplates,130579,1,871,woTemplates,,False,casp17/massivefold_external_pool_intake/t2313_t330/extracted_models/T2313_all_pdbs/Model_4832_af3_woTemplates_af3_seed_130579_sample_1_pred_871.cif,awaiting_extract,"MassiveFold model pool index only. It parses organizer-provided external model tarball listings and stages balanced extraction/rerank candidates. These models remain external rerank and accuracy-estimation inputs, not internal predictions, not CASP submissions, and not competitive-proof evidence."
4,T2313,T2313_T330,13607,T2313_all_pdbs/Model_5438_af3_woTemplates_af3_seed_641636_sample_4_pred_674.cif,Model_5438_af3_woTemplates_af3_seed_641636_sample_4_pred_674.cif,5438,AF3,af3_woTemplates,641636,4,674,woTemplates,,False,casp17/massivefold_external_pool_intake/t2313_t330/extracted_models/T2313_all_pdbs/Model_5438_af3_woTemplates_af3_seed_641636_sample_4_pred_674.cif,awaiting_extract,"MassiveFold model pool index only. It parses organizer-provided external model tarball listings and stages balanced extraction/rerank candidates. These models remain external rerank and accuracy-estimation inputs, not internal predictions, not CASP submissions, and not competitive-proof evidence."
4,T2313,T2313_T330,13614,T2313_all_pdbs/Model_3921_af3_woTemplates_af3_seed_841328_sample_2_pred_877.cif,Model_3921_af3_woTemplates_af3_seed_841328_sample_2_pred_877.cif,3921,AF3,af3_woTemplates,841328,2,877,woTemplates,,False,casp17/massivefold_external_pool_intake/t2313_t330/extracted_models/T2313_all_pdbs/Model_3921_af3_woTemplates_af3_seed_841328_sample_2_pred_877.cif,awaiting_extract,"MassiveFold model pool index only. It parses organizer-provided external model tarball listings and stages balanced extraction/rerank candidates. These models remain external rerank and accuracy-estimation inputs, not internal predictions, not CASP submissions, and not competitive-proof evidence."
4,T2313,T2313_T330,13644,T2313_all_pdbs/Model_6325_af3_woTemplates_af3_seed_897886_sample_3_pred_153.cif,Model_6325_af3_woTemplates_af3_seed_897886_sample_3_pred_153.cif,6325,AF3,af3_woTemplates,897886,3,153,woTemplates,,False,casp17/massivefold_external_pool_intake/t2313_t330/extracted_models/T2313_all_pdbs/Model_6325_af3_woTemplates_af3_seed_897886_sample_3_pred_153.cif,awaiting_extract,"MassiveFold model pool index only. It parses organizer-provided external model tarball listings and stages balanced extraction/rerank candidates. These models remain external rerank and accuracy-estimation inputs, not internal predictions, not CASP submissions, and not competitive-proof evidence."
4,T2313,T2313_T330,13649,T2313_all_pdbs/Model_5821_af3_woTemplates_af3_seed_48208_sample_1_pred_41.cif,Model_5821_af3_woTemplates_af3_seed_48208_sample_1_pred_41.cif,5821,AF3,af3_woTemplates,48208,1,41,woTemplates,,False,casp17/massivefold_external_pool_intake/t2313_t330/extracted_models/T2313_all_pdbs/Model_5821_af3_woTemplates_af3_seed_48208_sample_1_pred_41.cif,awaiting_extract,"MassiveFold model pool index only. It parses organizer-provided external model tarball listings and stages balanced extraction/rerank candidates. These models remain external rerank and accuracy-estimation inputs, not internal predictions, not CASP submissions, and not competitive-proof evidence."
4,T2313,T2313_T330,13677,T2313_all_pdbs/Model_3665_af3_woTemplates_af3_seed_384889_sample_4_pred_279.cif,Model_3665_af3_woTemplates_af3_seed_384889_sample_4_pred_279.cif,3665,AF3,af3_woTemplates,384889,4,279,woTemplates,,False,casp17/massivefold_external_pool_intake/t2313_t330/extracted_models/T2313_all_pdbs/Model_3665_af3_woTemplates_af3_seed_384889_sample_4_pred_279.cif,awaiting_extract,"MassiveFold model pool index only. It parses organizer-provided external model tarball listings and stages balanced extraction/rerank candidates. These models remain external rerank and accuracy-estimation inputs, not internal predictions, not CASP submissions, and not competitive-proof evidence."
4,T2313,T2313_T330,13682,T2313_all_pdbs/Model_3451_af3_woTemplates_af3_seed_384887_sample_0_pred_265.cif,Model_3451_af3_woTemplates_af3_seed_384887_sample_0_pred_265.cif,3451,AF3,af3_woTemplates,384887,0,265,woTemplates,,False,casp17/massivefold_external_pool_intake/t2313_t330/extracted_models/T2313_all_pdbs/Model_3451_af3_woTemplates_af3_seed_384887_sample_0_pred_265.cif,awaiting_extract,"MassiveFold model pool index only. It parses organizer-provided external model tarball listings and stages balanced extraction/rerank candidates. These models remain external rerank and accuracy-estimation inputs, not internal predictions, not CASP submissions, and not competitive-proof evidence."
4,T2313,T2313_T330,13687,T2313_all_pdbs/Model_6581_af3_woTemplates_af3_seed_641635_sample_3_pred_668.cif,Model_6581_af3_woTemplates_af3_seed_641635_sample_3_pred_668.cif,6581,AF3,af3_woTemplates,641635,3,668,woTemplates,,False,casp17/massivefold_external_pool_intake/t2313_t330/extracted_models/T2313_all_pdbs/Model_6581_af3_woTemplates_af3_seed_641635_sample_3_pred_668.cif,awaiting_extract,"MassiveFold model pool index only. It parses organizer-provided external model tarball listings and stages balanced extraction/rerank candidates. These models remain external rerank and accuracy-estimation inputs, not internal predictions, not CASP submissions, and not competitive-proof evidence."
4,T2313,T2313_T330,13731,T2313_all_pdbs/Model_4300_af3_woTemplates_af3_seed_130570_sample_4_pred_829.cif,Model_4300_af3_woTemplates_af3_seed_130570_sample_4_pred_829.cif,4300,AF3,af3_woTemplates,130570,4,829,woTemplates,,False,casp17/massivefold_external_pool_intake/t2313_t330/extracted_models/T2313_all_pdbs/Model_4300_af3_woTemplates_af3_seed_130570_sample_4_pred_829.cif,awaiting_extract,"MassiveFold model pool index only. It parses organizer-provided external model tarball listings and stages balanced extraction/rerank candidates. These models remain external rerank and accuracy-estimation inputs, not internal predictions, not CASP submissions, and not competitive-proof evidence."
4,T2313,T2313_T330,13747,T2313_all_pdbs/Model_5185_af3_woTemplates_af3_seed_130576_sample_3_pred_858.cif,Model_5185_af3_woTemplates_af3_seed_130576_sample_3_pred_858.cif,5185,AF3,af3_woTemplates,130576,3,858,woTemplates,,False,casp17/massivefold_external_pool_intake/t2313_t330/extracted_models/T2313_all_pdbs/Model_5185_af3_woTemplates_af3_seed_130576_sample_3_pred_858.cif,awaiting_extract,"MassiveFold model pool index only. It parses organizer-provided external model tarball listings and stages balanced extraction/rerank candidates. These models remain external rerank and accuracy-estimation inputs, not internal predictions, not CASP submissions, and not competitive-proof evidence."
4,T2313,T2313_T330,13751,T2313_all_pdbs/Model_5597_af3_woTemplates_af3_seed_897894_sample_2_pred_192.cif,Model_5597_af3_woTemplates_af3_seed_897894_sample_2_pred_192.cif,5597,AF3,af3_woTemplates,897894,2,192,woTemplates,,False,casp17/massivefold_external_pool_intake/t2313_t330/extracted_models/T2313_all_pdbs/Model_5597_af3_woTemplates_af3_seed_897894_sample_2_pred_192.cif,awaiting_extract,"MassiveFold model pool index only. It parses organizer-provided external model tarball listings and stages balanced extraction/rerank candidates. These models remain external rerank and accuracy-estimation inputs, not internal predictions, not CASP submissions, and not competitive-proof evidence."
4,T2313,T2313_T330,13767,T2313_all_pdbs/Model_8152_af3_woTemplates_af3_seed_48218_sample_0_pred_90.cif,Model_8152_af3_woTemplates_af3_seed_48218_sample_0_pred_90.cif,8152,AF3,af3_woTemplates,48218,0,90,woTemplates,,False,casp17/massivefold_external_pool_intake/t2313_t330/extracted_models/T2313_all_pdbs/Model_8152_af3_woTemplates_af3_seed_48218_sample_0_pred_90.cif,awaiting_extract,"MassiveFold model pool index only. It parses organizer-provided external model tarball listings and stages balanced extraction/rerank candidates. These models remain external rerank and accuracy-estimation inputs, not internal predictions, not CASP submissions, and not competitive-proof evidence."
4,T2313,T2313_T330,13789,T2313_all_pdbs/Model_6488_af3_woTemplates_af3_seed_994811_sample_1_pred_486.cif,Model_6488_af3_woTemplates_af3_seed_994811_sample_1_pred_486.cif,6488,AF3,af3_woTemplates,994811,1,486,woTemplates,,False,casp17/massivefold_external_pool_intake/t2313_t330/extracted_models/T2313_all_pdbs/Model_6488_af3_woTemplates_af3_seed_994811_sample_1_pred_486.cif,awaiting_extract,"MassiveFold model pool index only. It parses organizer-provided external model tarball listings and stages balanced extraction/rerank candidates. These models remain external rerank and accuracy-estimation inputs, not internal predictions, not CASP submissions, and not competitive-proof evidence."
4,T2313,T2313_T330,13818,T2313_all_pdbs/Model_6272_af3_woTemplates_af3_seed_130561_sample_0_pred_780.cif,Model_6272_af3_woTemplates_af3_seed_130561_sample_0_pred_780.cif,6272,AF3,af3_woTemplates,130561,0,780,woTemplates,,False,casp17/massivefold_external_pool_intake/t2313_t330/extracted_models/T2313_all_pdbs/Model_6272_af3_woTemplates_af3_seed_130561_sample_0_pred_780.cif,awaiting_extract,"MassiveFold model pool index only. It parses organizer-provided external model tarball listings and stages balanced extraction/rerank candidates. These models remain external rerank and accuracy-estimation inputs, not internal predictions, not CASP submissions, and not competitive-proof evidence."
4,T2313,T2313_T330,13825,T2313_all_pdbs/Model_2585_af3_woTemplates_af3_seed_897897_sample_1_pred_206.cif,Model_2585_af3_woTemplates_af3_seed_897897_sample_1_pred_206.cif,2585,AF3,af3_woTemplates,897897,1,206,woTemplates,129,True,casp17/massivefold_external_pool_intake/t2313_t330/extracted_models/T2313_all_pdbs/Model_2585_af3_woTemplates_af3_seed_897897_sample_1_pred_206.cif,extracted,"MassiveFold model pool index only. It parses organizer-provided external model tarball listings and stages balanced extraction/rerank candidates. These models remain external rerank and accuracy-estimation inputs, not internal predictions, not CASP submissions, and not competitive-proof evidence."
4,T2313,T2313_T330,13830,T2313_all_pdbs/Model_4861_af3_woTemplates_af3_seed_256850_sample_1_pred_566.cif,Model_4861_af3_woTemplates_af3_seed_256850_sample_1_pred_566.cif,4861,AF3,af3_woTemplates,256850,1,566,woTemplates,,False,casp17/massivefold_external_pool_intake/t2313_t330/extracted_models/T2313_all_pdbs/Model_4861_af3_woTemplates_af3_seed_256850_sample_1_pred_566.cif,awaiting_extract,"MassiveFold model pool index only. It parses organizer-provided external model tarball listings and stages balanced extraction/rerank candidates. These models remain external rerank and accuracy-estimation inputs, not internal predictions, not CASP submissions, and not competitive-proof evidence."
4,T2313,T2313_T330,13849,T2313_all_pdbs/Model_6257_af3_woTemplates_af3_seed_994812_sample_4_pred_494.cif,Model_6257_af3_woTemplates_af3_seed_994812_sample_4_pred_494.cif,6257,AF3,af3_woTemplates,994812,4,494,woTemplates,,False,casp17/massivefold_external_pool_intake/t2313_t330/extracted_models/T2313_all_pdbs/Model_6257_af3_woTemplates_af3_seed_994812_sample_4_pred_494.cif,awaiting_extract,"MassiveFold model pool index only. It parses organizer-provided external model tarball listings and stages balanced extraction/rerank candidates. These models remain external rerank and accuracy-estimation inputs, not internal predictions, not CASP submissions, and not competitive-proof evidence."
4,T2313,T2313_T330,13857,T2313_all_pdbs/Model_5585_af3_woTemplates_af3_seed_130560_sample_1_pred_776.cif,Model_5585_af3_woTemplates_af3_seed_130560_sample_1_pred_776.cif,5585,AF3,af3_woTemplates,130560,1,776,woTemplates,,False,casp17/massivefold_external_pool_intake/t2313_t330/extracted_models/T2313_all_pdbs/Model_5585_af3_woTemplates_af3_seed_130560_sample_1_pred_776.cif,awaiting_extract,"MassiveFold model pool index only. It parses organizer-provided external model tarball listings and stages balanced extraction/rerank candidates. These models remain external rerank and accuracy-estimation inputs, not internal predictions, not CASP submissions, and not competitive-proof evidence."
4,T2313,T2313_T330,13866,T2313_all_pdbs/Model_5053_af3_woTemplates_af3_seed_384902_sample_4_pred_344.cif,Model_5053_af3_woTemplates_af3_seed_384902_sample_4_pred_344.cif,5053,AF3,af3_woTemplates,384902,4,344,woTemplates,,False,casp17/massivefold_external_pool_intake/t2313_t330/extracted_models/T2313_all_pdbs/Model_5053_af3_woTemplates_af3_seed_384902_sample_4_pred_344.cif,awaiting_extract,"MassiveFold model pool index only. It parses organizer-provided external model tarball listings and stages balanced extraction/rerank candidates. These models remain external rerank and accuracy-estimation inputs, not internal predictions, not CASP submissions, and not competitive-proof evidence."
4,T2313,T2313_T330,13888,T2313_all_pdbs/Model_5822_af3_woTemplates_af3_seed_384895_sample_2_pred_307.cif,Model_5822_af3_woTemplates_af3_seed_384895_sample_2_pred_307.cif,5822,AF3,af3_woTemplates,384895,2,307,woTemplates,,False,casp17/massivefold_external_pool_intake/t2313_t330/extracted_models/T2313_all_pdbs/Model_5822_af3_woTemplates_af3_seed_384895_sample_2_pred_307.cif,awaiting_extract,"MassiveFold model pool index only. It parses organizer-provided external model tarball listings and stages balanced extraction/rerank candidates. These models remain external rerank and accuracy-estimation inputs, not internal predictions, not CASP submissions, and not competitive-proof evidence."
4,T2313,T2313_T330,13901,T2313_all_pdbs/Model_7653_af3_woTemplates_af3_seed_994796_sample_3_pred_413.cif,Model_7653_af3_woTemplates_af3_seed_994796_sample_3_pred_413.cif,7653,AF3,af3_woTemplates,994796,3,413,woTemplates,,False,casp17/massivefold_external_pool_intake/t2313_t330/extracted_models/T2313_all_pdbs/Model_7653_af3_woTemplates_af3_seed_994796_sample_3_pred_413.cif,awaiting_extract,"MassiveFold model pool index only. It parses organizer-provided external model tarball listings and stages balanced extraction/rerank candidates. These models remain external rerank and accuracy-estimation inputs, not internal predictions, not CASP submissions, and not competitive-proof evidence."
4,T2313,T2313_T330,13904,T2313_all_pdbs/Model_6818_af3_woTemplates_af3_seed_256843_sample_0_pred_530.cif,Model_6818_af3_woTemplates_af3_seed_256843_sample_0_pred_530.cif,6818,AF3,af3_woTemplates,256843,0,530,woTemplates,,False,casp17/massivefold_external_pool_intake/t2313_t330/extracted_models/T2313_all_pdbs/Model_6818_af3_woTemplates_af3_seed_256843_sample_0_pred_530.cif,awaiting_extract,"MassiveFold model pool index only. It parses organizer-provided external model tarball listings and stages balanced extraction/rerank candidates. These models remain external rerank and accuracy-estimation inputs, not internal predictions, not CASP submissions, and not competitive-proof evidence."
4,T2313,T2313_T330,13911,T2313_all_pdbs/Model_5974_af3_woTemplates_af3_seed_641632_sample_0_pred_650.cif,Model_5974_af3_woTemplates_af3_seed_641632_sample_0_pred_650.cif,5974,AF3,af3_woTemplates,641632,0,650,woTemplates,,False,casp17/massivefold_external_pool_intake/t2313_t330/extracted_models/T2313_all_pdbs/Model_5974_af3_woTemplates_af3_seed_641632_sample_0_pred_650.cif,awaiting_extract,"MassiveFold model pool index only. It parses organizer-provided external model tarball listings and stages balanced extraction/rerank candidates. These models remain external rerank and accuracy-estimation inputs, not internal predictions, not CASP submissions, and not competitive-proof evidence."
4,T2313,T2313_T330,13926,T2313_all_pdbs/Model_6157_af3_woTemplates_af3_seed_994809_sample_3_pred_478.cif,Model_6157_af3_woTemplates_af3_seed_994809_sample_3_pred_478.cif,6157,AF3,af3_woTemplates,994809,3,478,woTemplates,,False,casp17/massivefold_external_pool_intake/t2313_t330/extracted_models/T2313_all_pdbs/Model_6157_af3_woTemplates_af3_seed_994809_sample_3_pred_478.cif,awaiting_extract,"MassiveFold model pool index only. It parses organizer-provided external model tarball listings and stages balanced extraction/rerank candidates. These models remain external rerank and accuracy-estimation inputs, not internal predictions, not CASP submissions, and not competitive-proof evidence."
4,T2313,T2313_T330,13930,T2313_all_pdbs/Model_3763_af3_woTemplates_af3_seed_384905_sample_3_pred_358.cif,Model_3763_af3_woTemplates_af3_seed_384905_sample_3_pred_358.cif,3763,AF3,af3_woTemplates,384905,3,358,woTemplates,,False,casp17/massivefold_external_pool_intake/t2313_t330/extracted_models/T2313_all_pdbs/Model_3763_af3_woTemplates_af3_seed_384905_sample_3_pred_358.cif,awaiting_extract,"MassiveFold model pool index only. It parses organizer-provided external model tarball listings and stages balanced extraction/rerank candidates. These models remain external rerank and accuracy-estimation inputs, not internal predictions, not CASP submissions, and not competitive-proof evidence."
4,T2313,T2313_T330,13937,T2313_all_pdbs/Model_8149_af3_woTemplates_af3_seed_130573_sample_3_pred_843.cif,Model_8149_af3_woTemplates_af3_seed_130573_sample_3_pred_843.cif,8149,AF3,af3_woTemplates,130573,3,843,woTemplates,,False,casp17/massivefold_external_pool_intake/t2313_t330/extracted_models/T2313_all_pdbs/Model_8149_af3_woTemplates_af3_seed_130573_sample_3_pred_843.cif,awaiting_extract,"MassiveFold model pool index only. It parses organizer-provided external model tarball listings and stages balanced extraction/rerank candidates. These models remain external rerank and accuracy-estimation inputs, not internal predictions, not CASP submissions, and not competitive-proof evidence."
4,T2313,T2313_T330,13941,T2313_all_pdbs/Model_8164_af3_woTemplates_af3_seed_994790_sample_0_pred_380.cif,Model_8164_af3_woTemplates_af3_seed_994790_sample_0_pred_380.cif,8164,AF3,af3_woTemplates,994790,0,380,woTemplates,,False,casp17/massivefold_external_pool_intake/t2313_t330/extracted_models/T2313_all_pdbs/Model_8164_af3_woTemplates_af3_seed_994790_sample_0_pred_380.cif,awaiting_extract,"MassiveFold model pool index only. It parses organizer-provided external model tarball listings and stages balanced extraction/rerank candidates. These models remain external rerank and accuracy-estimation inputs, not internal predictions, not CASP submissions, and not competitive-proof evidence."
4,T2313,T2313_T330,13967,T2313_all_pdbs/Model_6275_af3_woTemplates_af3_seed_130561_sample_4_pred_784.cif,Model_6275_af3_woTemplates_af3_seed_130561_sample_4_pred_784.cif,6275,AF3,af3_woTemplates,130561,4,784,woTemplates,,False,casp17/massivefold_external_pool_intake/t2313_t330/extracted_models/T2313_all_pdbs/Model_6275_af3_woTemplates_af3_seed_130561_sample_4_pred_784.cif,awaiting_extract,"MassiveFold model pool index only. It parses organizer-provided external model tarball listings and stages balanced extraction/rerank candidates. These models remain external rerank and accuracy-estimation inputs, not internal predictions, not CASP submissions, and not competitive-proof evidence."
4,T2313,T2313_T330,13970,T2313_all_pdbs/Model_9137_af3_woTemplates_af3_seed_841346_sample_4_pred_969.cif,Model_9137_af3_woTemplates_af3_seed_841346_sample_4_pred_969.cif,9137,AF3,af3_woTemplates,841346,4,969,woTemplates,,False,casp17/massivefold_external_pool_intake/t2313_t330/extracted_models/T2313_all_pdbs/Model_9137_af3_woTemplates_af3_seed_841346_sample_4_pred_969.cif,awaiting_extract,"MassiveFold model pool index only. It parses organizer-provided external model tarball listings and stages balanced extraction/rerank candidates. These models remain external rerank and accuracy-estimation inputs, not internal predictions, not CASP submissions, and not competitive-proof evidence."
4,T2313,T2313_T330,13971,T2313_all_pdbs/Model_6106_af3_woTemplates_af3_seed_897899_sample_3_pred_218.cif,Model_6106_af3_woTemplates_af3_seed_897899_sample_3_pred_218.cif,6106,AF3,af3_woTemplates,897899,3,218,woTemplates,,False,casp17/massivefold_external_pool_intake/t2313_t330/extracted_models/T2313_all_pdbs/Model_6106_af3_woTemplates_af3_seed_897899_sample_3_pred_218.cif,awaiting_extract,"MassiveFold model pool index only. It parses organizer-provided external model tarball listings and stages balanced extraction/rerank candidates. These models remain external rerank and accuracy-estimation inputs, not internal predictions, not CASP submissions, and not competitive-proof evidence."
4,T2313,T2313_T330,14008,T2313_all_pdbs/Model_4949_af3_woTemplates_af3_seed_641634_sample_3_pred_663.cif,Model_4949_af3_woTemplates_af3_seed_641634_sample_3_pred_663.cif,4949,AF3,af3_woTemplates,641634,3,663,woTemplates,,False,casp17/massivefold_external_pool_intake/t2313_t330/extracted_models/T2313_all_pdbs/Model_4949_af3_woTemplates_af3_seed_641634_sample_3_pred_663.cif,awaiting_extract,"MassiveFold model pool index only. It parses organizer-provided external model tarball listings and stages balanced extraction/rerank candidates. These models remain external rerank and accuracy-estimation inputs, not internal predictions, not CASP submissions, and not competitive-proof evidence."
4,T2313,T2313_T330,14029,T2313_all_pdbs/Model_4172_af3_woTemplates_af3_seed_256854_sample_1_pred_586.cif,Model_4172_af3_woTemplates_af3_seed_256854_sample_1_pred_586.cif,4172,AF3,af3_woTemplates,256854,1,586,woTemplates,,False,casp17/massivefold_external_pool_intake/t2313_t330/extracted_models/T2313_all_pdbs/Model_4172_af3_woTemplates_af3_seed_256854_sample_1_pred_586.cif,awaiting_extract,"MassiveFold model pool index only. It parses organizer-provided external model tarball listings and stages balanced extraction/rerank candidates. These models remain external rerank and accuracy-estimation inputs, not internal predictions, not CASP submissions, and not competitive-proof evidence."
4,T2313,T2313_T330,14031,T2313_all_pdbs/Model_6331_af3_woTemplates_af3_seed_841329_sample_0_pred_880.cif,Model_6331_af3_woTemplates_af3_seed_841329_sample_0_pred_880.cif,6331,AF3,af3_woTemplates,841329,0,880,woTemplates,,False,casp17/massivefold_external_pool_intake/t2313_t330/extracted_models/T2313_all_pdbs/Model_6331_af3_woTemplates_af3_seed_841329_sample_0_pred_880.cif,awaiting_extract,"MassiveFold model pool index only. It parses organizer-provided external model tarball listings and stages balanced extraction/rerank candidates. These models remain external rerank and accuracy-estimation inputs, not internal predictions, not CASP submissions, and not competitive-proof evidence."
4,T2313,T2313_T330,14044,T2313_all_pdbs/Model_6003_af3_woTemplates_af3_seed_256849_sample_2_pred_562.cif,Model_6003_af3_woTemplates_af3_seed_256849_sample_2_pred_562.cif,6003,AF3,af3_woTemplates,256849,2,562,woTemplates,,False,casp17/massivefold_external_pool_intake/t2313_t330/extracted_models/T2313_all_pdbs/Model_6003_af3_woTemplates_af3_seed_256849_sample_2_pred_562.cif,awaiting_extract,"MassiveFold model pool index only. It parses organizer-provided external model tarball listings and stages balanced extraction/rerank candidates. These models remain external rerank and accuracy-estimation inputs, not internal predictions, not CASP submissions, and not competitive-proof evidence."
4,T2313,T2313_T330,14050,T2313_all_pdbs/Model_5697_af3_woTemplates_af3_seed_384895_sample_4_pred_309.cif,Model_5697_af3_woTemplates_af3_seed_384895_sample_4_pred_309.cif,5697,AF3,af3_woTemplates,384895,4,309,woTemplates,,False,casp17/massivefold_external_pool_intake/t2313_t330/extracted_models/T2313_all_pdbs/Model_5697_af3_woTemplates_af3_seed_384895_sample_4_pred_309.cif,awaiting_extract,"MassiveFold model pool index only. It parses organizer-provided external model tarball listings and stages balanced extraction/rerank candidates. These models remain external rerank and accuracy-estimation inputs, not internal predictions, not CASP submissions, and not competitive-proof evidence."
4,T2313,T2313_T330,14066,T2313_all_pdbs/Model_4019_af3_woTemplates_af3_seed_841342_sample_2_pred_947.cif,Model_4019_af3_woTemplates_af3_seed_841342_sample_2_pred_947.cif,4019,AF3,af3_woTemplates,841342,2,947,woTemplates,,False,casp17/massivefold_external_pool_intake/t2313_t330/extracted_models/T2313_all_pdbs/Model_4019_af3_woTemplates_af3_seed_841342_sample_2_pred_947.cif,awaiting_extract,"MassiveFold model pool index only. It parses organizer-provided external model tarball listings and stages balanced extraction/rerank candidates. These models remain external rerank and accuracy-estimation inputs, not internal predictions, not CASP submissions, and not competitive-proof evidence."
