pool_rank,target_id,model_set_id,model_rank,tar_member_path,filename,model_serial,af_engine,af_protocol,seed,sample,pred,rerank_bucket,selection_rank,selected_for_balanced_extract,extract_destination,extraction_status,claim_boundary
6,R2353,R2353,21,./R2353_all_cifs/Model_2735_af3_woTemplates_af3_seed_372145_sample_4_pred_534.cif,Model_2735_af3_woTemplates_af3_seed_372145_sample_4_pred_534.cif,2735,AF3,af3_woTemplates,372145,4,534,woTemplates,,False,casp17/massivefold_external_pool_intake/r2353/extracted_models/R2353_all_cifs/Model_2735_af3_woTemplates_af3_seed_372145_sample_4_pred_534.cif,awaiting_extract,"MassiveFold model pool index only. It parses organizer-provided external model tarball listings and stages balanced extraction/rerank candidates. These models remain external rerank and accuracy-estimation inputs, not internal predictions, not CASP submissions, and not competitive-proof evidence."
6,R2353,R2353,26,./R2353_all_cifs/Model_6320_af3_woTemplates_af3_seed_73752_sample_1_pred_946.cif,Model_6320_af3_woTemplates_af3_seed_73752_sample_1_pred_946.cif,6320,AF3,af3_woTemplates,73752,1,946,woTemplates,,False,casp17/massivefold_external_pool_intake/r2353/extracted_models/R2353_all_cifs/Model_6320_af3_woTemplates_af3_seed_73752_sample_1_pred_946.cif,awaiting_extract,"MassiveFold model pool index only. It parses organizer-provided external model tarball listings and stages balanced extraction/rerank candidates. These models remain external rerank and accuracy-estimation inputs, not internal predictions, not CASP submissions, and not competitive-proof evidence."
6,R2353,R2353,27,./R2353_all_cifs/Model_3724_af3_woTemplates_af3_seed_372161_sample_2_pred_612.cif,Model_3724_af3_woTemplates_af3_seed_372161_sample_2_pred_612.cif,3724,AF3,af3_woTemplates,372161,2,612,woTemplates,,False,casp17/massivefold_external_pool_intake/r2353/extracted_models/R2353_all_cifs/Model_3724_af3_woTemplates_af3_seed_372161_sample_2_pred_612.cif,awaiting_extract,"MassiveFold model pool index only. It parses organizer-provided external model tarball listings and stages balanced extraction/rerank candidates. These models remain external rerank and accuracy-estimation inputs, not internal predictions, not CASP submissions, and not competitive-proof evidence."
6,R2353,R2353,34,./R2353_all_cifs/Model_2210_af3_woTemplates_af3_seed_218322_sample_2_pred_772.cif,Model_2210_af3_woTemplates_af3_seed_218322_sample_2_pred_772.cif,2210,AF3,af3_woTemplates,218322,2,772,woTemplates,,False,casp17/massivefold_external_pool_intake/r2353/extracted_models/R2353_all_cifs/Model_2210_af3_woTemplates_af3_seed_218322_sample_2_pred_772.cif,awaiting_extract,"MassiveFold model pool index only. It parses organizer-provided external model tarball listings and stages balanced extraction/rerank candidates. These models remain external rerank and accuracy-estimation inputs, not internal predictions, not CASP submissions, and not competitive-proof evidence."
6,R2353,R2353,45,./R2353_all_cifs/Model_5499_af3_woTemplates_af3_seed_5685_sample_4_pred_414.cif,Model_5499_af3_woTemplates_af3_seed_5685_sample_4_pred_414.cif,5499,AF3,af3_woTemplates,5685,4,414,woTemplates,,False,casp17/massivefold_external_pool_intake/r2353/extracted_models/R2353_all_cifs/Model_5499_af3_woTemplates_af3_seed_5685_sample_4_pred_414.cif,awaiting_extract,"MassiveFold model pool index only. It parses organizer-provided external model tarball listings and stages balanced extraction/rerank candidates. These models remain external rerank and accuracy-estimation inputs, not internal predictions, not CASP submissions, and not competitive-proof evidence."
6,R2353,R2353,55,./R2353_all_cifs/Model_275_af3_woTemplates_af3_seed_359491_sample_4_pred_19.cif,Model_275_af3_woTemplates_af3_seed_359491_sample_4_pred_19.cif,275,AF3,af3_woTemplates,359491,4,19,woTemplates,,False,casp17/massivefold_external_pool_intake/r2353/extracted_models/R2353_all_cifs/Model_275_af3_woTemplates_af3_seed_359491_sample_4_pred_19.cif,awaiting_extract,"MassiveFold model pool index only. It parses organizer-provided external model tarball listings and stages balanced extraction/rerank candidates. These models remain external rerank and accuracy-estimation inputs, not internal predictions, not CASP submissions, and not competitive-proof evidence."
6,R2353,R2353,66,./R2353_all_cifs/Model_1593_af3_woTemplates_af3_seed_285267_sample_0_pred_285.cif,Model_1593_af3_woTemplates_af3_seed_285267_sample_0_pred_285.cif,1593,AF3,af3_woTemplates,285267,0,285,woTemplates,,False,casp17/massivefold_external_pool_intake/r2353/extracted_models/R2353_all_cifs/Model_1593_af3_woTemplates_af3_seed_285267_sample_0_pred_285.cif,awaiting_extract,"MassiveFold model pool index only. It parses organizer-provided external model tarball listings and stages balanced extraction/rerank candidates. These models remain external rerank and accuracy-estimation inputs, not internal predictions, not CASP submissions, and not competitive-proof evidence."
6,R2353,R2353,76,./R2353_all_cifs/Model_7552_af3_woTemplates_af3_seed_73741_sample_1_pred_891.cif,Model_7552_af3_woTemplates_af3_seed_73741_sample_1_pred_891.cif,7552,AF3,af3_woTemplates,73741,1,891,woTemplates,,False,casp17/massivefold_external_pool_intake/r2353/extracted_models/R2353_all_cifs/Model_7552_af3_woTemplates_af3_seed_73741_sample_1_pred_891.cif,awaiting_extract,"MassiveFold model pool index only. It parses organizer-provided external model tarball listings and stages balanced extraction/rerank candidates. These models remain external rerank and accuracy-estimation inputs, not internal predictions, not CASP submissions, and not competitive-proof evidence."
6,R2353,R2353,89,./R2353_all_cifs/Model_5090_af3_woTemplates_af3_seed_218330_sample_1_pred_811.cif,Model_5090_af3_woTemplates_af3_seed_218330_sample_1_pred_811.cif,5090,AF3,af3_woTemplates,218330,1,811,woTemplates,,False,casp17/massivefold_external_pool_intake/r2353/extracted_models/R2353_all_cifs/Model_5090_af3_woTemplates_af3_seed_218330_sample_1_pred_811.cif,awaiting_extract,"MassiveFold model pool index only. It parses organizer-provided external model tarball listings and stages balanced extraction/rerank candidates. These models remain external rerank and accuracy-estimation inputs, not internal predictions, not CASP submissions, and not competitive-proof evidence."
6,R2353,R2353,97,./R2353_all_cifs/Model_183_af3_woTemplates_af3_seed_359498_sample_0_pred_50.cif,Model_183_af3_woTemplates_af3_seed_359498_sample_0_pred_50.cif,183,AF3,af3_woTemplates,359498,0,50,woTemplates,,False,casp17/massivefold_external_pool_intake/r2353/extracted_models/R2353_all_cifs/Model_183_af3_woTemplates_af3_seed_359498_sample_0_pred_50.cif,awaiting_extract,"MassiveFold model pool index only. It parses organizer-provided external model tarball listings and stages balanced extraction/rerank candidates. These models remain external rerank and accuracy-estimation inputs, not internal predictions, not CASP submissions, and not competitive-proof evidence."
6,R2353,R2353,98,./R2353_all_cifs/Model_6857_af3_woTemplates_af3_seed_218329_sample_2_pred_807.cif,Model_6857_af3_woTemplates_af3_seed_218329_sample_2_pred_807.cif,6857,AF3,af3_woTemplates,218329,2,807,woTemplates,,False,casp17/massivefold_external_pool_intake/r2353/extracted_models/R2353_all_cifs/Model_6857_af3_woTemplates_af3_seed_218329_sample_2_pred_807.cif,awaiting_extract,"MassiveFold model pool index only. It parses organizer-provided external model tarball listings and stages balanced extraction/rerank candidates. These models remain external rerank and accuracy-estimation inputs, not internal predictions, not CASP submissions, and not competitive-proof evidence."
6,R2353,R2353,103,./R2353_all_cifs/Model_864_af3_woTemplates_af3_seed_359490_sample_2_pred_12.cif,Model_864_af3_woTemplates_af3_seed_359490_sample_2_pred_12.cif,864,AF3,af3_woTemplates,359490,2,12,woTemplates,,False,casp17/massivefold_external_pool_intake/r2353/extracted_models/R2353_all_cifs/Model_864_af3_woTemplates_af3_seed_359490_sample_2_pred_12.cif,awaiting_extract,"MassiveFold model pool index only. It parses organizer-provided external model tarball listings and stages balanced extraction/rerank candidates. These models remain external rerank and accuracy-estimation inputs, not internal predictions, not CASP submissions, and not competitive-proof evidence."
6,R2353,R2353,105,./R2353_all_cifs/Model_5960_af3_woTemplates_af3_seed_904988_sample_3_pred_178.cif,Model_5960_af3_woTemplates_af3_seed_904988_sample_3_pred_178.cif,5960,AF3,af3_woTemplates,904988,3,178,woTemplates,,False,casp17/massivefold_external_pool_intake/r2353/extracted_models/R2353_all_cifs/Model_5960_af3_woTemplates_af3_seed_904988_sample_3_pred_178.cif,awaiting_extract,"MassiveFold model pool index only. It parses organizer-provided external model tarball listings and stages balanced extraction/rerank candidates. These models remain external rerank and accuracy-estimation inputs, not internal predictions, not CASP submissions, and not competitive-proof evidence."
6,R2353,R2353,109,./R2353_all_cifs/Model_3771_af3_woTemplates_af3_seed_372145_sample_2_pred_532.cif,Model_3771_af3_woTemplates_af3_seed_372145_sample_2_pred_532.cif,3771,AF3,af3_woTemplates,372145,2,532,woTemplates,,False,casp17/massivefold_external_pool_intake/r2353/extracted_models/R2353_all_cifs/Model_3771_af3_woTemplates_af3_seed_372145_sample_2_pred_532.cif,awaiting_extract,"MassiveFold model pool index only. It parses organizer-provided external model tarball listings and stages balanced extraction/rerank candidates. These models remain external rerank and accuracy-estimation inputs, not internal predictions, not CASP submissions, and not competitive-proof evidence."
6,R2353,R2353,161,./R2353_all_cifs/Model_7539_af3_woTemplates_af3_seed_372148_sample_0_pred_545.cif,Model_7539_af3_woTemplates_af3_seed_372148_sample_0_pred_545.cif,7539,AF3,af3_woTemplates,372148,0,545,woTemplates,,False,casp17/massivefold_external_pool_intake/r2353/extracted_models/R2353_all_cifs/Model_7539_af3_woTemplates_af3_seed_372148_sample_0_pred_545.cif,awaiting_extract,"MassiveFold model pool index only. It parses organizer-provided external model tarball listings and stages balanced extraction/rerank candidates. These models remain external rerank and accuracy-estimation inputs, not internal predictions, not CASP submissions, and not competitive-proof evidence."
6,R2353,R2353,167,./R2353_all_cifs/Model_1252_af3_woTemplates_af3_seed_904982_sample_2_pred_147.cif,Model_1252_af3_woTemplates_af3_seed_904982_sample_2_pred_147.cif,1252,AF3,af3_woTemplates,904982,2,147,woTemplates,,False,casp17/massivefold_external_pool_intake/r2353/extracted_models/R2353_all_cifs/Model_1252_af3_woTemplates_af3_seed_904982_sample_2_pred_147.cif,awaiting_extract,"MassiveFold model pool index only. It parses organizer-provided external model tarball listings and stages balanced extraction/rerank candidates. These models remain external rerank and accuracy-estimation inputs, not internal predictions, not CASP submissions, and not competitive-proof evidence."
6,R2353,R2353,180,./R2353_all_cifs/Model_7281_af3_woTemplates_af3_seed_5700_sample_3_pred_488.cif,Model_7281_af3_woTemplates_af3_seed_5700_sample_3_pred_488.cif,7281,AF3,af3_woTemplates,5700,3,488,woTemplates,,False,casp17/massivefold_external_pool_intake/r2353/extracted_models/R2353_all_cifs/Model_7281_af3_woTemplates_af3_seed_5700_sample_3_pred_488.cif,awaiting_extract,"MassiveFold model pool index only. It parses organizer-provided external model tarball listings and stages balanced extraction/rerank candidates. These models remain external rerank and accuracy-estimation inputs, not internal predictions, not CASP submissions, and not competitive-proof evidence."
6,R2353,R2353,183,./R2353_all_cifs/Model_2445_af3_woTemplates_af3_seed_359491_sample_3_pred_18.cif,Model_2445_af3_woTemplates_af3_seed_359491_sample_3_pred_18.cif,2445,AF3,af3_woTemplates,359491,3,18,woTemplates,,False,casp17/massivefold_external_pool_intake/r2353/extracted_models/R2353_all_cifs/Model_2445_af3_woTemplates_af3_seed_359491_sample_3_pred_18.cif,awaiting_extract,"MassiveFold model pool index only. It parses organizer-provided external model tarball listings and stages balanced extraction/rerank candidates. These models remain external rerank and accuracy-estimation inputs, not internal predictions, not CASP submissions, and not competitive-proof evidence."
6,R2353,R2353,186,./R2353_all_cifs/Model_5764_af3_woTemplates_af3_seed_904983_sample_4_pred_154.cif,Model_5764_af3_woTemplates_af3_seed_904983_sample_4_pred_154.cif,5764,AF3,af3_woTemplates,904983,4,154,woTemplates,,False,casp17/massivefold_external_pool_intake/r2353/extracted_models/R2353_all_cifs/Model_5764_af3_woTemplates_af3_seed_904983_sample_4_pred_154.cif,awaiting_extract,"MassiveFold model pool index only. It parses organizer-provided external model tarball listings and stages balanced extraction/rerank candidates. These models remain external rerank and accuracy-estimation inputs, not internal predictions, not CASP submissions, and not competitive-proof evidence."
6,R2353,R2353,199,./R2353_all_cifs/Model_2303_af3_woTemplates_af3_seed_905000_sample_2_pred_237.cif,Model_2303_af3_woTemplates_af3_seed_905000_sample_2_pred_237.cif,2303,AF3,af3_woTemplates,905000,2,237,woTemplates,,False,casp17/massivefold_external_pool_intake/r2353/extracted_models/R2353_all_cifs/Model_2303_af3_woTemplates_af3_seed_905000_sample_2_pred_237.cif,awaiting_extract,"MassiveFold model pool index only. It parses organizer-provided external model tarball listings and stages balanced extraction/rerank candidates. These models remain external rerank and accuracy-estimation inputs, not internal predictions, not CASP submissions, and not competitive-proof evidence."
6,R2353,R2353,204,./R2353_all_cifs/Model_5108_af3_woTemplates_af3_seed_5692_sample_1_pred_446.cif,Model_5108_af3_woTemplates_af3_seed_5692_sample_1_pred_446.cif,5108,AF3,af3_woTemplates,5692,1,446,woTemplates,,False,casp17/massivefold_external_pool_intake/r2353/extracted_models/R2353_all_cifs/Model_5108_af3_woTemplates_af3_seed_5692_sample_1_pred_446.cif,awaiting_extract,"MassiveFold model pool index only. It parses organizer-provided external model tarball listings and stages balanced extraction/rerank candidates. These models remain external rerank and accuracy-estimation inputs, not internal predictions, not CASP submissions, and not competitive-proof evidence."
6,R2353,R2353,210,./R2353_all_cifs/Model_3816_af3_woTemplates_af3_seed_285269_sample_2_pred_297.cif,Model_3816_af3_woTemplates_af3_seed_285269_sample_2_pred_297.cif,3816,AF3,af3_woTemplates,285269,2,297,woTemplates,,False,casp17/massivefold_external_pool_intake/r2353/extracted_models/R2353_all_cifs/Model_3816_af3_woTemplates_af3_seed_285269_sample_2_pred_297.cif,awaiting_extract,"MassiveFold model pool index only. It parses organizer-provided external model tarball listings and stages balanced extraction/rerank candidates. These models remain external rerank and accuracy-estimation inputs, not internal predictions, not CASP submissions, and not competitive-proof evidence."
6,R2353,R2353,216,./R2353_all_cifs/Model_439_af3_woTemplates_af3_seed_904988_sample_0_pred_175.cif,Model_439_af3_woTemplates_af3_seed_904988_sample_0_pred_175.cif,439,AF3,af3_woTemplates,904988,0,175,woTemplates,,False,casp17/massivefold_external_pool_intake/r2353/extracted_models/R2353_all_cifs/Model_439_af3_woTemplates_af3_seed_904988_sample_0_pred_175.cif,awaiting_extract,"MassiveFold model pool index only. It parses organizer-provided external model tarball listings and stages balanced extraction/rerank candidates. These models remain external rerank and accuracy-estimation inputs, not internal predictions, not CASP submissions, and not competitive-proof evidence."
6,R2353,R2353,218,./R2353_all_cifs/Model_3876_af3_woTemplates_af3_seed_372163_sample_1_pred_621.cif,Model_3876_af3_woTemplates_af3_seed_372163_sample_1_pred_621.cif,3876,AF3,af3_woTemplates,372163,1,621,woTemplates,,False,casp17/massivefold_external_pool_intake/r2353/extracted_models/R2353_all_cifs/Model_3876_af3_woTemplates_af3_seed_372163_sample_1_pred_621.cif,awaiting_extract,"MassiveFold model pool index only. It parses organizer-provided external model tarball listings and stages balanced extraction/rerank candidates. These models remain external rerank and accuracy-estimation inputs, not internal predictions, not CASP submissions, and not competitive-proof evidence."
6,R2353,R2353,227,./R2353_all_cifs/Model_2984_af3_woTemplates_af3_seed_359488_sample_0_pred_0.cif,Model_2984_af3_woTemplates_af3_seed_359488_sample_0_pred_0.cif,2984,AF3,af3_woTemplates,359488,0,0,woTemplates,,False,casp17/massivefold_external_pool_intake/r2353/extracted_models/R2353_all_cifs/Model_2984_af3_woTemplates_af3_seed_359488_sample_0_pred_0.cif,awaiting_extract,"MassiveFold model pool index only. It parses organizer-provided external model tarball listings and stages balanced extraction/rerank candidates. These models remain external rerank and accuracy-estimation inputs, not internal predictions, not CASP submissions, and not competitive-proof evidence."
6,R2353,R2353,244,./R2353_all_cifs/Model_7337_af3_woTemplates_af3_seed_372145_sample_0_pred_530.cif,Model_7337_af3_woTemplates_af3_seed_372145_sample_0_pred_530.cif,7337,AF3,af3_woTemplates,372145,0,530,woTemplates,,False,casp17/massivefold_external_pool_intake/r2353/extracted_models/R2353_all_cifs/Model_7337_af3_woTemplates_af3_seed_372145_sample_0_pred_530.cif,awaiting_extract,"MassiveFold model pool index only. It parses organizer-provided external model tarball listings and stages balanced extraction/rerank candidates. These models remain external rerank and accuracy-estimation inputs, not internal predictions, not CASP submissions, and not competitive-proof evidence."
6,R2353,R2353,252,./R2353_all_cifs/Model_6533_af3_woTemplates_af3_seed_5688_sample_2_pred_427.cif,Model_6533_af3_woTemplates_af3_seed_5688_sample_2_pred_427.cif,6533,AF3,af3_woTemplates,5688,2,427,woTemplates,,False,casp17/massivefold_external_pool_intake/r2353/extracted_models/R2353_all_cifs/Model_6533_af3_woTemplates_af3_seed_5688_sample_2_pred_427.cif,awaiting_extract,"MassiveFold model pool index only. It parses organizer-provided external model tarball listings and stages balanced extraction/rerank candidates. These models remain external rerank and accuracy-estimation inputs, not internal predictions, not CASP submissions, and not competitive-proof evidence."
6,R2353,R2353,281,./R2353_all_cifs/Model_4544_af3_woTemplates_af3_seed_5689_sample_3_pred_433.cif,Model_4544_af3_woTemplates_af3_seed_5689_sample_3_pred_433.cif,4544,AF3,af3_woTemplates,5689,3,433,woTemplates,,False,casp17/massivefold_external_pool_intake/r2353/extracted_models/R2353_all_cifs/Model_4544_af3_woTemplates_af3_seed_5689_sample_3_pred_433.cif,awaiting_extract,"MassiveFold model pool index only. It parses organizer-provided external model tarball listings and stages balanced extraction/rerank candidates. These models remain external rerank and accuracy-estimation inputs, not internal predictions, not CASP submissions, and not competitive-proof evidence."
6,R2353,R2353,283,./R2353_all_cifs/Model_1807_af3_woTemplates_af3_seed_141673_sample_2_pred_717.cif,Model_1807_af3_woTemplates_af3_seed_141673_sample_2_pred_717.cif,1807,AF3,af3_woTemplates,141673,2,717,woTemplates,,False,casp17/massivefold_external_pool_intake/r2353/extracted_models/R2353_all_cifs/Model_1807_af3_woTemplates_af3_seed_141673_sample_2_pred_717.cif,awaiting_extract,"MassiveFold model pool index only. It parses organizer-provided external model tarball listings and stages balanced extraction/rerank candidates. These models remain external rerank and accuracy-estimation inputs, not internal predictions, not CASP submissions, and not competitive-proof evidence."
6,R2353,R2353,284,./R2353_all_cifs/Model_4717_af3_woTemplates_af3_seed_905002_sample_2_pred_247.cif,Model_4717_af3_woTemplates_af3_seed_905002_sample_2_pred_247.cif,4717,AF3,af3_woTemplates,905002,2,247,woTemplates,,False,casp17/massivefold_external_pool_intake/r2353/extracted_models/R2353_all_cifs/Model_4717_af3_woTemplates_af3_seed_905002_sample_2_pred_247.cif,awaiting_extract,"MassiveFold model pool index only. It parses organizer-provided external model tarball listings and stages balanced extraction/rerank candidates. These models remain external rerank and accuracy-estimation inputs, not internal predictions, not CASP submissions, and not competitive-proof evidence."
6,R2353,R2353,287,./R2353_all_cifs/Model_2253_af3_woTemplates_af3_seed_5696_sample_0_pred_465.cif,Model_2253_af3_woTemplates_af3_seed_5696_sample_0_pred_465.cif,2253,AF3,af3_woTemplates,5696,0,465,woTemplates,,False,casp17/massivefold_external_pool_intake/r2353/extracted_models/R2353_all_cifs/Model_2253_af3_woTemplates_af3_seed_5696_sample_0_pred_465.cif,awaiting_extract,"MassiveFold model pool index only. It parses organizer-provided external model tarball listings and stages balanced extraction/rerank candidates. These models remain external rerank and accuracy-estimation inputs, not internal predictions, not CASP submissions, and not competitive-proof evidence."
6,R2353,R2353,293,./R2353_all_cifs/Model_3258_af3_woTemplates_af3_seed_218318_sample_3_pred_753.cif,Model_3258_af3_woTemplates_af3_seed_218318_sample_3_pred_753.cif,3258,AF3,af3_woTemplates,218318,3,753,woTemplates,,False,casp17/massivefold_external_pool_intake/r2353/extracted_models/R2353_all_cifs/Model_3258_af3_woTemplates_af3_seed_218318_sample_3_pred_753.cif,awaiting_extract,"MassiveFold model pool index only. It parses organizer-provided external model tarball listings and stages balanced extraction/rerank candidates. These models remain external rerank and accuracy-estimation inputs, not internal predictions, not CASP submissions, and not competitive-proof evidence."
6,R2353,R2353,296,./R2353_all_cifs/Model_2155_af3_woTemplates_af3_seed_359497_sample_0_pred_45.cif,Model_2155_af3_woTemplates_af3_seed_359497_sample_0_pred_45.cif,2155,AF3,af3_woTemplates,359497,0,45,woTemplates,,False,casp17/massivefold_external_pool_intake/r2353/extracted_models/R2353_all_cifs/Model_2155_af3_woTemplates_af3_seed_359497_sample_0_pred_45.cif,awaiting_extract,"MassiveFold model pool index only. It parses organizer-provided external model tarball listings and stages balanced extraction/rerank candidates. These models remain external rerank and accuracy-estimation inputs, not internal predictions, not CASP submissions, and not competitive-proof evidence."
6,R2353,R2353,297,./R2353_all_cifs/Model_488_af3_woTemplates_af3_seed_141671_sample_2_pred_707.cif,Model_488_af3_woTemplates_af3_seed_141671_sample_2_pred_707.cif,488,AF3,af3_woTemplates,141671,2,707,woTemplates,,False,casp17/massivefold_external_pool_intake/r2353/extracted_models/R2353_all_cifs/Model_488_af3_woTemplates_af3_seed_141671_sample_2_pred_707.cif,awaiting_extract,"MassiveFold model pool index only. It parses organizer-provided external model tarball listings and stages balanced extraction/rerank candidates. These models remain external rerank and accuracy-estimation inputs, not internal predictions, not CASP submissions, and not competitive-proof evidence."
6,R2353,R2353,306,./R2353_all_cifs/Model_4830_af3_woTemplates_af3_seed_285281_sample_0_pred_355.cif,Model_4830_af3_woTemplates_af3_seed_285281_sample_0_pred_355.cif,4830,AF3,af3_woTemplates,285281,0,355,woTemplates,,False,casp17/massivefold_external_pool_intake/r2353/extracted_models/R2353_all_cifs/Model_4830_af3_woTemplates_af3_seed_285281_sample_0_pred_355.cif,awaiting_extract,"MassiveFold model pool index only. It parses organizer-provided external model tarball listings and stages balanced extraction/rerank candidates. These models remain external rerank and accuracy-estimation inputs, not internal predictions, not CASP submissions, and not competitive-proof evidence."
6,R2353,R2353,313,./R2353_all_cifs/Model_2507_af3_woTemplates_af3_seed_141677_sample_0_pred_735.cif,Model_2507_af3_woTemplates_af3_seed_141677_sample_0_pred_735.cif,2507,AF3,af3_woTemplates,141677,0,735,woTemplates,,False,casp17/massivefold_external_pool_intake/r2353/extracted_models/R2353_all_cifs/Model_2507_af3_woTemplates_af3_seed_141677_sample_0_pred_735.cif,awaiting_extract,"MassiveFold model pool index only. It parses organizer-provided external model tarball listings and stages balanced extraction/rerank candidates. These models remain external rerank and accuracy-estimation inputs, not internal predictions, not CASP submissions, and not competitive-proof evidence."
6,R2353,R2353,323,./R2353_all_cifs/Model_2674_af3_woTemplates_af3_seed_372157_sample_0_pred_590.cif,Model_2674_af3_woTemplates_af3_seed_372157_sample_0_pred_590.cif,2674,AF3,af3_woTemplates,372157,0,590,woTemplates,,False,casp17/massivefold_external_pool_intake/r2353/extracted_models/R2353_all_cifs/Model_2674_af3_woTemplates_af3_seed_372157_sample_0_pred_590.cif,awaiting_extract,"MassiveFold model pool index only. It parses organizer-provided external model tarball listings and stages balanced extraction/rerank candidates. These models remain external rerank and accuracy-estimation inputs, not internal predictions, not CASP submissions, and not competitive-proof evidence."
6,R2353,R2353,335,./R2353_all_cifs/Model_6780_af3_woTemplates_af3_seed_73762_sample_1_pred_996.cif,Model_6780_af3_woTemplates_af3_seed_73762_sample_1_pred_996.cif,6780,AF3,af3_woTemplates,73762,1,996,woTemplates,,False,casp17/massivefold_external_pool_intake/r2353/extracted_models/R2353_all_cifs/Model_6780_af3_woTemplates_af3_seed_73762_sample_1_pred_996.cif,awaiting_extract,"MassiveFold model pool index only. It parses organizer-provided external model tarball listings and stages balanced extraction/rerank candidates. These models remain external rerank and accuracy-estimation inputs, not internal predictions, not CASP submissions, and not competitive-proof evidence."
6,R2353,R2353,336,./R2353_all_cifs/Model_3454_af3_woTemplates_af3_seed_372160_sample_0_pred_605.cif,Model_3454_af3_woTemplates_af3_seed_372160_sample_0_pred_605.cif,3454,AF3,af3_woTemplates,372160,0,605,woTemplates,,False,casp17/massivefold_external_pool_intake/r2353/extracted_models/R2353_all_cifs/Model_3454_af3_woTemplates_af3_seed_372160_sample_0_pred_605.cif,awaiting_extract,"MassiveFold model pool index only. It parses organizer-provided external model tarball listings and stages balanced extraction/rerank candidates. These models remain external rerank and accuracy-estimation inputs, not internal predictions, not CASP submissions, and not competitive-proof evidence."
6,R2353,R2353,337,./R2353_all_cifs/Model_1743_af3_woTemplates_af3_seed_904979_sample_2_pred_132.cif,Model_1743_af3_woTemplates_af3_seed_904979_sample_2_pred_132.cif,1743,AF3,af3_woTemplates,904979,2,132,woTemplates,,False,casp17/massivefold_external_pool_intake/r2353/extracted_models/R2353_all_cifs/Model_1743_af3_woTemplates_af3_seed_904979_sample_2_pred_132.cif,awaiting_extract,"MassiveFold model pool index only. It parses organizer-provided external model tarball listings and stages balanced extraction/rerank candidates. These models remain external rerank and accuracy-estimation inputs, not internal predictions, not CASP submissions, and not competitive-proof evidence."
6,R2353,R2353,342,./R2353_all_cifs/Model_7645_af3_woTemplates_af3_seed_359494_sample_0_pred_30.cif,Model_7645_af3_woTemplates_af3_seed_359494_sample_0_pred_30.cif,7645,AF3,af3_woTemplates,359494,0,30,woTemplates,,False,casp17/massivefold_external_pool_intake/r2353/extracted_models/R2353_all_cifs/Model_7645_af3_woTemplates_af3_seed_359494_sample_0_pred_30.cif,awaiting_extract,"MassiveFold model pool index only. It parses organizer-provided external model tarball listings and stages balanced extraction/rerank candidates. These models remain external rerank and accuracy-estimation inputs, not internal predictions, not CASP submissions, and not competitive-proof evidence."
6,R2353,R2353,352,./R2353_all_cifs/Model_4773_af3_woTemplates_af3_seed_359500_sample_2_pred_62.cif,Model_4773_af3_woTemplates_af3_seed_359500_sample_2_pred_62.cif,4773,AF3,af3_woTemplates,359500,2,62,woTemplates,,False,casp17/massivefold_external_pool_intake/r2353/extracted_models/R2353_all_cifs/Model_4773_af3_woTemplates_af3_seed_359500_sample_2_pred_62.cif,awaiting_extract,"MassiveFold model pool index only. It parses organizer-provided external model tarball listings and stages balanced extraction/rerank candidates. These models remain external rerank and accuracy-estimation inputs, not internal predictions, not CASP submissions, and not competitive-proof evidence."
6,R2353,R2353,355,./R2353_all_cifs/Model_3893_af3_woTemplates_af3_seed_359488_sample_3_pred_3.cif,Model_3893_af3_woTemplates_af3_seed_359488_sample_3_pred_3.cif,3893,AF3,af3_woTemplates,359488,3,3,woTemplates,,False,casp17/massivefold_external_pool_intake/r2353/extracted_models/R2353_all_cifs/Model_3893_af3_woTemplates_af3_seed_359488_sample_3_pred_3.cif,awaiting_extract,"MassiveFold model pool index only. It parses organizer-provided external model tarball listings and stages balanced extraction/rerank candidates. These models remain external rerank and accuracy-estimation inputs, not internal predictions, not CASP submissions, and not competitive-proof evidence."
6,R2353,R2353,369,./R2353_all_cifs/Model_2760_af3_woTemplates_af3_seed_285273_sample_1_pred_316.cif,Model_2760_af3_woTemplates_af3_seed_285273_sample_1_pred_316.cif,2760,AF3,af3_woTemplates,285273,1,316,woTemplates,,False,casp17/massivefold_external_pool_intake/r2353/extracted_models/R2353_all_cifs/Model_2760_af3_woTemplates_af3_seed_285273_sample_1_pred_316.cif,awaiting_extract,"MassiveFold model pool index only. It parses organizer-provided external model tarball listings and stages balanced extraction/rerank candidates. These models remain external rerank and accuracy-estimation inputs, not internal predictions, not CASP submissions, and not competitive-proof evidence."
6,R2353,R2353,371,./R2353_all_cifs/Model_7105_af3_woTemplates_af3_seed_218335_sample_0_pred_835.cif,Model_7105_af3_woTemplates_af3_seed_218335_sample_0_pred_835.cif,7105,AF3,af3_woTemplates,218335,0,835,woTemplates,,False,casp17/massivefold_external_pool_intake/r2353/extracted_models/R2353_all_cifs/Model_7105_af3_woTemplates_af3_seed_218335_sample_0_pred_835.cif,awaiting_extract,"MassiveFold model pool index only. It parses organizer-provided external model tarball listings and stages balanced extraction/rerank candidates. These models remain external rerank and accuracy-estimation inputs, not internal predictions, not CASP submissions, and not competitive-proof evidence."
6,R2353,R2353,380,./R2353_all_cifs/Model_4526_af3_woTemplates_af3_seed_904978_sample_0_pred_125.cif,Model_4526_af3_woTemplates_af3_seed_904978_sample_0_pred_125.cif,4526,AF3,af3_woTemplates,904978,0,125,woTemplates,,False,casp17/massivefold_external_pool_intake/r2353/extracted_models/R2353_all_cifs/Model_4526_af3_woTemplates_af3_seed_904978_sample_0_pred_125.cif,awaiting_extract,"MassiveFold model pool index only. It parses organizer-provided external model tarball listings and stages balanced extraction/rerank candidates. These models remain external rerank and accuracy-estimation inputs, not internal predictions, not CASP submissions, and not competitive-proof evidence."
6,R2353,R2353,386,./R2353_all_cifs/Model_4031_af3_woTemplates_af3_seed_73754_sample_4_pred_959.cif,Model_4031_af3_woTemplates_af3_seed_73754_sample_4_pred_959.cif,4031,AF3,af3_woTemplates,73754,4,959,woTemplates,,False,casp17/massivefold_external_pool_intake/r2353/extracted_models/R2353_all_cifs/Model_4031_af3_woTemplates_af3_seed_73754_sample_4_pred_959.cif,awaiting_extract,"MassiveFold model pool index only. It parses organizer-provided external model tarball listings and stages balanced extraction/rerank candidates. These models remain external rerank and accuracy-estimation inputs, not internal predictions, not CASP submissions, and not competitive-proof evidence."
6,R2353,R2353,397,./R2353_all_cifs/Model_2512_af3_woTemplates_af3_seed_218320_sample_4_pred_764.cif,Model_2512_af3_woTemplates_af3_seed_218320_sample_4_pred_764.cif,2512,AF3,af3_woTemplates,218320,4,764,woTemplates,,False,casp17/massivefold_external_pool_intake/r2353/extracted_models/R2353_all_cifs/Model_2512_af3_woTemplates_af3_seed_218320_sample_4_pred_764.cif,awaiting_extract,"MassiveFold model pool index only. It parses organizer-provided external model tarball listings and stages balanced extraction/rerank candidates. These models remain external rerank and accuracy-estimation inputs, not internal predictions, not CASP submissions, and not competitive-proof evidence."
6,R2353,R2353,400,./R2353_all_cifs/Model_1397_af3_woTemplates_af3_seed_5694_sample_4_pred_459.cif,Model_1397_af3_woTemplates_af3_seed_5694_sample_4_pred_459.cif,1397,AF3,af3_woTemplates,5694,4,459,woTemplates,,False,casp17/massivefold_external_pool_intake/r2353/extracted_models/R2353_all_cifs/Model_1397_af3_woTemplates_af3_seed_5694_sample_4_pred_459.cif,awaiting_extract,"MassiveFold model pool index only. It parses organizer-provided external model tarball listings and stages balanced extraction/rerank candidates. These models remain external rerank and accuracy-estimation inputs, not internal predictions, not CASP submissions, and not competitive-proof evidence."
6,R2353,R2353,405,./R2353_all_cifs/Model_1261_af3_woTemplates_af3_seed_73753_sample_3_pred_953.cif,Model_1261_af3_woTemplates_af3_seed_73753_sample_3_pred_953.cif,1261,AF3,af3_woTemplates,73753,3,953,woTemplates,,False,casp17/massivefold_external_pool_intake/r2353/extracted_models/R2353_all_cifs/Model_1261_af3_woTemplates_af3_seed_73753_sample_3_pred_953.cif,awaiting_extract,"MassiveFold model pool index only. It parses organizer-provided external model tarball listings and stages balanced extraction/rerank candidates. These models remain external rerank and accuracy-estimation inputs, not internal predictions, not CASP submissions, and not competitive-proof evidence."
6,R2353,R2353,408,./R2353_all_cifs/Model_4860_af3_woTemplates_af3_seed_218330_sample_3_pred_813.cif,Model_4860_af3_woTemplates_af3_seed_218330_sample_3_pred_813.cif,4860,AF3,af3_woTemplates,218330,3,813,woTemplates,,False,casp17/massivefold_external_pool_intake/r2353/extracted_models/R2353_all_cifs/Model_4860_af3_woTemplates_af3_seed_218330_sample_3_pred_813.cif,awaiting_extract,"MassiveFold model pool index only. It parses organizer-provided external model tarball listings and stages balanced extraction/rerank candidates. These models remain external rerank and accuracy-estimation inputs, not internal predictions, not CASP submissions, and not competitive-proof evidence."
6,R2353,R2353,430,./R2353_all_cifs/Model_4853_af3_woTemplates_af3_seed_218331_sample_4_pred_819.cif,Model_4853_af3_woTemplates_af3_seed_218331_sample_4_pred_819.cif,4853,AF3,af3_woTemplates,218331,4,819,woTemplates,,False,casp17/massivefold_external_pool_intake/r2353/extracted_models/R2353_all_cifs/Model_4853_af3_woTemplates_af3_seed_218331_sample_4_pred_819.cif,awaiting_extract,"MassiveFold model pool index only. It parses organizer-provided external model tarball listings and stages balanced extraction/rerank candidates. These models remain external rerank and accuracy-estimation inputs, not internal predictions, not CASP submissions, and not competitive-proof evidence."
6,R2353,R2353,431,./R2353_all_cifs/Model_6113_af3_woTemplates_af3_seed_905001_sample_4_pred_244.cif,Model_6113_af3_woTemplates_af3_seed_905001_sample_4_pred_244.cif,6113,AF3,af3_woTemplates,905001,4,244,woTemplates,,False,casp17/massivefold_external_pool_intake/r2353/extracted_models/R2353_all_cifs/Model_6113_af3_woTemplates_af3_seed_905001_sample_4_pred_244.cif,awaiting_extract,"MassiveFold model pool index only. It parses organizer-provided external model tarball listings and stages balanced extraction/rerank candidates. These models remain external rerank and accuracy-estimation inputs, not internal predictions, not CASP submissions, and not competitive-proof evidence."
6,R2353,R2353,450,./R2353_all_cifs/Model_196_af3_woTemplates_af3_seed_904991_sample_1_pred_191.cif,Model_196_af3_woTemplates_af3_seed_904991_sample_1_pred_191.cif,196,AF3,af3_woTemplates,904991,1,191,woTemplates,,False,casp17/massivefold_external_pool_intake/r2353/extracted_models/R2353_all_cifs/Model_196_af3_woTemplates_af3_seed_904991_sample_1_pred_191.cif,awaiting_extract,"MassiveFold model pool index only. It parses organizer-provided external model tarball listings and stages balanced extraction/rerank candidates. These models remain external rerank and accuracy-estimation inputs, not internal predictions, not CASP submissions, and not competitive-proof evidence."
6,R2353,R2353,458,./R2353_all_cifs/Model_3478_af3_woTemplates_af3_seed_73748_sample_2_pred_927.cif,Model_3478_af3_woTemplates_af3_seed_73748_sample_2_pred_927.cif,3478,AF3,af3_woTemplates,73748,2,927,woTemplates,,False,casp17/massivefold_external_pool_intake/r2353/extracted_models/R2353_all_cifs/Model_3478_af3_woTemplates_af3_seed_73748_sample_2_pred_927.cif,awaiting_extract,"MassiveFold model pool index only. It parses organizer-provided external model tarball listings and stages balanced extraction/rerank candidates. These models remain external rerank and accuracy-estimation inputs, not internal predictions, not CASP submissions, and not competitive-proof evidence."
6,R2353,R2353,506,./R2353_all_cifs/Model_450_af3_woTemplates_af3_seed_141661_sample_3_pred_658.cif,Model_450_af3_woTemplates_af3_seed_141661_sample_3_pred_658.cif,450,AF3,af3_woTemplates,141661,3,658,woTemplates,,False,casp17/massivefold_external_pool_intake/r2353/extracted_models/R2353_all_cifs/Model_450_af3_woTemplates_af3_seed_141661_sample_3_pred_658.cif,awaiting_extract,"MassiveFold model pool index only. It parses organizer-provided external model tarball listings and stages balanced extraction/rerank candidates. These models remain external rerank and accuracy-estimation inputs, not internal predictions, not CASP submissions, and not competitive-proof evidence."
6,R2353,R2353,508,./R2353_all_cifs/Model_976_af3_woTemplates_af3_seed_73738_sample_0_pred_875.cif,Model_976_af3_woTemplates_af3_seed_73738_sample_0_pred_875.cif,976,AF3,af3_woTemplates,73738,0,875,woTemplates,,False,casp17/massivefold_external_pool_intake/r2353/extracted_models/R2353_all_cifs/Model_976_af3_woTemplates_af3_seed_73738_sample_0_pred_875.cif,awaiting_extract,"MassiveFold model pool index only. It parses organizer-provided external model tarball listings and stages balanced extraction/rerank candidates. These models remain external rerank and accuracy-estimation inputs, not internal predictions, not CASP submissions, and not competitive-proof evidence."
6,R2353,R2353,511,./R2353_all_cifs/Model_5426_af3_woTemplates_af3_seed_141664_sample_2_pred_672.cif,Model_5426_af3_woTemplates_af3_seed_141664_sample_2_pred_672.cif,5426,AF3,af3_woTemplates,141664,2,672,woTemplates,,False,casp17/massivefold_external_pool_intake/r2353/extracted_models/R2353_all_cifs/Model_5426_af3_woTemplates_af3_seed_141664_sample_2_pred_672.cif,awaiting_extract,"MassiveFold model pool index only. It parses organizer-provided external model tarball listings and stages balanced extraction/rerank candidates. These models remain external rerank and accuracy-estimation inputs, not internal predictions, not CASP submissions, and not competitive-proof evidence."
6,R2353,R2353,512,./R2353_all_cifs/Model_6943_af3_woTemplates_af3_seed_372158_sample_0_pred_595.cif,Model_6943_af3_woTemplates_af3_seed_372158_sample_0_pred_595.cif,6943,AF3,af3_woTemplates,372158,0,595,woTemplates,,False,casp17/massivefold_external_pool_intake/r2353/extracted_models/R2353_all_cifs/Model_6943_af3_woTemplates_af3_seed_372158_sample_0_pred_595.cif,awaiting_extract,"MassiveFold model pool index only. It parses organizer-provided external model tarball listings and stages balanced extraction/rerank candidates. These models remain external rerank and accuracy-estimation inputs, not internal predictions, not CASP submissions, and not competitive-proof evidence."
6,R2353,R2353,513,./R2353_all_cifs/Model_2965_af3_woTemplates_af3_seed_372139_sample_1_pred_501.cif,Model_2965_af3_woTemplates_af3_seed_372139_sample_1_pred_501.cif,2965,AF3,af3_woTemplates,372139,1,501,woTemplates,,False,casp17/massivefold_external_pool_intake/r2353/extracted_models/R2353_all_cifs/Model_2965_af3_woTemplates_af3_seed_372139_sample_1_pred_501.cif,awaiting_extract,"MassiveFold model pool index only. It parses organizer-provided external model tarball listings and stages balanced extraction/rerank candidates. These models remain external rerank and accuracy-estimation inputs, not internal predictions, not CASP submissions, and not competitive-proof evidence."
6,R2353,R2353,517,./R2353_all_cifs/Model_1871_af3_woTemplates_af3_seed_218328_sample_4_pred_804.cif,Model_1871_af3_woTemplates_af3_seed_218328_sample_4_pred_804.cif,1871,AF3,af3_woTemplates,218328,4,804,woTemplates,,False,casp17/massivefold_external_pool_intake/r2353/extracted_models/R2353_all_cifs/Model_1871_af3_woTemplates_af3_seed_218328_sample_4_pred_804.cif,awaiting_extract,"MassiveFold model pool index only. It parses organizer-provided external model tarball listings and stages balanced extraction/rerank candidates. These models remain external rerank and accuracy-estimation inputs, not internal predictions, not CASP submissions, and not competitive-proof evidence."
6,R2353,R2353,522,./R2353_all_cifs/Model_3028_af3_woTemplates_af3_seed_73739_sample_1_pred_881.cif,Model_3028_af3_woTemplates_af3_seed_73739_sample_1_pred_881.cif,3028,AF3,af3_woTemplates,73739,1,881,woTemplates,,False,casp17/massivefold_external_pool_intake/r2353/extracted_models/R2353_all_cifs/Model_3028_af3_woTemplates_af3_seed_73739_sample_1_pred_881.cif,awaiting_extract,"MassiveFold model pool index only. It parses organizer-provided external model tarball listings and stages balanced extraction/rerank candidates. These models remain external rerank and accuracy-estimation inputs, not internal predictions, not CASP submissions, and not competitive-proof evidence."
6,R2353,R2353,523,./R2353_all_cifs/Model_2379_af3_woTemplates_af3_seed_372160_sample_2_pred_607.cif,Model_2379_af3_woTemplates_af3_seed_372160_sample_2_pred_607.cif,2379,AF3,af3_woTemplates,372160,2,607,woTemplates,,False,casp17/massivefold_external_pool_intake/r2353/extracted_models/R2353_all_cifs/Model_2379_af3_woTemplates_af3_seed_372160_sample_2_pred_607.cif,awaiting_extract,"MassiveFold model pool index only. It parses organizer-provided external model tarball listings and stages balanced extraction/rerank candidates. These models remain external rerank and accuracy-estimation inputs, not internal predictions, not CASP submissions, and not competitive-proof evidence."
6,R2353,R2353,524,./R2353_all_cifs/Model_6109_af3_woTemplates_af3_seed_5685_sample_3_pred_413.cif,Model_6109_af3_woTemplates_af3_seed_5685_sample_3_pred_413.cif,6109,AF3,af3_woTemplates,5685,3,413,woTemplates,,False,casp17/massivefold_external_pool_intake/r2353/extracted_models/R2353_all_cifs/Model_6109_af3_woTemplates_af3_seed_5685_sample_3_pred_413.cif,awaiting_extract,"MassiveFold model pool index only. It parses organizer-provided external model tarball listings and stages balanced extraction/rerank candidates. These models remain external rerank and accuracy-estimation inputs, not internal predictions, not CASP submissions, and not competitive-proof evidence."
6,R2353,R2353,541,./R2353_all_cifs/Model_2892_af3_woTemplates_af3_seed_285280_sample_4_pred_354.cif,Model_2892_af3_woTemplates_af3_seed_285280_sample_4_pred_354.cif,2892,AF3,af3_woTemplates,285280,4,354,woTemplates,,False,casp17/massivefold_external_pool_intake/r2353/extracted_models/R2353_all_cifs/Model_2892_af3_woTemplates_af3_seed_285280_sample_4_pred_354.cif,awaiting_extract,"MassiveFold model pool index only. It parses organizer-provided external model tarball listings and stages balanced extraction/rerank candidates. These models remain external rerank and accuracy-estimation inputs, not internal predictions, not CASP submissions, and not competitive-proof evidence."
6,R2353,R2353,546,./R2353_all_cifs/Model_2989_af3_woTemplates_af3_seed_141675_sample_2_pred_727.cif,Model_2989_af3_woTemplates_af3_seed_141675_sample_2_pred_727.cif,2989,AF3,af3_woTemplates,141675,2,727,woTemplates,,False,casp17/massivefold_external_pool_intake/r2353/extracted_models/R2353_all_cifs/Model_2989_af3_woTemplates_af3_seed_141675_sample_2_pred_727.cif,awaiting_extract,"MassiveFold model pool index only. It parses organizer-provided external model tarball listings and stages balanced extraction/rerank candidates. These models remain external rerank and accuracy-estimation inputs, not internal predictions, not CASP submissions, and not competitive-proof evidence."
6,R2353,R2353,551,./R2353_all_cifs/Model_7114_af3_woTemplates_af3_seed_73749_sample_0_pred_930.cif,Model_7114_af3_woTemplates_af3_seed_73749_sample_0_pred_930.cif,7114,AF3,af3_woTemplates,73749,0,930,woTemplates,,False,casp17/massivefold_external_pool_intake/r2353/extracted_models/R2353_all_cifs/Model_7114_af3_woTemplates_af3_seed_73749_sample_0_pred_930.cif,awaiting_extract,"MassiveFold model pool index only. It parses organizer-provided external model tarball listings and stages balanced extraction/rerank candidates. These models remain external rerank and accuracy-estimation inputs, not internal predictions, not CASP submissions, and not competitive-proof evidence."
6,R2353,R2353,553,./R2353_all_cifs/Model_2141_af3_woTemplates_af3_seed_359508_sample_4_pred_104.cif,Model_2141_af3_woTemplates_af3_seed_359508_sample_4_pred_104.cif,2141,AF3,af3_woTemplates,359508,4,104,woTemplates,,False,casp17/massivefold_external_pool_intake/r2353/extracted_models/R2353_all_cifs/Model_2141_af3_woTemplates_af3_seed_359508_sample_4_pred_104.cif,awaiting_extract,"MassiveFold model pool index only. It parses organizer-provided external model tarball listings and stages balanced extraction/rerank candidates. These models remain external rerank and accuracy-estimation inputs, not internal predictions, not CASP submissions, and not competitive-proof evidence."
6,R2353,R2353,562,./R2353_all_cifs/Model_3449_af3_woTemplates_af3_seed_218320_sample_2_pred_762.cif,Model_3449_af3_woTemplates_af3_seed_218320_sample_2_pred_762.cif,3449,AF3,af3_woTemplates,218320,2,762,woTemplates,,False,casp17/massivefold_external_pool_intake/r2353/extracted_models/R2353_all_cifs/Model_3449_af3_woTemplates_af3_seed_218320_sample_2_pred_762.cif,awaiting_extract,"MassiveFold model pool index only. It parses organizer-provided external model tarball listings and stages balanced extraction/rerank candidates. These models remain external rerank and accuracy-estimation inputs, not internal predictions, not CASP submissions, and not competitive-proof evidence."
6,R2353,R2353,571,./R2353_all_cifs/Model_7681_af3_woTemplates_af3_seed_141676_sample_0_pred_730.cif,Model_7681_af3_woTemplates_af3_seed_141676_sample_0_pred_730.cif,7681,AF3,af3_woTemplates,141676,0,730,woTemplates,,False,casp17/massivefold_external_pool_intake/r2353/extracted_models/R2353_all_cifs/Model_7681_af3_woTemplates_af3_seed_141676_sample_0_pred_730.cif,awaiting_extract,"MassiveFold model pool index only. It parses organizer-provided external model tarball listings and stages balanced extraction/rerank candidates. These models remain external rerank and accuracy-estimation inputs, not internal predictions, not CASP submissions, and not competitive-proof evidence."
6,R2353,R2353,572,./R2353_all_cifs/Model_336_af3_woTemplates_af3_seed_372157_sample_1_pred_591.cif,Model_336_af3_woTemplates_af3_seed_372157_sample_1_pred_591.cif,336,AF3,af3_woTemplates,372157,1,591,woTemplates,,False,casp17/massivefold_external_pool_intake/r2353/extracted_models/R2353_all_cifs/Model_336_af3_woTemplates_af3_seed_372157_sample_1_pred_591.cif,awaiting_extract,"MassiveFold model pool index only. It parses organizer-provided external model tarball listings and stages balanced extraction/rerank candidates. These models remain external rerank and accuracy-estimation inputs, not internal predictions, not CASP submissions, and not competitive-proof evidence."
6,R2353,R2353,606,./R2353_all_cifs/Model_6275_af3_woTemplates_af3_seed_285280_sample_0_pred_350.cif,Model_6275_af3_woTemplates_af3_seed_285280_sample_0_pred_350.cif,6275,AF3,af3_woTemplates,285280,0,350,woTemplates,,False,casp17/massivefold_external_pool_intake/r2353/extracted_models/R2353_all_cifs/Model_6275_af3_woTemplates_af3_seed_285280_sample_0_pred_350.cif,awaiting_extract,"MassiveFold model pool index only. It parses organizer-provided external model tarball listings and stages balanced extraction/rerank candidates. These models remain external rerank and accuracy-estimation inputs, not internal predictions, not CASP submissions, and not competitive-proof evidence."
6,R2353,R2353,622,./R2353_all_cifs/Model_3747_af3_woTemplates_af3_seed_372155_sample_1_pred_581.cif,Model_3747_af3_woTemplates_af3_seed_372155_sample_1_pred_581.cif,3747,AF3,af3_woTemplates,372155,1,581,woTemplates,,False,casp17/massivefold_external_pool_intake/r2353/extracted_models/R2353_all_cifs/Model_3747_af3_woTemplates_af3_seed_372155_sample_1_pred_581.cif,awaiting_extract,"MassiveFold model pool index only. It parses organizer-provided external model tarball listings and stages balanced extraction/rerank candidates. These models remain external rerank and accuracy-estimation inputs, not internal predictions, not CASP submissions, and not competitive-proof evidence."
6,R2353,R2353,624,./R2353_all_cifs/Model_3846_af3_woTemplates_af3_seed_359510_sample_4_pred_114.cif,Model_3846_af3_woTemplates_af3_seed_359510_sample_4_pred_114.cif,3846,AF3,af3_woTemplates,359510,4,114,woTemplates,,False,casp17/massivefold_external_pool_intake/r2353/extracted_models/R2353_all_cifs/Model_3846_af3_woTemplates_af3_seed_359510_sample_4_pred_114.cif,awaiting_extract,"MassiveFold model pool index only. It parses organizer-provided external model tarball listings and stages balanced extraction/rerank candidates. These models remain external rerank and accuracy-estimation inputs, not internal predictions, not CASP submissions, and not competitive-proof evidence."
6,R2353,R2353,634,./R2353_all_cifs/Model_2868_af3_woTemplates_af3_seed_359493_sample_1_pred_26.cif,Model_2868_af3_woTemplates_af3_seed_359493_sample_1_pred_26.cif,2868,AF3,af3_woTemplates,359493,1,26,woTemplates,,False,casp17/massivefold_external_pool_intake/r2353/extracted_models/R2353_all_cifs/Model_2868_af3_woTemplates_af3_seed_359493_sample_1_pred_26.cif,awaiting_extract,"MassiveFold model pool index only. It parses organizer-provided external model tarball listings and stages balanced extraction/rerank candidates. These models remain external rerank and accuracy-estimation inputs, not internal predictions, not CASP submissions, and not competitive-proof evidence."
6,R2353,R2353,647,./R2353_all_cifs/Model_1884_af3_woTemplates_af3_seed_285267_sample_3_pred_288.cif,Model_1884_af3_woTemplates_af3_seed_285267_sample_3_pred_288.cif,1884,AF3,af3_woTemplates,285267,3,288,woTemplates,,False,casp17/massivefold_external_pool_intake/r2353/extracted_models/R2353_all_cifs/Model_1884_af3_woTemplates_af3_seed_285267_sample_3_pred_288.cif,awaiting_extract,"MassiveFold model pool index only. It parses organizer-provided external model tarball listings and stages balanced extraction/rerank candidates. These models remain external rerank and accuracy-estimation inputs, not internal predictions, not CASP submissions, and not competitive-proof evidence."
6,R2353,R2353,657,./R2353_all_cifs/Model_3461_af3_woTemplates_af3_seed_218340_sample_2_pred_862.cif,Model_3461_af3_woTemplates_af3_seed_218340_sample_2_pred_862.cif,3461,AF3,af3_woTemplates,218340,2,862,woTemplates,,False,casp17/massivefold_external_pool_intake/r2353/extracted_models/R2353_all_cifs/Model_3461_af3_woTemplates_af3_seed_218340_sample_2_pred_862.cif,awaiting_extract,"MassiveFold model pool index only. It parses organizer-provided external model tarball listings and stages balanced extraction/rerank candidates. These models remain external rerank and accuracy-estimation inputs, not internal predictions, not CASP submissions, and not competitive-proof evidence."
6,R2353,R2353,659,./R2353_all_cifs/Model_3763_af3_woTemplates_af3_seed_904987_sample_4_pred_174.cif,Model_3763_af3_woTemplates_af3_seed_904987_sample_4_pred_174.cif,3763,AF3,af3_woTemplates,904987,4,174,woTemplates,,False,casp17/massivefold_external_pool_intake/r2353/extracted_models/R2353_all_cifs/Model_3763_af3_woTemplates_af3_seed_904987_sample_4_pred_174.cif,awaiting_extract,"MassiveFold model pool index only. It parses organizer-provided external model tarball listings and stages balanced extraction/rerank candidates. These models remain external rerank and accuracy-estimation inputs, not internal predictions, not CASP submissions, and not competitive-proof evidence."
6,R2353,R2353,669,./R2353_all_cifs/Model_6117_af3_woTemplates_af3_seed_372139_sample_4_pred_504.cif,Model_6117_af3_woTemplates_af3_seed_372139_sample_4_pred_504.cif,6117,AF3,af3_woTemplates,372139,4,504,woTemplates,,False,casp17/massivefold_external_pool_intake/r2353/extracted_models/R2353_all_cifs/Model_6117_af3_woTemplates_af3_seed_372139_sample_4_pred_504.cif,awaiting_extract,"MassiveFold model pool index only. It parses organizer-provided external model tarball listings and stages balanced extraction/rerank candidates. These models remain external rerank and accuracy-estimation inputs, not internal predictions, not CASP submissions, and not competitive-proof evidence."
6,R2353,R2353,688,./R2353_all_cifs/Model_742_af3_woTemplates_af3_seed_285274_sample_4_pred_324.cif,Model_742_af3_woTemplates_af3_seed_285274_sample_4_pred_324.cif,742,AF3,af3_woTemplates,285274,4,324,woTemplates,,False,casp17/massivefold_external_pool_intake/r2353/extracted_models/R2353_all_cifs/Model_742_af3_woTemplates_af3_seed_285274_sample_4_pred_324.cif,awaiting_extract,"MassiveFold model pool index only. It parses organizer-provided external model tarball listings and stages balanced extraction/rerank candidates. These models remain external rerank and accuracy-estimation inputs, not internal predictions, not CASP submissions, and not competitive-proof evidence."
6,R2353,R2353,689,./R2353_all_cifs/Model_7844_af3_woTemplates_af3_seed_5693_sample_4_pred_454.cif,Model_7844_af3_woTemplates_af3_seed_5693_sample_4_pred_454.cif,7844,AF3,af3_woTemplates,5693,4,454,woTemplates,,False,casp17/massivefold_external_pool_intake/r2353/extracted_models/R2353_all_cifs/Model_7844_af3_woTemplates_af3_seed_5693_sample_4_pred_454.cif,awaiting_extract,"MassiveFold model pool index only. It parses organizer-provided external model tarball listings and stages balanced extraction/rerank candidates. These models remain external rerank and accuracy-estimation inputs, not internal predictions, not CASP submissions, and not competitive-proof evidence."
6,R2353,R2353,703,./R2353_all_cifs/Model_2548_af3_woTemplates_af3_seed_141660_sample_1_pred_651.cif,Model_2548_af3_woTemplates_af3_seed_141660_sample_1_pred_651.cif,2548,AF3,af3_woTemplates,141660,1,651,woTemplates,,False,casp17/massivefold_external_pool_intake/r2353/extracted_models/R2353_all_cifs/Model_2548_af3_woTemplates_af3_seed_141660_sample_1_pred_651.cif,awaiting_extract,"MassiveFold model pool index only. It parses organizer-provided external model tarball listings and stages balanced extraction/rerank candidates. These models remain external rerank and accuracy-estimation inputs, not internal predictions, not CASP submissions, and not competitive-proof evidence."
6,R2353,R2353,710,./R2353_all_cifs/Model_1010_af3_woTemplates_af3_seed_372160_sample_1_pred_606.cif,Model_1010_af3_woTemplates_af3_seed_372160_sample_1_pred_606.cif,1010,AF3,af3_woTemplates,372160,1,606,woTemplates,,False,casp17/massivefold_external_pool_intake/r2353/extracted_models/R2353_all_cifs/Model_1010_af3_woTemplates_af3_seed_372160_sample_1_pred_606.cif,awaiting_extract,"MassiveFold model pool index only. It parses organizer-provided external model tarball listings and stages balanced extraction/rerank candidates. These models remain external rerank and accuracy-estimation inputs, not internal predictions, not CASP submissions, and not competitive-proof evidence."
6,R2353,R2353,725,./R2353_all_cifs/Model_6274_af3_woTemplates_af3_seed_141665_sample_3_pred_678.cif,Model_6274_af3_woTemplates_af3_seed_141665_sample_3_pred_678.cif,6274,AF3,af3_woTemplates,141665,3,678,woTemplates,,False,casp17/massivefold_external_pool_intake/r2353/extracted_models/R2353_all_cifs/Model_6274_af3_woTemplates_af3_seed_141665_sample_3_pred_678.cif,awaiting_extract,"MassiveFold model pool index only. It parses organizer-provided external model tarball listings and stages balanced extraction/rerank candidates. These models remain external rerank and accuracy-estimation inputs, not internal predictions, not CASP submissions, and not competitive-proof evidence."
6,R2353,R2353,748,./R2353_all_cifs/Model_4161_af3_woTemplates_af3_seed_141662_sample_1_pred_661.cif,Model_4161_af3_woTemplates_af3_seed_141662_sample_1_pred_661.cif,4161,AF3,af3_woTemplates,141662,1,661,woTemplates,,False,casp17/massivefold_external_pool_intake/r2353/extracted_models/R2353_all_cifs/Model_4161_af3_woTemplates_af3_seed_141662_sample_1_pred_661.cif,awaiting_extract,"MassiveFold model pool index only. It parses organizer-provided external model tarball listings and stages balanced extraction/rerank candidates. These models remain external rerank and accuracy-estimation inputs, not internal predictions, not CASP submissions, and not competitive-proof evidence."
6,R2353,R2353,754,./R2353_all_cifs/Model_3665_af3_woTemplates_af3_seed_218328_sample_1_pred_801.cif,Model_3665_af3_woTemplates_af3_seed_218328_sample_1_pred_801.cif,3665,AF3,af3_woTemplates,218328,1,801,woTemplates,,False,casp17/massivefold_external_pool_intake/r2353/extracted_models/R2353_all_cifs/Model_3665_af3_woTemplates_af3_seed_218328_sample_1_pred_801.cif,awaiting_extract,"MassiveFold model pool index only. It parses organizer-provided external model tarball listings and stages balanced extraction/rerank candidates. These models remain external rerank and accuracy-estimation inputs, not internal predictions, not CASP submissions, and not competitive-proof evidence."
6,R2353,R2353,767,./R2353_all_cifs/Model_6243_af3_woTemplates_af3_seed_73742_sample_0_pred_895.cif,Model_6243_af3_woTemplates_af3_seed_73742_sample_0_pred_895.cif,6243,AF3,af3_woTemplates,73742,0,895,woTemplates,,False,casp17/massivefold_external_pool_intake/r2353/extracted_models/R2353_all_cifs/Model_6243_af3_woTemplates_af3_seed_73742_sample_0_pred_895.cif,awaiting_extract,"MassiveFold model pool index only. It parses organizer-provided external model tarball listings and stages balanced extraction/rerank candidates. These models remain external rerank and accuracy-estimation inputs, not internal predictions, not CASP submissions, and not competitive-proof evidence."
6,R2353,R2353,774,./R2353_all_cifs/Model_7814_af3_woTemplates_af3_seed_359512_sample_0_pred_120.cif,Model_7814_af3_woTemplates_af3_seed_359512_sample_0_pred_120.cif,7814,AF3,af3_woTemplates,359512,0,120,woTemplates,,False,casp17/massivefold_external_pool_intake/r2353/extracted_models/R2353_all_cifs/Model_7814_af3_woTemplates_af3_seed_359512_sample_0_pred_120.cif,awaiting_extract,"MassiveFold model pool index only. It parses organizer-provided external model tarball listings and stages balanced extraction/rerank candidates. These models remain external rerank and accuracy-estimation inputs, not internal predictions, not CASP submissions, and not competitive-proof evidence."
6,R2353,R2353,782,./R2353_all_cifs/Model_4101_af3_woTemplates_af3_seed_73741_sample_2_pred_892.cif,Model_4101_af3_woTemplates_af3_seed_73741_sample_2_pred_892.cif,4101,AF3,af3_woTemplates,73741,2,892,woTemplates,,False,casp17/massivefold_external_pool_intake/r2353/extracted_models/R2353_all_cifs/Model_4101_af3_woTemplates_af3_seed_73741_sample_2_pred_892.cif,awaiting_extract,"MassiveFold model pool index only. It parses organizer-provided external model tarball listings and stages balanced extraction/rerank candidates. These models remain external rerank and accuracy-estimation inputs, not internal predictions, not CASP submissions, and not competitive-proof evidence."
6,R2353,R2353,787,./R2353_all_cifs/Model_4939_af3_woTemplates_af3_seed_73750_sample_2_pred_937.cif,Model_4939_af3_woTemplates_af3_seed_73750_sample_2_pred_937.cif,4939,AF3,af3_woTemplates,73750,2,937,woTemplates,,False,casp17/massivefold_external_pool_intake/r2353/extracted_models/R2353_all_cifs/Model_4939_af3_woTemplates_af3_seed_73750_sample_2_pred_937.cif,awaiting_extract,"MassiveFold model pool index only. It parses organizer-provided external model tarball listings and stages balanced extraction/rerank candidates. These models remain external rerank and accuracy-estimation inputs, not internal predictions, not CASP submissions, and not competitive-proof evidence."
6,R2353,R2353,791,./R2353_all_cifs/Model_5826_af3_woTemplates_af3_seed_285283_sample_4_pred_369.cif,Model_5826_af3_woTemplates_af3_seed_285283_sample_4_pred_369.cif,5826,AF3,af3_woTemplates,285283,4,369,woTemplates,,False,casp17/massivefold_external_pool_intake/r2353/extracted_models/R2353_all_cifs/Model_5826_af3_woTemplates_af3_seed_285283_sample_4_pred_369.cif,awaiting_extract,"MassiveFold model pool index only. It parses organizer-provided external model tarball listings and stages balanced extraction/rerank candidates. These models remain external rerank and accuracy-estimation inputs, not internal predictions, not CASP submissions, and not competitive-proof evidence."
6,R2353,R2353,794,./R2353_all_cifs/Model_1288_af3_woTemplates_af3_seed_73751_sample_2_pred_942.cif,Model_1288_af3_woTemplates_af3_seed_73751_sample_2_pred_942.cif,1288,AF3,af3_woTemplates,73751,2,942,woTemplates,,False,casp17/massivefold_external_pool_intake/r2353/extracted_models/R2353_all_cifs/Model_1288_af3_woTemplates_af3_seed_73751_sample_2_pred_942.cif,awaiting_extract,"MassiveFold model pool index only. It parses organizer-provided external model tarball listings and stages balanced extraction/rerank candidates. These models remain external rerank and accuracy-estimation inputs, not internal predictions, not CASP submissions, and not competitive-proof evidence."
6,R2353,R2353,802,./R2353_all_cifs/Model_6755_af3_woTemplates_af3_seed_5684_sample_1_pred_406.cif,Model_6755_af3_woTemplates_af3_seed_5684_sample_1_pred_406.cif,6755,AF3,af3_woTemplates,5684,1,406,woTemplates,,False,casp17/massivefold_external_pool_intake/r2353/extracted_models/R2353_all_cifs/Model_6755_af3_woTemplates_af3_seed_5684_sample_1_pred_406.cif,awaiting_extract,"MassiveFold model pool index only. It parses organizer-provided external model tarball listings and stages balanced extraction/rerank candidates. These models remain external rerank and accuracy-estimation inputs, not internal predictions, not CASP submissions, and not competitive-proof evidence."
6,R2353,R2353,808,./R2353_all_cifs/Model_166_af3_woTemplates_af3_seed_904985_sample_3_pred_163.cif,Model_166_af3_woTemplates_af3_seed_904985_sample_3_pred_163.cif,166,AF3,af3_woTemplates,904985,3,163,woTemplates,,False,casp17/massivefold_external_pool_intake/r2353/extracted_models/R2353_all_cifs/Model_166_af3_woTemplates_af3_seed_904985_sample_3_pred_163.cif,awaiting_extract,"MassiveFold model pool index only. It parses organizer-provided external model tarball listings and stages balanced extraction/rerank candidates. These models remain external rerank and accuracy-estimation inputs, not internal predictions, not CASP submissions, and not competitive-proof evidence."
6,R2353,R2353,811,./R2353_all_cifs/Model_1623_af3_woTemplates_af3_seed_359507_sample_4_pred_99.cif,Model_1623_af3_woTemplates_af3_seed_359507_sample_4_pred_99.cif,1623,AF3,af3_woTemplates,359507,4,99,woTemplates,,False,casp17/massivefold_external_pool_intake/r2353/extracted_models/R2353_all_cifs/Model_1623_af3_woTemplates_af3_seed_359507_sample_4_pred_99.cif,awaiting_extract,"MassiveFold model pool index only. It parses organizer-provided external model tarball listings and stages balanced extraction/rerank candidates. These models remain external rerank and accuracy-estimation inputs, not internal predictions, not CASP submissions, and not competitive-proof evidence."
6,R2353,R2353,831,./R2353_all_cifs/Model_3159_af3_woTemplates_af3_seed_218337_sample_2_pred_847.cif,Model_3159_af3_woTemplates_af3_seed_218337_sample_2_pred_847.cif,3159,AF3,af3_woTemplates,218337,2,847,woTemplates,,False,casp17/massivefold_external_pool_intake/r2353/extracted_models/R2353_all_cifs/Model_3159_af3_woTemplates_af3_seed_218337_sample_2_pred_847.cif,awaiting_extract,"MassiveFold model pool index only. It parses organizer-provided external model tarball listings and stages balanced extraction/rerank candidates. These models remain external rerank and accuracy-estimation inputs, not internal predictions, not CASP submissions, and not competitive-proof evidence."
6,R2353,R2353,837,./R2353_all_cifs/Model_539_af3_woTemplates_af3_seed_904999_sample_4_pred_234.cif,Model_539_af3_woTemplates_af3_seed_904999_sample_4_pred_234.cif,539,AF3,af3_woTemplates,904999,4,234,woTemplates,,False,casp17/massivefold_external_pool_intake/r2353/extracted_models/R2353_all_cifs/Model_539_af3_woTemplates_af3_seed_904999_sample_4_pred_234.cif,awaiting_extract,"MassiveFold model pool index only. It parses organizer-provided external model tarball listings and stages balanced extraction/rerank candidates. These models remain external rerank and accuracy-estimation inputs, not internal predictions, not CASP submissions, and not competitive-proof evidence."
6,R2353,R2353,842,./R2353_all_cifs/Model_7980_af3_woTemplates_af3_seed_141659_sample_1_pred_646.cif,Model_7980_af3_woTemplates_af3_seed_141659_sample_1_pred_646.cif,7980,AF3,af3_woTemplates,141659,1,646,woTemplates,,False,casp17/massivefold_external_pool_intake/r2353/extracted_models/R2353_all_cifs/Model_7980_af3_woTemplates_af3_seed_141659_sample_1_pred_646.cif,awaiting_extract,"MassiveFold model pool index only. It parses organizer-provided external model tarball listings and stages balanced extraction/rerank candidates. These models remain external rerank and accuracy-estimation inputs, not internal predictions, not CASP submissions, and not competitive-proof evidence."
6,R2353,R2353,850,./R2353_all_cifs/Model_2373_af3_woTemplates_af3_seed_5680_sample_3_pred_388.cif,Model_2373_af3_woTemplates_af3_seed_5680_sample_3_pred_388.cif,2373,AF3,af3_woTemplates,5680,3,388,woTemplates,,False,casp17/massivefold_external_pool_intake/r2353/extracted_models/R2353_all_cifs/Model_2373_af3_woTemplates_af3_seed_5680_sample_3_pred_388.cif,awaiting_extract,"MassiveFold model pool index only. It parses organizer-provided external model tarball listings and stages balanced extraction/rerank candidates. These models remain external rerank and accuracy-estimation inputs, not internal predictions, not CASP submissions, and not competitive-proof evidence."
6,R2353,R2353,856,./R2353_all_cifs/Model_7229_af3_woTemplates_af3_seed_372148_sample_1_pred_546.cif,Model_7229_af3_woTemplates_af3_seed_372148_sample_1_pred_546.cif,7229,AF3,af3_woTemplates,372148,1,546,woTemplates,,False,casp17/massivefold_external_pool_intake/r2353/extracted_models/R2353_all_cifs/Model_7229_af3_woTemplates_af3_seed_372148_sample_1_pred_546.cif,awaiting_extract,"MassiveFold model pool index only. It parses organizer-provided external model tarball listings and stages balanced extraction/rerank candidates. These models remain external rerank and accuracy-estimation inputs, not internal predictions, not CASP submissions, and not competitive-proof evidence."
6,R2353,R2353,862,./R2353_all_cifs/Model_2964_af3_woTemplates_af3_seed_73762_sample_4_pred_999.cif,Model_2964_af3_woTemplates_af3_seed_73762_sample_4_pred_999.cif,2964,AF3,af3_woTemplates,73762,4,999,woTemplates,,False,casp17/massivefold_external_pool_intake/r2353/extracted_models/R2353_all_cifs/Model_2964_af3_woTemplates_af3_seed_73762_sample_4_pred_999.cif,awaiting_extract,"MassiveFold model pool index only. It parses organizer-provided external model tarball listings and stages balanced extraction/rerank candidates. These models remain external rerank and accuracy-estimation inputs, not internal predictions, not CASP submissions, and not competitive-proof evidence."
6,R2353,R2353,874,./R2353_all_cifs/Model_4553_af3_woTemplates_af3_seed_5687_sample_2_pred_422.cif,Model_4553_af3_woTemplates_af3_seed_5687_sample_2_pred_422.cif,4553,AF3,af3_woTemplates,5687,2,422,woTemplates,,False,casp17/massivefold_external_pool_intake/r2353/extracted_models/R2353_all_cifs/Model_4553_af3_woTemplates_af3_seed_5687_sample_2_pred_422.cif,awaiting_extract,"MassiveFold model pool index only. It parses organizer-provided external model tarball listings and stages balanced extraction/rerank candidates. These models remain external rerank and accuracy-estimation inputs, not internal predictions, not CASP submissions, and not competitive-proof evidence."
6,R2353,R2353,877,./R2353_all_cifs/Model_1416_af3_woTemplates_af3_seed_359500_sample_4_pred_64.cif,Model_1416_af3_woTemplates_af3_seed_359500_sample_4_pred_64.cif,1416,AF3,af3_woTemplates,359500,4,64,woTemplates,,False,casp17/massivefold_external_pool_intake/r2353/extracted_models/R2353_all_cifs/Model_1416_af3_woTemplates_af3_seed_359500_sample_4_pred_64.cif,awaiting_extract,"MassiveFold model pool index only. It parses organizer-provided external model tarball listings and stages balanced extraction/rerank candidates. These models remain external rerank and accuracy-estimation inputs, not internal predictions, not CASP submissions, and not competitive-proof evidence."
6,R2353,R2353,883,./R2353_all_cifs/Model_1180_af3_woTemplates_af3_seed_5687_sample_3_pred_423.cif,Model_1180_af3_woTemplates_af3_seed_5687_sample_3_pred_423.cif,1180,AF3,af3_woTemplates,5687,3,423,woTemplates,,False,casp17/massivefold_external_pool_intake/r2353/extracted_models/R2353_all_cifs/Model_1180_af3_woTemplates_af3_seed_5687_sample_3_pred_423.cif,awaiting_extract,"MassiveFold model pool index only. It parses organizer-provided external model tarball listings and stages balanced extraction/rerank candidates. These models remain external rerank and accuracy-estimation inputs, not internal predictions, not CASP submissions, and not competitive-proof evidence."
6,R2353,R2353,886,./R2353_all_cifs/Model_6477_af3_woTemplates_af3_seed_285283_sample_1_pred_366.cif,Model_6477_af3_woTemplates_af3_seed_285283_sample_1_pred_366.cif,6477,AF3,af3_woTemplates,285283,1,366,woTemplates,,False,casp17/massivefold_external_pool_intake/r2353/extracted_models/R2353_all_cifs/Model_6477_af3_woTemplates_af3_seed_285283_sample_1_pred_366.cif,awaiting_extract,"MassiveFold model pool index only. It parses organizer-provided external model tarball listings and stages balanced extraction/rerank candidates. These models remain external rerank and accuracy-estimation inputs, not internal predictions, not CASP submissions, and not competitive-proof evidence."
6,R2353,R2353,895,./R2353_all_cifs/Model_3834_af3_woTemplates_af3_seed_904996_sample_0_pred_215.cif,Model_3834_af3_woTemplates_af3_seed_904996_sample_0_pred_215.cif,3834,AF3,af3_woTemplates,904996,0,215,woTemplates,,False,casp17/massivefold_external_pool_intake/r2353/extracted_models/R2353_all_cifs/Model_3834_af3_woTemplates_af3_seed_904996_sample_0_pred_215.cif,awaiting_extract,"MassiveFold model pool index only. It parses organizer-provided external model tarball listings and stages balanced extraction/rerank candidates. These models remain external rerank and accuracy-estimation inputs, not internal predictions, not CASP submissions, and not competitive-proof evidence."
6,R2353,R2353,896,./R2353_all_cifs/Model_7904_af3_woTemplates_af3_seed_372141_sample_4_pred_514.cif,Model_7904_af3_woTemplates_af3_seed_372141_sample_4_pred_514.cif,7904,AF3,af3_woTemplates,372141,4,514,woTemplates,,False,casp17/massivefold_external_pool_intake/r2353/extracted_models/R2353_all_cifs/Model_7904_af3_woTemplates_af3_seed_372141_sample_4_pred_514.cif,awaiting_extract,"MassiveFold model pool index only. It parses organizer-provided external model tarball listings and stages balanced extraction/rerank candidates. These models remain external rerank and accuracy-estimation inputs, not internal predictions, not CASP submissions, and not competitive-proof evidence."
6,R2353,R2353,900,./R2353_all_cifs/Model_6503_af3_woTemplates_af3_seed_904982_sample_1_pred_146.cif,Model_6503_af3_woTemplates_af3_seed_904982_sample_1_pred_146.cif,6503,AF3,af3_woTemplates,904982,1,146,woTemplates,,False,casp17/massivefold_external_pool_intake/r2353/extracted_models/R2353_all_cifs/Model_6503_af3_woTemplates_af3_seed_904982_sample_1_pred_146.cif,awaiting_extract,"MassiveFold model pool index only. It parses organizer-provided external model tarball listings and stages balanced extraction/rerank candidates. These models remain external rerank and accuracy-estimation inputs, not internal predictions, not CASP submissions, and not competitive-proof evidence."
6,R2353,R2353,911,./R2353_all_cifs/Model_4036_af3_woTemplates_af3_seed_5694_sample_0_pred_455.cif,Model_4036_af3_woTemplates_af3_seed_5694_sample_0_pred_455.cif,4036,AF3,af3_woTemplates,5694,0,455,woTemplates,,False,casp17/massivefold_external_pool_intake/r2353/extracted_models/R2353_all_cifs/Model_4036_af3_woTemplates_af3_seed_5694_sample_0_pred_455.cif,awaiting_extract,"MassiveFold model pool index only. It parses organizer-provided external model tarball listings and stages balanced extraction/rerank candidates. These models remain external rerank and accuracy-estimation inputs, not internal predictions, not CASP submissions, and not competitive-proof evidence."
6,R2353,R2353,913,./R2353_all_cifs/Model_7428_af3_woTemplates_af3_seed_5683_sample_2_pred_402.cif,Model_7428_af3_woTemplates_af3_seed_5683_sample_2_pred_402.cif,7428,AF3,af3_woTemplates,5683,2,402,woTemplates,,False,casp17/massivefold_external_pool_intake/r2353/extracted_models/R2353_all_cifs/Model_7428_af3_woTemplates_af3_seed_5683_sample_2_pred_402.cif,awaiting_extract,"MassiveFold model pool index only. It parses organizer-provided external model tarball listings and stages balanced extraction/rerank candidates. These models remain external rerank and accuracy-estimation inputs, not internal predictions, not CASP submissions, and not competitive-proof evidence."
6,R2353,R2353,914,./R2353_all_cifs/Model_1929_af3_woTemplates_af3_seed_372162_sample_2_pred_617.cif,Model_1929_af3_woTemplates_af3_seed_372162_sample_2_pred_617.cif,1929,AF3,af3_woTemplates,372162,2,617,woTemplates,,False,casp17/massivefold_external_pool_intake/r2353/extracted_models/R2353_all_cifs/Model_1929_af3_woTemplates_af3_seed_372162_sample_2_pred_617.cif,awaiting_extract,"MassiveFold model pool index only. It parses organizer-provided external model tarball listings and stages balanced extraction/rerank candidates. These models remain external rerank and accuracy-estimation inputs, not internal predictions, not CASP submissions, and not competitive-proof evidence."
6,R2353,R2353,918,./R2353_all_cifs/Model_3601_af3_woTemplates_af3_seed_5681_sample_1_pred_391.cif,Model_3601_af3_woTemplates_af3_seed_5681_sample_1_pred_391.cif,3601,AF3,af3_woTemplates,5681,1,391,woTemplates,,False,casp17/massivefold_external_pool_intake/r2353/extracted_models/R2353_all_cifs/Model_3601_af3_woTemplates_af3_seed_5681_sample_1_pred_391.cif,awaiting_extract,"MassiveFold model pool index only. It parses organizer-provided external model tarball listings and stages balanced extraction/rerank candidates. These models remain external rerank and accuracy-estimation inputs, not internal predictions, not CASP submissions, and not competitive-proof evidence."
6,R2353,R2353,921,./R2353_all_cifs/Model_4458_af3_woTemplates_af3_seed_904998_sample_0_pred_225.cif,Model_4458_af3_woTemplates_af3_seed_904998_sample_0_pred_225.cif,4458,AF3,af3_woTemplates,904998,0,225,woTemplates,,False,casp17/massivefold_external_pool_intake/r2353/extracted_models/R2353_all_cifs/Model_4458_af3_woTemplates_af3_seed_904998_sample_0_pred_225.cif,awaiting_extract,"MassiveFold model pool index only. It parses organizer-provided external model tarball listings and stages balanced extraction/rerank candidates. These models remain external rerank and accuracy-estimation inputs, not internal predictions, not CASP submissions, and not competitive-proof evidence."
6,R2353,R2353,933,./R2353_all_cifs/Model_962_af3_woTemplates_af3_seed_372155_sample_4_pred_584.cif,Model_962_af3_woTemplates_af3_seed_372155_sample_4_pred_584.cif,962,AF3,af3_woTemplates,372155,4,584,woTemplates,,False,casp17/massivefold_external_pool_intake/r2353/extracted_models/R2353_all_cifs/Model_962_af3_woTemplates_af3_seed_372155_sample_4_pred_584.cif,awaiting_extract,"MassiveFold model pool index only. It parses organizer-provided external model tarball listings and stages balanced extraction/rerank candidates. These models remain external rerank and accuracy-estimation inputs, not internal predictions, not CASP submissions, and not competitive-proof evidence."
6,R2353,R2353,936,./R2353_all_cifs/Model_4374_af3_woTemplates_af3_seed_218322_sample_1_pred_771.cif,Model_4374_af3_woTemplates_af3_seed_218322_sample_1_pred_771.cif,4374,AF3,af3_woTemplates,218322,1,771,woTemplates,,False,casp17/massivefold_external_pool_intake/r2353/extracted_models/R2353_all_cifs/Model_4374_af3_woTemplates_af3_seed_218322_sample_1_pred_771.cif,awaiting_extract,"MassiveFold model pool index only. It parses organizer-provided external model tarball listings and stages balanced extraction/rerank candidates. These models remain external rerank and accuracy-estimation inputs, not internal predictions, not CASP submissions, and not competitive-proof evidence."
6,R2353,R2353,939,./R2353_all_cifs/Model_6408_af3_woTemplates_af3_seed_372143_sample_2_pred_522.cif,Model_6408_af3_woTemplates_af3_seed_372143_sample_2_pred_522.cif,6408,AF3,af3_woTemplates,372143,2,522,woTemplates,,False,casp17/massivefold_external_pool_intake/r2353/extracted_models/R2353_all_cifs/Model_6408_af3_woTemplates_af3_seed_372143_sample_2_pred_522.cif,awaiting_extract,"MassiveFold model pool index only. It parses organizer-provided external model tarball listings and stages balanced extraction/rerank candidates. These models remain external rerank and accuracy-estimation inputs, not internal predictions, not CASP submissions, and not competitive-proof evidence."
6,R2353,R2353,953,./R2353_all_cifs/Model_326_af3_woTemplates_af3_seed_218336_sample_0_pred_840.cif,Model_326_af3_woTemplates_af3_seed_218336_sample_0_pred_840.cif,326,AF3,af3_woTemplates,218336,0,840,woTemplates,,False,casp17/massivefold_external_pool_intake/r2353/extracted_models/R2353_all_cifs/Model_326_af3_woTemplates_af3_seed_218336_sample_0_pred_840.cif,awaiting_extract,"MassiveFold model pool index only. It parses organizer-provided external model tarball listings and stages balanced extraction/rerank candidates. These models remain external rerank and accuracy-estimation inputs, not internal predictions, not CASP submissions, and not competitive-proof evidence."
6,R2353,R2353,957,./R2353_all_cifs/Model_3305_af3_woTemplates_af3_seed_372141_sample_2_pred_512.cif,Model_3305_af3_woTemplates_af3_seed_372141_sample_2_pred_512.cif,3305,AF3,af3_woTemplates,372141,2,512,woTemplates,,False,casp17/massivefold_external_pool_intake/r2353/extracted_models/R2353_all_cifs/Model_3305_af3_woTemplates_af3_seed_372141_sample_2_pred_512.cif,awaiting_extract,"MassiveFold model pool index only. It parses organizer-provided external model tarball listings and stages balanced extraction/rerank candidates. These models remain external rerank and accuracy-estimation inputs, not internal predictions, not CASP submissions, and not competitive-proof evidence."
6,R2353,R2353,960,./R2353_all_cifs/Model_3076_af3_woTemplates_af3_seed_905000_sample_1_pred_236.cif,Model_3076_af3_woTemplates_af3_seed_905000_sample_1_pred_236.cif,3076,AF3,af3_woTemplates,905000,1,236,woTemplates,,False,casp17/massivefold_external_pool_intake/r2353/extracted_models/R2353_all_cifs/Model_3076_af3_woTemplates_af3_seed_905000_sample_1_pred_236.cif,awaiting_extract,"MassiveFold model pool index only. It parses organizer-provided external model tarball listings and stages balanced extraction/rerank candidates. These models remain external rerank and accuracy-estimation inputs, not internal predictions, not CASP submissions, and not competitive-proof evidence."
6,R2353,R2353,963,./R2353_all_cifs/Model_1012_af3_woTemplates_af3_seed_5678_sample_4_pred_379.cif,Model_1012_af3_woTemplates_af3_seed_5678_sample_4_pred_379.cif,1012,AF3,af3_woTemplates,5678,4,379,woTemplates,,False,casp17/massivefold_external_pool_intake/r2353/extracted_models/R2353_all_cifs/Model_1012_af3_woTemplates_af3_seed_5678_sample_4_pred_379.cif,awaiting_extract,"MassiveFold model pool index only. It parses organizer-provided external model tarball listings and stages balanced extraction/rerank candidates. These models remain external rerank and accuracy-estimation inputs, not internal predictions, not CASP submissions, and not competitive-proof evidence."
6,R2353,R2353,971,./R2353_all_cifs/Model_7470_af3_woTemplates_af3_seed_904986_sample_4_pred_169.cif,Model_7470_af3_woTemplates_af3_seed_904986_sample_4_pred_169.cif,7470,AF3,af3_woTemplates,904986,4,169,woTemplates,,False,casp17/massivefold_external_pool_intake/r2353/extracted_models/R2353_all_cifs/Model_7470_af3_woTemplates_af3_seed_904986_sample_4_pred_169.cif,awaiting_extract,"MassiveFold model pool index only. It parses organizer-provided external model tarball listings and stages balanced extraction/rerank candidates. These models remain external rerank and accuracy-estimation inputs, not internal predictions, not CASP submissions, and not competitive-proof evidence."
6,R2353,R2353,982,./R2353_all_cifs/Model_1267_af3_woTemplates_af3_seed_285284_sample_1_pred_371.cif,Model_1267_af3_woTemplates_af3_seed_285284_sample_1_pred_371.cif,1267,AF3,af3_woTemplates,285284,1,371,woTemplates,,False,casp17/massivefold_external_pool_intake/r2353/extracted_models/R2353_all_cifs/Model_1267_af3_woTemplates_af3_seed_285284_sample_1_pred_371.cif,awaiting_extract,"MassiveFold model pool index only. It parses organizer-provided external model tarball listings and stages balanced extraction/rerank candidates. These models remain external rerank and accuracy-estimation inputs, not internal predictions, not CASP submissions, and not competitive-proof evidence."
6,R2353,R2353,988,./R2353_all_cifs/Model_7970_af3_woTemplates_af3_seed_359511_sample_3_pred_118.cif,Model_7970_af3_woTemplates_af3_seed_359511_sample_3_pred_118.cif,7970,AF3,af3_woTemplates,359511,3,118,woTemplates,,False,casp17/massivefold_external_pool_intake/r2353/extracted_models/R2353_all_cifs/Model_7970_af3_woTemplates_af3_seed_359511_sample_3_pred_118.cif,awaiting_extract,"MassiveFold model pool index only. It parses organizer-provided external model tarball listings and stages balanced extraction/rerank candidates. These models remain external rerank and accuracy-estimation inputs, not internal predictions, not CASP submissions, and not competitive-proof evidence."
6,R2353,R2353,991,./R2353_all_cifs/Model_7550_af3_woTemplates_af3_seed_285275_sample_2_pred_327.cif,Model_7550_af3_woTemplates_af3_seed_285275_sample_2_pred_327.cif,7550,AF3,af3_woTemplates,285275,2,327,woTemplates,,False,casp17/massivefold_external_pool_intake/r2353/extracted_models/R2353_all_cifs/Model_7550_af3_woTemplates_af3_seed_285275_sample_2_pred_327.cif,awaiting_extract,"MassiveFold model pool index only. It parses organizer-provided external model tarball listings and stages balanced extraction/rerank candidates. These models remain external rerank and accuracy-estimation inputs, not internal predictions, not CASP submissions, and not competitive-proof evidence."
6,R2353,R2353,996,./R2353_all_cifs/Model_1355_af3_woTemplates_af3_seed_372147_sample_1_pred_541.cif,Model_1355_af3_woTemplates_af3_seed_372147_sample_1_pred_541.cif,1355,AF3,af3_woTemplates,372147,1,541,woTemplates,,False,casp17/massivefold_external_pool_intake/r2353/extracted_models/R2353_all_cifs/Model_1355_af3_woTemplates_af3_seed_372147_sample_1_pred_541.cif,awaiting_extract,"MassiveFold model pool index only. It parses organizer-provided external model tarball listings and stages balanced extraction/rerank candidates. These models remain external rerank and accuracy-estimation inputs, not internal predictions, not CASP submissions, and not competitive-proof evidence."
6,R2353,R2353,1014,./R2353_all_cifs/Model_7849_af3_woTemplates_af3_seed_218319_sample_0_pred_755.cif,Model_7849_af3_woTemplates_af3_seed_218319_sample_0_pred_755.cif,7849,AF3,af3_woTemplates,218319,0,755,woTemplates,,False,casp17/massivefold_external_pool_intake/r2353/extracted_models/R2353_all_cifs/Model_7849_af3_woTemplates_af3_seed_218319_sample_0_pred_755.cif,awaiting_extract,"MassiveFold model pool index only. It parses organizer-provided external model tarball listings and stages balanced extraction/rerank candidates. These models remain external rerank and accuracy-estimation inputs, not internal predictions, not CASP submissions, and not competitive-proof evidence."
6,R2353,R2353,1016,./R2353_all_cifs/Model_4290_af3_woTemplates_af3_seed_5685_sample_0_pred_410.cif,Model_4290_af3_woTemplates_af3_seed_5685_sample_0_pred_410.cif,4290,AF3,af3_woTemplates,5685,0,410,woTemplates,,False,casp17/massivefold_external_pool_intake/r2353/extracted_models/R2353_all_cifs/Model_4290_af3_woTemplates_af3_seed_5685_sample_0_pred_410.cif,awaiting_extract,"MassiveFold model pool index only. It parses organizer-provided external model tarball listings and stages balanced extraction/rerank candidates. These models remain external rerank and accuracy-estimation inputs, not internal predictions, not CASP submissions, and not competitive-proof evidence."
6,R2353,R2353,1026,./R2353_all_cifs/Model_6961_af3_woTemplates_af3_seed_141668_sample_2_pred_692.cif,Model_6961_af3_woTemplates_af3_seed_141668_sample_2_pred_692.cif,6961,AF3,af3_woTemplates,141668,2,692,woTemplates,,False,casp17/massivefold_external_pool_intake/r2353/extracted_models/R2353_all_cifs/Model_6961_af3_woTemplates_af3_seed_141668_sample_2_pred_692.cif,awaiting_extract,"MassiveFold model pool index only. It parses organizer-provided external model tarball listings and stages balanced extraction/rerank candidates. These models remain external rerank and accuracy-estimation inputs, not internal predictions, not CASP submissions, and not competitive-proof evidence."
6,R2353,R2353,1041,./R2353_all_cifs/Model_2576_af3_woTemplates_af3_seed_904997_sample_4_pred_224.cif,Model_2576_af3_woTemplates_af3_seed_904997_sample_4_pred_224.cif,2576,AF3,af3_woTemplates,904997,4,224,woTemplates,,False,casp17/massivefold_external_pool_intake/r2353/extracted_models/R2353_all_cifs/Model_2576_af3_woTemplates_af3_seed_904997_sample_4_pred_224.cif,awaiting_extract,"MassiveFold model pool index only. It parses organizer-provided external model tarball listings and stages balanced extraction/rerank candidates. These models remain external rerank and accuracy-estimation inputs, not internal predictions, not CASP submissions, and not competitive-proof evidence."
6,R2353,R2353,1056,./R2353_all_cifs/Model_6354_af3_woTemplates_af3_seed_359503_sample_3_pred_78.cif,Model_6354_af3_woTemplates_af3_seed_359503_sample_3_pred_78.cif,6354,AF3,af3_woTemplates,359503,3,78,woTemplates,,False,casp17/massivefold_external_pool_intake/r2353/extracted_models/R2353_all_cifs/Model_6354_af3_woTemplates_af3_seed_359503_sample_3_pred_78.cif,awaiting_extract,"MassiveFold model pool index only. It parses organizer-provided external model tarball listings and stages balanced extraction/rerank candidates. These models remain external rerank and accuracy-estimation inputs, not internal predictions, not CASP submissions, and not competitive-proof evidence."
6,R2353,R2353,1060,./R2353_all_cifs/Model_1570_af3_woTemplates_af3_seed_904980_sample_4_pred_139.cif,Model_1570_af3_woTemplates_af3_seed_904980_sample_4_pred_139.cif,1570,AF3,af3_woTemplates,904980,4,139,woTemplates,,False,casp17/massivefold_external_pool_intake/r2353/extracted_models/R2353_all_cifs/Model_1570_af3_woTemplates_af3_seed_904980_sample_4_pred_139.cif,awaiting_extract,"MassiveFold model pool index only. It parses organizer-provided external model tarball listings and stages balanced extraction/rerank candidates. These models remain external rerank and accuracy-estimation inputs, not internal predictions, not CASP submissions, and not competitive-proof evidence."
6,R2353,R2353,1077,./R2353_all_cifs/Model_7503_af3_woTemplates_af3_seed_285275_sample_1_pred_326.cif,Model_7503_af3_woTemplates_af3_seed_285275_sample_1_pred_326.cif,7503,AF3,af3_woTemplates,285275,1,326,woTemplates,,False,casp17/massivefold_external_pool_intake/r2353/extracted_models/R2353_all_cifs/Model_7503_af3_woTemplates_af3_seed_285275_sample_1_pred_326.cif,awaiting_extract,"MassiveFold model pool index only. It parses organizer-provided external model tarball listings and stages balanced extraction/rerank candidates. These models remain external rerank and accuracy-estimation inputs, not internal predictions, not CASP submissions, and not competitive-proof evidence."
6,R2353,R2353,1078,./R2353_all_cifs/Model_6317_af3_woTemplates_af3_seed_141656_sample_1_pred_631.cif,Model_6317_af3_woTemplates_af3_seed_141656_sample_1_pred_631.cif,6317,AF3,af3_woTemplates,141656,1,631,woTemplates,,False,casp17/massivefold_external_pool_intake/r2353/extracted_models/R2353_all_cifs/Model_6317_af3_woTemplates_af3_seed_141656_sample_1_pred_631.cif,awaiting_extract,"MassiveFold model pool index only. It parses organizer-provided external model tarball listings and stages balanced extraction/rerank candidates. These models remain external rerank and accuracy-estimation inputs, not internal predictions, not CASP submissions, and not competitive-proof evidence."
6,R2353,R2353,1080,./R2353_all_cifs/Model_4672_af3_woTemplates_af3_seed_73746_sample_1_pred_916.cif,Model_4672_af3_woTemplates_af3_seed_73746_sample_1_pred_916.cif,4672,AF3,af3_woTemplates,73746,1,916,woTemplates,,False,casp17/massivefold_external_pool_intake/r2353/extracted_models/R2353_all_cifs/Model_4672_af3_woTemplates_af3_seed_73746_sample_1_pred_916.cif,awaiting_extract,"MassiveFold model pool index only. It parses organizer-provided external model tarball listings and stages balanced extraction/rerank candidates. These models remain external rerank and accuracy-estimation inputs, not internal predictions, not CASP submissions, and not competitive-proof evidence."
6,R2353,R2353,1087,./R2353_all_cifs/Model_1827_af3_woTemplates_af3_seed_372144_sample_1_pred_526.cif,Model_1827_af3_woTemplates_af3_seed_372144_sample_1_pred_526.cif,1827,AF3,af3_woTemplates,372144,1,526,woTemplates,,False,casp17/massivefold_external_pool_intake/r2353/extracted_models/R2353_all_cifs/Model_1827_af3_woTemplates_af3_seed_372144_sample_1_pred_526.cif,awaiting_extract,"MassiveFold model pool index only. It parses organizer-provided external model tarball listings and stages balanced extraction/rerank candidates. These models remain external rerank and accuracy-estimation inputs, not internal predictions, not CASP submissions, and not competitive-proof evidence."
6,R2353,R2353,1098,./R2353_all_cifs/Model_5729_af3_woTemplates_af3_seed_5691_sample_0_pred_440.cif,Model_5729_af3_woTemplates_af3_seed_5691_sample_0_pred_440.cif,5729,AF3,af3_woTemplates,5691,0,440,woTemplates,,False,casp17/massivefold_external_pool_intake/r2353/extracted_models/R2353_all_cifs/Model_5729_af3_woTemplates_af3_seed_5691_sample_0_pred_440.cif,awaiting_extract,"MassiveFold model pool index only. It parses organizer-provided external model tarball listings and stages balanced extraction/rerank candidates. These models remain external rerank and accuracy-estimation inputs, not internal predictions, not CASP submissions, and not competitive-proof evidence."
6,R2353,R2353,1102,./R2353_all_cifs/Model_3250_af3_woTemplates_af3_seed_73760_sample_4_pred_989.cif,Model_3250_af3_woTemplates_af3_seed_73760_sample_4_pred_989.cif,3250,AF3,af3_woTemplates,73760,4,989,woTemplates,,False,casp17/massivefold_external_pool_intake/r2353/extracted_models/R2353_all_cifs/Model_3250_af3_woTemplates_af3_seed_73760_sample_4_pred_989.cif,awaiting_extract,"MassiveFold model pool index only. It parses organizer-provided external model tarball listings and stages balanced extraction/rerank candidates. These models remain external rerank and accuracy-estimation inputs, not internal predictions, not CASP submissions, and not competitive-proof evidence."
6,R2353,R2353,1115,./R2353_all_cifs/Model_5345_af3_woTemplates_af3_seed_5683_sample_4_pred_404.cif,Model_5345_af3_woTemplates_af3_seed_5683_sample_4_pred_404.cif,5345,AF3,af3_woTemplates,5683,4,404,woTemplates,,False,casp17/massivefold_external_pool_intake/r2353/extracted_models/R2353_all_cifs/Model_5345_af3_woTemplates_af3_seed_5683_sample_4_pred_404.cif,awaiting_extract,"MassiveFold model pool index only. It parses organizer-provided external model tarball listings and stages balanced extraction/rerank candidates. These models remain external rerank and accuracy-estimation inputs, not internal predictions, not CASP submissions, and not competitive-proof evidence."
6,R2353,R2353,1117,./R2353_all_cifs/Model_745_af3_woTemplates_af3_seed_285279_sample_2_pred_347.cif,Model_745_af3_woTemplates_af3_seed_285279_sample_2_pred_347.cif,745,AF3,af3_woTemplates,285279,2,347,woTemplates,,False,casp17/massivefold_external_pool_intake/r2353/extracted_models/R2353_all_cifs/Model_745_af3_woTemplates_af3_seed_285279_sample_2_pred_347.cif,awaiting_extract,"MassiveFold model pool index only. It parses organizer-provided external model tarball listings and stages balanced extraction/rerank candidates. These models remain external rerank and accuracy-estimation inputs, not internal predictions, not CASP submissions, and not competitive-proof evidence."
6,R2353,R2353,1118,./R2353_all_cifs/Model_4607_af3_woTemplates_af3_seed_285260_sample_1_pred_251.cif,Model_4607_af3_woTemplates_af3_seed_285260_sample_1_pred_251.cif,4607,AF3,af3_woTemplates,285260,1,251,woTemplates,,False,casp17/massivefold_external_pool_intake/r2353/extracted_models/R2353_all_cifs/Model_4607_af3_woTemplates_af3_seed_285260_sample_1_pred_251.cif,awaiting_extract,"MassiveFold model pool index only. It parses organizer-provided external model tarball listings and stages balanced extraction/rerank candidates. These models remain external rerank and accuracy-estimation inputs, not internal predictions, not CASP submissions, and not competitive-proof evidence."
6,R2353,R2353,1133,./R2353_all_cifs/Model_5680_af3_woTemplates_af3_seed_285279_sample_3_pred_348.cif,Model_5680_af3_woTemplates_af3_seed_285279_sample_3_pred_348.cif,5680,AF3,af3_woTemplates,285279,3,348,woTemplates,,False,casp17/massivefold_external_pool_intake/r2353/extracted_models/R2353_all_cifs/Model_5680_af3_woTemplates_af3_seed_285279_sample_3_pred_348.cif,awaiting_extract,"MassiveFold model pool index only. It parses organizer-provided external model tarball listings and stages balanced extraction/rerank candidates. These models remain external rerank and accuracy-estimation inputs, not internal predictions, not CASP submissions, and not competitive-proof evidence."
6,R2353,R2353,1135,./R2353_all_cifs/Model_2556_af3_woTemplates_af3_seed_218324_sample_2_pred_782.cif,Model_2556_af3_woTemplates_af3_seed_218324_sample_2_pred_782.cif,2556,AF3,af3_woTemplates,218324,2,782,woTemplates,,False,casp17/massivefold_external_pool_intake/r2353/extracted_models/R2353_all_cifs/Model_2556_af3_woTemplates_af3_seed_218324_sample_2_pred_782.cif,awaiting_extract,"MassiveFold model pool index only. It parses organizer-provided external model tarball listings and stages balanced extraction/rerank candidates. These models remain external rerank and accuracy-estimation inputs, not internal predictions, not CASP submissions, and not competitive-proof evidence."
6,R2353,R2353,1138,./R2353_all_cifs/Model_1586_af3_woTemplates_af3_seed_285272_sample_4_pred_314.cif,Model_1586_af3_woTemplates_af3_seed_285272_sample_4_pred_314.cif,1586,AF3,af3_woTemplates,285272,4,314,woTemplates,,False,casp17/massivefold_external_pool_intake/r2353/extracted_models/R2353_all_cifs/Model_1586_af3_woTemplates_af3_seed_285272_sample_4_pred_314.cif,awaiting_extract,"MassiveFold model pool index only. It parses organizer-provided external model tarball listings and stages balanced extraction/rerank candidates. These models remain external rerank and accuracy-estimation inputs, not internal predictions, not CASP submissions, and not competitive-proof evidence."
6,R2353,R2353,1158,./R2353_all_cifs/Model_7319_af3_woTemplates_af3_seed_372154_sample_3_pred_578.cif,Model_7319_af3_woTemplates_af3_seed_372154_sample_3_pred_578.cif,7319,AF3,af3_woTemplates,372154,3,578,woTemplates,,False,casp17/massivefold_external_pool_intake/r2353/extracted_models/R2353_all_cifs/Model_7319_af3_woTemplates_af3_seed_372154_sample_3_pred_578.cif,awaiting_extract,"MassiveFold model pool index only. It parses organizer-provided external model tarball listings and stages balanced extraction/rerank candidates. These models remain external rerank and accuracy-estimation inputs, not internal predictions, not CASP submissions, and not competitive-proof evidence."
6,R2353,R2353,1163,./R2353_all_cifs/Model_1404_af3_woTemplates_af3_seed_904978_sample_1_pred_126.cif,Model_1404_af3_woTemplates_af3_seed_904978_sample_1_pred_126.cif,1404,AF3,af3_woTemplates,904978,1,126,woTemplates,,False,casp17/massivefold_external_pool_intake/r2353/extracted_models/R2353_all_cifs/Model_1404_af3_woTemplates_af3_seed_904978_sample_1_pred_126.cif,awaiting_extract,"MassiveFold model pool index only. It parses organizer-provided external model tarball listings and stages balanced extraction/rerank candidates. These models remain external rerank and accuracy-estimation inputs, not internal predictions, not CASP submissions, and not competitive-proof evidence."
6,R2353,R2353,1180,./R2353_all_cifs/Model_5103_af3_woTemplates_af3_seed_372142_sample_4_pred_519.cif,Model_5103_af3_woTemplates_af3_seed_372142_sample_4_pred_519.cif,5103,AF3,af3_woTemplates,372142,4,519,woTemplates,,False,casp17/massivefold_external_pool_intake/r2353/extracted_models/R2353_all_cifs/Model_5103_af3_woTemplates_af3_seed_372142_sample_4_pred_519.cif,awaiting_extract,"MassiveFold model pool index only. It parses organizer-provided external model tarball listings and stages balanced extraction/rerank candidates. These models remain external rerank and accuracy-estimation inputs, not internal predictions, not CASP submissions, and not competitive-proof evidence."
6,R2353,R2353,1189,./R2353_all_cifs/Model_5106_af3_woTemplates_af3_seed_218324_sample_4_pred_784.cif,Model_5106_af3_woTemplates_af3_seed_218324_sample_4_pred_784.cif,5106,AF3,af3_woTemplates,218324,4,784,woTemplates,,False,casp17/massivefold_external_pool_intake/r2353/extracted_models/R2353_all_cifs/Model_5106_af3_woTemplates_af3_seed_218324_sample_4_pred_784.cif,awaiting_extract,"MassiveFold model pool index only. It parses organizer-provided external model tarball listings and stages balanced extraction/rerank candidates. These models remain external rerank and accuracy-estimation inputs, not internal predictions, not CASP submissions, and not competitive-proof evidence."
6,R2353,R2353,1199,./R2353_all_cifs/Model_1653_af3_woTemplates_af3_seed_73743_sample_2_pred_902.cif,Model_1653_af3_woTemplates_af3_seed_73743_sample_2_pred_902.cif,1653,AF3,af3_woTemplates,73743,2,902,woTemplates,,False,casp17/massivefold_external_pool_intake/r2353/extracted_models/R2353_all_cifs/Model_1653_af3_woTemplates_af3_seed_73743_sample_2_pred_902.cif,awaiting_extract,"MassiveFold model pool index only. It parses organizer-provided external model tarball listings and stages balanced extraction/rerank candidates. These models remain external rerank and accuracy-estimation inputs, not internal predictions, not CASP submissions, and not competitive-proof evidence."
6,R2353,R2353,1208,./R2353_all_cifs/Model_3766_af3_woTemplates_af3_seed_285281_sample_3_pred_358.cif,Model_3766_af3_woTemplates_af3_seed_285281_sample_3_pred_358.cif,3766,AF3,af3_woTemplates,285281,3,358,woTemplates,,False,casp17/massivefold_external_pool_intake/r2353/extracted_models/R2353_all_cifs/Model_3766_af3_woTemplates_af3_seed_285281_sample_3_pred_358.cif,awaiting_extract,"MassiveFold model pool index only. It parses organizer-provided external model tarball listings and stages balanced extraction/rerank candidates. These models remain external rerank and accuracy-estimation inputs, not internal predictions, not CASP submissions, and not competitive-proof evidence."
6,R2353,R2353,1235,./R2353_all_cifs/Model_2639_af3_woTemplates_af3_seed_141672_sample_0_pred_710.cif,Model_2639_af3_woTemplates_af3_seed_141672_sample_0_pred_710.cif,2639,AF3,af3_woTemplates,141672,0,710,woTemplates,,False,casp17/massivefold_external_pool_intake/r2353/extracted_models/R2353_all_cifs/Model_2639_af3_woTemplates_af3_seed_141672_sample_0_pred_710.cif,awaiting_extract,"MassiveFold model pool index only. It parses organizer-provided external model tarball listings and stages balanced extraction/rerank candidates. These models remain external rerank and accuracy-estimation inputs, not internal predictions, not CASP submissions, and not competitive-proof evidence."
6,R2353,R2353,1237,./R2353_all_cifs/Model_5763_af3_woTemplates_af3_seed_5691_sample_4_pred_444.cif,Model_5763_af3_woTemplates_af3_seed_5691_sample_4_pred_444.cif,5763,AF3,af3_woTemplates,5691,4,444,woTemplates,,False,casp17/massivefold_external_pool_intake/r2353/extracted_models/R2353_all_cifs/Model_5763_af3_woTemplates_af3_seed_5691_sample_4_pred_444.cif,awaiting_extract,"MassiveFold model pool index only. It parses organizer-provided external model tarball listings and stages balanced extraction/rerank candidates. These models remain external rerank and accuracy-estimation inputs, not internal predictions, not CASP submissions, and not competitive-proof evidence."
6,R2353,R2353,1249,./R2353_all_cifs/Model_3982_af3_woTemplates_af3_seed_904984_sample_3_pred_158.cif,Model_3982_af3_woTemplates_af3_seed_904984_sample_3_pred_158.cif,3982,AF3,af3_woTemplates,904984,3,158,woTemplates,,False,casp17/massivefold_external_pool_intake/r2353/extracted_models/R2353_all_cifs/Model_3982_af3_woTemplates_af3_seed_904984_sample_3_pred_158.cif,awaiting_extract,"MassiveFold model pool index only. It parses organizer-provided external model tarball listings and stages balanced extraction/rerank candidates. These models remain external rerank and accuracy-estimation inputs, not internal predictions, not CASP submissions, and not competitive-proof evidence."
6,R2353,R2353,1255,./R2353_all_cifs/Model_6453_af3_woTemplates_af3_seed_218335_sample_3_pred_838.cif,Model_6453_af3_woTemplates_af3_seed_218335_sample_3_pred_838.cif,6453,AF3,af3_woTemplates,218335,3,838,woTemplates,,False,casp17/massivefold_external_pool_intake/r2353/extracted_models/R2353_all_cifs/Model_6453_af3_woTemplates_af3_seed_218335_sample_3_pred_838.cif,awaiting_extract,"MassiveFold model pool index only. It parses organizer-provided external model tarball listings and stages balanced extraction/rerank candidates. These models remain external rerank and accuracy-estimation inputs, not internal predictions, not CASP submissions, and not competitive-proof evidence."
6,R2353,R2353,1265,./R2353_all_cifs/Model_1086_af3_woTemplates_af3_seed_904980_sample_2_pred_137.cif,Model_1086_af3_woTemplates_af3_seed_904980_sample_2_pred_137.cif,1086,AF3,af3_woTemplates,904980,2,137,woTemplates,,False,casp17/massivefold_external_pool_intake/r2353/extracted_models/R2353_all_cifs/Model_1086_af3_woTemplates_af3_seed_904980_sample_2_pred_137.cif,awaiting_extract,"MassiveFold model pool index only. It parses organizer-provided external model tarball listings and stages balanced extraction/rerank candidates. These models remain external rerank and accuracy-estimation inputs, not internal predictions, not CASP submissions, and not competitive-proof evidence."
6,R2353,R2353,1272,./R2353_all_cifs/Model_5351_af3_woTemplates_af3_seed_73754_sample_0_pred_955.cif,Model_5351_af3_woTemplates_af3_seed_73754_sample_0_pred_955.cif,5351,AF3,af3_woTemplates,73754,0,955,woTemplates,,False,casp17/massivefold_external_pool_intake/r2353/extracted_models/R2353_all_cifs/Model_5351_af3_woTemplates_af3_seed_73754_sample_0_pred_955.cif,awaiting_extract,"MassiveFold model pool index only. It parses organizer-provided external model tarball listings and stages balanced extraction/rerank candidates. These models remain external rerank and accuracy-estimation inputs, not internal predictions, not CASP submissions, and not competitive-proof evidence."
6,R2353,R2353,1274,./R2353_all_cifs/Model_4302_af3_woTemplates_af3_seed_372143_sample_4_pred_524.cif,Model_4302_af3_woTemplates_af3_seed_372143_sample_4_pred_524.cif,4302,AF3,af3_woTemplates,372143,4,524,woTemplates,,False,casp17/massivefold_external_pool_intake/r2353/extracted_models/R2353_all_cifs/Model_4302_af3_woTemplates_af3_seed_372143_sample_4_pred_524.cif,awaiting_extract,"MassiveFold model pool index only. It parses organizer-provided external model tarball listings and stages balanced extraction/rerank candidates. These models remain external rerank and accuracy-estimation inputs, not internal predictions, not CASP submissions, and not competitive-proof evidence."
6,R2353,R2353,1278,./R2353_all_cifs/Model_2573_af3_woTemplates_af3_seed_5693_sample_1_pred_451.cif,Model_2573_af3_woTemplates_af3_seed_5693_sample_1_pred_451.cif,2573,AF3,af3_woTemplates,5693,1,451,woTemplates,,False,casp17/massivefold_external_pool_intake/r2353/extracted_models/R2353_all_cifs/Model_2573_af3_woTemplates_af3_seed_5693_sample_1_pred_451.cif,awaiting_extract,"MassiveFold model pool index only. It parses organizer-provided external model tarball listings and stages balanced extraction/rerank candidates. These models remain external rerank and accuracy-estimation inputs, not internal predictions, not CASP submissions, and not competitive-proof evidence."
6,R2353,R2353,1283,./R2353_all_cifs/Model_283_af3_woTemplates_af3_seed_359500_sample_1_pred_61.cif,Model_283_af3_woTemplates_af3_seed_359500_sample_1_pred_61.cif,283,AF3,af3_woTemplates,359500,1,61,woTemplates,,False,casp17/massivefold_external_pool_intake/r2353/extracted_models/R2353_all_cifs/Model_283_af3_woTemplates_af3_seed_359500_sample_1_pred_61.cif,awaiting_extract,"MassiveFold model pool index only. It parses organizer-provided external model tarball listings and stages balanced extraction/rerank candidates. These models remain external rerank and accuracy-estimation inputs, not internal predictions, not CASP submissions, and not competitive-proof evidence."
6,R2353,R2353,1314,./R2353_all_cifs/Model_2930_af3_woTemplates_af3_seed_73761_sample_1_pred_991.cif,Model_2930_af3_woTemplates_af3_seed_73761_sample_1_pred_991.cif,2930,AF3,af3_woTemplates,73761,1,991,woTemplates,,False,casp17/massivefold_external_pool_intake/r2353/extracted_models/R2353_all_cifs/Model_2930_af3_woTemplates_af3_seed_73761_sample_1_pred_991.cif,awaiting_extract,"MassiveFold model pool index only. It parses organizer-provided external model tarball listings and stages balanced extraction/rerank candidates. These models remain external rerank and accuracy-estimation inputs, not internal predictions, not CASP submissions, and not competitive-proof evidence."
6,R2353,R2353,1316,./R2353_all_cifs/Model_248_af3_woTemplates_af3_seed_218327_sample_4_pred_799.cif,Model_248_af3_woTemplates_af3_seed_218327_sample_4_pred_799.cif,248,AF3,af3_woTemplates,218327,4,799,woTemplates,,False,casp17/massivefold_external_pool_intake/r2353/extracted_models/R2353_all_cifs/Model_248_af3_woTemplates_af3_seed_218327_sample_4_pred_799.cif,awaiting_extract,"MassiveFold model pool index only. It parses organizer-provided external model tarball listings and stages balanced extraction/rerank candidates. These models remain external rerank and accuracy-estimation inputs, not internal predictions, not CASP submissions, and not competitive-proof evidence."
6,R2353,R2353,1318,./R2353_all_cifs/Model_4652_af3_woTemplates_af3_seed_904996_sample_3_pred_218.cif,Model_4652_af3_woTemplates_af3_seed_904996_sample_3_pred_218.cif,4652,AF3,af3_woTemplates,904996,3,218,woTemplates,,False,casp17/massivefold_external_pool_intake/r2353/extracted_models/R2353_all_cifs/Model_4652_af3_woTemplates_af3_seed_904996_sample_3_pred_218.cif,awaiting_extract,"MassiveFold model pool index only. It parses organizer-provided external model tarball listings and stages balanced extraction/rerank candidates. These models remain external rerank and accuracy-estimation inputs, not internal predictions, not CASP submissions, and not competitive-proof evidence."
6,R2353,R2353,1332,./R2353_all_cifs/Model_4600_af3_woTemplates_af3_seed_285270_sample_1_pred_301.cif,Model_4600_af3_woTemplates_af3_seed_285270_sample_1_pred_301.cif,4600,AF3,af3_woTemplates,285270,1,301,woTemplates,,False,casp17/massivefold_external_pool_intake/r2353/extracted_models/R2353_all_cifs/Model_4600_af3_woTemplates_af3_seed_285270_sample_1_pred_301.cif,awaiting_extract,"MassiveFold model pool index only. It parses organizer-provided external model tarball listings and stages balanced extraction/rerank candidates. These models remain external rerank and accuracy-estimation inputs, not internal predictions, not CASP submissions, and not competitive-proof evidence."
6,R2353,R2353,1341,./R2353_all_cifs/Model_3966_af3_woTemplates_af3_seed_218324_sample_3_pred_783.cif,Model_3966_af3_woTemplates_af3_seed_218324_sample_3_pred_783.cif,3966,AF3,af3_woTemplates,218324,3,783,woTemplates,,False,casp17/massivefold_external_pool_intake/r2353/extracted_models/R2353_all_cifs/Model_3966_af3_woTemplates_af3_seed_218324_sample_3_pred_783.cif,awaiting_extract,"MassiveFold model pool index only. It parses organizer-provided external model tarball listings and stages balanced extraction/rerank candidates. These models remain external rerank and accuracy-estimation inputs, not internal predictions, not CASP submissions, and not competitive-proof evidence."
6,R2353,R2353,1349,./R2353_all_cifs/Model_3018_af3_woTemplates_af3_seed_359507_sample_1_pred_96.cif,Model_3018_af3_woTemplates_af3_seed_359507_sample_1_pred_96.cif,3018,AF3,af3_woTemplates,359507,1,96,woTemplates,,False,casp17/massivefold_external_pool_intake/r2353/extracted_models/R2353_all_cifs/Model_3018_af3_woTemplates_af3_seed_359507_sample_1_pred_96.cif,awaiting_extract,"MassiveFold model pool index only. It parses organizer-provided external model tarball listings and stages balanced extraction/rerank candidates. These models remain external rerank and accuracy-estimation inputs, not internal predictions, not CASP submissions, and not competitive-proof evidence."
6,R2353,R2353,1351,./R2353_all_cifs/Model_5468_af3_woTemplates_af3_seed_285269_sample_1_pred_296.cif,Model_5468_af3_woTemplates_af3_seed_285269_sample_1_pred_296.cif,5468,AF3,af3_woTemplates,285269,1,296,woTemplates,,False,casp17/massivefold_external_pool_intake/r2353/extracted_models/R2353_all_cifs/Model_5468_af3_woTemplates_af3_seed_285269_sample_1_pred_296.cif,awaiting_extract,"MassiveFold model pool index only. It parses organizer-provided external model tarball listings and stages balanced extraction/rerank candidates. These models remain external rerank and accuracy-estimation inputs, not internal predictions, not CASP submissions, and not competitive-proof evidence."
6,R2353,R2353,1358,./R2353_all_cifs/Model_673_af3_woTemplates_af3_seed_904980_sample_0_pred_135.cif,Model_673_af3_woTemplates_af3_seed_904980_sample_0_pred_135.cif,673,AF3,af3_woTemplates,904980,0,135,woTemplates,,False,casp17/massivefold_external_pool_intake/r2353/extracted_models/R2353_all_cifs/Model_673_af3_woTemplates_af3_seed_904980_sample_0_pred_135.cif,awaiting_extract,"MassiveFold model pool index only. It parses organizer-provided external model tarball listings and stages balanced extraction/rerank candidates. These models remain external rerank and accuracy-estimation inputs, not internal predictions, not CASP submissions, and not competitive-proof evidence."
6,R2353,R2353,1381,./R2353_all_cifs/Model_3042_af3_woTemplates_af3_seed_285282_sample_3_pred_363.cif,Model_3042_af3_woTemplates_af3_seed_285282_sample_3_pred_363.cif,3042,AF3,af3_woTemplates,285282,3,363,woTemplates,,False,casp17/massivefold_external_pool_intake/r2353/extracted_models/R2353_all_cifs/Model_3042_af3_woTemplates_af3_seed_285282_sample_3_pred_363.cif,awaiting_extract,"MassiveFold model pool index only. It parses organizer-provided external model tarball listings and stages balanced extraction/rerank candidates. These models remain external rerank and accuracy-estimation inputs, not internal predictions, not CASP submissions, and not competitive-proof evidence."
6,R2353,R2353,1387,./R2353_all_cifs/Model_6056_af3_woTemplates_af3_seed_904978_sample_4_pred_129.cif,Model_6056_af3_woTemplates_af3_seed_904978_sample_4_pred_129.cif,6056,AF3,af3_woTemplates,904978,4,129,woTemplates,,False,casp17/massivefold_external_pool_intake/r2353/extracted_models/R2353_all_cifs/Model_6056_af3_woTemplates_af3_seed_904978_sample_4_pred_129.cif,awaiting_extract,"MassiveFold model pool index only. It parses organizer-provided external model tarball listings and stages balanced extraction/rerank candidates. These models remain external rerank and accuracy-estimation inputs, not internal predictions, not CASP submissions, and not competitive-proof evidence."
6,R2353,R2353,1400,./R2353_all_cifs/Model_2380_af3_woTemplates_af3_seed_359502_sample_4_pred_74.cif,Model_2380_af3_woTemplates_af3_seed_359502_sample_4_pred_74.cif,2380,AF3,af3_woTemplates,359502,4,74,woTemplates,,False,casp17/massivefold_external_pool_intake/r2353/extracted_models/R2353_all_cifs/Model_2380_af3_woTemplates_af3_seed_359502_sample_4_pred_74.cif,awaiting_extract,"MassiveFold model pool index only. It parses organizer-provided external model tarball listings and stages balanced extraction/rerank candidates. These models remain external rerank and accuracy-estimation inputs, not internal predictions, not CASP submissions, and not competitive-proof evidence."
6,R2353,R2353,1404,./R2353_all_cifs/Model_5895_af3_woTemplates_af3_seed_218336_sample_4_pred_844.cif,Model_5895_af3_woTemplates_af3_seed_218336_sample_4_pred_844.cif,5895,AF3,af3_woTemplates,218336,4,844,woTemplates,,False,casp17/massivefold_external_pool_intake/r2353/extracted_models/R2353_all_cifs/Model_5895_af3_woTemplates_af3_seed_218336_sample_4_pred_844.cif,awaiting_extract,"MassiveFold model pool index only. It parses organizer-provided external model tarball listings and stages balanced extraction/rerank candidates. These models remain external rerank and accuracy-estimation inputs, not internal predictions, not CASP submissions, and not competitive-proof evidence."
6,R2353,R2353,1407,./R2353_all_cifs/Model_6986_af3_woTemplates_af3_seed_73742_sample_1_pred_896.cif,Model_6986_af3_woTemplates_af3_seed_73742_sample_1_pred_896.cif,6986,AF3,af3_woTemplates,73742,1,896,woTemplates,,False,casp17/massivefold_external_pool_intake/r2353/extracted_models/R2353_all_cifs/Model_6986_af3_woTemplates_af3_seed_73742_sample_1_pred_896.cif,awaiting_extract,"MassiveFold model pool index only. It parses organizer-provided external model tarball listings and stages balanced extraction/rerank candidates. These models remain external rerank and accuracy-estimation inputs, not internal predictions, not CASP submissions, and not competitive-proof evidence."
6,R2353,R2353,1414,./R2353_all_cifs/Model_3232_af3_woTemplates_af3_seed_141659_sample_2_pred_647.cif,Model_3232_af3_woTemplates_af3_seed_141659_sample_2_pred_647.cif,3232,AF3,af3_woTemplates,141659,2,647,woTemplates,,False,casp17/massivefold_external_pool_intake/r2353/extracted_models/R2353_all_cifs/Model_3232_af3_woTemplates_af3_seed_141659_sample_2_pred_647.cif,awaiting_extract,"MassiveFold model pool index only. It parses organizer-provided external model tarball listings and stages balanced extraction/rerank candidates. These models remain external rerank and accuracy-estimation inputs, not internal predictions, not CASP submissions, and not competitive-proof evidence."
6,R2353,R2353,1425,./R2353_all_cifs/Model_4925_af3_woTemplates_af3_seed_5696_sample_2_pred_467.cif,Model_4925_af3_woTemplates_af3_seed_5696_sample_2_pred_467.cif,4925,AF3,af3_woTemplates,5696,2,467,woTemplates,,False,casp17/massivefold_external_pool_intake/r2353/extracted_models/R2353_all_cifs/Model_4925_af3_woTemplates_af3_seed_5696_sample_2_pred_467.cif,awaiting_extract,"MassiveFold model pool index only. It parses organizer-provided external model tarball listings and stages balanced extraction/rerank candidates. These models remain external rerank and accuracy-estimation inputs, not internal predictions, not CASP submissions, and not competitive-proof evidence."
6,R2353,R2353,1430,./R2353_all_cifs/Model_3344_af3_woTemplates_af3_seed_5693_sample_3_pred_453.cif,Model_3344_af3_woTemplates_af3_seed_5693_sample_3_pred_453.cif,3344,AF3,af3_woTemplates,5693,3,453,woTemplates,,False,casp17/massivefold_external_pool_intake/r2353/extracted_models/R2353_all_cifs/Model_3344_af3_woTemplates_af3_seed_5693_sample_3_pred_453.cif,awaiting_extract,"MassiveFold model pool index only. It parses organizer-provided external model tarball listings and stages balanced extraction/rerank candidates. These models remain external rerank and accuracy-estimation inputs, not internal predictions, not CASP submissions, and not competitive-proof evidence."
6,R2353,R2353,1435,./R2353_all_cifs/Model_5565_af3_woTemplates_af3_seed_5686_sample_0_pred_415.cif,Model_5565_af3_woTemplates_af3_seed_5686_sample_0_pred_415.cif,5565,AF3,af3_woTemplates,5686,0,415,woTemplates,,False,casp17/massivefold_external_pool_intake/r2353/extracted_models/R2353_all_cifs/Model_5565_af3_woTemplates_af3_seed_5686_sample_0_pred_415.cif,awaiting_extract,"MassiveFold model pool index only. It parses organizer-provided external model tarball listings and stages balanced extraction/rerank candidates. These models remain external rerank and accuracy-estimation inputs, not internal predictions, not CASP submissions, and not competitive-proof evidence."
6,R2353,R2353,1440,./R2353_all_cifs/Model_7217_af3_woTemplates_af3_seed_285269_sample_4_pred_299.cif,Model_7217_af3_woTemplates_af3_seed_285269_sample_4_pred_299.cif,7217,AF3,af3_woTemplates,285269,4,299,woTemplates,,False,casp17/massivefold_external_pool_intake/r2353/extracted_models/R2353_all_cifs/Model_7217_af3_woTemplates_af3_seed_285269_sample_4_pred_299.cif,awaiting_extract,"MassiveFold model pool index only. It parses organizer-provided external model tarball listings and stages balanced extraction/rerank candidates. These models remain external rerank and accuracy-estimation inputs, not internal predictions, not CASP submissions, and not competitive-proof evidence."
6,R2353,R2353,1452,./R2353_all_cifs/Model_5269_af3_woTemplates_af3_seed_285268_sample_0_pred_290.cif,Model_5269_af3_woTemplates_af3_seed_285268_sample_0_pred_290.cif,5269,AF3,af3_woTemplates,285268,0,290,woTemplates,,False,casp17/massivefold_external_pool_intake/r2353/extracted_models/R2353_all_cifs/Model_5269_af3_woTemplates_af3_seed_285268_sample_0_pred_290.cif,awaiting_extract,"MassiveFold model pool index only. It parses organizer-provided external model tarball listings and stages balanced extraction/rerank candidates. These models remain external rerank and accuracy-estimation inputs, not internal predictions, not CASP submissions, and not competitive-proof evidence."
6,R2353,R2353,1462,./R2353_all_cifs/Model_6592_af3_woTemplates_af3_seed_359492_sample_2_pred_22.cif,Model_6592_af3_woTemplates_af3_seed_359492_sample_2_pred_22.cif,6592,AF3,af3_woTemplates,359492,2,22,woTemplates,,False,casp17/massivefold_external_pool_intake/r2353/extracted_models/R2353_all_cifs/Model_6592_af3_woTemplates_af3_seed_359492_sample_2_pred_22.cif,awaiting_extract,"MassiveFold model pool index only. It parses organizer-provided external model tarball listings and stages balanced extraction/rerank candidates. These models remain external rerank and accuracy-estimation inputs, not internal predictions, not CASP submissions, and not competitive-proof evidence."
6,R2353,R2353,1464,./R2353_all_cifs/Model_1028_af3_woTemplates_af3_seed_5694_sample_1_pred_456.cif,Model_1028_af3_woTemplates_af3_seed_5694_sample_1_pred_456.cif,1028,AF3,af3_woTemplates,5694,1,456,woTemplates,,False,casp17/massivefold_external_pool_intake/r2353/extracted_models/R2353_all_cifs/Model_1028_af3_woTemplates_af3_seed_5694_sample_1_pred_456.cif,awaiting_extract,"MassiveFold model pool index only. It parses organizer-provided external model tarball listings and stages balanced extraction/rerank candidates. These models remain external rerank and accuracy-estimation inputs, not internal predictions, not CASP submissions, and not competitive-proof evidence."
6,R2353,R2353,1477,./R2353_all_cifs/Model_7639_af3_woTemplates_af3_seed_359496_sample_1_pred_41.cif,Model_7639_af3_woTemplates_af3_seed_359496_sample_1_pred_41.cif,7639,AF3,af3_woTemplates,359496,1,41,woTemplates,,False,casp17/massivefold_external_pool_intake/r2353/extracted_models/R2353_all_cifs/Model_7639_af3_woTemplates_af3_seed_359496_sample_1_pred_41.cif,awaiting_extract,"MassiveFold model pool index only. It parses organizer-provided external model tarball listings and stages balanced extraction/rerank candidates. These models remain external rerank and accuracy-estimation inputs, not internal predictions, not CASP submissions, and not competitive-proof evidence."
6,R2353,R2353,1485,./R2353_all_cifs/Model_3399_af3_woTemplates_af3_seed_285264_sample_3_pred_273.cif,Model_3399_af3_woTemplates_af3_seed_285264_sample_3_pred_273.cif,3399,AF3,af3_woTemplates,285264,3,273,woTemplates,,False,casp17/massivefold_external_pool_intake/r2353/extracted_models/R2353_all_cifs/Model_3399_af3_woTemplates_af3_seed_285264_sample_3_pred_273.cif,awaiting_extract,"MassiveFold model pool index only. It parses organizer-provided external model tarball listings and stages balanced extraction/rerank candidates. These models remain external rerank and accuracy-estimation inputs, not internal predictions, not CASP submissions, and not competitive-proof evidence."
6,R2353,R2353,1496,./R2353_all_cifs/Model_4736_af3_woTemplates_af3_seed_285266_sample_4_pred_284.cif,Model_4736_af3_woTemplates_af3_seed_285266_sample_4_pred_284.cif,4736,AF3,af3_woTemplates,285266,4,284,woTemplates,,False,casp17/massivefold_external_pool_intake/r2353/extracted_models/R2353_all_cifs/Model_4736_af3_woTemplates_af3_seed_285266_sample_4_pred_284.cif,awaiting_extract,"MassiveFold model pool index only. It parses organizer-provided external model tarball listings and stages balanced extraction/rerank candidates. These models remain external rerank and accuracy-estimation inputs, not internal predictions, not CASP submissions, and not competitive-proof evidence."
6,R2353,R2353,1503,./R2353_all_cifs/Model_1193_af3_woTemplates_af3_seed_905002_sample_4_pred_249.cif,Model_1193_af3_woTemplates_af3_seed_905002_sample_4_pred_249.cif,1193,AF3,af3_woTemplates,905002,4,249,woTemplates,,False,casp17/massivefold_external_pool_intake/r2353/extracted_models/R2353_all_cifs/Model_1193_af3_woTemplates_af3_seed_905002_sample_4_pred_249.cif,awaiting_extract,"MassiveFold model pool index only. It parses organizer-provided external model tarball listings and stages balanced extraction/rerank candidates. These models remain external rerank and accuracy-estimation inputs, not internal predictions, not CASP submissions, and not competitive-proof evidence."
6,R2353,R2353,1523,./R2353_all_cifs/Model_4923_af3_woTemplates_af3_seed_904986_sample_3_pred_168.cif,Model_4923_af3_woTemplates_af3_seed_904986_sample_3_pred_168.cif,4923,AF3,af3_woTemplates,904986,3,168,woTemplates,,False,casp17/massivefold_external_pool_intake/r2353/extracted_models/R2353_all_cifs/Model_4923_af3_woTemplates_af3_seed_904986_sample_3_pred_168.cif,awaiting_extract,"MassiveFold model pool index only. It parses organizer-provided external model tarball listings and stages balanced extraction/rerank candidates. These models remain external rerank and accuracy-estimation inputs, not internal predictions, not CASP submissions, and not competitive-proof evidence."
6,R2353,R2353,1527,./R2353_all_cifs/Model_7106_af3_woTemplates_af3_seed_359489_sample_2_pred_7.cif,Model_7106_af3_woTemplates_af3_seed_359489_sample_2_pred_7.cif,7106,AF3,af3_woTemplates,359489,2,7,woTemplates,,False,casp17/massivefold_external_pool_intake/r2353/extracted_models/R2353_all_cifs/Model_7106_af3_woTemplates_af3_seed_359489_sample_2_pred_7.cif,awaiting_extract,"MassiveFold model pool index only. It parses organizer-provided external model tarball listings and stages balanced extraction/rerank candidates. These models remain external rerank and accuracy-estimation inputs, not internal predictions, not CASP submissions, and not competitive-proof evidence."
6,R2353,R2353,1538,./R2353_all_cifs/Model_5355_af3_woTemplates_af3_seed_905000_sample_3_pred_238.cif,Model_5355_af3_woTemplates_af3_seed_905000_sample_3_pred_238.cif,5355,AF3,af3_woTemplates,905000,3,238,woTemplates,,False,casp17/massivefold_external_pool_intake/r2353/extracted_models/R2353_all_cifs/Model_5355_af3_woTemplates_af3_seed_905000_sample_3_pred_238.cif,awaiting_extract,"MassiveFold model pool index only. It parses organizer-provided external model tarball listings and stages balanced extraction/rerank candidates. These models remain external rerank and accuracy-estimation inputs, not internal predictions, not CASP submissions, and not competitive-proof evidence."
6,R2353,R2353,1539,./R2353_all_cifs/Model_89_af3_woTemplates_af3_seed_359510_sample_3_pred_113.cif,Model_89_af3_woTemplates_af3_seed_359510_sample_3_pred_113.cif,89,AF3,af3_woTemplates,359510,3,113,woTemplates,,False,casp17/massivefold_external_pool_intake/r2353/extracted_models/R2353_all_cifs/Model_89_af3_woTemplates_af3_seed_359510_sample_3_pred_113.cif,awaiting_extract,"MassiveFold model pool index only. It parses organizer-provided external model tarball listings and stages balanced extraction/rerank candidates. These models remain external rerank and accuracy-estimation inputs, not internal predictions, not CASP submissions, and not competitive-proof evidence."
6,R2353,R2353,1544,./R2353_all_cifs/Model_6540_af3_woTemplates_af3_seed_73760_sample_3_pred_988.cif,Model_6540_af3_woTemplates_af3_seed_73760_sample_3_pred_988.cif,6540,AF3,af3_woTemplates,73760,3,988,woTemplates,,False,casp17/massivefold_external_pool_intake/r2353/extracted_models/R2353_all_cifs/Model_6540_af3_woTemplates_af3_seed_73760_sample_3_pred_988.cif,awaiting_extract,"MassiveFold model pool index only. It parses organizer-provided external model tarball listings and stages balanced extraction/rerank candidates. These models remain external rerank and accuracy-estimation inputs, not internal predictions, not CASP submissions, and not competitive-proof evidence."
6,R2353,R2353,1559,./R2353_all_cifs/Model_5497_af3_woTemplates_af3_seed_904996_sample_2_pred_217.cif,Model_5497_af3_woTemplates_af3_seed_904996_sample_2_pred_217.cif,5497,AF3,af3_woTemplates,904996,2,217,woTemplates,,False,casp17/massivefold_external_pool_intake/r2353/extracted_models/R2353_all_cifs/Model_5497_af3_woTemplates_af3_seed_904996_sample_2_pred_217.cif,awaiting_extract,"MassiveFold model pool index only. It parses organizer-provided external model tarball listings and stages balanced extraction/rerank candidates. These models remain external rerank and accuracy-estimation inputs, not internal predictions, not CASP submissions, and not competitive-proof evidence."
6,R2353,R2353,1569,./R2353_all_cifs/Model_5336_af3_woTemplates_af3_seed_141671_sample_3_pred_708.cif,Model_5336_af3_woTemplates_af3_seed_141671_sample_3_pred_708.cif,5336,AF3,af3_woTemplates,141671,3,708,woTemplates,,False,casp17/massivefold_external_pool_intake/r2353/extracted_models/R2353_all_cifs/Model_5336_af3_woTemplates_af3_seed_141671_sample_3_pred_708.cif,awaiting_extract,"MassiveFold model pool index only. It parses organizer-provided external model tarball listings and stages balanced extraction/rerank candidates. These models remain external rerank and accuracy-estimation inputs, not internal predictions, not CASP submissions, and not competitive-proof evidence."
6,R2353,R2353,1570,./R2353_all_cifs/Model_1831_af3_woTemplates_af3_seed_5679_sample_1_pred_381.cif,Model_1831_af3_woTemplates_af3_seed_5679_sample_1_pred_381.cif,1831,AF3,af3_woTemplates,5679,1,381,woTemplates,,False,casp17/massivefold_external_pool_intake/r2353/extracted_models/R2353_all_cifs/Model_1831_af3_woTemplates_af3_seed_5679_sample_1_pred_381.cif,awaiting_extract,"MassiveFold model pool index only. It parses organizer-provided external model tarball listings and stages balanced extraction/rerank candidates. These models remain external rerank and accuracy-estimation inputs, not internal predictions, not CASP submissions, and not competitive-proof evidence."
6,R2353,R2353,1577,./R2353_all_cifs/Model_6936_af3_woTemplates_af3_seed_285281_sample_1_pred_356.cif,Model_6936_af3_woTemplates_af3_seed_285281_sample_1_pred_356.cif,6936,AF3,af3_woTemplates,285281,1,356,woTemplates,,False,casp17/massivefold_external_pool_intake/r2353/extracted_models/R2353_all_cifs/Model_6936_af3_woTemplates_af3_seed_285281_sample_1_pred_356.cif,awaiting_extract,"MassiveFold model pool index only. It parses organizer-provided external model tarball listings and stages balanced extraction/rerank candidates. These models remain external rerank and accuracy-estimation inputs, not internal predictions, not CASP submissions, and not competitive-proof evidence."
6,R2353,R2353,1582,./R2353_all_cifs/Model_7646_af3_woTemplates_af3_seed_73761_sample_0_pred_990.cif,Model_7646_af3_woTemplates_af3_seed_73761_sample_0_pred_990.cif,7646,AF3,af3_woTemplates,73761,0,990,woTemplates,,False,casp17/massivefold_external_pool_intake/r2353/extracted_models/R2353_all_cifs/Model_7646_af3_woTemplates_af3_seed_73761_sample_0_pred_990.cif,awaiting_extract,"MassiveFold model pool index only. It parses organizer-provided external model tarball listings and stages balanced extraction/rerank candidates. These models remain external rerank and accuracy-estimation inputs, not internal predictions, not CASP submissions, and not competitive-proof evidence."
6,R2353,R2353,1594,./R2353_all_cifs/Model_3525_af3_woTemplates_af3_seed_218342_sample_2_pred_872.cif,Model_3525_af3_woTemplates_af3_seed_218342_sample_2_pred_872.cif,3525,AF3,af3_woTemplates,218342,2,872,woTemplates,,False,casp17/massivefold_external_pool_intake/r2353/extracted_models/R2353_all_cifs/Model_3525_af3_woTemplates_af3_seed_218342_sample_2_pred_872.cif,awaiting_extract,"MassiveFold model pool index only. It parses organizer-provided external model tarball listings and stages balanced extraction/rerank candidates. These models remain external rerank and accuracy-estimation inputs, not internal predictions, not CASP submissions, and not competitive-proof evidence."
6,R2353,R2353,1596,./R2353_all_cifs/Model_5779_af3_woTemplates_af3_seed_218332_sample_0_pred_820.cif,Model_5779_af3_woTemplates_af3_seed_218332_sample_0_pred_820.cif,5779,AF3,af3_woTemplates,218332,0,820,woTemplates,,False,casp17/massivefold_external_pool_intake/r2353/extracted_models/R2353_all_cifs/Model_5779_af3_woTemplates_af3_seed_218332_sample_0_pred_820.cif,awaiting_extract,"MassiveFold model pool index only. It parses organizer-provided external model tarball listings and stages balanced extraction/rerank candidates. These models remain external rerank and accuracy-estimation inputs, not internal predictions, not CASP submissions, and not competitive-proof evidence."
6,R2353,R2353,1602,./R2353_all_cifs/Model_1802_af3_woTemplates_af3_seed_904993_sample_0_pred_200.cif,Model_1802_af3_woTemplates_af3_seed_904993_sample_0_pred_200.cif,1802,AF3,af3_woTemplates,904993,0,200,woTemplates,,False,casp17/massivefold_external_pool_intake/r2353/extracted_models/R2353_all_cifs/Model_1802_af3_woTemplates_af3_seed_904993_sample_0_pred_200.cif,awaiting_extract,"MassiveFold model pool index only. It parses organizer-provided external model tarball listings and stages balanced extraction/rerank candidates. These models remain external rerank and accuracy-estimation inputs, not internal predictions, not CASP submissions, and not competitive-proof evidence."
6,R2353,R2353,1608,./R2353_all_cifs/Model_3003_af3_woTemplates_af3_seed_372160_sample_3_pred_608.cif,Model_3003_af3_woTemplates_af3_seed_372160_sample_3_pred_608.cif,3003,AF3,af3_woTemplates,372160,3,608,woTemplates,,False,casp17/massivefold_external_pool_intake/r2353/extracted_models/R2353_all_cifs/Model_3003_af3_woTemplates_af3_seed_372160_sample_3_pred_608.cif,awaiting_extract,"MassiveFold model pool index only. It parses organizer-provided external model tarball listings and stages balanced extraction/rerank candidates. These models remain external rerank and accuracy-estimation inputs, not internal predictions, not CASP submissions, and not competitive-proof evidence."
6,R2353,R2353,1614,./R2353_all_cifs/Model_7030_af3_woTemplates_af3_seed_285284_sample_2_pred_372.cif,Model_7030_af3_woTemplates_af3_seed_285284_sample_2_pred_372.cif,7030,AF3,af3_woTemplates,285284,2,372,woTemplates,,False,casp17/massivefold_external_pool_intake/r2353/extracted_models/R2353_all_cifs/Model_7030_af3_woTemplates_af3_seed_285284_sample_2_pred_372.cif,awaiting_extract,"MassiveFold model pool index only. It parses organizer-provided external model tarball listings and stages balanced extraction/rerank candidates. These models remain external rerank and accuracy-estimation inputs, not internal predictions, not CASP submissions, and not competitive-proof evidence."
6,R2353,R2353,1621,./R2353_all_cifs/Model_7826_af3_woTemplates_af3_seed_359505_sample_3_pred_88.cif,Model_7826_af3_woTemplates_af3_seed_359505_sample_3_pred_88.cif,7826,AF3,af3_woTemplates,359505,3,88,woTemplates,,False,casp17/massivefold_external_pool_intake/r2353/extracted_models/R2353_all_cifs/Model_7826_af3_woTemplates_af3_seed_359505_sample_3_pred_88.cif,awaiting_extract,"MassiveFold model pool index only. It parses organizer-provided external model tarball listings and stages balanced extraction/rerank candidates. These models remain external rerank and accuracy-estimation inputs, not internal predictions, not CASP submissions, and not competitive-proof evidence."
6,R2353,R2353,1622,./R2353_all_cifs/Model_6870_af3_woTemplates_af3_seed_359512_sample_1_pred_121.cif,Model_6870_af3_woTemplates_af3_seed_359512_sample_1_pred_121.cif,6870,AF3,af3_woTemplates,359512,1,121,woTemplates,,False,casp17/massivefold_external_pool_intake/r2353/extracted_models/R2353_all_cifs/Model_6870_af3_woTemplates_af3_seed_359512_sample_1_pred_121.cif,awaiting_extract,"MassiveFold model pool index only. It parses organizer-provided external model tarball listings and stages balanced extraction/rerank candidates. These models remain external rerank and accuracy-estimation inputs, not internal predictions, not CASP submissions, and not competitive-proof evidence."
6,R2353,R2353,1630,./R2353_all_cifs/Model_3865_af3_woTemplates_af3_seed_372151_sample_0_pred_560.cif,Model_3865_af3_woTemplates_af3_seed_372151_sample_0_pred_560.cif,3865,AF3,af3_woTemplates,372151,0,560,woTemplates,,False,casp17/massivefold_external_pool_intake/r2353/extracted_models/R2353_all_cifs/Model_3865_af3_woTemplates_af3_seed_372151_sample_0_pred_560.cif,awaiting_extract,"MassiveFold model pool index only. It parses organizer-provided external model tarball listings and stages balanced extraction/rerank candidates. These models remain external rerank and accuracy-estimation inputs, not internal predictions, not CASP submissions, and not competitive-proof evidence."
6,R2353,R2353,1633,./R2353_all_cifs/Model_3406_af3_woTemplates_af3_seed_141663_sample_3_pred_668.cif,Model_3406_af3_woTemplates_af3_seed_141663_sample_3_pred_668.cif,3406,AF3,af3_woTemplates,141663,3,668,woTemplates,,False,casp17/massivefold_external_pool_intake/r2353/extracted_models/R2353_all_cifs/Model_3406_af3_woTemplates_af3_seed_141663_sample_3_pred_668.cif,awaiting_extract,"MassiveFold model pool index only. It parses organizer-provided external model tarball listings and stages balanced extraction/rerank candidates. These models remain external rerank and accuracy-estimation inputs, not internal predictions, not CASP submissions, and not competitive-proof evidence."
6,R2353,R2353,1639,./R2353_all_cifs/Model_1869_af3_woTemplates_af3_seed_218325_sample_1_pred_786.cif,Model_1869_af3_woTemplates_af3_seed_218325_sample_1_pred_786.cif,1869,AF3,af3_woTemplates,218325,1,786,woTemplates,,False,casp17/massivefold_external_pool_intake/r2353/extracted_models/R2353_all_cifs/Model_1869_af3_woTemplates_af3_seed_218325_sample_1_pred_786.cif,awaiting_extract,"MassiveFold model pool index only. It parses organizer-provided external model tarball listings and stages balanced extraction/rerank candidates. These models remain external rerank and accuracy-estimation inputs, not internal predictions, not CASP submissions, and not competitive-proof evidence."
6,R2353,R2353,1675,./R2353_all_cifs/Model_5623_af3_woTemplates_af3_seed_73749_sample_2_pred_932.cif,Model_5623_af3_woTemplates_af3_seed_73749_sample_2_pred_932.cif,5623,AF3,af3_woTemplates,73749,2,932,woTemplates,,False,casp17/massivefold_external_pool_intake/r2353/extracted_models/R2353_all_cifs/Model_5623_af3_woTemplates_af3_seed_73749_sample_2_pred_932.cif,awaiting_extract,"MassiveFold model pool index only. It parses organizer-provided external model tarball listings and stages balanced extraction/rerank candidates. These models remain external rerank and accuracy-estimation inputs, not internal predictions, not CASP submissions, and not competitive-proof evidence."
6,R2353,R2353,1701,./R2353_all_cifs/Model_3595_af3_woTemplates_af3_seed_372159_sample_4_pred_604.cif,Model_3595_af3_woTemplates_af3_seed_372159_sample_4_pred_604.cif,3595,AF3,af3_woTemplates,372159,4,604,woTemplates,,False,casp17/massivefold_external_pool_intake/r2353/extracted_models/R2353_all_cifs/Model_3595_af3_woTemplates_af3_seed_372159_sample_4_pred_604.cif,awaiting_extract,"MassiveFold model pool index only. It parses organizer-provided external model tarball listings and stages balanced extraction/rerank candidates. These models remain external rerank and accuracy-estimation inputs, not internal predictions, not CASP submissions, and not competitive-proof evidence."
6,R2353,R2353,1704,./R2353_all_cifs/Model_2368_af3_woTemplates_af3_seed_285283_sample_2_pred_367.cif,Model_2368_af3_woTemplates_af3_seed_285283_sample_2_pred_367.cif,2368,AF3,af3_woTemplates,285283,2,367,woTemplates,,False,casp17/massivefold_external_pool_intake/r2353/extracted_models/R2353_all_cifs/Model_2368_af3_woTemplates_af3_seed_285283_sample_2_pred_367.cif,awaiting_extract,"MassiveFold model pool index only. It parses organizer-provided external model tarball listings and stages balanced extraction/rerank candidates. These models remain external rerank and accuracy-estimation inputs, not internal predictions, not CASP submissions, and not competitive-proof evidence."
6,R2353,R2353,1707,./R2353_all_cifs/Model_4504_af3_woTemplates_af3_seed_218339_sample_4_pred_859.cif,Model_4504_af3_woTemplates_af3_seed_218339_sample_4_pred_859.cif,4504,AF3,af3_woTemplates,218339,4,859,woTemplates,,False,casp17/massivefold_external_pool_intake/r2353/extracted_models/R2353_all_cifs/Model_4504_af3_woTemplates_af3_seed_218339_sample_4_pred_859.cif,awaiting_extract,"MassiveFold model pool index only. It parses organizer-provided external model tarball listings and stages balanced extraction/rerank candidates. These models remain external rerank and accuracy-estimation inputs, not internal predictions, not CASP submissions, and not competitive-proof evidence."
6,R2353,R2353,1721,./R2353_all_cifs/Model_4917_af3_woTemplates_af3_seed_285267_sample_2_pred_287.cif,Model_4917_af3_woTemplates_af3_seed_285267_sample_2_pred_287.cif,4917,AF3,af3_woTemplates,285267,2,287,woTemplates,,False,casp17/massivefold_external_pool_intake/r2353/extracted_models/R2353_all_cifs/Model_4917_af3_woTemplates_af3_seed_285267_sample_2_pred_287.cif,awaiting_extract,"MassiveFold model pool index only. It parses organizer-provided external model tarball listings and stages balanced extraction/rerank candidates. These models remain external rerank and accuracy-estimation inputs, not internal predictions, not CASP submissions, and not competitive-proof evidence."
6,R2353,R2353,1722,./R2353_all_cifs/Model_4699_af3_woTemplates_af3_seed_372158_sample_4_pred_599.cif,Model_4699_af3_woTemplates_af3_seed_372158_sample_4_pred_599.cif,4699,AF3,af3_woTemplates,372158,4,599,woTemplates,,False,casp17/massivefold_external_pool_intake/r2353/extracted_models/R2353_all_cifs/Model_4699_af3_woTemplates_af3_seed_372158_sample_4_pred_599.cif,awaiting_extract,"MassiveFold model pool index only. It parses organizer-provided external model tarball listings and stages balanced extraction/rerank candidates. These models remain external rerank and accuracy-estimation inputs, not internal predictions, not CASP submissions, and not competitive-proof evidence."
6,R2353,R2353,1738,./R2353_all_cifs/Model_7711_af3_woTemplates_af3_seed_73740_sample_1_pred_886.cif,Model_7711_af3_woTemplates_af3_seed_73740_sample_1_pred_886.cif,7711,AF3,af3_woTemplates,73740,1,886,woTemplates,,False,casp17/massivefold_external_pool_intake/r2353/extracted_models/R2353_all_cifs/Model_7711_af3_woTemplates_af3_seed_73740_sample_1_pred_886.cif,awaiting_extract,"MassiveFold model pool index only. It parses organizer-provided external model tarball listings and stages balanced extraction/rerank candidates. These models remain external rerank and accuracy-estimation inputs, not internal predictions, not CASP submissions, and not competitive-proof evidence."
6,R2353,R2353,1757,./R2353_all_cifs/Model_20_af3_woTemplates_af3_seed_285262_sample_4_pred_264.cif,Model_20_af3_woTemplates_af3_seed_285262_sample_4_pred_264.cif,20,AF3,af3_woTemplates,285262,4,264,woTemplates,3,True,casp17/massivefold_external_pool_intake/r2353/extracted_models/R2353_all_cifs/Model_20_af3_woTemplates_af3_seed_285262_sample_4_pred_264.cif,extracted,"MassiveFold model pool index only. It parses organizer-provided external model tarball listings and stages balanced extraction/rerank candidates. These models remain external rerank and accuracy-estimation inputs, not internal predictions, not CASP submissions, and not competitive-proof evidence."
6,R2353,R2353,1758,./R2353_all_cifs/Model_5519_af3_woTemplates_af3_seed_218320_sample_1_pred_761.cif,Model_5519_af3_woTemplates_af3_seed_218320_sample_1_pred_761.cif,5519,AF3,af3_woTemplates,218320,1,761,woTemplates,,False,casp17/massivefold_external_pool_intake/r2353/extracted_models/R2353_all_cifs/Model_5519_af3_woTemplates_af3_seed_218320_sample_1_pred_761.cif,awaiting_extract,"MassiveFold model pool index only. It parses organizer-provided external model tarball listings and stages balanced extraction/rerank candidates. These models remain external rerank and accuracy-estimation inputs, not internal predictions, not CASP submissions, and not competitive-proof evidence."
6,R2353,R2353,1765,./R2353_all_cifs/Model_4662_af3_woTemplates_af3_seed_218329_sample_4_pred_809.cif,Model_4662_af3_woTemplates_af3_seed_218329_sample_4_pred_809.cif,4662,AF3,af3_woTemplates,218329,4,809,woTemplates,,False,casp17/massivefold_external_pool_intake/r2353/extracted_models/R2353_all_cifs/Model_4662_af3_woTemplates_af3_seed_218329_sample_4_pred_809.cif,awaiting_extract,"MassiveFold model pool index only. It parses organizer-provided external model tarball listings and stages balanced extraction/rerank candidates. These models remain external rerank and accuracy-estimation inputs, not internal predictions, not CASP submissions, and not competitive-proof evidence."
6,R2353,R2353,1773,./R2353_all_cifs/Model_7948_af3_woTemplates_af3_seed_359498_sample_3_pred_53.cif,Model_7948_af3_woTemplates_af3_seed_359498_sample_3_pred_53.cif,7948,AF3,af3_woTemplates,359498,3,53,woTemplates,,False,casp17/massivefold_external_pool_intake/r2353/extracted_models/R2353_all_cifs/Model_7948_af3_woTemplates_af3_seed_359498_sample_3_pred_53.cif,awaiting_extract,"MassiveFold model pool index only. It parses organizer-provided external model tarball listings and stages balanced extraction/rerank candidates. These models remain external rerank and accuracy-estimation inputs, not internal predictions, not CASP submissions, and not competitive-proof evidence."
6,R2353,R2353,1778,./R2353_all_cifs/Model_6482_af3_woTemplates_af3_seed_372141_sample_3_pred_513.cif,Model_6482_af3_woTemplates_af3_seed_372141_sample_3_pred_513.cif,6482,AF3,af3_woTemplates,372141,3,513,woTemplates,,False,casp17/massivefold_external_pool_intake/r2353/extracted_models/R2353_all_cifs/Model_6482_af3_woTemplates_af3_seed_372141_sample_3_pred_513.cif,awaiting_extract,"MassiveFold model pool index only. It parses organizer-provided external model tarball listings and stages balanced extraction/rerank candidates. These models remain external rerank and accuracy-estimation inputs, not internal predictions, not CASP submissions, and not competitive-proof evidence."
6,R2353,R2353,1791,./R2353_all_cifs/Model_3845_af3_woTemplates_af3_seed_73754_sample_2_pred_957.cif,Model_3845_af3_woTemplates_af3_seed_73754_sample_2_pred_957.cif,3845,AF3,af3_woTemplates,73754,2,957,woTemplates,,False,casp17/massivefold_external_pool_intake/r2353/extracted_models/R2353_all_cifs/Model_3845_af3_woTemplates_af3_seed_73754_sample_2_pred_957.cif,awaiting_extract,"MassiveFold model pool index only. It parses organizer-provided external model tarball listings and stages balanced extraction/rerank candidates. These models remain external rerank and accuracy-estimation inputs, not internal predictions, not CASP submissions, and not competitive-proof evidence."
6,R2353,R2353,1820,./R2353_all_cifs/Model_4041_af3_woTemplates_af3_seed_359508_sample_3_pred_103.cif,Model_4041_af3_woTemplates_af3_seed_359508_sample_3_pred_103.cif,4041,AF3,af3_woTemplates,359508,3,103,woTemplates,,False,casp17/massivefold_external_pool_intake/r2353/extracted_models/R2353_all_cifs/Model_4041_af3_woTemplates_af3_seed_359508_sample_3_pred_103.cif,awaiting_extract,"MassiveFold model pool index only. It parses organizer-provided external model tarball listings and stages balanced extraction/rerank candidates. These models remain external rerank and accuracy-estimation inputs, not internal predictions, not CASP submissions, and not competitive-proof evidence."
6,R2353,R2353,1821,./R2353_all_cifs/Model_87_af3_woTemplates_af3_seed_5689_sample_0_pred_430.cif,Model_87_af3_woTemplates_af3_seed_5689_sample_0_pred_430.cif,87,AF3,af3_woTemplates,5689,0,430,woTemplates,,False,casp17/massivefold_external_pool_intake/r2353/extracted_models/R2353_all_cifs/Model_87_af3_woTemplates_af3_seed_5689_sample_0_pred_430.cif,awaiting_extract,"MassiveFold model pool index only. It parses organizer-provided external model tarball listings and stages balanced extraction/rerank candidates. These models remain external rerank and accuracy-estimation inputs, not internal predictions, not CASP submissions, and not competitive-proof evidence."
6,R2353,R2353,1826,./R2353_all_cifs/Model_4095_af3_woTemplates_af3_seed_5699_sample_4_pred_484.cif,Model_4095_af3_woTemplates_af3_seed_5699_sample_4_pred_484.cif,4095,AF3,af3_woTemplates,5699,4,484,woTemplates,,False,casp17/massivefold_external_pool_intake/r2353/extracted_models/R2353_all_cifs/Model_4095_af3_woTemplates_af3_seed_5699_sample_4_pred_484.cif,awaiting_extract,"MassiveFold model pool index only. It parses organizer-provided external model tarball listings and stages balanced extraction/rerank candidates. These models remain external rerank and accuracy-estimation inputs, not internal predictions, not CASP submissions, and not competitive-proof evidence."
6,R2353,R2353,1838,./R2353_all_cifs/Model_4263_af3_woTemplates_af3_seed_904987_sample_3_pred_173.cif,Model_4263_af3_woTemplates_af3_seed_904987_sample_3_pred_173.cif,4263,AF3,af3_woTemplates,904987,3,173,woTemplates,,False,casp17/massivefold_external_pool_intake/r2353/extracted_models/R2353_all_cifs/Model_4263_af3_woTemplates_af3_seed_904987_sample_3_pred_173.cif,awaiting_extract,"MassiveFold model pool index only. It parses organizer-provided external model tarball listings and stages balanced extraction/rerank candidates. These models remain external rerank and accuracy-estimation inputs, not internal predictions, not CASP submissions, and not competitive-proof evidence."
6,R2353,R2353,1858,./R2353_all_cifs/Model_8036_af3_woTemplates_af3_seed_218331_sample_3_pred_818.cif,Model_8036_af3_woTemplates_af3_seed_218331_sample_3_pred_818.cif,8036,AF3,af3_woTemplates,218331,3,818,woTemplates,,False,casp17/massivefold_external_pool_intake/r2353/extracted_models/R2353_all_cifs/Model_8036_af3_woTemplates_af3_seed_218331_sample_3_pred_818.cif,awaiting_extract,"MassiveFold model pool index only. It parses organizer-provided external model tarball listings and stages balanced extraction/rerank candidates. These models remain external rerank and accuracy-estimation inputs, not internal predictions, not CASP submissions, and not competitive-proof evidence."
6,R2353,R2353,1860,./R2353_all_cifs/Model_5617_af3_woTemplates_af3_seed_359495_sample_4_pred_39.cif,Model_5617_af3_woTemplates_af3_seed_359495_sample_4_pred_39.cif,5617,AF3,af3_woTemplates,359495,4,39,woTemplates,,False,casp17/massivefold_external_pool_intake/r2353/extracted_models/R2353_all_cifs/Model_5617_af3_woTemplates_af3_seed_359495_sample_4_pred_39.cif,awaiting_extract,"MassiveFold model pool index only. It parses organizer-provided external model tarball listings and stages balanced extraction/rerank candidates. These models remain external rerank and accuracy-estimation inputs, not internal predictions, not CASP submissions, and not competitive-proof evidence."
6,R2353,R2353,1906,./R2353_all_cifs/Model_4933_af3_woTemplates_af3_seed_372163_sample_0_pred_620.cif,Model_4933_af3_woTemplates_af3_seed_372163_sample_0_pred_620.cif,4933,AF3,af3_woTemplates,372163,0,620,woTemplates,,False,casp17/massivefold_external_pool_intake/r2353/extracted_models/R2353_all_cifs/Model_4933_af3_woTemplates_af3_seed_372163_sample_0_pred_620.cif,awaiting_extract,"MassiveFold model pool index only. It parses organizer-provided external model tarball listings and stages balanced extraction/rerank candidates. These models remain external rerank and accuracy-estimation inputs, not internal predictions, not CASP submissions, and not competitive-proof evidence."
6,R2353,R2353,1915,./R2353_all_cifs/Model_1580_af3_woTemplates_af3_seed_218338_sample_2_pred_852.cif,Model_1580_af3_woTemplates_af3_seed_218338_sample_2_pred_852.cif,1580,AF3,af3_woTemplates,218338,2,852,woTemplates,,False,casp17/massivefold_external_pool_intake/r2353/extracted_models/R2353_all_cifs/Model_1580_af3_woTemplates_af3_seed_218338_sample_2_pred_852.cif,awaiting_extract,"MassiveFold model pool index only. It parses organizer-provided external model tarball listings and stages balanced extraction/rerank candidates. These models remain external rerank and accuracy-estimation inputs, not internal predictions, not CASP submissions, and not competitive-proof evidence."
6,R2353,R2353,1929,./R2353_all_cifs/Model_3670_af3_woTemplates_af3_seed_218323_sample_1_pred_776.cif,Model_3670_af3_woTemplates_af3_seed_218323_sample_1_pred_776.cif,3670,AF3,af3_woTemplates,218323,1,776,woTemplates,,False,casp17/massivefold_external_pool_intake/r2353/extracted_models/R2353_all_cifs/Model_3670_af3_woTemplates_af3_seed_218323_sample_1_pred_776.cif,awaiting_extract,"MassiveFold model pool index only. It parses organizer-provided external model tarball listings and stages balanced extraction/rerank candidates. These models remain external rerank and accuracy-estimation inputs, not internal predictions, not CASP submissions, and not competitive-proof evidence."
6,R2353,R2353,1931,./R2353_all_cifs/Model_781_af3_woTemplates_af3_seed_218328_sample_2_pred_802.cif,Model_781_af3_woTemplates_af3_seed_218328_sample_2_pred_802.cif,781,AF3,af3_woTemplates,218328,2,802,woTemplates,,False,casp17/massivefold_external_pool_intake/r2353/extracted_models/R2353_all_cifs/Model_781_af3_woTemplates_af3_seed_218328_sample_2_pred_802.cif,awaiting_extract,"MassiveFold model pool index only. It parses organizer-provided external model tarball listings and stages balanced extraction/rerank candidates. These models remain external rerank and accuracy-estimation inputs, not internal predictions, not CASP submissions, and not competitive-proof evidence."
6,R2353,R2353,1943,./R2353_all_cifs/Model_1419_af3_woTemplates_af3_seed_359496_sample_3_pred_43.cif,Model_1419_af3_woTemplates_af3_seed_359496_sample_3_pred_43.cif,1419,AF3,af3_woTemplates,359496,3,43,woTemplates,,False,casp17/massivefold_external_pool_intake/r2353/extracted_models/R2353_all_cifs/Model_1419_af3_woTemplates_af3_seed_359496_sample_3_pred_43.cif,awaiting_extract,"MassiveFold model pool index only. It parses organizer-provided external model tarball listings and stages balanced extraction/rerank candidates. These models remain external rerank and accuracy-estimation inputs, not internal predictions, not CASP submissions, and not competitive-proof evidence."
6,R2353,R2353,1960,./R2353_all_cifs/Model_4831_af3_woTemplates_af3_seed_904987_sample_0_pred_170.cif,Model_4831_af3_woTemplates_af3_seed_904987_sample_0_pred_170.cif,4831,AF3,af3_woTemplates,904987,0,170,woTemplates,,False,casp17/massivefold_external_pool_intake/r2353/extracted_models/R2353_all_cifs/Model_4831_af3_woTemplates_af3_seed_904987_sample_0_pred_170.cif,awaiting_extract,"MassiveFold model pool index only. It parses organizer-provided external model tarball listings and stages balanced extraction/rerank candidates. These models remain external rerank and accuracy-estimation inputs, not internal predictions, not CASP submissions, and not competitive-proof evidence."
6,R2353,R2353,1971,./R2353_all_cifs/Model_1534_af3_woTemplates_af3_seed_372139_sample_0_pred_500.cif,Model_1534_af3_woTemplates_af3_seed_372139_sample_0_pred_500.cif,1534,AF3,af3_woTemplates,372139,0,500,woTemplates,,False,casp17/massivefold_external_pool_intake/r2353/extracted_models/R2353_all_cifs/Model_1534_af3_woTemplates_af3_seed_372139_sample_0_pred_500.cif,awaiting_extract,"MassiveFold model pool index only. It parses organizer-provided external model tarball listings and stages balanced extraction/rerank candidates. These models remain external rerank and accuracy-estimation inputs, not internal predictions, not CASP submissions, and not competitive-proof evidence."
6,R2353,R2353,1985,./R2353_all_cifs/Model_3713_af3_woTemplates_af3_seed_359509_sample_4_pred_109.cif,Model_3713_af3_woTemplates_af3_seed_359509_sample_4_pred_109.cif,3713,AF3,af3_woTemplates,359509,4,109,woTemplates,,False,casp17/massivefold_external_pool_intake/r2353/extracted_models/R2353_all_cifs/Model_3713_af3_woTemplates_af3_seed_359509_sample_4_pred_109.cif,awaiting_extract,"MassiveFold model pool index only. It parses organizer-provided external model tarball listings and stages balanced extraction/rerank candidates. These models remain external rerank and accuracy-estimation inputs, not internal predictions, not CASP submissions, and not competitive-proof evidence."
6,R2353,R2353,1996,./R2353_all_cifs/Model_1230_af3_woTemplates_af3_seed_218333_sample_4_pred_829.cif,Model_1230_af3_woTemplates_af3_seed_218333_sample_4_pred_829.cif,1230,AF3,af3_woTemplates,218333,4,829,woTemplates,,False,casp17/massivefold_external_pool_intake/r2353/extracted_models/R2353_all_cifs/Model_1230_af3_woTemplates_af3_seed_218333_sample_4_pred_829.cif,awaiting_extract,"MassiveFold model pool index only. It parses organizer-provided external model tarball listings and stages balanced extraction/rerank candidates. These models remain external rerank and accuracy-estimation inputs, not internal predictions, not CASP submissions, and not competitive-proof evidence."
6,R2353,R2353,1999,./R2353_all_cifs/Model_370_af3_woTemplates_af3_seed_73753_sample_0_pred_950.cif,Model_370_af3_woTemplates_af3_seed_73753_sample_0_pred_950.cif,370,AF3,af3_woTemplates,73753,0,950,woTemplates,,False,casp17/massivefold_external_pool_intake/r2353/extracted_models/R2353_all_cifs/Model_370_af3_woTemplates_af3_seed_73753_sample_0_pred_950.cif,awaiting_extract,"MassiveFold model pool index only. It parses organizer-provided external model tarball listings and stages balanced extraction/rerank candidates. These models remain external rerank and accuracy-estimation inputs, not internal predictions, not CASP submissions, and not competitive-proof evidence."
6,R2353,R2353,2004,./R2353_all_cifs/Model_1632_af3_woTemplates_af3_seed_73746_sample_4_pred_919.cif,Model_1632_af3_woTemplates_af3_seed_73746_sample_4_pred_919.cif,1632,AF3,af3_woTemplates,73746,4,919,woTemplates,,False,casp17/massivefold_external_pool_intake/r2353/extracted_models/R2353_all_cifs/Model_1632_af3_woTemplates_af3_seed_73746_sample_4_pred_919.cif,awaiting_extract,"MassiveFold model pool index only. It parses organizer-provided external model tarball listings and stages balanced extraction/rerank candidates. These models remain external rerank and accuracy-estimation inputs, not internal predictions, not CASP submissions, and not competitive-proof evidence."
6,R2353,R2353,2017,./R2353_all_cifs/Model_2992_af3_woTemplates_af3_seed_359512_sample_2_pred_122.cif,Model_2992_af3_woTemplates_af3_seed_359512_sample_2_pred_122.cif,2992,AF3,af3_woTemplates,359512,2,122,woTemplates,,False,casp17/massivefold_external_pool_intake/r2353/extracted_models/R2353_all_cifs/Model_2992_af3_woTemplates_af3_seed_359512_sample_2_pred_122.cif,awaiting_extract,"MassiveFold model pool index only. It parses organizer-provided external model tarball listings and stages balanced extraction/rerank candidates. These models remain external rerank and accuracy-estimation inputs, not internal predictions, not CASP submissions, and not competitive-proof evidence."
6,R2353,R2353,2021,./R2353_all_cifs/Model_2843_af3_woTemplates_af3_seed_141661_sample_2_pred_657.cif,Model_2843_af3_woTemplates_af3_seed_141661_sample_2_pred_657.cif,2843,AF3,af3_woTemplates,141661,2,657,woTemplates,,False,casp17/massivefold_external_pool_intake/r2353/extracted_models/R2353_all_cifs/Model_2843_af3_woTemplates_af3_seed_141661_sample_2_pred_657.cif,awaiting_extract,"MassiveFold model pool index only. It parses organizer-provided external model tarball listings and stages balanced extraction/rerank candidates. These models remain external rerank and accuracy-estimation inputs, not internal predictions, not CASP submissions, and not competitive-proof evidence."
6,R2353,R2353,2027,./R2353_all_cifs/Model_2947_af3_woTemplates_af3_seed_359494_sample_2_pred_32.cif,Model_2947_af3_woTemplates_af3_seed_359494_sample_2_pred_32.cif,2947,AF3,af3_woTemplates,359494,2,32,woTemplates,,False,casp17/massivefold_external_pool_intake/r2353/extracted_models/R2353_all_cifs/Model_2947_af3_woTemplates_af3_seed_359494_sample_2_pred_32.cif,awaiting_extract,"MassiveFold model pool index only. It parses organizer-provided external model tarball listings and stages balanced extraction/rerank candidates. These models remain external rerank and accuracy-estimation inputs, not internal predictions, not CASP submissions, and not competitive-proof evidence."
6,R2353,R2353,2032,./R2353_all_cifs/Model_3552_af3_woTemplates_af3_seed_5688_sample_4_pred_429.cif,Model_3552_af3_woTemplates_af3_seed_5688_sample_4_pred_429.cif,3552,AF3,af3_woTemplates,5688,4,429,woTemplates,,False,casp17/massivefold_external_pool_intake/r2353/extracted_models/R2353_all_cifs/Model_3552_af3_woTemplates_af3_seed_5688_sample_4_pred_429.cif,awaiting_extract,"MassiveFold model pool index only. It parses organizer-provided external model tarball listings and stages balanced extraction/rerank candidates. These models remain external rerank and accuracy-estimation inputs, not internal predictions, not CASP submissions, and not competitive-proof evidence."
6,R2353,R2353,2037,./R2353_all_cifs/Model_883_af3_woTemplates_af3_seed_372161_sample_0_pred_610.cif,Model_883_af3_woTemplates_af3_seed_372161_sample_0_pred_610.cif,883,AF3,af3_woTemplates,372161,0,610,woTemplates,,False,casp17/massivefold_external_pool_intake/r2353/extracted_models/R2353_all_cifs/Model_883_af3_woTemplates_af3_seed_372161_sample_0_pred_610.cif,awaiting_extract,"MassiveFold model pool index only. It parses organizer-provided external model tarball listings and stages balanced extraction/rerank candidates. These models remain external rerank and accuracy-estimation inputs, not internal predictions, not CASP submissions, and not competitive-proof evidence."
6,R2353,R2353,2041,./R2353_all_cifs/Model_3_af3_woTemplates_af3_seed_359492_sample_0_pred_20.cif,Model_3_af3_woTemplates_af3_seed_359492_sample_0_pred_20.cif,3,AF3,af3_woTemplates,359492,0,20,woTemplates,5,True,casp17/massivefold_external_pool_intake/r2353/extracted_models/R2353_all_cifs/Model_3_af3_woTemplates_af3_seed_359492_sample_0_pred_20.cif,extracted,"MassiveFold model pool index only. It parses organizer-provided external model tarball listings and stages balanced extraction/rerank candidates. These models remain external rerank and accuracy-estimation inputs, not internal predictions, not CASP submissions, and not competitive-proof evidence."
6,R2353,R2353,2044,./R2353_all_cifs/Model_3312_af3_woTemplates_af3_seed_372142_sample_3_pred_518.cif,Model_3312_af3_woTemplates_af3_seed_372142_sample_3_pred_518.cif,3312,AF3,af3_woTemplates,372142,3,518,woTemplates,,False,casp17/massivefold_external_pool_intake/r2353/extracted_models/R2353_all_cifs/Model_3312_af3_woTemplates_af3_seed_372142_sample_3_pred_518.cif,awaiting_extract,"MassiveFold model pool index only. It parses organizer-provided external model tarball listings and stages balanced extraction/rerank candidates. These models remain external rerank and accuracy-estimation inputs, not internal predictions, not CASP submissions, and not competitive-proof evidence."
6,R2353,R2353,2045,./R2353_all_cifs/Model_7969_af3_woTemplates_af3_seed_218326_sample_1_pred_791.cif,Model_7969_af3_woTemplates_af3_seed_218326_sample_1_pred_791.cif,7969,AF3,af3_woTemplates,218326,1,791,woTemplates,,False,casp17/massivefold_external_pool_intake/r2353/extracted_models/R2353_all_cifs/Model_7969_af3_woTemplates_af3_seed_218326_sample_1_pred_791.cif,awaiting_extract,"MassiveFold model pool index only. It parses organizer-provided external model tarball listings and stages balanced extraction/rerank candidates. These models remain external rerank and accuracy-estimation inputs, not internal predictions, not CASP submissions, and not competitive-proof evidence."
6,R2353,R2353,2049,./R2353_all_cifs/Model_1524_af3_woTemplates_af3_seed_372153_sample_3_pred_573.cif,Model_1524_af3_woTemplates_af3_seed_372153_sample_3_pred_573.cif,1524,AF3,af3_woTemplates,372153,3,573,woTemplates,,False,casp17/massivefold_external_pool_intake/r2353/extracted_models/R2353_all_cifs/Model_1524_af3_woTemplates_af3_seed_372153_sample_3_pred_573.cif,awaiting_extract,"MassiveFold model pool index only. It parses organizer-provided external model tarball listings and stages balanced extraction/rerank candidates. These models remain external rerank and accuracy-estimation inputs, not internal predictions, not CASP submissions, and not competitive-proof evidence."
6,R2353,R2353,2073,./R2353_all_cifs/Model_213_af3_woTemplates_af3_seed_372162_sample_1_pred_616.cif,Model_213_af3_woTemplates_af3_seed_372162_sample_1_pred_616.cif,213,AF3,af3_woTemplates,372162,1,616,woTemplates,,False,casp17/massivefold_external_pool_intake/r2353/extracted_models/R2353_all_cifs/Model_213_af3_woTemplates_af3_seed_372162_sample_1_pred_616.cif,awaiting_extract,"MassiveFold model pool index only. It parses organizer-provided external model tarball listings and stages balanced extraction/rerank candidates. These models remain external rerank and accuracy-estimation inputs, not internal predictions, not CASP submissions, and not competitive-proof evidence."
6,R2353,R2353,2074,./R2353_all_cifs/Model_3134_af3_woTemplates_af3_seed_141658_sample_3_pred_643.cif,Model_3134_af3_woTemplates_af3_seed_141658_sample_3_pred_643.cif,3134,AF3,af3_woTemplates,141658,3,643,woTemplates,,False,casp17/massivefold_external_pool_intake/r2353/extracted_models/R2353_all_cifs/Model_3134_af3_woTemplates_af3_seed_141658_sample_3_pred_643.cif,awaiting_extract,"MassiveFold model pool index only. It parses organizer-provided external model tarball listings and stages balanced extraction/rerank candidates. These models remain external rerank and accuracy-estimation inputs, not internal predictions, not CASP submissions, and not competitive-proof evidence."
6,R2353,R2353,2075,./R2353_all_cifs/Model_1797_af3_woTemplates_af3_seed_359495_sample_1_pred_36.cif,Model_1797_af3_woTemplates_af3_seed_359495_sample_1_pred_36.cif,1797,AF3,af3_woTemplates,359495,1,36,woTemplates,,False,casp17/massivefold_external_pool_intake/r2353/extracted_models/R2353_all_cifs/Model_1797_af3_woTemplates_af3_seed_359495_sample_1_pred_36.cif,awaiting_extract,"MassiveFold model pool index only. It parses organizer-provided external model tarball listings and stages balanced extraction/rerank candidates. These models remain external rerank and accuracy-estimation inputs, not internal predictions, not CASP submissions, and not competitive-proof evidence."
6,R2353,R2353,2078,./R2353_all_cifs/Model_6826_af3_woTemplates_af3_seed_359511_sample_2_pred_117.cif,Model_6826_af3_woTemplates_af3_seed_359511_sample_2_pred_117.cif,6826,AF3,af3_woTemplates,359511,2,117,woTemplates,,False,casp17/massivefold_external_pool_intake/r2353/extracted_models/R2353_all_cifs/Model_6826_af3_woTemplates_af3_seed_359511_sample_2_pred_117.cif,awaiting_extract,"MassiveFold model pool index only. It parses organizer-provided external model tarball listings and stages balanced extraction/rerank candidates. These models remain external rerank and accuracy-estimation inputs, not internal predictions, not CASP submissions, and not competitive-proof evidence."
6,R2353,R2353,2082,./R2353_all_cifs/Model_1746_af3_woTemplates_af3_seed_372147_sample_4_pred_544.cif,Model_1746_af3_woTemplates_af3_seed_372147_sample_4_pred_544.cif,1746,AF3,af3_woTemplates,372147,4,544,woTemplates,,False,casp17/massivefold_external_pool_intake/r2353/extracted_models/R2353_all_cifs/Model_1746_af3_woTemplates_af3_seed_372147_sample_4_pred_544.cif,awaiting_extract,"MassiveFold model pool index only. It parses organizer-provided external model tarball listings and stages balanced extraction/rerank candidates. These models remain external rerank and accuracy-estimation inputs, not internal predictions, not CASP submissions, and not competitive-proof evidence."
6,R2353,R2353,2083,./R2353_all_cifs/Model_6749_af3_woTemplates_af3_seed_141655_sample_1_pred_626.cif,Model_6749_af3_woTemplates_af3_seed_141655_sample_1_pred_626.cif,6749,AF3,af3_woTemplates,141655,1,626,woTemplates,,False,casp17/massivefold_external_pool_intake/r2353/extracted_models/R2353_all_cifs/Model_6749_af3_woTemplates_af3_seed_141655_sample_1_pred_626.cif,awaiting_extract,"MassiveFold model pool index only. It parses organizer-provided external model tarball listings and stages balanced extraction/rerank candidates. These models remain external rerank and accuracy-estimation inputs, not internal predictions, not CASP submissions, and not competitive-proof evidence."
6,R2353,R2353,2089,./R2353_all_cifs/Model_1751_af3_woTemplates_af3_seed_359503_sample_2_pred_77.cif,Model_1751_af3_woTemplates_af3_seed_359503_sample_2_pred_77.cif,1751,AF3,af3_woTemplates,359503,2,77,woTemplates,,False,casp17/massivefold_external_pool_intake/r2353/extracted_models/R2353_all_cifs/Model_1751_af3_woTemplates_af3_seed_359503_sample_2_pred_77.cif,awaiting_extract,"MassiveFold model pool index only. It parses organizer-provided external model tarball listings and stages balanced extraction/rerank candidates. These models remain external rerank and accuracy-estimation inputs, not internal predictions, not CASP submissions, and not competitive-proof evidence."
6,R2353,R2353,2093,./R2353_all_cifs/Model_4724_af3_woTemplates_af3_seed_285275_sample_0_pred_325.cif,Model_4724_af3_woTemplates_af3_seed_285275_sample_0_pred_325.cif,4724,AF3,af3_woTemplates,285275,0,325,woTemplates,,False,casp17/massivefold_external_pool_intake/r2353/extracted_models/R2353_all_cifs/Model_4724_af3_woTemplates_af3_seed_285275_sample_0_pred_325.cif,awaiting_extract,"MassiveFold model pool index only. It parses organizer-provided external model tarball listings and stages balanced extraction/rerank candidates. These models remain external rerank and accuracy-estimation inputs, not internal predictions, not CASP submissions, and not competitive-proof evidence."
6,R2353,R2353,2101,./R2353_all_cifs/Model_844_af3_woTemplates_af3_seed_218330_sample_2_pred_812.cif,Model_844_af3_woTemplates_af3_seed_218330_sample_2_pred_812.cif,844,AF3,af3_woTemplates,218330,2,812,woTemplates,,False,casp17/massivefold_external_pool_intake/r2353/extracted_models/R2353_all_cifs/Model_844_af3_woTemplates_af3_seed_218330_sample_2_pred_812.cif,awaiting_extract,"MassiveFold model pool index only. It parses organizer-provided external model tarball listings and stages balanced extraction/rerank candidates. These models remain external rerank and accuracy-estimation inputs, not internal predictions, not CASP submissions, and not competitive-proof evidence."
6,R2353,R2353,2106,./R2353_all_cifs/Model_3787_af3_woTemplates_af3_seed_141655_sample_4_pred_629.cif,Model_3787_af3_woTemplates_af3_seed_141655_sample_4_pred_629.cif,3787,AF3,af3_woTemplates,141655,4,629,woTemplates,,False,casp17/massivefold_external_pool_intake/r2353/extracted_models/R2353_all_cifs/Model_3787_af3_woTemplates_af3_seed_141655_sample_4_pred_629.cif,awaiting_extract,"MassiveFold model pool index only. It parses organizer-provided external model tarball listings and stages balanced extraction/rerank candidates. These models remain external rerank and accuracy-estimation inputs, not internal predictions, not CASP submissions, and not competitive-proof evidence."
6,R2353,R2353,2133,./R2353_all_cifs/Model_1599_af3_woTemplates_af3_seed_904981_sample_4_pred_144.cif,Model_1599_af3_woTemplates_af3_seed_904981_sample_4_pred_144.cif,1599,AF3,af3_woTemplates,904981,4,144,woTemplates,,False,casp17/massivefold_external_pool_intake/r2353/extracted_models/R2353_all_cifs/Model_1599_af3_woTemplates_af3_seed_904981_sample_4_pred_144.cif,awaiting_extract,"MassiveFold model pool index only. It parses organizer-provided external model tarball listings and stages balanced extraction/rerank candidates. These models remain external rerank and accuracy-estimation inputs, not internal predictions, not CASP submissions, and not competitive-proof evidence."
6,R2353,R2353,2136,./R2353_all_cifs/Model_3416_af3_woTemplates_af3_seed_73738_sample_1_pred_876.cif,Model_3416_af3_woTemplates_af3_seed_73738_sample_1_pred_876.cif,3416,AF3,af3_woTemplates,73738,1,876,woTemplates,,False,casp17/massivefold_external_pool_intake/r2353/extracted_models/R2353_all_cifs/Model_3416_af3_woTemplates_af3_seed_73738_sample_1_pred_876.cif,awaiting_extract,"MassiveFold model pool index only. It parses organizer-provided external model tarball listings and stages balanced extraction/rerank candidates. These models remain external rerank and accuracy-estimation inputs, not internal predictions, not CASP submissions, and not competitive-proof evidence."
6,R2353,R2353,2139,./R2353_all_cifs/Model_3016_af3_woTemplates_af3_seed_285278_sample_4_pred_344.cif,Model_3016_af3_woTemplates_af3_seed_285278_sample_4_pred_344.cif,3016,AF3,af3_woTemplates,285278,4,344,woTemplates,,False,casp17/massivefold_external_pool_intake/r2353/extracted_models/R2353_all_cifs/Model_3016_af3_woTemplates_af3_seed_285278_sample_4_pred_344.cif,awaiting_extract,"MassiveFold model pool index only. It parses organizer-provided external model tarball listings and stages balanced extraction/rerank candidates. These models remain external rerank and accuracy-estimation inputs, not internal predictions, not CASP submissions, and not competitive-proof evidence."
6,R2353,R2353,2145,./R2353_all_cifs/Model_3348_af3_woTemplates_af3_seed_359490_sample_1_pred_11.cif,Model_3348_af3_woTemplates_af3_seed_359490_sample_1_pred_11.cif,3348,AF3,af3_woTemplates,359490,1,11,woTemplates,,False,casp17/massivefold_external_pool_intake/r2353/extracted_models/R2353_all_cifs/Model_3348_af3_woTemplates_af3_seed_359490_sample_1_pred_11.cif,awaiting_extract,"MassiveFold model pool index only. It parses organizer-provided external model tarball listings and stages balanced extraction/rerank candidates. These models remain external rerank and accuracy-estimation inputs, not internal predictions, not CASP submissions, and not competitive-proof evidence."
6,R2353,R2353,2146,./R2353_all_cifs/Model_6925_af3_woTemplates_af3_seed_141655_sample_2_pred_627.cif,Model_6925_af3_woTemplates_af3_seed_141655_sample_2_pred_627.cif,6925,AF3,af3_woTemplates,141655,2,627,woTemplates,,False,casp17/massivefold_external_pool_intake/r2353/extracted_models/R2353_all_cifs/Model_6925_af3_woTemplates_af3_seed_141655_sample_2_pred_627.cif,awaiting_extract,"MassiveFold model pool index only. It parses organizer-provided external model tarball listings and stages balanced extraction/rerank candidates. These models remain external rerank and accuracy-estimation inputs, not internal predictions, not CASP submissions, and not competitive-proof evidence."
6,R2353,R2353,2150,./R2353_all_cifs/Model_3736_af3_woTemplates_af3_seed_285262_sample_2_pred_262.cif,Model_3736_af3_woTemplates_af3_seed_285262_sample_2_pred_262.cif,3736,AF3,af3_woTemplates,285262,2,262,woTemplates,,False,casp17/massivefold_external_pool_intake/r2353/extracted_models/R2353_all_cifs/Model_3736_af3_woTemplates_af3_seed_285262_sample_2_pred_262.cif,awaiting_extract,"MassiveFold model pool index only. It parses organizer-provided external model tarball listings and stages balanced extraction/rerank candidates. These models remain external rerank and accuracy-estimation inputs, not internal predictions, not CASP submissions, and not competitive-proof evidence."
6,R2353,R2353,2153,./R2353_all_cifs/Model_7817_af3_woTemplates_af3_seed_73745_sample_4_pred_914.cif,Model_7817_af3_woTemplates_af3_seed_73745_sample_4_pred_914.cif,7817,AF3,af3_woTemplates,73745,4,914,woTemplates,,False,casp17/massivefold_external_pool_intake/r2353/extracted_models/R2353_all_cifs/Model_7817_af3_woTemplates_af3_seed_73745_sample_4_pred_914.cif,awaiting_extract,"MassiveFold model pool index only. It parses organizer-provided external model tarball listings and stages balanced extraction/rerank candidates. These models remain external rerank and accuracy-estimation inputs, not internal predictions, not CASP submissions, and not competitive-proof evidence."
6,R2353,R2353,2169,./R2353_all_cifs/Model_7120_af3_woTemplates_af3_seed_141677_sample_4_pred_739.cif,Model_7120_af3_woTemplates_af3_seed_141677_sample_4_pred_739.cif,7120,AF3,af3_woTemplates,141677,4,739,woTemplates,,False,casp17/massivefold_external_pool_intake/r2353/extracted_models/R2353_all_cifs/Model_7120_af3_woTemplates_af3_seed_141677_sample_4_pred_739.cif,awaiting_extract,"MassiveFold model pool index only. It parses organizer-provided external model tarball listings and stages balanced extraction/rerank candidates. These models remain external rerank and accuracy-estimation inputs, not internal predictions, not CASP submissions, and not competitive-proof evidence."
6,R2353,R2353,2171,./R2353_all_cifs/Model_38_af3_woTemplates_af3_seed_5679_sample_2_pred_382.cif,Model_38_af3_woTemplates_af3_seed_5679_sample_2_pred_382.cif,38,AF3,af3_woTemplates,5679,2,382,woTemplates,6,True,casp17/massivefold_external_pool_intake/r2353/extracted_models/R2353_all_cifs/Model_38_af3_woTemplates_af3_seed_5679_sample_2_pred_382.cif,extracted,"MassiveFold model pool index only. It parses organizer-provided external model tarball listings and stages balanced extraction/rerank candidates. These models remain external rerank and accuracy-estimation inputs, not internal predictions, not CASP submissions, and not competitive-proof evidence."
6,R2353,R2353,2178,./R2353_all_cifs/Model_5879_af3_woTemplates_af3_seed_73759_sample_2_pred_982.cif,Model_5879_af3_woTemplates_af3_seed_73759_sample_2_pred_982.cif,5879,AF3,af3_woTemplates,73759,2,982,woTemplates,,False,casp17/massivefold_external_pool_intake/r2353/extracted_models/R2353_all_cifs/Model_5879_af3_woTemplates_af3_seed_73759_sample_2_pred_982.cif,awaiting_extract,"MassiveFold model pool index only. It parses organizer-provided external model tarball listings and stages balanced extraction/rerank candidates. These models remain external rerank and accuracy-estimation inputs, not internal predictions, not CASP submissions, and not competitive-proof evidence."
6,R2353,R2353,2182,./R2353_all_cifs/Model_5413_af3_woTemplates_af3_seed_285268_sample_3_pred_293.cif,Model_5413_af3_woTemplates_af3_seed_285268_sample_3_pred_293.cif,5413,AF3,af3_woTemplates,285268,3,293,woTemplates,,False,casp17/massivefold_external_pool_intake/r2353/extracted_models/R2353_all_cifs/Model_5413_af3_woTemplates_af3_seed_285268_sample_3_pred_293.cif,awaiting_extract,"MassiveFold model pool index only. It parses organizer-provided external model tarball listings and stages balanced extraction/rerank candidates. These models remain external rerank and accuracy-estimation inputs, not internal predictions, not CASP submissions, and not competitive-proof evidence."
6,R2353,R2353,2183,./R2353_all_cifs/Model_3895_af3_woTemplates_af3_seed_359511_sample_1_pred_116.cif,Model_3895_af3_woTemplates_af3_seed_359511_sample_1_pred_116.cif,3895,AF3,af3_woTemplates,359511,1,116,woTemplates,,False,casp17/massivefold_external_pool_intake/r2353/extracted_models/R2353_all_cifs/Model_3895_af3_woTemplates_af3_seed_359511_sample_1_pred_116.cif,awaiting_extract,"MassiveFold model pool index only. It parses organizer-provided external model tarball listings and stages balanced extraction/rerank candidates. These models remain external rerank and accuracy-estimation inputs, not internal predictions, not CASP submissions, and not competitive-proof evidence."
6,R2353,R2353,2184,./R2353_all_cifs/Model_6298_af3_woTemplates_af3_seed_904999_sample_0_pred_230.cif,Model_6298_af3_woTemplates_af3_seed_904999_sample_0_pred_230.cif,6298,AF3,af3_woTemplates,904999,0,230,woTemplates,,False,casp17/massivefold_external_pool_intake/r2353/extracted_models/R2353_all_cifs/Model_6298_af3_woTemplates_af3_seed_904999_sample_0_pred_230.cif,awaiting_extract,"MassiveFold model pool index only. It parses organizer-provided external model tarball listings and stages balanced extraction/rerank candidates. These models remain external rerank and accuracy-estimation inputs, not internal predictions, not CASP submissions, and not competitive-proof evidence."
6,R2353,R2353,2192,./R2353_all_cifs/Model_2344_af3_woTemplates_af3_seed_73747_sample_2_pred_922.cif,Model_2344_af3_woTemplates_af3_seed_73747_sample_2_pred_922.cif,2344,AF3,af3_woTemplates,73747,2,922,woTemplates,,False,casp17/massivefold_external_pool_intake/r2353/extracted_models/R2353_all_cifs/Model_2344_af3_woTemplates_af3_seed_73747_sample_2_pred_922.cif,awaiting_extract,"MassiveFold model pool index only. It parses organizer-provided external model tarball listings and stages balanced extraction/rerank candidates. These models remain external rerank and accuracy-estimation inputs, not internal predictions, not CASP submissions, and not competitive-proof evidence."
6,R2353,R2353,2215,./R2353_all_cifs/Model_2084_af3_woTemplates_af3_seed_141664_sample_1_pred_671.cif,Model_2084_af3_woTemplates_af3_seed_141664_sample_1_pred_671.cif,2084,AF3,af3_woTemplates,141664,1,671,woTemplates,,False,casp17/massivefold_external_pool_intake/r2353/extracted_models/R2353_all_cifs/Model_2084_af3_woTemplates_af3_seed_141664_sample_1_pred_671.cif,awaiting_extract,"MassiveFold model pool index only. It parses organizer-provided external model tarball listings and stages balanced extraction/rerank candidates. These models remain external rerank and accuracy-estimation inputs, not internal predictions, not CASP submissions, and not competitive-proof evidence."
6,R2353,R2353,2222,./R2353_all_cifs/Model_4172_af3_woTemplates_af3_seed_905002_sample_3_pred_248.cif,Model_4172_af3_woTemplates_af3_seed_905002_sample_3_pred_248.cif,4172,AF3,af3_woTemplates,905002,3,248,woTemplates,,False,casp17/massivefold_external_pool_intake/r2353/extracted_models/R2353_all_cifs/Model_4172_af3_woTemplates_af3_seed_905002_sample_3_pred_248.cif,awaiting_extract,"MassiveFold model pool index only. It parses organizer-provided external model tarball listings and stages balanced extraction/rerank candidates. These models remain external rerank and accuracy-estimation inputs, not internal predictions, not CASP submissions, and not competitive-proof evidence."
6,R2353,R2353,2229,./R2353_all_cifs/Model_5353_af3_woTemplates_af3_seed_904982_sample_0_pred_145.cif,Model_5353_af3_woTemplates_af3_seed_904982_sample_0_pred_145.cif,5353,AF3,af3_woTemplates,904982,0,145,woTemplates,,False,casp17/massivefold_external_pool_intake/r2353/extracted_models/R2353_all_cifs/Model_5353_af3_woTemplates_af3_seed_904982_sample_0_pred_145.cif,awaiting_extract,"MassiveFold model pool index only. It parses organizer-provided external model tarball listings and stages balanced extraction/rerank candidates. These models remain external rerank and accuracy-estimation inputs, not internal predictions, not CASP submissions, and not competitive-proof evidence."
6,R2353,R2353,2247,./R2353_all_cifs/Model_2231_af3_woTemplates_af3_seed_141668_sample_1_pred_691.cif,Model_2231_af3_woTemplates_af3_seed_141668_sample_1_pred_691.cif,2231,AF3,af3_woTemplates,141668,1,691,woTemplates,,False,casp17/massivefold_external_pool_intake/r2353/extracted_models/R2353_all_cifs/Model_2231_af3_woTemplates_af3_seed_141668_sample_1_pred_691.cif,awaiting_extract,"MassiveFold model pool index only. It parses organizer-provided external model tarball listings and stages balanced extraction/rerank candidates. These models remain external rerank and accuracy-estimation inputs, not internal predictions, not CASP submissions, and not competitive-proof evidence."
6,R2353,R2353,2277,./R2353_all_cifs/Model_966_af3_woTemplates_af3_seed_141678_sample_1_pred_741.cif,Model_966_af3_woTemplates_af3_seed_141678_sample_1_pred_741.cif,966,AF3,af3_woTemplates,141678,1,741,woTemplates,,False,casp17/massivefold_external_pool_intake/r2353/extracted_models/R2353_all_cifs/Model_966_af3_woTemplates_af3_seed_141678_sample_1_pred_741.cif,awaiting_extract,"MassiveFold model pool index only. It parses organizer-provided external model tarball listings and stages balanced extraction/rerank candidates. These models remain external rerank and accuracy-estimation inputs, not internal predictions, not CASP submissions, and not competitive-proof evidence."
6,R2353,R2353,2278,./R2353_all_cifs/Model_2405_af3_woTemplates_af3_seed_5700_sample_0_pred_485.cif,Model_2405_af3_woTemplates_af3_seed_5700_sample_0_pred_485.cif,2405,AF3,af3_woTemplates,5700,0,485,woTemplates,,False,casp17/massivefold_external_pool_intake/r2353/extracted_models/R2353_all_cifs/Model_2405_af3_woTemplates_af3_seed_5700_sample_0_pred_485.cif,awaiting_extract,"MassiveFold model pool index only. It parses organizer-provided external model tarball listings and stages balanced extraction/rerank candidates. These models remain external rerank and accuracy-estimation inputs, not internal predictions, not CASP submissions, and not competitive-proof evidence."
6,R2353,R2353,2290,./R2353_all_cifs/Model_6900_af3_woTemplates_af3_seed_285270_sample_4_pred_304.cif,Model_6900_af3_woTemplates_af3_seed_285270_sample_4_pred_304.cif,6900,AF3,af3_woTemplates,285270,4,304,woTemplates,,False,casp17/massivefold_external_pool_intake/r2353/extracted_models/R2353_all_cifs/Model_6900_af3_woTemplates_af3_seed_285270_sample_4_pred_304.cif,awaiting_extract,"MassiveFold model pool index only. It parses organizer-provided external model tarball listings and stages balanced extraction/rerank candidates. These models remain external rerank and accuracy-estimation inputs, not internal predictions, not CASP submissions, and not competitive-proof evidence."
6,R2353,R2353,2293,./R2353_all_cifs/Model_2485_af3_woTemplates_af3_seed_141679_sample_0_pred_745.cif,Model_2485_af3_woTemplates_af3_seed_141679_sample_0_pred_745.cif,2485,AF3,af3_woTemplates,141679,0,745,woTemplates,,False,casp17/massivefold_external_pool_intake/r2353/extracted_models/R2353_all_cifs/Model_2485_af3_woTemplates_af3_seed_141679_sample_0_pred_745.cif,awaiting_extract,"MassiveFold model pool index only. It parses organizer-provided external model tarball listings and stages balanced extraction/rerank candidates. These models remain external rerank and accuracy-estimation inputs, not internal predictions, not CASP submissions, and not competitive-proof evidence."
6,R2353,R2353,2301,./R2353_all_cifs/Model_674_af3_woTemplates_af3_seed_372140_sample_2_pred_507.cif,Model_674_af3_woTemplates_af3_seed_372140_sample_2_pred_507.cif,674,AF3,af3_woTemplates,372140,2,507,woTemplates,,False,casp17/massivefold_external_pool_intake/r2353/extracted_models/R2353_all_cifs/Model_674_af3_woTemplates_af3_seed_372140_sample_2_pred_507.cif,awaiting_extract,"MassiveFold model pool index only. It parses organizer-provided external model tarball listings and stages balanced extraction/rerank candidates. These models remain external rerank and accuracy-estimation inputs, not internal predictions, not CASP submissions, and not competitive-proof evidence."
6,R2353,R2353,2302,./R2353_all_cifs/Model_2013_af3_woTemplates_af3_seed_904988_sample_2_pred_177.cif,Model_2013_af3_woTemplates_af3_seed_904988_sample_2_pred_177.cif,2013,AF3,af3_woTemplates,904988,2,177,woTemplates,,False,casp17/massivefold_external_pool_intake/r2353/extracted_models/R2353_all_cifs/Model_2013_af3_woTemplates_af3_seed_904988_sample_2_pred_177.cif,awaiting_extract,"MassiveFold model pool index only. It parses organizer-provided external model tarball listings and stages balanced extraction/rerank candidates. These models remain external rerank and accuracy-estimation inputs, not internal predictions, not CASP submissions, and not competitive-proof evidence."
6,R2353,R2353,2319,./R2353_all_cifs/Model_5964_af3_woTemplates_af3_seed_372149_sample_0_pred_550.cif,Model_5964_af3_woTemplates_af3_seed_372149_sample_0_pred_550.cif,5964,AF3,af3_woTemplates,372149,0,550,woTemplates,,False,casp17/massivefold_external_pool_intake/r2353/extracted_models/R2353_all_cifs/Model_5964_af3_woTemplates_af3_seed_372149_sample_0_pred_550.cif,awaiting_extract,"MassiveFold model pool index only. It parses organizer-provided external model tarball listings and stages balanced extraction/rerank candidates. These models remain external rerank and accuracy-estimation inputs, not internal predictions, not CASP submissions, and not competitive-proof evidence."
6,R2353,R2353,2323,./R2353_all_cifs/Model_4541_af3_woTemplates_af3_seed_359497_sample_4_pred_49.cif,Model_4541_af3_woTemplates_af3_seed_359497_sample_4_pred_49.cif,4541,AF3,af3_woTemplates,359497,4,49,woTemplates,,False,casp17/massivefold_external_pool_intake/r2353/extracted_models/R2353_all_cifs/Model_4541_af3_woTemplates_af3_seed_359497_sample_4_pred_49.cif,awaiting_extract,"MassiveFold model pool index only. It parses organizer-provided external model tarball listings and stages balanced extraction/rerank candidates. These models remain external rerank and accuracy-estimation inputs, not internal predictions, not CASP submissions, and not competitive-proof evidence."
6,R2353,R2353,2327,./R2353_all_cifs/Model_3230_af3_woTemplates_af3_seed_372152_sample_0_pred_565.cif,Model_3230_af3_woTemplates_af3_seed_372152_sample_0_pred_565.cif,3230,AF3,af3_woTemplates,372152,0,565,woTemplates,,False,casp17/massivefold_external_pool_intake/r2353/extracted_models/R2353_all_cifs/Model_3230_af3_woTemplates_af3_seed_372152_sample_0_pred_565.cif,awaiting_extract,"MassiveFold model pool index only. It parses organizer-provided external model tarball listings and stages balanced extraction/rerank candidates. These models remain external rerank and accuracy-estimation inputs, not internal predictions, not CASP submissions, and not competitive-proof evidence."
6,R2353,R2353,2330,./R2353_all_cifs/Model_5524_af3_woTemplates_af3_seed_141657_sample_3_pred_638.cif,Model_5524_af3_woTemplates_af3_seed_141657_sample_3_pred_638.cif,5524,AF3,af3_woTemplates,141657,3,638,woTemplates,,False,casp17/massivefold_external_pool_intake/r2353/extracted_models/R2353_all_cifs/Model_5524_af3_woTemplates_af3_seed_141657_sample_3_pred_638.cif,awaiting_extract,"MassiveFold model pool index only. It parses organizer-provided external model tarball listings and stages balanced extraction/rerank candidates. These models remain external rerank and accuracy-estimation inputs, not internal predictions, not CASP submissions, and not competitive-proof evidence."
6,R2353,R2353,2331,./R2353_all_cifs/Model_4794_af3_woTemplates_af3_seed_218333_sample_2_pred_827.cif,Model_4794_af3_woTemplates_af3_seed_218333_sample_2_pred_827.cif,4794,AF3,af3_woTemplates,218333,2,827,woTemplates,,False,casp17/massivefold_external_pool_intake/r2353/extracted_models/R2353_all_cifs/Model_4794_af3_woTemplates_af3_seed_218333_sample_2_pred_827.cif,awaiting_extract,"MassiveFold model pool index only. It parses organizer-provided external model tarball listings and stages balanced extraction/rerank candidates. These models remain external rerank and accuracy-estimation inputs, not internal predictions, not CASP submissions, and not competitive-proof evidence."
6,R2353,R2353,2333,./R2353_all_cifs/Model_6549_af3_woTemplates_af3_seed_372153_sample_2_pred_572.cif,Model_6549_af3_woTemplates_af3_seed_372153_sample_2_pred_572.cif,6549,AF3,af3_woTemplates,372153,2,572,woTemplates,,False,casp17/massivefold_external_pool_intake/r2353/extracted_models/R2353_all_cifs/Model_6549_af3_woTemplates_af3_seed_372153_sample_2_pred_572.cif,awaiting_extract,"MassiveFold model pool index only. It parses organizer-provided external model tarball listings and stages balanced extraction/rerank candidates. These models remain external rerank and accuracy-estimation inputs, not internal predictions, not CASP submissions, and not competitive-proof evidence."
6,R2353,R2353,2336,./R2353_all_cifs/Model_83_af3_woTemplates_af3_seed_372140_sample_0_pred_505.cif,Model_83_af3_woTemplates_af3_seed_372140_sample_0_pred_505.cif,83,AF3,af3_woTemplates,372140,0,505,woTemplates,,False,casp17/massivefold_external_pool_intake/r2353/extracted_models/R2353_all_cifs/Model_83_af3_woTemplates_af3_seed_372140_sample_0_pred_505.cif,awaiting_extract,"MassiveFold model pool index only. It parses organizer-provided external model tarball listings and stages balanced extraction/rerank candidates. These models remain external rerank and accuracy-estimation inputs, not internal predictions, not CASP submissions, and not competitive-proof evidence."
6,R2353,R2353,2339,./R2353_all_cifs/Model_2391_af3_woTemplates_af3_seed_5701_sample_3_pred_493.cif,Model_2391_af3_woTemplates_af3_seed_5701_sample_3_pred_493.cif,2391,AF3,af3_woTemplates,5701,3,493,woTemplates,,False,casp17/massivefold_external_pool_intake/r2353/extracted_models/R2353_all_cifs/Model_2391_af3_woTemplates_af3_seed_5701_sample_3_pred_493.cif,awaiting_extract,"MassiveFold model pool index only. It parses organizer-provided external model tarball listings and stages balanced extraction/rerank candidates. These models remain external rerank and accuracy-estimation inputs, not internal predictions, not CASP submissions, and not competitive-proof evidence."
6,R2353,R2353,2343,./R2353_all_cifs/Model_630_af3_woTemplates_af3_seed_372144_sample_4_pred_529.cif,Model_630_af3_woTemplates_af3_seed_372144_sample_4_pred_529.cif,630,AF3,af3_woTemplates,372144,4,529,woTemplates,,False,casp17/massivefold_external_pool_intake/r2353/extracted_models/R2353_all_cifs/Model_630_af3_woTemplates_af3_seed_372144_sample_4_pred_529.cif,awaiting_extract,"MassiveFold model pool index only. It parses organizer-provided external model tarball listings and stages balanced extraction/rerank candidates. These models remain external rerank and accuracy-estimation inputs, not internal predictions, not CASP submissions, and not competitive-proof evidence."
6,R2353,R2353,2376,./R2353_all_cifs/Model_967_af3_woTemplates_af3_seed_285269_sample_0_pred_295.cif,Model_967_af3_woTemplates_af3_seed_285269_sample_0_pred_295.cif,967,AF3,af3_woTemplates,285269,0,295,woTemplates,,False,casp17/massivefold_external_pool_intake/r2353/extracted_models/R2353_all_cifs/Model_967_af3_woTemplates_af3_seed_285269_sample_0_pred_295.cif,awaiting_extract,"MassiveFold model pool index only. It parses organizer-provided external model tarball listings and stages balanced extraction/rerank candidates. These models remain external rerank and accuracy-estimation inputs, not internal predictions, not CASP submissions, and not competitive-proof evidence."
6,R2353,R2353,2379,./R2353_all_cifs/Model_7695_af3_woTemplates_af3_seed_5693_sample_0_pred_450.cif,Model_7695_af3_woTemplates_af3_seed_5693_sample_0_pred_450.cif,7695,AF3,af3_woTemplates,5693,0,450,woTemplates,,False,casp17/massivefold_external_pool_intake/r2353/extracted_models/R2353_all_cifs/Model_7695_af3_woTemplates_af3_seed_5693_sample_0_pred_450.cif,awaiting_extract,"MassiveFold model pool index only. It parses organizer-provided external model tarball listings and stages balanced extraction/rerank candidates. These models remain external rerank and accuracy-estimation inputs, not internal predictions, not CASP submissions, and not competitive-proof evidence."
6,R2353,R2353,2391,./R2353_all_cifs/Model_5700_af3_woTemplates_af3_seed_285271_sample_0_pred_305.cif,Model_5700_af3_woTemplates_af3_seed_285271_sample_0_pred_305.cif,5700,AF3,af3_woTemplates,285271,0,305,woTemplates,,False,casp17/massivefold_external_pool_intake/r2353/extracted_models/R2353_all_cifs/Model_5700_af3_woTemplates_af3_seed_285271_sample_0_pred_305.cif,awaiting_extract,"MassiveFold model pool index only. It parses organizer-provided external model tarball listings and stages balanced extraction/rerank candidates. These models remain external rerank and accuracy-estimation inputs, not internal predictions, not CASP submissions, and not competitive-proof evidence."
6,R2353,R2353,2395,./R2353_all_cifs/Model_16_af3_woTemplates_af3_seed_73762_sample_2_pred_997.cif,Model_16_af3_woTemplates_af3_seed_73762_sample_2_pred_997.cif,16,AF3,af3_woTemplates,73762,2,997,woTemplates,7,True,casp17/massivefold_external_pool_intake/r2353/extracted_models/R2353_all_cifs/Model_16_af3_woTemplates_af3_seed_73762_sample_2_pred_997.cif,extracted,"MassiveFold model pool index only. It parses organizer-provided external model tarball listings and stages balanced extraction/rerank candidates. These models remain external rerank and accuracy-estimation inputs, not internal predictions, not CASP submissions, and not competitive-proof evidence."
6,R2353,R2353,2396,./R2353_all_cifs/Model_625_af3_woTemplates_af3_seed_904983_sample_3_pred_153.cif,Model_625_af3_woTemplates_af3_seed_904983_sample_3_pred_153.cif,625,AF3,af3_woTemplates,904983,3,153,woTemplates,,False,casp17/massivefold_external_pool_intake/r2353/extracted_models/R2353_all_cifs/Model_625_af3_woTemplates_af3_seed_904983_sample_3_pred_153.cif,awaiting_extract,"MassiveFold model pool index only. It parses organizer-provided external model tarball listings and stages balanced extraction/rerank candidates. These models remain external rerank and accuracy-estimation inputs, not internal predictions, not CASP submissions, and not competitive-proof evidence."
6,R2353,R2353,2397,./R2353_all_cifs/Model_6856_af3_woTemplates_af3_seed_285276_sample_1_pred_331.cif,Model_6856_af3_woTemplates_af3_seed_285276_sample_1_pred_331.cif,6856,AF3,af3_woTemplates,285276,1,331,woTemplates,,False,casp17/massivefold_external_pool_intake/r2353/extracted_models/R2353_all_cifs/Model_6856_af3_woTemplates_af3_seed_285276_sample_1_pred_331.cif,awaiting_extract,"MassiveFold model pool index only. It parses organizer-provided external model tarball listings and stages balanced extraction/rerank candidates. These models remain external rerank and accuracy-estimation inputs, not internal predictions, not CASP submissions, and not competitive-proof evidence."
6,R2353,R2353,2398,./R2353_all_cifs/Model_2127_af3_woTemplates_af3_seed_372163_sample_3_pred_623.cif,Model_2127_af3_woTemplates_af3_seed_372163_sample_3_pred_623.cif,2127,AF3,af3_woTemplates,372163,3,623,woTemplates,,False,casp17/massivefold_external_pool_intake/r2353/extracted_models/R2353_all_cifs/Model_2127_af3_woTemplates_af3_seed_372163_sample_3_pred_623.cif,awaiting_extract,"MassiveFold model pool index only. It parses organizer-provided external model tarball listings and stages balanced extraction/rerank candidates. These models remain external rerank and accuracy-estimation inputs, not internal predictions, not CASP submissions, and not competitive-proof evidence."
6,R2353,R2353,2409,./R2353_all_cifs/Model_819_af3_woTemplates_af3_seed_285271_sample_1_pred_306.cif,Model_819_af3_woTemplates_af3_seed_285271_sample_1_pred_306.cif,819,AF3,af3_woTemplates,285271,1,306,woTemplates,,False,casp17/massivefold_external_pool_intake/r2353/extracted_models/R2353_all_cifs/Model_819_af3_woTemplates_af3_seed_285271_sample_1_pred_306.cif,awaiting_extract,"MassiveFold model pool index only. It parses organizer-provided external model tarball listings and stages balanced extraction/rerank candidates. These models remain external rerank and accuracy-estimation inputs, not internal predictions, not CASP submissions, and not competitive-proof evidence."
6,R2353,R2353,2411,./R2353_all_cifs/Model_7867_af3_woTemplates_af3_seed_218324_sample_0_pred_780.cif,Model_7867_af3_woTemplates_af3_seed_218324_sample_0_pred_780.cif,7867,AF3,af3_woTemplates,218324,0,780,woTemplates,,False,casp17/massivefold_external_pool_intake/r2353/extracted_models/R2353_all_cifs/Model_7867_af3_woTemplates_af3_seed_218324_sample_0_pred_780.cif,awaiting_extract,"MassiveFold model pool index only. It parses organizer-provided external model tarball listings and stages balanced extraction/rerank candidates. These models remain external rerank and accuracy-estimation inputs, not internal predictions, not CASP submissions, and not competitive-proof evidence."
6,R2353,R2353,2415,./R2353_all_cifs/Model_3994_af3_woTemplates_af3_seed_5683_sample_0_pred_400.cif,Model_3994_af3_woTemplates_af3_seed_5683_sample_0_pred_400.cif,3994,AF3,af3_woTemplates,5683,0,400,woTemplates,,False,casp17/massivefold_external_pool_intake/r2353/extracted_models/R2353_all_cifs/Model_3994_af3_woTemplates_af3_seed_5683_sample_0_pred_400.cif,awaiting_extract,"MassiveFold model pool index only. It parses organizer-provided external model tarball listings and stages balanced extraction/rerank candidates. These models remain external rerank and accuracy-estimation inputs, not internal predictions, not CASP submissions, and not competitive-proof evidence."
6,R2353,R2353,2436,./R2353_all_cifs/Model_906_af3_woTemplates_af3_seed_904981_sample_3_pred_143.cif,Model_906_af3_woTemplates_af3_seed_904981_sample_3_pred_143.cif,906,AF3,af3_woTemplates,904981,3,143,woTemplates,,False,casp17/massivefold_external_pool_intake/r2353/extracted_models/R2353_all_cifs/Model_906_af3_woTemplates_af3_seed_904981_sample_3_pred_143.cif,awaiting_extract,"MassiveFold model pool index only. It parses organizer-provided external model tarball listings and stages balanced extraction/rerank candidates. These models remain external rerank and accuracy-estimation inputs, not internal predictions, not CASP submissions, and not competitive-proof evidence."
6,R2353,R2353,2446,./R2353_all_cifs/Model_5857_af3_woTemplates_af3_seed_141676_sample_1_pred_731.cif,Model_5857_af3_woTemplates_af3_seed_141676_sample_1_pred_731.cif,5857,AF3,af3_woTemplates,141676,1,731,woTemplates,,False,casp17/massivefold_external_pool_intake/r2353/extracted_models/R2353_all_cifs/Model_5857_af3_woTemplates_af3_seed_141676_sample_1_pred_731.cif,awaiting_extract,"MassiveFold model pool index only. It parses organizer-provided external model tarball listings and stages balanced extraction/rerank candidates. These models remain external rerank and accuracy-estimation inputs, not internal predictions, not CASP submissions, and not competitive-proof evidence."
6,R2353,R2353,2449,./R2353_all_cifs/Model_6077_af3_woTemplates_af3_seed_5684_sample_3_pred_408.cif,Model_6077_af3_woTemplates_af3_seed_5684_sample_3_pred_408.cif,6077,AF3,af3_woTemplates,5684,3,408,woTemplates,,False,casp17/massivefold_external_pool_intake/r2353/extracted_models/R2353_all_cifs/Model_6077_af3_woTemplates_af3_seed_5684_sample_3_pred_408.cif,awaiting_extract,"MassiveFold model pool index only. It parses organizer-provided external model tarball listings and stages balanced extraction/rerank candidates. These models remain external rerank and accuracy-estimation inputs, not internal predictions, not CASP submissions, and not competitive-proof evidence."
6,R2353,R2353,2473,./R2353_all_cifs/Model_2897_af3_woTemplates_af3_seed_905001_sample_2_pred_242.cif,Model_2897_af3_woTemplates_af3_seed_905001_sample_2_pred_242.cif,2897,AF3,af3_woTemplates,905001,2,242,woTemplates,,False,casp17/massivefold_external_pool_intake/r2353/extracted_models/R2353_all_cifs/Model_2897_af3_woTemplates_af3_seed_905001_sample_2_pred_242.cif,awaiting_extract,"MassiveFold model pool index only. It parses organizer-provided external model tarball listings and stages balanced extraction/rerank candidates. These models remain external rerank and accuracy-estimation inputs, not internal predictions, not CASP submissions, and not competitive-proof evidence."
6,R2353,R2353,2506,./R2353_all_cifs/Model_6001_af3_woTemplates_af3_seed_5686_sample_2_pred_417.cif,Model_6001_af3_woTemplates_af3_seed_5686_sample_2_pred_417.cif,6001,AF3,af3_woTemplates,5686,2,417,woTemplates,,False,casp17/massivefold_external_pool_intake/r2353/extracted_models/R2353_all_cifs/Model_6001_af3_woTemplates_af3_seed_5686_sample_2_pred_417.cif,awaiting_extract,"MassiveFold model pool index only. It parses organizer-provided external model tarball listings and stages balanced extraction/rerank candidates. These models remain external rerank and accuracy-estimation inputs, not internal predictions, not CASP submissions, and not competitive-proof evidence."
6,R2353,R2353,2511,./R2353_all_cifs/Model_7606_af3_woTemplates_af3_seed_372162_sample_0_pred_615.cif,Model_7606_af3_woTemplates_af3_seed_372162_sample_0_pred_615.cif,7606,AF3,af3_woTemplates,372162,0,615,woTemplates,,False,casp17/massivefold_external_pool_intake/r2353/extracted_models/R2353_all_cifs/Model_7606_af3_woTemplates_af3_seed_372162_sample_0_pred_615.cif,awaiting_extract,"MassiveFold model pool index only. It parses organizer-provided external model tarball listings and stages balanced extraction/rerank candidates. These models remain external rerank and accuracy-estimation inputs, not internal predictions, not CASP submissions, and not competitive-proof evidence."
6,R2353,R2353,2512,./R2353_all_cifs/Model_982_af3_woTemplates_af3_seed_372141_sample_1_pred_511.cif,Model_982_af3_woTemplates_af3_seed_372141_sample_1_pred_511.cif,982,AF3,af3_woTemplates,372141,1,511,woTemplates,,False,casp17/massivefold_external_pool_intake/r2353/extracted_models/R2353_all_cifs/Model_982_af3_woTemplates_af3_seed_372141_sample_1_pred_511.cif,awaiting_extract,"MassiveFold model pool index only. It parses organizer-provided external model tarball listings and stages balanced extraction/rerank candidates. These models remain external rerank and accuracy-estimation inputs, not internal predictions, not CASP submissions, and not competitive-proof evidence."
6,R2353,R2353,2521,./R2353_all_cifs/Model_202_af3_woTemplates_af3_seed_359497_sample_1_pred_46.cif,Model_202_af3_woTemplates_af3_seed_359497_sample_1_pred_46.cif,202,AF3,af3_woTemplates,359497,1,46,woTemplates,,False,casp17/massivefold_external_pool_intake/r2353/extracted_models/R2353_all_cifs/Model_202_af3_woTemplates_af3_seed_359497_sample_1_pred_46.cif,awaiting_extract,"MassiveFold model pool index only. It parses organizer-provided external model tarball listings and stages balanced extraction/rerank candidates. These models remain external rerank and accuracy-estimation inputs, not internal predictions, not CASP submissions, and not competitive-proof evidence."
6,R2353,R2353,2528,./R2353_all_cifs/Model_7823_af3_woTemplates_af3_seed_73742_sample_3_pred_898.cif,Model_7823_af3_woTemplates_af3_seed_73742_sample_3_pred_898.cif,7823,AF3,af3_woTemplates,73742,3,898,woTemplates,,False,casp17/massivefold_external_pool_intake/r2353/extracted_models/R2353_all_cifs/Model_7823_af3_woTemplates_af3_seed_73742_sample_3_pred_898.cif,awaiting_extract,"MassiveFold model pool index only. It parses organizer-provided external model tarball listings and stages balanced extraction/rerank candidates. These models remain external rerank and accuracy-estimation inputs, not internal predictions, not CASP submissions, and not competitive-proof evidence."
6,R2353,R2353,2529,./R2353_all_cifs/Model_4188_af3_woTemplates_af3_seed_5682_sample_4_pred_399.cif,Model_4188_af3_woTemplates_af3_seed_5682_sample_4_pred_399.cif,4188,AF3,af3_woTemplates,5682,4,399,woTemplates,,False,casp17/massivefold_external_pool_intake/r2353/extracted_models/R2353_all_cifs/Model_4188_af3_woTemplates_af3_seed_5682_sample_4_pred_399.cif,awaiting_extract,"MassiveFold model pool index only. It parses organizer-provided external model tarball listings and stages balanced extraction/rerank candidates. These models remain external rerank and accuracy-estimation inputs, not internal predictions, not CASP submissions, and not competitive-proof evidence."
6,R2353,R2353,2551,./R2353_all_cifs/Model_2783_af3_woTemplates_af3_seed_73757_sample_0_pred_970.cif,Model_2783_af3_woTemplates_af3_seed_73757_sample_0_pred_970.cif,2783,AF3,af3_woTemplates,73757,0,970,woTemplates,,False,casp17/massivefold_external_pool_intake/r2353/extracted_models/R2353_all_cifs/Model_2783_af3_woTemplates_af3_seed_73757_sample_0_pred_970.cif,awaiting_extract,"MassiveFold model pool index only. It parses organizer-provided external model tarball listings and stages balanced extraction/rerank candidates. These models remain external rerank and accuracy-estimation inputs, not internal predictions, not CASP submissions, and not competitive-proof evidence."
6,R2353,R2353,2554,./R2353_all_cifs/Model_1658_af3_woTemplates_af3_seed_285264_sample_2_pred_272.cif,Model_1658_af3_woTemplates_af3_seed_285264_sample_2_pred_272.cif,1658,AF3,af3_woTemplates,285264,2,272,woTemplates,,False,casp17/massivefold_external_pool_intake/r2353/extracted_models/R2353_all_cifs/Model_1658_af3_woTemplates_af3_seed_285264_sample_2_pred_272.cif,awaiting_extract,"MassiveFold model pool index only. It parses organizer-provided external model tarball listings and stages balanced extraction/rerank candidates. These models remain external rerank and accuracy-estimation inputs, not internal predictions, not CASP submissions, and not competitive-proof evidence."
6,R2353,R2353,2569,./R2353_all_cifs/Model_7296_af3_woTemplates_af3_seed_359502_sample_2_pred_72.cif,Model_7296_af3_woTemplates_af3_seed_359502_sample_2_pred_72.cif,7296,AF3,af3_woTemplates,359502,2,72,woTemplates,,False,casp17/massivefold_external_pool_intake/r2353/extracted_models/R2353_all_cifs/Model_7296_af3_woTemplates_af3_seed_359502_sample_2_pred_72.cif,awaiting_extract,"MassiveFold model pool index only. It parses organizer-provided external model tarball listings and stages balanced extraction/rerank candidates. These models remain external rerank and accuracy-estimation inputs, not internal predictions, not CASP submissions, and not competitive-proof evidence."
6,R2353,R2353,2578,./R2353_all_cifs/Model_5695_af3_woTemplates_af3_seed_5683_sample_1_pred_401.cif,Model_5695_af3_woTemplates_af3_seed_5683_sample_1_pred_401.cif,5695,AF3,af3_woTemplates,5683,1,401,woTemplates,,False,casp17/massivefold_external_pool_intake/r2353/extracted_models/R2353_all_cifs/Model_5695_af3_woTemplates_af3_seed_5683_sample_1_pred_401.cif,awaiting_extract,"MassiveFold model pool index only. It parses organizer-provided external model tarball listings and stages balanced extraction/rerank candidates. These models remain external rerank and accuracy-estimation inputs, not internal predictions, not CASP submissions, and not competitive-proof evidence."
6,R2353,R2353,2597,./R2353_all_cifs/Model_5332_af3_woTemplates_af3_seed_218331_sample_0_pred_815.cif,Model_5332_af3_woTemplates_af3_seed_218331_sample_0_pred_815.cif,5332,AF3,af3_woTemplates,218331,0,815,woTemplates,,False,casp17/massivefold_external_pool_intake/r2353/extracted_models/R2353_all_cifs/Model_5332_af3_woTemplates_af3_seed_218331_sample_0_pred_815.cif,awaiting_extract,"MassiveFold model pool index only. It parses organizer-provided external model tarball listings and stages balanced extraction/rerank candidates. These models remain external rerank and accuracy-estimation inputs, not internal predictions, not CASP submissions, and not competitive-proof evidence."
6,R2353,R2353,2609,./R2353_all_cifs/Model_5720_af3_woTemplates_af3_seed_359498_sample_2_pred_52.cif,Model_5720_af3_woTemplates_af3_seed_359498_sample_2_pred_52.cif,5720,AF3,af3_woTemplates,359498,2,52,woTemplates,,False,casp17/massivefold_external_pool_intake/r2353/extracted_models/R2353_all_cifs/Model_5720_af3_woTemplates_af3_seed_359498_sample_2_pred_52.cif,awaiting_extract,"MassiveFold model pool index only. It parses organizer-provided external model tarball listings and stages balanced extraction/rerank candidates. These models remain external rerank and accuracy-estimation inputs, not internal predictions, not CASP submissions, and not competitive-proof evidence."
6,R2353,R2353,2624,./R2353_all_cifs/Model_7878_af3_woTemplates_af3_seed_5699_sample_2_pred_482.cif,Model_7878_af3_woTemplates_af3_seed_5699_sample_2_pred_482.cif,7878,AF3,af3_woTemplates,5699,2,482,woTemplates,,False,casp17/massivefold_external_pool_intake/r2353/extracted_models/R2353_all_cifs/Model_7878_af3_woTemplates_af3_seed_5699_sample_2_pred_482.cif,awaiting_extract,"MassiveFold model pool index only. It parses organizer-provided external model tarball listings and stages balanced extraction/rerank candidates. These models remain external rerank and accuracy-estimation inputs, not internal predictions, not CASP submissions, and not competitive-proof evidence."
6,R2353,R2353,2632,./R2353_all_cifs/Model_7704_af3_woTemplates_af3_seed_141668_sample_0_pred_690.cif,Model_7704_af3_woTemplates_af3_seed_141668_sample_0_pred_690.cif,7704,AF3,af3_woTemplates,141668,0,690,woTemplates,,False,casp17/massivefold_external_pool_intake/r2353/extracted_models/R2353_all_cifs/Model_7704_af3_woTemplates_af3_seed_141668_sample_0_pred_690.cif,awaiting_extract,"MassiveFold model pool index only. It parses organizer-provided external model tarball listings and stages balanced extraction/rerank candidates. These models remain external rerank and accuracy-estimation inputs, not internal predictions, not CASP submissions, and not competitive-proof evidence."
6,R2353,R2353,2636,./R2353_all_cifs/Model_655_af3_woTemplates_af3_seed_141672_sample_1_pred_711.cif,Model_655_af3_woTemplates_af3_seed_141672_sample_1_pred_711.cif,655,AF3,af3_woTemplates,141672,1,711,woTemplates,,False,casp17/massivefold_external_pool_intake/r2353/extracted_models/R2353_all_cifs/Model_655_af3_woTemplates_af3_seed_141672_sample_1_pred_711.cif,awaiting_extract,"MassiveFold model pool index only. It parses organizer-provided external model tarball listings and stages balanced extraction/rerank candidates. These models remain external rerank and accuracy-estimation inputs, not internal predictions, not CASP submissions, and not competitive-proof evidence."
6,R2353,R2353,2637,./R2353_all_cifs/Model_7955_af3_woTemplates_af3_seed_141673_sample_4_pred_719.cif,Model_7955_af3_woTemplates_af3_seed_141673_sample_4_pred_719.cif,7955,AF3,af3_woTemplates,141673,4,719,woTemplates,,False,casp17/massivefold_external_pool_intake/r2353/extracted_models/R2353_all_cifs/Model_7955_af3_woTemplates_af3_seed_141673_sample_4_pred_719.cif,awaiting_extract,"MassiveFold model pool index only. It parses organizer-provided external model tarball listings and stages balanced extraction/rerank candidates. These models remain external rerank and accuracy-estimation inputs, not internal predictions, not CASP submissions, and not competitive-proof evidence."
6,R2353,R2353,2645,./R2353_all_cifs/Model_1850_af3_woTemplates_af3_seed_218340_sample_3_pred_863.cif,Model_1850_af3_woTemplates_af3_seed_218340_sample_3_pred_863.cif,1850,AF3,af3_woTemplates,218340,3,863,woTemplates,,False,casp17/massivefold_external_pool_intake/r2353/extracted_models/R2353_all_cifs/Model_1850_af3_woTemplates_af3_seed_218340_sample_3_pred_863.cif,awaiting_extract,"MassiveFold model pool index only. It parses organizer-provided external model tarball listings and stages balanced extraction/rerank candidates. These models remain external rerank and accuracy-estimation inputs, not internal predictions, not CASP submissions, and not competitive-proof evidence."
6,R2353,R2353,2646,./R2353_all_cifs/Model_2872_af3_woTemplates_af3_seed_359503_sample_1_pred_76.cif,Model_2872_af3_woTemplates_af3_seed_359503_sample_1_pred_76.cif,2872,AF3,af3_woTemplates,359503,1,76,woTemplates,,False,casp17/massivefold_external_pool_intake/r2353/extracted_models/R2353_all_cifs/Model_2872_af3_woTemplates_af3_seed_359503_sample_1_pred_76.cif,awaiting_extract,"MassiveFold model pool index only. It parses organizer-provided external model tarball listings and stages balanced extraction/rerank candidates. These models remain external rerank and accuracy-estimation inputs, not internal predictions, not CASP submissions, and not competitive-proof evidence."
6,R2353,R2353,2654,./R2353_all_cifs/Model_1244_af3_woTemplates_af3_seed_5695_sample_3_pred_463.cif,Model_1244_af3_woTemplates_af3_seed_5695_sample_3_pred_463.cif,1244,AF3,af3_woTemplates,5695,3,463,woTemplates,,False,casp17/massivefold_external_pool_intake/r2353/extracted_models/R2353_all_cifs/Model_1244_af3_woTemplates_af3_seed_5695_sample_3_pred_463.cif,awaiting_extract,"MassiveFold model pool index only. It parses organizer-provided external model tarball listings and stages balanced extraction/rerank candidates. These models remain external rerank and accuracy-estimation inputs, not internal predictions, not CASP submissions, and not competitive-proof evidence."
6,R2353,R2353,2669,./R2353_all_cifs/Model_3661_af3_woTemplates_af3_seed_285263_sample_4_pred_269.cif,Model_3661_af3_woTemplates_af3_seed_285263_sample_4_pred_269.cif,3661,AF3,af3_woTemplates,285263,4,269,woTemplates,,False,casp17/massivefold_external_pool_intake/r2353/extracted_models/R2353_all_cifs/Model_3661_af3_woTemplates_af3_seed_285263_sample_4_pred_269.cif,awaiting_extract,"MassiveFold model pool index only. It parses organizer-provided external model tarball listings and stages balanced extraction/rerank candidates. These models remain external rerank and accuracy-estimation inputs, not internal predictions, not CASP submissions, and not competitive-proof evidence."
6,R2353,R2353,2675,./R2353_all_cifs/Model_7100_af3_woTemplates_af3_seed_359499_sample_3_pred_58.cif,Model_7100_af3_woTemplates_af3_seed_359499_sample_3_pred_58.cif,7100,AF3,af3_woTemplates,359499,3,58,woTemplates,,False,casp17/massivefold_external_pool_intake/r2353/extracted_models/R2353_all_cifs/Model_7100_af3_woTemplates_af3_seed_359499_sample_3_pred_58.cif,awaiting_extract,"MassiveFold model pool index only. It parses organizer-provided external model tarball listings and stages balanced extraction/rerank candidates. These models remain external rerank and accuracy-estimation inputs, not internal predictions, not CASP submissions, and not competitive-proof evidence."
6,R2353,R2353,2680,./R2353_all_cifs/Model_2275_af3_woTemplates_af3_seed_73752_sample_0_pred_945.cif,Model_2275_af3_woTemplates_af3_seed_73752_sample_0_pred_945.cif,2275,AF3,af3_woTemplates,73752,0,945,woTemplates,,False,casp17/massivefold_external_pool_intake/r2353/extracted_models/R2353_all_cifs/Model_2275_af3_woTemplates_af3_seed_73752_sample_0_pred_945.cif,awaiting_extract,"MassiveFold model pool index only. It parses organizer-provided external model tarball listings and stages balanced extraction/rerank candidates. These models remain external rerank and accuracy-estimation inputs, not internal predictions, not CASP submissions, and not competitive-proof evidence."
6,R2353,R2353,2694,./R2353_all_cifs/Model_7938_af3_woTemplates_af3_seed_5693_sample_2_pred_452.cif,Model_7938_af3_woTemplates_af3_seed_5693_sample_2_pred_452.cif,7938,AF3,af3_woTemplates,5693,2,452,woTemplates,,False,casp17/massivefold_external_pool_intake/r2353/extracted_models/R2353_all_cifs/Model_7938_af3_woTemplates_af3_seed_5693_sample_2_pred_452.cif,awaiting_extract,"MassiveFold model pool index only. It parses organizer-provided external model tarball listings and stages balanced extraction/rerank candidates. These models remain external rerank and accuracy-estimation inputs, not internal predictions, not CASP submissions, and not competitive-proof evidence."
6,R2353,R2353,2698,./R2353_all_cifs/Model_4609_af3_woTemplates_af3_seed_372159_sample_1_pred_601.cif,Model_4609_af3_woTemplates_af3_seed_372159_sample_1_pred_601.cif,4609,AF3,af3_woTemplates,372159,1,601,woTemplates,,False,casp17/massivefold_external_pool_intake/r2353/extracted_models/R2353_all_cifs/Model_4609_af3_woTemplates_af3_seed_372159_sample_1_pred_601.cif,awaiting_extract,"MassiveFold model pool index only. It parses organizer-provided external model tarball listings and stages balanced extraction/rerank candidates. These models remain external rerank and accuracy-estimation inputs, not internal predictions, not CASP submissions, and not competitive-proof evidence."
6,R2353,R2353,2709,./R2353_all_cifs/Model_159_af3_woTemplates_af3_seed_359499_sample_4_pred_59.cif,Model_159_af3_woTemplates_af3_seed_359499_sample_4_pred_59.cif,159,AF3,af3_woTemplates,359499,4,59,woTemplates,,False,casp17/massivefold_external_pool_intake/r2353/extracted_models/R2353_all_cifs/Model_159_af3_woTemplates_af3_seed_359499_sample_4_pred_59.cif,awaiting_extract,"MassiveFold model pool index only. It parses organizer-provided external model tarball listings and stages balanced extraction/rerank candidates. These models remain external rerank and accuracy-estimation inputs, not internal predictions, not CASP submissions, and not competitive-proof evidence."
6,R2353,R2353,2715,./R2353_all_cifs/Model_5831_af3_woTemplates_af3_seed_359502_sample_1_pred_71.cif,Model_5831_af3_woTemplates_af3_seed_359502_sample_1_pred_71.cif,5831,AF3,af3_woTemplates,359502,1,71,woTemplates,,False,casp17/massivefold_external_pool_intake/r2353/extracted_models/R2353_all_cifs/Model_5831_af3_woTemplates_af3_seed_359502_sample_1_pred_71.cif,awaiting_extract,"MassiveFold model pool index only. It parses organizer-provided external model tarball listings and stages balanced extraction/rerank candidates. These models remain external rerank and accuracy-estimation inputs, not internal predictions, not CASP submissions, and not competitive-proof evidence."
6,R2353,R2353,2731,./R2353_all_cifs/Model_5821_af3_woTemplates_af3_seed_73760_sample_1_pred_986.cif,Model_5821_af3_woTemplates_af3_seed_73760_sample_1_pred_986.cif,5821,AF3,af3_woTemplates,73760,1,986,woTemplates,,False,casp17/massivefold_external_pool_intake/r2353/extracted_models/R2353_all_cifs/Model_5821_af3_woTemplates_af3_seed_73760_sample_1_pred_986.cif,awaiting_extract,"MassiveFold model pool index only. It parses organizer-provided external model tarball listings and stages balanced extraction/rerank candidates. These models remain external rerank and accuracy-estimation inputs, not internal predictions, not CASP submissions, and not competitive-proof evidence."
6,R2353,R2353,2739,./R2353_all_cifs/Model_7767_af3_woTemplates_af3_seed_904997_sample_1_pred_221.cif,Model_7767_af3_woTemplates_af3_seed_904997_sample_1_pred_221.cif,7767,AF3,af3_woTemplates,904997,1,221,woTemplates,,False,casp17/massivefold_external_pool_intake/r2353/extracted_models/R2353_all_cifs/Model_7767_af3_woTemplates_af3_seed_904997_sample_1_pred_221.cif,awaiting_extract,"MassiveFold model pool index only. It parses organizer-provided external model tarball listings and stages balanced extraction/rerank candidates. These models remain external rerank and accuracy-estimation inputs, not internal predictions, not CASP submissions, and not competitive-proof evidence."
6,R2353,R2353,2776,./R2353_all_cifs/Model_219_af3_woTemplates_af3_seed_285273_sample_4_pred_319.cif,Model_219_af3_woTemplates_af3_seed_285273_sample_4_pred_319.cif,219,AF3,af3_woTemplates,285273,4,319,woTemplates,,False,casp17/massivefold_external_pool_intake/r2353/extracted_models/R2353_all_cifs/Model_219_af3_woTemplates_af3_seed_285273_sample_4_pred_319.cif,awaiting_extract,"MassiveFold model pool index only. It parses organizer-provided external model tarball listings and stages balanced extraction/rerank candidates. These models remain external rerank and accuracy-estimation inputs, not internal predictions, not CASP submissions, and not competitive-proof evidence."
6,R2353,R2353,2786,./R2353_all_cifs/Model_3300_af3_woTemplates_af3_seed_372163_sample_2_pred_622.cif,Model_3300_af3_woTemplates_af3_seed_372163_sample_2_pred_622.cif,3300,AF3,af3_woTemplates,372163,2,622,woTemplates,,False,casp17/massivefold_external_pool_intake/r2353/extracted_models/R2353_all_cifs/Model_3300_af3_woTemplates_af3_seed_372163_sample_2_pred_622.cif,awaiting_extract,"MassiveFold model pool index only. It parses organizer-provided external model tarball listings and stages balanced extraction/rerank candidates. These models remain external rerank and accuracy-estimation inputs, not internal predictions, not CASP submissions, and not competitive-proof evidence."
6,R2353,R2353,2792,./R2353_all_cifs/Model_908_af3_woTemplates_af3_seed_218327_sample_2_pred_797.cif,Model_908_af3_woTemplates_af3_seed_218327_sample_2_pred_797.cif,908,AF3,af3_woTemplates,218327,2,797,woTemplates,,False,casp17/massivefold_external_pool_intake/r2353/extracted_models/R2353_all_cifs/Model_908_af3_woTemplates_af3_seed_218327_sample_2_pred_797.cif,awaiting_extract,"MassiveFold model pool index only. It parses organizer-provided external model tarball listings and stages balanced extraction/rerank candidates. These models remain external rerank and accuracy-estimation inputs, not internal predictions, not CASP submissions, and not competitive-proof evidence."
6,R2353,R2353,2801,./R2353_all_cifs/Model_2173_af3_woTemplates_af3_seed_141672_sample_4_pred_714.cif,Model_2173_af3_woTemplates_af3_seed_141672_sample_4_pred_714.cif,2173,AF3,af3_woTemplates,141672,4,714,woTemplates,,False,casp17/massivefold_external_pool_intake/r2353/extracted_models/R2353_all_cifs/Model_2173_af3_woTemplates_af3_seed_141672_sample_4_pred_714.cif,awaiting_extract,"MassiveFold model pool index only. It parses organizer-provided external model tarball listings and stages balanced extraction/rerank candidates. These models remain external rerank and accuracy-estimation inputs, not internal predictions, not CASP submissions, and not competitive-proof evidence."
6,R2353,R2353,2808,./R2353_all_cifs/Model_2071_af3_woTemplates_af3_seed_372158_sample_2_pred_597.cif,Model_2071_af3_woTemplates_af3_seed_372158_sample_2_pred_597.cif,2071,AF3,af3_woTemplates,372158,2,597,woTemplates,,False,casp17/massivefold_external_pool_intake/r2353/extracted_models/R2353_all_cifs/Model_2071_af3_woTemplates_af3_seed_372158_sample_2_pred_597.cif,awaiting_extract,"MassiveFold model pool index only. It parses organizer-provided external model tarball listings and stages balanced extraction/rerank candidates. These models remain external rerank and accuracy-estimation inputs, not internal predictions, not CASP submissions, and not competitive-proof evidence."
6,R2353,R2353,2817,./R2353_all_cifs/Model_1336_af3_woTemplates_af3_seed_904990_sample_4_pred_189.cif,Model_1336_af3_woTemplates_af3_seed_904990_sample_4_pred_189.cif,1336,AF3,af3_woTemplates,904990,4,189,woTemplates,,False,casp17/massivefold_external_pool_intake/r2353/extracted_models/R2353_all_cifs/Model_1336_af3_woTemplates_af3_seed_904990_sample_4_pred_189.cif,awaiting_extract,"MassiveFold model pool index only. It parses organizer-provided external model tarball listings and stages balanced extraction/rerank candidates. These models remain external rerank and accuracy-estimation inputs, not internal predictions, not CASP submissions, and not competitive-proof evidence."
6,R2353,R2353,2823,./R2353_all_cifs/Model_7659_af3_woTemplates_af3_seed_218341_sample_2_pred_867.cif,Model_7659_af3_woTemplates_af3_seed_218341_sample_2_pred_867.cif,7659,AF3,af3_woTemplates,218341,2,867,woTemplates,,False,casp17/massivefold_external_pool_intake/r2353/extracted_models/R2353_all_cifs/Model_7659_af3_woTemplates_af3_seed_218341_sample_2_pred_867.cif,awaiting_extract,"MassiveFold model pool index only. It parses organizer-provided external model tarball listings and stages balanced extraction/rerank candidates. These models remain external rerank and accuracy-estimation inputs, not internal predictions, not CASP submissions, and not competitive-proof evidence."
6,R2353,R2353,2824,./R2353_all_cifs/Model_6067_af3_woTemplates_af3_seed_218326_sample_4_pred_794.cif,Model_6067_af3_woTemplates_af3_seed_218326_sample_4_pred_794.cif,6067,AF3,af3_woTemplates,218326,4,794,woTemplates,,False,casp17/massivefold_external_pool_intake/r2353/extracted_models/R2353_all_cifs/Model_6067_af3_woTemplates_af3_seed_218326_sample_4_pred_794.cif,awaiting_extract,"MassiveFold model pool index only. It parses organizer-provided external model tarball listings and stages balanced extraction/rerank candidates. These models remain external rerank and accuracy-estimation inputs, not internal predictions, not CASP submissions, and not competitive-proof evidence."
6,R2353,R2353,2849,./R2353_all_cifs/Model_3481_af3_woTemplates_af3_seed_5686_sample_3_pred_418.cif,Model_3481_af3_woTemplates_af3_seed_5686_sample_3_pred_418.cif,3481,AF3,af3_woTemplates,5686,3,418,woTemplates,,False,casp17/massivefold_external_pool_intake/r2353/extracted_models/R2353_all_cifs/Model_3481_af3_woTemplates_af3_seed_5686_sample_3_pred_418.cif,awaiting_extract,"MassiveFold model pool index only. It parses organizer-provided external model tarball listings and stages balanced extraction/rerank candidates. These models remain external rerank and accuracy-estimation inputs, not internal predictions, not CASP submissions, and not competitive-proof evidence."
6,R2353,R2353,2852,./R2353_all_cifs/Model_2612_af3_woTemplates_af3_seed_904991_sample_0_pred_190.cif,Model_2612_af3_woTemplates_af3_seed_904991_sample_0_pred_190.cif,2612,AF3,af3_woTemplates,904991,0,190,woTemplates,,False,casp17/massivefold_external_pool_intake/r2353/extracted_models/R2353_all_cifs/Model_2612_af3_woTemplates_af3_seed_904991_sample_0_pred_190.cif,awaiting_extract,"MassiveFold model pool index only. It parses organizer-provided external model tarball listings and stages balanced extraction/rerank candidates. These models remain external rerank and accuracy-estimation inputs, not internal predictions, not CASP submissions, and not competitive-proof evidence."
6,R2353,R2353,2857,./R2353_all_cifs/Model_3346_af3_woTemplates_af3_seed_73756_sample_1_pred_966.cif,Model_3346_af3_woTemplates_af3_seed_73756_sample_1_pred_966.cif,3346,AF3,af3_woTemplates,73756,1,966,woTemplates,,False,casp17/massivefold_external_pool_intake/r2353/extracted_models/R2353_all_cifs/Model_3346_af3_woTemplates_af3_seed_73756_sample_1_pred_966.cif,awaiting_extract,"MassiveFold model pool index only. It parses organizer-provided external model tarball listings and stages balanced extraction/rerank candidates. These models remain external rerank and accuracy-estimation inputs, not internal predictions, not CASP submissions, and not competitive-proof evidence."
6,R2353,R2353,2863,./R2353_all_cifs/Model_460_af3_woTemplates_af3_seed_359506_sample_3_pred_93.cif,Model_460_af3_woTemplates_af3_seed_359506_sample_3_pred_93.cif,460,AF3,af3_woTemplates,359506,3,93,woTemplates,,False,casp17/massivefold_external_pool_intake/r2353/extracted_models/R2353_all_cifs/Model_460_af3_woTemplates_af3_seed_359506_sample_3_pred_93.cif,awaiting_extract,"MassiveFold model pool index only. It parses organizer-provided external model tarball listings and stages balanced extraction/rerank candidates. These models remain external rerank and accuracy-estimation inputs, not internal predictions, not CASP submissions, and not competitive-proof evidence."
6,R2353,R2353,2867,./R2353_all_cifs/Model_7790_af3_woTemplates_af3_seed_73742_sample_4_pred_899.cif,Model_7790_af3_woTemplates_af3_seed_73742_sample_4_pred_899.cif,7790,AF3,af3_woTemplates,73742,4,899,woTemplates,,False,casp17/massivefold_external_pool_intake/r2353/extracted_models/R2353_all_cifs/Model_7790_af3_woTemplates_af3_seed_73742_sample_4_pred_899.cif,awaiting_extract,"MassiveFold model pool index only. It parses organizer-provided external model tarball listings and stages balanced extraction/rerank candidates. These models remain external rerank and accuracy-estimation inputs, not internal predictions, not CASP submissions, and not competitive-proof evidence."
6,R2353,R2353,2869,./R2353_all_cifs/Model_6960_af3_woTemplates_af3_seed_141669_sample_4_pred_699.cif,Model_6960_af3_woTemplates_af3_seed_141669_sample_4_pred_699.cif,6960,AF3,af3_woTemplates,141669,4,699,woTemplates,,False,casp17/massivefold_external_pool_intake/r2353/extracted_models/R2353_all_cifs/Model_6960_af3_woTemplates_af3_seed_141669_sample_4_pred_699.cif,awaiting_extract,"MassiveFold model pool index only. It parses organizer-provided external model tarball listings and stages balanced extraction/rerank candidates. These models remain external rerank and accuracy-estimation inputs, not internal predictions, not CASP submissions, and not competitive-proof evidence."
6,R2353,R2353,2885,./R2353_all_cifs/Model_4122_af3_woTemplates_af3_seed_141666_sample_1_pred_681.cif,Model_4122_af3_woTemplates_af3_seed_141666_sample_1_pred_681.cif,4122,AF3,af3_woTemplates,141666,1,681,woTemplates,,False,casp17/massivefold_external_pool_intake/r2353/extracted_models/R2353_all_cifs/Model_4122_af3_woTemplates_af3_seed_141666_sample_1_pred_681.cif,awaiting_extract,"MassiveFold model pool index only. It parses organizer-provided external model tarball listings and stages balanced extraction/rerank candidates. These models remain external rerank and accuracy-estimation inputs, not internal predictions, not CASP submissions, and not competitive-proof evidence."
6,R2353,R2353,2886,./R2353_all_cifs/Model_3050_af3_woTemplates_af3_seed_218341_sample_4_pred_869.cif,Model_3050_af3_woTemplates_af3_seed_218341_sample_4_pred_869.cif,3050,AF3,af3_woTemplates,218341,4,869,woTemplates,,False,casp17/massivefold_external_pool_intake/r2353/extracted_models/R2353_all_cifs/Model_3050_af3_woTemplates_af3_seed_218341_sample_4_pred_869.cif,awaiting_extract,"MassiveFold model pool index only. It parses organizer-provided external model tarball listings and stages balanced extraction/rerank candidates. These models remain external rerank and accuracy-estimation inputs, not internal predictions, not CASP submissions, and not competitive-proof evidence."
6,R2353,R2353,2894,./R2353_all_cifs/Model_7098_af3_woTemplates_af3_seed_5696_sample_3_pred_468.cif,Model_7098_af3_woTemplates_af3_seed_5696_sample_3_pred_468.cif,7098,AF3,af3_woTemplates,5696,3,468,woTemplates,,False,casp17/massivefold_external_pool_intake/r2353/extracted_models/R2353_all_cifs/Model_7098_af3_woTemplates_af3_seed_5696_sample_3_pred_468.cif,awaiting_extract,"MassiveFold model pool index only. It parses organizer-provided external model tarball listings and stages balanced extraction/rerank candidates. These models remain external rerank and accuracy-estimation inputs, not internal predictions, not CASP submissions, and not competitive-proof evidence."
6,R2353,R2353,2903,./R2353_all_cifs/Model_3870_af3_woTemplates_af3_seed_73745_sample_3_pred_913.cif,Model_3870_af3_woTemplates_af3_seed_73745_sample_3_pred_913.cif,3870,AF3,af3_woTemplates,73745,3,913,woTemplates,,False,casp17/massivefold_external_pool_intake/r2353/extracted_models/R2353_all_cifs/Model_3870_af3_woTemplates_af3_seed_73745_sample_3_pred_913.cif,awaiting_extract,"MassiveFold model pool index only. It parses organizer-provided external model tarball listings and stages balanced extraction/rerank candidates. These models remain external rerank and accuracy-estimation inputs, not internal predictions, not CASP submissions, and not competitive-proof evidence."
6,R2353,R2353,2904,./R2353_all_cifs/Model_1506_af3_woTemplates_af3_seed_904990_sample_1_pred_186.cif,Model_1506_af3_woTemplates_af3_seed_904990_sample_1_pred_186.cif,1506,AF3,af3_woTemplates,904990,1,186,woTemplates,,False,casp17/massivefold_external_pool_intake/r2353/extracted_models/R2353_all_cifs/Model_1506_af3_woTemplates_af3_seed_904990_sample_1_pred_186.cif,awaiting_extract,"MassiveFold model pool index only. It parses organizer-provided external model tarball listings and stages balanced extraction/rerank candidates. These models remain external rerank and accuracy-estimation inputs, not internal predictions, not CASP submissions, and not competitive-proof evidence."
6,R2353,R2353,2905,./R2353_all_cifs/Model_4478_af3_woTemplates_af3_seed_73750_sample_0_pred_935.cif,Model_4478_af3_woTemplates_af3_seed_73750_sample_0_pred_935.cif,4478,AF3,af3_woTemplates,73750,0,935,woTemplates,,False,casp17/massivefold_external_pool_intake/r2353/extracted_models/R2353_all_cifs/Model_4478_af3_woTemplates_af3_seed_73750_sample_0_pred_935.cif,awaiting_extract,"MassiveFold model pool index only. It parses organizer-provided external model tarball listings and stages balanced extraction/rerank candidates. These models remain external rerank and accuracy-estimation inputs, not internal predictions, not CASP submissions, and not competitive-proof evidence."
6,R2353,R2353,2920,./R2353_all_cifs/Model_7775_af3_woTemplates_af3_seed_141659_sample_0_pred_645.cif,Model_7775_af3_woTemplates_af3_seed_141659_sample_0_pred_645.cif,7775,AF3,af3_woTemplates,141659,0,645,woTemplates,,False,casp17/massivefold_external_pool_intake/r2353/extracted_models/R2353_all_cifs/Model_7775_af3_woTemplates_af3_seed_141659_sample_0_pred_645.cif,awaiting_extract,"MassiveFold model pool index only. It parses organizer-provided external model tarball listings and stages balanced extraction/rerank candidates. These models remain external rerank and accuracy-estimation inputs, not internal predictions, not CASP submissions, and not competitive-proof evidence."
6,R2353,R2353,2940,./R2353_all_cifs/Model_2876_af3_woTemplates_af3_seed_218320_sample_3_pred_763.cif,Model_2876_af3_woTemplates_af3_seed_218320_sample_3_pred_763.cif,2876,AF3,af3_woTemplates,218320,3,763,woTemplates,,False,casp17/massivefold_external_pool_intake/r2353/extracted_models/R2353_all_cifs/Model_2876_af3_woTemplates_af3_seed_218320_sample_3_pred_763.cif,awaiting_extract,"MassiveFold model pool index only. It parses organizer-provided external model tarball listings and stages balanced extraction/rerank candidates. These models remain external rerank and accuracy-estimation inputs, not internal predictions, not CASP submissions, and not competitive-proof evidence."
6,R2353,R2353,2958,./R2353_all_cifs/Model_7685_af3_woTemplates_af3_seed_904995_sample_1_pred_211.cif,Model_7685_af3_woTemplates_af3_seed_904995_sample_1_pred_211.cif,7685,AF3,af3_woTemplates,904995,1,211,woTemplates,,False,casp17/massivefold_external_pool_intake/r2353/extracted_models/R2353_all_cifs/Model_7685_af3_woTemplates_af3_seed_904995_sample_1_pred_211.cif,awaiting_extract,"MassiveFold model pool index only. It parses organizer-provided external model tarball listings and stages balanced extraction/rerank candidates. These models remain external rerank and accuracy-estimation inputs, not internal predictions, not CASP submissions, and not competitive-proof evidence."
6,R2353,R2353,2967,./R2353_all_cifs/Model_3186_af3_woTemplates_af3_seed_141671_sample_1_pred_706.cif,Model_3186_af3_woTemplates_af3_seed_141671_sample_1_pred_706.cif,3186,AF3,af3_woTemplates,141671,1,706,woTemplates,,False,casp17/massivefold_external_pool_intake/r2353/extracted_models/R2353_all_cifs/Model_3186_af3_woTemplates_af3_seed_141671_sample_1_pred_706.cif,awaiting_extract,"MassiveFold model pool index only. It parses organizer-provided external model tarball listings and stages balanced extraction/rerank candidates. These models remain external rerank and accuracy-estimation inputs, not internal predictions, not CASP submissions, and not competitive-proof evidence."
6,R2353,R2353,2970,./R2353_all_cifs/Model_1713_af3_woTemplates_af3_seed_73755_sample_1_pred_961.cif,Model_1713_af3_woTemplates_af3_seed_73755_sample_1_pred_961.cif,1713,AF3,af3_woTemplates,73755,1,961,woTemplates,,False,casp17/massivefold_external_pool_intake/r2353/extracted_models/R2353_all_cifs/Model_1713_af3_woTemplates_af3_seed_73755_sample_1_pred_961.cif,awaiting_extract,"MassiveFold model pool index only. It parses organizer-provided external model tarball listings and stages balanced extraction/rerank candidates. These models remain external rerank and accuracy-estimation inputs, not internal predictions, not CASP submissions, and not competitive-proof evidence."
6,R2353,R2353,2980,./R2353_all_cifs/Model_5692_af3_woTemplates_af3_seed_73761_sample_2_pred_992.cif,Model_5692_af3_woTemplates_af3_seed_73761_sample_2_pred_992.cif,5692,AF3,af3_woTemplates,73761,2,992,woTemplates,,False,casp17/massivefold_external_pool_intake/r2353/extracted_models/R2353_all_cifs/Model_5692_af3_woTemplates_af3_seed_73761_sample_2_pred_992.cif,awaiting_extract,"MassiveFold model pool index only. It parses organizer-provided external model tarball listings and stages balanced extraction/rerank candidates. These models remain external rerank and accuracy-estimation inputs, not internal predictions, not CASP submissions, and not competitive-proof evidence."
6,R2353,R2353,2998,./R2353_all_cifs/Model_3878_af3_woTemplates_af3_seed_218339_sample_3_pred_858.cif,Model_3878_af3_woTemplates_af3_seed_218339_sample_3_pred_858.cif,3878,AF3,af3_woTemplates,218339,3,858,woTemplates,,False,casp17/massivefold_external_pool_intake/r2353/extracted_models/R2353_all_cifs/Model_3878_af3_woTemplates_af3_seed_218339_sample_3_pred_858.cif,awaiting_extract,"MassiveFold model pool index only. It parses organizer-provided external model tarball listings and stages balanced extraction/rerank candidates. These models remain external rerank and accuracy-estimation inputs, not internal predictions, not CASP submissions, and not competitive-proof evidence."
6,R2353,R2353,3000,./R2353_all_cifs/Model_7669_af3_woTemplates_af3_seed_904995_sample_0_pred_210.cif,Model_7669_af3_woTemplates_af3_seed_904995_sample_0_pred_210.cif,7669,AF3,af3_woTemplates,904995,0,210,woTemplates,,False,casp17/massivefold_external_pool_intake/r2353/extracted_models/R2353_all_cifs/Model_7669_af3_woTemplates_af3_seed_904995_sample_0_pred_210.cif,awaiting_extract,"MassiveFold model pool index only. It parses organizer-provided external model tarball listings and stages balanced extraction/rerank candidates. These models remain external rerank and accuracy-estimation inputs, not internal predictions, not CASP submissions, and not competitive-proof evidence."
6,R2353,R2353,3033,./R2353_all_cifs/Model_5027_af3_woTemplates_af3_seed_904992_sample_3_pred_198.cif,Model_5027_af3_woTemplates_af3_seed_904992_sample_3_pred_198.cif,5027,AF3,af3_woTemplates,904992,3,198,woTemplates,,False,casp17/massivefold_external_pool_intake/r2353/extracted_models/R2353_all_cifs/Model_5027_af3_woTemplates_af3_seed_904992_sample_3_pred_198.cif,awaiting_extract,"MassiveFold model pool index only. It parses organizer-provided external model tarball listings and stages balanced extraction/rerank candidates. These models remain external rerank and accuracy-estimation inputs, not internal predictions, not CASP submissions, and not competitive-proof evidence."
6,R2353,R2353,3041,./R2353_all_cifs/Model_5843_af3_woTemplates_af3_seed_904993_sample_1_pred_201.cif,Model_5843_af3_woTemplates_af3_seed_904993_sample_1_pred_201.cif,5843,AF3,af3_woTemplates,904993,1,201,woTemplates,,False,casp17/massivefold_external_pool_intake/r2353/extracted_models/R2353_all_cifs/Model_5843_af3_woTemplates_af3_seed_904993_sample_1_pred_201.cif,awaiting_extract,"MassiveFold model pool index only. It parses organizer-provided external model tarball listings and stages balanced extraction/rerank candidates. These models remain external rerank and accuracy-estimation inputs, not internal predictions, not CASP submissions, and not competitive-proof evidence."
6,R2353,R2353,3048,./R2353_all_cifs/Model_4888_af3_woTemplates_af3_seed_285265_sample_3_pred_278.cif,Model_4888_af3_woTemplates_af3_seed_285265_sample_3_pred_278.cif,4888,AF3,af3_woTemplates,285265,3,278,woTemplates,,False,casp17/massivefold_external_pool_intake/r2353/extracted_models/R2353_all_cifs/Model_4888_af3_woTemplates_af3_seed_285265_sample_3_pred_278.cif,awaiting_extract,"MassiveFold model pool index only. It parses organizer-provided external model tarball listings and stages balanced extraction/rerank candidates. These models remain external rerank and accuracy-estimation inputs, not internal predictions, not CASP submissions, and not competitive-proof evidence."
6,R2353,R2353,3065,./R2353_all_cifs/Model_7750_af3_woTemplates_af3_seed_285265_sample_0_pred_275.cif,Model_7750_af3_woTemplates_af3_seed_285265_sample_0_pred_275.cif,7750,AF3,af3_woTemplates,285265,0,275,woTemplates,,False,casp17/massivefold_external_pool_intake/r2353/extracted_models/R2353_all_cifs/Model_7750_af3_woTemplates_af3_seed_285265_sample_0_pred_275.cif,awaiting_extract,"MassiveFold model pool index only. It parses organizer-provided external model tarball listings and stages balanced extraction/rerank candidates. These models remain external rerank and accuracy-estimation inputs, not internal predictions, not CASP submissions, and not competitive-proof evidence."
6,R2353,R2353,3071,./R2353_all_cifs/Model_5210_af3_woTemplates_af3_seed_141668_sample_4_pred_694.cif,Model_5210_af3_woTemplates_af3_seed_141668_sample_4_pred_694.cif,5210,AF3,af3_woTemplates,141668,4,694,woTemplates,,False,casp17/massivefold_external_pool_intake/r2353/extracted_models/R2353_all_cifs/Model_5210_af3_woTemplates_af3_seed_141668_sample_4_pred_694.cif,awaiting_extract,"MassiveFold model pool index only. It parses organizer-provided external model tarball listings and stages balanced extraction/rerank candidates. These models remain external rerank and accuracy-estimation inputs, not internal predictions, not CASP submissions, and not competitive-proof evidence."
6,R2353,R2353,3085,./R2353_all_cifs/Model_4716_af3_woTemplates_af3_seed_141658_sample_0_pred_640.cif,Model_4716_af3_woTemplates_af3_seed_141658_sample_0_pred_640.cif,4716,AF3,af3_woTemplates,141658,0,640,woTemplates,,False,casp17/massivefold_external_pool_intake/r2353/extracted_models/R2353_all_cifs/Model_4716_af3_woTemplates_af3_seed_141658_sample_0_pred_640.cif,awaiting_extract,"MassiveFold model pool index only. It parses organizer-provided external model tarball listings and stages balanced extraction/rerank candidates. These models remain external rerank and accuracy-estimation inputs, not internal predictions, not CASP submissions, and not competitive-proof evidence."
6,R2353,R2353,3092,./R2353_all_cifs/Model_3383_af3_woTemplates_af3_seed_73759_sample_1_pred_981.cif,Model_3383_af3_woTemplates_af3_seed_73759_sample_1_pred_981.cif,3383,AF3,af3_woTemplates,73759,1,981,woTemplates,,False,casp17/massivefold_external_pool_intake/r2353/extracted_models/R2353_all_cifs/Model_3383_af3_woTemplates_af3_seed_73759_sample_1_pred_981.cif,awaiting_extract,"MassiveFold model pool index only. It parses organizer-provided external model tarball listings and stages balanced extraction/rerank candidates. These models remain external rerank and accuracy-estimation inputs, not internal predictions, not CASP submissions, and not competitive-proof evidence."
6,R2353,R2353,3094,./R2353_all_cifs/Model_2553_af3_woTemplates_af3_seed_5678_sample_0_pred_375.cif,Model_2553_af3_woTemplates_af3_seed_5678_sample_0_pred_375.cif,2553,AF3,af3_woTemplates,5678,0,375,woTemplates,,False,casp17/massivefold_external_pool_intake/r2353/extracted_models/R2353_all_cifs/Model_2553_af3_woTemplates_af3_seed_5678_sample_0_pred_375.cif,awaiting_extract,"MassiveFold model pool index only. It parses organizer-provided external model tarball listings and stages balanced extraction/rerank candidates. These models remain external rerank and accuracy-estimation inputs, not internal predictions, not CASP submissions, and not competitive-proof evidence."
6,R2353,R2353,3098,./R2353_all_cifs/Model_104_af3_woTemplates_af3_seed_73744_sample_0_pred_905.cif,Model_104_af3_woTemplates_af3_seed_73744_sample_0_pred_905.cif,104,AF3,af3_woTemplates,73744,0,905,woTemplates,,False,casp17/massivefold_external_pool_intake/r2353/extracted_models/R2353_all_cifs/Model_104_af3_woTemplates_af3_seed_73744_sample_0_pred_905.cif,awaiting_extract,"MassiveFold model pool index only. It parses organizer-provided external model tarball listings and stages balanced extraction/rerank candidates. These models remain external rerank and accuracy-estimation inputs, not internal predictions, not CASP submissions, and not competitive-proof evidence."
6,R2353,R2353,3100,./R2353_all_cifs/Model_5286_af3_woTemplates_af3_seed_359499_sample_1_pred_56.cif,Model_5286_af3_woTemplates_af3_seed_359499_sample_1_pred_56.cif,5286,AF3,af3_woTemplates,359499,1,56,woTemplates,,False,casp17/massivefold_external_pool_intake/r2353/extracted_models/R2353_all_cifs/Model_5286_af3_woTemplates_af3_seed_359499_sample_1_pred_56.cif,awaiting_extract,"MassiveFold model pool index only. It parses organizer-provided external model tarball listings and stages balanced extraction/rerank candidates. These models remain external rerank and accuracy-estimation inputs, not internal predictions, not CASP submissions, and not competitive-proof evidence."
6,R2353,R2353,3103,./R2353_all_cifs/Model_5276_af3_woTemplates_af3_seed_359505_sample_4_pred_89.cif,Model_5276_af3_woTemplates_af3_seed_359505_sample_4_pred_89.cif,5276,AF3,af3_woTemplates,359505,4,89,woTemplates,,False,casp17/massivefold_external_pool_intake/r2353/extracted_models/R2353_all_cifs/Model_5276_af3_woTemplates_af3_seed_359505_sample_4_pred_89.cif,awaiting_extract,"MassiveFold model pool index only. It parses organizer-provided external model tarball listings and stages balanced extraction/rerank candidates. These models remain external rerank and accuracy-estimation inputs, not internal predictions, not CASP submissions, and not competitive-proof evidence."
6,R2353,R2353,3104,./R2353_all_cifs/Model_170_af3_woTemplates_af3_seed_5682_sample_0_pred_395.cif,Model_170_af3_woTemplates_af3_seed_5682_sample_0_pred_395.cif,170,AF3,af3_woTemplates,5682,0,395,woTemplates,,False,casp17/massivefold_external_pool_intake/r2353/extracted_models/R2353_all_cifs/Model_170_af3_woTemplates_af3_seed_5682_sample_0_pred_395.cif,awaiting_extract,"MassiveFold model pool index only. It parses organizer-provided external model tarball listings and stages balanced extraction/rerank candidates. These models remain external rerank and accuracy-estimation inputs, not internal predictions, not CASP submissions, and not competitive-proof evidence."
6,R2353,R2353,3109,./R2353_all_cifs/Model_7051_af3_woTemplates_af3_seed_5681_sample_0_pred_390.cif,Model_7051_af3_woTemplates_af3_seed_5681_sample_0_pred_390.cif,7051,AF3,af3_woTemplates,5681,0,390,woTemplates,,False,casp17/massivefold_external_pool_intake/r2353/extracted_models/R2353_all_cifs/Model_7051_af3_woTemplates_af3_seed_5681_sample_0_pred_390.cif,awaiting_extract,"MassiveFold model pool index only. It parses organizer-provided external model tarball listings and stages balanced extraction/rerank candidates. These models remain external rerank and accuracy-estimation inputs, not internal predictions, not CASP submissions, and not competitive-proof evidence."
6,R2353,R2353,3114,./R2353_all_cifs/Model_4385_af3_woTemplates_af3_seed_218335_sample_4_pred_839.cif,Model_4385_af3_woTemplates_af3_seed_218335_sample_4_pred_839.cif,4385,AF3,af3_woTemplates,218335,4,839,woTemplates,,False,casp17/massivefold_external_pool_intake/r2353/extracted_models/R2353_all_cifs/Model_4385_af3_woTemplates_af3_seed_218335_sample_4_pred_839.cif,awaiting_extract,"MassiveFold model pool index only. It parses organizer-provided external model tarball listings and stages balanced extraction/rerank candidates. These models remain external rerank and accuracy-estimation inputs, not internal predictions, not CASP submissions, and not competitive-proof evidence."
6,R2353,R2353,3134,./R2353_all_cifs/Model_4858_af3_woTemplates_af3_seed_359496_sample_4_pred_44.cif,Model_4858_af3_woTemplates_af3_seed_359496_sample_4_pred_44.cif,4858,AF3,af3_woTemplates,359496,4,44,woTemplates,,False,casp17/massivefold_external_pool_intake/r2353/extracted_models/R2353_all_cifs/Model_4858_af3_woTemplates_af3_seed_359496_sample_4_pred_44.cif,awaiting_extract,"MassiveFold model pool index only. It parses organizer-provided external model tarball listings and stages balanced extraction/rerank candidates. These models remain external rerank and accuracy-estimation inputs, not internal predictions, not CASP submissions, and not competitive-proof evidence."
6,R2353,R2353,3140,./R2353_all_cifs/Model_3083_af3_woTemplates_af3_seed_578446_sample_2_pred_1002.cif,Model_3083_af3_woTemplates_af3_seed_578446_sample_2_pred_1002.cif,3083,AF3,af3_woTemplates,578446,2,1002,woTemplates,,False,casp17/massivefold_external_pool_intake/r2353/extracted_models/R2353_all_cifs/Model_3083_af3_woTemplates_af3_seed_578446_sample_2_pred_1002.cif,awaiting_extract,"MassiveFold model pool index only. It parses organizer-provided external model tarball listings and stages balanced extraction/rerank candidates. These models remain external rerank and accuracy-estimation inputs, not internal predictions, not CASP submissions, and not competitive-proof evidence."
6,R2353,R2353,3142,./R2353_all_cifs/Model_5847_af3_woTemplates_af3_seed_904978_sample_2_pred_127.cif,Model_5847_af3_woTemplates_af3_seed_904978_sample_2_pred_127.cif,5847,AF3,af3_woTemplates,904978,2,127,woTemplates,,False,casp17/massivefold_external_pool_intake/r2353/extracted_models/R2353_all_cifs/Model_5847_af3_woTemplates_af3_seed_904978_sample_2_pred_127.cif,awaiting_extract,"MassiveFold model pool index only. It parses organizer-provided external model tarball listings and stages balanced extraction/rerank candidates. These models remain external rerank and accuracy-estimation inputs, not internal predictions, not CASP submissions, and not competitive-proof evidence."
6,R2353,R2353,3147,./R2353_all_cifs/Model_2143_af3_woTemplates_af3_seed_359504_sample_1_pred_81.cif,Model_2143_af3_woTemplates_af3_seed_359504_sample_1_pred_81.cif,2143,AF3,af3_woTemplates,359504,1,81,woTemplates,,False,casp17/massivefold_external_pool_intake/r2353/extracted_models/R2353_all_cifs/Model_2143_af3_woTemplates_af3_seed_359504_sample_1_pred_81.cif,awaiting_extract,"MassiveFold model pool index only. It parses organizer-provided external model tarball listings and stages balanced extraction/rerank candidates. These models remain external rerank and accuracy-estimation inputs, not internal predictions, not CASP submissions, and not competitive-proof evidence."
6,R2353,R2353,3156,./R2353_all_cifs/Model_3512_af3_woTemplates_af3_seed_904980_sample_3_pred_138.cif,Model_3512_af3_woTemplates_af3_seed_904980_sample_3_pred_138.cif,3512,AF3,af3_woTemplates,904980,3,138,woTemplates,,False,casp17/massivefold_external_pool_intake/r2353/extracted_models/R2353_all_cifs/Model_3512_af3_woTemplates_af3_seed_904980_sample_3_pred_138.cif,awaiting_extract,"MassiveFold model pool index only. It parses organizer-provided external model tarball listings and stages balanced extraction/rerank candidates. These models remain external rerank and accuracy-estimation inputs, not internal predictions, not CASP submissions, and not competitive-proof evidence."
6,R2353,R2353,3165,./R2353_all_cifs/Model_5078_af3_woTemplates_af3_seed_5690_sample_1_pred_436.cif,Model_5078_af3_woTemplates_af3_seed_5690_sample_1_pred_436.cif,5078,AF3,af3_woTemplates,5690,1,436,woTemplates,,False,casp17/massivefold_external_pool_intake/r2353/extracted_models/R2353_all_cifs/Model_5078_af3_woTemplates_af3_seed_5690_sample_1_pred_436.cif,awaiting_extract,"MassiveFold model pool index only. It parses organizer-provided external model tarball listings and stages balanced extraction/rerank candidates. These models remain external rerank and accuracy-estimation inputs, not internal predictions, not CASP submissions, and not competitive-proof evidence."
6,R2353,R2353,3171,./R2353_all_cifs/Model_5039_af3_woTemplates_af3_seed_5701_sample_2_pred_492.cif,Model_5039_af3_woTemplates_af3_seed_5701_sample_2_pred_492.cif,5039,AF3,af3_woTemplates,5701,2,492,woTemplates,,False,casp17/massivefold_external_pool_intake/r2353/extracted_models/R2353_all_cifs/Model_5039_af3_woTemplates_af3_seed_5701_sample_2_pred_492.cif,awaiting_extract,"MassiveFold model pool index only. It parses organizer-provided external model tarball listings and stages balanced extraction/rerank candidates. These models remain external rerank and accuracy-estimation inputs, not internal predictions, not CASP submissions, and not competitive-proof evidence."
6,R2353,R2353,3181,./R2353_all_cifs/Model_3919_af3_woTemplates_af3_seed_73755_sample_3_pred_963.cif,Model_3919_af3_woTemplates_af3_seed_73755_sample_3_pred_963.cif,3919,AF3,af3_woTemplates,73755,3,963,woTemplates,,False,casp17/massivefold_external_pool_intake/r2353/extracted_models/R2353_all_cifs/Model_3919_af3_woTemplates_af3_seed_73755_sample_3_pred_963.cif,awaiting_extract,"MassiveFold model pool index only. It parses organizer-provided external model tarball listings and stages balanced extraction/rerank candidates. These models remain external rerank and accuracy-estimation inputs, not internal predictions, not CASP submissions, and not competitive-proof evidence."
6,R2353,R2353,3193,./R2353_all_cifs/Model_2314_af3_woTemplates_af3_seed_73738_sample_3_pred_878.cif,Model_2314_af3_woTemplates_af3_seed_73738_sample_3_pred_878.cif,2314,AF3,af3_woTemplates,73738,3,878,woTemplates,,False,casp17/massivefold_external_pool_intake/r2353/extracted_models/R2353_all_cifs/Model_2314_af3_woTemplates_af3_seed_73738_sample_3_pred_878.cif,awaiting_extract,"MassiveFold model pool index only. It parses organizer-provided external model tarball listings and stages balanced extraction/rerank candidates. These models remain external rerank and accuracy-estimation inputs, not internal predictions, not CASP submissions, and not competitive-proof evidence."
6,R2353,R2353,3201,./R2353_all_cifs/Model_1977_af3_woTemplates_af3_seed_372146_sample_3_pred_538.cif,Model_1977_af3_woTemplates_af3_seed_372146_sample_3_pred_538.cif,1977,AF3,af3_woTemplates,372146,3,538,woTemplates,,False,casp17/massivefold_external_pool_intake/r2353/extracted_models/R2353_all_cifs/Model_1977_af3_woTemplates_af3_seed_372146_sample_3_pred_538.cif,awaiting_extract,"MassiveFold model pool index only. It parses organizer-provided external model tarball listings and stages balanced extraction/rerank candidates. These models remain external rerank and accuracy-estimation inputs, not internal predictions, not CASP submissions, and not competitive-proof evidence."
6,R2353,R2353,3204,./R2353_all_cifs/Model_7084_af3_woTemplates_af3_seed_141660_sample_2_pred_652.cif,Model_7084_af3_woTemplates_af3_seed_141660_sample_2_pred_652.cif,7084,AF3,af3_woTemplates,141660,2,652,woTemplates,,False,casp17/massivefold_external_pool_intake/r2353/extracted_models/R2353_all_cifs/Model_7084_af3_woTemplates_af3_seed_141660_sample_2_pred_652.cif,awaiting_extract,"MassiveFold model pool index only. It parses organizer-provided external model tarball listings and stages balanced extraction/rerank candidates. These models remain external rerank and accuracy-estimation inputs, not internal predictions, not CASP submissions, and not competitive-proof evidence."
6,R2353,R2353,3227,./R2353_all_cifs/Model_7007_af3_woTemplates_af3_seed_359490_sample_4_pred_14.cif,Model_7007_af3_woTemplates_af3_seed_359490_sample_4_pred_14.cif,7007,AF3,af3_woTemplates,359490,4,14,woTemplates,,False,casp17/massivefold_external_pool_intake/r2353/extracted_models/R2353_all_cifs/Model_7007_af3_woTemplates_af3_seed_359490_sample_4_pred_14.cif,awaiting_extract,"MassiveFold model pool index only. It parses organizer-provided external model tarball listings and stages balanced extraction/rerank candidates. These models remain external rerank and accuracy-estimation inputs, not internal predictions, not CASP submissions, and not competitive-proof evidence."
6,R2353,R2353,3229,./R2353_all_cifs/Model_4068_af3_woTemplates_af3_seed_285279_sample_4_pred_349.cif,Model_4068_af3_woTemplates_af3_seed_285279_sample_4_pred_349.cif,4068,AF3,af3_woTemplates,285279,4,349,woTemplates,,False,casp17/massivefold_external_pool_intake/r2353/extracted_models/R2353_all_cifs/Model_4068_af3_woTemplates_af3_seed_285279_sample_4_pred_349.cif,awaiting_extract,"MassiveFold model pool index only. It parses organizer-provided external model tarball listings and stages balanced extraction/rerank candidates. These models remain external rerank and accuracy-estimation inputs, not internal predictions, not CASP submissions, and not competitive-proof evidence."
6,R2353,R2353,3246,./R2353_all_cifs/Model_3628_af3_woTemplates_af3_seed_285283_sample_0_pred_365.cif,Model_3628_af3_woTemplates_af3_seed_285283_sample_0_pred_365.cif,3628,AF3,af3_woTemplates,285283,0,365,woTemplates,,False,casp17/massivefold_external_pool_intake/r2353/extracted_models/R2353_all_cifs/Model_3628_af3_woTemplates_af3_seed_285283_sample_0_pred_365.cif,awaiting_extract,"MassiveFold model pool index only. It parses organizer-provided external model tarball listings and stages balanced extraction/rerank candidates. These models remain external rerank and accuracy-estimation inputs, not internal predictions, not CASP submissions, and not competitive-proof evidence."
6,R2353,R2353,3267,./R2353_all_cifs/Model_4342_af3_woTemplates_af3_seed_904983_sample_1_pred_151.cif,Model_4342_af3_woTemplates_af3_seed_904983_sample_1_pred_151.cif,4342,AF3,af3_woTemplates,904983,1,151,woTemplates,,False,casp17/massivefold_external_pool_intake/r2353/extracted_models/R2353_all_cifs/Model_4342_af3_woTemplates_af3_seed_904983_sample_1_pred_151.cif,awaiting_extract,"MassiveFold model pool index only. It parses organizer-provided external model tarball listings and stages balanced extraction/rerank candidates. These models remain external rerank and accuracy-estimation inputs, not internal predictions, not CASP submissions, and not competitive-proof evidence."
6,R2353,R2353,3271,./R2353_all_cifs/Model_5050_af3_woTemplates_af3_seed_285273_sample_0_pred_315.cif,Model_5050_af3_woTemplates_af3_seed_285273_sample_0_pred_315.cif,5050,AF3,af3_woTemplates,285273,0,315,woTemplates,,False,casp17/massivefold_external_pool_intake/r2353/extracted_models/R2353_all_cifs/Model_5050_af3_woTemplates_af3_seed_285273_sample_0_pred_315.cif,awaiting_extract,"MassiveFold model pool index only. It parses organizer-provided external model tarball listings and stages balanced extraction/rerank candidates. These models remain external rerank and accuracy-estimation inputs, not internal predictions, not CASP submissions, and not competitive-proof evidence."
6,R2353,R2353,3280,./R2353_all_cifs/Model_524_af3_woTemplates_af3_seed_5690_sample_2_pred_437.cif,Model_524_af3_woTemplates_af3_seed_5690_sample_2_pred_437.cif,524,AF3,af3_woTemplates,5690,2,437,woTemplates,,False,casp17/massivefold_external_pool_intake/r2353/extracted_models/R2353_all_cifs/Model_524_af3_woTemplates_af3_seed_5690_sample_2_pred_437.cif,awaiting_extract,"MassiveFold model pool index only. It parses organizer-provided external model tarball listings and stages balanced extraction/rerank candidates. These models remain external rerank and accuracy-estimation inputs, not internal predictions, not CASP submissions, and not competitive-proof evidence."
6,R2353,R2353,3284,./R2353_all_cifs/Model_7529_af3_woTemplates_af3_seed_359489_sample_1_pred_6.cif,Model_7529_af3_woTemplates_af3_seed_359489_sample_1_pred_6.cif,7529,AF3,af3_woTemplates,359489,1,6,woTemplates,,False,casp17/massivefold_external_pool_intake/r2353/extracted_models/R2353_all_cifs/Model_7529_af3_woTemplates_af3_seed_359489_sample_1_pred_6.cif,awaiting_extract,"MassiveFold model pool index only. It parses organizer-provided external model tarball listings and stages balanced extraction/rerank candidates. These models remain external rerank and accuracy-estimation inputs, not internal predictions, not CASP submissions, and not competitive-proof evidence."
6,R2353,R2353,3289,./R2353_all_cifs/Model_5881_af3_woTemplates_af3_seed_359509_sample_0_pred_105.cif,Model_5881_af3_woTemplates_af3_seed_359509_sample_0_pred_105.cif,5881,AF3,af3_woTemplates,359509,0,105,woTemplates,,False,casp17/massivefold_external_pool_intake/r2353/extracted_models/R2353_all_cifs/Model_5881_af3_woTemplates_af3_seed_359509_sample_0_pred_105.cif,awaiting_extract,"MassiveFold model pool index only. It parses organizer-provided external model tarball listings and stages balanced extraction/rerank candidates. These models remain external rerank and accuracy-estimation inputs, not internal predictions, not CASP submissions, and not competitive-proof evidence."
6,R2353,R2353,3294,./R2353_all_cifs/Model_4221_af3_woTemplates_af3_seed_141669_sample_2_pred_697.cif,Model_4221_af3_woTemplates_af3_seed_141669_sample_2_pred_697.cif,4221,AF3,af3_woTemplates,141669,2,697,woTemplates,,False,casp17/massivefold_external_pool_intake/r2353/extracted_models/R2353_all_cifs/Model_4221_af3_woTemplates_af3_seed_141669_sample_2_pred_697.cif,awaiting_extract,"MassiveFold model pool index only. It parses organizer-provided external model tarball listings and stages balanced extraction/rerank candidates. These models remain external rerank and accuracy-estimation inputs, not internal predictions, not CASP submissions, and not competitive-proof evidence."
6,R2353,R2353,3319,./R2353_all_cifs/Model_3334_af3_woTemplates_af3_seed_73745_sample_1_pred_911.cif,Model_3334_af3_woTemplates_af3_seed_73745_sample_1_pred_911.cif,3334,AF3,af3_woTemplates,73745,1,911,woTemplates,,False,casp17/massivefold_external_pool_intake/r2353/extracted_models/R2353_all_cifs/Model_3334_af3_woTemplates_af3_seed_73745_sample_1_pred_911.cif,awaiting_extract,"MassiveFold model pool index only. It parses organizer-provided external model tarball listings and stages balanced extraction/rerank candidates. These models remain external rerank and accuracy-estimation inputs, not internal predictions, not CASP submissions, and not competitive-proof evidence."
6,R2353,R2353,3323,./R2353_all_cifs/Model_6989_af3_woTemplates_af3_seed_285272_sample_0_pred_310.cif,Model_6989_af3_woTemplates_af3_seed_285272_sample_0_pred_310.cif,6989,AF3,af3_woTemplates,285272,0,310,woTemplates,,False,casp17/massivefold_external_pool_intake/r2353/extracted_models/R2353_all_cifs/Model_6989_af3_woTemplates_af3_seed_285272_sample_0_pred_310.cif,awaiting_extract,"MassiveFold model pool index only. It parses organizer-provided external model tarball listings and stages balanced extraction/rerank candidates. These models remain external rerank and accuracy-estimation inputs, not internal predictions, not CASP submissions, and not competitive-proof evidence."
6,R2353,R2353,3335,./R2353_all_cifs/Model_3466_af3_woTemplates_af3_seed_218336_sample_3_pred_843.cif,Model_3466_af3_woTemplates_af3_seed_218336_sample_3_pred_843.cif,3466,AF3,af3_woTemplates,218336,3,843,woTemplates,,False,casp17/massivefold_external_pool_intake/r2353/extracted_models/R2353_all_cifs/Model_3466_af3_woTemplates_af3_seed_218336_sample_3_pred_843.cif,awaiting_extract,"MassiveFold model pool index only. It parses organizer-provided external model tarball listings and stages balanced extraction/rerank candidates. These models remain external rerank and accuracy-estimation inputs, not internal predictions, not CASP submissions, and not competitive-proof evidence."
6,R2353,R2353,3344,./R2353_all_cifs/Model_5204_af3_woTemplates_af3_seed_372151_sample_4_pred_564.cif,Model_5204_af3_woTemplates_af3_seed_372151_sample_4_pred_564.cif,5204,AF3,af3_woTemplates,372151,4,564,woTemplates,,False,casp17/massivefold_external_pool_intake/r2353/extracted_models/R2353_all_cifs/Model_5204_af3_woTemplates_af3_seed_372151_sample_4_pred_564.cif,awaiting_extract,"MassiveFold model pool index only. It parses organizer-provided external model tarball listings and stages balanced extraction/rerank candidates. These models remain external rerank and accuracy-estimation inputs, not internal predictions, not CASP submissions, and not competitive-proof evidence."
6,R2353,R2353,3347,./R2353_all_cifs/Model_1392_af3_woTemplates_af3_seed_5695_sample_2_pred_462.cif,Model_1392_af3_woTemplates_af3_seed_5695_sample_2_pred_462.cif,1392,AF3,af3_woTemplates,5695,2,462,woTemplates,,False,casp17/massivefold_external_pool_intake/r2353/extracted_models/R2353_all_cifs/Model_1392_af3_woTemplates_af3_seed_5695_sample_2_pred_462.cif,awaiting_extract,"MassiveFold model pool index only. It parses organizer-provided external model tarball listings and stages balanced extraction/rerank candidates. These models remain external rerank and accuracy-estimation inputs, not internal predictions, not CASP submissions, and not competitive-proof evidence."
6,R2353,R2353,3348,./R2353_all_cifs/Model_6318_af3_woTemplates_af3_seed_218334_sample_3_pred_833.cif,Model_6318_af3_woTemplates_af3_seed_218334_sample_3_pred_833.cif,6318,AF3,af3_woTemplates,218334,3,833,woTemplates,,False,casp17/massivefold_external_pool_intake/r2353/extracted_models/R2353_all_cifs/Model_6318_af3_woTemplates_af3_seed_218334_sample_3_pred_833.cif,awaiting_extract,"MassiveFold model pool index only. It parses organizer-provided external model tarball listings and stages balanced extraction/rerank candidates. These models remain external rerank and accuracy-estimation inputs, not internal predictions, not CASP submissions, and not competitive-proof evidence."
6,R2353,R2353,3354,./R2353_all_cifs/Model_5564_af3_woTemplates_af3_seed_372141_sample_0_pred_510.cif,Model_5564_af3_woTemplates_af3_seed_372141_sample_0_pred_510.cif,5564,AF3,af3_woTemplates,372141,0,510,woTemplates,,False,casp17/massivefold_external_pool_intake/r2353/extracted_models/R2353_all_cifs/Model_5564_af3_woTemplates_af3_seed_372141_sample_0_pred_510.cif,awaiting_extract,"MassiveFold model pool index only. It parses organizer-provided external model tarball listings and stages balanced extraction/rerank candidates. These models remain external rerank and accuracy-estimation inputs, not internal predictions, not CASP submissions, and not competitive-proof evidence."
6,R2353,R2353,3358,./R2353_all_cifs/Model_5407_af3_woTemplates_af3_seed_141665_sample_1_pred_676.cif,Model_5407_af3_woTemplates_af3_seed_141665_sample_1_pred_676.cif,5407,AF3,af3_woTemplates,141665,1,676,woTemplates,,False,casp17/massivefold_external_pool_intake/r2353/extracted_models/R2353_all_cifs/Model_5407_af3_woTemplates_af3_seed_141665_sample_1_pred_676.cif,awaiting_extract,"MassiveFold model pool index only. It parses organizer-provided external model tarball listings and stages balanced extraction/rerank candidates. These models remain external rerank and accuracy-estimation inputs, not internal predictions, not CASP submissions, and not competitive-proof evidence."
6,R2353,R2353,3360,./R2353_all_cifs/Model_4430_af3_woTemplates_af3_seed_372156_sample_1_pred_586.cif,Model_4430_af3_woTemplates_af3_seed_372156_sample_1_pred_586.cif,4430,AF3,af3_woTemplates,372156,1,586,woTemplates,,False,casp17/massivefold_external_pool_intake/r2353/extracted_models/R2353_all_cifs/Model_4430_af3_woTemplates_af3_seed_372156_sample_1_pred_586.cif,awaiting_extract,"MassiveFold model pool index only. It parses organizer-provided external model tarball listings and stages balanced extraction/rerank candidates. These models remain external rerank and accuracy-estimation inputs, not internal predictions, not CASP submissions, and not competitive-proof evidence."
6,R2353,R2353,3363,./R2353_all_cifs/Model_4353_af3_woTemplates_af3_seed_73757_sample_1_pred_971.cif,Model_4353_af3_woTemplates_af3_seed_73757_sample_1_pred_971.cif,4353,AF3,af3_woTemplates,73757,1,971,woTemplates,,False,casp17/massivefold_external_pool_intake/r2353/extracted_models/R2353_all_cifs/Model_4353_af3_woTemplates_af3_seed_73757_sample_1_pred_971.cif,awaiting_extract,"MassiveFold model pool index only. It parses organizer-provided external model tarball listings and stages balanced extraction/rerank candidates. These models remain external rerank and accuracy-estimation inputs, not internal predictions, not CASP submissions, and not competitive-proof evidence."
6,R2353,R2353,3367,./R2353_all_cifs/Model_2642_af3_woTemplates_af3_seed_5689_sample_4_pred_434.cif,Model_2642_af3_woTemplates_af3_seed_5689_sample_4_pred_434.cif,2642,AF3,af3_woTemplates,5689,4,434,woTemplates,,False,casp17/massivefold_external_pool_intake/r2353/extracted_models/R2353_all_cifs/Model_2642_af3_woTemplates_af3_seed_5689_sample_4_pred_434.cif,awaiting_extract,"MassiveFold model pool index only. It parses organizer-provided external model tarball listings and stages balanced extraction/rerank candidates. These models remain external rerank and accuracy-estimation inputs, not internal predictions, not CASP submissions, and not competitive-proof evidence."
6,R2353,R2353,3369,./R2353_all_cifs/Model_3417_af3_woTemplates_af3_seed_904979_sample_4_pred_134.cif,Model_3417_af3_woTemplates_af3_seed_904979_sample_4_pred_134.cif,3417,AF3,af3_woTemplates,904979,4,134,woTemplates,,False,casp17/massivefold_external_pool_intake/r2353/extracted_models/R2353_all_cifs/Model_3417_af3_woTemplates_af3_seed_904979_sample_4_pred_134.cif,awaiting_extract,"MassiveFold model pool index only. It parses organizer-provided external model tarball listings and stages balanced extraction/rerank candidates. These models remain external rerank and accuracy-estimation inputs, not internal predictions, not CASP submissions, and not competitive-proof evidence."
6,R2353,R2353,3377,./R2353_all_cifs/Model_2074_af3_woTemplates_af3_seed_73753_sample_2_pred_952.cif,Model_2074_af3_woTemplates_af3_seed_73753_sample_2_pred_952.cif,2074,AF3,af3_woTemplates,73753,2,952,woTemplates,,False,casp17/massivefold_external_pool_intake/r2353/extracted_models/R2353_all_cifs/Model_2074_af3_woTemplates_af3_seed_73753_sample_2_pred_952.cif,awaiting_extract,"MassiveFold model pool index only. It parses organizer-provided external model tarball listings and stages balanced extraction/rerank candidates. These models remain external rerank and accuracy-estimation inputs, not internal predictions, not CASP submissions, and not competitive-proof evidence."
6,R2353,R2353,3386,./R2353_all_cifs/Model_2691_af3_woTemplates_af3_seed_73753_sample_4_pred_954.cif,Model_2691_af3_woTemplates_af3_seed_73753_sample_4_pred_954.cif,2691,AF3,af3_woTemplates,73753,4,954,woTemplates,,False,casp17/massivefold_external_pool_intake/r2353/extracted_models/R2353_all_cifs/Model_2691_af3_woTemplates_af3_seed_73753_sample_4_pred_954.cif,awaiting_extract,"MassiveFold model pool index only. It parses organizer-provided external model tarball listings and stages balanced extraction/rerank candidates. These models remain external rerank and accuracy-estimation inputs, not internal predictions, not CASP submissions, and not competitive-proof evidence."
6,R2353,R2353,3394,./R2353_all_cifs/Model_3937_af3_woTemplates_af3_seed_372146_sample_1_pred_536.cif,Model_3937_af3_woTemplates_af3_seed_372146_sample_1_pred_536.cif,3937,AF3,af3_woTemplates,372146,1,536,woTemplates,,False,casp17/massivefold_external_pool_intake/r2353/extracted_models/R2353_all_cifs/Model_3937_af3_woTemplates_af3_seed_372146_sample_1_pred_536.cif,awaiting_extract,"MassiveFold model pool index only. It parses organizer-provided external model tarball listings and stages balanced extraction/rerank candidates. These models remain external rerank and accuracy-estimation inputs, not internal predictions, not CASP submissions, and not competitive-proof evidence."
6,R2353,R2353,3401,./R2353_all_cifs/Model_304_af3_woTemplates_af3_seed_359500_sample_0_pred_60.cif,Model_304_af3_woTemplates_af3_seed_359500_sample_0_pred_60.cif,304,AF3,af3_woTemplates,359500,0,60,woTemplates,,False,casp17/massivefold_external_pool_intake/r2353/extracted_models/R2353_all_cifs/Model_304_af3_woTemplates_af3_seed_359500_sample_0_pred_60.cif,awaiting_extract,"MassiveFold model pool index only. It parses organizer-provided external model tarball listings and stages balanced extraction/rerank candidates. These models remain external rerank and accuracy-estimation inputs, not internal predictions, not CASP submissions, and not competitive-proof evidence."
6,R2353,R2353,3405,./R2353_all_cifs/Model_6291_af3_woTemplates_af3_seed_141658_sample_1_pred_641.cif,Model_6291_af3_woTemplates_af3_seed_141658_sample_1_pred_641.cif,6291,AF3,af3_woTemplates,141658,1,641,woTemplates,,False,casp17/massivefold_external_pool_intake/r2353/extracted_models/R2353_all_cifs/Model_6291_af3_woTemplates_af3_seed_141658_sample_1_pred_641.cif,awaiting_extract,"MassiveFold model pool index only. It parses organizer-provided external model tarball listings and stages balanced extraction/rerank candidates. These models remain external rerank and accuracy-estimation inputs, not internal predictions, not CASP submissions, and not competitive-proof evidence."
6,R2353,R2353,3409,./R2353_all_cifs/Model_6234_af3_woTemplates_af3_seed_904993_sample_2_pred_202.cif,Model_6234_af3_woTemplates_af3_seed_904993_sample_2_pred_202.cif,6234,AF3,af3_woTemplates,904993,2,202,woTemplates,,False,casp17/massivefold_external_pool_intake/r2353/extracted_models/R2353_all_cifs/Model_6234_af3_woTemplates_af3_seed_904993_sample_2_pred_202.cif,awaiting_extract,"MassiveFold model pool index only. It parses organizer-provided external model tarball listings and stages balanced extraction/rerank candidates. These models remain external rerank and accuracy-estimation inputs, not internal predictions, not CASP submissions, and not competitive-proof evidence."
6,R2353,R2353,3416,./R2353_all_cifs/Model_311_af3_woTemplates_af3_seed_141657_sample_1_pred_636.cif,Model_311_af3_woTemplates_af3_seed_141657_sample_1_pred_636.cif,311,AF3,af3_woTemplates,141657,1,636,woTemplates,,False,casp17/massivefold_external_pool_intake/r2353/extracted_models/R2353_all_cifs/Model_311_af3_woTemplates_af3_seed_141657_sample_1_pred_636.cif,awaiting_extract,"MassiveFold model pool index only. It parses organizer-provided external model tarball listings and stages balanced extraction/rerank candidates. These models remain external rerank and accuracy-estimation inputs, not internal predictions, not CASP submissions, and not competitive-proof evidence."
6,R2353,R2353,3419,./R2353_all_cifs/Model_1832_af3_woTemplates_af3_seed_578446_sample_0_pred_1000.cif,Model_1832_af3_woTemplates_af3_seed_578446_sample_0_pred_1000.cif,1832,AF3,af3_woTemplates,578446,0,1000,woTemplates,,False,casp17/massivefold_external_pool_intake/r2353/extracted_models/R2353_all_cifs/Model_1832_af3_woTemplates_af3_seed_578446_sample_0_pred_1000.cif,awaiting_extract,"MassiveFold model pool index only. It parses organizer-provided external model tarball listings and stages balanced extraction/rerank candidates. These models remain external rerank and accuracy-estimation inputs, not internal predictions, not CASP submissions, and not competitive-proof evidence."
6,R2353,R2353,3424,./R2353_all_cifs/Model_7707_af3_woTemplates_af3_seed_904983_sample_2_pred_152.cif,Model_7707_af3_woTemplates_af3_seed_904983_sample_2_pred_152.cif,7707,AF3,af3_woTemplates,904983,2,152,woTemplates,,False,casp17/massivefold_external_pool_intake/r2353/extracted_models/R2353_all_cifs/Model_7707_af3_woTemplates_af3_seed_904983_sample_2_pred_152.cif,awaiting_extract,"MassiveFold model pool index only. It parses organizer-provided external model tarball listings and stages balanced extraction/rerank candidates. These models remain external rerank and accuracy-estimation inputs, not internal predictions, not CASP submissions, and not competitive-proof evidence."
6,R2353,R2353,3428,./R2353_all_cifs/Model_4521_af3_woTemplates_af3_seed_141666_sample_3_pred_683.cif,Model_4521_af3_woTemplates_af3_seed_141666_sample_3_pred_683.cif,4521,AF3,af3_woTemplates,141666,3,683,woTemplates,,False,casp17/massivefold_external_pool_intake/r2353/extracted_models/R2353_all_cifs/Model_4521_af3_woTemplates_af3_seed_141666_sample_3_pred_683.cif,awaiting_extract,"MassiveFold model pool index only. It parses organizer-provided external model tarball listings and stages balanced extraction/rerank candidates. These models remain external rerank and accuracy-estimation inputs, not internal predictions, not CASP submissions, and not competitive-proof evidence."
6,R2353,R2353,3436,./R2353_all_cifs/Model_6226_af3_woTemplates_af3_seed_73738_sample_4_pred_879.cif,Model_6226_af3_woTemplates_af3_seed_73738_sample_4_pred_879.cif,6226,AF3,af3_woTemplates,73738,4,879,woTemplates,,False,casp17/massivefold_external_pool_intake/r2353/extracted_models/R2353_all_cifs/Model_6226_af3_woTemplates_af3_seed_73738_sample_4_pred_879.cif,awaiting_extract,"MassiveFold model pool index only. It parses organizer-provided external model tarball listings and stages balanced extraction/rerank candidates. These models remain external rerank and accuracy-estimation inputs, not internal predictions, not CASP submissions, and not competitive-proof evidence."
6,R2353,R2353,3441,./R2353_all_cifs/Model_6105_af3_woTemplates_af3_seed_578446_sample_1_pred_1001.cif,Model_6105_af3_woTemplates_af3_seed_578446_sample_1_pred_1001.cif,6105,AF3,af3_woTemplates,578446,1,1001,woTemplates,,False,casp17/massivefold_external_pool_intake/r2353/extracted_models/R2353_all_cifs/Model_6105_af3_woTemplates_af3_seed_578446_sample_1_pred_1001.cif,awaiting_extract,"MassiveFold model pool index only. It parses organizer-provided external model tarball listings and stages balanced extraction/rerank candidates. These models remain external rerank and accuracy-estimation inputs, not internal predictions, not CASP submissions, and not competitive-proof evidence."
6,R2353,R2353,3447,./R2353_all_cifs/Model_7815_af3_woTemplates_af3_seed_285281_sample_4_pred_359.cif,Model_7815_af3_woTemplates_af3_seed_285281_sample_4_pred_359.cif,7815,AF3,af3_woTemplates,285281,4,359,woTemplates,,False,casp17/massivefold_external_pool_intake/r2353/extracted_models/R2353_all_cifs/Model_7815_af3_woTemplates_af3_seed_285281_sample_4_pred_359.cif,awaiting_extract,"MassiveFold model pool index only. It parses organizer-provided external model tarball listings and stages balanced extraction/rerank candidates. These models remain external rerank and accuracy-estimation inputs, not internal predictions, not CASP submissions, and not competitive-proof evidence."
6,R2353,R2353,3460,./R2353_all_cifs/Model_5549_af3_woTemplates_af3_seed_218335_sample_2_pred_837.cif,Model_5549_af3_woTemplates_af3_seed_218335_sample_2_pred_837.cif,5549,AF3,af3_woTemplates,218335,2,837,woTemplates,,False,casp17/massivefold_external_pool_intake/r2353/extracted_models/R2353_all_cifs/Model_5549_af3_woTemplates_af3_seed_218335_sample_2_pred_837.cif,awaiting_extract,"MassiveFold model pool index only. It parses organizer-provided external model tarball listings and stages balanced extraction/rerank candidates. These models remain external rerank and accuracy-estimation inputs, not internal predictions, not CASP submissions, and not competitive-proof evidence."
6,R2353,R2353,3462,./R2353_all_cifs/Model_4770_af3_woTemplates_af3_seed_904998_sample_4_pred_229.cif,Model_4770_af3_woTemplates_af3_seed_904998_sample_4_pred_229.cif,4770,AF3,af3_woTemplates,904998,4,229,woTemplates,,False,casp17/massivefold_external_pool_intake/r2353/extracted_models/R2353_all_cifs/Model_4770_af3_woTemplates_af3_seed_904998_sample_4_pred_229.cif,awaiting_extract,"MassiveFold model pool index only. It parses organizer-provided external model tarball listings and stages balanced extraction/rerank candidates. These models remain external rerank and accuracy-estimation inputs, not internal predictions, not CASP submissions, and not competitive-proof evidence."
6,R2353,R2353,3463,./R2353_all_cifs/Model_1742_af3_woTemplates_af3_seed_372153_sample_1_pred_571.cif,Model_1742_af3_woTemplates_af3_seed_372153_sample_1_pred_571.cif,1742,AF3,af3_woTemplates,372153,1,571,woTemplates,,False,casp17/massivefold_external_pool_intake/r2353/extracted_models/R2353_all_cifs/Model_1742_af3_woTemplates_af3_seed_372153_sample_1_pred_571.cif,awaiting_extract,"MassiveFold model pool index only. It parses organizer-provided external model tarball listings and stages balanced extraction/rerank candidates. These models remain external rerank and accuracy-estimation inputs, not internal predictions, not CASP submissions, and not competitive-proof evidence."
6,R2353,R2353,3471,./R2353_all_cifs/Model_1719_af3_woTemplates_af3_seed_359509_sample_1_pred_106.cif,Model_1719_af3_woTemplates_af3_seed_359509_sample_1_pred_106.cif,1719,AF3,af3_woTemplates,359509,1,106,woTemplates,,False,casp17/massivefold_external_pool_intake/r2353/extracted_models/R2353_all_cifs/Model_1719_af3_woTemplates_af3_seed_359509_sample_1_pred_106.cif,awaiting_extract,"MassiveFold model pool index only. It parses organizer-provided external model tarball listings and stages balanced extraction/rerank candidates. These models remain external rerank and accuracy-estimation inputs, not internal predictions, not CASP submissions, and not competitive-proof evidence."
6,R2353,R2353,3479,./R2353_all_cifs/Model_8016_af3_woTemplates_af3_seed_372157_sample_3_pred_593.cif,Model_8016_af3_woTemplates_af3_seed_372157_sample_3_pred_593.cif,8016,AF3,af3_woTemplates,372157,3,593,woTemplates,,False,casp17/massivefold_external_pool_intake/r2353/extracted_models/R2353_all_cifs/Model_8016_af3_woTemplates_af3_seed_372157_sample_3_pred_593.cif,awaiting_extract,"MassiveFold model pool index only. It parses organizer-provided external model tarball listings and stages balanced extraction/rerank candidates. These models remain external rerank and accuracy-estimation inputs, not internal predictions, not CASP submissions, and not competitive-proof evidence."
6,R2353,R2353,3480,./R2353_all_cifs/Model_1124_af3_woTemplates_af3_seed_73741_sample_4_pred_894.cif,Model_1124_af3_woTemplates_af3_seed_73741_sample_4_pred_894.cif,1124,AF3,af3_woTemplates,73741,4,894,woTemplates,,False,casp17/massivefold_external_pool_intake/r2353/extracted_models/R2353_all_cifs/Model_1124_af3_woTemplates_af3_seed_73741_sample_4_pred_894.cif,awaiting_extract,"MassiveFold model pool index only. It parses organizer-provided external model tarball listings and stages balanced extraction/rerank candidates. These models remain external rerank and accuracy-estimation inputs, not internal predictions, not CASP submissions, and not competitive-proof evidence."
6,R2353,R2353,3488,./R2353_all_cifs/Model_2014_af3_woTemplates_af3_seed_359499_sample_2_pred_57.cif,Model_2014_af3_woTemplates_af3_seed_359499_sample_2_pred_57.cif,2014,AF3,af3_woTemplates,359499,2,57,woTemplates,,False,casp17/massivefold_external_pool_intake/r2353/extracted_models/R2353_all_cifs/Model_2014_af3_woTemplates_af3_seed_359499_sample_2_pred_57.cif,awaiting_extract,"MassiveFold model pool index only. It parses organizer-provided external model tarball listings and stages balanced extraction/rerank candidates. These models remain external rerank and accuracy-estimation inputs, not internal predictions, not CASP submissions, and not competitive-proof evidence."
6,R2353,R2353,3492,./R2353_all_cifs/Model_4452_af3_woTemplates_af3_seed_359493_sample_3_pred_28.cif,Model_4452_af3_woTemplates_af3_seed_359493_sample_3_pred_28.cif,4452,AF3,af3_woTemplates,359493,3,28,woTemplates,,False,casp17/massivefold_external_pool_intake/r2353/extracted_models/R2353_all_cifs/Model_4452_af3_woTemplates_af3_seed_359493_sample_3_pred_28.cif,awaiting_extract,"MassiveFold model pool index only. It parses organizer-provided external model tarball listings and stages balanced extraction/rerank candidates. These models remain external rerank and accuracy-estimation inputs, not internal predictions, not CASP submissions, and not competitive-proof evidence."
6,R2353,R2353,3501,./R2353_all_cifs/Model_7166_af3_woTemplates_af3_seed_141678_sample_2_pred_742.cif,Model_7166_af3_woTemplates_af3_seed_141678_sample_2_pred_742.cif,7166,AF3,af3_woTemplates,141678,2,742,woTemplates,,False,casp17/massivefold_external_pool_intake/r2353/extracted_models/R2353_all_cifs/Model_7166_af3_woTemplates_af3_seed_141678_sample_2_pred_742.cif,awaiting_extract,"MassiveFold model pool index only. It parses organizer-provided external model tarball listings and stages balanced extraction/rerank candidates. These models remain external rerank and accuracy-estimation inputs, not internal predictions, not CASP submissions, and not competitive-proof evidence."
6,R2353,R2353,3505,./R2353_all_cifs/Model_2807_af3_woTemplates_af3_seed_218321_sample_2_pred_767.cif,Model_2807_af3_woTemplates_af3_seed_218321_sample_2_pred_767.cif,2807,AF3,af3_woTemplates,218321,2,767,woTemplates,,False,casp17/massivefold_external_pool_intake/r2353/extracted_models/R2353_all_cifs/Model_2807_af3_woTemplates_af3_seed_218321_sample_2_pred_767.cif,awaiting_extract,"MassiveFold model pool index only. It parses organizer-provided external model tarball listings and stages balanced extraction/rerank candidates. These models remain external rerank and accuracy-estimation inputs, not internal predictions, not CASP submissions, and not competitive-proof evidence."
6,R2353,R2353,3509,./R2353_all_cifs/Model_5242_af3_woTemplates_af3_seed_218321_sample_4_pred_769.cif,Model_5242_af3_woTemplates_af3_seed_218321_sample_4_pred_769.cif,5242,AF3,af3_woTemplates,218321,4,769,woTemplates,,False,casp17/massivefold_external_pool_intake/r2353/extracted_models/R2353_all_cifs/Model_5242_af3_woTemplates_af3_seed_218321_sample_4_pred_769.cif,awaiting_extract,"MassiveFold model pool index only. It parses organizer-provided external model tarball listings and stages balanced extraction/rerank candidates. These models remain external rerank and accuracy-estimation inputs, not internal predictions, not CASP submissions, and not competitive-proof evidence."
6,R2353,R2353,3510,./R2353_all_cifs/Model_5011_af3_woTemplates_af3_seed_141669_sample_1_pred_696.cif,Model_5011_af3_woTemplates_af3_seed_141669_sample_1_pred_696.cif,5011,AF3,af3_woTemplates,141669,1,696,woTemplates,,False,casp17/massivefold_external_pool_intake/r2353/extracted_models/R2353_all_cifs/Model_5011_af3_woTemplates_af3_seed_141669_sample_1_pred_696.cif,awaiting_extract,"MassiveFold model pool index only. It parses organizer-provided external model tarball listings and stages balanced extraction/rerank candidates. These models remain external rerank and accuracy-estimation inputs, not internal predictions, not CASP submissions, and not competitive-proof evidence."
6,R2353,R2353,3517,./R2353_all_cifs/Model_5438_af3_woTemplates_af3_seed_141656_sample_0_pred_630.cif,Model_5438_af3_woTemplates_af3_seed_141656_sample_0_pred_630.cif,5438,AF3,af3_woTemplates,141656,0,630,woTemplates,,False,casp17/massivefold_external_pool_intake/r2353/extracted_models/R2353_all_cifs/Model_5438_af3_woTemplates_af3_seed_141656_sample_0_pred_630.cif,awaiting_extract,"MassiveFold model pool index only. It parses organizer-provided external model tarball listings and stages balanced extraction/rerank candidates. These models remain external rerank and accuracy-estimation inputs, not internal predictions, not CASP submissions, and not competitive-proof evidence."
6,R2353,R2353,3519,./R2353_all_cifs/Model_1430_af3_woTemplates_af3_seed_218322_sample_4_pred_774.cif,Model_1430_af3_woTemplates_af3_seed_218322_sample_4_pred_774.cif,1430,AF3,af3_woTemplates,218322,4,774,woTemplates,,False,casp17/massivefold_external_pool_intake/r2353/extracted_models/R2353_all_cifs/Model_1430_af3_woTemplates_af3_seed_218322_sample_4_pred_774.cif,awaiting_extract,"MassiveFold model pool index only. It parses organizer-provided external model tarball listings and stages balanced extraction/rerank candidates. These models remain external rerank and accuracy-estimation inputs, not internal predictions, not CASP submissions, and not competitive-proof evidence."
6,R2353,R2353,3525,./R2353_all_cifs/Model_2726_af3_woTemplates_af3_seed_73762_sample_3_pred_998.cif,Model_2726_af3_woTemplates_af3_seed_73762_sample_3_pred_998.cif,2726,AF3,af3_woTemplates,73762,3,998,woTemplates,,False,casp17/massivefold_external_pool_intake/r2353/extracted_models/R2353_all_cifs/Model_2726_af3_woTemplates_af3_seed_73762_sample_3_pred_998.cif,awaiting_extract,"MassiveFold model pool index only. It parses organizer-provided external model tarball listings and stages balanced extraction/rerank candidates. These models remain external rerank and accuracy-estimation inputs, not internal predictions, not CASP submissions, and not competitive-proof evidence."
6,R2353,R2353,3533,./R2353_all_cifs/Model_1007_af3_woTemplates_af3_seed_5695_sample_4_pred_464.cif,Model_1007_af3_woTemplates_af3_seed_5695_sample_4_pred_464.cif,1007,AF3,af3_woTemplates,5695,4,464,woTemplates,,False,casp17/massivefold_external_pool_intake/r2353/extracted_models/R2353_all_cifs/Model_1007_af3_woTemplates_af3_seed_5695_sample_4_pred_464.cif,awaiting_extract,"MassiveFold model pool index only. It parses organizer-provided external model tarball listings and stages balanced extraction/rerank candidates. These models remain external rerank and accuracy-estimation inputs, not internal predictions, not CASP submissions, and not competitive-proof evidence."
6,R2353,R2353,3534,./R2353_all_cifs/Model_4643_af3_woTemplates_af3_seed_73750_sample_1_pred_936.cif,Model_4643_af3_woTemplates_af3_seed_73750_sample_1_pred_936.cif,4643,AF3,af3_woTemplates,73750,1,936,woTemplates,,False,casp17/massivefold_external_pool_intake/r2353/extracted_models/R2353_all_cifs/Model_4643_af3_woTemplates_af3_seed_73750_sample_1_pred_936.cif,awaiting_extract,"MassiveFold model pool index only. It parses organizer-provided external model tarball listings and stages balanced extraction/rerank candidates. These models remain external rerank and accuracy-estimation inputs, not internal predictions, not CASP submissions, and not competitive-proof evidence."
6,R2353,R2353,3536,./R2353_all_cifs/Model_2971_af3_woTemplates_af3_seed_141679_sample_3_pred_748.cif,Model_2971_af3_woTemplates_af3_seed_141679_sample_3_pred_748.cif,2971,AF3,af3_woTemplates,141679,3,748,woTemplates,,False,casp17/massivefold_external_pool_intake/r2353/extracted_models/R2353_all_cifs/Model_2971_af3_woTemplates_af3_seed_141679_sample_3_pred_748.cif,awaiting_extract,"MassiveFold model pool index only. It parses organizer-provided external model tarball listings and stages balanced extraction/rerank candidates. These models remain external rerank and accuracy-estimation inputs, not internal predictions, not CASP submissions, and not competitive-proof evidence."
6,R2353,R2353,3541,./R2353_all_cifs/Model_2019_af3_woTemplates_af3_seed_141660_sample_4_pred_654.cif,Model_2019_af3_woTemplates_af3_seed_141660_sample_4_pred_654.cif,2019,AF3,af3_woTemplates,141660,4,654,woTemplates,,False,casp17/massivefold_external_pool_intake/r2353/extracted_models/R2353_all_cifs/Model_2019_af3_woTemplates_af3_seed_141660_sample_4_pred_654.cif,awaiting_extract,"MassiveFold model pool index only. It parses organizer-provided external model tarball listings and stages balanced extraction/rerank candidates. These models remain external rerank and accuracy-estimation inputs, not internal predictions, not CASP submissions, and not competitive-proof evidence."
6,R2353,R2353,3542,./R2353_all_cifs/Model_3259_af3_woTemplates_af3_seed_372150_sample_0_pred_555.cif,Model_3259_af3_woTemplates_af3_seed_372150_sample_0_pred_555.cif,3259,AF3,af3_woTemplates,372150,0,555,woTemplates,,False,casp17/massivefold_external_pool_intake/r2353/extracted_models/R2353_all_cifs/Model_3259_af3_woTemplates_af3_seed_372150_sample_0_pred_555.cif,awaiting_extract,"MassiveFold model pool index only. It parses organizer-provided external model tarball listings and stages balanced extraction/rerank candidates. These models remain external rerank and accuracy-estimation inputs, not internal predictions, not CASP submissions, and not competitive-proof evidence."
6,R2353,R2353,3563,./R2353_all_cifs/Model_456_af3_woTemplates_af3_seed_285266_sample_1_pred_281.cif,Model_456_af3_woTemplates_af3_seed_285266_sample_1_pred_281.cif,456,AF3,af3_woTemplates,285266,1,281,woTemplates,,False,casp17/massivefold_external_pool_intake/r2353/extracted_models/R2353_all_cifs/Model_456_af3_woTemplates_af3_seed_285266_sample_1_pred_281.cif,awaiting_extract,"MassiveFold model pool index only. It parses organizer-provided external model tarball listings and stages balanced extraction/rerank candidates. These models remain external rerank and accuracy-estimation inputs, not internal predictions, not CASP submissions, and not competitive-proof evidence."
6,R2353,R2353,3568,./R2353_all_cifs/Model_6920_af3_woTemplates_af3_seed_73761_sample_4_pred_994.cif,Model_6920_af3_woTemplates_af3_seed_73761_sample_4_pred_994.cif,6920,AF3,af3_woTemplates,73761,4,994,woTemplates,,False,casp17/massivefold_external_pool_intake/r2353/extracted_models/R2353_all_cifs/Model_6920_af3_woTemplates_af3_seed_73761_sample_4_pred_994.cif,awaiting_extract,"MassiveFold model pool index only. It parses organizer-provided external model tarball listings and stages balanced extraction/rerank candidates. These models remain external rerank and accuracy-estimation inputs, not internal predictions, not CASP submissions, and not competitive-proof evidence."
6,R2353,R2353,3573,./R2353_all_cifs/Model_424_af3_woTemplates_af3_seed_73757_sample_2_pred_972.cif,Model_424_af3_woTemplates_af3_seed_73757_sample_2_pred_972.cif,424,AF3,af3_woTemplates,73757,2,972,woTemplates,,False,casp17/massivefold_external_pool_intake/r2353/extracted_models/R2353_all_cifs/Model_424_af3_woTemplates_af3_seed_73757_sample_2_pred_972.cif,awaiting_extract,"MassiveFold model pool index only. It parses organizer-provided external model tarball listings and stages balanced extraction/rerank candidates. These models remain external rerank and accuracy-estimation inputs, not internal predictions, not CASP submissions, and not competitive-proof evidence."
6,R2353,R2353,3574,./R2353_all_cifs/Model_1173_af3_woTemplates_af3_seed_73739_sample_2_pred_882.cif,Model_1173_af3_woTemplates_af3_seed_73739_sample_2_pred_882.cif,1173,AF3,af3_woTemplates,73739,2,882,woTemplates,,False,casp17/massivefold_external_pool_intake/r2353/extracted_models/R2353_all_cifs/Model_1173_af3_woTemplates_af3_seed_73739_sample_2_pred_882.cif,awaiting_extract,"MassiveFold model pool index only. It parses organizer-provided external model tarball listings and stages balanced extraction/rerank candidates. These models remain external rerank and accuracy-estimation inputs, not internal predictions, not CASP submissions, and not competitive-proof evidence."
6,R2353,R2353,3582,./R2353_all_cifs/Model_5147_af3_woTemplates_af3_seed_285280_sample_3_pred_353.cif,Model_5147_af3_woTemplates_af3_seed_285280_sample_3_pred_353.cif,5147,AF3,af3_woTemplates,285280,3,353,woTemplates,,False,casp17/massivefold_external_pool_intake/r2353/extracted_models/R2353_all_cifs/Model_5147_af3_woTemplates_af3_seed_285280_sample_3_pred_353.cif,awaiting_extract,"MassiveFold model pool index only. It parses organizer-provided external model tarball listings and stages balanced extraction/rerank candidates. These models remain external rerank and accuracy-estimation inputs, not internal predictions, not CASP submissions, and not competitive-proof evidence."
6,R2353,R2353,3588,./R2353_all_cifs/Model_4647_af3_woTemplates_af3_seed_372148_sample_2_pred_547.cif,Model_4647_af3_woTemplates_af3_seed_372148_sample_2_pred_547.cif,4647,AF3,af3_woTemplates,372148,2,547,woTemplates,,False,casp17/massivefold_external_pool_intake/r2353/extracted_models/R2353_all_cifs/Model_4647_af3_woTemplates_af3_seed_372148_sample_2_pred_547.cif,awaiting_extract,"MassiveFold model pool index only. It parses organizer-provided external model tarball listings and stages balanced extraction/rerank candidates. These models remain external rerank and accuracy-estimation inputs, not internal predictions, not CASP submissions, and not competitive-proof evidence."
6,R2353,R2353,3593,./R2353_all_cifs/Model_7789_af3_woTemplates_af3_seed_141671_sample_0_pred_705.cif,Model_7789_af3_woTemplates_af3_seed_141671_sample_0_pred_705.cif,7789,AF3,af3_woTemplates,141671,0,705,woTemplates,,False,casp17/massivefold_external_pool_intake/r2353/extracted_models/R2353_all_cifs/Model_7789_af3_woTemplates_af3_seed_141671_sample_0_pred_705.cif,awaiting_extract,"MassiveFold model pool index only. It parses organizer-provided external model tarball listings and stages balanced extraction/rerank candidates. These models remain external rerank and accuracy-estimation inputs, not internal predictions, not CASP submissions, and not competitive-proof evidence."
6,R2353,R2353,3595,./R2353_all_cifs/Model_2372_af3_woTemplates_af3_seed_372142_sample_1_pred_516.cif,Model_2372_af3_woTemplates_af3_seed_372142_sample_1_pred_516.cif,2372,AF3,af3_woTemplates,372142,1,516,woTemplates,,False,casp17/massivefold_external_pool_intake/r2353/extracted_models/R2353_all_cifs/Model_2372_af3_woTemplates_af3_seed_372142_sample_1_pred_516.cif,awaiting_extract,"MassiveFold model pool index only. It parses organizer-provided external model tarball listings and stages balanced extraction/rerank candidates. These models remain external rerank and accuracy-estimation inputs, not internal predictions, not CASP submissions, and not competitive-proof evidence."
6,R2353,R2353,3604,./R2353_all_cifs/Model_6590_af3_woTemplates_af3_seed_904997_sample_2_pred_222.cif,Model_6590_af3_woTemplates_af3_seed_904997_sample_2_pred_222.cif,6590,AF3,af3_woTemplates,904997,2,222,woTemplates,,False,casp17/massivefold_external_pool_intake/r2353/extracted_models/R2353_all_cifs/Model_6590_af3_woTemplates_af3_seed_904997_sample_2_pred_222.cif,awaiting_extract,"MassiveFold model pool index only. It parses organizer-provided external model tarball listings and stages balanced extraction/rerank candidates. These models remain external rerank and accuracy-estimation inputs, not internal predictions, not CASP submissions, and not competitive-proof evidence."
6,R2353,R2353,3605,./R2353_all_cifs/Model_5320_af3_woTemplates_af3_seed_904990_sample_0_pred_185.cif,Model_5320_af3_woTemplates_af3_seed_904990_sample_0_pred_185.cif,5320,AF3,af3_woTemplates,904990,0,185,woTemplates,,False,casp17/massivefold_external_pool_intake/r2353/extracted_models/R2353_all_cifs/Model_5320_af3_woTemplates_af3_seed_904990_sample_0_pred_185.cif,awaiting_extract,"MassiveFold model pool index only. It parses organizer-provided external model tarball listings and stages balanced extraction/rerank candidates. These models remain external rerank and accuracy-estimation inputs, not internal predictions, not CASP submissions, and not competitive-proof evidence."
6,R2353,R2353,3613,./R2353_all_cifs/Model_6864_af3_woTemplates_af3_seed_218333_sample_0_pred_825.cif,Model_6864_af3_woTemplates_af3_seed_218333_sample_0_pred_825.cif,6864,AF3,af3_woTemplates,218333,0,825,woTemplates,,False,casp17/massivefold_external_pool_intake/r2353/extracted_models/R2353_all_cifs/Model_6864_af3_woTemplates_af3_seed_218333_sample_0_pred_825.cif,awaiting_extract,"MassiveFold model pool index only. It parses organizer-provided external model tarball listings and stages balanced extraction/rerank candidates. These models remain external rerank and accuracy-estimation inputs, not internal predictions, not CASP submissions, and not competitive-proof evidence."
6,R2353,R2353,3618,./R2353_all_cifs/Model_6819_af3_woTemplates_af3_seed_359511_sample_0_pred_115.cif,Model_6819_af3_woTemplates_af3_seed_359511_sample_0_pred_115.cif,6819,AF3,af3_woTemplates,359511,0,115,woTemplates,,False,casp17/massivefold_external_pool_intake/r2353/extracted_models/R2353_all_cifs/Model_6819_af3_woTemplates_af3_seed_359511_sample_0_pred_115.cif,awaiting_extract,"MassiveFold model pool index only. It parses organizer-provided external model tarball listings and stages balanced extraction/rerank candidates. These models remain external rerank and accuracy-estimation inputs, not internal predictions, not CASP submissions, and not competitive-proof evidence."
6,R2353,R2353,3638,./R2353_all_cifs/Model_338_af3_woTemplates_af3_seed_359497_sample_3_pred_48.cif,Model_338_af3_woTemplates_af3_seed_359497_sample_3_pred_48.cif,338,AF3,af3_woTemplates,359497,3,48,woTemplates,,False,casp17/massivefold_external_pool_intake/r2353/extracted_models/R2353_all_cifs/Model_338_af3_woTemplates_af3_seed_359497_sample_3_pred_48.cif,awaiting_extract,"MassiveFold model pool index only. It parses organizer-provided external model tarball listings and stages balanced extraction/rerank candidates. These models remain external rerank and accuracy-estimation inputs, not internal predictions, not CASP submissions, and not competitive-proof evidence."
6,R2353,R2353,3642,./R2353_all_cifs/Model_3658_af3_woTemplates_af3_seed_218332_sample_2_pred_822.cif,Model_3658_af3_woTemplates_af3_seed_218332_sample_2_pred_822.cif,3658,AF3,af3_woTemplates,218332,2,822,woTemplates,,False,casp17/massivefold_external_pool_intake/r2353/extracted_models/R2353_all_cifs/Model_3658_af3_woTemplates_af3_seed_218332_sample_2_pred_822.cif,awaiting_extract,"MassiveFold model pool index only. It parses organizer-provided external model tarball listings and stages balanced extraction/rerank candidates. These models remain external rerank and accuracy-estimation inputs, not internal predictions, not CASP submissions, and not competitive-proof evidence."
6,R2353,R2353,3654,./R2353_all_cifs/Model_6697_af3_woTemplates_af3_seed_359506_sample_2_pred_92.cif,Model_6697_af3_woTemplates_af3_seed_359506_sample_2_pred_92.cif,6697,AF3,af3_woTemplates,359506,2,92,woTemplates,,False,casp17/massivefold_external_pool_intake/r2353/extracted_models/R2353_all_cifs/Model_6697_af3_woTemplates_af3_seed_359506_sample_2_pred_92.cif,awaiting_extract,"MassiveFold model pool index only. It parses organizer-provided external model tarball listings and stages balanced extraction/rerank candidates. These models remain external rerank and accuracy-estimation inputs, not internal predictions, not CASP submissions, and not competitive-proof evidence."
6,R2353,R2353,3657,./R2353_all_cifs/Model_4550_af3_woTemplates_af3_seed_372142_sample_2_pred_517.cif,Model_4550_af3_woTemplates_af3_seed_372142_sample_2_pred_517.cif,4550,AF3,af3_woTemplates,372142,2,517,woTemplates,,False,casp17/massivefold_external_pool_intake/r2353/extracted_models/R2353_all_cifs/Model_4550_af3_woTemplates_af3_seed_372142_sample_2_pred_517.cif,awaiting_extract,"MassiveFold model pool index only. It parses organizer-provided external model tarball listings and stages balanced extraction/rerank candidates. These models remain external rerank and accuracy-estimation inputs, not internal predictions, not CASP submissions, and not competitive-proof evidence."
6,R2353,R2353,3664,./R2353_all_cifs/Model_4455_af3_woTemplates_af3_seed_141655_sample_0_pred_625.cif,Model_4455_af3_woTemplates_af3_seed_141655_sample_0_pred_625.cif,4455,AF3,af3_woTemplates,141655,0,625,woTemplates,,False,casp17/massivefold_external_pool_intake/r2353/extracted_models/R2353_all_cifs/Model_4455_af3_woTemplates_af3_seed_141655_sample_0_pred_625.cif,awaiting_extract,"MassiveFold model pool index only. It parses organizer-provided external model tarball listings and stages balanced extraction/rerank candidates. These models remain external rerank and accuracy-estimation inputs, not internal predictions, not CASP submissions, and not competitive-proof evidence."
6,R2353,R2353,3681,./R2353_all_cifs/Model_4411_af3_woTemplates_af3_seed_359489_sample_4_pred_9.cif,Model_4411_af3_woTemplates_af3_seed_359489_sample_4_pred_9.cif,4411,AF3,af3_woTemplates,359489,4,9,woTemplates,,False,casp17/massivefold_external_pool_intake/r2353/extracted_models/R2353_all_cifs/Model_4411_af3_woTemplates_af3_seed_359489_sample_4_pred_9.cif,awaiting_extract,"MassiveFold model pool index only. It parses organizer-provided external model tarball listings and stages balanced extraction/rerank candidates. These models remain external rerank and accuracy-estimation inputs, not internal predictions, not CASP submissions, and not competitive-proof evidence."
6,R2353,R2353,3682,./R2353_all_cifs/Model_5346_af3_woTemplates_af3_seed_285276_sample_3_pred_333.cif,Model_5346_af3_woTemplates_af3_seed_285276_sample_3_pred_333.cif,5346,AF3,af3_woTemplates,285276,3,333,woTemplates,,False,casp17/massivefold_external_pool_intake/r2353/extracted_models/R2353_all_cifs/Model_5346_af3_woTemplates_af3_seed_285276_sample_3_pred_333.cif,awaiting_extract,"MassiveFold model pool index only. It parses organizer-provided external model tarball listings and stages balanced extraction/rerank candidates. These models remain external rerank and accuracy-estimation inputs, not internal predictions, not CASP submissions, and not competitive-proof evidence."
6,R2353,R2353,3689,./R2353_all_cifs/Model_4265_af3_woTemplates_af3_seed_904998_sample_1_pred_226.cif,Model_4265_af3_woTemplates_af3_seed_904998_sample_1_pred_226.cif,4265,AF3,af3_woTemplates,904998,1,226,woTemplates,,False,casp17/massivefold_external_pool_intake/r2353/extracted_models/R2353_all_cifs/Model_4265_af3_woTemplates_af3_seed_904998_sample_1_pred_226.cif,awaiting_extract,"MassiveFold model pool index only. It parses organizer-provided external model tarball listings and stages balanced extraction/rerank candidates. These models remain external rerank and accuracy-estimation inputs, not internal predictions, not CASP submissions, and not competitive-proof evidence."
6,R2353,R2353,3691,./R2353_all_cifs/Model_2522_af3_woTemplates_af3_seed_141658_sample_2_pred_642.cif,Model_2522_af3_woTemplates_af3_seed_141658_sample_2_pred_642.cif,2522,AF3,af3_woTemplates,141658,2,642,woTemplates,,False,casp17/massivefold_external_pool_intake/r2353/extracted_models/R2353_all_cifs/Model_2522_af3_woTemplates_af3_seed_141658_sample_2_pred_642.cif,awaiting_extract,"MassiveFold model pool index only. It parses organizer-provided external model tarball listings and stages balanced extraction/rerank candidates. These models remain external rerank and accuracy-estimation inputs, not internal predictions, not CASP submissions, and not competitive-proof evidence."
6,R2353,R2353,3699,./R2353_all_cifs/Model_515_af3_woTemplates_af3_seed_359510_sample_2_pred_112.cif,Model_515_af3_woTemplates_af3_seed_359510_sample_2_pred_112.cif,515,AF3,af3_woTemplates,359510,2,112,woTemplates,,False,casp17/massivefold_external_pool_intake/r2353/extracted_models/R2353_all_cifs/Model_515_af3_woTemplates_af3_seed_359510_sample_2_pred_112.cif,awaiting_extract,"MassiveFold model pool index only. It parses organizer-provided external model tarball listings and stages balanced extraction/rerank candidates. These models remain external rerank and accuracy-estimation inputs, not internal predictions, not CASP submissions, and not competitive-proof evidence."
6,R2353,R2353,3717,./R2353_all_cifs/Model_5905_af3_woTemplates_af3_seed_359501_sample_0_pred_65.cif,Model_5905_af3_woTemplates_af3_seed_359501_sample_0_pred_65.cif,5905,AF3,af3_woTemplates,359501,0,65,woTemplates,,False,casp17/massivefold_external_pool_intake/r2353/extracted_models/R2353_all_cifs/Model_5905_af3_woTemplates_af3_seed_359501_sample_0_pred_65.cif,awaiting_extract,"MassiveFold model pool index only. It parses organizer-provided external model tarball listings and stages balanced extraction/rerank candidates. These models remain external rerank and accuracy-estimation inputs, not internal predictions, not CASP submissions, and not competitive-proof evidence."
6,R2353,R2353,3719,./R2353_all_cifs/Model_2770_af3_woTemplates_af3_seed_285261_sample_3_pred_258.cif,Model_2770_af3_woTemplates_af3_seed_285261_sample_3_pred_258.cif,2770,AF3,af3_woTemplates,285261,3,258,woTemplates,,False,casp17/massivefold_external_pool_intake/r2353/extracted_models/R2353_all_cifs/Model_2770_af3_woTemplates_af3_seed_285261_sample_3_pred_258.cif,awaiting_extract,"MassiveFold model pool index only. It parses organizer-provided external model tarball listings and stages balanced extraction/rerank candidates. These models remain external rerank and accuracy-estimation inputs, not internal predictions, not CASP submissions, and not competitive-proof evidence."
6,R2353,R2353,3729,./R2353_all_cifs/Model_6546_af3_woTemplates_af3_seed_359504_sample_4_pred_84.cif,Model_6546_af3_woTemplates_af3_seed_359504_sample_4_pred_84.cif,6546,AF3,af3_woTemplates,359504,4,84,woTemplates,,False,casp17/massivefold_external_pool_intake/r2353/extracted_models/R2353_all_cifs/Model_6546_af3_woTemplates_af3_seed_359504_sample_4_pred_84.cif,awaiting_extract,"MassiveFold model pool index only. It parses organizer-provided external model tarball listings and stages balanced extraction/rerank candidates. These models remain external rerank and accuracy-estimation inputs, not internal predictions, not CASP submissions, and not competitive-proof evidence."
6,R2353,R2353,3733,./R2353_all_cifs/Model_1043_af3_woTemplates_af3_seed_372157_sample_2_pred_592.cif,Model_1043_af3_woTemplates_af3_seed_372157_sample_2_pred_592.cif,1043,AF3,af3_woTemplates,372157,2,592,woTemplates,,False,casp17/massivefold_external_pool_intake/r2353/extracted_models/R2353_all_cifs/Model_1043_af3_woTemplates_af3_seed_372157_sample_2_pred_592.cif,awaiting_extract,"MassiveFold model pool index only. It parses organizer-provided external model tarball listings and stages balanced extraction/rerank candidates. These models remain external rerank and accuracy-estimation inputs, not internal predictions, not CASP submissions, and not competitive-proof evidence."
6,R2353,R2353,3739,./R2353_all_cifs/Model_6428_af3_woTemplates_af3_seed_904996_sample_1_pred_216.cif,Model_6428_af3_woTemplates_af3_seed_904996_sample_1_pred_216.cif,6428,AF3,af3_woTemplates,904996,1,216,woTemplates,,False,casp17/massivefold_external_pool_intake/r2353/extracted_models/R2353_all_cifs/Model_6428_af3_woTemplates_af3_seed_904996_sample_1_pred_216.cif,awaiting_extract,"MassiveFold model pool index only. It parses organizer-provided external model tarball listings and stages balanced extraction/rerank candidates. These models remain external rerank and accuracy-estimation inputs, not internal predictions, not CASP submissions, and not competitive-proof evidence."
6,R2353,R2353,3783,./R2353_all_cifs/Model_7516_af3_woTemplates_af3_seed_904992_sample_0_pred_195.cif,Model_7516_af3_woTemplates_af3_seed_904992_sample_0_pred_195.cif,7516,AF3,af3_woTemplates,904992,0,195,woTemplates,,False,casp17/massivefold_external_pool_intake/r2353/extracted_models/R2353_all_cifs/Model_7516_af3_woTemplates_af3_seed_904992_sample_0_pred_195.cif,awaiting_extract,"MassiveFold model pool index only. It parses organizer-provided external model tarball listings and stages balanced extraction/rerank candidates. These models remain external rerank and accuracy-estimation inputs, not internal predictions, not CASP submissions, and not competitive-proof evidence."
6,R2353,R2353,3786,./R2353_all_cifs/Model_6436_af3_woTemplates_af3_seed_372154_sample_1_pred_576.cif,Model_6436_af3_woTemplates_af3_seed_372154_sample_1_pred_576.cif,6436,AF3,af3_woTemplates,372154,1,576,woTemplates,,False,casp17/massivefold_external_pool_intake/r2353/extracted_models/R2353_all_cifs/Model_6436_af3_woTemplates_af3_seed_372154_sample_1_pred_576.cif,awaiting_extract,"MassiveFold model pool index only. It parses organizer-provided external model tarball listings and stages balanced extraction/rerank candidates. These models remain external rerank and accuracy-estimation inputs, not internal predictions, not CASP submissions, and not competitive-proof evidence."
6,R2353,R2353,3804,./R2353_all_cifs/Model_880_af3_woTemplates_af3_seed_73757_sample_3_pred_973.cif,Model_880_af3_woTemplates_af3_seed_73757_sample_3_pred_973.cif,880,AF3,af3_woTemplates,73757,3,973,woTemplates,,False,casp17/massivefold_external_pool_intake/r2353/extracted_models/R2353_all_cifs/Model_880_af3_woTemplates_af3_seed_73757_sample_3_pred_973.cif,awaiting_extract,"MassiveFold model pool index only. It parses organizer-provided external model tarball listings and stages balanced extraction/rerank candidates. These models remain external rerank and accuracy-estimation inputs, not internal predictions, not CASP submissions, and not competitive-proof evidence."
6,R2353,R2353,3806,./R2353_all_cifs/Model_5074_af3_woTemplates_af3_seed_141666_sample_2_pred_682.cif,Model_5074_af3_woTemplates_af3_seed_141666_sample_2_pred_682.cif,5074,AF3,af3_woTemplates,141666,2,682,woTemplates,,False,casp17/massivefold_external_pool_intake/r2353/extracted_models/R2353_all_cifs/Model_5074_af3_woTemplates_af3_seed_141666_sample_2_pred_682.cif,awaiting_extract,"MassiveFold model pool index only. It parses organizer-provided external model tarball listings and stages balanced extraction/rerank candidates. These models remain external rerank and accuracy-estimation inputs, not internal predictions, not CASP submissions, and not competitive-proof evidence."
6,R2353,R2353,3820,./R2353_all_cifs/Model_7717_af3_woTemplates_af3_seed_5683_sample_3_pred_403.cif,Model_7717_af3_woTemplates_af3_seed_5683_sample_3_pred_403.cif,7717,AF3,af3_woTemplates,5683,3,403,woTemplates,,False,casp17/massivefold_external_pool_intake/r2353/extracted_models/R2353_all_cifs/Model_7717_af3_woTemplates_af3_seed_5683_sample_3_pred_403.cif,awaiting_extract,"MassiveFold model pool index only. It parses organizer-provided external model tarball listings and stages balanced extraction/rerank candidates. These models remain external rerank and accuracy-estimation inputs, not internal predictions, not CASP submissions, and not competitive-proof evidence."
6,R2353,R2353,3821,./R2353_all_cifs/Model_4370_af3_woTemplates_af3_seed_5680_sample_2_pred_387.cif,Model_4370_af3_woTemplates_af3_seed_5680_sample_2_pred_387.cif,4370,AF3,af3_woTemplates,5680,2,387,woTemplates,,False,casp17/massivefold_external_pool_intake/r2353/extracted_models/R2353_all_cifs/Model_4370_af3_woTemplates_af3_seed_5680_sample_2_pred_387.cif,awaiting_extract,"MassiveFold model pool index only. It parses organizer-provided external model tarball listings and stages balanced extraction/rerank candidates. These models remain external rerank and accuracy-estimation inputs, not internal predictions, not CASP submissions, and not competitive-proof evidence."
6,R2353,R2353,3834,./R2353_all_cifs/Model_611_af3_woTemplates_af3_seed_359501_sample_1_pred_66.cif,Model_611_af3_woTemplates_af3_seed_359501_sample_1_pred_66.cif,611,AF3,af3_woTemplates,359501,1,66,woTemplates,,False,casp17/massivefold_external_pool_intake/r2353/extracted_models/R2353_all_cifs/Model_611_af3_woTemplates_af3_seed_359501_sample_1_pred_66.cif,awaiting_extract,"MassiveFold model pool index only. It parses organizer-provided external model tarball listings and stages balanced extraction/rerank candidates. These models remain external rerank and accuracy-estimation inputs, not internal predictions, not CASP submissions, and not competitive-proof evidence."
6,R2353,R2353,3835,./R2353_all_cifs/Model_5955_af3_woTemplates_af3_seed_904989_sample_0_pred_180.cif,Model_5955_af3_woTemplates_af3_seed_904989_sample_0_pred_180.cif,5955,AF3,af3_woTemplates,904989,0,180,woTemplates,,False,casp17/massivefold_external_pool_intake/r2353/extracted_models/R2353_all_cifs/Model_5955_af3_woTemplates_af3_seed_904989_sample_0_pred_180.cif,awaiting_extract,"MassiveFold model pool index only. It parses organizer-provided external model tarball listings and stages balanced extraction/rerank candidates. These models remain external rerank and accuracy-estimation inputs, not internal predictions, not CASP submissions, and not competitive-proof evidence."
6,R2353,R2353,3836,./R2353_all_cifs/Model_5592_af3_woTemplates_af3_seed_285260_sample_4_pred_254.cif,Model_5592_af3_woTemplates_af3_seed_285260_sample_4_pred_254.cif,5592,AF3,af3_woTemplates,285260,4,254,woTemplates,,False,casp17/massivefold_external_pool_intake/r2353/extracted_models/R2353_all_cifs/Model_5592_af3_woTemplates_af3_seed_285260_sample_4_pred_254.cif,awaiting_extract,"MassiveFold model pool index only. It parses organizer-provided external model tarball listings and stages balanced extraction/rerank candidates. These models remain external rerank and accuracy-estimation inputs, not internal predictions, not CASP submissions, and not competitive-proof evidence."
6,R2353,R2353,3841,./R2353_all_cifs/Model_1134_af3_woTemplates_af3_seed_285271_sample_4_pred_309.cif,Model_1134_af3_woTemplates_af3_seed_285271_sample_4_pred_309.cif,1134,AF3,af3_woTemplates,285271,4,309,woTemplates,,False,casp17/massivefold_external_pool_intake/r2353/extracted_models/R2353_all_cifs/Model_1134_af3_woTemplates_af3_seed_285271_sample_4_pred_309.cif,awaiting_extract,"MassiveFold model pool index only. It parses organizer-provided external model tarball listings and stages balanced extraction/rerank candidates. These models remain external rerank and accuracy-estimation inputs, not internal predictions, not CASP submissions, and not competitive-proof evidence."
6,R2353,R2353,3851,./R2353_all_cifs/Model_5949_af3_woTemplates_af3_seed_218319_sample_3_pred_758.cif,Model_5949_af3_woTemplates_af3_seed_218319_sample_3_pred_758.cif,5949,AF3,af3_woTemplates,218319,3,758,woTemplates,,False,casp17/massivefold_external_pool_intake/r2353/extracted_models/R2353_all_cifs/Model_5949_af3_woTemplates_af3_seed_218319_sample_3_pred_758.cif,awaiting_extract,"MassiveFold model pool index only. It parses organizer-provided external model tarball listings and stages balanced extraction/rerank candidates. These models remain external rerank and accuracy-estimation inputs, not internal predictions, not CASP submissions, and not competitive-proof evidence."
6,R2353,R2353,3855,./R2353_all_cifs/Model_624_af3_woTemplates_af3_seed_359493_sample_0_pred_25.cif,Model_624_af3_woTemplates_af3_seed_359493_sample_0_pred_25.cif,624,AF3,af3_woTemplates,359493,0,25,woTemplates,,False,casp17/massivefold_external_pool_intake/r2353/extracted_models/R2353_all_cifs/Model_624_af3_woTemplates_af3_seed_359493_sample_0_pred_25.cif,awaiting_extract,"MassiveFold model pool index only. It parses organizer-provided external model tarball listings and stages balanced extraction/rerank candidates. These models remain external rerank and accuracy-estimation inputs, not internal predictions, not CASP submissions, and not competitive-proof evidence."
6,R2353,R2353,3864,./R2353_all_cifs/Model_6808_af3_woTemplates_af3_seed_141665_sample_2_pred_677.cif,Model_6808_af3_woTemplates_af3_seed_141665_sample_2_pred_677.cif,6808,AF3,af3_woTemplates,141665,2,677,woTemplates,,False,casp17/massivefold_external_pool_intake/r2353/extracted_models/R2353_all_cifs/Model_6808_af3_woTemplates_af3_seed_141665_sample_2_pred_677.cif,awaiting_extract,"MassiveFold model pool index only. It parses organizer-provided external model tarball listings and stages balanced extraction/rerank candidates. These models remain external rerank and accuracy-estimation inputs, not internal predictions, not CASP submissions, and not competitive-proof evidence."
6,R2353,R2353,3867,./R2353_all_cifs/Model_4599_af3_woTemplates_af3_seed_5699_sample_1_pred_481.cif,Model_4599_af3_woTemplates_af3_seed_5699_sample_1_pred_481.cif,4599,AF3,af3_woTemplates,5699,1,481,woTemplates,,False,casp17/massivefold_external_pool_intake/r2353/extracted_models/R2353_all_cifs/Model_4599_af3_woTemplates_af3_seed_5699_sample_1_pred_481.cif,awaiting_extract,"MassiveFold model pool index only. It parses organizer-provided external model tarball listings and stages balanced extraction/rerank candidates. These models remain external rerank and accuracy-estimation inputs, not internal predictions, not CASP submissions, and not competitive-proof evidence."
6,R2353,R2353,3880,./R2353_all_cifs/Model_2080_af3_woTemplates_af3_seed_141667_sample_3_pred_688.cif,Model_2080_af3_woTemplates_af3_seed_141667_sample_3_pred_688.cif,2080,AF3,af3_woTemplates,141667,3,688,woTemplates,,False,casp17/massivefold_external_pool_intake/r2353/extracted_models/R2353_all_cifs/Model_2080_af3_woTemplates_af3_seed_141667_sample_3_pred_688.cif,awaiting_extract,"MassiveFold model pool index only. It parses organizer-provided external model tarball listings and stages balanced extraction/rerank candidates. These models remain external rerank and accuracy-estimation inputs, not internal predictions, not CASP submissions, and not competitive-proof evidence."
6,R2353,R2353,3881,./R2353_all_cifs/Model_5643_af3_woTemplates_af3_seed_218337_sample_3_pred_848.cif,Model_5643_af3_woTemplates_af3_seed_218337_sample_3_pred_848.cif,5643,AF3,af3_woTemplates,218337,3,848,woTemplates,,False,casp17/massivefold_external_pool_intake/r2353/extracted_models/R2353_all_cifs/Model_5643_af3_woTemplates_af3_seed_218337_sample_3_pred_848.cif,awaiting_extract,"MassiveFold model pool index only. It parses organizer-provided external model tarball listings and stages balanced extraction/rerank candidates. These models remain external rerank and accuracy-estimation inputs, not internal predictions, not CASP submissions, and not competitive-proof evidence."
6,R2353,R2353,3893,./R2353_all_cifs/Model_1279_af3_woTemplates_af3_seed_141675_sample_1_pred_726.cif,Model_1279_af3_woTemplates_af3_seed_141675_sample_1_pred_726.cif,1279,AF3,af3_woTemplates,141675,1,726,woTemplates,,False,casp17/massivefold_external_pool_intake/r2353/extracted_models/R2353_all_cifs/Model_1279_af3_woTemplates_af3_seed_141675_sample_1_pred_726.cif,awaiting_extract,"MassiveFold model pool index only. It parses organizer-provided external model tarball listings and stages balanced extraction/rerank candidates. These models remain external rerank and accuracy-estimation inputs, not internal predictions, not CASP submissions, and not competitive-proof evidence."
6,R2353,R2353,3900,./R2353_all_cifs/Model_2778_af3_woTemplates_af3_seed_372150_sample_3_pred_558.cif,Model_2778_af3_woTemplates_af3_seed_372150_sample_3_pred_558.cif,2778,AF3,af3_woTemplates,372150,3,558,woTemplates,,False,casp17/massivefold_external_pool_intake/r2353/extracted_models/R2353_all_cifs/Model_2778_af3_woTemplates_af3_seed_372150_sample_3_pred_558.cif,awaiting_extract,"MassiveFold model pool index only. It parses organizer-provided external model tarball listings and stages balanced extraction/rerank candidates. These models remain external rerank and accuracy-estimation inputs, not internal predictions, not CASP submissions, and not competitive-proof evidence."
6,R2353,R2353,3901,./R2353_all_cifs/Model_6520_af3_woTemplates_af3_seed_141678_sample_0_pred_740.cif,Model_6520_af3_woTemplates_af3_seed_141678_sample_0_pred_740.cif,6520,AF3,af3_woTemplates,141678,0,740,woTemplates,,False,casp17/massivefold_external_pool_intake/r2353/extracted_models/R2353_all_cifs/Model_6520_af3_woTemplates_af3_seed_141678_sample_0_pred_740.cif,awaiting_extract,"MassiveFold model pool index only. It parses organizer-provided external model tarball listings and stages balanced extraction/rerank candidates. These models remain external rerank and accuracy-estimation inputs, not internal predictions, not CASP submissions, and not competitive-proof evidence."
6,R2353,R2353,3906,./R2353_all_cifs/Model_367_af3_woTemplates_af3_seed_218324_sample_1_pred_781.cif,Model_367_af3_woTemplates_af3_seed_218324_sample_1_pred_781.cif,367,AF3,af3_woTemplates,218324,1,781,woTemplates,,False,casp17/massivefold_external_pool_intake/r2353/extracted_models/R2353_all_cifs/Model_367_af3_woTemplates_af3_seed_218324_sample_1_pred_781.cif,awaiting_extract,"MassiveFold model pool index only. It parses organizer-provided external model tarball listings and stages balanced extraction/rerank candidates. These models remain external rerank and accuracy-estimation inputs, not internal predictions, not CASP submissions, and not competitive-proof evidence."
6,R2353,R2353,3912,./R2353_all_cifs/Model_7021_af3_woTemplates_af3_seed_141677_sample_3_pred_738.cif,Model_7021_af3_woTemplates_af3_seed_141677_sample_3_pred_738.cif,7021,AF3,af3_woTemplates,141677,3,738,woTemplates,,False,casp17/massivefold_external_pool_intake/r2353/extracted_models/R2353_all_cifs/Model_7021_af3_woTemplates_af3_seed_141677_sample_3_pred_738.cif,awaiting_extract,"MassiveFold model pool index only. It parses organizer-provided external model tarball listings and stages balanced extraction/rerank candidates. These models remain external rerank and accuracy-estimation inputs, not internal predictions, not CASP submissions, and not competitive-proof evidence."
6,R2353,R2353,3917,./R2353_all_cifs/Model_6566_af3_woTemplates_af3_seed_73758_sample_4_pred_979.cif,Model_6566_af3_woTemplates_af3_seed_73758_sample_4_pred_979.cif,6566,AF3,af3_woTemplates,73758,4,979,woTemplates,,False,casp17/massivefold_external_pool_intake/r2353/extracted_models/R2353_all_cifs/Model_6566_af3_woTemplates_af3_seed_73758_sample_4_pred_979.cif,awaiting_extract,"MassiveFold model pool index only. It parses organizer-provided external model tarball listings and stages balanced extraction/rerank candidates. These models remain external rerank and accuracy-estimation inputs, not internal predictions, not CASP submissions, and not competitive-proof evidence."
6,R2353,R2353,3922,./R2353_all_cifs/Model_1522_af3_woTemplates_af3_seed_904980_sample_1_pred_136.cif,Model_1522_af3_woTemplates_af3_seed_904980_sample_1_pred_136.cif,1522,AF3,af3_woTemplates,904980,1,136,woTemplates,,False,casp17/massivefold_external_pool_intake/r2353/extracted_models/R2353_all_cifs/Model_1522_af3_woTemplates_af3_seed_904980_sample_1_pred_136.cif,awaiting_extract,"MassiveFold model pool index only. It parses organizer-provided external model tarball listings and stages balanced extraction/rerank candidates. These models remain external rerank and accuracy-estimation inputs, not internal predictions, not CASP submissions, and not competitive-proof evidence."
6,R2353,R2353,3940,./R2353_all_cifs/Model_502_af3_woTemplates_af3_seed_904982_sample_3_pred_148.cif,Model_502_af3_woTemplates_af3_seed_904982_sample_3_pred_148.cif,502,AF3,af3_woTemplates,904982,3,148,woTemplates,,False,casp17/massivefold_external_pool_intake/r2353/extracted_models/R2353_all_cifs/Model_502_af3_woTemplates_af3_seed_904982_sample_3_pred_148.cif,awaiting_extract,"MassiveFold model pool index only. It parses organizer-provided external model tarball listings and stages balanced extraction/rerank candidates. These models remain external rerank and accuracy-estimation inputs, not internal predictions, not CASP submissions, and not competitive-proof evidence."
6,R2353,R2353,3969,./R2353_all_cifs/Model_6490_af3_woTemplates_af3_seed_904981_sample_0_pred_140.cif,Model_6490_af3_woTemplates_af3_seed_904981_sample_0_pred_140.cif,6490,AF3,af3_woTemplates,904981,0,140,woTemplates,,False,casp17/massivefold_external_pool_intake/r2353/extracted_models/R2353_all_cifs/Model_6490_af3_woTemplates_af3_seed_904981_sample_0_pred_140.cif,awaiting_extract,"MassiveFold model pool index only. It parses organizer-provided external model tarball listings and stages balanced extraction/rerank candidates. These models remain external rerank and accuracy-estimation inputs, not internal predictions, not CASP submissions, and not competitive-proof evidence."
6,R2353,R2353,3970,./R2353_all_cifs/Model_7303_af3_woTemplates_af3_seed_359488_sample_1_pred_1.cif,Model_7303_af3_woTemplates_af3_seed_359488_sample_1_pred_1.cif,7303,AF3,af3_woTemplates,359488,1,1,woTemplates,,False,casp17/massivefold_external_pool_intake/r2353/extracted_models/R2353_all_cifs/Model_7303_af3_woTemplates_af3_seed_359488_sample_1_pred_1.cif,awaiting_extract,"MassiveFold model pool index only. It parses organizer-provided external model tarball listings and stages balanced extraction/rerank candidates. These models remain external rerank and accuracy-estimation inputs, not internal predictions, not CASP submissions, and not competitive-proof evidence."
6,R2353,R2353,3978,./R2353_all_cifs/Model_3038_af3_woTemplates_af3_seed_372144_sample_3_pred_528.cif,Model_3038_af3_woTemplates_af3_seed_372144_sample_3_pred_528.cif,3038,AF3,af3_woTemplates,372144,3,528,woTemplates,,False,casp17/massivefold_external_pool_intake/r2353/extracted_models/R2353_all_cifs/Model_3038_af3_woTemplates_af3_seed_372144_sample_3_pred_528.cif,awaiting_extract,"MassiveFold model pool index only. It parses organizer-provided external model tarball listings and stages balanced extraction/rerank candidates. These models remain external rerank and accuracy-estimation inputs, not internal predictions, not CASP submissions, and not competitive-proof evidence."
6,R2353,R2353,3981,./R2353_all_cifs/Model_4839_af3_woTemplates_af3_seed_218319_sample_2_pred_757.cif,Model_4839_af3_woTemplates_af3_seed_218319_sample_2_pred_757.cif,4839,AF3,af3_woTemplates,218319,2,757,woTemplates,,False,casp17/massivefold_external_pool_intake/r2353/extracted_models/R2353_all_cifs/Model_4839_af3_woTemplates_af3_seed_218319_sample_2_pred_757.cif,awaiting_extract,"MassiveFold model pool index only. It parses organizer-provided external model tarball listings and stages balanced extraction/rerank candidates. These models remain external rerank and accuracy-estimation inputs, not internal predictions, not CASP submissions, and not competitive-proof evidence."
6,R2353,R2353,3990,./R2353_all_cifs/Model_7376_af3_woTemplates_af3_seed_285276_sample_4_pred_334.cif,Model_7376_af3_woTemplates_af3_seed_285276_sample_4_pred_334.cif,7376,AF3,af3_woTemplates,285276,4,334,woTemplates,,False,casp17/massivefold_external_pool_intake/r2353/extracted_models/R2353_all_cifs/Model_7376_af3_woTemplates_af3_seed_285276_sample_4_pred_334.cif,awaiting_extract,"MassiveFold model pool index only. It parses organizer-provided external model tarball listings and stages balanced extraction/rerank candidates. These models remain external rerank and accuracy-estimation inputs, not internal predictions, not CASP submissions, and not competitive-proof evidence."
6,R2353,R2353,4005,./R2353_all_cifs/Model_7727_af3_woTemplates_af3_seed_141676_sample_4_pred_734.cif,Model_7727_af3_woTemplates_af3_seed_141676_sample_4_pred_734.cif,7727,AF3,af3_woTemplates,141676,4,734,woTemplates,,False,casp17/massivefold_external_pool_intake/r2353/extracted_models/R2353_all_cifs/Model_7727_af3_woTemplates_af3_seed_141676_sample_4_pred_734.cif,awaiting_extract,"MassiveFold model pool index only. It parses organizer-provided external model tarball listings and stages balanced extraction/rerank candidates. These models remain external rerank and accuracy-estimation inputs, not internal predictions, not CASP submissions, and not competitive-proof evidence."
6,R2353,R2353,4012,./R2353_all_cifs/Model_7671_af3_woTemplates_af3_seed_904992_sample_4_pred_199.cif,Model_7671_af3_woTemplates_af3_seed_904992_sample_4_pred_199.cif,7671,AF3,af3_woTemplates,904992,4,199,woTemplates,,False,casp17/massivefold_external_pool_intake/r2353/extracted_models/R2353_all_cifs/Model_7671_af3_woTemplates_af3_seed_904992_sample_4_pred_199.cif,awaiting_extract,"MassiveFold model pool index only. It parses organizer-provided external model tarball listings and stages balanced extraction/rerank candidates. These models remain external rerank and accuracy-estimation inputs, not internal predictions, not CASP submissions, and not competitive-proof evidence."
6,R2353,R2353,4018,./R2353_all_cifs/Model_5436_af3_woTemplates_af3_seed_359495_sample_3_pred_38.cif,Model_5436_af3_woTemplates_af3_seed_359495_sample_3_pred_38.cif,5436,AF3,af3_woTemplates,359495,3,38,woTemplates,,False,casp17/massivefold_external_pool_intake/r2353/extracted_models/R2353_all_cifs/Model_5436_af3_woTemplates_af3_seed_359495_sample_3_pred_38.cif,awaiting_extract,"MassiveFold model pool index only. It parses organizer-provided external model tarball listings and stages balanced extraction/rerank candidates. These models remain external rerank and accuracy-estimation inputs, not internal predictions, not CASP submissions, and not competitive-proof evidence."
6,R2353,R2353,4020,./R2353_all_cifs/Model_1308_af3_woTemplates_af3_seed_73759_sample_0_pred_980.cif,Model_1308_af3_woTemplates_af3_seed_73759_sample_0_pred_980.cif,1308,AF3,af3_woTemplates,73759,0,980,woTemplates,,False,casp17/massivefold_external_pool_intake/r2353/extracted_models/R2353_all_cifs/Model_1308_af3_woTemplates_af3_seed_73759_sample_0_pred_980.cif,awaiting_extract,"MassiveFold model pool index only. It parses organizer-provided external model tarball listings and stages balanced extraction/rerank candidates. These models remain external rerank and accuracy-estimation inputs, not internal predictions, not CASP submissions, and not competitive-proof evidence."
6,R2353,R2353,4027,./R2353_all_cifs/Model_4654_af3_woTemplates_af3_seed_218331_sample_1_pred_816.cif,Model_4654_af3_woTemplates_af3_seed_218331_sample_1_pred_816.cif,4654,AF3,af3_woTemplates,218331,1,816,woTemplates,,False,casp17/massivefold_external_pool_intake/r2353/extracted_models/R2353_all_cifs/Model_4654_af3_woTemplates_af3_seed_218331_sample_1_pred_816.cif,awaiting_extract,"MassiveFold model pool index only. It parses organizer-provided external model tarball listings and stages balanced extraction/rerank candidates. These models remain external rerank and accuracy-estimation inputs, not internal predictions, not CASP submissions, and not competitive-proof evidence."
6,R2353,R2353,4038,./R2353_all_cifs/Model_5762_af3_woTemplates_af3_seed_359511_sample_4_pred_119.cif,Model_5762_af3_woTemplates_af3_seed_359511_sample_4_pred_119.cif,5762,AF3,af3_woTemplates,359511,4,119,woTemplates,,False,casp17/massivefold_external_pool_intake/r2353/extracted_models/R2353_all_cifs/Model_5762_af3_woTemplates_af3_seed_359511_sample_4_pred_119.cif,awaiting_extract,"MassiveFold model pool index only. It parses organizer-provided external model tarball listings and stages balanced extraction/rerank candidates. These models remain external rerank and accuracy-estimation inputs, not internal predictions, not CASP submissions, and not competitive-proof evidence."
6,R2353,R2353,4045,./R2353_all_cifs/Model_3022_af3_woTemplates_af3_seed_5694_sample_2_pred_457.cif,Model_3022_af3_woTemplates_af3_seed_5694_sample_2_pred_457.cif,3022,AF3,af3_woTemplates,5694,2,457,woTemplates,,False,casp17/massivefold_external_pool_intake/r2353/extracted_models/R2353_all_cifs/Model_3022_af3_woTemplates_af3_seed_5694_sample_2_pred_457.cif,awaiting_extract,"MassiveFold model pool index only. It parses organizer-provided external model tarball listings and stages balanced extraction/rerank candidates. These models remain external rerank and accuracy-estimation inputs, not internal predictions, not CASP submissions, and not competitive-proof evidence."
6,R2353,R2353,4049,./R2353_all_cifs/Model_5686_af3_woTemplates_af3_seed_285282_sample_4_pred_364.cif,Model_5686_af3_woTemplates_af3_seed_285282_sample_4_pred_364.cif,5686,AF3,af3_woTemplates,285282,4,364,woTemplates,,False,casp17/massivefold_external_pool_intake/r2353/extracted_models/R2353_all_cifs/Model_5686_af3_woTemplates_af3_seed_285282_sample_4_pred_364.cif,awaiting_extract,"MassiveFold model pool index only. It parses organizer-provided external model tarball listings and stages balanced extraction/rerank candidates. These models remain external rerank and accuracy-estimation inputs, not internal predictions, not CASP submissions, and not competitive-proof evidence."
6,R2353,R2353,4051,./R2353_all_cifs/Model_2575_af3_woTemplates_af3_seed_372147_sample_3_pred_543.cif,Model_2575_af3_woTemplates_af3_seed_372147_sample_3_pred_543.cif,2575,AF3,af3_woTemplates,372147,3,543,woTemplates,,False,casp17/massivefold_external_pool_intake/r2353/extracted_models/R2353_all_cifs/Model_2575_af3_woTemplates_af3_seed_372147_sample_3_pred_543.cif,awaiting_extract,"MassiveFold model pool index only. It parses organizer-provided external model tarball listings and stages balanced extraction/rerank candidates. These models remain external rerank and accuracy-estimation inputs, not internal predictions, not CASP submissions, and not competitive-proof evidence."
6,R2353,R2353,4052,./R2353_all_cifs/Model_6335_af3_woTemplates_af3_seed_218321_sample_1_pred_766.cif,Model_6335_af3_woTemplates_af3_seed_218321_sample_1_pred_766.cif,6335,AF3,af3_woTemplates,218321,1,766,woTemplates,,False,casp17/massivefold_external_pool_intake/r2353/extracted_models/R2353_all_cifs/Model_6335_af3_woTemplates_af3_seed_218321_sample_1_pred_766.cif,awaiting_extract,"MassiveFold model pool index only. It parses organizer-provided external model tarball listings and stages balanced extraction/rerank candidates. These models remain external rerank and accuracy-estimation inputs, not internal predictions, not CASP submissions, and not competitive-proof evidence."
6,R2353,R2353,4068,./R2353_all_cifs/Model_1902_af3_woTemplates_af3_seed_372155_sample_0_pred_580.cif,Model_1902_af3_woTemplates_af3_seed_372155_sample_0_pred_580.cif,1902,AF3,af3_woTemplates,372155,0,580,woTemplates,,False,casp17/massivefold_external_pool_intake/r2353/extracted_models/R2353_all_cifs/Model_1902_af3_woTemplates_af3_seed_372155_sample_0_pred_580.cif,awaiting_extract,"MassiveFold model pool index only. It parses organizer-provided external model tarball listings and stages balanced extraction/rerank candidates. These models remain external rerank and accuracy-estimation inputs, not internal predictions, not CASP submissions, and not competitive-proof evidence."
6,R2353,R2353,4077,./R2353_all_cifs/Model_375_af3_woTemplates_af3_seed_5687_sample_0_pred_420.cif,Model_375_af3_woTemplates_af3_seed_5687_sample_0_pred_420.cif,375,AF3,af3_woTemplates,5687,0,420,woTemplates,,False,casp17/massivefold_external_pool_intake/r2353/extracted_models/R2353_all_cifs/Model_375_af3_woTemplates_af3_seed_5687_sample_0_pred_420.cif,awaiting_extract,"MassiveFold model pool index only. It parses organizer-provided external model tarball listings and stages balanced extraction/rerank candidates. These models remain external rerank and accuracy-estimation inputs, not internal predictions, not CASP submissions, and not competitive-proof evidence."
6,R2353,R2353,4078,./R2353_all_cifs/Model_3360_af3_woTemplates_af3_seed_904986_sample_1_pred_166.cif,Model_3360_af3_woTemplates_af3_seed_904986_sample_1_pred_166.cif,3360,AF3,af3_woTemplates,904986,1,166,woTemplates,,False,casp17/massivefold_external_pool_intake/r2353/extracted_models/R2353_all_cifs/Model_3360_af3_woTemplates_af3_seed_904986_sample_1_pred_166.cif,awaiting_extract,"MassiveFold model pool index only. It parses organizer-provided external model tarball listings and stages balanced extraction/rerank candidates. These models remain external rerank and accuracy-estimation inputs, not internal predictions, not CASP submissions, and not competitive-proof evidence."
6,R2353,R2353,4079,./R2353_all_cifs/Model_6152_af3_woTemplates_af3_seed_372154_sample_4_pred_579.cif,Model_6152_af3_woTemplates_af3_seed_372154_sample_4_pred_579.cif,6152,AF3,af3_woTemplates,372154,4,579,woTemplates,,False,casp17/massivefold_external_pool_intake/r2353/extracted_models/R2353_all_cifs/Model_6152_af3_woTemplates_af3_seed_372154_sample_4_pred_579.cif,awaiting_extract,"MassiveFold model pool index only. It parses organizer-provided external model tarball listings and stages balanced extraction/rerank candidates. These models remain external rerank and accuracy-estimation inputs, not internal predictions, not CASP submissions, and not competitive-proof evidence."
6,R2353,R2353,4080,./R2353_all_cifs/Model_1761_af3_woTemplates_af3_seed_372152_sample_3_pred_568.cif,Model_1761_af3_woTemplates_af3_seed_372152_sample_3_pred_568.cif,1761,AF3,af3_woTemplates,372152,3,568,woTemplates,,False,casp17/massivefold_external_pool_intake/r2353/extracted_models/R2353_all_cifs/Model_1761_af3_woTemplates_af3_seed_372152_sample_3_pred_568.cif,awaiting_extract,"MassiveFold model pool index only. It parses organizer-provided external model tarball listings and stages balanced extraction/rerank candidates. These models remain external rerank and accuracy-estimation inputs, not internal predictions, not CASP submissions, and not competitive-proof evidence."
6,R2353,R2353,4085,./R2353_all_cifs/Model_5100_af3_woTemplates_af3_seed_141664_sample_0_pred_670.cif,Model_5100_af3_woTemplates_af3_seed_141664_sample_0_pred_670.cif,5100,AF3,af3_woTemplates,141664,0,670,woTemplates,,False,casp17/massivefold_external_pool_intake/r2353/extracted_models/R2353_all_cifs/Model_5100_af3_woTemplates_af3_seed_141664_sample_0_pred_670.cif,awaiting_extract,"MassiveFold model pool index only. It parses organizer-provided external model tarball listings and stages balanced extraction/rerank candidates. These models remain external rerank and accuracy-estimation inputs, not internal predictions, not CASP submissions, and not competitive-proof evidence."
6,R2353,R2353,4092,./R2353_all_cifs/Model_5216_af3_woTemplates_af3_seed_218331_sample_2_pred_817.cif,Model_5216_af3_woTemplates_af3_seed_218331_sample_2_pred_817.cif,5216,AF3,af3_woTemplates,218331,2,817,woTemplates,,False,casp17/massivefold_external_pool_intake/r2353/extracted_models/R2353_all_cifs/Model_5216_af3_woTemplates_af3_seed_218331_sample_2_pred_817.cif,awaiting_extract,"MassiveFold model pool index only. It parses organizer-provided external model tarball listings and stages balanced extraction/rerank candidates. These models remain external rerank and accuracy-estimation inputs, not internal predictions, not CASP submissions, and not competitive-proof evidence."
6,R2353,R2353,4093,./R2353_all_cifs/Model_4698_af3_woTemplates_af3_seed_141677_sample_1_pred_736.cif,Model_4698_af3_woTemplates_af3_seed_141677_sample_1_pred_736.cif,4698,AF3,af3_woTemplates,141677,1,736,woTemplates,,False,casp17/massivefold_external_pool_intake/r2353/extracted_models/R2353_all_cifs/Model_4698_af3_woTemplates_af3_seed_141677_sample_1_pred_736.cif,awaiting_extract,"MassiveFold model pool index only. It parses organizer-provided external model tarball listings and stages balanced extraction/rerank candidates. These models remain external rerank and accuracy-estimation inputs, not internal predictions, not CASP submissions, and not competitive-proof evidence."
6,R2353,R2353,4094,./R2353_all_cifs/Model_6251_af3_woTemplates_af3_seed_372161_sample_3_pred_613.cif,Model_6251_af3_woTemplates_af3_seed_372161_sample_3_pred_613.cif,6251,AF3,af3_woTemplates,372161,3,613,woTemplates,,False,casp17/massivefold_external_pool_intake/r2353/extracted_models/R2353_all_cifs/Model_6251_af3_woTemplates_af3_seed_372161_sample_3_pred_613.cif,awaiting_extract,"MassiveFold model pool index only. It parses organizer-provided external model tarball listings and stages balanced extraction/rerank candidates. These models remain external rerank and accuracy-estimation inputs, not internal predictions, not CASP submissions, and not competitive-proof evidence."
6,R2353,R2353,4096,./R2353_all_cifs/Model_4061_af3_woTemplates_af3_seed_285282_sample_2_pred_362.cif,Model_4061_af3_woTemplates_af3_seed_285282_sample_2_pred_362.cif,4061,AF3,af3_woTemplates,285282,2,362,woTemplates,,False,casp17/massivefold_external_pool_intake/r2353/extracted_models/R2353_all_cifs/Model_4061_af3_woTemplates_af3_seed_285282_sample_2_pred_362.cif,awaiting_extract,"MassiveFold model pool index only. It parses organizer-provided external model tarball listings and stages balanced extraction/rerank candidates. These models remain external rerank and accuracy-estimation inputs, not internal predictions, not CASP submissions, and not competitive-proof evidence."
6,R2353,R2353,4104,./R2353_all_cifs/Model_191_af3_woTemplates_af3_seed_218339_sample_2_pred_857.cif,Model_191_af3_woTemplates_af3_seed_218339_sample_2_pred_857.cif,191,AF3,af3_woTemplates,218339,2,857,woTemplates,,False,casp17/massivefold_external_pool_intake/r2353/extracted_models/R2353_all_cifs/Model_191_af3_woTemplates_af3_seed_218339_sample_2_pred_857.cif,awaiting_extract,"MassiveFold model pool index only. It parses organizer-provided external model tarball listings and stages balanced extraction/rerank candidates. These models remain external rerank and accuracy-estimation inputs, not internal predictions, not CASP submissions, and not competitive-proof evidence."
6,R2353,R2353,4107,./R2353_all_cifs/Model_5013_af3_woTemplates_af3_seed_218319_sample_4_pred_759.cif,Model_5013_af3_woTemplates_af3_seed_218319_sample_4_pred_759.cif,5013,AF3,af3_woTemplates,218319,4,759,woTemplates,,False,casp17/massivefold_external_pool_intake/r2353/extracted_models/R2353_all_cifs/Model_5013_af3_woTemplates_af3_seed_218319_sample_4_pred_759.cif,awaiting_extract,"MassiveFold model pool index only. It parses organizer-provided external model tarball listings and stages balanced extraction/rerank candidates. These models remain external rerank and accuracy-estimation inputs, not internal predictions, not CASP submissions, and not competitive-proof evidence."
6,R2353,R2353,4112,./R2353_all_cifs/Model_7465_af3_woTemplates_af3_seed_73753_sample_1_pred_951.cif,Model_7465_af3_woTemplates_af3_seed_73753_sample_1_pred_951.cif,7465,AF3,af3_woTemplates,73753,1,951,woTemplates,,False,casp17/massivefold_external_pool_intake/r2353/extracted_models/R2353_all_cifs/Model_7465_af3_woTemplates_af3_seed_73753_sample_1_pred_951.cif,awaiting_extract,"MassiveFold model pool index only. It parses organizer-provided external model tarball listings and stages balanced extraction/rerank candidates. These models remain external rerank and accuracy-estimation inputs, not internal predictions, not CASP submissions, and not competitive-proof evidence."
6,R2353,R2353,4139,./R2353_all_cifs/Model_7899_af3_woTemplates_af3_seed_5691_sample_3_pred_443.cif,Model_7899_af3_woTemplates_af3_seed_5691_sample_3_pred_443.cif,7899,AF3,af3_woTemplates,5691,3,443,woTemplates,,False,casp17/massivefold_external_pool_intake/r2353/extracted_models/R2353_all_cifs/Model_7899_af3_woTemplates_af3_seed_5691_sample_3_pred_443.cif,awaiting_extract,"MassiveFold model pool index only. It parses organizer-provided external model tarball listings and stages balanced extraction/rerank candidates. These models remain external rerank and accuracy-estimation inputs, not internal predictions, not CASP submissions, and not competitive-proof evidence."
6,R2353,R2353,4142,./R2353_all_cifs/Model_6833_af3_woTemplates_af3_seed_141672_sample_2_pred_712.cif,Model_6833_af3_woTemplates_af3_seed_141672_sample_2_pred_712.cif,6833,AF3,af3_woTemplates,141672,2,712,woTemplates,,False,casp17/massivefold_external_pool_intake/r2353/extracted_models/R2353_all_cifs/Model_6833_af3_woTemplates_af3_seed_141672_sample_2_pred_712.cif,awaiting_extract,"MassiveFold model pool index only. It parses organizer-provided external model tarball listings and stages balanced extraction/rerank candidates. These models remain external rerank and accuracy-estimation inputs, not internal predictions, not CASP submissions, and not competitive-proof evidence."
6,R2353,R2353,4159,./R2353_all_cifs/Model_7073_af3_woTemplates_af3_seed_359494_sample_1_pred_31.cif,Model_7073_af3_woTemplates_af3_seed_359494_sample_1_pred_31.cif,7073,AF3,af3_woTemplates,359494,1,31,woTemplates,,False,casp17/massivefold_external_pool_intake/r2353/extracted_models/R2353_all_cifs/Model_7073_af3_woTemplates_af3_seed_359494_sample_1_pred_31.cif,awaiting_extract,"MassiveFold model pool index only. It parses organizer-provided external model tarball listings and stages balanced extraction/rerank candidates. These models remain external rerank and accuracy-estimation inputs, not internal predictions, not CASP submissions, and not competitive-proof evidence."
6,R2353,R2353,4160,./R2353_all_cifs/Model_145_af3_woTemplates_af3_seed_141662_sample_3_pred_663.cif,Model_145_af3_woTemplates_af3_seed_141662_sample_3_pred_663.cif,145,AF3,af3_woTemplates,141662,3,663,woTemplates,,False,casp17/massivefold_external_pool_intake/r2353/extracted_models/R2353_all_cifs/Model_145_af3_woTemplates_af3_seed_141662_sample_3_pred_663.cif,awaiting_extract,"MassiveFold model pool index only. It parses organizer-provided external model tarball listings and stages balanced extraction/rerank candidates. These models remain external rerank and accuracy-estimation inputs, not internal predictions, not CASP submissions, and not competitive-proof evidence."
6,R2353,R2353,4171,./R2353_all_cifs/Model_4295_af3_woTemplates_af3_seed_904988_sample_1_pred_176.cif,Model_4295_af3_woTemplates_af3_seed_904988_sample_1_pred_176.cif,4295,AF3,af3_woTemplates,904988,1,176,woTemplates,,False,casp17/massivefold_external_pool_intake/r2353/extracted_models/R2353_all_cifs/Model_4295_af3_woTemplates_af3_seed_904988_sample_1_pred_176.cif,awaiting_extract,"MassiveFold model pool index only. It parses organizer-provided external model tarball listings and stages balanced extraction/rerank candidates. These models remain external rerank and accuracy-estimation inputs, not internal predictions, not CASP submissions, and not competitive-proof evidence."
6,R2353,R2353,4174,./R2353_all_cifs/Model_4111_af3_woTemplates_af3_seed_218334_sample_4_pred_834.cif,Model_4111_af3_woTemplates_af3_seed_218334_sample_4_pred_834.cif,4111,AF3,af3_woTemplates,218334,4,834,woTemplates,,False,casp17/massivefold_external_pool_intake/r2353/extracted_models/R2353_all_cifs/Model_4111_af3_woTemplates_af3_seed_218334_sample_4_pred_834.cif,awaiting_extract,"MassiveFold model pool index only. It parses organizer-provided external model tarball listings and stages balanced extraction/rerank candidates. These models remain external rerank and accuracy-estimation inputs, not internal predictions, not CASP submissions, and not competitive-proof evidence."
6,R2353,R2353,4182,./R2353_all_cifs/Model_3748_af3_woTemplates_af3_seed_5686_sample_1_pred_416.cif,Model_3748_af3_woTemplates_af3_seed_5686_sample_1_pred_416.cif,3748,AF3,af3_woTemplates,5686,1,416,woTemplates,,False,casp17/massivefold_external_pool_intake/r2353/extracted_models/R2353_all_cifs/Model_3748_af3_woTemplates_af3_seed_5686_sample_1_pred_416.cif,awaiting_extract,"MassiveFold model pool index only. It parses organizer-provided external model tarball listings and stages balanced extraction/rerank candidates. These models remain external rerank and accuracy-estimation inputs, not internal predictions, not CASP submissions, and not competitive-proof evidence."
6,R2353,R2353,4187,./R2353_all_cifs/Model_5829_af3_woTemplates_af3_seed_285277_sample_0_pred_335.cif,Model_5829_af3_woTemplates_af3_seed_285277_sample_0_pred_335.cif,5829,AF3,af3_woTemplates,285277,0,335,woTemplates,,False,casp17/massivefold_external_pool_intake/r2353/extracted_models/R2353_all_cifs/Model_5829_af3_woTemplates_af3_seed_285277_sample_0_pred_335.cif,awaiting_extract,"MassiveFold model pool index only. It parses organizer-provided external model tarball listings and stages balanced extraction/rerank candidates. These models remain external rerank and accuracy-estimation inputs, not internal predictions, not CASP submissions, and not competitive-proof evidence."
6,R2353,R2353,4200,./R2353_all_cifs/Model_4868_af3_woTemplates_af3_seed_904986_sample_0_pred_165.cif,Model_4868_af3_woTemplates_af3_seed_904986_sample_0_pred_165.cif,4868,AF3,af3_woTemplates,904986,0,165,woTemplates,,False,casp17/massivefold_external_pool_intake/r2353/extracted_models/R2353_all_cifs/Model_4868_af3_woTemplates_af3_seed_904986_sample_0_pred_165.cif,awaiting_extract,"MassiveFold model pool index only. It parses organizer-provided external model tarball listings and stages balanced extraction/rerank candidates. These models remain external rerank and accuracy-estimation inputs, not internal predictions, not CASP submissions, and not competitive-proof evidence."
6,R2353,R2353,4201,./R2353_all_cifs/Model_7144_af3_woTemplates_af3_seed_141663_sample_1_pred_666.cif,Model_7144_af3_woTemplates_af3_seed_141663_sample_1_pred_666.cif,7144,AF3,af3_woTemplates,141663,1,666,woTemplates,,False,casp17/massivefold_external_pool_intake/r2353/extracted_models/R2353_all_cifs/Model_7144_af3_woTemplates_af3_seed_141663_sample_1_pred_666.cif,awaiting_extract,"MassiveFold model pool index only. It parses organizer-provided external model tarball listings and stages balanced extraction/rerank candidates. These models remain external rerank and accuracy-estimation inputs, not internal predictions, not CASP submissions, and not competitive-proof evidence."
6,R2353,R2353,4203,./R2353_all_cifs/Model_2387_af3_woTemplates_af3_seed_904994_sample_1_pred_206.cif,Model_2387_af3_woTemplates_af3_seed_904994_sample_1_pred_206.cif,2387,AF3,af3_woTemplates,904994,1,206,woTemplates,,False,casp17/massivefold_external_pool_intake/r2353/extracted_models/R2353_all_cifs/Model_2387_af3_woTemplates_af3_seed_904994_sample_1_pred_206.cif,awaiting_extract,"MassiveFold model pool index only. It parses organizer-provided external model tarball listings and stages balanced extraction/rerank candidates. These models remain external rerank and accuracy-estimation inputs, not internal predictions, not CASP submissions, and not competitive-proof evidence."
6,R2353,R2353,4209,./R2353_all_cifs/Model_4346_af3_woTemplates_af3_seed_218329_sample_3_pred_808.cif,Model_4346_af3_woTemplates_af3_seed_218329_sample_3_pred_808.cif,4346,AF3,af3_woTemplates,218329,3,808,woTemplates,,False,casp17/massivefold_external_pool_intake/r2353/extracted_models/R2353_all_cifs/Model_4346_af3_woTemplates_af3_seed_218329_sample_3_pred_808.cif,awaiting_extract,"MassiveFold model pool index only. It parses organizer-provided external model tarball listings and stages balanced extraction/rerank candidates. These models remain external rerank and accuracy-estimation inputs, not internal predictions, not CASP submissions, and not competitive-proof evidence."
6,R2353,R2353,4212,./R2353_all_cifs/Model_7587_af3_woTemplates_af3_seed_218323_sample_3_pred_778.cif,Model_7587_af3_woTemplates_af3_seed_218323_sample_3_pred_778.cif,7587,AF3,af3_woTemplates,218323,3,778,woTemplates,,False,casp17/massivefold_external_pool_intake/r2353/extracted_models/R2353_all_cifs/Model_7587_af3_woTemplates_af3_seed_218323_sample_3_pred_778.cif,awaiting_extract,"MassiveFold model pool index only. It parses organizer-provided external model tarball listings and stages balanced extraction/rerank candidates. These models remain external rerank and accuracy-estimation inputs, not internal predictions, not CASP submissions, and not competitive-proof evidence."
6,R2353,R2353,4220,./R2353_all_cifs/Model_3474_af3_woTemplates_af3_seed_5689_sample_2_pred_432.cif,Model_3474_af3_woTemplates_af3_seed_5689_sample_2_pred_432.cif,3474,AF3,af3_woTemplates,5689,2,432,woTemplates,,False,casp17/massivefold_external_pool_intake/r2353/extracted_models/R2353_all_cifs/Model_3474_af3_woTemplates_af3_seed_5689_sample_2_pred_432.cif,awaiting_extract,"MassiveFold model pool index only. It parses organizer-provided external model tarball listings and stages balanced extraction/rerank candidates. These models remain external rerank and accuracy-estimation inputs, not internal predictions, not CASP submissions, and not competitive-proof evidence."
6,R2353,R2353,4232,./R2353_all_cifs/Model_3091_af3_woTemplates_af3_seed_285263_sample_0_pred_265.cif,Model_3091_af3_woTemplates_af3_seed_285263_sample_0_pred_265.cif,3091,AF3,af3_woTemplates,285263,0,265,woTemplates,,False,casp17/massivefold_external_pool_intake/r2353/extracted_models/R2353_all_cifs/Model_3091_af3_woTemplates_af3_seed_285263_sample_0_pred_265.cif,awaiting_extract,"MassiveFold model pool index only. It parses organizer-provided external model tarball listings and stages balanced extraction/rerank candidates. These models remain external rerank and accuracy-estimation inputs, not internal predictions, not CASP submissions, and not competitive-proof evidence."
6,R2353,R2353,4258,./R2353_all_cifs/Model_6193_af3_woTemplates_af3_seed_905000_sample_4_pred_239.cif,Model_6193_af3_woTemplates_af3_seed_905000_sample_4_pred_239.cif,6193,AF3,af3_woTemplates,905000,4,239,woTemplates,,False,casp17/massivefold_external_pool_intake/r2353/extracted_models/R2353_all_cifs/Model_6193_af3_woTemplates_af3_seed_905000_sample_4_pred_239.cif,awaiting_extract,"MassiveFold model pool index only. It parses organizer-provided external model tarball listings and stages balanced extraction/rerank candidates. These models remain external rerank and accuracy-estimation inputs, not internal predictions, not CASP submissions, and not competitive-proof evidence."
6,R2353,R2353,4279,./R2353_all_cifs/Model_6467_af3_woTemplates_af3_seed_141678_sample_3_pred_743.cif,Model_6467_af3_woTemplates_af3_seed_141678_sample_3_pred_743.cif,6467,AF3,af3_woTemplates,141678,3,743,woTemplates,,False,casp17/massivefold_external_pool_intake/r2353/extracted_models/R2353_all_cifs/Model_6467_af3_woTemplates_af3_seed_141678_sample_3_pred_743.cif,awaiting_extract,"MassiveFold model pool index only. It parses organizer-provided external model tarball listings and stages balanced extraction/rerank candidates. These models remain external rerank and accuracy-estimation inputs, not internal predictions, not CASP submissions, and not competitive-proof evidence."
6,R2353,R2353,4282,./R2353_all_cifs/Model_4473_af3_woTemplates_af3_seed_218323_sample_2_pred_777.cif,Model_4473_af3_woTemplates_af3_seed_218323_sample_2_pred_777.cif,4473,AF3,af3_woTemplates,218323,2,777,woTemplates,,False,casp17/massivefold_external_pool_intake/r2353/extracted_models/R2353_all_cifs/Model_4473_af3_woTemplates_af3_seed_218323_sample_2_pred_777.cif,awaiting_extract,"MassiveFold model pool index only. It parses organizer-provided external model tarball listings and stages balanced extraction/rerank candidates. These models remain external rerank and accuracy-estimation inputs, not internal predictions, not CASP submissions, and not competitive-proof evidence."
6,R2353,R2353,4292,./R2353_all_cifs/Model_5620_af3_woTemplates_af3_seed_73752_sample_3_pred_948.cif,Model_5620_af3_woTemplates_af3_seed_73752_sample_3_pred_948.cif,5620,AF3,af3_woTemplates,73752,3,948,woTemplates,,False,casp17/massivefold_external_pool_intake/r2353/extracted_models/R2353_all_cifs/Model_5620_af3_woTemplates_af3_seed_73752_sample_3_pred_948.cif,awaiting_extract,"MassiveFold model pool index only. It parses organizer-provided external model tarball listings and stages balanced extraction/rerank candidates. These models remain external rerank and accuracy-estimation inputs, not internal predictions, not CASP submissions, and not competitive-proof evidence."
6,R2353,R2353,4299,./R2353_all_cifs/Model_2358_af3_woTemplates_af3_seed_359506_sample_4_pred_94.cif,Model_2358_af3_woTemplates_af3_seed_359506_sample_4_pred_94.cif,2358,AF3,af3_woTemplates,359506,4,94,woTemplates,,False,casp17/massivefold_external_pool_intake/r2353/extracted_models/R2353_all_cifs/Model_2358_af3_woTemplates_af3_seed_359506_sample_4_pred_94.cif,awaiting_extract,"MassiveFold model pool index only. It parses organizer-provided external model tarball listings and stages balanced extraction/rerank candidates. These models remain external rerank and accuracy-estimation inputs, not internal predictions, not CASP submissions, and not competitive-proof evidence."
6,R2353,R2353,4300,./R2353_all_cifs/Model_1504_af3_woTemplates_af3_seed_285280_sample_1_pred_351.cif,Model_1504_af3_woTemplates_af3_seed_285280_sample_1_pred_351.cif,1504,AF3,af3_woTemplates,285280,1,351,woTemplates,,False,casp17/massivefold_external_pool_intake/r2353/extracted_models/R2353_all_cifs/Model_1504_af3_woTemplates_af3_seed_285280_sample_1_pred_351.cif,awaiting_extract,"MassiveFold model pool index only. It parses organizer-provided external model tarball listings and stages balanced extraction/rerank candidates. These models remain external rerank and accuracy-estimation inputs, not internal predictions, not CASP submissions, and not competitive-proof evidence."
6,R2353,R2353,4312,./R2353_all_cifs/Model_3410_af3_woTemplates_af3_seed_285271_sample_3_pred_308.cif,Model_3410_af3_woTemplates_af3_seed_285271_sample_3_pred_308.cif,3410,AF3,af3_woTemplates,285271,3,308,woTemplates,,False,casp17/massivefold_external_pool_intake/r2353/extracted_models/R2353_all_cifs/Model_3410_af3_woTemplates_af3_seed_285271_sample_3_pred_308.cif,awaiting_extract,"MassiveFold model pool index only. It parses organizer-provided external model tarball listings and stages balanced extraction/rerank candidates. These models remain external rerank and accuracy-estimation inputs, not internal predictions, not CASP submissions, and not competitive-proof evidence."
6,R2353,R2353,4319,./R2353_all_cifs/Model_7914_af3_woTemplates_af3_seed_73741_sample_3_pred_893.cif,Model_7914_af3_woTemplates_af3_seed_73741_sample_3_pred_893.cif,7914,AF3,af3_woTemplates,73741,3,893,woTemplates,,False,casp17/massivefold_external_pool_intake/r2353/extracted_models/R2353_all_cifs/Model_7914_af3_woTemplates_af3_seed_73741_sample_3_pred_893.cif,awaiting_extract,"MassiveFold model pool index only. It parses organizer-provided external model tarball listings and stages balanced extraction/rerank candidates. These models remain external rerank and accuracy-estimation inputs, not internal predictions, not CASP submissions, and not competitive-proof evidence."
6,R2353,R2353,4320,./R2353_all_cifs/Model_6047_af3_woTemplates_af3_seed_285274_sample_3_pred_323.cif,Model_6047_af3_woTemplates_af3_seed_285274_sample_3_pred_323.cif,6047,AF3,af3_woTemplates,285274,3,323,woTemplates,,False,casp17/massivefold_external_pool_intake/r2353/extracted_models/R2353_all_cifs/Model_6047_af3_woTemplates_af3_seed_285274_sample_3_pred_323.cif,awaiting_extract,"MassiveFold model pool index only. It parses organizer-provided external model tarball listings and stages balanced extraction/rerank candidates. These models remain external rerank and accuracy-estimation inputs, not internal predictions, not CASP submissions, and not competitive-proof evidence."
6,R2353,R2353,4322,./R2353_all_cifs/Model_5036_af3_woTemplates_af3_seed_141657_sample_2_pred_637.cif,Model_5036_af3_woTemplates_af3_seed_141657_sample_2_pred_637.cif,5036,AF3,af3_woTemplates,141657,2,637,woTemplates,,False,casp17/massivefold_external_pool_intake/r2353/extracted_models/R2353_all_cifs/Model_5036_af3_woTemplates_af3_seed_141657_sample_2_pred_637.cif,awaiting_extract,"MassiveFold model pool index only. It parses organizer-provided external model tarball listings and stages balanced extraction/rerank candidates. These models remain external rerank and accuracy-estimation inputs, not internal predictions, not CASP submissions, and not competitive-proof evidence."
6,R2353,R2353,4324,./R2353_all_cifs/Model_371_af3_woTemplates_af3_seed_285280_sample_2_pred_352.cif,Model_371_af3_woTemplates_af3_seed_285280_sample_2_pred_352.cif,371,AF3,af3_woTemplates,285280,2,352,woTemplates,,False,casp17/massivefold_external_pool_intake/r2353/extracted_models/R2353_all_cifs/Model_371_af3_woTemplates_af3_seed_285280_sample_2_pred_352.cif,awaiting_extract,"MassiveFold model pool index only. It parses organizer-provided external model tarball listings and stages balanced extraction/rerank candidates. These models remain external rerank and accuracy-estimation inputs, not internal predictions, not CASP submissions, and not competitive-proof evidence."
6,R2353,R2353,4354,./R2353_all_cifs/Model_2182_af3_woTemplates_af3_seed_285262_sample_0_pred_260.cif,Model_2182_af3_woTemplates_af3_seed_285262_sample_0_pred_260.cif,2182,AF3,af3_woTemplates,285262,0,260,woTemplates,,False,casp17/massivefold_external_pool_intake/r2353/extracted_models/R2353_all_cifs/Model_2182_af3_woTemplates_af3_seed_285262_sample_0_pred_260.cif,awaiting_extract,"MassiveFold model pool index only. It parses organizer-provided external model tarball listings and stages balanced extraction/rerank candidates. These models remain external rerank and accuracy-estimation inputs, not internal predictions, not CASP submissions, and not competitive-proof evidence."
6,R2353,R2353,4361,./R2353_all_cifs/Model_885_af3_woTemplates_af3_seed_141667_sample_0_pred_685.cif,Model_885_af3_woTemplates_af3_seed_141667_sample_0_pred_685.cif,885,AF3,af3_woTemplates,141667,0,685,woTemplates,,False,casp17/massivefold_external_pool_intake/r2353/extracted_models/R2353_all_cifs/Model_885_af3_woTemplates_af3_seed_141667_sample_0_pred_685.cif,awaiting_extract,"MassiveFold model pool index only. It parses organizer-provided external model tarball listings and stages balanced extraction/rerank candidates. These models remain external rerank and accuracy-estimation inputs, not internal predictions, not CASP submissions, and not competitive-proof evidence."
6,R2353,R2353,4370,./R2353_all_cifs/Model_6768_af3_woTemplates_af3_seed_5685_sample_2_pred_412.cif,Model_6768_af3_woTemplates_af3_seed_5685_sample_2_pred_412.cif,6768,AF3,af3_woTemplates,5685,2,412,woTemplates,,False,casp17/massivefold_external_pool_intake/r2353/extracted_models/R2353_all_cifs/Model_6768_af3_woTemplates_af3_seed_5685_sample_2_pred_412.cif,awaiting_extract,"MassiveFold model pool index only. It parses organizer-provided external model tarball listings and stages balanced extraction/rerank candidates. These models remain external rerank and accuracy-estimation inputs, not internal predictions, not CASP submissions, and not competitive-proof evidence."
6,R2353,R2353,4380,./R2353_all_cifs/Model_6166_af3_woTemplates_af3_seed_73751_sample_4_pred_944.cif,Model_6166_af3_woTemplates_af3_seed_73751_sample_4_pred_944.cif,6166,AF3,af3_woTemplates,73751,4,944,woTemplates,,False,casp17/massivefold_external_pool_intake/r2353/extracted_models/R2353_all_cifs/Model_6166_af3_woTemplates_af3_seed_73751_sample_4_pred_944.cif,awaiting_extract,"MassiveFold model pool index only. It parses organizer-provided external model tarball listings and stages balanced extraction/rerank candidates. These models remain external rerank and accuracy-estimation inputs, not internal predictions, not CASP submissions, and not competitive-proof evidence."
6,R2353,R2353,4383,./R2353_all_cifs/Model_4160_af3_woTemplates_af3_seed_73750_sample_4_pred_939.cif,Model_4160_af3_woTemplates_af3_seed_73750_sample_4_pred_939.cif,4160,AF3,af3_woTemplates,73750,4,939,woTemplates,,False,casp17/massivefold_external_pool_intake/r2353/extracted_models/R2353_all_cifs/Model_4160_af3_woTemplates_af3_seed_73750_sample_4_pred_939.cif,awaiting_extract,"MassiveFold model pool index only. It parses organizer-provided external model tarball listings and stages balanced extraction/rerank candidates. These models remain external rerank and accuracy-estimation inputs, not internal predictions, not CASP submissions, and not competitive-proof evidence."
6,R2353,R2353,4384,./R2353_all_cifs/Model_3812_af3_woTemplates_af3_seed_372149_sample_2_pred_552.cif,Model_3812_af3_woTemplates_af3_seed_372149_sample_2_pred_552.cif,3812,AF3,af3_woTemplates,372149,2,552,woTemplates,,False,casp17/massivefold_external_pool_intake/r2353/extracted_models/R2353_all_cifs/Model_3812_af3_woTemplates_af3_seed_372149_sample_2_pred_552.cif,awaiting_extract,"MassiveFold model pool index only. It parses organizer-provided external model tarball listings and stages balanced extraction/rerank candidates. These models remain external rerank and accuracy-estimation inputs, not internal predictions, not CASP submissions, and not competitive-proof evidence."
6,R2353,R2353,4400,./R2353_all_cifs/Model_4113_af3_woTemplates_af3_seed_73740_sample_4_pred_889.cif,Model_4113_af3_woTemplates_af3_seed_73740_sample_4_pred_889.cif,4113,AF3,af3_woTemplates,73740,4,889,woTemplates,,False,casp17/massivefold_external_pool_intake/r2353/extracted_models/R2353_all_cifs/Model_4113_af3_woTemplates_af3_seed_73740_sample_4_pred_889.cif,awaiting_extract,"MassiveFold model pool index only. It parses organizer-provided external model tarball listings and stages balanced extraction/rerank candidates. These models remain external rerank and accuracy-estimation inputs, not internal predictions, not CASP submissions, and not competitive-proof evidence."
6,R2353,R2353,4428,./R2353_all_cifs/Model_1563_af3_woTemplates_af3_seed_904985_sample_2_pred_162.cif,Model_1563_af3_woTemplates_af3_seed_904985_sample_2_pred_162.cif,1563,AF3,af3_woTemplates,904985,2,162,woTemplates,,False,casp17/massivefold_external_pool_intake/r2353/extracted_models/R2353_all_cifs/Model_1563_af3_woTemplates_af3_seed_904985_sample_2_pred_162.cif,awaiting_extract,"MassiveFold model pool index only. It parses organizer-provided external model tarball listings and stages balanced extraction/rerank candidates. These models remain external rerank and accuracy-estimation inputs, not internal predictions, not CASP submissions, and not competitive-proof evidence."
6,R2353,R2353,4429,./R2353_all_cifs/Model_1519_af3_woTemplates_af3_seed_141664_sample_3_pred_673.cif,Model_1519_af3_woTemplates_af3_seed_141664_sample_3_pred_673.cif,1519,AF3,af3_woTemplates,141664,3,673,woTemplates,,False,casp17/massivefold_external_pool_intake/r2353/extracted_models/R2353_all_cifs/Model_1519_af3_woTemplates_af3_seed_141664_sample_3_pred_673.cif,awaiting_extract,"MassiveFold model pool index only. It parses organizer-provided external model tarball listings and stages balanced extraction/rerank candidates. These models remain external rerank and accuracy-estimation inputs, not internal predictions, not CASP submissions, and not competitive-proof evidence."
6,R2353,R2353,4439,./R2353_all_cifs/Model_2983_af3_woTemplates_af3_seed_285270_sample_3_pred_303.cif,Model_2983_af3_woTemplates_af3_seed_285270_sample_3_pred_303.cif,2983,AF3,af3_woTemplates,285270,3,303,woTemplates,,False,casp17/massivefold_external_pool_intake/r2353/extracted_models/R2353_all_cifs/Model_2983_af3_woTemplates_af3_seed_285270_sample_3_pred_303.cif,awaiting_extract,"MassiveFold model pool index only. It parses organizer-provided external model tarball listings and stages balanced extraction/rerank candidates. These models remain external rerank and accuracy-estimation inputs, not internal predictions, not CASP submissions, and not competitive-proof evidence."
6,R2353,R2353,4442,./R2353_all_cifs/Model_5602_af3_woTemplates_af3_seed_73746_sample_2_pred_917.cif,Model_5602_af3_woTemplates_af3_seed_73746_sample_2_pred_917.cif,5602,AF3,af3_woTemplates,73746,2,917,woTemplates,,False,casp17/massivefold_external_pool_intake/r2353/extracted_models/R2353_all_cifs/Model_5602_af3_woTemplates_af3_seed_73746_sample_2_pred_917.cif,awaiting_extract,"MassiveFold model pool index only. It parses organizer-provided external model tarball listings and stages balanced extraction/rerank candidates. These models remain external rerank and accuracy-estimation inputs, not internal predictions, not CASP submissions, and not competitive-proof evidence."
6,R2353,R2353,4444,./R2353_all_cifs/Model_1111_af3_woTemplates_af3_seed_141657_sample_0_pred_635.cif,Model_1111_af3_woTemplates_af3_seed_141657_sample_0_pred_635.cif,1111,AF3,af3_woTemplates,141657,0,635,woTemplates,,False,casp17/massivefold_external_pool_intake/r2353/extracted_models/R2353_all_cifs/Model_1111_af3_woTemplates_af3_seed_141657_sample_0_pred_635.cif,awaiting_extract,"MassiveFold model pool index only. It parses organizer-provided external model tarball listings and stages balanced extraction/rerank candidates. These models remain external rerank and accuracy-estimation inputs, not internal predictions, not CASP submissions, and not competitive-proof evidence."
6,R2353,R2353,4454,./R2353_all_cifs/Model_5308_af3_woTemplates_af3_seed_218327_sample_0_pred_795.cif,Model_5308_af3_woTemplates_af3_seed_218327_sample_0_pred_795.cif,5308,AF3,af3_woTemplates,218327,0,795,woTemplates,,False,casp17/massivefold_external_pool_intake/r2353/extracted_models/R2353_all_cifs/Model_5308_af3_woTemplates_af3_seed_218327_sample_0_pred_795.cif,awaiting_extract,"MassiveFold model pool index only. It parses organizer-provided external model tarball listings and stages balanced extraction/rerank candidates. These models remain external rerank and accuracy-estimation inputs, not internal predictions, not CASP submissions, and not competitive-proof evidence."
6,R2353,R2353,4456,./R2353_all_cifs/Model_7896_af3_woTemplates_af3_seed_285281_sample_2_pred_357.cif,Model_7896_af3_woTemplates_af3_seed_285281_sample_2_pred_357.cif,7896,AF3,af3_woTemplates,285281,2,357,woTemplates,,False,casp17/massivefold_external_pool_intake/r2353/extracted_models/R2353_all_cifs/Model_7896_af3_woTemplates_af3_seed_285281_sample_2_pred_357.cif,awaiting_extract,"MassiveFold model pool index only. It parses organizer-provided external model tarball listings and stages balanced extraction/rerank candidates. These models remain external rerank and accuracy-estimation inputs, not internal predictions, not CASP submissions, and not competitive-proof evidence."
6,R2353,R2353,4467,./R2353_all_cifs/Model_1259_af3_woTemplates_af3_seed_141675_sample_4_pred_729.cif,Model_1259_af3_woTemplates_af3_seed_141675_sample_4_pred_729.cif,1259,AF3,af3_woTemplates,141675,4,729,woTemplates,,False,casp17/massivefold_external_pool_intake/r2353/extracted_models/R2353_all_cifs/Model_1259_af3_woTemplates_af3_seed_141675_sample_4_pred_729.cif,awaiting_extract,"MassiveFold model pool index only. It parses organizer-provided external model tarball listings and stages balanced extraction/rerank candidates. These models remain external rerank and accuracy-estimation inputs, not internal predictions, not CASP submissions, and not competitive-proof evidence."
6,R2353,R2353,4478,./R2353_all_cifs/Model_266_af3_woTemplates_af3_seed_218325_sample_3_pred_788.cif,Model_266_af3_woTemplates_af3_seed_218325_sample_3_pred_788.cif,266,AF3,af3_woTemplates,218325,3,788,woTemplates,,False,casp17/massivefold_external_pool_intake/r2353/extracted_models/R2353_all_cifs/Model_266_af3_woTemplates_af3_seed_218325_sample_3_pred_788.cif,awaiting_extract,"MassiveFold model pool index only. It parses organizer-provided external model tarball listings and stages balanced extraction/rerank candidates. These models remain external rerank and accuracy-estimation inputs, not internal predictions, not CASP submissions, and not competitive-proof evidence."
6,R2353,R2353,4484,./R2353_all_cifs/Model_5528_af3_woTemplates_af3_seed_218342_sample_0_pred_870.cif,Model_5528_af3_woTemplates_af3_seed_218342_sample_0_pred_870.cif,5528,AF3,af3_woTemplates,218342,0,870,woTemplates,,False,casp17/massivefold_external_pool_intake/r2353/extracted_models/R2353_all_cifs/Model_5528_af3_woTemplates_af3_seed_218342_sample_0_pred_870.cif,awaiting_extract,"MassiveFold model pool index only. It parses organizer-provided external model tarball listings and stages balanced extraction/rerank candidates. These models remain external rerank and accuracy-estimation inputs, not internal predictions, not CASP submissions, and not competitive-proof evidence."
6,R2353,R2353,4485,./R2353_all_cifs/Model_3095_af3_woTemplates_af3_seed_359492_sample_4_pred_24.cif,Model_3095_af3_woTemplates_af3_seed_359492_sample_4_pred_24.cif,3095,AF3,af3_woTemplates,359492,4,24,woTemplates,,False,casp17/massivefold_external_pool_intake/r2353/extracted_models/R2353_all_cifs/Model_3095_af3_woTemplates_af3_seed_359492_sample_4_pred_24.cif,awaiting_extract,"MassiveFold model pool index only. It parses organizer-provided external model tarball listings and stages balanced extraction/rerank candidates. These models remain external rerank and accuracy-estimation inputs, not internal predictions, not CASP submissions, and not competitive-proof evidence."
6,R2353,R2353,4497,./R2353_all_cifs/Model_6489_af3_woTemplates_af3_seed_73739_sample_0_pred_880.cif,Model_6489_af3_woTemplates_af3_seed_73739_sample_0_pred_880.cif,6489,AF3,af3_woTemplates,73739,0,880,woTemplates,,False,casp17/massivefold_external_pool_intake/r2353/extracted_models/R2353_all_cifs/Model_6489_af3_woTemplates_af3_seed_73739_sample_0_pred_880.cif,awaiting_extract,"MassiveFold model pool index only. It parses organizer-provided external model tarball listings and stages balanced extraction/rerank candidates. These models remain external rerank and accuracy-estimation inputs, not internal predictions, not CASP submissions, and not competitive-proof evidence."
6,R2353,R2353,4511,./R2353_all_cifs/Model_1225_af3_woTemplates_af3_seed_372144_sample_0_pred_525.cif,Model_1225_af3_woTemplates_af3_seed_372144_sample_0_pred_525.cif,1225,AF3,af3_woTemplates,372144,0,525,woTemplates,,False,casp17/massivefold_external_pool_intake/r2353/extracted_models/R2353_all_cifs/Model_1225_af3_woTemplates_af3_seed_372144_sample_0_pred_525.cif,awaiting_extract,"MassiveFold model pool index only. It parses organizer-provided external model tarball listings and stages balanced extraction/rerank candidates. These models remain external rerank and accuracy-estimation inputs, not internal predictions, not CASP submissions, and not competitive-proof evidence."
6,R2353,R2353,4527,./R2353_all_cifs/Model_7551_af3_woTemplates_af3_seed_5701_sample_1_pred_491.cif,Model_7551_af3_woTemplates_af3_seed_5701_sample_1_pred_491.cif,7551,AF3,af3_woTemplates,5701,1,491,woTemplates,,False,casp17/massivefold_external_pool_intake/r2353/extracted_models/R2353_all_cifs/Model_7551_af3_woTemplates_af3_seed_5701_sample_1_pred_491.cif,awaiting_extract,"MassiveFold model pool index only. It parses organizer-provided external model tarball listings and stages balanced extraction/rerank candidates. These models remain external rerank and accuracy-estimation inputs, not internal predictions, not CASP submissions, and not competitive-proof evidence."
6,R2353,R2353,4530,./R2353_all_cifs/Model_617_af3_woTemplates_af3_seed_218336_sample_1_pred_841.cif,Model_617_af3_woTemplates_af3_seed_218336_sample_1_pred_841.cif,617,AF3,af3_woTemplates,218336,1,841,woTemplates,,False,casp17/massivefold_external_pool_intake/r2353/extracted_models/R2353_all_cifs/Model_617_af3_woTemplates_af3_seed_218336_sample_1_pred_841.cif,awaiting_extract,"MassiveFold model pool index only. It parses organizer-provided external model tarball listings and stages balanced extraction/rerank candidates. These models remain external rerank and accuracy-estimation inputs, not internal predictions, not CASP submissions, and not competitive-proof evidence."
6,R2353,R2353,4541,./R2353_all_cifs/Model_6820_af3_woTemplates_af3_seed_218318_sample_1_pred_751.cif,Model_6820_af3_woTemplates_af3_seed_218318_sample_1_pred_751.cif,6820,AF3,af3_woTemplates,218318,1,751,woTemplates,,False,casp17/massivefold_external_pool_intake/r2353/extracted_models/R2353_all_cifs/Model_6820_af3_woTemplates_af3_seed_218318_sample_1_pred_751.cif,awaiting_extract,"MassiveFold model pool index only. It parses organizer-provided external model tarball listings and stages balanced extraction/rerank candidates. These models remain external rerank and accuracy-estimation inputs, not internal predictions, not CASP submissions, and not competitive-proof evidence."
6,R2353,R2353,4564,./R2353_all_cifs/Model_4077_af3_woTemplates_af3_seed_904993_sample_4_pred_204.cif,Model_4077_af3_woTemplates_af3_seed_904993_sample_4_pred_204.cif,4077,AF3,af3_woTemplates,904993,4,204,woTemplates,,False,casp17/massivefold_external_pool_intake/r2353/extracted_models/R2353_all_cifs/Model_4077_af3_woTemplates_af3_seed_904993_sample_4_pred_204.cif,awaiting_extract,"MassiveFold model pool index only. It parses organizer-provided external model tarball listings and stages balanced extraction/rerank candidates. These models remain external rerank and accuracy-estimation inputs, not internal predictions, not CASP submissions, and not competitive-proof evidence."
6,R2353,R2353,4590,./R2353_all_cifs/Model_637_af3_woTemplates_af3_seed_5696_sample_1_pred_466.cif,Model_637_af3_woTemplates_af3_seed_5696_sample_1_pred_466.cif,637,AF3,af3_woTemplates,5696,1,466,woTemplates,,False,casp17/massivefold_external_pool_intake/r2353/extracted_models/R2353_all_cifs/Model_637_af3_woTemplates_af3_seed_5696_sample_1_pred_466.cif,awaiting_extract,"MassiveFold model pool index only. It parses organizer-provided external model tarball listings and stages balanced extraction/rerank candidates. These models remain external rerank and accuracy-estimation inputs, not internal predictions, not CASP submissions, and not competitive-proof evidence."
6,R2353,R2353,4602,./R2353_all_cifs/Model_4063_af3_woTemplates_af3_seed_372153_sample_0_pred_570.cif,Model_4063_af3_woTemplates_af3_seed_372153_sample_0_pred_570.cif,4063,AF3,af3_woTemplates,372153,0,570,woTemplates,,False,casp17/massivefold_external_pool_intake/r2353/extracted_models/R2353_all_cifs/Model_4063_af3_woTemplates_af3_seed_372153_sample_0_pred_570.cif,awaiting_extract,"MassiveFold model pool index only. It parses organizer-provided external model tarball listings and stages balanced extraction/rerank candidates. These models remain external rerank and accuracy-estimation inputs, not internal predictions, not CASP submissions, and not competitive-proof evidence."
6,R2353,R2353,4604,./R2353_all_cifs/Model_6534_af3_woTemplates_af3_seed_73747_sample_3_pred_923.cif,Model_6534_af3_woTemplates_af3_seed_73747_sample_3_pred_923.cif,6534,AF3,af3_woTemplates,73747,3,923,woTemplates,,False,casp17/massivefold_external_pool_intake/r2353/extracted_models/R2353_all_cifs/Model_6534_af3_woTemplates_af3_seed_73747_sample_3_pred_923.cif,awaiting_extract,"MassiveFold model pool index only. It parses organizer-provided external model tarball listings and stages balanced extraction/rerank candidates. These models remain external rerank and accuracy-estimation inputs, not internal predictions, not CASP submissions, and not competitive-proof evidence."
6,R2353,R2353,4611,./R2353_all_cifs/Model_7547_af3_woTemplates_af3_seed_904995_sample_3_pred_213.cif,Model_7547_af3_woTemplates_af3_seed_904995_sample_3_pred_213.cif,7547,AF3,af3_woTemplates,904995,3,213,woTemplates,,False,casp17/massivefold_external_pool_intake/r2353/extracted_models/R2353_all_cifs/Model_7547_af3_woTemplates_af3_seed_904995_sample_3_pred_213.cif,awaiting_extract,"MassiveFold model pool index only. It parses organizer-provided external model tarball listings and stages balanced extraction/rerank candidates. These models remain external rerank and accuracy-estimation inputs, not internal predictions, not CASP submissions, and not competitive-proof evidence."
6,R2353,R2353,4615,./R2353_all_cifs/Model_5698_af3_woTemplates_af3_seed_73743_sample_4_pred_904.cif,Model_5698_af3_woTemplates_af3_seed_73743_sample_4_pred_904.cif,5698,AF3,af3_woTemplates,73743,4,904,woTemplates,,False,casp17/massivefold_external_pool_intake/r2353/extracted_models/R2353_all_cifs/Model_5698_af3_woTemplates_af3_seed_73743_sample_4_pred_904.cif,awaiting_extract,"MassiveFold model pool index only. It parses organizer-provided external model tarball listings and stages balanced extraction/rerank candidates. These models remain external rerank and accuracy-estimation inputs, not internal predictions, not CASP submissions, and not competitive-proof evidence."
6,R2353,R2353,4623,./R2353_all_cifs/Model_7437_af3_woTemplates_af3_seed_372152_sample_4_pred_569.cif,Model_7437_af3_woTemplates_af3_seed_372152_sample_4_pred_569.cif,7437,AF3,af3_woTemplates,372152,4,569,woTemplates,,False,casp17/massivefold_external_pool_intake/r2353/extracted_models/R2353_all_cifs/Model_7437_af3_woTemplates_af3_seed_372152_sample_4_pred_569.cif,awaiting_extract,"MassiveFold model pool index only. It parses organizer-provided external model tarball listings and stages balanced extraction/rerank candidates. These models remain external rerank and accuracy-estimation inputs, not internal predictions, not CASP submissions, and not competitive-proof evidence."
6,R2353,R2353,4624,./R2353_all_cifs/Model_3555_af3_woTemplates_af3_seed_904997_sample_3_pred_223.cif,Model_3555_af3_woTemplates_af3_seed_904997_sample_3_pred_223.cif,3555,AF3,af3_woTemplates,904997,3,223,woTemplates,,False,casp17/massivefold_external_pool_intake/r2353/extracted_models/R2353_all_cifs/Model_3555_af3_woTemplates_af3_seed_904997_sample_3_pred_223.cif,awaiting_extract,"MassiveFold model pool index only. It parses organizer-provided external model tarball listings and stages balanced extraction/rerank candidates. These models remain external rerank and accuracy-estimation inputs, not internal predictions, not CASP submissions, and not competitive-proof evidence."
6,R2353,R2353,4633,./R2353_all_cifs/Model_8013_af3_woTemplates_af3_seed_5699_sample_0_pred_480.cif,Model_8013_af3_woTemplates_af3_seed_5699_sample_0_pred_480.cif,8013,AF3,af3_woTemplates,5699,0,480,woTemplates,,False,casp17/massivefold_external_pool_intake/r2353/extracted_models/R2353_all_cifs/Model_8013_af3_woTemplates_af3_seed_5699_sample_0_pred_480.cif,awaiting_extract,"MassiveFold model pool index only. It parses organizer-provided external model tarball listings and stages balanced extraction/rerank candidates. These models remain external rerank and accuracy-estimation inputs, not internal predictions, not CASP submissions, and not competitive-proof evidence."
6,R2353,R2353,4643,./R2353_all_cifs/Model_3239_af3_woTemplates_af3_seed_285278_sample_2_pred_342.cif,Model_3239_af3_woTemplates_af3_seed_285278_sample_2_pred_342.cif,3239,AF3,af3_woTemplates,285278,2,342,woTemplates,,False,casp17/massivefold_external_pool_intake/r2353/extracted_models/R2353_all_cifs/Model_3239_af3_woTemplates_af3_seed_285278_sample_2_pred_342.cif,awaiting_extract,"MassiveFold model pool index only. It parses organizer-provided external model tarball listings and stages balanced extraction/rerank candidates. These models remain external rerank and accuracy-estimation inputs, not internal predictions, not CASP submissions, and not competitive-proof evidence."
6,R2353,R2353,4644,./R2353_all_cifs/Model_5226_af3_woTemplates_af3_seed_141670_sample_4_pred_704.cif,Model_5226_af3_woTemplates_af3_seed_141670_sample_4_pred_704.cif,5226,AF3,af3_woTemplates,141670,4,704,woTemplates,,False,casp17/massivefold_external_pool_intake/r2353/extracted_models/R2353_all_cifs/Model_5226_af3_woTemplates_af3_seed_141670_sample_4_pred_704.cif,awaiting_extract,"MassiveFold model pool index only. It parses organizer-provided external model tarball listings and stages balanced extraction/rerank candidates. These models remain external rerank and accuracy-estimation inputs, not internal predictions, not CASP submissions, and not competitive-proof evidence."
6,R2353,R2353,4656,./R2353_all_cifs/Model_2887_af3_woTemplates_af3_seed_359505_sample_0_pred_85.cif,Model_2887_af3_woTemplates_af3_seed_359505_sample_0_pred_85.cif,2887,AF3,af3_woTemplates,359505,0,85,woTemplates,,False,casp17/massivefold_external_pool_intake/r2353/extracted_models/R2353_all_cifs/Model_2887_af3_woTemplates_af3_seed_359505_sample_0_pred_85.cif,awaiting_extract,"MassiveFold model pool index only. It parses organizer-provided external model tarball listings and stages balanced extraction/rerank candidates. These models remain external rerank and accuracy-estimation inputs, not internal predictions, not CASP submissions, and not competitive-proof evidence."
6,R2353,R2353,4657,./R2353_all_cifs/Model_3903_af3_woTemplates_af3_seed_5682_sample_1_pred_396.cif,Model_3903_af3_woTemplates_af3_seed_5682_sample_1_pred_396.cif,3903,AF3,af3_woTemplates,5682,1,396,woTemplates,,False,casp17/massivefold_external_pool_intake/r2353/extracted_models/R2353_all_cifs/Model_3903_af3_woTemplates_af3_seed_5682_sample_1_pred_396.cif,awaiting_extract,"MassiveFold model pool index only. It parses organizer-provided external model tarball listings and stages balanced extraction/rerank candidates. These models remain external rerank and accuracy-estimation inputs, not internal predictions, not CASP submissions, and not competitive-proof evidence."
6,R2353,R2353,4671,./R2353_all_cifs/Model_6733_af3_woTemplates_af3_seed_372149_sample_1_pred_551.cif,Model_6733_af3_woTemplates_af3_seed_372149_sample_1_pred_551.cif,6733,AF3,af3_woTemplates,372149,1,551,woTemplates,,False,casp17/massivefold_external_pool_intake/r2353/extracted_models/R2353_all_cifs/Model_6733_af3_woTemplates_af3_seed_372149_sample_1_pred_551.cif,awaiting_extract,"MassiveFold model pool index only. It parses organizer-provided external model tarball listings and stages balanced extraction/rerank candidates. These models remain external rerank and accuracy-estimation inputs, not internal predictions, not CASP submissions, and not competitive-proof evidence."
6,R2353,R2353,4689,./R2353_all_cifs/Model_1097_af3_woTemplates_af3_seed_73747_sample_1_pred_921.cif,Model_1097_af3_woTemplates_af3_seed_73747_sample_1_pred_921.cif,1097,AF3,af3_woTemplates,73747,1,921,woTemplates,,False,casp17/massivefold_external_pool_intake/r2353/extracted_models/R2353_all_cifs/Model_1097_af3_woTemplates_af3_seed_73747_sample_1_pred_921.cif,awaiting_extract,"MassiveFold model pool index only. It parses organizer-provided external model tarball listings and stages balanced extraction/rerank candidates. These models remain external rerank and accuracy-estimation inputs, not internal predictions, not CASP submissions, and not competitive-proof evidence."
6,R2353,R2353,4695,./R2353_all_cifs/Model_7835_af3_woTemplates_af3_seed_285265_sample_4_pred_279.cif,Model_7835_af3_woTemplates_af3_seed_285265_sample_4_pred_279.cif,7835,AF3,af3_woTemplates,285265,4,279,woTemplates,,False,casp17/massivefold_external_pool_intake/r2353/extracted_models/R2353_all_cifs/Model_7835_af3_woTemplates_af3_seed_285265_sample_4_pred_279.cif,awaiting_extract,"MassiveFold model pool index only. It parses organizer-provided external model tarball listings and stages balanced extraction/rerank candidates. These models remain external rerank and accuracy-estimation inputs, not internal predictions, not CASP submissions, and not competitive-proof evidence."
6,R2353,R2353,4700,./R2353_all_cifs/Model_2339_af3_woTemplates_af3_seed_904979_sample_3_pred_133.cif,Model_2339_af3_woTemplates_af3_seed_904979_sample_3_pred_133.cif,2339,AF3,af3_woTemplates,904979,3,133,woTemplates,,False,casp17/massivefold_external_pool_intake/r2353/extracted_models/R2353_all_cifs/Model_2339_af3_woTemplates_af3_seed_904979_sample_3_pred_133.cif,awaiting_extract,"MassiveFold model pool index only. It parses organizer-provided external model tarball listings and stages balanced extraction/rerank candidates. These models remain external rerank and accuracy-estimation inputs, not internal predictions, not CASP submissions, and not competitive-proof evidence."
6,R2353,R2353,4717,./R2353_all_cifs/Model_1162_af3_woTemplates_af3_seed_73754_sample_1_pred_956.cif,Model_1162_af3_woTemplates_af3_seed_73754_sample_1_pred_956.cif,1162,AF3,af3_woTemplates,73754,1,956,woTemplates,,False,casp17/massivefold_external_pool_intake/r2353/extracted_models/R2353_all_cifs/Model_1162_af3_woTemplates_af3_seed_73754_sample_1_pred_956.cif,awaiting_extract,"MassiveFold model pool index only. It parses organizer-provided external model tarball listings and stages balanced extraction/rerank candidates. These models remain external rerank and accuracy-estimation inputs, not internal predictions, not CASP submissions, and not competitive-proof evidence."
6,R2353,R2353,4725,./R2353_all_cifs/Model_2456_af3_woTemplates_af3_seed_5688_sample_0_pred_425.cif,Model_2456_af3_woTemplates_af3_seed_5688_sample_0_pred_425.cif,2456,AF3,af3_woTemplates,5688,0,425,woTemplates,,False,casp17/massivefold_external_pool_intake/r2353/extracted_models/R2353_all_cifs/Model_2456_af3_woTemplates_af3_seed_5688_sample_0_pred_425.cif,awaiting_extract,"MassiveFold model pool index only. It parses organizer-provided external model tarball listings and stages balanced extraction/rerank candidates. These models remain external rerank and accuracy-estimation inputs, not internal predictions, not CASP submissions, and not competitive-proof evidence."
6,R2353,R2353,4726,./R2353_all_cifs/Model_4248_af3_woTemplates_af3_seed_218328_sample_3_pred_803.cif,Model_4248_af3_woTemplates_af3_seed_218328_sample_3_pred_803.cif,4248,AF3,af3_woTemplates,218328,3,803,woTemplates,,False,casp17/massivefold_external_pool_intake/r2353/extracted_models/R2353_all_cifs/Model_4248_af3_woTemplates_af3_seed_218328_sample_3_pred_803.cif,awaiting_extract,"MassiveFold model pool index only. It parses organizer-provided external model tarball listings and stages balanced extraction/rerank candidates. These models remain external rerank and accuracy-estimation inputs, not internal predictions, not CASP submissions, and not competitive-proof evidence."
6,R2353,R2353,4744,./R2353_all_cifs/Model_7054_af3_woTemplates_af3_seed_359509_sample_2_pred_107.cif,Model_7054_af3_woTemplates_af3_seed_359509_sample_2_pred_107.cif,7054,AF3,af3_woTemplates,359509,2,107,woTemplates,,False,casp17/massivefold_external_pool_intake/r2353/extracted_models/R2353_all_cifs/Model_7054_af3_woTemplates_af3_seed_359509_sample_2_pred_107.cif,awaiting_extract,"MassiveFold model pool index only. It parses organizer-provided external model tarball listings and stages balanced extraction/rerank candidates. These models remain external rerank and accuracy-estimation inputs, not internal predictions, not CASP submissions, and not competitive-proof evidence."
6,R2353,R2353,4745,./R2353_all_cifs/Model_3560_af3_woTemplates_af3_seed_904994_sample_0_pred_205.cif,Model_3560_af3_woTemplates_af3_seed_904994_sample_0_pred_205.cif,3560,AF3,af3_woTemplates,904994,0,205,woTemplates,,False,casp17/massivefold_external_pool_intake/r2353/extracted_models/R2353_all_cifs/Model_3560_af3_woTemplates_af3_seed_904994_sample_0_pred_205.cif,awaiting_extract,"MassiveFold model pool index only. It parses organizer-provided external model tarball listings and stages balanced extraction/rerank candidates. These models remain external rerank and accuracy-estimation inputs, not internal predictions, not CASP submissions, and not competitive-proof evidence."
6,R2353,R2353,4749,./R2353_all_cifs/Model_2178_af3_woTemplates_af3_seed_372163_sample_4_pred_624.cif,Model_2178_af3_woTemplates_af3_seed_372163_sample_4_pred_624.cif,2178,AF3,af3_woTemplates,372163,4,624,woTemplates,,False,casp17/massivefold_external_pool_intake/r2353/extracted_models/R2353_all_cifs/Model_2178_af3_woTemplates_af3_seed_372163_sample_4_pred_624.cif,awaiting_extract,"MassiveFold model pool index only. It parses organizer-provided external model tarball listings and stages balanced extraction/rerank candidates. These models remain external rerank and accuracy-estimation inputs, not internal predictions, not CASP submissions, and not competitive-proof evidence."
6,R2353,R2353,4754,./R2353_all_cifs/Model_1149_af3_woTemplates_af3_seed_359495_sample_2_pred_37.cif,Model_1149_af3_woTemplates_af3_seed_359495_sample_2_pred_37.cif,1149,AF3,af3_woTemplates,359495,2,37,woTemplates,,False,casp17/massivefold_external_pool_intake/r2353/extracted_models/R2353_all_cifs/Model_1149_af3_woTemplates_af3_seed_359495_sample_2_pred_37.cif,awaiting_extract,"MassiveFold model pool index only. It parses organizer-provided external model tarball listings and stages balanced extraction/rerank candidates. These models remain external rerank and accuracy-estimation inputs, not internal predictions, not CASP submissions, and not competitive-proof evidence."
6,R2353,R2353,4755,./R2353_all_cifs/Model_5792_af3_woTemplates_af3_seed_285269_sample_3_pred_298.cif,Model_5792_af3_woTemplates_af3_seed_285269_sample_3_pred_298.cif,5792,AF3,af3_woTemplates,285269,3,298,woTemplates,,False,casp17/massivefold_external_pool_intake/r2353/extracted_models/R2353_all_cifs/Model_5792_af3_woTemplates_af3_seed_285269_sample_3_pred_298.cif,awaiting_extract,"MassiveFold model pool index only. It parses organizer-provided external model tarball listings and stages balanced extraction/rerank candidates. These models remain external rerank and accuracy-estimation inputs, not internal predictions, not CASP submissions, and not competitive-proof evidence."
6,R2353,R2353,4756,./R2353_all_cifs/Model_6850_af3_woTemplates_af3_seed_5681_sample_2_pred_392.cif,Model_6850_af3_woTemplates_af3_seed_5681_sample_2_pred_392.cif,6850,AF3,af3_woTemplates,5681,2,392,woTemplates,,False,casp17/massivefold_external_pool_intake/r2353/extracted_models/R2353_all_cifs/Model_6850_af3_woTemplates_af3_seed_5681_sample_2_pred_392.cif,awaiting_extract,"MassiveFold model pool index only. It parses organizer-provided external model tarball listings and stages balanced extraction/rerank candidates. These models remain external rerank and accuracy-estimation inputs, not internal predictions, not CASP submissions, and not competitive-proof evidence."
6,R2353,R2353,4760,./R2353_all_cifs/Model_4642_af3_woTemplates_af3_seed_372146_sample_2_pred_537.cif,Model_4642_af3_woTemplates_af3_seed_372146_sample_2_pred_537.cif,4642,AF3,af3_woTemplates,372146,2,537,woTemplates,,False,casp17/massivefold_external_pool_intake/r2353/extracted_models/R2353_all_cifs/Model_4642_af3_woTemplates_af3_seed_372146_sample_2_pred_537.cif,awaiting_extract,"MassiveFold model pool index only. It parses organizer-provided external model tarball listings and stages balanced extraction/rerank candidates. These models remain external rerank and accuracy-estimation inputs, not internal predictions, not CASP submissions, and not competitive-proof evidence."
6,R2353,R2353,4764,./R2353_all_cifs/Model_5989_af3_woTemplates_af3_seed_5698_sample_2_pred_477.cif,Model_5989_af3_woTemplates_af3_seed_5698_sample_2_pred_477.cif,5989,AF3,af3_woTemplates,5698,2,477,woTemplates,,False,casp17/massivefold_external_pool_intake/r2353/extracted_models/R2353_all_cifs/Model_5989_af3_woTemplates_af3_seed_5698_sample_2_pred_477.cif,awaiting_extract,"MassiveFold model pool index only. It parses organizer-provided external model tarball listings and stages balanced extraction/rerank candidates. These models remain external rerank and accuracy-estimation inputs, not internal predictions, not CASP submissions, and not competitive-proof evidence."
6,R2353,R2353,4765,./R2353_all_cifs/Model_6284_af3_woTemplates_af3_seed_359501_sample_4_pred_69.cif,Model_6284_af3_woTemplates_af3_seed_359501_sample_4_pred_69.cif,6284,AF3,af3_woTemplates,359501,4,69,woTemplates,,False,casp17/massivefold_external_pool_intake/r2353/extracted_models/R2353_all_cifs/Model_6284_af3_woTemplates_af3_seed_359501_sample_4_pred_69.cif,awaiting_extract,"MassiveFold model pool index only. It parses organizer-provided external model tarball listings and stages balanced extraction/rerank candidates. These models remain external rerank and accuracy-estimation inputs, not internal predictions, not CASP submissions, and not competitive-proof evidence."
6,R2353,R2353,4767,./R2353_all_cifs/Model_3073_af3_woTemplates_af3_seed_372140_sample_4_pred_509.cif,Model_3073_af3_woTemplates_af3_seed_372140_sample_4_pred_509.cif,3073,AF3,af3_woTemplates,372140,4,509,woTemplates,,False,casp17/massivefold_external_pool_intake/r2353/extracted_models/R2353_all_cifs/Model_3073_af3_woTemplates_af3_seed_372140_sample_4_pred_509.cif,awaiting_extract,"MassiveFold model pool index only. It parses organizer-provided external model tarball listings and stages balanced extraction/rerank candidates. These models remain external rerank and accuracy-estimation inputs, not internal predictions, not CASP submissions, and not competitive-proof evidence."
6,R2353,R2353,4777,./R2353_all_cifs/Model_66_af3_woTemplates_af3_seed_141675_sample_0_pred_725.cif,Model_66_af3_woTemplates_af3_seed_141675_sample_0_pred_725.cif,66,AF3,af3_woTemplates,141675,0,725,woTemplates,,False,casp17/massivefold_external_pool_intake/r2353/extracted_models/R2353_all_cifs/Model_66_af3_woTemplates_af3_seed_141675_sample_0_pred_725.cif,awaiting_extract,"MassiveFold model pool index only. It parses organizer-provided external model tarball listings and stages balanced extraction/rerank candidates. These models remain external rerank and accuracy-estimation inputs, not internal predictions, not CASP submissions, and not competitive-proof evidence."
6,R2353,R2353,4798,./R2353_all_cifs/Model_7087_af3_woTemplates_af3_seed_904992_sample_1_pred_196.cif,Model_7087_af3_woTemplates_af3_seed_904992_sample_1_pred_196.cif,7087,AF3,af3_woTemplates,904992,1,196,woTemplates,,False,casp17/massivefold_external_pool_intake/r2353/extracted_models/R2353_all_cifs/Model_7087_af3_woTemplates_af3_seed_904992_sample_1_pred_196.cif,awaiting_extract,"MassiveFold model pool index only. It parses organizer-provided external model tarball listings and stages balanced extraction/rerank candidates. These models remain external rerank and accuracy-estimation inputs, not internal predictions, not CASP submissions, and not competitive-proof evidence."
6,R2353,R2353,4811,./R2353_all_cifs/Model_6371_af3_woTemplates_af3_seed_141656_sample_4_pred_634.cif,Model_6371_af3_woTemplates_af3_seed_141656_sample_4_pred_634.cif,6371,AF3,af3_woTemplates,141656,4,634,woTemplates,,False,casp17/massivefold_external_pool_intake/r2353/extracted_models/R2353_all_cifs/Model_6371_af3_woTemplates_af3_seed_141656_sample_4_pred_634.cif,awaiting_extract,"MassiveFold model pool index only. It parses organizer-provided external model tarball listings and stages balanced extraction/rerank candidates. These models remain external rerank and accuracy-estimation inputs, not internal predictions, not CASP submissions, and not competitive-proof evidence."
6,R2353,R2353,4812,./R2353_all_cifs/Model_3269_af3_woTemplates_af3_seed_359508_sample_2_pred_102.cif,Model_3269_af3_woTemplates_af3_seed_359508_sample_2_pred_102.cif,3269,AF3,af3_woTemplates,359508,2,102,woTemplates,,False,casp17/massivefold_external_pool_intake/r2353/extracted_models/R2353_all_cifs/Model_3269_af3_woTemplates_af3_seed_359508_sample_2_pred_102.cif,awaiting_extract,"MassiveFold model pool index only. It parses organizer-provided external model tarball listings and stages balanced extraction/rerank candidates. These models remain external rerank and accuracy-estimation inputs, not internal predictions, not CASP submissions, and not competitive-proof evidence."
6,R2353,R2353,4813,./R2353_all_cifs/Model_4176_af3_woTemplates_af3_seed_285277_sample_4_pred_339.cif,Model_4176_af3_woTemplates_af3_seed_285277_sample_4_pred_339.cif,4176,AF3,af3_woTemplates,285277,4,339,woTemplates,,False,casp17/massivefold_external_pool_intake/r2353/extracted_models/R2353_all_cifs/Model_4176_af3_woTemplates_af3_seed_285277_sample_4_pred_339.cif,awaiting_extract,"MassiveFold model pool index only. It parses organizer-provided external model tarball listings and stages balanced extraction/rerank candidates. These models remain external rerank and accuracy-estimation inputs, not internal predictions, not CASP submissions, and not competitive-proof evidence."
6,R2353,R2353,4815,./R2353_all_cifs/Model_2179_af3_woTemplates_af3_seed_5692_sample_4_pred_449.cif,Model_2179_af3_woTemplates_af3_seed_5692_sample_4_pred_449.cif,2179,AF3,af3_woTemplates,5692,4,449,woTemplates,,False,casp17/massivefold_external_pool_intake/r2353/extracted_models/R2353_all_cifs/Model_2179_af3_woTemplates_af3_seed_5692_sample_4_pred_449.cif,awaiting_extract,"MassiveFold model pool index only. It parses organizer-provided external model tarball listings and stages balanced extraction/rerank candidates. These models remain external rerank and accuracy-estimation inputs, not internal predictions, not CASP submissions, and not competitive-proof evidence."
6,R2353,R2353,4823,./R2353_all_cifs/Model_6308_af3_woTemplates_af3_seed_285263_sample_3_pred_268.cif,Model_6308_af3_woTemplates_af3_seed_285263_sample_3_pred_268.cif,6308,AF3,af3_woTemplates,285263,3,268,woTemplates,,False,casp17/massivefold_external_pool_intake/r2353/extracted_models/R2353_all_cifs/Model_6308_af3_woTemplates_af3_seed_285263_sample_3_pred_268.cif,awaiting_extract,"MassiveFold model pool index only. It parses organizer-provided external model tarball listings and stages balanced extraction/rerank candidates. These models remain external rerank and accuracy-estimation inputs, not internal predictions, not CASP submissions, and not competitive-proof evidence."
6,R2353,R2353,4828,./R2353_all_cifs/Model_2421_af3_woTemplates_af3_seed_904989_sample_4_pred_184.cif,Model_2421_af3_woTemplates_af3_seed_904989_sample_4_pred_184.cif,2421,AF3,af3_woTemplates,904989,4,184,woTemplates,,False,casp17/massivefold_external_pool_intake/r2353/extracted_models/R2353_all_cifs/Model_2421_af3_woTemplates_af3_seed_904989_sample_4_pred_184.cif,awaiting_extract,"MassiveFold model pool index only. It parses organizer-provided external model tarball listings and stages balanced extraction/rerank candidates. These models remain external rerank and accuracy-estimation inputs, not internal predictions, not CASP submissions, and not competitive-proof evidence."
6,R2353,R2353,4832,./R2353_all_cifs/Model_2816_af3_woTemplates_af3_seed_141666_sample_0_pred_680.cif,Model_2816_af3_woTemplates_af3_seed_141666_sample_0_pred_680.cif,2816,AF3,af3_woTemplates,141666,0,680,woTemplates,,False,casp17/massivefold_external_pool_intake/r2353/extracted_models/R2353_all_cifs/Model_2816_af3_woTemplates_af3_seed_141666_sample_0_pred_680.cif,awaiting_extract,"MassiveFold model pool index only. It parses organizer-provided external model tarball listings and stages balanced extraction/rerank candidates. These models remain external rerank and accuracy-estimation inputs, not internal predictions, not CASP submissions, and not competitive-proof evidence."
6,R2353,R2353,4837,./R2353_all_cifs/Model_6259_af3_woTemplates_af3_seed_359496_sample_0_pred_40.cif,Model_6259_af3_woTemplates_af3_seed_359496_sample_0_pred_40.cif,6259,AF3,af3_woTemplates,359496,0,40,woTemplates,,False,casp17/massivefold_external_pool_intake/r2353/extracted_models/R2353_all_cifs/Model_6259_af3_woTemplates_af3_seed_359496_sample_0_pred_40.cif,awaiting_extract,"MassiveFold model pool index only. It parses organizer-provided external model tarball listings and stages balanced extraction/rerank candidates. These models remain external rerank and accuracy-estimation inputs, not internal predictions, not CASP submissions, and not competitive-proof evidence."
6,R2353,R2353,4839,./R2353_all_cifs/Model_7298_af3_woTemplates_af3_seed_372161_sample_1_pred_611.cif,Model_7298_af3_woTemplates_af3_seed_372161_sample_1_pred_611.cif,7298,AF3,af3_woTemplates,372161,1,611,woTemplates,,False,casp17/massivefold_external_pool_intake/r2353/extracted_models/R2353_all_cifs/Model_7298_af3_woTemplates_af3_seed_372161_sample_1_pred_611.cif,awaiting_extract,"MassiveFold model pool index only. It parses organizer-provided external model tarball listings and stages balanced extraction/rerank candidates. These models remain external rerank and accuracy-estimation inputs, not internal predictions, not CASP submissions, and not competitive-proof evidence."
6,R2353,R2353,4842,./R2353_all_cifs/Model_365_af3_woTemplates_af3_seed_73751_sample_0_pred_940.cif,Model_365_af3_woTemplates_af3_seed_73751_sample_0_pred_940.cif,365,AF3,af3_woTemplates,73751,0,940,woTemplates,,False,casp17/massivefold_external_pool_intake/r2353/extracted_models/R2353_all_cifs/Model_365_af3_woTemplates_af3_seed_73751_sample_0_pred_940.cif,awaiting_extract,"MassiveFold model pool index only. It parses organizer-provided external model tarball listings and stages balanced extraction/rerank candidates. These models remain external rerank and accuracy-estimation inputs, not internal predictions, not CASP submissions, and not competitive-proof evidence."
6,R2353,R2353,4854,./R2353_all_cifs/Model_2621_af3_woTemplates_af3_seed_5689_sample_1_pred_431.cif,Model_2621_af3_woTemplates_af3_seed_5689_sample_1_pred_431.cif,2621,AF3,af3_woTemplates,5689,1,431,woTemplates,,False,casp17/massivefold_external_pool_intake/r2353/extracted_models/R2353_all_cifs/Model_2621_af3_woTemplates_af3_seed_5689_sample_1_pred_431.cif,awaiting_extract,"MassiveFold model pool index only. It parses organizer-provided external model tarball listings and stages balanced extraction/rerank candidates. These models remain external rerank and accuracy-estimation inputs, not internal predictions, not CASP submissions, and not competitive-proof evidence."
6,R2353,R2353,4876,./R2353_all_cifs/Model_7781_af3_woTemplates_af3_seed_372143_sample_1_pred_521.cif,Model_7781_af3_woTemplates_af3_seed_372143_sample_1_pred_521.cif,7781,AF3,af3_woTemplates,372143,1,521,woTemplates,,False,casp17/massivefold_external_pool_intake/r2353/extracted_models/R2353_all_cifs/Model_7781_af3_woTemplates_af3_seed_372143_sample_1_pred_521.cif,awaiting_extract,"MassiveFold model pool index only. It parses organizer-provided external model tarball listings and stages balanced extraction/rerank candidates. These models remain external rerank and accuracy-estimation inputs, not internal predictions, not CASP submissions, and not competitive-proof evidence."
6,R2353,R2353,4886,./R2353_all_cifs/Model_3170_af3_woTemplates_af3_seed_218339_sample_1_pred_856.cif,Model_3170_af3_woTemplates_af3_seed_218339_sample_1_pred_856.cif,3170,AF3,af3_woTemplates,218339,1,856,woTemplates,,False,casp17/massivefold_external_pool_intake/r2353/extracted_models/R2353_all_cifs/Model_3170_af3_woTemplates_af3_seed_218339_sample_1_pred_856.cif,awaiting_extract,"MassiveFold model pool index only. It parses organizer-provided external model tarball listings and stages balanced extraction/rerank candidates. These models remain external rerank and accuracy-estimation inputs, not internal predictions, not CASP submissions, and not competitive-proof evidence."
6,R2353,R2353,4899,./R2353_all_cifs/Model_198_af3_woTemplates_af3_seed_5702_sample_1_pred_496.cif,Model_198_af3_woTemplates_af3_seed_5702_sample_1_pred_496.cif,198,AF3,af3_woTemplates,5702,1,496,woTemplates,,False,casp17/massivefold_external_pool_intake/r2353/extracted_models/R2353_all_cifs/Model_198_af3_woTemplates_af3_seed_5702_sample_1_pred_496.cif,awaiting_extract,"MassiveFold model pool index only. It parses organizer-provided external model tarball listings and stages balanced extraction/rerank candidates. These models remain external rerank and accuracy-estimation inputs, not internal predictions, not CASP submissions, and not competitive-proof evidence."
6,R2353,R2353,4900,./R2353_all_cifs/Model_5983_af3_woTemplates_af3_seed_372156_sample_3_pred_588.cif,Model_5983_af3_woTemplates_af3_seed_372156_sample_3_pred_588.cif,5983,AF3,af3_woTemplates,372156,3,588,woTemplates,,False,casp17/massivefold_external_pool_intake/r2353/extracted_models/R2353_all_cifs/Model_5983_af3_woTemplates_af3_seed_372156_sample_3_pred_588.cif,awaiting_extract,"MassiveFold model pool index only. It parses organizer-provided external model tarball listings and stages balanced extraction/rerank candidates. These models remain external rerank and accuracy-estimation inputs, not internal predictions, not CASP submissions, and not competitive-proof evidence."
6,R2353,R2353,4911,./R2353_all_cifs/Model_4998_af3_woTemplates_af3_seed_372151_sample_2_pred_562.cif,Model_4998_af3_woTemplates_af3_seed_372151_sample_2_pred_562.cif,4998,AF3,af3_woTemplates,372151,2,562,woTemplates,,False,casp17/massivefold_external_pool_intake/r2353/extracted_models/R2353_all_cifs/Model_4998_af3_woTemplates_af3_seed_372151_sample_2_pred_562.cif,awaiting_extract,"MassiveFold model pool index only. It parses organizer-provided external model tarball listings and stages balanced extraction/rerank candidates. These models remain external rerank and accuracy-estimation inputs, not internal predictions, not CASP submissions, and not competitive-proof evidence."
6,R2353,R2353,4912,./R2353_all_cifs/Model_7501_af3_woTemplates_af3_seed_359507_sample_2_pred_97.cif,Model_7501_af3_woTemplates_af3_seed_359507_sample_2_pred_97.cif,7501,AF3,af3_woTemplates,359507,2,97,woTemplates,,False,casp17/massivefold_external_pool_intake/r2353/extracted_models/R2353_all_cifs/Model_7501_af3_woTemplates_af3_seed_359507_sample_2_pred_97.cif,awaiting_extract,"MassiveFold model pool index only. It parses organizer-provided external model tarball listings and stages balanced extraction/rerank candidates. These models remain external rerank and accuracy-estimation inputs, not internal predictions, not CASP submissions, and not competitive-proof evidence."
6,R2353,R2353,4915,./R2353_all_cifs/Model_380_af3_woTemplates_af3_seed_905002_sample_0_pred_245.cif,Model_380_af3_woTemplates_af3_seed_905002_sample_0_pred_245.cif,380,AF3,af3_woTemplates,905002,0,245,woTemplates,,False,casp17/massivefold_external_pool_intake/r2353/extracted_models/R2353_all_cifs/Model_380_af3_woTemplates_af3_seed_905002_sample_0_pred_245.cif,awaiting_extract,"MassiveFold model pool index only. It parses organizer-provided external model tarball listings and stages balanced extraction/rerank candidates. These models remain external rerank and accuracy-estimation inputs, not internal predictions, not CASP submissions, and not competitive-proof evidence."
6,R2353,R2353,4929,./R2353_all_cifs/Model_1686_af3_woTemplates_af3_seed_5679_sample_3_pred_383.cif,Model_1686_af3_woTemplates_af3_seed_5679_sample_3_pred_383.cif,1686,AF3,af3_woTemplates,5679,3,383,woTemplates,,False,casp17/massivefold_external_pool_intake/r2353/extracted_models/R2353_all_cifs/Model_1686_af3_woTemplates_af3_seed_5679_sample_3_pred_383.cif,awaiting_extract,"MassiveFold model pool index only. It parses organizer-provided external model tarball listings and stages balanced extraction/rerank candidates. These models remain external rerank and accuracy-estimation inputs, not internal predictions, not CASP submissions, and not competitive-proof evidence."
6,R2353,R2353,4936,./R2353_all_cifs/Model_1987_af3_woTemplates_af3_seed_904984_sample_1_pred_156.cif,Model_1987_af3_woTemplates_af3_seed_904984_sample_1_pred_156.cif,1987,AF3,af3_woTemplates,904984,1,156,woTemplates,,False,casp17/massivefold_external_pool_intake/r2353/extracted_models/R2353_all_cifs/Model_1987_af3_woTemplates_af3_seed_904984_sample_1_pred_156.cif,awaiting_extract,"MassiveFold model pool index only. It parses organizer-provided external model tarball listings and stages balanced extraction/rerank candidates. These models remain external rerank and accuracy-estimation inputs, not internal predictions, not CASP submissions, and not competitive-proof evidence."
6,R2353,R2353,4937,./R2353_all_cifs/Model_6294_af3_woTemplates_af3_seed_372140_sample_1_pred_506.cif,Model_6294_af3_woTemplates_af3_seed_372140_sample_1_pred_506.cif,6294,AF3,af3_woTemplates,372140,1,506,woTemplates,,False,casp17/massivefold_external_pool_intake/r2353/extracted_models/R2353_all_cifs/Model_6294_af3_woTemplates_af3_seed_372140_sample_1_pred_506.cif,awaiting_extract,"MassiveFold model pool index only. It parses organizer-provided external model tarball listings and stages balanced extraction/rerank candidates. These models remain external rerank and accuracy-estimation inputs, not internal predictions, not CASP submissions, and not competitive-proof evidence."
6,R2353,R2353,4941,./R2353_all_cifs/Model_2883_af3_woTemplates_af3_seed_285262_sample_1_pred_261.cif,Model_2883_af3_woTemplates_af3_seed_285262_sample_1_pred_261.cif,2883,AF3,af3_woTemplates,285262,1,261,woTemplates,,False,casp17/massivefold_external_pool_intake/r2353/extracted_models/R2353_all_cifs/Model_2883_af3_woTemplates_af3_seed_285262_sample_1_pred_261.cif,awaiting_extract,"MassiveFold model pool index only. It parses organizer-provided external model tarball listings and stages balanced extraction/rerank candidates. These models remain external rerank and accuracy-estimation inputs, not internal predictions, not CASP submissions, and not competitive-proof evidence."
6,R2353,R2353,4960,./R2353_all_cifs/Model_1566_af3_woTemplates_af3_seed_141660_sample_0_pred_650.cif,Model_1566_af3_woTemplates_af3_seed_141660_sample_0_pred_650.cif,1566,AF3,af3_woTemplates,141660,0,650,woTemplates,,False,casp17/massivefold_external_pool_intake/r2353/extracted_models/R2353_all_cifs/Model_1566_af3_woTemplates_af3_seed_141660_sample_0_pred_650.cif,awaiting_extract,"MassiveFold model pool index only. It parses organizer-provided external model tarball listings and stages balanced extraction/rerank candidates. These models remain external rerank and accuracy-estimation inputs, not internal predictions, not CASP submissions, and not competitive-proof evidence."
6,R2353,R2353,4973,./R2353_all_cifs/Model_1340_af3_woTemplates_af3_seed_73749_sample_3_pred_933.cif,Model_1340_af3_woTemplates_af3_seed_73749_sample_3_pred_933.cif,1340,AF3,af3_woTemplates,73749,3,933,woTemplates,,False,casp17/massivefold_external_pool_intake/r2353/extracted_models/R2353_all_cifs/Model_1340_af3_woTemplates_af3_seed_73749_sample_3_pred_933.cif,awaiting_extract,"MassiveFold model pool index only. It parses organizer-provided external model tarball listings and stages balanced extraction/rerank candidates. These models remain external rerank and accuracy-estimation inputs, not internal predictions, not CASP submissions, and not competitive-proof evidence."
6,R2353,R2353,4976,./R2353_all_cifs/Model_3322_af3_woTemplates_af3_seed_141674_sample_1_pred_721.cif,Model_3322_af3_woTemplates_af3_seed_141674_sample_1_pred_721.cif,3322,AF3,af3_woTemplates,141674,1,721,woTemplates,,False,casp17/massivefold_external_pool_intake/r2353/extracted_models/R2353_all_cifs/Model_3322_af3_woTemplates_af3_seed_141674_sample_1_pred_721.cif,awaiting_extract,"MassiveFold model pool index only. It parses organizer-provided external model tarball listings and stages balanced extraction/rerank candidates. These models remain external rerank and accuracy-estimation inputs, not internal predictions, not CASP submissions, and not competitive-proof evidence."
6,R2353,R2353,4994,./R2353_all_cifs/Model_4460_af3_woTemplates_af3_seed_141663_sample_4_pred_669.cif,Model_4460_af3_woTemplates_af3_seed_141663_sample_4_pred_669.cif,4460,AF3,af3_woTemplates,141663,4,669,woTemplates,,False,casp17/massivefold_external_pool_intake/r2353/extracted_models/R2353_all_cifs/Model_4460_af3_woTemplates_af3_seed_141663_sample_4_pred_669.cif,awaiting_extract,"MassiveFold model pool index only. It parses organizer-provided external model tarball listings and stages balanced extraction/rerank candidates. These models remain external rerank and accuracy-estimation inputs, not internal predictions, not CASP submissions, and not competitive-proof evidence."
6,R2353,R2353,4996,./R2353_all_cifs/Model_2120_af3_woTemplates_af3_seed_141674_sample_0_pred_720.cif,Model_2120_af3_woTemplates_af3_seed_141674_sample_0_pred_720.cif,2120,AF3,af3_woTemplates,141674,0,720,woTemplates,,False,casp17/massivefold_external_pool_intake/r2353/extracted_models/R2353_all_cifs/Model_2120_af3_woTemplates_af3_seed_141674_sample_0_pred_720.cif,awaiting_extract,"MassiveFold model pool index only. It parses organizer-provided external model tarball listings and stages balanced extraction/rerank candidates. These models remain external rerank and accuracy-estimation inputs, not internal predictions, not CASP submissions, and not competitive-proof evidence."
6,R2353,R2353,5026,./R2353_all_cifs/Model_3096_af3_woTemplates_af3_seed_359507_sample_0_pred_95.cif,Model_3096_af3_woTemplates_af3_seed_359507_sample_0_pred_95.cif,3096,AF3,af3_woTemplates,359507,0,95,woTemplates,,False,casp17/massivefold_external_pool_intake/r2353/extracted_models/R2353_all_cifs/Model_3096_af3_woTemplates_af3_seed_359507_sample_0_pred_95.cif,awaiting_extract,"MassiveFold model pool index only. It parses organizer-provided external model tarball listings and stages balanced extraction/rerank candidates. These models remain external rerank and accuracy-estimation inputs, not internal predictions, not CASP submissions, and not competitive-proof evidence."
6,R2353,R2353,5031,./R2353_all_cifs/Model_1952_af3_woTemplates_af3_seed_285272_sample_3_pred_313.cif,Model_1952_af3_woTemplates_af3_seed_285272_sample_3_pred_313.cif,1952,AF3,af3_woTemplates,285272,3,313,woTemplates,,False,casp17/massivefold_external_pool_intake/r2353/extracted_models/R2353_all_cifs/Model_1952_af3_woTemplates_af3_seed_285272_sample_3_pred_313.cif,awaiting_extract,"MassiveFold model pool index only. It parses organizer-provided external model tarball listings and stages balanced extraction/rerank candidates. These models remain external rerank and accuracy-estimation inputs, not internal predictions, not CASP submissions, and not competitive-proof evidence."
6,R2353,R2353,5044,./R2353_all_cifs/Model_5995_af3_woTemplates_af3_seed_359505_sample_2_pred_87.cif,Model_5995_af3_woTemplates_af3_seed_359505_sample_2_pred_87.cif,5995,AF3,af3_woTemplates,359505,2,87,woTemplates,,False,casp17/massivefold_external_pool_intake/r2353/extracted_models/R2353_all_cifs/Model_5995_af3_woTemplates_af3_seed_359505_sample_2_pred_87.cif,awaiting_extract,"MassiveFold model pool index only. It parses organizer-provided external model tarball listings and stages balanced extraction/rerank candidates. These models remain external rerank and accuracy-estimation inputs, not internal predictions, not CASP submissions, and not competitive-proof evidence."
6,R2353,R2353,5048,./R2353_all_cifs/Model_1448_af3_woTemplates_af3_seed_141662_sample_2_pred_662.cif,Model_1448_af3_woTemplates_af3_seed_141662_sample_2_pred_662.cif,1448,AF3,af3_woTemplates,141662,2,662,woTemplates,,False,casp17/massivefold_external_pool_intake/r2353/extracted_models/R2353_all_cifs/Model_1448_af3_woTemplates_af3_seed_141662_sample_2_pred_662.cif,awaiting_extract,"MassiveFold model pool index only. It parses organizer-provided external model tarball listings and stages balanced extraction/rerank candidates. These models remain external rerank and accuracy-estimation inputs, not internal predictions, not CASP submissions, and not competitive-proof evidence."
6,R2353,R2353,5055,./R2353_all_cifs/Model_1237_af3_woTemplates_af3_seed_285275_sample_4_pred_329.cif,Model_1237_af3_woTemplates_af3_seed_285275_sample_4_pred_329.cif,1237,AF3,af3_woTemplates,285275,4,329,woTemplates,,False,casp17/massivefold_external_pool_intake/r2353/extracted_models/R2353_all_cifs/Model_1237_af3_woTemplates_af3_seed_285275_sample_4_pred_329.cif,awaiting_extract,"MassiveFold model pool index only. It parses organizer-provided external model tarball listings and stages balanced extraction/rerank candidates. These models remain external rerank and accuracy-estimation inputs, not internal predictions, not CASP submissions, and not competitive-proof evidence."
6,R2353,R2353,5067,./R2353_all_cifs/Model_2660_af3_woTemplates_af3_seed_218337_sample_4_pred_849.cif,Model_2660_af3_woTemplates_af3_seed_218337_sample_4_pred_849.cif,2660,AF3,af3_woTemplates,218337,4,849,woTemplates,,False,casp17/massivefold_external_pool_intake/r2353/extracted_models/R2353_all_cifs/Model_2660_af3_woTemplates_af3_seed_218337_sample_4_pred_849.cif,awaiting_extract,"MassiveFold model pool index only. It parses organizer-provided external model tarball listings and stages balanced extraction/rerank candidates. These models remain external rerank and accuracy-estimation inputs, not internal predictions, not CASP submissions, and not competitive-proof evidence."
6,R2353,R2353,5072,./R2353_all_cifs/Model_4137_af3_woTemplates_af3_seed_218340_sample_0_pred_860.cif,Model_4137_af3_woTemplates_af3_seed_218340_sample_0_pred_860.cif,4137,AF3,af3_woTemplates,218340,0,860,woTemplates,,False,casp17/massivefold_external_pool_intake/r2353/extracted_models/R2353_all_cifs/Model_4137_af3_woTemplates_af3_seed_218340_sample_0_pred_860.cif,awaiting_extract,"MassiveFold model pool index only. It parses organizer-provided external model tarball listings and stages balanced extraction/rerank candidates. These models remain external rerank and accuracy-estimation inputs, not internal predictions, not CASP submissions, and not competitive-proof evidence."
6,R2353,R2353,5074,./R2353_all_cifs/Model_677_af3_woTemplates_af3_seed_73758_sample_1_pred_976.cif,Model_677_af3_woTemplates_af3_seed_73758_sample_1_pred_976.cif,677,AF3,af3_woTemplates,73758,1,976,woTemplates,,False,casp17/massivefold_external_pool_intake/r2353/extracted_models/R2353_all_cifs/Model_677_af3_woTemplates_af3_seed_73758_sample_1_pred_976.cif,awaiting_extract,"MassiveFold model pool index only. It parses organizer-provided external model tarball listings and stages balanced extraction/rerank candidates. These models remain external rerank and accuracy-estimation inputs, not internal predictions, not CASP submissions, and not competitive-proof evidence."
6,R2353,R2353,5075,./R2353_all_cifs/Model_5022_af3_woTemplates_af3_seed_73756_sample_4_pred_969.cif,Model_5022_af3_woTemplates_af3_seed_73756_sample_4_pred_969.cif,5022,AF3,af3_woTemplates,73756,4,969,woTemplates,,False,casp17/massivefold_external_pool_intake/r2353/extracted_models/R2353_all_cifs/Model_5022_af3_woTemplates_af3_seed_73756_sample_4_pred_969.cif,awaiting_extract,"MassiveFold model pool index only. It parses organizer-provided external model tarball listings and stages balanced extraction/rerank candidates. These models remain external rerank and accuracy-estimation inputs, not internal predictions, not CASP submissions, and not competitive-proof evidence."
6,R2353,R2353,5077,./R2353_all_cifs/Model_4130_af3_woTemplates_af3_seed_285261_sample_2_pred_257.cif,Model_4130_af3_woTemplates_af3_seed_285261_sample_2_pred_257.cif,4130,AF3,af3_woTemplates,285261,2,257,woTemplates,,False,casp17/massivefold_external_pool_intake/r2353/extracted_models/R2353_all_cifs/Model_4130_af3_woTemplates_af3_seed_285261_sample_2_pred_257.cif,awaiting_extract,"MassiveFold model pool index only. It parses organizer-provided external model tarball listings and stages balanced extraction/rerank candidates. These models remain external rerank and accuracy-estimation inputs, not internal predictions, not CASP submissions, and not competitive-proof evidence."
6,R2353,R2353,5085,./R2353_all_cifs/Model_6461_af3_woTemplates_af3_seed_359507_sample_3_pred_98.cif,Model_6461_af3_woTemplates_af3_seed_359507_sample_3_pred_98.cif,6461,AF3,af3_woTemplates,359507,3,98,woTemplates,,False,casp17/massivefold_external_pool_intake/r2353/extracted_models/R2353_all_cifs/Model_6461_af3_woTemplates_af3_seed_359507_sample_3_pred_98.cif,awaiting_extract,"MassiveFold model pool index only. It parses organizer-provided external model tarball listings and stages balanced extraction/rerank candidates. These models remain external rerank and accuracy-estimation inputs, not internal predictions, not CASP submissions, and not competitive-proof evidence."
6,R2353,R2353,5087,./R2353_all_cifs/Model_3869_af3_woTemplates_af3_seed_141656_sample_3_pred_633.cif,Model_3869_af3_woTemplates_af3_seed_141656_sample_3_pred_633.cif,3869,AF3,af3_woTemplates,141656,3,633,woTemplates,,False,casp17/massivefold_external_pool_intake/r2353/extracted_models/R2353_all_cifs/Model_3869_af3_woTemplates_af3_seed_141656_sample_3_pred_633.cif,awaiting_extract,"MassiveFold model pool index only. It parses organizer-provided external model tarball listings and stages balanced extraction/rerank candidates. These models remain external rerank and accuracy-estimation inputs, not internal predictions, not CASP submissions, and not competitive-proof evidence."
6,R2353,R2353,5094,./R2353_all_cifs/Model_4838_af3_woTemplates_af3_seed_372147_sample_0_pred_540.cif,Model_4838_af3_woTemplates_af3_seed_372147_sample_0_pred_540.cif,4838,AF3,af3_woTemplates,372147,0,540,woTemplates,,False,casp17/massivefold_external_pool_intake/r2353/extracted_models/R2353_all_cifs/Model_4838_af3_woTemplates_af3_seed_372147_sample_0_pred_540.cif,awaiting_extract,"MassiveFold model pool index only. It parses organizer-provided external model tarball listings and stages balanced extraction/rerank candidates. These models remain external rerank and accuracy-estimation inputs, not internal predictions, not CASP submissions, and not competitive-proof evidence."
6,R2353,R2353,5113,./R2353_all_cifs/Model_5980_af3_woTemplates_af3_seed_359509_sample_3_pred_108.cif,Model_5980_af3_woTemplates_af3_seed_359509_sample_3_pred_108.cif,5980,AF3,af3_woTemplates,359509,3,108,woTemplates,,False,casp17/massivefold_external_pool_intake/r2353/extracted_models/R2353_all_cifs/Model_5980_af3_woTemplates_af3_seed_359509_sample_3_pred_108.cif,awaiting_extract,"MassiveFold model pool index only. It parses organizer-provided external model tarball listings and stages balanced extraction/rerank candidates. These models remain external rerank and accuracy-estimation inputs, not internal predictions, not CASP submissions, and not competitive-proof evidence."
6,R2353,R2353,5115,./R2353_all_cifs/Model_4230_af3_woTemplates_af3_seed_5698_sample_4_pred_479.cif,Model_4230_af3_woTemplates_af3_seed_5698_sample_4_pred_479.cif,4230,AF3,af3_woTemplates,5698,4,479,woTemplates,,False,casp17/massivefold_external_pool_intake/r2353/extracted_models/R2353_all_cifs/Model_4230_af3_woTemplates_af3_seed_5698_sample_4_pred_479.cif,awaiting_extract,"MassiveFold model pool index only. It parses organizer-provided external model tarball listings and stages balanced extraction/rerank candidates. These models remain external rerank and accuracy-estimation inputs, not internal predictions, not CASP submissions, and not competitive-proof evidence."
6,R2353,R2353,5121,./R2353_all_cifs/Model_2914_af3_woTemplates_af3_seed_141669_sample_0_pred_695.cif,Model_2914_af3_woTemplates_af3_seed_141669_sample_0_pred_695.cif,2914,AF3,af3_woTemplates,141669,0,695,woTemplates,,False,casp17/massivefold_external_pool_intake/r2353/extracted_models/R2353_all_cifs/Model_2914_af3_woTemplates_af3_seed_141669_sample_0_pred_695.cif,awaiting_extract,"MassiveFold model pool index only. It parses organizer-provided external model tarball listings and stages balanced extraction/rerank candidates. These models remain external rerank and accuracy-estimation inputs, not internal predictions, not CASP submissions, and not competitive-proof evidence."
6,R2353,R2353,5131,./R2353_all_cifs/Model_60_af3_woTemplates_af3_seed_218334_sample_2_pred_832.cif,Model_60_af3_woTemplates_af3_seed_218334_sample_2_pred_832.cif,60,AF3,af3_woTemplates,218334,2,832,woTemplates,28,True,casp17/massivefold_external_pool_intake/r2353/extracted_models/R2353_all_cifs/Model_60_af3_woTemplates_af3_seed_218334_sample_2_pred_832.cif,extracted,"MassiveFold model pool index only. It parses organizer-provided external model tarball listings and stages balanced extraction/rerank candidates. These models remain external rerank and accuracy-estimation inputs, not internal predictions, not CASP submissions, and not competitive-proof evidence."
6,R2353,R2353,5134,./R2353_all_cifs/Model_4413_af3_woTemplates_af3_seed_218340_sample_1_pred_861.cif,Model_4413_af3_woTemplates_af3_seed_218340_sample_1_pred_861.cif,4413,AF3,af3_woTemplates,218340,1,861,woTemplates,,False,casp17/massivefold_external_pool_intake/r2353/extracted_models/R2353_all_cifs/Model_4413_af3_woTemplates_af3_seed_218340_sample_1_pred_861.cif,awaiting_extract,"MassiveFold model pool index only. It parses organizer-provided external model tarball listings and stages balanced extraction/rerank candidates. These models remain external rerank and accuracy-estimation inputs, not internal predictions, not CASP submissions, and not competitive-proof evidence."
6,R2353,R2353,5140,./R2353_all_cifs/Model_2577_af3_woTemplates_af3_seed_73745_sample_2_pred_912.cif,Model_2577_af3_woTemplates_af3_seed_73745_sample_2_pred_912.cif,2577,AF3,af3_woTemplates,73745,2,912,woTemplates,,False,casp17/massivefold_external_pool_intake/r2353/extracted_models/R2353_all_cifs/Model_2577_af3_woTemplates_af3_seed_73745_sample_2_pred_912.cif,awaiting_extract,"MassiveFold model pool index only. It parses organizer-provided external model tarball listings and stages balanced extraction/rerank candidates. These models remain external rerank and accuracy-estimation inputs, not internal predictions, not CASP submissions, and not competitive-proof evidence."
6,R2353,R2353,5146,./R2353_all_cifs/Model_1350_af3_woTemplates_af3_seed_359508_sample_0_pred_100.cif,Model_1350_af3_woTemplates_af3_seed_359508_sample_0_pred_100.cif,1350,AF3,af3_woTemplates,359508,0,100,woTemplates,,False,casp17/massivefold_external_pool_intake/r2353/extracted_models/R2353_all_cifs/Model_1350_af3_woTemplates_af3_seed_359508_sample_0_pred_100.cif,awaiting_extract,"MassiveFold model pool index only. It parses organizer-provided external model tarball listings and stages balanced extraction/rerank candidates. These models remain external rerank and accuracy-estimation inputs, not internal predictions, not CASP submissions, and not competitive-proof evidence."
6,R2353,R2353,5154,./R2353_all_cifs/Model_4728_af3_woTemplates_af3_seed_218333_sample_3_pred_828.cif,Model_4728_af3_woTemplates_af3_seed_218333_sample_3_pred_828.cif,4728,AF3,af3_woTemplates,218333,3,828,woTemplates,,False,casp17/massivefold_external_pool_intake/r2353/extracted_models/R2353_all_cifs/Model_4728_af3_woTemplates_af3_seed_218333_sample_3_pred_828.cif,awaiting_extract,"MassiveFold model pool index only. It parses organizer-provided external model tarball listings and stages balanced extraction/rerank candidates. These models remain external rerank and accuracy-estimation inputs, not internal predictions, not CASP submissions, and not competitive-proof evidence."
6,R2353,R2353,5157,./R2353_all_cifs/Model_4154_af3_woTemplates_af3_seed_359490_sample_3_pred_13.cif,Model_4154_af3_woTemplates_af3_seed_359490_sample_3_pred_13.cif,4154,AF3,af3_woTemplates,359490,3,13,woTemplates,,False,casp17/massivefold_external_pool_intake/r2353/extracted_models/R2353_all_cifs/Model_4154_af3_woTemplates_af3_seed_359490_sample_3_pred_13.cif,awaiting_extract,"MassiveFold model pool index only. It parses organizer-provided external model tarball listings and stages balanced extraction/rerank candidates. These models remain external rerank and accuracy-estimation inputs, not internal predictions, not CASP submissions, and not competitive-proof evidence."
6,R2353,R2353,5160,./R2353_all_cifs/Model_1755_af3_woTemplates_af3_seed_218334_sample_1_pred_831.cif,Model_1755_af3_woTemplates_af3_seed_218334_sample_1_pred_831.cif,1755,AF3,af3_woTemplates,218334,1,831,woTemplates,,False,casp17/massivefold_external_pool_intake/r2353/extracted_models/R2353_all_cifs/Model_1755_af3_woTemplates_af3_seed_218334_sample_1_pred_831.cif,awaiting_extract,"MassiveFold model pool index only. It parses organizer-provided external model tarball listings and stages balanced extraction/rerank candidates. These models remain external rerank and accuracy-estimation inputs, not internal predictions, not CASP submissions, and not competitive-proof evidence."
6,R2353,R2353,5170,./R2353_all_cifs/Model_2866_af3_woTemplates_af3_seed_904987_sample_2_pred_172.cif,Model_2866_af3_woTemplates_af3_seed_904987_sample_2_pred_172.cif,2866,AF3,af3_woTemplates,904987,2,172,woTemplates,,False,casp17/massivefold_external_pool_intake/r2353/extracted_models/R2353_all_cifs/Model_2866_af3_woTemplates_af3_seed_904987_sample_2_pred_172.cif,awaiting_extract,"MassiveFold model pool index only. It parses organizer-provided external model tarball listings and stages balanced extraction/rerank candidates. These models remain external rerank and accuracy-estimation inputs, not internal predictions, not CASP submissions, and not competitive-proof evidence."
6,R2353,R2353,5172,./R2353_all_cifs/Model_4425_af3_woTemplates_af3_seed_218339_sample_0_pred_855.cif,Model_4425_af3_woTemplates_af3_seed_218339_sample_0_pred_855.cif,4425,AF3,af3_woTemplates,218339,0,855,woTemplates,,False,casp17/massivefold_external_pool_intake/r2353/extracted_models/R2353_all_cifs/Model_4425_af3_woTemplates_af3_seed_218339_sample_0_pred_855.cif,awaiting_extract,"MassiveFold model pool index only. It parses organizer-provided external model tarball listings and stages balanced extraction/rerank candidates. These models remain external rerank and accuracy-estimation inputs, not internal predictions, not CASP submissions, and not competitive-proof evidence."
6,R2353,R2353,5173,./R2353_all_cifs/Model_1326_af3_woTemplates_af3_seed_141659_sample_4_pred_649.cif,Model_1326_af3_woTemplates_af3_seed_141659_sample_4_pred_649.cif,1326,AF3,af3_woTemplates,141659,4,649,woTemplates,,False,casp17/massivefold_external_pool_intake/r2353/extracted_models/R2353_all_cifs/Model_1326_af3_woTemplates_af3_seed_141659_sample_4_pred_649.cif,awaiting_extract,"MassiveFold model pool index only. It parses organizer-provided external model tarball listings and stages balanced extraction/rerank candidates. These models remain external rerank and accuracy-estimation inputs, not internal predictions, not CASP submissions, and not competitive-proof evidence."
6,R2353,R2353,5184,./R2353_all_cifs/Model_3063_af3_woTemplates_af3_seed_218336_sample_2_pred_842.cif,Model_3063_af3_woTemplates_af3_seed_218336_sample_2_pred_842.cif,3063,AF3,af3_woTemplates,218336,2,842,woTemplates,,False,casp17/massivefold_external_pool_intake/r2353/extracted_models/R2353_all_cifs/Model_3063_af3_woTemplates_af3_seed_218336_sample_2_pred_842.cif,awaiting_extract,"MassiveFold model pool index only. It parses organizer-provided external model tarball listings and stages balanced extraction/rerank candidates. These models remain external rerank and accuracy-estimation inputs, not internal predictions, not CASP submissions, and not competitive-proof evidence."
6,R2353,R2353,5192,./R2353_all_cifs/Model_2446_af3_woTemplates_af3_seed_285274_sample_0_pred_320.cif,Model_2446_af3_woTemplates_af3_seed_285274_sample_0_pred_320.cif,2446,AF3,af3_woTemplates,285274,0,320,woTemplates,,False,casp17/massivefold_external_pool_intake/r2353/extracted_models/R2353_all_cifs/Model_2446_af3_woTemplates_af3_seed_285274_sample_0_pred_320.cif,awaiting_extract,"MassiveFold model pool index only. It parses organizer-provided external model tarball listings and stages balanced extraction/rerank candidates. These models remain external rerank and accuracy-estimation inputs, not internal predictions, not CASP submissions, and not competitive-proof evidence."
6,R2353,R2353,5193,./R2353_all_cifs/Model_7269_af3_woTemplates_af3_seed_904985_sample_0_pred_160.cif,Model_7269_af3_woTemplates_af3_seed_904985_sample_0_pred_160.cif,7269,AF3,af3_woTemplates,904985,0,160,woTemplates,,False,casp17/massivefold_external_pool_intake/r2353/extracted_models/R2353_all_cifs/Model_7269_af3_woTemplates_af3_seed_904985_sample_0_pred_160.cif,awaiting_extract,"MassiveFold model pool index only. It parses organizer-provided external model tarball listings and stages balanced extraction/rerank candidates. These models remain external rerank and accuracy-estimation inputs, not internal predictions, not CASP submissions, and not competitive-proof evidence."
6,R2353,R2353,5197,./R2353_all_cifs/Model_226_af3_woTemplates_af3_seed_5679_sample_0_pred_380.cif,Model_226_af3_woTemplates_af3_seed_5679_sample_0_pred_380.cif,226,AF3,af3_woTemplates,5679,0,380,woTemplates,,False,casp17/massivefold_external_pool_intake/r2353/extracted_models/R2353_all_cifs/Model_226_af3_woTemplates_af3_seed_5679_sample_0_pred_380.cif,awaiting_extract,"MassiveFold model pool index only. It parses organizer-provided external model tarball listings and stages balanced extraction/rerank candidates. These models remain external rerank and accuracy-estimation inputs, not internal predictions, not CASP submissions, and not competitive-proof evidence."
6,R2353,R2353,5215,./R2353_all_cifs/Model_6671_af3_woTemplates_af3_seed_218333_sample_1_pred_826.cif,Model_6671_af3_woTemplates_af3_seed_218333_sample_1_pred_826.cif,6671,AF3,af3_woTemplates,218333,1,826,woTemplates,,False,casp17/massivefold_external_pool_intake/r2353/extracted_models/R2353_all_cifs/Model_6671_af3_woTemplates_af3_seed_218333_sample_1_pred_826.cif,awaiting_extract,"MassiveFold model pool index only. It parses organizer-provided external model tarball listings and stages balanced extraction/rerank candidates. These models remain external rerank and accuracy-estimation inputs, not internal predictions, not CASP submissions, and not competitive-proof evidence."
6,R2353,R2353,5218,./R2353_all_cifs/Model_2204_af3_woTemplates_af3_seed_905001_sample_1_pred_241.cif,Model_2204_af3_woTemplates_af3_seed_905001_sample_1_pred_241.cif,2204,AF3,af3_woTemplates,905001,1,241,woTemplates,,False,casp17/massivefold_external_pool_intake/r2353/extracted_models/R2353_all_cifs/Model_2204_af3_woTemplates_af3_seed_905001_sample_1_pred_241.cif,awaiting_extract,"MassiveFold model pool index only. It parses organizer-provided external model tarball listings and stages balanced extraction/rerank candidates. These models remain external rerank and accuracy-estimation inputs, not internal predictions, not CASP submissions, and not competitive-proof evidence."
6,R2353,R2353,5223,./R2353_all_cifs/Model_7147_af3_woTemplates_af3_seed_359494_sample_3_pred_33.cif,Model_7147_af3_woTemplates_af3_seed_359494_sample_3_pred_33.cif,7147,AF3,af3_woTemplates,359494,3,33,woTemplates,,False,casp17/massivefold_external_pool_intake/r2353/extracted_models/R2353_all_cifs/Model_7147_af3_woTemplates_af3_seed_359494_sample_3_pred_33.cif,awaiting_extract,"MassiveFold model pool index only. It parses organizer-provided external model tarball listings and stages balanced extraction/rerank candidates. These models remain external rerank and accuracy-estimation inputs, not internal predictions, not CASP submissions, and not competitive-proof evidence."
6,R2353,R2353,5227,./R2353_all_cifs/Model_6163_af3_woTemplates_af3_seed_5696_sample_4_pred_469.cif,Model_6163_af3_woTemplates_af3_seed_5696_sample_4_pred_469.cif,6163,AF3,af3_woTemplates,5696,4,469,woTemplates,,False,casp17/massivefold_external_pool_intake/r2353/extracted_models/R2353_all_cifs/Model_6163_af3_woTemplates_af3_seed_5696_sample_4_pred_469.cif,awaiting_extract,"MassiveFold model pool index only. It parses organizer-provided external model tarball listings and stages balanced extraction/rerank candidates. These models remain external rerank and accuracy-estimation inputs, not internal predictions, not CASP submissions, and not competitive-proof evidence."
6,R2353,R2353,5231,./R2353_all_cifs/Model_6271_af3_woTemplates_af3_seed_73748_sample_4_pred_929.cif,Model_6271_af3_woTemplates_af3_seed_73748_sample_4_pred_929.cif,6271,AF3,af3_woTemplates,73748,4,929,woTemplates,,False,casp17/massivefold_external_pool_intake/r2353/extracted_models/R2353_all_cifs/Model_6271_af3_woTemplates_af3_seed_73748_sample_4_pred_929.cif,awaiting_extract,"MassiveFold model pool index only. It parses organizer-provided external model tarball listings and stages balanced extraction/rerank candidates. These models remain external rerank and accuracy-estimation inputs, not internal predictions, not CASP submissions, and not competitive-proof evidence."
6,R2353,R2353,5233,./R2353_all_cifs/Model_1679_af3_woTemplates_af3_seed_73756_sample_2_pred_967.cif,Model_1679_af3_woTemplates_af3_seed_73756_sample_2_pred_967.cif,1679,AF3,af3_woTemplates,73756,2,967,woTemplates,,False,casp17/massivefold_external_pool_intake/r2353/extracted_models/R2353_all_cifs/Model_1679_af3_woTemplates_af3_seed_73756_sample_2_pred_967.cif,awaiting_extract,"MassiveFold model pool index only. It parses organizer-provided external model tarball listings and stages balanced extraction/rerank candidates. These models remain external rerank and accuracy-estimation inputs, not internal predictions, not CASP submissions, and not competitive-proof evidence."
6,R2353,R2353,5256,./R2353_all_cifs/Model_6200_af3_woTemplates_af3_seed_904995_sample_2_pred_212.cif,Model_6200_af3_woTemplates_af3_seed_904995_sample_2_pred_212.cif,6200,AF3,af3_woTemplates,904995,2,212,woTemplates,,False,casp17/massivefold_external_pool_intake/r2353/extracted_models/R2353_all_cifs/Model_6200_af3_woTemplates_af3_seed_904995_sample_2_pred_212.cif,awaiting_extract,"MassiveFold model pool index only. It parses organizer-provided external model tarball listings and stages balanced extraction/rerank candidates. These models remain external rerank and accuracy-estimation inputs, not internal predictions, not CASP submissions, and not competitive-proof evidence."
6,R2353,R2353,5282,./R2353_all_cifs/Model_3562_af3_woTemplates_af3_seed_5700_sample_2_pred_487.cif,Model_3562_af3_woTemplates_af3_seed_5700_sample_2_pred_487.cif,3562,AF3,af3_woTemplates,5700,2,487,woTemplates,,False,casp17/massivefold_external_pool_intake/r2353/extracted_models/R2353_all_cifs/Model_3562_af3_woTemplates_af3_seed_5700_sample_2_pred_487.cif,awaiting_extract,"MassiveFold model pool index only. It parses organizer-provided external model tarball listings and stages balanced extraction/rerank candidates. These models remain external rerank and accuracy-estimation inputs, not internal predictions, not CASP submissions, and not competitive-proof evidence."
6,R2353,R2353,5307,./R2353_all_cifs/Model_994_af3_woTemplates_af3_seed_359504_sample_0_pred_80.cif,Model_994_af3_woTemplates_af3_seed_359504_sample_0_pred_80.cif,994,AF3,af3_woTemplates,359504,0,80,woTemplates,,False,casp17/massivefold_external_pool_intake/r2353/extracted_models/R2353_all_cifs/Model_994_af3_woTemplates_af3_seed_359504_sample_0_pred_80.cif,awaiting_extract,"MassiveFold model pool index only. It parses organizer-provided external model tarball listings and stages balanced extraction/rerank candidates. These models remain external rerank and accuracy-estimation inputs, not internal predictions, not CASP submissions, and not competitive-proof evidence."
6,R2353,R2353,5325,./R2353_all_cifs/Model_7001_af3_woTemplates_af3_seed_218318_sample_2_pred_752.cif,Model_7001_af3_woTemplates_af3_seed_218318_sample_2_pred_752.cif,7001,AF3,af3_woTemplates,218318,2,752,woTemplates,,False,casp17/massivefold_external_pool_intake/r2353/extracted_models/R2353_all_cifs/Model_7001_af3_woTemplates_af3_seed_218318_sample_2_pred_752.cif,awaiting_extract,"MassiveFold model pool index only. It parses organizer-provided external model tarball listings and stages balanced extraction/rerank candidates. These models remain external rerank and accuracy-estimation inputs, not internal predictions, not CASP submissions, and not competitive-proof evidence."
6,R2353,R2353,5326,./R2353_all_cifs/Model_3386_af3_woTemplates_af3_seed_73743_sample_0_pred_900.cif,Model_3386_af3_woTemplates_af3_seed_73743_sample_0_pred_900.cif,3386,AF3,af3_woTemplates,73743,0,900,woTemplates,,False,casp17/massivefold_external_pool_intake/r2353/extracted_models/R2353_all_cifs/Model_3386_af3_woTemplates_af3_seed_73743_sample_0_pred_900.cif,awaiting_extract,"MassiveFold model pool index only. It parses organizer-provided external model tarball listings and stages balanced extraction/rerank candidates. These models remain external rerank and accuracy-estimation inputs, not internal predictions, not CASP submissions, and not competitive-proof evidence."
6,R2353,R2353,5334,./R2353_all_cifs/Model_5559_af3_woTemplates_af3_seed_372146_sample_4_pred_539.cif,Model_5559_af3_woTemplates_af3_seed_372146_sample_4_pred_539.cif,5559,AF3,af3_woTemplates,372146,4,539,woTemplates,,False,casp17/massivefold_external_pool_intake/r2353/extracted_models/R2353_all_cifs/Model_5559_af3_woTemplates_af3_seed_372146_sample_4_pred_539.cif,awaiting_extract,"MassiveFold model pool index only. It parses organizer-provided external model tarball listings and stages balanced extraction/rerank candidates. These models remain external rerank and accuracy-estimation inputs, not internal predictions, not CASP submissions, and not competitive-proof evidence."
6,R2353,R2353,5337,./R2353_all_cifs/Model_3567_af3_woTemplates_af3_seed_359504_sample_2_pred_82.cif,Model_3567_af3_woTemplates_af3_seed_359504_sample_2_pred_82.cif,3567,AF3,af3_woTemplates,359504,2,82,woTemplates,,False,casp17/massivefold_external_pool_intake/r2353/extracted_models/R2353_all_cifs/Model_3567_af3_woTemplates_af3_seed_359504_sample_2_pred_82.cif,awaiting_extract,"MassiveFold model pool index only. It parses organizer-provided external model tarball listings and stages balanced extraction/rerank candidates. These models remain external rerank and accuracy-estimation inputs, not internal predictions, not CASP submissions, and not competitive-proof evidence."
6,R2353,R2353,5354,./R2353_all_cifs/Model_4593_af3_woTemplates_af3_seed_285274_sample_2_pred_322.cif,Model_4593_af3_woTemplates_af3_seed_285274_sample_2_pred_322.cif,4593,AF3,af3_woTemplates,285274,2,322,woTemplates,,False,casp17/massivefold_external_pool_intake/r2353/extracted_models/R2353_all_cifs/Model_4593_af3_woTemplates_af3_seed_285274_sample_2_pred_322.cif,awaiting_extract,"MassiveFold model pool index only. It parses organizer-provided external model tarball listings and stages balanced extraction/rerank candidates. These models remain external rerank and accuracy-estimation inputs, not internal predictions, not CASP submissions, and not competitive-proof evidence."
6,R2353,R2353,5358,./R2353_all_cifs/Model_4576_af3_woTemplates_af3_seed_372161_sample_4_pred_614.cif,Model_4576_af3_woTemplates_af3_seed_372161_sample_4_pred_614.cif,4576,AF3,af3_woTemplates,372161,4,614,woTemplates,,False,casp17/massivefold_external_pool_intake/r2353/extracted_models/R2353_all_cifs/Model_4576_af3_woTemplates_af3_seed_372161_sample_4_pred_614.cif,awaiting_extract,"MassiveFold model pool index only. It parses organizer-provided external model tarball listings and stages balanced extraction/rerank candidates. These models remain external rerank and accuracy-estimation inputs, not internal predictions, not CASP submissions, and not competitive-proof evidence."
6,R2353,R2353,5370,./R2353_all_cifs/Model_169_af3_woTemplates_af3_seed_5678_sample_2_pred_377.cif,Model_169_af3_woTemplates_af3_seed_5678_sample_2_pred_377.cif,169,AF3,af3_woTemplates,5678,2,377,woTemplates,,False,casp17/massivefold_external_pool_intake/r2353/extracted_models/R2353_all_cifs/Model_169_af3_woTemplates_af3_seed_5678_sample_2_pred_377.cif,awaiting_extract,"MassiveFold model pool index only. It parses organizer-provided external model tarball listings and stages balanced extraction/rerank candidates. These models remain external rerank and accuracy-estimation inputs, not internal predictions, not CASP submissions, and not competitive-proof evidence."
6,R2353,R2353,5376,./R2353_all_cifs/Model_6247_af3_woTemplates_af3_seed_285284_sample_0_pred_370.cif,Model_6247_af3_woTemplates_af3_seed_285284_sample_0_pred_370.cif,6247,AF3,af3_woTemplates,285284,0,370,woTemplates,,False,casp17/massivefold_external_pool_intake/r2353/extracted_models/R2353_all_cifs/Model_6247_af3_woTemplates_af3_seed_285284_sample_0_pred_370.cif,awaiting_extract,"MassiveFold model pool index only. It parses organizer-provided external model tarball listings and stages balanced extraction/rerank candidates. These models remain external rerank and accuracy-estimation inputs, not internal predictions, not CASP submissions, and not competitive-proof evidence."
6,R2353,R2353,5396,./R2353_all_cifs/Model_3197_af3_woTemplates_af3_seed_372149_sample_3_pred_553.cif,Model_3197_af3_woTemplates_af3_seed_372149_sample_3_pred_553.cif,3197,AF3,af3_woTemplates,372149,3,553,woTemplates,,False,casp17/massivefold_external_pool_intake/r2353/extracted_models/R2353_all_cifs/Model_3197_af3_woTemplates_af3_seed_372149_sample_3_pred_553.cif,awaiting_extract,"MassiveFold model pool index only. It parses organizer-provided external model tarball listings and stages balanced extraction/rerank candidates. These models remain external rerank and accuracy-estimation inputs, not internal predictions, not CASP submissions, and not competitive-proof evidence."
6,R2353,R2353,5404,./R2353_all_cifs/Model_211_af3_woTemplates_af3_seed_372139_sample_2_pred_502.cif,Model_211_af3_woTemplates_af3_seed_372139_sample_2_pred_502.cif,211,AF3,af3_woTemplates,372139,2,502,woTemplates,,False,casp17/massivefold_external_pool_intake/r2353/extracted_models/R2353_all_cifs/Model_211_af3_woTemplates_af3_seed_372139_sample_2_pred_502.cif,awaiting_extract,"MassiveFold model pool index only. It parses organizer-provided external model tarball listings and stages balanced extraction/rerank candidates. These models remain external rerank and accuracy-estimation inputs, not internal predictions, not CASP submissions, and not competitive-proof evidence."
6,R2353,R2353,5405,./R2353_all_cifs/Model_4701_af3_woTemplates_af3_seed_73750_sample_3_pred_938.cif,Model_4701_af3_woTemplates_af3_seed_73750_sample_3_pred_938.cif,4701,AF3,af3_woTemplates,73750,3,938,woTemplates,,False,casp17/massivefold_external_pool_intake/r2353/extracted_models/R2353_all_cifs/Model_4701_af3_woTemplates_af3_seed_73750_sample_3_pred_938.cif,awaiting_extract,"MassiveFold model pool index only. It parses organizer-provided external model tarball listings and stages balanced extraction/rerank candidates. These models remain external rerank and accuracy-estimation inputs, not internal predictions, not CASP submissions, and not competitive-proof evidence."
6,R2353,R2353,5419,./R2353_all_cifs/Model_6181_af3_woTemplates_af3_seed_285261_sample_4_pred_259.cif,Model_6181_af3_woTemplates_af3_seed_285261_sample_4_pred_259.cif,6181,AF3,af3_woTemplates,285261,4,259,woTemplates,,False,casp17/massivefold_external_pool_intake/r2353/extracted_models/R2353_all_cifs/Model_6181_af3_woTemplates_af3_seed_285261_sample_4_pred_259.cif,awaiting_extract,"MassiveFold model pool index only. It parses organizer-provided external model tarball listings and stages balanced extraction/rerank candidates. These models remain external rerank and accuracy-estimation inputs, not internal predictions, not CASP submissions, and not competitive-proof evidence."
6,R2353,R2353,5422,./R2353_all_cifs/Model_4812_af3_woTemplates_af3_seed_285277_sample_2_pred_337.cif,Model_4812_af3_woTemplates_af3_seed_285277_sample_2_pred_337.cif,4812,AF3,af3_woTemplates,285277,2,337,woTemplates,,False,casp17/massivefold_external_pool_intake/r2353/extracted_models/R2353_all_cifs/Model_4812_af3_woTemplates_af3_seed_285277_sample_2_pred_337.cif,awaiting_extract,"MassiveFold model pool index only. It parses organizer-provided external model tarball listings and stages balanced extraction/rerank candidates. These models remain external rerank and accuracy-estimation inputs, not internal predictions, not CASP submissions, and not competitive-proof evidence."
6,R2353,R2353,5434,./R2353_all_cifs/Model_2326_af3_woTemplates_af3_seed_904994_sample_3_pred_208.cif,Model_2326_af3_woTemplates_af3_seed_904994_sample_3_pred_208.cif,2326,AF3,af3_woTemplates,904994,3,208,woTemplates,,False,casp17/massivefold_external_pool_intake/r2353/extracted_models/R2353_all_cifs/Model_2326_af3_woTemplates_af3_seed_904994_sample_3_pred_208.cif,awaiting_extract,"MassiveFold model pool index only. It parses organizer-provided external model tarball listings and stages balanced extraction/rerank candidates. These models remain external rerank and accuracy-estimation inputs, not internal predictions, not CASP submissions, and not competitive-proof evidence."
6,R2353,R2353,5435,./R2353_all_cifs/Model_197_af3_woTemplates_af3_seed_372148_sample_3_pred_548.cif,Model_197_af3_woTemplates_af3_seed_372148_sample_3_pred_548.cif,197,AF3,af3_woTemplates,372148,3,548,woTemplates,,False,casp17/massivefold_external_pool_intake/r2353/extracted_models/R2353_all_cifs/Model_197_af3_woTemplates_af3_seed_372148_sample_3_pred_548.cif,awaiting_extract,"MassiveFold model pool index only. It parses organizer-provided external model tarball listings and stages balanced extraction/rerank candidates. These models remain external rerank and accuracy-estimation inputs, not internal predictions, not CASP submissions, and not competitive-proof evidence."
6,R2353,R2353,5436,./R2353_all_cifs/Model_4945_af3_woTemplates_af3_seed_5698_sample_1_pred_476.cif,Model_4945_af3_woTemplates_af3_seed_5698_sample_1_pred_476.cif,4945,AF3,af3_woTemplates,5698,1,476,woTemplates,,False,casp17/massivefold_external_pool_intake/r2353/extracted_models/R2353_all_cifs/Model_4945_af3_woTemplates_af3_seed_5698_sample_1_pred_476.cif,awaiting_extract,"MassiveFold model pool index only. It parses organizer-provided external model tarball listings and stages balanced extraction/rerank candidates. These models remain external rerank and accuracy-estimation inputs, not internal predictions, not CASP submissions, and not competitive-proof evidence."
6,R2353,R2353,5446,./R2353_all_cifs/Model_1041_af3_woTemplates_af3_seed_904985_sample_1_pred_161.cif,Model_1041_af3_woTemplates_af3_seed_904985_sample_1_pred_161.cif,1041,AF3,af3_woTemplates,904985,1,161,woTemplates,,False,casp17/massivefold_external_pool_intake/r2353/extracted_models/R2353_all_cifs/Model_1041_af3_woTemplates_af3_seed_904985_sample_1_pred_161.cif,awaiting_extract,"MassiveFold model pool index only. It parses organizer-provided external model tarball listings and stages balanced extraction/rerank candidates. These models remain external rerank and accuracy-estimation inputs, not internal predictions, not CASP submissions, and not competitive-proof evidence."
6,R2353,R2353,5478,./R2353_all_cifs/Model_2792_af3_woTemplates_af3_seed_285277_sample_3_pred_338.cif,Model_2792_af3_woTemplates_af3_seed_285277_sample_3_pred_338.cif,2792,AF3,af3_woTemplates,285277,3,338,woTemplates,,False,casp17/massivefold_external_pool_intake/r2353/extracted_models/R2353_all_cifs/Model_2792_af3_woTemplates_af3_seed_285277_sample_3_pred_338.cif,awaiting_extract,"MassiveFold model pool index only. It parses organizer-provided external model tarball listings and stages balanced extraction/rerank candidates. These models remain external rerank and accuracy-estimation inputs, not internal predictions, not CASP submissions, and not competitive-proof evidence."
6,R2353,R2353,5479,./R2353_all_cifs/Model_3146_af3_woTemplates_af3_seed_141664_sample_4_pred_674.cif,Model_3146_af3_woTemplates_af3_seed_141664_sample_4_pred_674.cif,3146,AF3,af3_woTemplates,141664,4,674,woTemplates,,False,casp17/massivefold_external_pool_intake/r2353/extracted_models/R2353_all_cifs/Model_3146_af3_woTemplates_af3_seed_141664_sample_4_pred_674.cif,awaiting_extract,"MassiveFold model pool index only. It parses organizer-provided external model tarball listings and stages balanced extraction/rerank candidates. These models remain external rerank and accuracy-estimation inputs, not internal predictions, not CASP submissions, and not competitive-proof evidence."
6,R2353,R2353,5481,./R2353_all_cifs/Model_1529_af3_woTemplates_af3_seed_285276_sample_2_pred_332.cif,Model_1529_af3_woTemplates_af3_seed_285276_sample_2_pred_332.cif,1529,AF3,af3_woTemplates,285276,2,332,woTemplates,,False,casp17/massivefold_external_pool_intake/r2353/extracted_models/R2353_all_cifs/Model_1529_af3_woTemplates_af3_seed_285276_sample_2_pred_332.cif,awaiting_extract,"MassiveFold model pool index only. It parses organizer-provided external model tarball listings and stages balanced extraction/rerank candidates. These models remain external rerank and accuracy-estimation inputs, not internal predictions, not CASP submissions, and not competitive-proof evidence."
6,R2353,R2353,5495,./R2353_all_cifs/Model_6397_af3_woTemplates_af3_seed_141670_sample_0_pred_700.cif,Model_6397_af3_woTemplates_af3_seed_141670_sample_0_pred_700.cif,6397,AF3,af3_woTemplates,141670,0,700,woTemplates,,False,casp17/massivefold_external_pool_intake/r2353/extracted_models/R2353_all_cifs/Model_6397_af3_woTemplates_af3_seed_141670_sample_0_pred_700.cif,awaiting_extract,"MassiveFold model pool index only. It parses organizer-provided external model tarball listings and stages balanced extraction/rerank candidates. These models remain external rerank and accuracy-estimation inputs, not internal predictions, not CASP submissions, and not competitive-proof evidence."
6,R2353,R2353,5498,./R2353_all_cifs/Model_5851_af3_woTemplates_af3_seed_372150_sample_2_pred_557.cif,Model_5851_af3_woTemplates_af3_seed_372150_sample_2_pred_557.cif,5851,AF3,af3_woTemplates,372150,2,557,woTemplates,,False,casp17/massivefold_external_pool_intake/r2353/extracted_models/R2353_all_cifs/Model_5851_af3_woTemplates_af3_seed_372150_sample_2_pred_557.cif,awaiting_extract,"MassiveFold model pool index only. It parses organizer-provided external model tarball listings and stages balanced extraction/rerank candidates. These models remain external rerank and accuracy-estimation inputs, not internal predictions, not CASP submissions, and not competitive-proof evidence."
6,R2353,R2353,5511,./R2353_all_cifs/Model_2952_af3_woTemplates_af3_seed_73746_sample_3_pred_918.cif,Model_2952_af3_woTemplates_af3_seed_73746_sample_3_pred_918.cif,2952,AF3,af3_woTemplates,73746,3,918,woTemplates,,False,casp17/massivefold_external_pool_intake/r2353/extracted_models/R2353_all_cifs/Model_2952_af3_woTemplates_af3_seed_73746_sample_3_pred_918.cif,awaiting_extract,"MassiveFold model pool index only. It parses organizer-provided external model tarball listings and stages balanced extraction/rerank candidates. These models remain external rerank and accuracy-estimation inputs, not internal predictions, not CASP submissions, and not competitive-proof evidence."
6,R2353,R2353,5521,./R2353_all_cifs/Model_2335_af3_woTemplates_af3_seed_141676_sample_3_pred_733.cif,Model_2335_af3_woTemplates_af3_seed_141676_sample_3_pred_733.cif,2335,AF3,af3_woTemplates,141676,3,733,woTemplates,,False,casp17/massivefold_external_pool_intake/r2353/extracted_models/R2353_all_cifs/Model_2335_af3_woTemplates_af3_seed_141676_sample_3_pred_733.cif,awaiting_extract,"MassiveFold model pool index only. It parses organizer-provided external model tarball listings and stages balanced extraction/rerank candidates. These models remain external rerank and accuracy-estimation inputs, not internal predictions, not CASP submissions, and not competitive-proof evidence."
6,R2353,R2353,5522,./R2353_all_cifs/Model_3578_af3_woTemplates_af3_seed_904996_sample_4_pred_219.cif,Model_3578_af3_woTemplates_af3_seed_904996_sample_4_pred_219.cif,3578,AF3,af3_woTemplates,904996,4,219,woTemplates,,False,casp17/massivefold_external_pool_intake/r2353/extracted_models/R2353_all_cifs/Model_3578_af3_woTemplates_af3_seed_904996_sample_4_pred_219.cif,awaiting_extract,"MassiveFold model pool index only. It parses organizer-provided external model tarball listings and stages balanced extraction/rerank candidates. These models remain external rerank and accuracy-estimation inputs, not internal predictions, not CASP submissions, and not competitive-proof evidence."
6,R2353,R2353,5530,./R2353_all_cifs/Model_6793_af3_woTemplates_af3_seed_5692_sample_3_pred_448.cif,Model_6793_af3_woTemplates_af3_seed_5692_sample_3_pred_448.cif,6793,AF3,af3_woTemplates,5692,3,448,woTemplates,,False,casp17/massivefold_external_pool_intake/r2353/extracted_models/R2353_all_cifs/Model_6793_af3_woTemplates_af3_seed_5692_sample_3_pred_448.cif,awaiting_extract,"MassiveFold model pool index only. It parses organizer-provided external model tarball listings and stages balanced extraction/rerank candidates. These models remain external rerank and accuracy-estimation inputs, not internal predictions, not CASP submissions, and not competitive-proof evidence."
6,R2353,R2353,5535,./R2353_all_cifs/Model_4097_af3_woTemplates_af3_seed_904989_sample_1_pred_181.cif,Model_4097_af3_woTemplates_af3_seed_904989_sample_1_pred_181.cif,4097,AF3,af3_woTemplates,904989,1,181,woTemplates,,False,casp17/massivefold_external_pool_intake/r2353/extracted_models/R2353_all_cifs/Model_4097_af3_woTemplates_af3_seed_904989_sample_1_pred_181.cif,awaiting_extract,"MassiveFold model pool index only. It parses organizer-provided external model tarball listings and stages balanced extraction/rerank candidates. These models remain external rerank and accuracy-estimation inputs, not internal predictions, not CASP submissions, and not competitive-proof evidence."
6,R2353,R2353,5547,./R2353_all_cifs/Model_3211_af3_woTemplates_af3_seed_73755_sample_2_pred_962.cif,Model_3211_af3_woTemplates_af3_seed_73755_sample_2_pred_962.cif,3211,AF3,af3_woTemplates,73755,2,962,woTemplates,,False,casp17/massivefold_external_pool_intake/r2353/extracted_models/R2353_all_cifs/Model_3211_af3_woTemplates_af3_seed_73755_sample_2_pred_962.cif,awaiting_extract,"MassiveFold model pool index only. It parses organizer-provided external model tarball listings and stages balanced extraction/rerank candidates. These models remain external rerank and accuracy-estimation inputs, not internal predictions, not CASP submissions, and not competitive-proof evidence."
6,R2353,R2353,5550,./R2353_all_cifs/Model_2110_af3_woTemplates_af3_seed_141665_sample_0_pred_675.cif,Model_2110_af3_woTemplates_af3_seed_141665_sample_0_pred_675.cif,2110,AF3,af3_woTemplates,141665,0,675,woTemplates,,False,casp17/massivefold_external_pool_intake/r2353/extracted_models/R2353_all_cifs/Model_2110_af3_woTemplates_af3_seed_141665_sample_0_pred_675.cif,awaiting_extract,"MassiveFold model pool index only. It parses organizer-provided external model tarball listings and stages balanced extraction/rerank candidates. These models remain external rerank and accuracy-estimation inputs, not internal predictions, not CASP submissions, and not competitive-proof evidence."
6,R2353,R2353,5556,./R2353_all_cifs/Model_4150_af3_woTemplates_af3_seed_578446_sample_4_pred_1004.cif,Model_4150_af3_woTemplates_af3_seed_578446_sample_4_pred_1004.cif,4150,AF3,af3_woTemplates,578446,4,1004,woTemplates,,False,casp17/massivefold_external_pool_intake/r2353/extracted_models/R2353_all_cifs/Model_4150_af3_woTemplates_af3_seed_578446_sample_4_pred_1004.cif,awaiting_extract,"MassiveFold model pool index only. It parses organizer-provided external model tarball listings and stages balanced extraction/rerank candidates. These models remain external rerank and accuracy-estimation inputs, not internal predictions, not CASP submissions, and not competitive-proof evidence."
6,R2353,R2353,5568,./R2353_all_cifs/Model_7413_af3_woTemplates_af3_seed_5684_sample_2_pred_407.cif,Model_7413_af3_woTemplates_af3_seed_5684_sample_2_pred_407.cif,7413,AF3,af3_woTemplates,5684,2,407,woTemplates,,False,casp17/massivefold_external_pool_intake/r2353/extracted_models/R2353_all_cifs/Model_7413_af3_woTemplates_af3_seed_5684_sample_2_pred_407.cif,awaiting_extract,"MassiveFold model pool index only. It parses organizer-provided external model tarball listings and stages balanced extraction/rerank candidates. These models remain external rerank and accuracy-estimation inputs, not internal predictions, not CASP submissions, and not competitive-proof evidence."
6,R2353,R2353,5571,./R2353_all_cifs/Model_2713_af3_woTemplates_af3_seed_359499_sample_0_pred_55.cif,Model_2713_af3_woTemplates_af3_seed_359499_sample_0_pred_55.cif,2713,AF3,af3_woTemplates,359499,0,55,woTemplates,,False,casp17/massivefold_external_pool_intake/r2353/extracted_models/R2353_all_cifs/Model_2713_af3_woTemplates_af3_seed_359499_sample_0_pred_55.cif,awaiting_extract,"MassiveFold model pool index only. It parses organizer-provided external model tarball listings and stages balanced extraction/rerank candidates. These models remain external rerank and accuracy-estimation inputs, not internal predictions, not CASP submissions, and not competitive-proof evidence."
6,R2353,R2353,5576,./R2353_all_cifs/Model_5129_af3_woTemplates_af3_seed_904995_sample_4_pred_214.cif,Model_5129_af3_woTemplates_af3_seed_904995_sample_4_pred_214.cif,5129,AF3,af3_woTemplates,904995,4,214,woTemplates,,False,casp17/massivefold_external_pool_intake/r2353/extracted_models/R2353_all_cifs/Model_5129_af3_woTemplates_af3_seed_904995_sample_4_pred_214.cif,awaiting_extract,"MassiveFold model pool index only. It parses organizer-provided external model tarball listings and stages balanced extraction/rerank candidates. These models remain external rerank and accuracy-estimation inputs, not internal predictions, not CASP submissions, and not competitive-proof evidence."
6,R2353,R2353,5581,./R2353_all_cifs/Model_258_af3_woTemplates_af3_seed_141669_sample_3_pred_698.cif,Model_258_af3_woTemplates_af3_seed_141669_sample_3_pred_698.cif,258,AF3,af3_woTemplates,141669,3,698,woTemplates,,False,casp17/massivefold_external_pool_intake/r2353/extracted_models/R2353_all_cifs/Model_258_af3_woTemplates_af3_seed_141669_sample_3_pred_698.cif,awaiting_extract,"MassiveFold model pool index only. It parses organizer-provided external model tarball listings and stages balanced extraction/rerank candidates. These models remain external rerank and accuracy-estimation inputs, not internal predictions, not CASP submissions, and not competitive-proof evidence."
6,R2353,R2353,5597,./R2353_all_cifs/Model_749_af3_woTemplates_af3_seed_73744_sample_1_pred_906.cif,Model_749_af3_woTemplates_af3_seed_73744_sample_1_pred_906.cif,749,AF3,af3_woTemplates,73744,1,906,woTemplates,,False,casp17/massivefold_external_pool_intake/r2353/extracted_models/R2353_all_cifs/Model_749_af3_woTemplates_af3_seed_73744_sample_1_pred_906.cif,awaiting_extract,"MassiveFold model pool index only. It parses organizer-provided external model tarball listings and stages balanced extraction/rerank candidates. These models remain external rerank and accuracy-estimation inputs, not internal predictions, not CASP submissions, and not competitive-proof evidence."
6,R2353,R2353,5602,./R2353_all_cifs/Model_1141_af3_woTemplates_af3_seed_141673_sample_3_pred_718.cif,Model_1141_af3_woTemplates_af3_seed_141673_sample_3_pred_718.cif,1141,AF3,af3_woTemplates,141673,3,718,woTemplates,,False,casp17/massivefold_external_pool_intake/r2353/extracted_models/R2353_all_cifs/Model_1141_af3_woTemplates_af3_seed_141673_sample_3_pred_718.cif,awaiting_extract,"MassiveFold model pool index only. It parses organizer-provided external model tarball listings and stages balanced extraction/rerank candidates. These models remain external rerank and accuracy-estimation inputs, not internal predictions, not CASP submissions, and not competitive-proof evidence."
6,R2353,R2353,5605,./R2353_all_cifs/Model_4631_af3_woTemplates_af3_seed_218337_sample_1_pred_846.cif,Model_4631_af3_woTemplates_af3_seed_218337_sample_1_pred_846.cif,4631,AF3,af3_woTemplates,218337,1,846,woTemplates,,False,casp17/massivefold_external_pool_intake/r2353/extracted_models/R2353_all_cifs/Model_4631_af3_woTemplates_af3_seed_218337_sample_1_pred_846.cif,awaiting_extract,"MassiveFold model pool index only. It parses organizer-provided external model tarball listings and stages balanced extraction/rerank candidates. These models remain external rerank and accuracy-estimation inputs, not internal predictions, not CASP submissions, and not competitive-proof evidence."
6,R2353,R2353,5609,./R2353_all_cifs/Model_5364_af3_woTemplates_af3_seed_372143_sample_0_pred_520.cif,Model_5364_af3_woTemplates_af3_seed_372143_sample_0_pred_520.cif,5364,AF3,af3_woTemplates,372143,0,520,woTemplates,,False,casp17/massivefold_external_pool_intake/r2353/extracted_models/R2353_all_cifs/Model_5364_af3_woTemplates_af3_seed_372143_sample_0_pred_520.cif,awaiting_extract,"MassiveFold model pool index only. It parses organizer-provided external model tarball listings and stages balanced extraction/rerank candidates. These models remain external rerank and accuracy-estimation inputs, not internal predictions, not CASP submissions, and not competitive-proof evidence."
6,R2353,R2353,5628,./R2353_all_cifs/Model_5450_af3_woTemplates_af3_seed_5690_sample_3_pred_438.cif,Model_5450_af3_woTemplates_af3_seed_5690_sample_3_pred_438.cif,5450,AF3,af3_woTemplates,5690,3,438,woTemplates,,False,casp17/massivefold_external_pool_intake/r2353/extracted_models/R2353_all_cifs/Model_5450_af3_woTemplates_af3_seed_5690_sample_3_pred_438.cif,awaiting_extract,"MassiveFold model pool index only. It parses organizer-provided external model tarball listings and stages balanced extraction/rerank candidates. These models remain external rerank and accuracy-estimation inputs, not internal predictions, not CASP submissions, and not competitive-proof evidence."
6,R2353,R2353,5630,./R2353_all_cifs/Model_5529_af3_woTemplates_af3_seed_904993_sample_3_pred_203.cif,Model_5529_af3_woTemplates_af3_seed_904993_sample_3_pred_203.cif,5529,AF3,af3_woTemplates,904993,3,203,woTemplates,,False,casp17/massivefold_external_pool_intake/r2353/extracted_models/R2353_all_cifs/Model_5529_af3_woTemplates_af3_seed_904993_sample_3_pred_203.cif,awaiting_extract,"MassiveFold model pool index only. It parses organizer-provided external model tarball listings and stages balanced extraction/rerank candidates. These models remain external rerank and accuracy-estimation inputs, not internal predictions, not CASP submissions, and not competitive-proof evidence."
6,R2353,R2353,5635,./R2353_all_cifs/Model_7121_af3_woTemplates_af3_seed_5698_sample_3_pred_478.cif,Model_7121_af3_woTemplates_af3_seed_5698_sample_3_pred_478.cif,7121,AF3,af3_woTemplates,5698,3,478,woTemplates,,False,casp17/massivefold_external_pool_intake/r2353/extracted_models/R2353_all_cifs/Model_7121_af3_woTemplates_af3_seed_5698_sample_3_pred_478.cif,awaiting_extract,"MassiveFold model pool index only. It parses organizer-provided external model tarball listings and stages balanced extraction/rerank candidates. These models remain external rerank and accuracy-estimation inputs, not internal predictions, not CASP submissions, and not competitive-proof evidence."
6,R2353,R2353,5637,./R2353_all_cifs/Model_4664_af3_woTemplates_af3_seed_372158_sample_3_pred_598.cif,Model_4664_af3_woTemplates_af3_seed_372158_sample_3_pred_598.cif,4664,AF3,af3_woTemplates,372158,3,598,woTemplates,,False,casp17/massivefold_external_pool_intake/r2353/extracted_models/R2353_all_cifs/Model_4664_af3_woTemplates_af3_seed_372158_sample_3_pred_598.cif,awaiting_extract,"MassiveFold model pool index only. It parses organizer-provided external model tarball listings and stages balanced extraction/rerank candidates. These models remain external rerank and accuracy-estimation inputs, not internal predictions, not CASP submissions, and not competitive-proof evidence."
6,R2353,R2353,5641,./R2353_all_cifs/Model_1814_af3_woTemplates_af3_seed_141657_sample_4_pred_639.cif,Model_1814_af3_woTemplates_af3_seed_141657_sample_4_pred_639.cif,1814,AF3,af3_woTemplates,141657,4,639,woTemplates,,False,casp17/massivefold_external_pool_intake/r2353/extracted_models/R2353_all_cifs/Model_1814_af3_woTemplates_af3_seed_141657_sample_4_pred_639.cif,awaiting_extract,"MassiveFold model pool index only. It parses organizer-provided external model tarball listings and stages balanced extraction/rerank candidates. These models remain external rerank and accuracy-estimation inputs, not internal predictions, not CASP submissions, and not competitive-proof evidence."
6,R2353,R2353,5645,./R2353_all_cifs/Model_2249_af3_woTemplates_af3_seed_5681_sample_4_pred_394.cif,Model_2249_af3_woTemplates_af3_seed_5681_sample_4_pred_394.cif,2249,AF3,af3_woTemplates,5681,4,394,woTemplates,,False,casp17/massivefold_external_pool_intake/r2353/extracted_models/R2353_all_cifs/Model_2249_af3_woTemplates_af3_seed_5681_sample_4_pred_394.cif,awaiting_extract,"MassiveFold model pool index only. It parses organizer-provided external model tarball listings and stages balanced extraction/rerank candidates. These models remain external rerank and accuracy-estimation inputs, not internal predictions, not CASP submissions, and not competitive-proof evidence."
6,R2353,R2353,5652,./R2353_all_cifs/Model_7712_af3_woTemplates_af3_seed_359493_sample_2_pred_27.cif,Model_7712_af3_woTemplates_af3_seed_359493_sample_2_pred_27.cif,7712,AF3,af3_woTemplates,359493,2,27,woTemplates,,False,casp17/massivefold_external_pool_intake/r2353/extracted_models/R2353_all_cifs/Model_7712_af3_woTemplates_af3_seed_359493_sample_2_pred_27.cif,awaiting_extract,"MassiveFold model pool index only. It parses organizer-provided external model tarball listings and stages balanced extraction/rerank candidates. These models remain external rerank and accuracy-estimation inputs, not internal predictions, not CASP submissions, and not competitive-proof evidence."
6,R2353,R2353,5659,./R2353_all_cifs/Model_5495_af3_woTemplates_af3_seed_285284_sample_4_pred_374.cif,Model_5495_af3_woTemplates_af3_seed_285284_sample_4_pred_374.cif,5495,AF3,af3_woTemplates,285284,4,374,woTemplates,,False,casp17/massivefold_external_pool_intake/r2353/extracted_models/R2353_all_cifs/Model_5495_af3_woTemplates_af3_seed_285284_sample_4_pred_374.cif,awaiting_extract,"MassiveFold model pool index only. It parses organizer-provided external model tarball listings and stages balanced extraction/rerank candidates. These models remain external rerank and accuracy-estimation inputs, not internal predictions, not CASP submissions, and not competitive-proof evidence."
6,R2353,R2353,5663,./R2353_all_cifs/Model_6208_af3_woTemplates_af3_seed_141662_sample_0_pred_660.cif,Model_6208_af3_woTemplates_af3_seed_141662_sample_0_pred_660.cif,6208,AF3,af3_woTemplates,141662,0,660,woTemplates,,False,casp17/massivefold_external_pool_intake/r2353/extracted_models/R2353_all_cifs/Model_6208_af3_woTemplates_af3_seed_141662_sample_0_pred_660.cif,awaiting_extract,"MassiveFold model pool index only. It parses organizer-provided external model tarball listings and stages balanced extraction/rerank candidates. These models remain external rerank and accuracy-estimation inputs, not internal predictions, not CASP submissions, and not competitive-proof evidence."
6,R2353,R2353,5667,./R2353_all_cifs/Model_1417_af3_woTemplates_af3_seed_73757_sample_4_pred_974.cif,Model_1417_af3_woTemplates_af3_seed_73757_sample_4_pred_974.cif,1417,AF3,af3_woTemplates,73757,4,974,woTemplates,,False,casp17/massivefold_external_pool_intake/r2353/extracted_models/R2353_all_cifs/Model_1417_af3_woTemplates_af3_seed_73757_sample_4_pred_974.cif,awaiting_extract,"MassiveFold model pool index only. It parses organizer-provided external model tarball listings and stages balanced extraction/rerank candidates. These models remain external rerank and accuracy-estimation inputs, not internal predictions, not CASP submissions, and not competitive-proof evidence."
6,R2353,R2353,5681,./R2353_all_cifs/Model_1571_af3_woTemplates_af3_seed_5680_sample_4_pred_389.cif,Model_1571_af3_woTemplates_af3_seed_5680_sample_4_pred_389.cif,1571,AF3,af3_woTemplates,5680,4,389,woTemplates,,False,casp17/massivefold_external_pool_intake/r2353/extracted_models/R2353_all_cifs/Model_1571_af3_woTemplates_af3_seed_5680_sample_4_pred_389.cif,awaiting_extract,"MassiveFold model pool index only. It parses organizer-provided external model tarball listings and stages balanced extraction/rerank candidates. These models remain external rerank and accuracy-estimation inputs, not internal predictions, not CASP submissions, and not competitive-proof evidence."
6,R2353,R2353,5695,./R2353_all_cifs/Model_895_af3_woTemplates_af3_seed_73745_sample_0_pred_910.cif,Model_895_af3_woTemplates_af3_seed_73745_sample_0_pred_910.cif,895,AF3,af3_woTemplates,73745,0,910,woTemplates,,False,casp17/massivefold_external_pool_intake/r2353/extracted_models/R2353_all_cifs/Model_895_af3_woTemplates_af3_seed_73745_sample_0_pred_910.cif,awaiting_extract,"MassiveFold model pool index only. It parses organizer-provided external model tarball listings and stages balanced extraction/rerank candidates. These models remain external rerank and accuracy-estimation inputs, not internal predictions, not CASP submissions, and not competitive-proof evidence."
6,R2353,R2353,5703,./R2353_all_cifs/Model_927_af3_woTemplates_af3_seed_141674_sample_2_pred_722.cif,Model_927_af3_woTemplates_af3_seed_141674_sample_2_pred_722.cif,927,AF3,af3_woTemplates,141674,2,722,woTemplates,,False,casp17/massivefold_external_pool_intake/r2353/extracted_models/R2353_all_cifs/Model_927_af3_woTemplates_af3_seed_141674_sample_2_pred_722.cif,awaiting_extract,"MassiveFold model pool index only. It parses organizer-provided external model tarball listings and stages balanced extraction/rerank candidates. These models remain external rerank and accuracy-estimation inputs, not internal predictions, not CASP submissions, and not competitive-proof evidence."
6,R2353,R2353,5738,./R2353_all_cifs/Model_7148_af3_woTemplates_af3_seed_218337_sample_0_pred_845.cif,Model_7148_af3_woTemplates_af3_seed_218337_sample_0_pred_845.cif,7148,AF3,af3_woTemplates,218337,0,845,woTemplates,,False,casp17/massivefold_external_pool_intake/r2353/extracted_models/R2353_all_cifs/Model_7148_af3_woTemplates_af3_seed_218337_sample_0_pred_845.cif,awaiting_extract,"MassiveFold model pool index only. It parses organizer-provided external model tarball listings and stages balanced extraction/rerank candidates. These models remain external rerank and accuracy-estimation inputs, not internal predictions, not CASP submissions, and not competitive-proof evidence."
6,R2353,R2353,5742,./R2353_all_cifs/Model_6642_af3_woTemplates_af3_seed_73759_sample_3_pred_983.cif,Model_6642_af3_woTemplates_af3_seed_73759_sample_3_pred_983.cif,6642,AF3,af3_woTemplates,73759,3,983,woTemplates,,False,casp17/massivefold_external_pool_intake/r2353/extracted_models/R2353_all_cifs/Model_6642_af3_woTemplates_af3_seed_73759_sample_3_pred_983.cif,awaiting_extract,"MassiveFold model pool index only. It parses organizer-provided external model tarball listings and stages balanced extraction/rerank candidates. These models remain external rerank and accuracy-estimation inputs, not internal predictions, not CASP submissions, and not competitive-proof evidence."
6,R2353,R2353,5754,./R2353_all_cifs/Model_342_af3_woTemplates_af3_seed_73740_sample_2_pred_887.cif,Model_342_af3_woTemplates_af3_seed_73740_sample_2_pred_887.cif,342,AF3,af3_woTemplates,73740,2,887,woTemplates,,False,casp17/massivefold_external_pool_intake/r2353/extracted_models/R2353_all_cifs/Model_342_af3_woTemplates_af3_seed_73740_sample_2_pred_887.cif,awaiting_extract,"MassiveFold model pool index only. It parses organizer-provided external model tarball listings and stages balanced extraction/rerank candidates. These models remain external rerank and accuracy-estimation inputs, not internal predictions, not CASP submissions, and not competitive-proof evidence."
6,R2353,R2353,5759,./R2353_all_cifs/Model_6231_af3_woTemplates_af3_seed_285266_sample_0_pred_280.cif,Model_6231_af3_woTemplates_af3_seed_285266_sample_0_pred_280.cif,6231,AF3,af3_woTemplates,285266,0,280,woTemplates,,False,casp17/massivefold_external_pool_intake/r2353/extracted_models/R2353_all_cifs/Model_6231_af3_woTemplates_af3_seed_285266_sample_0_pred_280.cif,awaiting_extract,"MassiveFold model pool index only. It parses organizer-provided external model tarball listings and stages balanced extraction/rerank candidates. These models remain external rerank and accuracy-estimation inputs, not internal predictions, not CASP submissions, and not competitive-proof evidence."
6,R2353,R2353,5771,./R2353_all_cifs/Model_1497_af3_woTemplates_af3_seed_5694_sample_3_pred_458.cif,Model_1497_af3_woTemplates_af3_seed_5694_sample_3_pred_458.cif,1497,AF3,af3_woTemplates,5694,3,458,woTemplates,,False,casp17/massivefold_external_pool_intake/r2353/extracted_models/R2353_all_cifs/Model_1497_af3_woTemplates_af3_seed_5694_sample_3_pred_458.cif,awaiting_extract,"MassiveFold model pool index only. It parses organizer-provided external model tarball listings and stages balanced extraction/rerank candidates. These models remain external rerank and accuracy-estimation inputs, not internal predictions, not CASP submissions, and not competitive-proof evidence."
6,R2353,R2353,5782,./R2353_all_cifs/Model_3320_af3_woTemplates_af3_seed_5690_sample_0_pred_435.cif,Model_3320_af3_woTemplates_af3_seed_5690_sample_0_pred_435.cif,3320,AF3,af3_woTemplates,5690,0,435,woTemplates,,False,casp17/massivefold_external_pool_intake/r2353/extracted_models/R2353_all_cifs/Model_3320_af3_woTemplates_af3_seed_5690_sample_0_pred_435.cif,awaiting_extract,"MassiveFold model pool index only. It parses organizer-provided external model tarball listings and stages balanced extraction/rerank candidates. These models remain external rerank and accuracy-estimation inputs, not internal predictions, not CASP submissions, and not competitive-proof evidence."
6,R2353,R2353,5823,./R2353_all_cifs/Model_404_af3_woTemplates_af3_seed_73756_sample_0_pred_965.cif,Model_404_af3_woTemplates_af3_seed_73756_sample_0_pred_965.cif,404,AF3,af3_woTemplates,73756,0,965,woTemplates,,False,casp17/massivefold_external_pool_intake/r2353/extracted_models/R2353_all_cifs/Model_404_af3_woTemplates_af3_seed_73756_sample_0_pred_965.cif,awaiting_extract,"MassiveFold model pool index only. It parses organizer-provided external model tarball listings and stages balanced extraction/rerank candidates. These models remain external rerank and accuracy-estimation inputs, not internal predictions, not CASP submissions, and not competitive-proof evidence."
6,R2353,R2353,5843,./R2353_all_cifs/Model_7673_af3_woTemplates_af3_seed_372147_sample_2_pred_542.cif,Model_7673_af3_woTemplates_af3_seed_372147_sample_2_pred_542.cif,7673,AF3,af3_woTemplates,372147,2,542,woTemplates,,False,casp17/massivefold_external_pool_intake/r2353/extracted_models/R2353_all_cifs/Model_7673_af3_woTemplates_af3_seed_372147_sample_2_pred_542.cif,awaiting_extract,"MassiveFold model pool index only. It parses organizer-provided external model tarball listings and stages balanced extraction/rerank candidates. These models remain external rerank and accuracy-estimation inputs, not internal predictions, not CASP submissions, and not competitive-proof evidence."
6,R2353,R2353,5844,./R2353_all_cifs/Model_645_af3_woTemplates_af3_seed_218325_sample_0_pred_785.cif,Model_645_af3_woTemplates_af3_seed_218325_sample_0_pred_785.cif,645,AF3,af3_woTemplates,218325,0,785,woTemplates,,False,casp17/massivefold_external_pool_intake/r2353/extracted_models/R2353_all_cifs/Model_645_af3_woTemplates_af3_seed_218325_sample_0_pred_785.cif,awaiting_extract,"MassiveFold model pool index only. It parses organizer-provided external model tarball listings and stages balanced extraction/rerank candidates. These models remain external rerank and accuracy-estimation inputs, not internal predictions, not CASP submissions, and not competitive-proof evidence."
6,R2353,R2353,5849,./R2353_all_cifs/Model_6801_af3_woTemplates_af3_seed_904981_sample_2_pred_142.cif,Model_6801_af3_woTemplates_af3_seed_904981_sample_2_pred_142.cif,6801,AF3,af3_woTemplates,904981,2,142,woTemplates,,False,casp17/massivefold_external_pool_intake/r2353/extracted_models/R2353_all_cifs/Model_6801_af3_woTemplates_af3_seed_904981_sample_2_pred_142.cif,awaiting_extract,"MassiveFold model pool index only. It parses organizer-provided external model tarball listings and stages balanced extraction/rerank candidates. These models remain external rerank and accuracy-estimation inputs, not internal predictions, not CASP submissions, and not competitive-proof evidence."
6,R2353,R2353,5862,./R2353_all_cifs/Model_5404_af3_woTemplates_af3_seed_73755_sample_0_pred_960.cif,Model_5404_af3_woTemplates_af3_seed_73755_sample_0_pred_960.cif,5404,AF3,af3_woTemplates,73755,0,960,woTemplates,,False,casp17/massivefold_external_pool_intake/r2353/extracted_models/R2353_all_cifs/Model_5404_af3_woTemplates_af3_seed_73755_sample_0_pred_960.cif,awaiting_extract,"MassiveFold model pool index only. It parses organizer-provided external model tarball listings and stages balanced extraction/rerank candidates. These models remain external rerank and accuracy-estimation inputs, not internal predictions, not CASP submissions, and not competitive-proof evidence."
6,R2353,R2353,5866,./R2353_all_cifs/Model_5938_af3_woTemplates_af3_seed_372152_sample_1_pred_566.cif,Model_5938_af3_woTemplates_af3_seed_372152_sample_1_pred_566.cif,5938,AF3,af3_woTemplates,372152,1,566,woTemplates,,False,casp17/massivefold_external_pool_intake/r2353/extracted_models/R2353_all_cifs/Model_5938_af3_woTemplates_af3_seed_372152_sample_1_pred_566.cif,awaiting_extract,"MassiveFold model pool index only. It parses organizer-provided external model tarball listings and stages balanced extraction/rerank candidates. These models remain external rerank and accuracy-estimation inputs, not internal predictions, not CASP submissions, and not competitive-proof evidence."
6,R2353,R2353,5871,./R2353_all_cifs/Model_7670_af3_woTemplates_af3_seed_904998_sample_3_pred_228.cif,Model_7670_af3_woTemplates_af3_seed_904998_sample_3_pred_228.cif,7670,AF3,af3_woTemplates,904998,3,228,woTemplates,,False,casp17/massivefold_external_pool_intake/r2353/extracted_models/R2353_all_cifs/Model_7670_af3_woTemplates_af3_seed_904998_sample_3_pred_228.cif,awaiting_extract,"MassiveFold model pool index only. It parses organizer-provided external model tarball listings and stages balanced extraction/rerank candidates. These models remain external rerank and accuracy-estimation inputs, not internal predictions, not CASP submissions, and not competitive-proof evidence."
6,R2353,R2353,5876,./R2353_all_cifs/Model_284_af3_woTemplates_af3_seed_372150_sample_4_pred_559.cif,Model_284_af3_woTemplates_af3_seed_372150_sample_4_pred_559.cif,284,AF3,af3_woTemplates,372150,4,559,woTemplates,,False,casp17/massivefold_external_pool_intake/r2353/extracted_models/R2353_all_cifs/Model_284_af3_woTemplates_af3_seed_372150_sample_4_pred_559.cif,awaiting_extract,"MassiveFold model pool index only. It parses organizer-provided external model tarball listings and stages balanced extraction/rerank candidates. These models remain external rerank and accuracy-estimation inputs, not internal predictions, not CASP submissions, and not competitive-proof evidence."
6,R2353,R2353,5882,./R2353_all_cifs/Model_2406_af3_woTemplates_af3_seed_73741_sample_0_pred_890.cif,Model_2406_af3_woTemplates_af3_seed_73741_sample_0_pred_890.cif,2406,AF3,af3_woTemplates,73741,0,890,woTemplates,,False,casp17/massivefold_external_pool_intake/r2353/extracted_models/R2353_all_cifs/Model_2406_af3_woTemplates_af3_seed_73741_sample_0_pred_890.cif,awaiting_extract,"MassiveFold model pool index only. It parses organizer-provided external model tarball listings and stages balanced extraction/rerank candidates. These models remain external rerank and accuracy-estimation inputs, not internal predictions, not CASP submissions, and not competitive-proof evidence."
6,R2353,R2353,5885,./R2353_all_cifs/Model_7995_af3_woTemplates_af3_seed_904999_sample_3_pred_233.cif,Model_7995_af3_woTemplates_af3_seed_904999_sample_3_pred_233.cif,7995,AF3,af3_woTemplates,904999,3,233,woTemplates,,False,casp17/massivefold_external_pool_intake/r2353/extracted_models/R2353_all_cifs/Model_7995_af3_woTemplates_af3_seed_904999_sample_3_pred_233.cif,awaiting_extract,"MassiveFold model pool index only. It parses organizer-provided external model tarball listings and stages balanced extraction/rerank candidates. These models remain external rerank and accuracy-estimation inputs, not internal predictions, not CASP submissions, and not competitive-proof evidence."
6,R2353,R2353,5886,./R2353_all_cifs/Model_6312_af3_woTemplates_af3_seed_285277_sample_1_pred_336.cif,Model_6312_af3_woTemplates_af3_seed_285277_sample_1_pred_336.cif,6312,AF3,af3_woTemplates,285277,1,336,woTemplates,,False,casp17/massivefold_external_pool_intake/r2353/extracted_models/R2353_all_cifs/Model_6312_af3_woTemplates_af3_seed_285277_sample_1_pred_336.cif,awaiting_extract,"MassiveFold model pool index only. It parses organizer-provided external model tarball listings and stages balanced extraction/rerank candidates. These models remain external rerank and accuracy-estimation inputs, not internal predictions, not CASP submissions, and not competitive-proof evidence."
6,R2353,R2353,5891,./R2353_all_cifs/Model_3107_af3_woTemplates_af3_seed_141679_sample_1_pred_746.cif,Model_3107_af3_woTemplates_af3_seed_141679_sample_1_pred_746.cif,3107,AF3,af3_woTemplates,141679,1,746,woTemplates,,False,casp17/massivefold_external_pool_intake/r2353/extracted_models/R2353_all_cifs/Model_3107_af3_woTemplates_af3_seed_141679_sample_1_pred_746.cif,awaiting_extract,"MassiveFold model pool index only. It parses organizer-provided external model tarball listings and stages balanced extraction/rerank candidates. These models remain external rerank and accuracy-estimation inputs, not internal predictions, not CASP submissions, and not competitive-proof evidence."
6,R2353,R2353,5897,./R2353_all_cifs/Model_7571_af3_woTemplates_af3_seed_73749_sample_4_pred_934.cif,Model_7571_af3_woTemplates_af3_seed_73749_sample_4_pred_934.cif,7571,AF3,af3_woTemplates,73749,4,934,woTemplates,,False,casp17/massivefold_external_pool_intake/r2353/extracted_models/R2353_all_cifs/Model_7571_af3_woTemplates_af3_seed_73749_sample_4_pred_934.cif,awaiting_extract,"MassiveFold model pool index only. It parses organizer-provided external model tarball listings and stages balanced extraction/rerank candidates. These models remain external rerank and accuracy-estimation inputs, not internal predictions, not CASP submissions, and not competitive-proof evidence."
6,R2353,R2353,5898,./R2353_all_cifs/Model_6285_af3_woTemplates_af3_seed_73740_sample_3_pred_888.cif,Model_6285_af3_woTemplates_af3_seed_73740_sample_3_pred_888.cif,6285,AF3,af3_woTemplates,73740,3,888,woTemplates,,False,casp17/massivefold_external_pool_intake/r2353/extracted_models/R2353_all_cifs/Model_6285_af3_woTemplates_af3_seed_73740_sample_3_pred_888.cif,awaiting_extract,"MassiveFold model pool index only. It parses organizer-provided external model tarball listings and stages balanced extraction/rerank candidates. These models remain external rerank and accuracy-estimation inputs, not internal predictions, not CASP submissions, and not competitive-proof evidence."
6,R2353,R2353,5900,./R2353_all_cifs/Model_1459_af3_woTemplates_af3_seed_285279_sample_1_pred_346.cif,Model_1459_af3_woTemplates_af3_seed_285279_sample_1_pred_346.cif,1459,AF3,af3_woTemplates,285279,1,346,woTemplates,,False,casp17/massivefold_external_pool_intake/r2353/extracted_models/R2353_all_cifs/Model_1459_af3_woTemplates_af3_seed_285279_sample_1_pred_346.cif,awaiting_extract,"MassiveFold model pool index only. It parses organizer-provided external model tarball listings and stages balanced extraction/rerank candidates. These models remain external rerank and accuracy-estimation inputs, not internal predictions, not CASP submissions, and not competitive-proof evidence."
6,R2353,R2353,5904,./R2353_all_cifs/Model_1438_af3_woTemplates_af3_seed_218326_sample_0_pred_790.cif,Model_1438_af3_woTemplates_af3_seed_218326_sample_0_pred_790.cif,1438,AF3,af3_woTemplates,218326,0,790,woTemplates,,False,casp17/massivefold_external_pool_intake/r2353/extracted_models/R2353_all_cifs/Model_1438_af3_woTemplates_af3_seed_218326_sample_0_pred_790.cif,awaiting_extract,"MassiveFold model pool index only. It parses organizer-provided external model tarball listings and stages balanced extraction/rerank candidates. These models remain external rerank and accuracy-estimation inputs, not internal predictions, not CASP submissions, and not competitive-proof evidence."
6,R2353,R2353,5919,./R2353_all_cifs/Model_6530_af3_woTemplates_af3_seed_904983_sample_0_pred_150.cif,Model_6530_af3_woTemplates_af3_seed_904983_sample_0_pred_150.cif,6530,AF3,af3_woTemplates,904983,0,150,woTemplates,,False,casp17/massivefold_external_pool_intake/r2353/extracted_models/R2353_all_cifs/Model_6530_af3_woTemplates_af3_seed_904983_sample_0_pred_150.cif,awaiting_extract,"MassiveFold model pool index only. It parses organizer-provided external model tarball listings and stages balanced extraction/rerank candidates. These models remain external rerank and accuracy-estimation inputs, not internal predictions, not CASP submissions, and not competitive-proof evidence."
6,R2353,R2353,5922,./R2353_all_cifs/Model_2044_af3_woTemplates_af3_seed_904994_sample_2_pred_207.cif,Model_2044_af3_woTemplates_af3_seed_904994_sample_2_pred_207.cif,2044,AF3,af3_woTemplates,904994,2,207,woTemplates,,False,casp17/massivefold_external_pool_intake/r2353/extracted_models/R2353_all_cifs/Model_2044_af3_woTemplates_af3_seed_904994_sample_2_pred_207.cif,awaiting_extract,"MassiveFold model pool index only. It parses organizer-provided external model tarball listings and stages balanced extraction/rerank candidates. These models remain external rerank and accuracy-estimation inputs, not internal predictions, not CASP submissions, and not competitive-proof evidence."
6,R2353,R2353,5929,./R2353_all_cifs/Model_2412_af3_woTemplates_af3_seed_285273_sample_3_pred_318.cif,Model_2412_af3_woTemplates_af3_seed_285273_sample_3_pred_318.cif,2412,AF3,af3_woTemplates,285273,3,318,woTemplates,,False,casp17/massivefold_external_pool_intake/r2353/extracted_models/R2353_all_cifs/Model_2412_af3_woTemplates_af3_seed_285273_sample_3_pred_318.cif,awaiting_extract,"MassiveFold model pool index only. It parses organizer-provided external model tarball listings and stages balanced extraction/rerank candidates. These models remain external rerank and accuracy-estimation inputs, not internal predictions, not CASP submissions, and not competitive-proof evidence."
6,R2353,R2353,5930,./R2353_all_cifs/Model_150_af3_woTemplates_af3_seed_904984_sample_0_pred_155.cif,Model_150_af3_woTemplates_af3_seed_904984_sample_0_pred_155.cif,150,AF3,af3_woTemplates,904984,0,155,woTemplates,,False,casp17/massivefold_external_pool_intake/r2353/extracted_models/R2353_all_cifs/Model_150_af3_woTemplates_af3_seed_904984_sample_0_pred_155.cif,awaiting_extract,"MassiveFold model pool index only. It parses organizer-provided external model tarball listings and stages balanced extraction/rerank candidates. These models remain external rerank and accuracy-estimation inputs, not internal predictions, not CASP submissions, and not competitive-proof evidence."
6,R2353,R2353,5932,./R2353_all_cifs/Model_1008_af3_woTemplates_af3_seed_359512_sample_3_pred_123.cif,Model_1008_af3_woTemplates_af3_seed_359512_sample_3_pred_123.cif,1008,AF3,af3_woTemplates,359512,3,123,woTemplates,,False,casp17/massivefold_external_pool_intake/r2353/extracted_models/R2353_all_cifs/Model_1008_af3_woTemplates_af3_seed_359512_sample_3_pred_123.cif,awaiting_extract,"MassiveFold model pool index only. It parses organizer-provided external model tarball listings and stages balanced extraction/rerank candidates. These models remain external rerank and accuracy-estimation inputs, not internal predictions, not CASP submissions, and not competitive-proof evidence."
6,R2353,R2353,5933,./R2353_all_cifs/Model_4908_af3_woTemplates_af3_seed_73744_sample_3_pred_908.cif,Model_4908_af3_woTemplates_af3_seed_73744_sample_3_pred_908.cif,4908,AF3,af3_woTemplates,73744,3,908,woTemplates,,False,casp17/massivefold_external_pool_intake/r2353/extracted_models/R2353_all_cifs/Model_4908_af3_woTemplates_af3_seed_73744_sample_3_pred_908.cif,awaiting_extract,"MassiveFold model pool index only. It parses organizer-provided external model tarball listings and stages balanced extraction/rerank candidates. These models remain external rerank and accuracy-estimation inputs, not internal predictions, not CASP submissions, and not competitive-proof evidence."
6,R2353,R2353,5934,./R2353_all_cifs/Model_3381_af3_woTemplates_af3_seed_73748_sample_1_pred_926.cif,Model_3381_af3_woTemplates_af3_seed_73748_sample_1_pred_926.cif,3381,AF3,af3_woTemplates,73748,1,926,woTemplates,,False,casp17/massivefold_external_pool_intake/r2353/extracted_models/R2353_all_cifs/Model_3381_af3_woTemplates_af3_seed_73748_sample_1_pred_926.cif,awaiting_extract,"MassiveFold model pool index only. It parses organizer-provided external model tarball listings and stages balanced extraction/rerank candidates. These models remain external rerank and accuracy-estimation inputs, not internal predictions, not CASP submissions, and not competitive-proof evidence."
6,R2353,R2353,5955,./R2353_all_cifs/Model_3115_af3_woTemplates_af3_seed_5702_sample_2_pred_497.cif,Model_3115_af3_woTemplates_af3_seed_5702_sample_2_pred_497.cif,3115,AF3,af3_woTemplates,5702,2,497,woTemplates,,False,casp17/massivefold_external_pool_intake/r2353/extracted_models/R2353_all_cifs/Model_3115_af3_woTemplates_af3_seed_5702_sample_2_pred_497.cif,awaiting_extract,"MassiveFold model pool index only. It parses organizer-provided external model tarball listings and stages balanced extraction/rerank candidates. These models remain external rerank and accuracy-estimation inputs, not internal predictions, not CASP submissions, and not competitive-proof evidence."
6,R2353,R2353,5963,./R2353_all_cifs/Model_2290_af3_woTemplates_af3_seed_372162_sample_4_pred_619.cif,Model_2290_af3_woTemplates_af3_seed_372162_sample_4_pred_619.cif,2290,AF3,af3_woTemplates,372162,4,619,woTemplates,,False,casp17/massivefold_external_pool_intake/r2353/extracted_models/R2353_all_cifs/Model_2290_af3_woTemplates_af3_seed_372162_sample_4_pred_619.cif,awaiting_extract,"MassiveFold model pool index only. It parses organizer-provided external model tarball listings and stages balanced extraction/rerank candidates. These models remain external rerank and accuracy-estimation inputs, not internal predictions, not CASP submissions, and not competitive-proof evidence."
6,R2353,R2353,5966,./R2353_all_cifs/Model_3217_af3_woTemplates_af3_seed_904997_sample_0_pred_220.cif,Model_3217_af3_woTemplates_af3_seed_904997_sample_0_pred_220.cif,3217,AF3,af3_woTemplates,904997,0,220,woTemplates,,False,casp17/massivefold_external_pool_intake/r2353/extracted_models/R2353_all_cifs/Model_3217_af3_woTemplates_af3_seed_904997_sample_0_pred_220.cif,awaiting_extract,"MassiveFold model pool index only. It parses organizer-provided external model tarball listings and stages balanced extraction/rerank candidates. These models remain external rerank and accuracy-estimation inputs, not internal predictions, not CASP submissions, and not competitive-proof evidence."
6,R2353,R2353,5971,./R2353_all_cifs/Model_438_af3_woTemplates_af3_seed_285263_sample_2_pred_267.cif,Model_438_af3_woTemplates_af3_seed_285263_sample_2_pred_267.cif,438,AF3,af3_woTemplates,285263,2,267,woTemplates,,False,casp17/massivefold_external_pool_intake/r2353/extracted_models/R2353_all_cifs/Model_438_af3_woTemplates_af3_seed_285263_sample_2_pred_267.cif,awaiting_extract,"MassiveFold model pool index only. It parses organizer-provided external model tarball listings and stages balanced extraction/rerank candidates. These models remain external rerank and accuracy-estimation inputs, not internal predictions, not CASP submissions, and not competitive-proof evidence."
6,R2353,R2353,5992,./R2353_all_cifs/Model_1935_af3_woTemplates_af3_seed_218326_sample_3_pred_793.cif,Model_1935_af3_woTemplates_af3_seed_218326_sample_3_pred_793.cif,1935,AF3,af3_woTemplates,218326,3,793,woTemplates,,False,casp17/massivefold_external_pool_intake/r2353/extracted_models/R2353_all_cifs/Model_1935_af3_woTemplates_af3_seed_218326_sample_3_pred_793.cif,awaiting_extract,"MassiveFold model pool index only. It parses organizer-provided external model tarball listings and stages balanced extraction/rerank candidates. These models remain external rerank and accuracy-estimation inputs, not internal predictions, not CASP submissions, and not competitive-proof evidence."
6,R2353,R2353,5997,./R2353_all_cifs/Model_1707_af3_woTemplates_af3_seed_372159_sample_0_pred_600.cif,Model_1707_af3_woTemplates_af3_seed_372159_sample_0_pred_600.cif,1707,AF3,af3_woTemplates,372159,0,600,woTemplates,,False,casp17/massivefold_external_pool_intake/r2353/extracted_models/R2353_all_cifs/Model_1707_af3_woTemplates_af3_seed_372159_sample_0_pred_600.cif,awaiting_extract,"MassiveFold model pool index only. It parses organizer-provided external model tarball listings and stages balanced extraction/rerank candidates. These models remain external rerank and accuracy-estimation inputs, not internal predictions, not CASP submissions, and not competitive-proof evidence."
6,R2353,R2353,6001,./R2353_all_cifs/Model_5520_af3_woTemplates_af3_seed_285263_sample_1_pred_266.cif,Model_5520_af3_woTemplates_af3_seed_285263_sample_1_pred_266.cif,5520,AF3,af3_woTemplates,285263,1,266,woTemplates,,False,casp17/massivefold_external_pool_intake/r2353/extracted_models/R2353_all_cifs/Model_5520_af3_woTemplates_af3_seed_285263_sample_1_pred_266.cif,awaiting_extract,"MassiveFold model pool index only. It parses organizer-provided external model tarball listings and stages balanced extraction/rerank candidates. These models remain external rerank and accuracy-estimation inputs, not internal predictions, not CASP submissions, and not competitive-proof evidence."
6,R2353,R2353,6013,./R2353_all_cifs/Model_1024_af3_woTemplates_af3_seed_73738_sample_2_pred_877.cif,Model_1024_af3_woTemplates_af3_seed_73738_sample_2_pred_877.cif,1024,AF3,af3_woTemplates,73738,2,877,woTemplates,,False,casp17/massivefold_external_pool_intake/r2353/extracted_models/R2353_all_cifs/Model_1024_af3_woTemplates_af3_seed_73738_sample_2_pred_877.cif,awaiting_extract,"MassiveFold model pool index only. It parses organizer-provided external model tarball listings and stages balanced extraction/rerank candidates. These models remain external rerank and accuracy-estimation inputs, not internal predictions, not CASP submissions, and not competitive-proof evidence."
6,R2353,R2353,6026,./R2353_all_cifs/Model_6927_af3_woTemplates_af3_seed_218342_sample_1_pred_871.cif,Model_6927_af3_woTemplates_af3_seed_218342_sample_1_pred_871.cif,6927,AF3,af3_woTemplates,218342,1,871,woTemplates,,False,casp17/massivefold_external_pool_intake/r2353/extracted_models/R2353_all_cifs/Model_6927_af3_woTemplates_af3_seed_218342_sample_1_pred_871.cif,awaiting_extract,"MassiveFold model pool index only. It parses organizer-provided external model tarball listings and stages balanced extraction/rerank candidates. These models remain external rerank and accuracy-estimation inputs, not internal predictions, not CASP submissions, and not competitive-proof evidence."
6,R2353,R2353,6047,./R2353_all_cifs/Model_6897_af3_woTemplates_af3_seed_5685_sample_1_pred_411.cif,Model_6897_af3_woTemplates_af3_seed_5685_sample_1_pred_411.cif,6897,AF3,af3_woTemplates,5685,1,411,woTemplates,,False,casp17/massivefold_external_pool_intake/r2353/extracted_models/R2353_all_cifs/Model_6897_af3_woTemplates_af3_seed_5685_sample_1_pred_411.cif,awaiting_extract,"MassiveFold model pool index only. It parses organizer-provided external model tarball listings and stages balanced extraction/rerank candidates. These models remain external rerank and accuracy-estimation inputs, not internal predictions, not CASP submissions, and not competitive-proof evidence."
6,R2353,R2353,6057,./R2353_all_cifs/Model_2047_af3_woTemplates_af3_seed_372139_sample_3_pred_503.cif,Model_2047_af3_woTemplates_af3_seed_372139_sample_3_pred_503.cif,2047,AF3,af3_woTemplates,372139,3,503,woTemplates,,False,casp17/massivefold_external_pool_intake/r2353/extracted_models/R2353_all_cifs/Model_2047_af3_woTemplates_af3_seed_372139_sample_3_pred_503.cif,awaiting_extract,"MassiveFold model pool index only. It parses organizer-provided external model tarball listings and stages balanced extraction/rerank candidates. These models remain external rerank and accuracy-estimation inputs, not internal predictions, not CASP submissions, and not competitive-proof evidence."
6,R2353,R2353,6069,./R2353_all_cifs/Model_6632_af3_woTemplates_af3_seed_285260_sample_0_pred_250.cif,Model_6632_af3_woTemplates_af3_seed_285260_sample_0_pred_250.cif,6632,AF3,af3_woTemplates,285260,0,250,woTemplates,,False,casp17/massivefold_external_pool_intake/r2353/extracted_models/R2353_all_cifs/Model_6632_af3_woTemplates_af3_seed_285260_sample_0_pred_250.cif,awaiting_extract,"MassiveFold model pool index only. It parses organizer-provided external model tarball listings and stages balanced extraction/rerank candidates. These models remain external rerank and accuracy-estimation inputs, not internal predictions, not CASP submissions, and not competitive-proof evidence."
6,R2353,R2353,6077,./R2353_all_cifs/Model_6390_af3_woTemplates_af3_seed_5684_sample_0_pred_405.cif,Model_6390_af3_woTemplates_af3_seed_5684_sample_0_pred_405.cif,6390,AF3,af3_woTemplates,5684,0,405,woTemplates,,False,casp17/massivefold_external_pool_intake/r2353/extracted_models/R2353_all_cifs/Model_6390_af3_woTemplates_af3_seed_5684_sample_0_pred_405.cif,awaiting_extract,"MassiveFold model pool index only. It parses organizer-provided external model tarball listings and stages balanced extraction/rerank candidates. These models remain external rerank and accuracy-estimation inputs, not internal predictions, not CASP submissions, and not competitive-proof evidence."
6,R2353,R2353,6094,./R2353_all_cifs/Model_2544_af3_woTemplates_af3_seed_285273_sample_2_pred_317.cif,Model_2544_af3_woTemplates_af3_seed_285273_sample_2_pred_317.cif,2544,AF3,af3_woTemplates,285273,2,317,woTemplates,,False,casp17/massivefold_external_pool_intake/r2353/extracted_models/R2353_all_cifs/Model_2544_af3_woTemplates_af3_seed_285273_sample_2_pred_317.cif,awaiting_extract,"MassiveFold model pool index only. It parses organizer-provided external model tarball listings and stages balanced extraction/rerank candidates. These models remain external rerank and accuracy-estimation inputs, not internal predictions, not CASP submissions, and not competitive-proof evidence."
6,R2353,R2353,6095,./R2353_all_cifs/Model_5793_af3_woTemplates_af3_seed_141671_sample_4_pred_709.cif,Model_5793_af3_woTemplates_af3_seed_141671_sample_4_pred_709.cif,5793,AF3,af3_woTemplates,141671,4,709,woTemplates,,False,casp17/massivefold_external_pool_intake/r2353/extracted_models/R2353_all_cifs/Model_5793_af3_woTemplates_af3_seed_141671_sample_4_pred_709.cif,awaiting_extract,"MassiveFold model pool index only. It parses organizer-provided external model tarball listings and stages balanced extraction/rerank candidates. These models remain external rerank and accuracy-estimation inputs, not internal predictions, not CASP submissions, and not competitive-proof evidence."
6,R2353,R2353,6106,./R2353_all_cifs/Model_7442_af3_woTemplates_af3_seed_73748_sample_3_pred_928.cif,Model_7442_af3_woTemplates_af3_seed_73748_sample_3_pred_928.cif,7442,AF3,af3_woTemplates,73748,3,928,woTemplates,,False,casp17/massivefold_external_pool_intake/r2353/extracted_models/R2353_all_cifs/Model_7442_af3_woTemplates_af3_seed_73748_sample_3_pred_928.cif,awaiting_extract,"MassiveFold model pool index only. It parses organizer-provided external model tarball listings and stages balanced extraction/rerank candidates. These models remain external rerank and accuracy-estimation inputs, not internal predictions, not CASP submissions, and not competitive-proof evidence."
6,R2353,R2353,6133,./R2353_all_cifs/Model_1278_af3_woTemplates_af3_seed_141674_sample_4_pred_724.cif,Model_1278_af3_woTemplates_af3_seed_141674_sample_4_pred_724.cif,1278,AF3,af3_woTemplates,141674,4,724,woTemplates,,False,casp17/massivefold_external_pool_intake/r2353/extracted_models/R2353_all_cifs/Model_1278_af3_woTemplates_af3_seed_141674_sample_4_pred_724.cif,awaiting_extract,"MassiveFold model pool index only. It parses organizer-provided external model tarball listings and stages balanced extraction/rerank candidates. These models remain external rerank and accuracy-estimation inputs, not internal predictions, not CASP submissions, and not competitive-proof evidence."
6,R2353,R2353,6134,./R2353_all_cifs/Model_2696_af3_woTemplates_af3_seed_73739_sample_4_pred_884.cif,Model_2696_af3_woTemplates_af3_seed_73739_sample_4_pred_884.cif,2696,AF3,af3_woTemplates,73739,4,884,woTemplates,,False,casp17/massivefold_external_pool_intake/r2353/extracted_models/R2353_all_cifs/Model_2696_af3_woTemplates_af3_seed_73739_sample_4_pred_884.cif,awaiting_extract,"MassiveFold model pool index only. It parses organizer-provided external model tarball listings and stages balanced extraction/rerank candidates. These models remain external rerank and accuracy-estimation inputs, not internal predictions, not CASP submissions, and not competitive-proof evidence."
6,R2353,R2353,6145,./R2353_all_cifs/Model_7419_af3_woTemplates_af3_seed_218341_sample_3_pred_868.cif,Model_7419_af3_woTemplates_af3_seed_218341_sample_3_pred_868.cif,7419,AF3,af3_woTemplates,218341,3,868,woTemplates,,False,casp17/massivefold_external_pool_intake/r2353/extracted_models/R2353_all_cifs/Model_7419_af3_woTemplates_af3_seed_218341_sample_3_pred_868.cif,awaiting_extract,"MassiveFold model pool index only. It parses organizer-provided external model tarball listings and stages balanced extraction/rerank candidates. These models remain external rerank and accuracy-estimation inputs, not internal predictions, not CASP submissions, and not competitive-proof evidence."
6,R2353,R2353,6162,./R2353_all_cifs/Model_6847_af3_woTemplates_af3_seed_73762_sample_0_pred_995.cif,Model_6847_af3_woTemplates_af3_seed_73762_sample_0_pred_995.cif,6847,AF3,af3_woTemplates,73762,0,995,woTemplates,,False,casp17/massivefold_external_pool_intake/r2353/extracted_models/R2353_all_cifs/Model_6847_af3_woTemplates_af3_seed_73762_sample_0_pred_995.cif,awaiting_extract,"MassiveFold model pool index only. It parses organizer-provided external model tarball listings and stages balanced extraction/rerank candidates. These models remain external rerank and accuracy-estimation inputs, not internal predictions, not CASP submissions, and not competitive-proof evidence."
6,R2353,R2353,6164,./R2353_all_cifs/Model_4648_af3_woTemplates_af3_seed_904982_sample_4_pred_149.cif,Model_4648_af3_woTemplates_af3_seed_904982_sample_4_pred_149.cif,4648,AF3,af3_woTemplates,904982,4,149,woTemplates,,False,casp17/massivefold_external_pool_intake/r2353/extracted_models/R2353_all_cifs/Model_4648_af3_woTemplates_af3_seed_904982_sample_4_pred_149.cif,awaiting_extract,"MassiveFold model pool index only. It parses organizer-provided external model tarball listings and stages balanced extraction/rerank candidates. These models remain external rerank and accuracy-estimation inputs, not internal predictions, not CASP submissions, and not competitive-proof evidence."
6,R2353,R2353,6165,./R2353_all_cifs/Model_1575_af3_woTemplates_af3_seed_5687_sample_1_pred_421.cif,Model_1575_af3_woTemplates_af3_seed_5687_sample_1_pred_421.cif,1575,AF3,af3_woTemplates,5687,1,421,woTemplates,,False,casp17/massivefold_external_pool_intake/r2353/extracted_models/R2353_all_cifs/Model_1575_af3_woTemplates_af3_seed_5687_sample_1_pred_421.cif,awaiting_extract,"MassiveFold model pool index only. It parses organizer-provided external model tarball listings and stages balanced extraction/rerank candidates. These models remain external rerank and accuracy-estimation inputs, not internal predictions, not CASP submissions, and not competitive-proof evidence."
6,R2353,R2353,6185,./R2353_all_cifs/Model_7196_af3_woTemplates_af3_seed_141678_sample_4_pred_744.cif,Model_7196_af3_woTemplates_af3_seed_141678_sample_4_pred_744.cif,7196,AF3,af3_woTemplates,141678,4,744,woTemplates,,False,casp17/massivefold_external_pool_intake/r2353/extracted_models/R2353_all_cifs/Model_7196_af3_woTemplates_af3_seed_141678_sample_4_pred_744.cif,awaiting_extract,"MassiveFold model pool index only. It parses organizer-provided external model tarball listings and stages balanced extraction/rerank candidates. These models remain external rerank and accuracy-estimation inputs, not internal predictions, not CASP submissions, and not competitive-proof evidence."
6,R2353,R2353,6188,./R2353_all_cifs/Model_1868_af3_woTemplates_af3_seed_73744_sample_2_pred_907.cif,Model_1868_af3_woTemplates_af3_seed_73744_sample_2_pred_907.cif,1868,AF3,af3_woTemplates,73744,2,907,woTemplates,,False,casp17/massivefold_external_pool_intake/r2353/extracted_models/R2353_all_cifs/Model_1868_af3_woTemplates_af3_seed_73744_sample_2_pred_907.cif,awaiting_extract,"MassiveFold model pool index only. It parses organizer-provided external model tarball listings and stages balanced extraction/rerank candidates. These models remain external rerank and accuracy-estimation inputs, not internal predictions, not CASP submissions, and not competitive-proof evidence."
6,R2353,R2353,6192,./R2353_all_cifs/Model_6135_af3_woTemplates_af3_seed_904998_sample_2_pred_227.cif,Model_6135_af3_woTemplates_af3_seed_904998_sample_2_pred_227.cif,6135,AF3,af3_woTemplates,904998,2,227,woTemplates,,False,casp17/massivefold_external_pool_intake/r2353/extracted_models/R2353_all_cifs/Model_6135_af3_woTemplates_af3_seed_904998_sample_2_pred_227.cif,awaiting_extract,"MassiveFold model pool index only. It parses organizer-provided external model tarball listings and stages balanced extraction/rerank candidates. These models remain external rerank and accuracy-estimation inputs, not internal predictions, not CASP submissions, and not competitive-proof evidence."
6,R2353,R2353,6195,./R2353_all_cifs/Model_1723_af3_woTemplates_af3_seed_141661_sample_0_pred_655.cif,Model_1723_af3_woTemplates_af3_seed_141661_sample_0_pred_655.cif,1723,AF3,af3_woTemplates,141661,0,655,woTemplates,,False,casp17/massivefold_external_pool_intake/r2353/extracted_models/R2353_all_cifs/Model_1723_af3_woTemplates_af3_seed_141661_sample_0_pred_655.cif,awaiting_extract,"MassiveFold model pool index only. It parses organizer-provided external model tarball listings and stages balanced extraction/rerank candidates. These models remain external rerank and accuracy-estimation inputs, not internal predictions, not CASP submissions, and not competitive-proof evidence."
6,R2353,R2353,6213,./R2353_all_cifs/Model_1341_af3_woTemplates_af3_seed_141676_sample_2_pred_732.cif,Model_1341_af3_woTemplates_af3_seed_141676_sample_2_pred_732.cif,1341,AF3,af3_woTemplates,141676,2,732,woTemplates,,False,casp17/massivefold_external_pool_intake/r2353/extracted_models/R2353_all_cifs/Model_1341_af3_woTemplates_af3_seed_141676_sample_2_pred_732.cif,awaiting_extract,"MassiveFold model pool index only. It parses organizer-provided external model tarball listings and stages balanced extraction/rerank candidates. These models remain external rerank and accuracy-estimation inputs, not internal predictions, not CASP submissions, and not competitive-proof evidence."
6,R2353,R2353,6221,./R2353_all_cifs/Model_3303_af3_woTemplates_af3_seed_73755_sample_4_pred_964.cif,Model_3303_af3_woTemplates_af3_seed_73755_sample_4_pred_964.cif,3303,AF3,af3_woTemplates,73755,4,964,woTemplates,,False,casp17/massivefold_external_pool_intake/r2353/extracted_models/R2353_all_cifs/Model_3303_af3_woTemplates_af3_seed_73755_sample_4_pred_964.cif,awaiting_extract,"MassiveFold model pool index only. It parses organizer-provided external model tarball listings and stages balanced extraction/rerank candidates. These models remain external rerank and accuracy-estimation inputs, not internal predictions, not CASP submissions, and not competitive-proof evidence."
6,R2353,R2353,6223,./R2353_all_cifs/Model_3203_af3_woTemplates_af3_seed_372154_sample_0_pred_575.cif,Model_3203_af3_woTemplates_af3_seed_372154_sample_0_pred_575.cif,3203,AF3,af3_woTemplates,372154,0,575,woTemplates,,False,casp17/massivefold_external_pool_intake/r2353/extracted_models/R2353_all_cifs/Model_3203_af3_woTemplates_af3_seed_372154_sample_0_pred_575.cif,awaiting_extract,"MassiveFold model pool index only. It parses organizer-provided external model tarball listings and stages balanced extraction/rerank candidates. These models remain external rerank and accuracy-estimation inputs, not internal predictions, not CASP submissions, and not competitive-proof evidence."
6,R2353,R2353,6243,./R2353_all_cifs/Model_6620_af3_woTemplates_af3_seed_141670_sample_3_pred_703.cif,Model_6620_af3_woTemplates_af3_seed_141670_sample_3_pred_703.cif,6620,AF3,af3_woTemplates,141670,3,703,woTemplates,,False,casp17/massivefold_external_pool_intake/r2353/extracted_models/R2353_all_cifs/Model_6620_af3_woTemplates_af3_seed_141670_sample_3_pred_703.cif,awaiting_extract,"MassiveFold model pool index only. It parses organizer-provided external model tarball listings and stages balanced extraction/rerank candidates. These models remain external rerank and accuracy-estimation inputs, not internal predictions, not CASP submissions, and not competitive-proof evidence."
6,R2353,R2353,6251,./R2353_all_cifs/Model_4801_af3_woTemplates_af3_seed_285262_sample_3_pred_263.cif,Model_4801_af3_woTemplates_af3_seed_285262_sample_3_pred_263.cif,4801,AF3,af3_woTemplates,285262,3,263,woTemplates,,False,casp17/massivefold_external_pool_intake/r2353/extracted_models/R2353_all_cifs/Model_4801_af3_woTemplates_af3_seed_285262_sample_3_pred_263.cif,awaiting_extract,"MassiveFold model pool index only. It parses organizer-provided external model tarball listings and stages balanced extraction/rerank candidates. These models remain external rerank and accuracy-estimation inputs, not internal predictions, not CASP submissions, and not competitive-proof evidence."
6,R2353,R2353,6256,./R2353_all_cifs/Model_6061_af3_woTemplates_af3_seed_5690_sample_4_pred_439.cif,Model_6061_af3_woTemplates_af3_seed_5690_sample_4_pred_439.cif,6061,AF3,af3_woTemplates,5690,4,439,woTemplates,,False,casp17/massivefold_external_pool_intake/r2353/extracted_models/R2353_all_cifs/Model_6061_af3_woTemplates_af3_seed_5690_sample_4_pred_439.cif,awaiting_extract,"MassiveFold model pool index only. It parses organizer-provided external model tarball listings and stages balanced extraction/rerank candidates. These models remain external rerank and accuracy-estimation inputs, not internal predictions, not CASP submissions, and not competitive-proof evidence."
6,R2353,R2353,6258,./R2353_all_cifs/Model_956_af3_woTemplates_af3_seed_141674_sample_3_pred_723.cif,Model_956_af3_woTemplates_af3_seed_141674_sample_3_pred_723.cif,956,AF3,af3_woTemplates,141674,3,723,woTemplates,,False,casp17/massivefold_external_pool_intake/r2353/extracted_models/R2353_all_cifs/Model_956_af3_woTemplates_af3_seed_141674_sample_3_pred_723.cif,awaiting_extract,"MassiveFold model pool index only. It parses organizer-provided external model tarball listings and stages balanced extraction/rerank candidates. These models remain external rerank and accuracy-estimation inputs, not internal predictions, not CASP submissions, and not competitive-proof evidence."
6,R2353,R2353,6266,./R2353_all_cifs/Model_6235_af3_woTemplates_af3_seed_5681_sample_3_pred_393.cif,Model_6235_af3_woTemplates_af3_seed_5681_sample_3_pred_393.cif,6235,AF3,af3_woTemplates,5681,3,393,woTemplates,,False,casp17/massivefold_external_pool_intake/r2353/extracted_models/R2353_all_cifs/Model_6235_af3_woTemplates_af3_seed_5681_sample_3_pred_393.cif,awaiting_extract,"MassiveFold model pool index only. It parses organizer-provided external model tarball listings and stages balanced extraction/rerank candidates. These models remain external rerank and accuracy-estimation inputs, not internal predictions, not CASP submissions, and not competitive-proof evidence."
6,R2353,R2353,6275,./R2353_all_cifs/Model_4326_af3_woTemplates_af3_seed_5697_sample_1_pred_471.cif,Model_4326_af3_woTemplates_af3_seed_5697_sample_1_pred_471.cif,4326,AF3,af3_woTemplates,5697,1,471,woTemplates,,False,casp17/massivefold_external_pool_intake/r2353/extracted_models/R2353_all_cifs/Model_4326_af3_woTemplates_af3_seed_5697_sample_1_pred_471.cif,awaiting_extract,"MassiveFold model pool index only. It parses organizer-provided external model tarball listings and stages balanced extraction/rerank candidates. These models remain external rerank and accuracy-estimation inputs, not internal predictions, not CASP submissions, and not competitive-proof evidence."
6,R2353,R2353,6278,./R2353_all_cifs/Model_1473_af3_woTemplates_af3_seed_285264_sample_1_pred_271.cif,Model_1473_af3_woTemplates_af3_seed_285264_sample_1_pred_271.cif,1473,AF3,af3_woTemplates,285264,1,271,woTemplates,,False,casp17/massivefold_external_pool_intake/r2353/extracted_models/R2353_all_cifs/Model_1473_af3_woTemplates_af3_seed_285264_sample_1_pred_271.cif,awaiting_extract,"MassiveFold model pool index only. It parses organizer-provided external model tarball listings and stages balanced extraction/rerank candidates. These models remain external rerank and accuracy-estimation inputs, not internal predictions, not CASP submissions, and not competitive-proof evidence."
6,R2353,R2353,6282,./R2353_all_cifs/Model_6213_af3_woTemplates_af3_seed_73760_sample_2_pred_987.cif,Model_6213_af3_woTemplates_af3_seed_73760_sample_2_pred_987.cif,6213,AF3,af3_woTemplates,73760,2,987,woTemplates,,False,casp17/massivefold_external_pool_intake/r2353/extracted_models/R2353_all_cifs/Model_6213_af3_woTemplates_af3_seed_73760_sample_2_pred_987.cif,awaiting_extract,"MassiveFold model pool index only. It parses organizer-provided external model tarball listings and stages balanced extraction/rerank candidates. These models remain external rerank and accuracy-estimation inputs, not internal predictions, not CASP submissions, and not competitive-proof evidence."
6,R2353,R2353,6283,./R2353_all_cifs/Model_4747_af3_woTemplates_af3_seed_141667_sample_2_pred_687.cif,Model_4747_af3_woTemplates_af3_seed_141667_sample_2_pred_687.cif,4747,AF3,af3_woTemplates,141667,2,687,woTemplates,,False,casp17/massivefold_external_pool_intake/r2353/extracted_models/R2353_all_cifs/Model_4747_af3_woTemplates_af3_seed_141667_sample_2_pred_687.cif,awaiting_extract,"MassiveFold model pool index only. It parses organizer-provided external model tarball listings and stages balanced extraction/rerank candidates. These models remain external rerank and accuracy-estimation inputs, not internal predictions, not CASP submissions, and not competitive-proof evidence."
6,R2353,R2353,6297,./R2353_all_cifs/Model_1155_af3_woTemplates_af3_seed_904991_sample_3_pred_193.cif,Model_1155_af3_woTemplates_af3_seed_904991_sample_3_pred_193.cif,1155,AF3,af3_woTemplates,904991,3,193,woTemplates,,False,casp17/massivefold_external_pool_intake/r2353/extracted_models/R2353_all_cifs/Model_1155_af3_woTemplates_af3_seed_904991_sample_3_pred_193.cif,awaiting_extract,"MassiveFold model pool index only. It parses organizer-provided external model tarball listings and stages balanced extraction/rerank candidates. These models remain external rerank and accuracy-estimation inputs, not internal predictions, not CASP submissions, and not competitive-proof evidence."
6,R2353,R2353,6301,./R2353_all_cifs/Model_2426_af3_woTemplates_af3_seed_904979_sample_1_pred_131.cif,Model_2426_af3_woTemplates_af3_seed_904979_sample_1_pred_131.cif,2426,AF3,af3_woTemplates,904979,1,131,woTemplates,,False,casp17/massivefold_external_pool_intake/r2353/extracted_models/R2353_all_cifs/Model_2426_af3_woTemplates_af3_seed_904979_sample_1_pred_131.cif,awaiting_extract,"MassiveFold model pool index only. It parses organizer-provided external model tarball listings and stages balanced extraction/rerank candidates. These models remain external rerank and accuracy-estimation inputs, not internal predictions, not CASP submissions, and not competitive-proof evidence."
6,R2353,R2353,6366,./R2353_all_cifs/Model_4194_af3_woTemplates_af3_seed_904987_sample_1_pred_171.cif,Model_4194_af3_woTemplates_af3_seed_904987_sample_1_pred_171.cif,4194,AF3,af3_woTemplates,904987,1,171,woTemplates,,False,casp17/massivefold_external_pool_intake/r2353/extracted_models/R2353_all_cifs/Model_4194_af3_woTemplates_af3_seed_904987_sample_1_pred_171.cif,awaiting_extract,"MassiveFold model pool index only. It parses organizer-provided external model tarball listings and stages balanced extraction/rerank candidates. These models remain external rerank and accuracy-estimation inputs, not internal predictions, not CASP submissions, and not competitive-proof evidence."
6,R2353,R2353,6373,./R2353_all_cifs/Model_2611_af3_woTemplates_af3_seed_141659_sample_3_pred_648.cif,Model_2611_af3_woTemplates_af3_seed_141659_sample_3_pred_648.cif,2611,AF3,af3_woTemplates,141659,3,648,woTemplates,,False,casp17/massivefold_external_pool_intake/r2353/extracted_models/R2353_all_cifs/Model_2611_af3_woTemplates_af3_seed_141659_sample_3_pred_648.cif,awaiting_extract,"MassiveFold model pool index only. It parses organizer-provided external model tarball listings and stages balanced extraction/rerank candidates. These models remain external rerank and accuracy-estimation inputs, not internal predictions, not CASP submissions, and not competitive-proof evidence."
6,R2353,R2353,6389,./R2353_all_cifs/Model_4003_af3_woTemplates_af3_seed_359496_sample_2_pred_42.cif,Model_4003_af3_woTemplates_af3_seed_359496_sample_2_pred_42.cif,4003,AF3,af3_woTemplates,359496,2,42,woTemplates,,False,casp17/massivefold_external_pool_intake/r2353/extracted_models/R2353_all_cifs/Model_4003_af3_woTemplates_af3_seed_359496_sample_2_pred_42.cif,awaiting_extract,"MassiveFold model pool index only. It parses organizer-provided external model tarball listings and stages balanced extraction/rerank candidates. These models remain external rerank and accuracy-estimation inputs, not internal predictions, not CASP submissions, and not competitive-proof evidence."
6,R2353,R2353,6394,./R2353_all_cifs/Model_2698_af3_woTemplates_af3_seed_5679_sample_4_pred_384.cif,Model_2698_af3_woTemplates_af3_seed_5679_sample_4_pred_384.cif,2698,AF3,af3_woTemplates,5679,4,384,woTemplates,,False,casp17/massivefold_external_pool_intake/r2353/extracted_models/R2353_all_cifs/Model_2698_af3_woTemplates_af3_seed_5679_sample_4_pred_384.cif,awaiting_extract,"MassiveFold model pool index only. It parses organizer-provided external model tarball listings and stages balanced extraction/rerank candidates. These models remain external rerank and accuracy-estimation inputs, not internal predictions, not CASP submissions, and not competitive-proof evidence."
6,R2353,R2353,6395,./R2353_all_cifs/Model_6575_af3_woTemplates_af3_seed_73751_sample_1_pred_941.cif,Model_6575_af3_woTemplates_af3_seed_73751_sample_1_pred_941.cif,6575,AF3,af3_woTemplates,73751,1,941,woTemplates,,False,casp17/massivefold_external_pool_intake/r2353/extracted_models/R2353_all_cifs/Model_6575_af3_woTemplates_af3_seed_73751_sample_1_pred_941.cif,awaiting_extract,"MassiveFold model pool index only. It parses organizer-provided external model tarball listings and stages balanced extraction/rerank candidates. These models remain external rerank and accuracy-estimation inputs, not internal predictions, not CASP submissions, and not competitive-proof evidence."
6,R2353,R2353,6400,./R2353_all_cifs/Model_1738_af3_woTemplates_af3_seed_904984_sample_4_pred_159.cif,Model_1738_af3_woTemplates_af3_seed_904984_sample_4_pred_159.cif,1738,AF3,af3_woTemplates,904984,4,159,woTemplates,,False,casp17/massivefold_external_pool_intake/r2353/extracted_models/R2353_all_cifs/Model_1738_af3_woTemplates_af3_seed_904984_sample_4_pred_159.cif,awaiting_extract,"MassiveFold model pool index only. It parses organizer-provided external model tarball listings and stages balanced extraction/rerank candidates. These models remain external rerank and accuracy-estimation inputs, not internal predictions, not CASP submissions, and not competitive-proof evidence."
6,R2353,R2353,6401,./R2353_all_cifs/Model_2050_af3_woTemplates_af3_seed_285268_sample_2_pred_292.cif,Model_2050_af3_woTemplates_af3_seed_285268_sample_2_pred_292.cif,2050,AF3,af3_woTemplates,285268,2,292,woTemplates,,False,casp17/massivefold_external_pool_intake/r2353/extracted_models/R2353_all_cifs/Model_2050_af3_woTemplates_af3_seed_285268_sample_2_pred_292.cif,awaiting_extract,"MassiveFold model pool index only. It parses organizer-provided external model tarball listings and stages balanced extraction/rerank candidates. These models remain external rerank and accuracy-estimation inputs, not internal predictions, not CASP submissions, and not competitive-proof evidence."
6,R2353,R2353,6403,./R2353_all_cifs/Model_716_af3_woTemplates_af3_seed_5682_sample_3_pred_398.cif,Model_716_af3_woTemplates_af3_seed_5682_sample_3_pred_398.cif,716,AF3,af3_woTemplates,5682,3,398,woTemplates,,False,casp17/massivefold_external_pool_intake/r2353/extracted_models/R2353_all_cifs/Model_716_af3_woTemplates_af3_seed_5682_sample_3_pred_398.cif,awaiting_extract,"MassiveFold model pool index only. It parses organizer-provided external model tarball listings and stages balanced extraction/rerank candidates. These models remain external rerank and accuracy-estimation inputs, not internal predictions, not CASP submissions, and not competitive-proof evidence."
6,R2353,R2353,6405,./R2353_all_cifs/Model_3704_af3_woTemplates_af3_seed_904988_sample_4_pred_179.cif,Model_3704_af3_woTemplates_af3_seed_904988_sample_4_pred_179.cif,3704,AF3,af3_woTemplates,904988,4,179,woTemplates,,False,casp17/massivefold_external_pool_intake/r2353/extracted_models/R2353_all_cifs/Model_3704_af3_woTemplates_af3_seed_904988_sample_4_pred_179.cif,awaiting_extract,"MassiveFold model pool index only. It parses organizer-provided external model tarball listings and stages balanced extraction/rerank candidates. These models remain external rerank and accuracy-estimation inputs, not internal predictions, not CASP submissions, and not competitive-proof evidence."
6,R2353,R2353,6416,./R2353_all_cifs/Model_2614_af3_woTemplates_af3_seed_218321_sample_3_pred_768.cif,Model_2614_af3_woTemplates_af3_seed_218321_sample_3_pred_768.cif,2614,AF3,af3_woTemplates,218321,3,768,woTemplates,,False,casp17/massivefold_external_pool_intake/r2353/extracted_models/R2353_all_cifs/Model_2614_af3_woTemplates_af3_seed_218321_sample_3_pred_768.cif,awaiting_extract,"MassiveFold model pool index only. It parses organizer-provided external model tarball listings and stages balanced extraction/rerank candidates. These models remain external rerank and accuracy-estimation inputs, not internal predictions, not CASP submissions, and not competitive-proof evidence."
6,R2353,R2353,6418,./R2353_all_cifs/Model_5198_af3_woTemplates_af3_seed_359508_sample_1_pred_101.cif,Model_5198_af3_woTemplates_af3_seed_359508_sample_1_pred_101.cif,5198,AF3,af3_woTemplates,359508,1,101,woTemplates,,False,casp17/massivefold_external_pool_intake/r2353/extracted_models/R2353_all_cifs/Model_5198_af3_woTemplates_af3_seed_359508_sample_1_pred_101.cif,awaiting_extract,"MassiveFold model pool index only. It parses organizer-provided external model tarball listings and stages balanced extraction/rerank candidates. These models remain external rerank and accuracy-estimation inputs, not internal predictions, not CASP submissions, and not competitive-proof evidence."
6,R2353,R2353,6419,./R2353_all_cifs/Model_4676_af3_woTemplates_af3_seed_285275_sample_3_pred_328.cif,Model_4676_af3_woTemplates_af3_seed_285275_sample_3_pred_328.cif,4676,AF3,af3_woTemplates,285275,3,328,woTemplates,,False,casp17/massivefold_external_pool_intake/r2353/extracted_models/R2353_all_cifs/Model_4676_af3_woTemplates_af3_seed_285275_sample_3_pred_328.cif,awaiting_extract,"MassiveFold model pool index only. It parses organizer-provided external model tarball listings and stages balanced extraction/rerank candidates. These models remain external rerank and accuracy-estimation inputs, not internal predictions, not CASP submissions, and not competitive-proof evidence."
6,R2353,R2353,6425,./R2353_all_cifs/Model_4771_af3_woTemplates_af3_seed_285266_sample_2_pred_282.cif,Model_4771_af3_woTemplates_af3_seed_285266_sample_2_pred_282.cif,4771,AF3,af3_woTemplates,285266,2,282,woTemplates,,False,casp17/massivefold_external_pool_intake/r2353/extracted_models/R2353_all_cifs/Model_4771_af3_woTemplates_af3_seed_285266_sample_2_pred_282.cif,awaiting_extract,"MassiveFold model pool index only. It parses organizer-provided external model tarball listings and stages balanced extraction/rerank candidates. These models remain external rerank and accuracy-estimation inputs, not internal predictions, not CASP submissions, and not competitive-proof evidence."
6,R2353,R2353,6428,./R2353_all_cifs/Model_5608_af3_woTemplates_af3_seed_141679_sample_2_pred_747.cif,Model_5608_af3_woTemplates_af3_seed_141679_sample_2_pred_747.cif,5608,AF3,af3_woTemplates,141679,2,747,woTemplates,,False,casp17/massivefold_external_pool_intake/r2353/extracted_models/R2353_all_cifs/Model_5608_af3_woTemplates_af3_seed_141679_sample_2_pred_747.cif,awaiting_extract,"MassiveFold model pool index only. It parses organizer-provided external model tarball listings and stages balanced extraction/rerank candidates. These models remain external rerank and accuracy-estimation inputs, not internal predictions, not CASP submissions, and not competitive-proof evidence."
6,R2353,R2353,6430,./R2353_all_cifs/Model_5626_af3_woTemplates_af3_seed_904990_sample_3_pred_188.cif,Model_5626_af3_woTemplates_af3_seed_904990_sample_3_pred_188.cif,5626,AF3,af3_woTemplates,904990,3,188,woTemplates,,False,casp17/massivefold_external_pool_intake/r2353/extracted_models/R2353_all_cifs/Model_5626_af3_woTemplates_af3_seed_904990_sample_3_pred_188.cif,awaiting_extract,"MassiveFold model pool index only. It parses organizer-provided external model tarball listings and stages balanced extraction/rerank candidates. These models remain external rerank and accuracy-estimation inputs, not internal predictions, not CASP submissions, and not competitive-proof evidence."
6,R2353,R2353,6439,./R2353_all_cifs/Model_635_af3_woTemplates_af3_seed_359494_sample_4_pred_34.cif,Model_635_af3_woTemplates_af3_seed_359494_sample_4_pred_34.cif,635,AF3,af3_woTemplates,359494,4,34,woTemplates,,False,casp17/massivefold_external_pool_intake/r2353/extracted_models/R2353_all_cifs/Model_635_af3_woTemplates_af3_seed_359494_sample_4_pred_34.cif,awaiting_extract,"MassiveFold model pool index only. It parses organizer-provided external model tarball listings and stages balanced extraction/rerank candidates. These models remain external rerank and accuracy-estimation inputs, not internal predictions, not CASP submissions, and not competitive-proof evidence."
6,R2353,R2353,6462,./R2353_all_cifs/Model_443_af3_woTemplates_af3_seed_73744_sample_4_pred_909.cif,Model_443_af3_woTemplates_af3_seed_73744_sample_4_pred_909.cif,443,AF3,af3_woTemplates,73744,4,909,woTemplates,,False,casp17/massivefold_external_pool_intake/r2353/extracted_models/R2353_all_cifs/Model_443_af3_woTemplates_af3_seed_73744_sample_4_pred_909.cif,awaiting_extract,"MassiveFold model pool index only. It parses organizer-provided external model tarball listings and stages balanced extraction/rerank candidates. These models remain external rerank and accuracy-estimation inputs, not internal predictions, not CASP submissions, and not competitive-proof evidence."
6,R2353,R2353,6468,./R2353_all_cifs/Model_1996_af3_woTemplates_af3_seed_141679_sample_4_pred_749.cif,Model_1996_af3_woTemplates_af3_seed_141679_sample_4_pred_749.cif,1996,AF3,af3_woTemplates,141679,4,749,woTemplates,,False,casp17/massivefold_external_pool_intake/r2353/extracted_models/R2353_all_cifs/Model_1996_af3_woTemplates_af3_seed_141679_sample_4_pred_749.cif,awaiting_extract,"MassiveFold model pool index only. It parses organizer-provided external model tarball listings and stages balanced extraction/rerank candidates. These models remain external rerank and accuracy-estimation inputs, not internal predictions, not CASP submissions, and not competitive-proof evidence."
6,R2353,R2353,6472,./R2353_all_cifs/Model_5937_af3_woTemplates_af3_seed_5688_sample_1_pred_426.cif,Model_5937_af3_woTemplates_af3_seed_5688_sample_1_pred_426.cif,5937,AF3,af3_woTemplates,5688,1,426,woTemplates,,False,casp17/massivefold_external_pool_intake/r2353/extracted_models/R2353_all_cifs/Model_5937_af3_woTemplates_af3_seed_5688_sample_1_pred_426.cif,awaiting_extract,"MassiveFold model pool index only. It parses organizer-provided external model tarball listings and stages balanced extraction/rerank candidates. These models remain external rerank and accuracy-estimation inputs, not internal predictions, not CASP submissions, and not competitive-proof evidence."
6,R2353,R2353,6478,./R2353_all_cifs/Model_1334_af3_woTemplates_af3_seed_73743_sample_3_pred_903.cif,Model_1334_af3_woTemplates_af3_seed_73743_sample_3_pred_903.cif,1334,AF3,af3_woTemplates,73743,3,903,woTemplates,,False,casp17/massivefold_external_pool_intake/r2353/extracted_models/R2353_all_cifs/Model_1334_af3_woTemplates_af3_seed_73743_sample_3_pred_903.cif,awaiting_extract,"MassiveFold model pool index only. It parses organizer-provided external model tarball listings and stages balanced extraction/rerank candidates. These models remain external rerank and accuracy-estimation inputs, not internal predictions, not CASP submissions, and not competitive-proof evidence."
6,R2353,R2353,6479,./R2353_all_cifs/Model_210_af3_woTemplates_af3_seed_5682_sample_2_pred_397.cif,Model_210_af3_woTemplates_af3_seed_5682_sample_2_pred_397.cif,210,AF3,af3_woTemplates,5682,2,397,woTemplates,,False,casp17/massivefold_external_pool_intake/r2353/extracted_models/R2353_all_cifs/Model_210_af3_woTemplates_af3_seed_5682_sample_2_pred_397.cif,awaiting_extract,"MassiveFold model pool index only. It parses organizer-provided external model tarball listings and stages balanced extraction/rerank candidates. These models remain external rerank and accuracy-estimation inputs, not internal predictions, not CASP submissions, and not competitive-proof evidence."
6,R2353,R2353,6489,./R2353_all_cifs/Model_6427_af3_woTemplates_af3_seed_5697_sample_0_pred_470.cif,Model_6427_af3_woTemplates_af3_seed_5697_sample_0_pred_470.cif,6427,AF3,af3_woTemplates,5697,0,470,woTemplates,,False,casp17/massivefold_external_pool_intake/r2353/extracted_models/R2353_all_cifs/Model_6427_af3_woTemplates_af3_seed_5697_sample_0_pred_470.cif,awaiting_extract,"MassiveFold model pool index only. It parses organizer-provided external model tarball listings and stages balanced extraction/rerank candidates. These models remain external rerank and accuracy-estimation inputs, not internal predictions, not CASP submissions, and not competitive-proof evidence."
6,R2353,R2353,6494,./R2353_all_cifs/Model_4320_af3_woTemplates_af3_seed_5680_sample_0_pred_385.cif,Model_4320_af3_woTemplates_af3_seed_5680_sample_0_pred_385.cif,4320,AF3,af3_woTemplates,5680,0,385,woTemplates,,False,casp17/massivefold_external_pool_intake/r2353/extracted_models/R2353_all_cifs/Model_4320_af3_woTemplates_af3_seed_5680_sample_0_pred_385.cif,awaiting_extract,"MassiveFold model pool index only. It parses organizer-provided external model tarball listings and stages balanced extraction/rerank candidates. These models remain external rerank and accuracy-estimation inputs, not internal predictions, not CASP submissions, and not competitive-proof evidence."
6,R2353,R2353,6495,./R2353_all_cifs/Model_4496_af3_woTemplates_af3_seed_372151_sample_3_pred_563.cif,Model_4496_af3_woTemplates_af3_seed_372151_sample_3_pred_563.cif,4496,AF3,af3_woTemplates,372151,3,563,woTemplates,,False,casp17/massivefold_external_pool_intake/r2353/extracted_models/R2353_all_cifs/Model_4496_af3_woTemplates_af3_seed_372151_sample_3_pred_563.cif,awaiting_extract,"MassiveFold model pool index only. It parses organizer-provided external model tarball listings and stages balanced extraction/rerank candidates. These models remain external rerank and accuracy-estimation inputs, not internal predictions, not CASP submissions, and not competitive-proof evidence."
6,R2353,R2353,6504,./R2353_all_cifs/Model_7181_af3_woTemplates_af3_seed_218325_sample_4_pred_789.cif,Model_7181_af3_woTemplates_af3_seed_218325_sample_4_pred_789.cif,7181,AF3,af3_woTemplates,218325,4,789,woTemplates,,False,casp17/massivefold_external_pool_intake/r2353/extracted_models/R2353_all_cifs/Model_7181_af3_woTemplates_af3_seed_218325_sample_4_pred_789.cif,awaiting_extract,"MassiveFold model pool index only. It parses organizer-provided external model tarball listings and stages balanced extraction/rerank candidates. These models remain external rerank and accuracy-estimation inputs, not internal predictions, not CASP submissions, and not competitive-proof evidence."
6,R2353,R2353,6505,./R2353_all_cifs/Model_3894_af3_woTemplates_af3_seed_5691_sample_2_pred_442.cif,Model_3894_af3_woTemplates_af3_seed_5691_sample_2_pred_442.cif,3894,AF3,af3_woTemplates,5691,2,442,woTemplates,,False,casp17/massivefold_external_pool_intake/r2353/extracted_models/R2353_all_cifs/Model_3894_af3_woTemplates_af3_seed_5691_sample_2_pred_442.cif,awaiting_extract,"MassiveFold model pool index only. It parses organizer-provided external model tarball listings and stages balanced extraction/rerank candidates. These models remain external rerank and accuracy-estimation inputs, not internal predictions, not CASP submissions, and not competitive-proof evidence."
6,R2353,R2353,6515,./R2353_all_cifs/Model_2254_af3_woTemplates_af3_seed_218325_sample_2_pred_787.cif,Model_2254_af3_woTemplates_af3_seed_218325_sample_2_pred_787.cif,2254,AF3,af3_woTemplates,218325,2,787,woTemplates,,False,casp17/massivefold_external_pool_intake/r2353/extracted_models/R2353_all_cifs/Model_2254_af3_woTemplates_af3_seed_218325_sample_2_pred_787.cif,awaiting_extract,"MassiveFold model pool index only. It parses organizer-provided external model tarball listings and stages balanced extraction/rerank candidates. These models remain external rerank and accuracy-estimation inputs, not internal predictions, not CASP submissions, and not competitive-proof evidence."
6,R2353,R2353,6516,./R2353_all_cifs/Model_7680_af3_woTemplates_af3_seed_73758_sample_0_pred_975.cif,Model_7680_af3_woTemplates_af3_seed_73758_sample_0_pred_975.cif,7680,AF3,af3_woTemplates,73758,0,975,woTemplates,,False,casp17/massivefold_external_pool_intake/r2353/extracted_models/R2353_all_cifs/Model_7680_af3_woTemplates_af3_seed_73758_sample_0_pred_975.cif,awaiting_extract,"MassiveFold model pool index only. It parses organizer-provided external model tarball listings and stages balanced extraction/rerank candidates. These models remain external rerank and accuracy-estimation inputs, not internal predictions, not CASP submissions, and not competitive-proof evidence."
6,R2353,R2353,6527,./R2353_all_cifs/Model_2366_af3_woTemplates_af3_seed_218323_sample_4_pred_779.cif,Model_2366_af3_woTemplates_af3_seed_218323_sample_4_pred_779.cif,2366,AF3,af3_woTemplates,218323,4,779,woTemplates,,False,casp17/massivefold_external_pool_intake/r2353/extracted_models/R2353_all_cifs/Model_2366_af3_woTemplates_af3_seed_218323_sample_4_pred_779.cif,awaiting_extract,"MassiveFold model pool index only. It parses organizer-provided external model tarball listings and stages balanced extraction/rerank candidates. These models remain external rerank and accuracy-estimation inputs, not internal predictions, not CASP submissions, and not competitive-proof evidence."
6,R2353,R2353,6528,./R2353_all_cifs/Model_2369_af3_woTemplates_af3_seed_372156_sample_4_pred_589.cif,Model_2369_af3_woTemplates_af3_seed_372156_sample_4_pred_589.cif,2369,AF3,af3_woTemplates,372156,4,589,woTemplates,,False,casp17/massivefold_external_pool_intake/r2353/extracted_models/R2353_all_cifs/Model_2369_af3_woTemplates_af3_seed_372156_sample_4_pred_589.cif,awaiting_extract,"MassiveFold model pool index only. It parses organizer-provided external model tarball listings and stages balanced extraction/rerank candidates. These models remain external rerank and accuracy-estimation inputs, not internal predictions, not CASP submissions, and not competitive-proof evidence."
6,R2353,R2353,6532,./R2353_all_cifs/Model_5690_af3_woTemplates_af3_seed_218320_sample_0_pred_760.cif,Model_5690_af3_woTemplates_af3_seed_218320_sample_0_pred_760.cif,5690,AF3,af3_woTemplates,218320,0,760,woTemplates,,False,casp17/massivefold_external_pool_intake/r2353/extracted_models/R2353_all_cifs/Model_5690_af3_woTemplates_af3_seed_218320_sample_0_pred_760.cif,awaiting_extract,"MassiveFold model pool index only. It parses organizer-provided external model tarball listings and stages balanced extraction/rerank candidates. These models remain external rerank and accuracy-estimation inputs, not internal predictions, not CASP submissions, and not competitive-proof evidence."
6,R2353,R2353,6538,./R2353_all_cifs/Model_5349_af3_woTemplates_af3_seed_218318_sample_0_pred_750.cif,Model_5349_af3_woTemplates_af3_seed_218318_sample_0_pred_750.cif,5349,AF3,af3_woTemplates,218318,0,750,woTemplates,,False,casp17/massivefold_external_pool_intake/r2353/extracted_models/R2353_all_cifs/Model_5349_af3_woTemplates_af3_seed_218318_sample_0_pred_750.cif,awaiting_extract,"MassiveFold model pool index only. It parses organizer-provided external model tarball listings and stages balanced extraction/rerank candidates. These models remain external rerank and accuracy-estimation inputs, not internal predictions, not CASP submissions, and not competitive-proof evidence."
6,R2353,R2353,6539,./R2353_all_cifs/Model_7342_af3_woTemplates_af3_seed_218340_sample_4_pred_864.cif,Model_7342_af3_woTemplates_af3_seed_218340_sample_4_pred_864.cif,7342,AF3,af3_woTemplates,218340,4,864,woTemplates,,False,casp17/massivefold_external_pool_intake/r2353/extracted_models/R2353_all_cifs/Model_7342_af3_woTemplates_af3_seed_218340_sample_4_pred_864.cif,awaiting_extract,"MassiveFold model pool index only. It parses organizer-provided external model tarball listings and stages balanced extraction/rerank candidates. These models remain external rerank and accuracy-estimation inputs, not internal predictions, not CASP submissions, and not competitive-proof evidence."
6,R2353,R2353,6543,./R2353_all_cifs/Model_5211_af3_woTemplates_af3_seed_285270_sample_0_pred_300.cif,Model_5211_af3_woTemplates_af3_seed_285270_sample_0_pred_300.cif,5211,AF3,af3_woTemplates,285270,0,300,woTemplates,,False,casp17/massivefold_external_pool_intake/r2353/extracted_models/R2353_all_cifs/Model_5211_af3_woTemplates_af3_seed_285270_sample_0_pred_300.cif,awaiting_extract,"MassiveFold model pool index only. It parses organizer-provided external model tarball listings and stages balanced extraction/rerank candidates. These models remain external rerank and accuracy-estimation inputs, not internal predictions, not CASP submissions, and not competitive-proof evidence."
6,R2353,R2353,6553,./R2353_all_cifs/Model_3818_af3_woTemplates_af3_seed_285278_sample_1_pred_341.cif,Model_3818_af3_woTemplates_af3_seed_285278_sample_1_pred_341.cif,3818,AF3,af3_woTemplates,285278,1,341,woTemplates,,False,casp17/massivefold_external_pool_intake/r2353/extracted_models/R2353_all_cifs/Model_3818_af3_woTemplates_af3_seed_285278_sample_1_pred_341.cif,awaiting_extract,"MassiveFold model pool index only. It parses organizer-provided external model tarball listings and stages balanced extraction/rerank candidates. These models remain external rerank and accuracy-estimation inputs, not internal predictions, not CASP submissions, and not competitive-proof evidence."
6,R2353,R2353,6570,./R2353_all_cifs/Model_3519_af3_woTemplates_af3_seed_218342_sample_3_pred_873.cif,Model_3519_af3_woTemplates_af3_seed_218342_sample_3_pred_873.cif,3519,AF3,af3_woTemplates,218342,3,873,woTemplates,,False,casp17/massivefold_external_pool_intake/r2353/extracted_models/R2353_all_cifs/Model_3519_af3_woTemplates_af3_seed_218342_sample_3_pred_873.cif,awaiting_extract,"MassiveFold model pool index only. It parses organizer-provided external model tarball listings and stages balanced extraction/rerank candidates. These models remain external rerank and accuracy-estimation inputs, not internal predictions, not CASP submissions, and not competitive-proof evidence."
6,R2353,R2353,6578,./R2353_all_cifs/Model_7123_af3_woTemplates_af3_seed_218322_sample_3_pred_773.cif,Model_7123_af3_woTemplates_af3_seed_218322_sample_3_pred_773.cif,7123,AF3,af3_woTemplates,218322,3,773,woTemplates,,False,casp17/massivefold_external_pool_intake/r2353/extracted_models/R2353_all_cifs/Model_7123_af3_woTemplates_af3_seed_218322_sample_3_pred_773.cif,awaiting_extract,"MassiveFold model pool index only. It parses organizer-provided external model tarball listings and stages balanced extraction/rerank candidates. These models remain external rerank and accuracy-estimation inputs, not internal predictions, not CASP submissions, and not competitive-proof evidence."
6,R2353,R2353,6587,./R2353_all_cifs/Model_2381_af3_woTemplates_af3_seed_285260_sample_3_pred_253.cif,Model_2381_af3_woTemplates_af3_seed_285260_sample_3_pred_253.cif,2381,AF3,af3_woTemplates,285260,3,253,woTemplates,,False,casp17/massivefold_external_pool_intake/r2353/extracted_models/R2353_all_cifs/Model_2381_af3_woTemplates_af3_seed_285260_sample_3_pred_253.cif,awaiting_extract,"MassiveFold model pool index only. It parses organizer-provided external model tarball listings and stages balanced extraction/rerank candidates. These models remain external rerank and accuracy-estimation inputs, not internal predictions, not CASP submissions, and not competitive-proof evidence."
6,R2353,R2353,6611,./R2353_all_cifs/Model_1108_af3_woTemplates_af3_seed_285282_sample_0_pred_360.cif,Model_1108_af3_woTemplates_af3_seed_285282_sample_0_pred_360.cif,1108,AF3,af3_woTemplates,285282,0,360,woTemplates,,False,casp17/massivefold_external_pool_intake/r2353/extracted_models/R2353_all_cifs/Model_1108_af3_woTemplates_af3_seed_285282_sample_0_pred_360.cif,awaiting_extract,"MassiveFold model pool index only. It parses organizer-provided external model tarball listings and stages balanced extraction/rerank candidates. These models remain external rerank and accuracy-estimation inputs, not internal predictions, not CASP submissions, and not competitive-proof evidence."
6,R2353,R2353,6630,./R2353_all_cifs/Model_7586_af3_woTemplates_af3_seed_218326_sample_2_pred_792.cif,Model_7586_af3_woTemplates_af3_seed_218326_sample_2_pred_792.cif,7586,AF3,af3_woTemplates,218326,2,792,woTemplates,,False,casp17/massivefold_external_pool_intake/r2353/extracted_models/R2353_all_cifs/Model_7586_af3_woTemplates_af3_seed_218326_sample_2_pred_792.cif,awaiting_extract,"MassiveFold model pool index only. It parses organizer-provided external model tarball listings and stages balanced extraction/rerank candidates. These models remain external rerank and accuracy-estimation inputs, not internal predictions, not CASP submissions, and not competitive-proof evidence."
6,R2353,R2353,6631,./R2353_all_cifs/Model_3182_af3_woTemplates_af3_seed_905000_sample_0_pred_235.cif,Model_3182_af3_woTemplates_af3_seed_905000_sample_0_pred_235.cif,3182,AF3,af3_woTemplates,905000,0,235,woTemplates,,False,casp17/massivefold_external_pool_intake/r2353/extracted_models/R2353_all_cifs/Model_3182_af3_woTemplates_af3_seed_905000_sample_0_pred_235.cif,awaiting_extract,"MassiveFold model pool index only. It parses organizer-provided external model tarball listings and stages balanced extraction/rerank candidates. These models remain external rerank and accuracy-estimation inputs, not internal predictions, not CASP submissions, and not competitive-proof evidence."
6,R2353,R2353,6659,./R2353_all_cifs/Model_4138_af3_woTemplates_af3_seed_285274_sample_1_pred_321.cif,Model_4138_af3_woTemplates_af3_seed_285274_sample_1_pred_321.cif,4138,AF3,af3_woTemplates,285274,1,321,woTemplates,,False,casp17/massivefold_external_pool_intake/r2353/extracted_models/R2353_all_cifs/Model_4138_af3_woTemplates_af3_seed_285274_sample_1_pred_321.cif,awaiting_extract,"MassiveFold model pool index only. It parses organizer-provided external model tarball listings and stages balanced extraction/rerank candidates. These models remain external rerank and accuracy-estimation inputs, not internal predictions, not CASP submissions, and not competitive-proof evidence."
6,R2353,R2353,6679,./R2353_all_cifs/Model_4930_af3_woTemplates_af3_seed_285261_sample_1_pred_256.cif,Model_4930_af3_woTemplates_af3_seed_285261_sample_1_pred_256.cif,4930,AF3,af3_woTemplates,285261,1,256,woTemplates,,False,casp17/massivefold_external_pool_intake/r2353/extracted_models/R2353_all_cifs/Model_4930_af3_woTemplates_af3_seed_285261_sample_1_pred_256.cif,awaiting_extract,"MassiveFold model pool index only. It parses organizer-provided external model tarball listings and stages balanced extraction/rerank candidates. These models remain external rerank and accuracy-estimation inputs, not internal predictions, not CASP submissions, and not competitive-proof evidence."
6,R2353,R2353,6683,./R2353_all_cifs/Model_7390_af3_woTemplates_af3_seed_73758_sample_3_pred_978.cif,Model_7390_af3_woTemplates_af3_seed_73758_sample_3_pred_978.cif,7390,AF3,af3_woTemplates,73758,3,978,woTemplates,,False,casp17/massivefold_external_pool_intake/r2353/extracted_models/R2353_all_cifs/Model_7390_af3_woTemplates_af3_seed_73758_sample_3_pred_978.cif,awaiting_extract,"MassiveFold model pool index only. It parses organizer-provided external model tarball listings and stages balanced extraction/rerank candidates. These models remain external rerank and accuracy-estimation inputs, not internal predictions, not CASP submissions, and not competitive-proof evidence."
6,R2353,R2353,6691,./R2353_all_cifs/Model_3990_af3_woTemplates_af3_seed_359512_sample_4_pred_124.cif,Model_3990_af3_woTemplates_af3_seed_359512_sample_4_pred_124.cif,3990,AF3,af3_woTemplates,359512,4,124,woTemplates,,False,casp17/massivefold_external_pool_intake/r2353/extracted_models/R2353_all_cifs/Model_3990_af3_woTemplates_af3_seed_359512_sample_4_pred_124.cif,awaiting_extract,"MassiveFold model pool index only. It parses organizer-provided external model tarball listings and stages balanced extraction/rerank candidates. These models remain external rerank and accuracy-estimation inputs, not internal predictions, not CASP submissions, and not competitive-proof evidence."
6,R2353,R2353,6696,./R2353_all_cifs/Model_7971_af3_woTemplates_af3_seed_372146_sample_0_pred_535.cif,Model_7971_af3_woTemplates_af3_seed_372146_sample_0_pred_535.cif,7971,AF3,af3_woTemplates,372146,0,535,woTemplates,,False,casp17/massivefold_external_pool_intake/r2353/extracted_models/R2353_all_cifs/Model_7971_af3_woTemplates_af3_seed_372146_sample_0_pred_535.cif,awaiting_extract,"MassiveFold model pool index only. It parses organizer-provided external model tarball listings and stages balanced extraction/rerank candidates. These models remain external rerank and accuracy-estimation inputs, not internal predictions, not CASP submissions, and not competitive-proof evidence."
6,R2353,R2353,6698,./R2353_all_cifs/Model_2978_af3_woTemplates_af3_seed_285265_sample_2_pred_277.cif,Model_2978_af3_woTemplates_af3_seed_285265_sample_2_pred_277.cif,2978,AF3,af3_woTemplates,285265,2,277,woTemplates,,False,casp17/massivefold_external_pool_intake/r2353/extracted_models/R2353_all_cifs/Model_2978_af3_woTemplates_af3_seed_285265_sample_2_pred_277.cif,awaiting_extract,"MassiveFold model pool index only. It parses organizer-provided external model tarball listings and stages balanced extraction/rerank candidates. These models remain external rerank and accuracy-estimation inputs, not internal predictions, not CASP submissions, and not competitive-proof evidence."
6,R2353,R2353,6699,./R2353_all_cifs/Model_6634_af3_woTemplates_af3_seed_218323_sample_0_pred_775.cif,Model_6634_af3_woTemplates_af3_seed_218323_sample_0_pred_775.cif,6634,AF3,af3_woTemplates,218323,0,775,woTemplates,,False,casp17/massivefold_external_pool_intake/r2353/extracted_models/R2353_all_cifs/Model_6634_af3_woTemplates_af3_seed_218323_sample_0_pred_775.cif,awaiting_extract,"MassiveFold model pool index only. It parses organizer-provided external model tarball listings and stages balanced extraction/rerank candidates. These models remain external rerank and accuracy-estimation inputs, not internal predictions, not CASP submissions, and not competitive-proof evidence."
6,R2353,R2353,6701,./R2353_all_cifs/Model_5827_af3_woTemplates_af3_seed_73743_sample_1_pred_901.cif,Model_5827_af3_woTemplates_af3_seed_73743_sample_1_pred_901.cif,5827,AF3,af3_woTemplates,73743,1,901,woTemplates,,False,casp17/massivefold_external_pool_intake/r2353/extracted_models/R2353_all_cifs/Model_5827_af3_woTemplates_af3_seed_73743_sample_1_pred_901.cif,awaiting_extract,"MassiveFold model pool index only. It parses organizer-provided external model tarball listings and stages balanced extraction/rerank candidates. These models remain external rerank and accuracy-estimation inputs, not internal predictions, not CASP submissions, and not competitive-proof evidence."
6,R2353,R2353,6708,./R2353_all_cifs/Model_4258_af3_woTemplates_af3_seed_359497_sample_2_pred_47.cif,Model_4258_af3_woTemplates_af3_seed_359497_sample_2_pred_47.cif,4258,AF3,af3_woTemplates,359497,2,47,woTemplates,,False,casp17/massivefold_external_pool_intake/r2353/extracted_models/R2353_all_cifs/Model_4258_af3_woTemplates_af3_seed_359497_sample_2_pred_47.cif,awaiting_extract,"MassiveFold model pool index only. It parses organizer-provided external model tarball listings and stages balanced extraction/rerank candidates. These models remain external rerank and accuracy-estimation inputs, not internal predictions, not CASP submissions, and not competitive-proof evidence."
6,R2353,R2353,6712,./R2353_all_cifs/Model_6192_af3_woTemplates_af3_seed_218319_sample_1_pred_756.cif,Model_6192_af3_woTemplates_af3_seed_218319_sample_1_pred_756.cif,6192,AF3,af3_woTemplates,218319,1,756,woTemplates,,False,casp17/massivefold_external_pool_intake/r2353/extracted_models/R2353_all_cifs/Model_6192_af3_woTemplates_af3_seed_218319_sample_1_pred_756.cif,awaiting_extract,"MassiveFold model pool index only. It parses organizer-provided external model tarball listings and stages balanced extraction/rerank candidates. These models remain external rerank and accuracy-estimation inputs, not internal predictions, not CASP submissions, and not competitive-proof evidence."
6,R2353,R2353,6713,./R2353_all_cifs/Model_3873_af3_woTemplates_af3_seed_5687_sample_4_pred_424.cif,Model_3873_af3_woTemplates_af3_seed_5687_sample_4_pred_424.cif,3873,AF3,af3_woTemplates,5687,4,424,woTemplates,,False,casp17/massivefold_external_pool_intake/r2353/extracted_models/R2353_all_cifs/Model_3873_af3_woTemplates_af3_seed_5687_sample_4_pred_424.cif,awaiting_extract,"MassiveFold model pool index only. It parses organizer-provided external model tarball listings and stages balanced extraction/rerank candidates. These models remain external rerank and accuracy-estimation inputs, not internal predictions, not CASP submissions, and not competitive-proof evidence."
6,R2353,R2353,6715,./R2353_all_cifs/Model_2796_af3_woTemplates_af3_seed_218338_sample_0_pred_850.cif,Model_2796_af3_woTemplates_af3_seed_218338_sample_0_pred_850.cif,2796,AF3,af3_woTemplates,218338,0,850,woTemplates,,False,casp17/massivefold_external_pool_intake/r2353/extracted_models/R2353_all_cifs/Model_2796_af3_woTemplates_af3_seed_218338_sample_0_pred_850.cif,awaiting_extract,"MassiveFold model pool index only. It parses organizer-provided external model tarball listings and stages balanced extraction/rerank candidates. These models remain external rerank and accuracy-estimation inputs, not internal predictions, not CASP submissions, and not competitive-proof evidence."
6,R2353,R2353,6723,./R2353_all_cifs/Model_5969_af3_woTemplates_af3_seed_285260_sample_2_pred_252.cif,Model_5969_af3_woTemplates_af3_seed_285260_sample_2_pred_252.cif,5969,AF3,af3_woTemplates,285260,2,252,woTemplates,,False,casp17/massivefold_external_pool_intake/r2353/extracted_models/R2353_all_cifs/Model_5969_af3_woTemplates_af3_seed_285260_sample_2_pred_252.cif,awaiting_extract,"MassiveFold model pool index only. It parses organizer-provided external model tarball listings and stages balanced extraction/rerank candidates. These models remain external rerank and accuracy-estimation inputs, not internal predictions, not CASP submissions, and not competitive-proof evidence."
6,R2353,R2353,6725,./R2353_all_cifs/Model_4901_af3_woTemplates_af3_seed_372158_sample_1_pred_596.cif,Model_4901_af3_woTemplates_af3_seed_372158_sample_1_pred_596.cif,4901,AF3,af3_woTemplates,372158,1,596,woTemplates,,False,casp17/massivefold_external_pool_intake/r2353/extracted_models/R2353_all_cifs/Model_4901_af3_woTemplates_af3_seed_372158_sample_1_pred_596.cif,awaiting_extract,"MassiveFold model pool index only. It parses organizer-provided external model tarball listings and stages balanced extraction/rerank candidates. These models remain external rerank and accuracy-estimation inputs, not internal predictions, not CASP submissions, and not competitive-proof evidence."
6,R2353,R2353,6727,./R2353_all_cifs/Model_5041_af3_woTemplates_af3_seed_905001_sample_3_pred_243.cif,Model_5041_af3_woTemplates_af3_seed_905001_sample_3_pred_243.cif,5041,AF3,af3_woTemplates,905001,3,243,woTemplates,,False,casp17/massivefold_external_pool_intake/r2353/extracted_models/R2353_all_cifs/Model_5041_af3_woTemplates_af3_seed_905001_sample_3_pred_243.cif,awaiting_extract,"MassiveFold model pool index only. It parses organizer-provided external model tarball listings and stages balanced extraction/rerank candidates. These models remain external rerank and accuracy-estimation inputs, not internal predictions, not CASP submissions, and not competitive-proof evidence."
6,R2353,R2353,6738,./R2353_all_cifs/Model_7284_af3_woTemplates_af3_seed_904989_sample_2_pred_182.cif,Model_7284_af3_woTemplates_af3_seed_904989_sample_2_pred_182.cif,7284,AF3,af3_woTemplates,904989,2,182,woTemplates,,False,casp17/massivefold_external_pool_intake/r2353/extracted_models/R2353_all_cifs/Model_7284_af3_woTemplates_af3_seed_904989_sample_2_pred_182.cif,awaiting_extract,"MassiveFold model pool index only. It parses organizer-provided external model tarball listings and stages balanced extraction/rerank candidates. These models remain external rerank and accuracy-estimation inputs, not internal predictions, not CASP submissions, and not competitive-proof evidence."
6,R2353,R2353,6753,./R2353_all_cifs/Model_5375_af3_woTemplates_af3_seed_285284_sample_3_pred_373.cif,Model_5375_af3_woTemplates_af3_seed_285284_sample_3_pred_373.cif,5375,AF3,af3_woTemplates,285284,3,373,woTemplates,,False,casp17/massivefold_external_pool_intake/r2353/extracted_models/R2353_all_cifs/Model_5375_af3_woTemplates_af3_seed_285284_sample_3_pred_373.cif,awaiting_extract,"MassiveFold model pool index only. It parses organizer-provided external model tarball listings and stages balanced extraction/rerank candidates. These models remain external rerank and accuracy-estimation inputs, not internal predictions, not CASP submissions, and not competitive-proof evidence."
6,R2353,R2353,6758,./R2353_all_cifs/Model_6778_af3_woTemplates_af3_seed_372159_sample_3_pred_603.cif,Model_6778_af3_woTemplates_af3_seed_372159_sample_3_pred_603.cif,6778,AF3,af3_woTemplates,372159,3,603,woTemplates,,False,casp17/massivefold_external_pool_intake/r2353/extracted_models/R2353_all_cifs/Model_6778_af3_woTemplates_af3_seed_372159_sample_3_pred_603.cif,awaiting_extract,"MassiveFold model pool index only. It parses organizer-provided external model tarball listings and stages balanced extraction/rerank candidates. These models remain external rerank and accuracy-estimation inputs, not internal predictions, not CASP submissions, and not competitive-proof evidence."
6,R2353,R2353,6773,./R2353_all_cifs/Model_1494_af3_woTemplates_af3_seed_5695_sample_1_pred_461.cif,Model_1494_af3_woTemplates_af3_seed_5695_sample_1_pred_461.cif,1494,AF3,af3_woTemplates,5695,1,461,woTemplates,,False,casp17/massivefold_external_pool_intake/r2353/extracted_models/R2353_all_cifs/Model_1494_af3_woTemplates_af3_seed_5695_sample_1_pred_461.cif,awaiting_extract,"MassiveFold model pool index only. It parses organizer-provided external model tarball listings and stages balanced extraction/rerank candidates. These models remain external rerank and accuracy-estimation inputs, not internal predictions, not CASP submissions, and not competitive-proof evidence."
6,R2353,R2353,6776,./R2353_all_cifs/Model_6103_af3_woTemplates_af3_seed_5686_sample_4_pred_419.cif,Model_6103_af3_woTemplates_af3_seed_5686_sample_4_pred_419.cif,6103,AF3,af3_woTemplates,5686,4,419,woTemplates,,False,casp17/massivefold_external_pool_intake/r2353/extracted_models/R2353_all_cifs/Model_6103_af3_woTemplates_af3_seed_5686_sample_4_pred_419.cif,awaiting_extract,"MassiveFold model pool index only. It parses organizer-provided external model tarball listings and stages balanced extraction/rerank candidates. These models remain external rerank and accuracy-estimation inputs, not internal predictions, not CASP submissions, and not competitive-proof evidence."
6,R2353,R2353,6792,./R2353_all_cifs/Model_6442_af3_woTemplates_af3_seed_372143_sample_3_pred_523.cif,Model_6442_af3_woTemplates_af3_seed_372143_sample_3_pred_523.cif,6442,AF3,af3_woTemplates,372143,3,523,woTemplates,,False,casp17/massivefold_external_pool_intake/r2353/extracted_models/R2353_all_cifs/Model_6442_af3_woTemplates_af3_seed_372143_sample_3_pred_523.cif,awaiting_extract,"MassiveFold model pool index only. It parses organizer-provided external model tarball listings and stages balanced extraction/rerank candidates. These models remain external rerank and accuracy-estimation inputs, not internal predictions, not CASP submissions, and not competitive-proof evidence."
6,R2353,R2353,6796,./R2353_all_cifs/Model_7990_af3_woTemplates_af3_seed_372150_sample_1_pred_556.cif,Model_7990_af3_woTemplates_af3_seed_372150_sample_1_pred_556.cif,7990,AF3,af3_woTemplates,372150,1,556,woTemplates,,False,casp17/massivefold_external_pool_intake/r2353/extracted_models/R2353_all_cifs/Model_7990_af3_woTemplates_af3_seed_372150_sample_1_pred_556.cif,awaiting_extract,"MassiveFold model pool index only. It parses organizer-provided external model tarball listings and stages balanced extraction/rerank candidates. These models remain external rerank and accuracy-estimation inputs, not internal predictions, not CASP submissions, and not competitive-proof evidence."
6,R2353,R2353,6804,./R2353_all_cifs/Model_7746_af3_woTemplates_af3_seed_218322_sample_0_pred_770.cif,Model_7746_af3_woTemplates_af3_seed_218322_sample_0_pred_770.cif,7746,AF3,af3_woTemplates,218322,0,770,woTemplates,,False,casp17/massivefold_external_pool_intake/r2353/extracted_models/R2353_all_cifs/Model_7746_af3_woTemplates_af3_seed_218322_sample_0_pred_770.cif,awaiting_extract,"MassiveFold model pool index only. It parses organizer-provided external model tarball listings and stages balanced extraction/rerank candidates. These models remain external rerank and accuracy-estimation inputs, not internal predictions, not CASP submissions, and not competitive-proof evidence."
6,R2353,R2353,6807,./R2353_all_cifs/Model_5875_af3_woTemplates_af3_seed_372140_sample_3_pred_508.cif,Model_5875_af3_woTemplates_af3_seed_372140_sample_3_pred_508.cif,5875,AF3,af3_woTemplates,372140,3,508,woTemplates,,False,casp17/massivefold_external_pool_intake/r2353/extracted_models/R2353_all_cifs/Model_5875_af3_woTemplates_af3_seed_372140_sample_3_pred_508.cif,awaiting_extract,"MassiveFold model pool index only. It parses organizer-provided external model tarball listings and stages balanced extraction/rerank candidates. These models remain external rerank and accuracy-estimation inputs, not internal predictions, not CASP submissions, and not competitive-proof evidence."
6,R2353,R2353,6810,./R2353_all_cifs/Model_337_af3_woTemplates_af3_seed_372157_sample_4_pred_594.cif,Model_337_af3_woTemplates_af3_seed_372157_sample_4_pred_594.cif,337,AF3,af3_woTemplates,372157,4,594,woTemplates,,False,casp17/massivefold_external_pool_intake/r2353/extracted_models/R2353_all_cifs/Model_337_af3_woTemplates_af3_seed_372157_sample_4_pred_594.cif,awaiting_extract,"MassiveFold model pool index only. It parses organizer-provided external model tarball listings and stages balanced extraction/rerank candidates. These models remain external rerank and accuracy-estimation inputs, not internal predictions, not CASP submissions, and not competitive-proof evidence."
6,R2353,R2353,6823,./R2353_all_cifs/Model_2351_af3_woTemplates_af3_seed_218334_sample_0_pred_830.cif,Model_2351_af3_woTemplates_af3_seed_218334_sample_0_pred_830.cif,2351,AF3,af3_woTemplates,218334,0,830,woTemplates,,False,casp17/massivefold_external_pool_intake/r2353/extracted_models/R2353_all_cifs/Model_2351_af3_woTemplates_af3_seed_218334_sample_0_pred_830.cif,awaiting_extract,"MassiveFold model pool index only. It parses organizer-provided external model tarball listings and stages balanced extraction/rerank candidates. These models remain external rerank and accuracy-estimation inputs, not internal predictions, not CASP submissions, and not competitive-proof evidence."
6,R2353,R2353,6830,./R2353_all_cifs/Model_5025_af3_woTemplates_af3_seed_285279_sample_0_pred_345.cif,Model_5025_af3_woTemplates_af3_seed_285279_sample_0_pred_345.cif,5025,AF3,af3_woTemplates,285279,0,345,woTemplates,,False,casp17/massivefold_external_pool_intake/r2353/extracted_models/R2353_all_cifs/Model_5025_af3_woTemplates_af3_seed_285279_sample_0_pred_345.cif,awaiting_extract,"MassiveFold model pool index only. It parses organizer-provided external model tarball listings and stages balanced extraction/rerank candidates. These models remain external rerank and accuracy-estimation inputs, not internal predictions, not CASP submissions, and not competitive-proof evidence."
6,R2353,R2353,6834,./R2353_all_cifs/Model_2258_af3_woTemplates_af3_seed_359500_sample_3_pred_63.cif,Model_2258_af3_woTemplates_af3_seed_359500_sample_3_pred_63.cif,2258,AF3,af3_woTemplates,359500,3,63,woTemplates,,False,casp17/massivefold_external_pool_intake/r2353/extracted_models/R2353_all_cifs/Model_2258_af3_woTemplates_af3_seed_359500_sample_3_pred_63.cif,awaiting_extract,"MassiveFold model pool index only. It parses organizer-provided external model tarball listings and stages balanced extraction/rerank candidates. These models remain external rerank and accuracy-estimation inputs, not internal predictions, not CASP submissions, and not competitive-proof evidence."
6,R2353,R2353,6835,./R2353_all_cifs/Model_228_af3_woTemplates_af3_seed_359491_sample_2_pred_17.cif,Model_228_af3_woTemplates_af3_seed_359491_sample_2_pred_17.cif,228,AF3,af3_woTemplates,359491,2,17,woTemplates,,False,casp17/massivefold_external_pool_intake/r2353/extracted_models/R2353_all_cifs/Model_228_af3_woTemplates_af3_seed_359491_sample_2_pred_17.cif,awaiting_extract,"MassiveFold model pool index only. It parses organizer-provided external model tarball listings and stages balanced extraction/rerank candidates. These models remain external rerank and accuracy-estimation inputs, not internal predictions, not CASP submissions, and not competitive-proof evidence."
6,R2353,R2353,6841,./R2353_all_cifs/Model_2320_af3_woTemplates_af3_seed_73746_sample_0_pred_915.cif,Model_2320_af3_woTemplates_af3_seed_73746_sample_0_pred_915.cif,2320,AF3,af3_woTemplates,73746,0,915,woTemplates,,False,casp17/massivefold_external_pool_intake/r2353/extracted_models/R2353_all_cifs/Model_2320_af3_woTemplates_af3_seed_73746_sample_0_pred_915.cif,awaiting_extract,"MassiveFold model pool index only. It parses organizer-provided external model tarball listings and stages balanced extraction/rerank candidates. These models remain external rerank and accuracy-estimation inputs, not internal predictions, not CASP submissions, and not competitive-proof evidence."
6,R2353,R2353,6846,./R2353_all_cifs/Model_7897_af3_woTemplates_af3_seed_359492_sample_1_pred_21.cif,Model_7897_af3_woTemplates_af3_seed_359492_sample_1_pred_21.cif,7897,AF3,af3_woTemplates,359492,1,21,woTemplates,,False,casp17/massivefold_external_pool_intake/r2353/extracted_models/R2353_all_cifs/Model_7897_af3_woTemplates_af3_seed_359492_sample_1_pred_21.cif,awaiting_extract,"MassiveFold model pool index only. It parses organizer-provided external model tarball listings and stages balanced extraction/rerank candidates. These models remain external rerank and accuracy-estimation inputs, not internal predictions, not CASP submissions, and not competitive-proof evidence."
6,R2353,R2353,6853,./R2353_all_cifs/Model_7657_af3_woTemplates_af3_seed_5692_sample_0_pred_445.cif,Model_7657_af3_woTemplates_af3_seed_5692_sample_0_pred_445.cif,7657,AF3,af3_woTemplates,5692,0,445,woTemplates,,False,casp17/massivefold_external_pool_intake/r2353/extracted_models/R2353_all_cifs/Model_7657_af3_woTemplates_af3_seed_5692_sample_0_pred_445.cif,awaiting_extract,"MassiveFold model pool index only. It parses organizer-provided external model tarball listings and stages balanced extraction/rerank candidates. These models remain external rerank and accuracy-estimation inputs, not internal predictions, not CASP submissions, and not competitive-proof evidence."
6,R2353,R2353,6855,./R2353_all_cifs/Model_2319_af3_woTemplates_af3_seed_285278_sample_0_pred_340.cif,Model_2319_af3_woTemplates_af3_seed_285278_sample_0_pred_340.cif,2319,AF3,af3_woTemplates,285278,0,340,woTemplates,,False,casp17/massivefold_external_pool_intake/r2353/extracted_models/R2353_all_cifs/Model_2319_af3_woTemplates_af3_seed_285278_sample_0_pred_340.cif,awaiting_extract,"MassiveFold model pool index only. It parses organizer-provided external model tarball listings and stages balanced extraction/rerank candidates. These models remain external rerank and accuracy-estimation inputs, not internal predictions, not CASP submissions, and not competitive-proof evidence."
6,R2353,R2353,6860,./R2353_all_cifs/Model_1794_af3_woTemplates_af3_seed_285272_sample_1_pred_311.cif,Model_1794_af3_woTemplates_af3_seed_285272_sample_1_pred_311.cif,1794,AF3,af3_woTemplates,285272,1,311,woTemplates,,False,casp17/massivefold_external_pool_intake/r2353/extracted_models/R2353_all_cifs/Model_1794_af3_woTemplates_af3_seed_285272_sample_1_pred_311.cif,awaiting_extract,"MassiveFold model pool index only. It parses organizer-provided external model tarball listings and stages balanced extraction/rerank candidates. These models remain external rerank and accuracy-estimation inputs, not internal predictions, not CASP submissions, and not competitive-proof evidence."
6,R2353,R2353,6871,./R2353_all_cifs/Model_4486_af3_woTemplates_af3_seed_905002_sample_1_pred_246.cif,Model_4486_af3_woTemplates_af3_seed_905002_sample_1_pred_246.cif,4486,AF3,af3_woTemplates,905002,1,246,woTemplates,,False,casp17/massivefold_external_pool_intake/r2353/extracted_models/R2353_all_cifs/Model_4486_af3_woTemplates_af3_seed_905002_sample_1_pred_246.cif,awaiting_extract,"MassiveFold model pool index only. It parses organizer-provided external model tarball listings and stages balanced extraction/rerank candidates. These models remain external rerank and accuracy-estimation inputs, not internal predictions, not CASP submissions, and not competitive-proof evidence."
6,R2353,R2353,6873,./R2353_all_cifs/Model_5848_af3_woTemplates_af3_seed_141661_sample_4_pred_659.cif,Model_5848_af3_woTemplates_af3_seed_141661_sample_4_pred_659.cif,5848,AF3,af3_woTemplates,141661,4,659,woTemplates,,False,casp17/massivefold_external_pool_intake/r2353/extracted_models/R2353_all_cifs/Model_5848_af3_woTemplates_af3_seed_141661_sample_4_pred_659.cif,awaiting_extract,"MassiveFold model pool index only. It parses organizer-provided external model tarball listings and stages balanced extraction/rerank candidates. These models remain external rerank and accuracy-estimation inputs, not internal predictions, not CASP submissions, and not competitive-proof evidence."
6,R2353,R2353,6875,./R2353_all_cifs/Model_5121_af3_woTemplates_af3_seed_359491_sample_0_pred_15.cif,Model_5121_af3_woTemplates_af3_seed_359491_sample_0_pred_15.cif,5121,AF3,af3_woTemplates,359491,0,15,woTemplates,,False,casp17/massivefold_external_pool_intake/r2353/extracted_models/R2353_all_cifs/Model_5121_af3_woTemplates_af3_seed_359491_sample_0_pred_15.cif,awaiting_extract,"MassiveFold model pool index only. It parses organizer-provided external model tarball listings and stages balanced extraction/rerank candidates. These models remain external rerank and accuracy-estimation inputs, not internal predictions, not CASP submissions, and not competitive-proof evidence."
6,R2353,R2353,6879,./R2353_all_cifs/Model_4707_af3_woTemplates_af3_seed_372156_sample_2_pred_587.cif,Model_4707_af3_woTemplates_af3_seed_372156_sample_2_pred_587.cif,4707,AF3,af3_woTemplates,372156,2,587,woTemplates,,False,casp17/massivefold_external_pool_intake/r2353/extracted_models/R2353_all_cifs/Model_4707_af3_woTemplates_af3_seed_372156_sample_2_pred_587.cif,awaiting_extract,"MassiveFold model pool index only. It parses organizer-provided external model tarball listings and stages balanced extraction/rerank candidates. These models remain external rerank and accuracy-estimation inputs, not internal predictions, not CASP submissions, and not competitive-proof evidence."
6,R2353,R2353,6887,./R2353_all_cifs/Model_4669_af3_woTemplates_af3_seed_372155_sample_2_pred_582.cif,Model_4669_af3_woTemplates_af3_seed_372155_sample_2_pred_582.cif,4669,AF3,af3_woTemplates,372155,2,582,woTemplates,,False,casp17/massivefold_external_pool_intake/r2353/extracted_models/R2353_all_cifs/Model_4669_af3_woTemplates_af3_seed_372155_sample_2_pred_582.cif,awaiting_extract,"MassiveFold model pool index only. It parses organizer-provided external model tarball listings and stages balanced extraction/rerank candidates. These models remain external rerank and accuracy-estimation inputs, not internal predictions, not CASP submissions, and not competitive-proof evidence."
6,R2353,R2353,6889,./R2353_all_cifs/Model_838_af3_woTemplates_af3_seed_141667_sample_4_pred_689.cif,Model_838_af3_woTemplates_af3_seed_141667_sample_4_pred_689.cif,838,AF3,af3_woTemplates,141667,4,689,woTemplates,,False,casp17/massivefold_external_pool_intake/r2353/extracted_models/R2353_all_cifs/Model_838_af3_woTemplates_af3_seed_141667_sample_4_pred_689.cif,awaiting_extract,"MassiveFold model pool index only. It parses organizer-provided external model tarball listings and stages balanced extraction/rerank candidates. These models remain external rerank and accuracy-estimation inputs, not internal predictions, not CASP submissions, and not competitive-proof evidence."
6,R2353,R2353,6911,./R2353_all_cifs/Model_4028_af3_woTemplates_af3_seed_73751_sample_3_pred_943.cif,Model_4028_af3_woTemplates_af3_seed_73751_sample_3_pred_943.cif,4028,AF3,af3_woTemplates,73751,3,943,woTemplates,,False,casp17/massivefold_external_pool_intake/r2353/extracted_models/R2353_all_cifs/Model_4028_af3_woTemplates_af3_seed_73751_sample_3_pred_943.cif,awaiting_extract,"MassiveFold model pool index only. It parses organizer-provided external model tarball listings and stages balanced extraction/rerank candidates. These models remain external rerank and accuracy-estimation inputs, not internal predictions, not CASP submissions, and not competitive-proof evidence."
6,R2353,R2353,6912,./R2353_all_cifs/Model_6531_af3_woTemplates_af3_seed_5678_sample_1_pred_376.cif,Model_6531_af3_woTemplates_af3_seed_5678_sample_1_pred_376.cif,6531,AF3,af3_woTemplates,5678,1,376,woTemplates,,False,casp17/massivefold_external_pool_intake/r2353/extracted_models/R2353_all_cifs/Model_6531_af3_woTemplates_af3_seed_5678_sample_1_pred_376.cif,awaiting_extract,"MassiveFold model pool index only. It parses organizer-provided external model tarball listings and stages balanced extraction/rerank candidates. These models remain external rerank and accuracy-estimation inputs, not internal predictions, not CASP submissions, and not competitive-proof evidence."
6,R2353,R2353,6927,./R2353_all_cifs/Model_1220_af3_woTemplates_af3_seed_359495_sample_0_pred_35.cif,Model_1220_af3_woTemplates_af3_seed_359495_sample_0_pred_35.cif,1220,AF3,af3_woTemplates,359495,0,35,woTemplates,,False,casp17/massivefold_external_pool_intake/r2353/extracted_models/R2353_all_cifs/Model_1220_af3_woTemplates_af3_seed_359495_sample_0_pred_35.cif,awaiting_extract,"MassiveFold model pool index only. It parses organizer-provided external model tarball listings and stages balanced extraction/rerank candidates. These models remain external rerank and accuracy-estimation inputs, not internal predictions, not CASP submissions, and not competitive-proof evidence."
6,R2353,R2353,6929,./R2353_all_cifs/Model_493_af3_woTemplates_af3_seed_372142_sample_0_pred_515.cif,Model_493_af3_woTemplates_af3_seed_372142_sample_0_pred_515.cif,493,AF3,af3_woTemplates,372142,0,515,woTemplates,,False,casp17/massivefold_external_pool_intake/r2353/extracted_models/R2353_all_cifs/Model_493_af3_woTemplates_af3_seed_372142_sample_0_pred_515.cif,awaiting_extract,"MassiveFold model pool index only. It parses organizer-provided external model tarball listings and stages balanced extraction/rerank candidates. These models remain external rerank and accuracy-estimation inputs, not internal predictions, not CASP submissions, and not competitive-proof evidence."
6,R2353,R2353,6942,./R2353_all_cifs/Model_1620_af3_woTemplates_af3_seed_218341_sample_0_pred_865.cif,Model_1620_af3_woTemplates_af3_seed_218341_sample_0_pred_865.cif,1620,AF3,af3_woTemplates,218341,0,865,woTemplates,,False,casp17/massivefold_external_pool_intake/r2353/extracted_models/R2353_all_cifs/Model_1620_af3_woTemplates_af3_seed_218341_sample_0_pred_865.cif,awaiting_extract,"MassiveFold model pool index only. It parses organizer-provided external model tarball listings and stages balanced extraction/rerank candidates. These models remain external rerank and accuracy-estimation inputs, not internal predictions, not CASP submissions, and not competitive-proof evidence."
6,R2353,R2353,6943,./R2353_all_cifs/Model_7345_af3_woTemplates_af3_seed_359506_sample_1_pred_91.cif,Model_7345_af3_woTemplates_af3_seed_359506_sample_1_pred_91.cif,7345,AF3,af3_woTemplates,359506,1,91,woTemplates,,False,casp17/massivefold_external_pool_intake/r2353/extracted_models/R2353_all_cifs/Model_7345_af3_woTemplates_af3_seed_359506_sample_1_pred_91.cif,awaiting_extract,"MassiveFold model pool index only. It parses organizer-provided external model tarball listings and stages balanced extraction/rerank candidates. These models remain external rerank and accuracy-estimation inputs, not internal predictions, not CASP submissions, and not competitive-proof evidence."
6,R2353,R2353,6950,./R2353_all_cifs/Model_63_af3_woTemplates_af3_seed_285267_sample_1_pred_286.cif,Model_63_af3_woTemplates_af3_seed_285267_sample_1_pred_286.cif,63,AF3,af3_woTemplates,285267,1,286,woTemplates,,False,casp17/massivefold_external_pool_intake/r2353/extracted_models/R2353_all_cifs/Model_63_af3_woTemplates_af3_seed_285267_sample_1_pred_286.cif,awaiting_extract,"MassiveFold model pool index only. It parses organizer-provided external model tarball listings and stages balanced extraction/rerank candidates. These models remain external rerank and accuracy-estimation inputs, not internal predictions, not CASP submissions, and not competitive-proof evidence."
6,R2353,R2353,6951,./R2353_all_cifs/Model_3245_af3_woTemplates_af3_seed_285265_sample_1_pred_276.cif,Model_3245_af3_woTemplates_af3_seed_285265_sample_1_pred_276.cif,3245,AF3,af3_woTemplates,285265,1,276,woTemplates,,False,casp17/massivefold_external_pool_intake/r2353/extracted_models/R2353_all_cifs/Model_3245_af3_woTemplates_af3_seed_285265_sample_1_pred_276.cif,awaiting_extract,"MassiveFold model pool index only. It parses organizer-provided external model tarball listings and stages balanced extraction/rerank candidates. These models remain external rerank and accuracy-estimation inputs, not internal predictions, not CASP submissions, and not competitive-proof evidence."
6,R2353,R2353,6964,./R2353_all_cifs/Model_1443_af3_woTemplates_af3_seed_218338_sample_3_pred_853.cif,Model_1443_af3_woTemplates_af3_seed_218338_sample_3_pred_853.cif,1443,AF3,af3_woTemplates,218338,3,853,woTemplates,,False,casp17/massivefold_external_pool_intake/r2353/extracted_models/R2353_all_cifs/Model_1443_af3_woTemplates_af3_seed_218338_sample_3_pred_853.cif,awaiting_extract,"MassiveFold model pool index only. It parses organizer-provided external model tarball listings and stages balanced extraction/rerank candidates. These models remain external rerank and accuracy-estimation inputs, not internal predictions, not CASP submissions, and not competitive-proof evidence."
6,R2353,R2353,6980,./R2353_all_cifs/Model_2348_af3_woTemplates_af3_seed_5697_sample_3_pred_473.cif,Model_2348_af3_woTemplates_af3_seed_5697_sample_3_pred_473.cif,2348,AF3,af3_woTemplates,5697,3,473,woTemplates,,False,casp17/massivefold_external_pool_intake/r2353/extracted_models/R2353_all_cifs/Model_2348_af3_woTemplates_af3_seed_5697_sample_3_pred_473.cif,awaiting_extract,"MassiveFold model pool index only. It parses organizer-provided external model tarball listings and stages balanced extraction/rerank candidates. These models remain external rerank and accuracy-estimation inputs, not internal predictions, not CASP submissions, and not competitive-proof evidence."
6,R2353,R2353,6987,./R2353_all_cifs/Model_6804_af3_woTemplates_af3_seed_5692_sample_2_pred_447.cif,Model_6804_af3_woTemplates_af3_seed_5692_sample_2_pred_447.cif,6804,AF3,af3_woTemplates,5692,2,447,woTemplates,,False,casp17/massivefold_external_pool_intake/r2353/extracted_models/R2353_all_cifs/Model_6804_af3_woTemplates_af3_seed_5692_sample_2_pred_447.cif,awaiting_extract,"MassiveFold model pool index only. It parses organizer-provided external model tarball listings and stages balanced extraction/rerank candidates. These models remain external rerank and accuracy-estimation inputs, not internal predictions, not CASP submissions, and not competitive-proof evidence."
6,R2353,R2353,6988,./R2353_all_cifs/Model_5001_af3_woTemplates_af3_seed_5702_sample_3_pred_498.cif,Model_5001_af3_woTemplates_af3_seed_5702_sample_3_pred_498.cif,5001,AF3,af3_woTemplates,5702,3,498,woTemplates,,False,casp17/massivefold_external_pool_intake/r2353/extracted_models/R2353_all_cifs/Model_5001_af3_woTemplates_af3_seed_5702_sample_3_pred_498.cif,awaiting_extract,"MassiveFold model pool index only. It parses organizer-provided external model tarball listings and stages balanced extraction/rerank candidates. These models remain external rerank and accuracy-estimation inputs, not internal predictions, not CASP submissions, and not competitive-proof evidence."
6,R2353,R2353,6993,./R2353_all_cifs/Model_3585_af3_woTemplates_af3_seed_218330_sample_4_pred_814.cif,Model_3585_af3_woTemplates_af3_seed_218330_sample_4_pred_814.cif,3585,AF3,af3_woTemplates,218330,4,814,woTemplates,,False,casp17/massivefold_external_pool_intake/r2353/extracted_models/R2353_all_cifs/Model_3585_af3_woTemplates_af3_seed_218330_sample_4_pred_814.cif,awaiting_extract,"MassiveFold model pool index only. It parses organizer-provided external model tarball listings and stages balanced extraction/rerank candidates. These models remain external rerank and accuracy-estimation inputs, not internal predictions, not CASP submissions, and not competitive-proof evidence."
6,R2353,R2353,6995,./R2353_all_cifs/Model_3331_af3_woTemplates_af3_seed_359504_sample_3_pred_83.cif,Model_3331_af3_woTemplates_af3_seed_359504_sample_3_pred_83.cif,3331,AF3,af3_woTemplates,359504,3,83,woTemplates,,False,casp17/massivefold_external_pool_intake/r2353/extracted_models/R2353_all_cifs/Model_3331_af3_woTemplates_af3_seed_359504_sample_3_pred_83.cif,awaiting_extract,"MassiveFold model pool index only. It parses organizer-provided external model tarball listings and stages balanced extraction/rerank candidates. These models remain external rerank and accuracy-estimation inputs, not internal predictions, not CASP submissions, and not competitive-proof evidence."
6,R2353,R2353,6998,./R2353_all_cifs/Model_7693_af3_woTemplates_af3_seed_372156_sample_0_pred_585.cif,Model_7693_af3_woTemplates_af3_seed_372156_sample_0_pred_585.cif,7693,AF3,af3_woTemplates,372156,0,585,woTemplates,,False,casp17/massivefold_external_pool_intake/r2353/extracted_models/R2353_all_cifs/Model_7693_af3_woTemplates_af3_seed_372156_sample_0_pred_585.cif,awaiting_extract,"MassiveFold model pool index only. It parses organizer-provided external model tarball listings and stages balanced extraction/rerank candidates. These models remain external rerank and accuracy-estimation inputs, not internal predictions, not CASP submissions, and not competitive-proof evidence."
6,R2353,R2353,6999,./R2353_all_cifs/Model_2119_af3_woTemplates_af3_seed_73749_sample_1_pred_931.cif,Model_2119_af3_woTemplates_af3_seed_73749_sample_1_pred_931.cif,2119,AF3,af3_woTemplates,73749,1,931,woTemplates,,False,casp17/massivefold_external_pool_intake/r2353/extracted_models/R2353_all_cifs/Model_2119_af3_woTemplates_af3_seed_73749_sample_1_pred_931.cif,awaiting_extract,"MassiveFold model pool index only. It parses organizer-provided external model tarball listings and stages balanced extraction/rerank candidates. These models remain external rerank and accuracy-estimation inputs, not internal predictions, not CASP submissions, and not competitive-proof evidence."
6,R2353,R2353,7002,./R2353_all_cifs/Model_2932_af3_woTemplates_af3_seed_285264_sample_0_pred_270.cif,Model_2932_af3_woTemplates_af3_seed_285264_sample_0_pred_270.cif,2932,AF3,af3_woTemplates,285264,0,270,woTemplates,,False,casp17/massivefold_external_pool_intake/r2353/extracted_models/R2353_all_cifs/Model_2932_af3_woTemplates_af3_seed_285264_sample_0_pred_270.cif,awaiting_extract,"MassiveFold model pool index only. It parses organizer-provided external model tarball listings and stages balanced extraction/rerank candidates. These models remain external rerank and accuracy-estimation inputs, not internal predictions, not CASP submissions, and not competitive-proof evidence."
6,R2353,R2353,7009,./R2353_all_cifs/Model_7214_af3_woTemplates_af3_seed_141658_sample_4_pred_644.cif,Model_7214_af3_woTemplates_af3_seed_141658_sample_4_pred_644.cif,7214,AF3,af3_woTemplates,141658,4,644,woTemplates,,False,casp17/massivefold_external_pool_intake/r2353/extracted_models/R2353_all_cifs/Model_7214_af3_woTemplates_af3_seed_141658_sample_4_pred_644.cif,awaiting_extract,"MassiveFold model pool index only. It parses organizer-provided external model tarball listings and stages balanced extraction/rerank candidates. These models remain external rerank and accuracy-estimation inputs, not internal predictions, not CASP submissions, and not competitive-proof evidence."
6,R2353,R2353,7013,./R2353_all_cifs/Model_75_af3_woTemplates_af3_seed_73748_sample_0_pred_925.cif,Model_75_af3_woTemplates_af3_seed_73748_sample_0_pred_925.cif,75,AF3,af3_woTemplates,73748,0,925,woTemplates,,False,casp17/massivefold_external_pool_intake/r2353/extracted_models/R2353_all_cifs/Model_75_af3_woTemplates_af3_seed_73748_sample_0_pred_925.cif,awaiting_extract,"MassiveFold model pool index only. It parses organizer-provided external model tarball listings and stages balanced extraction/rerank candidates. These models remain external rerank and accuracy-estimation inputs, not internal predictions, not CASP submissions, and not competitive-proof evidence."
6,R2353,R2353,7034,./R2353_all_cifs/Model_3703_af3_woTemplates_af3_seed_141677_sample_2_pred_737.cif,Model_3703_af3_woTemplates_af3_seed_141677_sample_2_pred_737.cif,3703,AF3,af3_woTemplates,141677,2,737,woTemplates,,False,casp17/massivefold_external_pool_intake/r2353/extracted_models/R2353_all_cifs/Model_3703_af3_woTemplates_af3_seed_141677_sample_2_pred_737.cif,awaiting_extract,"MassiveFold model pool index only. It parses organizer-provided external model tarball listings and stages balanced extraction/rerank candidates. These models remain external rerank and accuracy-estimation inputs, not internal predictions, not CASP submissions, and not competitive-proof evidence."
6,R2353,R2353,7056,./R2353_all_cifs/Model_3282_af3_woTemplates_af3_seed_285278_sample_3_pred_343.cif,Model_3282_af3_woTemplates_af3_seed_285278_sample_3_pred_343.cif,3282,AF3,af3_woTemplates,285278,3,343,woTemplates,,False,casp17/massivefold_external_pool_intake/r2353/extracted_models/R2353_all_cifs/Model_3282_af3_woTemplates_af3_seed_285278_sample_3_pred_343.cif,awaiting_extract,"MassiveFold model pool index only. It parses organizer-provided external model tarball listings and stages balanced extraction/rerank candidates. These models remain external rerank and accuracy-estimation inputs, not internal predictions, not CASP submissions, and not competitive-proof evidence."
6,R2353,R2353,7058,./R2353_all_cifs/Model_1774_af3_woTemplates_af3_seed_359503_sample_0_pred_75.cif,Model_1774_af3_woTemplates_af3_seed_359503_sample_0_pred_75.cif,1774,AF3,af3_woTemplates,359503,0,75,woTemplates,,False,casp17/massivefold_external_pool_intake/r2353/extracted_models/R2353_all_cifs/Model_1774_af3_woTemplates_af3_seed_359503_sample_0_pred_75.cif,awaiting_extract,"MassiveFold model pool index only. It parses organizer-provided external model tarball listings and stages balanced extraction/rerank candidates. These models remain external rerank and accuracy-estimation inputs, not internal predictions, not CASP submissions, and not competitive-proof evidence."
6,R2353,R2353,7066,./R2353_all_cifs/Model_6420_af3_woTemplates_af3_seed_218341_sample_1_pred_866.cif,Model_6420_af3_woTemplates_af3_seed_218341_sample_1_pred_866.cif,6420,AF3,af3_woTemplates,218341,1,866,woTemplates,,False,casp17/massivefold_external_pool_intake/r2353/extracted_models/R2353_all_cifs/Model_6420_af3_woTemplates_af3_seed_218341_sample_1_pred_866.cif,awaiting_extract,"MassiveFold model pool index only. It parses organizer-provided external model tarball listings and stages balanced extraction/rerank candidates. These models remain external rerank and accuracy-estimation inputs, not internal predictions, not CASP submissions, and not competitive-proof evidence."
6,R2353,R2353,7070,./R2353_all_cifs/Model_7206_af3_woTemplates_af3_seed_359489_sample_3_pred_8.cif,Model_7206_af3_woTemplates_af3_seed_359489_sample_3_pred_8.cif,7206,AF3,af3_woTemplates,359489,3,8,woTemplates,,False,casp17/massivefold_external_pool_intake/r2353/extracted_models/R2353_all_cifs/Model_7206_af3_woTemplates_af3_seed_359489_sample_3_pred_8.cif,awaiting_extract,"MassiveFold model pool index only. It parses organizer-provided external model tarball listings and stages balanced extraction/rerank candidates. These models remain external rerank and accuracy-estimation inputs, not internal predictions, not CASP submissions, and not competitive-proof evidence."
6,R2353,R2353,7076,./R2353_all_cifs/Model_3154_af3_woTemplates_af3_seed_141668_sample_3_pred_693.cif,Model_3154_af3_woTemplates_af3_seed_141668_sample_3_pred_693.cif,3154,AF3,af3_woTemplates,141668,3,693,woTemplates,,False,casp17/massivefold_external_pool_intake/r2353/extracted_models/R2353_all_cifs/Model_3154_af3_woTemplates_af3_seed_141668_sample_3_pred_693.cif,awaiting_extract,"MassiveFold model pool index only. It parses organizer-provided external model tarball listings and stages balanced extraction/rerank candidates. These models remain external rerank and accuracy-estimation inputs, not internal predictions, not CASP submissions, and not competitive-proof evidence."
6,R2353,R2353,7086,./R2353_all_cifs/Model_6621_af3_woTemplates_af3_seed_141661_sample_1_pred_656.cif,Model_6621_af3_woTemplates_af3_seed_141661_sample_1_pred_656.cif,6621,AF3,af3_woTemplates,141661,1,656,woTemplates,,False,casp17/massivefold_external_pool_intake/r2353/extracted_models/R2353_all_cifs/Model_6621_af3_woTemplates_af3_seed_141661_sample_1_pred_656.cif,awaiting_extract,"MassiveFold model pool index only. It parses organizer-provided external model tarball listings and stages balanced extraction/rerank candidates. These models remain external rerank and accuracy-estimation inputs, not internal predictions, not CASP submissions, and not competitive-proof evidence."
6,R2353,R2353,7094,./R2353_all_cifs/Model_3221_af3_woTemplates_af3_seed_73747_sample_0_pred_920.cif,Model_3221_af3_woTemplates_af3_seed_73747_sample_0_pred_920.cif,3221,AF3,af3_woTemplates,73747,0,920,woTemplates,,False,casp17/massivefold_external_pool_intake/r2353/extracted_models/R2353_all_cifs/Model_3221_af3_woTemplates_af3_seed_73747_sample_0_pred_920.cif,awaiting_extract,"MassiveFold model pool index only. It parses organizer-provided external model tarball listings and stages balanced extraction/rerank candidates. These models remain external rerank and accuracy-estimation inputs, not internal predictions, not CASP submissions, and not competitive-proof evidence."
6,R2353,R2353,7104,./R2353_all_cifs/Model_7953_af3_woTemplates_af3_seed_141672_sample_3_pred_713.cif,Model_7953_af3_woTemplates_af3_seed_141672_sample_3_pred_713.cif,7953,AF3,af3_woTemplates,141672,3,713,woTemplates,,False,casp17/massivefold_external_pool_intake/r2353/extracted_models/R2353_all_cifs/Model_7953_af3_woTemplates_af3_seed_141672_sample_3_pred_713.cif,awaiting_extract,"MassiveFold model pool index only. It parses organizer-provided external model tarball listings and stages balanced extraction/rerank candidates. These models remain external rerank and accuracy-estimation inputs, not internal predictions, not CASP submissions, and not competitive-proof evidence."
6,R2353,R2353,7111,./R2353_all_cifs/Model_132_af3_woTemplates_af3_seed_372162_sample_3_pred_618.cif,Model_132_af3_woTemplates_af3_seed_372162_sample_3_pred_618.cif,132,AF3,af3_woTemplates,372162,3,618,woTemplates,,False,casp17/massivefold_external_pool_intake/r2353/extracted_models/R2353_all_cifs/Model_132_af3_woTemplates_af3_seed_372162_sample_3_pred_618.cif,awaiting_extract,"MassiveFold model pool index only. It parses organizer-provided external model tarball listings and stages balanced extraction/rerank candidates. These models remain external rerank and accuracy-estimation inputs, not internal predictions, not CASP submissions, and not competitive-proof evidence."
6,R2353,R2353,7138,./R2353_all_cifs/Model_7508_af3_woTemplates_af3_seed_141673_sample_0_pred_715.cif,Model_7508_af3_woTemplates_af3_seed_141673_sample_0_pred_715.cif,7508,AF3,af3_woTemplates,141673,0,715,woTemplates,,False,casp17/massivefold_external_pool_intake/r2353/extracted_models/R2353_all_cifs/Model_7508_af3_woTemplates_af3_seed_141673_sample_0_pred_715.cif,awaiting_extract,"MassiveFold model pool index only. It parses organizer-provided external model tarball listings and stages balanced extraction/rerank candidates. These models remain external rerank and accuracy-estimation inputs, not internal predictions, not CASP submissions, and not competitive-proof evidence."
6,R2353,R2353,7145,./R2353_all_cifs/Model_4168_af3_woTemplates_af3_seed_904991_sample_4_pred_194.cif,Model_4168_af3_woTemplates_af3_seed_904991_sample_4_pred_194.cif,4168,AF3,af3_woTemplates,904991,4,194,woTemplates,,False,casp17/massivefold_external_pool_intake/r2353/extracted_models/R2353_all_cifs/Model_4168_af3_woTemplates_af3_seed_904991_sample_4_pred_194.cif,awaiting_extract,"MassiveFold model pool index only. It parses organizer-provided external model tarball listings and stages balanced extraction/rerank candidates. These models remain external rerank and accuracy-estimation inputs, not internal predictions, not CASP submissions, and not competitive-proof evidence."
6,R2353,R2353,7148,./R2353_all_cifs/Model_1726_af3_woTemplates_af3_seed_372153_sample_4_pred_574.cif,Model_1726_af3_woTemplates_af3_seed_372153_sample_4_pred_574.cif,1726,AF3,af3_woTemplates,372153,4,574,woTemplates,,False,casp17/massivefold_external_pool_intake/r2353/extracted_models/R2353_all_cifs/Model_1726_af3_woTemplates_af3_seed_372153_sample_4_pred_574.cif,awaiting_extract,"MassiveFold model pool index only. It parses organizer-provided external model tarball listings and stages balanced extraction/rerank candidates. These models remain external rerank and accuracy-estimation inputs, not internal predictions, not CASP submissions, and not competitive-proof evidence."
6,R2353,R2353,7171,./R2353_all_cifs/Model_143_af3_woTemplates_af3_seed_5699_sample_3_pred_483.cif,Model_143_af3_woTemplates_af3_seed_5699_sample_3_pred_483.cif,143,AF3,af3_woTemplates,5699,3,483,woTemplates,,False,casp17/massivefold_external_pool_intake/r2353/extracted_models/R2353_all_cifs/Model_143_af3_woTemplates_af3_seed_5699_sample_3_pred_483.cif,awaiting_extract,"MassiveFold model pool index only. It parses organizer-provided external model tarball listings and stages balanced extraction/rerank candidates. These models remain external rerank and accuracy-estimation inputs, not internal predictions, not CASP submissions, and not competitive-proof evidence."
6,R2353,R2353,7174,./R2353_all_cifs/Model_4399_af3_woTemplates_af3_seed_218332_sample_1_pred_821.cif,Model_4399_af3_woTemplates_af3_seed_218332_sample_1_pred_821.cif,4399,AF3,af3_woTemplates,218332,1,821,woTemplates,,False,casp17/massivefold_external_pool_intake/r2353/extracted_models/R2353_all_cifs/Model_4399_af3_woTemplates_af3_seed_218332_sample_1_pred_821.cif,awaiting_extract,"MassiveFold model pool index only. It parses organizer-provided external model tarball listings and stages balanced extraction/rerank candidates. These models remain external rerank and accuracy-estimation inputs, not internal predictions, not CASP submissions, and not competitive-proof evidence."
6,R2353,R2353,7175,./R2353_all_cifs/Model_541_af3_woTemplates_af3_seed_73740_sample_0_pred_885.cif,Model_541_af3_woTemplates_af3_seed_73740_sample_0_pred_885.cif,541,AF3,af3_woTemplates,73740,0,885,woTemplates,,False,casp17/massivefold_external_pool_intake/r2353/extracted_models/R2353_all_cifs/Model_541_af3_woTemplates_af3_seed_73740_sample_0_pred_885.cif,awaiting_extract,"MassiveFold model pool index only. It parses organizer-provided external model tarball listings and stages balanced extraction/rerank candidates. These models remain external rerank and accuracy-estimation inputs, not internal predictions, not CASP submissions, and not competitive-proof evidence."
6,R2353,R2353,7177,./R2353_all_cifs/Model_6825_af3_woTemplates_af3_seed_141666_sample_4_pred_684.cif,Model_6825_af3_woTemplates_af3_seed_141666_sample_4_pred_684.cif,6825,AF3,af3_woTemplates,141666,4,684,woTemplates,,False,casp17/massivefold_external_pool_intake/r2353/extracted_models/R2353_all_cifs/Model_6825_af3_woTemplates_af3_seed_141666_sample_4_pred_684.cif,awaiting_extract,"MassiveFold model pool index only. It parses organizer-provided external model tarball listings and stages balanced extraction/rerank candidates. These models remain external rerank and accuracy-estimation inputs, not internal predictions, not CASP submissions, and not competitive-proof evidence."
6,R2353,R2353,7181,./R2353_all_cifs/Model_1855_af3_woTemplates_af3_seed_372159_sample_2_pred_602.cif,Model_1855_af3_woTemplates_af3_seed_372159_sample_2_pred_602.cif,1855,AF3,af3_woTemplates,372159,2,602,woTemplates,,False,casp17/massivefold_external_pool_intake/r2353/extracted_models/R2353_all_cifs/Model_1855_af3_woTemplates_af3_seed_372159_sample_2_pred_602.cif,awaiting_extract,"MassiveFold model pool index only. It parses organizer-provided external model tarball listings and stages balanced extraction/rerank candidates. These models remain external rerank and accuracy-estimation inputs, not internal predictions, not CASP submissions, and not competitive-proof evidence."
6,R2353,R2353,7183,./R2353_all_cifs/Model_3019_af3_woTemplates_af3_seed_904981_sample_1_pred_141.cif,Model_3019_af3_woTemplates_af3_seed_904981_sample_1_pred_141.cif,3019,AF3,af3_woTemplates,904981,1,141,woTemplates,,False,casp17/massivefold_external_pool_intake/r2353/extracted_models/R2353_all_cifs/Model_3019_af3_woTemplates_af3_seed_904981_sample_1_pred_141.cif,awaiting_extract,"MassiveFold model pool index only. It parses organizer-provided external model tarball listings and stages balanced extraction/rerank candidates. These models remain external rerank and accuracy-estimation inputs, not internal predictions, not CASP submissions, and not competitive-proof evidence."
6,R2353,R2353,7200,./R2353_all_cifs/Model_5323_af3_woTemplates_af3_seed_359502_sample_0_pred_70.cif,Model_5323_af3_woTemplates_af3_seed_359502_sample_0_pred_70.cif,5323,AF3,af3_woTemplates,359502,0,70,woTemplates,,False,casp17/massivefold_external_pool_intake/r2353/extracted_models/R2353_all_cifs/Model_5323_af3_woTemplates_af3_seed_359502_sample_0_pred_70.cif,awaiting_extract,"MassiveFold model pool index only. It parses organizer-provided external model tarball listings and stages balanced extraction/rerank candidates. These models remain external rerank and accuracy-estimation inputs, not internal predictions, not CASP submissions, and not competitive-proof evidence."
6,R2353,R2353,7201,./R2353_all_cifs/Model_5153_af3_woTemplates_af3_seed_5680_sample_1_pred_386.cif,Model_5153_af3_woTemplates_af3_seed_5680_sample_1_pred_386.cif,5153,AF3,af3_woTemplates,5680,1,386,woTemplates,,False,casp17/massivefold_external_pool_intake/r2353/extracted_models/R2353_all_cifs/Model_5153_af3_woTemplates_af3_seed_5680_sample_1_pred_386.cif,awaiting_extract,"MassiveFold model pool index only. It parses organizer-provided external model tarball listings and stages balanced extraction/rerank candidates. These models remain external rerank and accuracy-estimation inputs, not internal predictions, not CASP submissions, and not competitive-proof evidence."
6,R2353,R2353,7212,./R2353_all_cifs/Model_890_af3_woTemplates_af3_seed_905001_sample_0_pred_240.cif,Model_890_af3_woTemplates_af3_seed_905001_sample_0_pred_240.cif,890,AF3,af3_woTemplates,905001,0,240,woTemplates,,False,casp17/massivefold_external_pool_intake/r2353/extracted_models/R2353_all_cifs/Model_890_af3_woTemplates_af3_seed_905001_sample_0_pred_240.cif,awaiting_extract,"MassiveFold model pool index only. It parses organizer-provided external model tarball listings and stages balanced extraction/rerank candidates. These models remain external rerank and accuracy-estimation inputs, not internal predictions, not CASP submissions, and not competitive-proof evidence."
6,R2353,R2353,7239,./R2353_all_cifs/Model_1328_af3_woTemplates_af3_seed_904978_sample_3_pred_128.cif,Model_1328_af3_woTemplates_af3_seed_904978_sample_3_pred_128.cif,1328,AF3,af3_woTemplates,904978,3,128,woTemplates,,False,casp17/massivefold_external_pool_intake/r2353/extracted_models/R2353_all_cifs/Model_1328_af3_woTemplates_af3_seed_904978_sample_3_pred_128.cif,awaiting_extract,"MassiveFold model pool index only. It parses organizer-provided external model tarball listings and stages balanced extraction/rerank candidates. These models remain external rerank and accuracy-estimation inputs, not internal predictions, not CASP submissions, and not competitive-proof evidence."
6,R2353,R2353,7246,./R2353_all_cifs/Model_5004_af3_woTemplates_af3_seed_359498_sample_1_pred_51.cif,Model_5004_af3_woTemplates_af3_seed_359498_sample_1_pred_51.cif,5004,AF3,af3_woTemplates,359498,1,51,woTemplates,,False,casp17/massivefold_external_pool_intake/r2353/extracted_models/R2353_all_cifs/Model_5004_af3_woTemplates_af3_seed_359498_sample_1_pred_51.cif,awaiting_extract,"MassiveFold model pool index only. It parses organizer-provided external model tarball listings and stages balanced extraction/rerank candidates. These models remain external rerank and accuracy-estimation inputs, not internal predictions, not CASP submissions, and not competitive-proof evidence."
6,R2353,R2353,7252,./R2353_all_cifs/Model_6017_af3_woTemplates_af3_seed_359491_sample_1_pred_16.cif,Model_6017_af3_woTemplates_af3_seed_359491_sample_1_pred_16.cif,6017,AF3,af3_woTemplates,359491,1,16,woTemplates,,False,casp17/massivefold_external_pool_intake/r2353/extracted_models/R2353_all_cifs/Model_6017_af3_woTemplates_af3_seed_359491_sample_1_pred_16.cif,awaiting_extract,"MassiveFold model pool index only. It parses organizer-provided external model tarball listings and stages balanced extraction/rerank candidates. These models remain external rerank and accuracy-estimation inputs, not internal predictions, not CASP submissions, and not competitive-proof evidence."
6,R2353,R2353,7257,./R2353_all_cifs/Model_4121_af3_woTemplates_af3_seed_218329_sample_1_pred_806.cif,Model_4121_af3_woTemplates_af3_seed_218329_sample_1_pred_806.cif,4121,AF3,af3_woTemplates,218329,1,806,woTemplates,,False,casp17/massivefold_external_pool_intake/r2353/extracted_models/R2353_all_cifs/Model_4121_af3_woTemplates_af3_seed_218329_sample_1_pred_806.cif,awaiting_extract,"MassiveFold model pool index only. It parses organizer-provided external model tarball listings and stages balanced extraction/rerank candidates. These models remain external rerank and accuracy-estimation inputs, not internal predictions, not CASP submissions, and not competitive-proof evidence."
6,R2353,R2353,7263,./R2353_all_cifs/Model_4072_af3_woTemplates_af3_seed_372155_sample_3_pred_583.cif,Model_4072_af3_woTemplates_af3_seed_372155_sample_3_pred_583.cif,4072,AF3,af3_woTemplates,372155,3,583,woTemplates,,False,casp17/massivefold_external_pool_intake/r2353/extracted_models/R2353_all_cifs/Model_4072_af3_woTemplates_af3_seed_372155_sample_3_pred_583.cif,awaiting_extract,"MassiveFold model pool index only. It parses organizer-provided external model tarball listings and stages balanced extraction/rerank candidates. These models remain external rerank and accuracy-estimation inputs, not internal predictions, not CASP submissions, and not competitive-proof evidence."
6,R2353,R2353,7268,./R2353_all_cifs/Model_3343_af3_woTemplates_af3_seed_904979_sample_0_pred_130.cif,Model_3343_af3_woTemplates_af3_seed_904979_sample_0_pred_130.cif,3343,AF3,af3_woTemplates,904979,0,130,woTemplates,,False,casp17/massivefold_external_pool_intake/r2353/extracted_models/R2353_all_cifs/Model_3343_af3_woTemplates_af3_seed_904979_sample_0_pred_130.cif,awaiting_extract,"MassiveFold model pool index only. It parses organizer-provided external model tarball listings and stages balanced extraction/rerank candidates. These models remain external rerank and accuracy-estimation inputs, not internal predictions, not CASP submissions, and not competitive-proof evidence."
6,R2353,R2353,7269,./R2353_all_cifs/Model_4997_af3_woTemplates_af3_seed_372145_sample_3_pred_533.cif,Model_4997_af3_woTemplates_af3_seed_372145_sample_3_pred_533.cif,4997,AF3,af3_woTemplates,372145,3,533,woTemplates,,False,casp17/massivefold_external_pool_intake/r2353/extracted_models/R2353_all_cifs/Model_4997_af3_woTemplates_af3_seed_372145_sample_3_pred_533.cif,awaiting_extract,"MassiveFold model pool index only. It parses organizer-provided external model tarball listings and stages balanced extraction/rerank candidates. These models remain external rerank and accuracy-estimation inputs, not internal predictions, not CASP submissions, and not competitive-proof evidence."
6,R2353,R2353,7282,./R2353_all_cifs/Model_1516_af3_woTemplates_af3_seed_218318_sample_4_pred_754.cif,Model_1516_af3_woTemplates_af3_seed_218318_sample_4_pred_754.cif,1516,AF3,af3_woTemplates,218318,4,754,woTemplates,,False,casp17/massivefold_external_pool_intake/r2353/extracted_models/R2353_all_cifs/Model_1516_af3_woTemplates_af3_seed_218318_sample_4_pred_754.cif,awaiting_extract,"MassiveFold model pool index only. It parses organizer-provided external model tarball listings and stages balanced extraction/rerank candidates. These models remain external rerank and accuracy-estimation inputs, not internal predictions, not CASP submissions, and not competitive-proof evidence."
6,R2353,R2353,7284,./R2353_all_cifs/Model_1595_af3_woTemplates_af3_seed_141667_sample_1_pred_686.cif,Model_1595_af3_woTemplates_af3_seed_141667_sample_1_pred_686.cif,1595,AF3,af3_woTemplates,141667,1,686,woTemplates,,False,casp17/massivefold_external_pool_intake/r2353/extracted_models/R2353_all_cifs/Model_1595_af3_woTemplates_af3_seed_141667_sample_1_pred_686.cif,awaiting_extract,"MassiveFold model pool index only. It parses organizer-provided external model tarball listings and stages balanced extraction/rerank candidates. These models remain external rerank and accuracy-estimation inputs, not internal predictions, not CASP submissions, and not competitive-proof evidence."
6,R2353,R2353,7286,./R2353_all_cifs/Model_4223_af3_woTemplates_af3_seed_141665_sample_4_pred_679.cif,Model_4223_af3_woTemplates_af3_seed_141665_sample_4_pred_679.cif,4223,AF3,af3_woTemplates,141665,4,679,woTemplates,,False,casp17/massivefold_external_pool_intake/r2353/extracted_models/R2353_all_cifs/Model_4223_af3_woTemplates_af3_seed_141665_sample_4_pred_679.cif,awaiting_extract,"MassiveFold model pool index only. It parses organizer-provided external model tarball listings and stages balanced extraction/rerank candidates. These models remain external rerank and accuracy-estimation inputs, not internal predictions, not CASP submissions, and not competitive-proof evidence."
6,R2353,R2353,7288,./R2353_all_cifs/Model_785_af3_woTemplates_af3_seed_904994_sample_4_pred_209.cif,Model_785_af3_woTemplates_af3_seed_904994_sample_4_pred_209.cif,785,AF3,af3_woTemplates,904994,4,209,woTemplates,,False,casp17/massivefold_external_pool_intake/r2353/extracted_models/R2353_all_cifs/Model_785_af3_woTemplates_af3_seed_904994_sample_4_pred_209.cif,awaiting_extract,"MassiveFold model pool index only. It parses organizer-provided external model tarball listings and stages balanced extraction/rerank candidates. These models remain external rerank and accuracy-estimation inputs, not internal predictions, not CASP submissions, and not competitive-proof evidence."
6,R2353,R2353,7298,./R2353_all_cifs/Model_548_af3_woTemplates_af3_seed_73756_sample_3_pred_968.cif,Model_548_af3_woTemplates_af3_seed_73756_sample_3_pred_968.cif,548,AF3,af3_woTemplates,73756,3,968,woTemplates,,False,casp17/massivefold_external_pool_intake/r2353/extracted_models/R2353_all_cifs/Model_548_af3_woTemplates_af3_seed_73756_sample_3_pred_968.cif,awaiting_extract,"MassiveFold model pool index only. It parses organizer-provided external model tarball listings and stages balanced extraction/rerank candidates. These models remain external rerank and accuracy-estimation inputs, not internal predictions, not CASP submissions, and not competitive-proof evidence."
6,R2353,R2353,7300,./R2353_all_cifs/Model_1227_af3_woTemplates_af3_seed_285271_sample_2_pred_307.cif,Model_1227_af3_woTemplates_af3_seed_285271_sample_2_pred_307.cif,1227,AF3,af3_woTemplates,285271,2,307,woTemplates,,False,casp17/massivefold_external_pool_intake/r2353/extracted_models/R2353_all_cifs/Model_1227_af3_woTemplates_af3_seed_285271_sample_2_pred_307.cif,awaiting_extract,"MassiveFold model pool index only. It parses organizer-provided external model tarball listings and stages balanced extraction/rerank candidates. These models remain external rerank and accuracy-estimation inputs, not internal predictions, not CASP submissions, and not competitive-proof evidence."
6,R2353,R2353,7301,./R2353_all_cifs/Model_1809_af3_woTemplates_af3_seed_904985_sample_4_pred_164.cif,Model_1809_af3_woTemplates_af3_seed_904985_sample_4_pred_164.cif,1809,AF3,af3_woTemplates,904985,4,164,woTemplates,,False,casp17/massivefold_external_pool_intake/r2353/extracted_models/R2353_all_cifs/Model_1809_af3_woTemplates_af3_seed_904985_sample_4_pred_164.cif,awaiting_extract,"MassiveFold model pool index only. It parses organizer-provided external model tarball listings and stages balanced extraction/rerank candidates. These models remain external rerank and accuracy-estimation inputs, not internal predictions, not CASP submissions, and not competitive-proof evidence."
6,R2353,R2353,7322,./R2353_all_cifs/Model_6008_af3_woTemplates_af3_seed_218338_sample_1_pred_851.cif,Model_6008_af3_woTemplates_af3_seed_218338_sample_1_pred_851.cif,6008,AF3,af3_woTemplates,218338,1,851,woTemplates,,False,casp17/massivefold_external_pool_intake/r2353/extracted_models/R2353_all_cifs/Model_6008_af3_woTemplates_af3_seed_218338_sample_1_pred_851.cif,awaiting_extract,"MassiveFold model pool index only. It parses organizer-provided external model tarball listings and stages balanced extraction/rerank candidates. These models remain external rerank and accuracy-estimation inputs, not internal predictions, not CASP submissions, and not competitive-proof evidence."
6,R2353,R2353,7323,./R2353_all_cifs/Model_3604_af3_woTemplates_af3_seed_372144_sample_2_pred_527.cif,Model_3604_af3_woTemplates_af3_seed_372144_sample_2_pred_527.cif,3604,AF3,af3_woTemplates,372144,2,527,woTemplates,,False,casp17/massivefold_external_pool_intake/r2353/extracted_models/R2353_all_cifs/Model_3604_af3_woTemplates_af3_seed_372144_sample_2_pred_527.cif,awaiting_extract,"MassiveFold model pool index only. It parses organizer-provided external model tarball listings and stages balanced extraction/rerank candidates. These models remain external rerank and accuracy-estimation inputs, not internal predictions, not CASP submissions, and not competitive-proof evidence."
6,R2353,R2353,7325,./R2353_all_cifs/Model_5321_af3_woTemplates_af3_seed_904991_sample_2_pred_192.cif,Model_5321_af3_woTemplates_af3_seed_904991_sample_2_pred_192.cif,5321,AF3,af3_woTemplates,904991,2,192,woTemplates,,False,casp17/massivefold_external_pool_intake/r2353/extracted_models/R2353_all_cifs/Model_5321_af3_woTemplates_af3_seed_904991_sample_2_pred_192.cif,awaiting_extract,"MassiveFold model pool index only. It parses organizer-provided external model tarball listings and stages balanced extraction/rerank candidates. These models remain external rerank and accuracy-estimation inputs, not internal predictions, not CASP submissions, and not competitive-proof evidence."
6,R2353,R2353,7337,./R2353_all_cifs/Model_448_af3_woTemplates_af3_seed_218342_sample_4_pred_874.cif,Model_448_af3_woTemplates_af3_seed_218342_sample_4_pred_874.cif,448,AF3,af3_woTemplates,218342,4,874,woTemplates,,False,casp17/massivefold_external_pool_intake/r2353/extracted_models/R2353_all_cifs/Model_448_af3_woTemplates_af3_seed_218342_sample_4_pred_874.cif,awaiting_extract,"MassiveFold model pool index only. It parses organizer-provided external model tarball listings and stages balanced extraction/rerank candidates. These models remain external rerank and accuracy-estimation inputs, not internal predictions, not CASP submissions, and not competitive-proof evidence."
6,R2353,R2353,7350,./R2353_all_cifs/Model_6030_af3_woTemplates_af3_seed_359501_sample_3_pred_68.cif,Model_6030_af3_woTemplates_af3_seed_359501_sample_3_pred_68.cif,6030,AF3,af3_woTemplates,359501,3,68,woTemplates,,False,casp17/massivefold_external_pool_intake/r2353/extracted_models/R2353_all_cifs/Model_6030_af3_woTemplates_af3_seed_359501_sample_3_pred_68.cif,awaiting_extract,"MassiveFold model pool index only. It parses organizer-provided external model tarball listings and stages balanced extraction/rerank candidates. These models remain external rerank and accuracy-estimation inputs, not internal predictions, not CASP submissions, and not competitive-proof evidence."
6,R2353,R2353,7352,./R2353_all_cifs/Model_3440_af3_woTemplates_af3_seed_5697_sample_4_pred_474.cif,Model_3440_af3_woTemplates_af3_seed_5697_sample_4_pred_474.cif,3440,AF3,af3_woTemplates,5697,4,474,woTemplates,,False,casp17/massivefold_external_pool_intake/r2353/extracted_models/R2353_all_cifs/Model_3440_af3_woTemplates_af3_seed_5697_sample_4_pred_474.cif,awaiting_extract,"MassiveFold model pool index only. It parses organizer-provided external model tarball listings and stages balanced extraction/rerank candidates. These models remain external rerank and accuracy-estimation inputs, not internal predictions, not CASP submissions, and not competitive-proof evidence."
6,R2353,R2353,7360,./R2353_all_cifs/Model_3457_af3_woTemplates_af3_seed_359503_sample_4_pred_79.cif,Model_3457_af3_woTemplates_af3_seed_359503_sample_4_pred_79.cif,3457,AF3,af3_woTemplates,359503,4,79,woTemplates,,False,casp17/massivefold_external_pool_intake/r2353/extracted_models/R2353_all_cifs/Model_3457_af3_woTemplates_af3_seed_359503_sample_4_pred_79.cif,awaiting_extract,"MassiveFold model pool index only. It parses organizer-provided external model tarball listings and stages balanced extraction/rerank candidates. These models remain external rerank and accuracy-estimation inputs, not internal predictions, not CASP submissions, and not competitive-proof evidence."
6,R2353,R2353,7362,./R2353_all_cifs/Model_2927_af3_woTemplates_af3_seed_218338_sample_4_pred_854.cif,Model_2927_af3_woTemplates_af3_seed_218338_sample_4_pred_854.cif,2927,AF3,af3_woTemplates,218338,4,854,woTemplates,,False,casp17/massivefold_external_pool_intake/r2353/extracted_models/R2353_all_cifs/Model_2927_af3_woTemplates_af3_seed_218338_sample_4_pred_854.cif,awaiting_extract,"MassiveFold model pool index only. It parses organizer-provided external model tarball listings and stages balanced extraction/rerank candidates. These models remain external rerank and accuracy-estimation inputs, not internal predictions, not CASP submissions, and not competitive-proof evidence."
6,R2353,R2353,7376,./R2353_all_cifs/Model_7409_af3_woTemplates_af3_seed_218327_sample_1_pred_796.cif,Model_7409_af3_woTemplates_af3_seed_218327_sample_1_pred_796.cif,7409,AF3,af3_woTemplates,218327,1,796,woTemplates,,False,casp17/massivefold_external_pool_intake/r2353/extracted_models/R2353_all_cifs/Model_7409_af3_woTemplates_af3_seed_218327_sample_1_pred_796.cif,awaiting_extract,"MassiveFold model pool index only. It parses organizer-provided external model tarball listings and stages balanced extraction/rerank candidates. These models remain external rerank and accuracy-estimation inputs, not internal predictions, not CASP submissions, and not competitive-proof evidence."
6,R2353,R2353,7384,./R2353_all_cifs/Model_3172_af3_woTemplates_af3_seed_904992_sample_2_pred_197.cif,Model_3172_af3_woTemplates_af3_seed_904992_sample_2_pred_197.cif,3172,AF3,af3_woTemplates,904992,2,197,woTemplates,,False,casp17/massivefold_external_pool_intake/r2353/extracted_models/R2353_all_cifs/Model_3172_af3_woTemplates_af3_seed_904992_sample_2_pred_197.cif,awaiting_extract,"MassiveFold model pool index only. It parses organizer-provided external model tarball listings and stages balanced extraction/rerank candidates. These models remain external rerank and accuracy-estimation inputs, not internal predictions, not CASP submissions, and not competitive-proof evidence."
6,R2353,R2353,7386,./R2353_all_cifs/Model_1372_af3_woTemplates_af3_seed_359506_sample_0_pred_90.cif,Model_1372_af3_woTemplates_af3_seed_359506_sample_0_pred_90.cif,1372,AF3,af3_woTemplates,359506,0,90,woTemplates,,False,casp17/massivefold_external_pool_intake/r2353/extracted_models/R2353_all_cifs/Model_1372_af3_woTemplates_af3_seed_359506_sample_0_pred_90.cif,awaiting_extract,"MassiveFold model pool index only. It parses organizer-provided external model tarball listings and stages balanced extraction/rerank candidates. These models remain external rerank and accuracy-estimation inputs, not internal predictions, not CASP submissions, and not competitive-proof evidence."
6,R2353,R2353,7395,./R2353_all_cifs/Model_981_af3_woTemplates_af3_seed_5691_sample_1_pred_441.cif,Model_981_af3_woTemplates_af3_seed_5691_sample_1_pred_441.cif,981,AF3,af3_woTemplates,5691,1,441,woTemplates,,False,casp17/massivefold_external_pool_intake/r2353/extracted_models/R2353_all_cifs/Model_981_af3_woTemplates_af3_seed_5691_sample_1_pred_441.cif,awaiting_extract,"MassiveFold model pool index only. It parses organizer-provided external model tarball listings and stages balanced extraction/rerank candidates. These models remain external rerank and accuracy-estimation inputs, not internal predictions, not CASP submissions, and not competitive-proof evidence."
6,R2353,R2353,7398,./R2353_all_cifs/Model_5942_af3_woTemplates_af3_seed_285261_sample_0_pred_255.cif,Model_5942_af3_woTemplates_af3_seed_285261_sample_0_pred_255.cif,5942,AF3,af3_woTemplates,285261,0,255,woTemplates,,False,casp17/massivefold_external_pool_intake/r2353/extracted_models/R2353_all_cifs/Model_5942_af3_woTemplates_af3_seed_285261_sample_0_pred_255.cif,awaiting_extract,"MassiveFold model pool index only. It parses organizer-provided external model tarball listings and stages balanced extraction/rerank candidates. These models remain external rerank and accuracy-estimation inputs, not internal predictions, not CASP submissions, and not competitive-proof evidence."
6,R2353,R2353,7402,./R2353_all_cifs/Model_7706_af3_woTemplates_af3_seed_372154_sample_2_pred_577.cif,Model_7706_af3_woTemplates_af3_seed_372154_sample_2_pred_577.cif,7706,AF3,af3_woTemplates,372154,2,577,woTemplates,,False,casp17/massivefold_external_pool_intake/r2353/extracted_models/R2353_all_cifs/Model_7706_af3_woTemplates_af3_seed_372154_sample_2_pred_577.cif,awaiting_extract,"MassiveFold model pool index only. It parses organizer-provided external model tarball listings and stages balanced extraction/rerank candidates. These models remain external rerank and accuracy-estimation inputs, not internal predictions, not CASP submissions, and not competitive-proof evidence."
6,R2353,R2353,7410,./R2353_all_cifs/Model_7124_af3_woTemplates_af3_seed_285270_sample_2_pred_302.cif,Model_7124_af3_woTemplates_af3_seed_285270_sample_2_pred_302.cif,7124,AF3,af3_woTemplates,285270,2,302,woTemplates,,False,casp17/massivefold_external_pool_intake/r2353/extracted_models/R2353_all_cifs/Model_7124_af3_woTemplates_af3_seed_285270_sample_2_pred_302.cif,awaiting_extract,"MassiveFold model pool index only. It parses organizer-provided external model tarball listings and stages balanced extraction/rerank candidates. These models remain external rerank and accuracy-estimation inputs, not internal predictions, not CASP submissions, and not competitive-proof evidence."
6,R2353,R2353,7416,./R2353_all_cifs/Model_3852_af3_woTemplates_af3_seed_218327_sample_3_pred_798.cif,Model_3852_af3_woTemplates_af3_seed_218327_sample_3_pred_798.cif,3852,AF3,af3_woTemplates,218327,3,798,woTemplates,,False,casp17/massivefold_external_pool_intake/r2353/extracted_models/R2353_all_cifs/Model_3852_af3_woTemplates_af3_seed_218327_sample_3_pred_798.cif,awaiting_extract,"MassiveFold model pool index only. It parses organizer-provided external model tarball listings and stages balanced extraction/rerank candidates. These models remain external rerank and accuracy-estimation inputs, not internal predictions, not CASP submissions, and not competitive-proof evidence."
6,R2353,R2353,7446,./R2353_all_cifs/Model_2580_af3_woTemplates_af3_seed_359502_sample_3_pred_73.cif,Model_2580_af3_woTemplates_af3_seed_359502_sample_3_pred_73.cif,2580,AF3,af3_woTemplates,359502,3,73,woTemplates,,False,casp17/massivefold_external_pool_intake/r2353/extracted_models/R2353_all_cifs/Model_2580_af3_woTemplates_af3_seed_359502_sample_3_pred_73.cif,awaiting_extract,"MassiveFold model pool index only. It parses organizer-provided external model tarball listings and stages balanced extraction/rerank candidates. These models remain external rerank and accuracy-estimation inputs, not internal predictions, not CASP submissions, and not competitive-proof evidence."
6,R2353,R2353,7468,./R2353_all_cifs/Model_4780_af3_woTemplates_af3_seed_141656_sample_2_pred_632.cif,Model_4780_af3_woTemplates_af3_seed_141656_sample_2_pred_632.cif,4780,AF3,af3_woTemplates,141656,2,632,woTemplates,,False,casp17/massivefold_external_pool_intake/r2353/extracted_models/R2353_all_cifs/Model_4780_af3_woTemplates_af3_seed_141656_sample_2_pred_632.cif,awaiting_extract,"MassiveFold model pool index only. It parses organizer-provided external model tarball listings and stages balanced extraction/rerank candidates. These models remain external rerank and accuracy-estimation inputs, not internal predictions, not CASP submissions, and not competitive-proof evidence."
6,R2353,R2353,7488,./R2353_all_cifs/Model_4955_af3_woTemplates_af3_seed_73760_sample_0_pred_985.cif,Model_4955_af3_woTemplates_af3_seed_73760_sample_0_pred_985.cif,4955,AF3,af3_woTemplates,73760,0,985,woTemplates,,False,casp17/massivefold_external_pool_intake/r2353/extracted_models/R2353_all_cifs/Model_4955_af3_woTemplates_af3_seed_73760_sample_0_pred_985.cif,awaiting_extract,"MassiveFold model pool index only. It parses organizer-provided external model tarball listings and stages balanced extraction/rerank candidates. These models remain external rerank and accuracy-estimation inputs, not internal predictions, not CASP submissions, and not competitive-proof evidence."
6,R2353,R2353,7494,./R2353_all_cifs/Model_4542_af3_woTemplates_af3_seed_359501_sample_2_pred_67.cif,Model_4542_af3_woTemplates_af3_seed_359501_sample_2_pred_67.cif,4542,AF3,af3_woTemplates,359501,2,67,woTemplates,,False,casp17/massivefold_external_pool_intake/r2353/extracted_models/R2353_all_cifs/Model_4542_af3_woTemplates_af3_seed_359501_sample_2_pred_67.cif,awaiting_extract,"MassiveFold model pool index only. It parses organizer-provided external model tarball listings and stages balanced extraction/rerank candidates. These models remain external rerank and accuracy-estimation inputs, not internal predictions, not CASP submissions, and not competitive-proof evidence."
6,R2353,R2353,7505,./R2353_all_cifs/Model_4271_af3_woTemplates_af3_seed_285276_sample_0_pred_330.cif,Model_4271_af3_woTemplates_af3_seed_285276_sample_0_pred_330.cif,4271,AF3,af3_woTemplates,285276,0,330,woTemplates,,False,casp17/massivefold_external_pool_intake/r2353/extracted_models/R2353_all_cifs/Model_4271_af3_woTemplates_af3_seed_285276_sample_0_pred_330.cif,awaiting_extract,"MassiveFold model pool index only. It parses organizer-provided external model tarball listings and stages balanced extraction/rerank candidates. These models remain external rerank and accuracy-estimation inputs, not internal predictions, not CASP submissions, and not competitive-proof evidence."
6,R2353,R2353,7521,./R2353_all_cifs/Model_146_af3_woTemplates_af3_seed_73742_sample_2_pred_897.cif,Model_146_af3_woTemplates_af3_seed_73742_sample_2_pred_897.cif,146,AF3,af3_woTemplates,73742,2,897,woTemplates,,False,casp17/massivefold_external_pool_intake/r2353/extracted_models/R2353_all_cifs/Model_146_af3_woTemplates_af3_seed_73742_sample_2_pred_897.cif,awaiting_extract,"MassiveFold model pool index only. It parses organizer-provided external model tarball listings and stages balanced extraction/rerank candidates. These models remain external rerank and accuracy-estimation inputs, not internal predictions, not CASP submissions, and not competitive-proof evidence."
6,R2353,R2353,7523,./R2353_all_cifs/Model_7131_af3_woTemplates_af3_seed_359510_sample_0_pred_110.cif,Model_7131_af3_woTemplates_af3_seed_359510_sample_0_pred_110.cif,7131,AF3,af3_woTemplates,359510,0,110,woTemplates,,False,casp17/massivefold_external_pool_intake/r2353/extracted_models/R2353_all_cifs/Model_7131_af3_woTemplates_af3_seed_359510_sample_0_pred_110.cif,awaiting_extract,"MassiveFold model pool index only. It parses organizer-provided external model tarball listings and stages balanced extraction/rerank candidates. These models remain external rerank and accuracy-estimation inputs, not internal predictions, not CASP submissions, and not competitive-proof evidence."
6,R2353,R2353,7527,./R2353_all_cifs/Model_1437_af3_woTemplates_af3_seed_372149_sample_4_pred_554.cif,Model_1437_af3_woTemplates_af3_seed_372149_sample_4_pred_554.cif,1437,AF3,af3_woTemplates,372149,4,554,woTemplates,,False,casp17/massivefold_external_pool_intake/r2353/extracted_models/R2353_all_cifs/Model_1437_af3_woTemplates_af3_seed_372149_sample_4_pred_554.cif,awaiting_extract,"MassiveFold model pool index only. It parses organizer-provided external model tarball listings and stages balanced extraction/rerank candidates. These models remain external rerank and accuracy-estimation inputs, not internal predictions, not CASP submissions, and not competitive-proof evidence."
6,R2353,R2353,7532,./R2353_all_cifs/Model_695_af3_woTemplates_af3_seed_372160_sample_4_pred_609.cif,Model_695_af3_woTemplates_af3_seed_372160_sample_4_pred_609.cif,695,AF3,af3_woTemplates,372160,4,609,woTemplates,,False,casp17/massivefold_external_pool_intake/r2353/extracted_models/R2353_all_cifs/Model_695_af3_woTemplates_af3_seed_372160_sample_4_pred_609.cif,awaiting_extract,"MassiveFold model pool index only. It parses organizer-provided external model tarball listings and stages balanced extraction/rerank candidates. These models remain external rerank and accuracy-estimation inputs, not internal predictions, not CASP submissions, and not competitive-proof evidence."
6,R2353,R2353,7542,./R2353_all_cifs/Model_1376_af3_woTemplates_af3_seed_372152_sample_2_pred_567.cif,Model_1376_af3_woTemplates_af3_seed_372152_sample_2_pred_567.cif,1376,AF3,af3_woTemplates,372152,2,567,woTemplates,,False,casp17/massivefold_external_pool_intake/r2353/extracted_models/R2353_all_cifs/Model_1376_af3_woTemplates_af3_seed_372152_sample_2_pred_567.cif,awaiting_extract,"MassiveFold model pool index only. It parses organizer-provided external model tarball listings and stages balanced extraction/rerank candidates. These models remain external rerank and accuracy-estimation inputs, not internal predictions, not CASP submissions, and not competitive-proof evidence."
6,R2353,R2353,7559,./R2353_all_cifs/Model_5160_af3_woTemplates_af3_seed_218328_sample_0_pred_800.cif,Model_5160_af3_woTemplates_af3_seed_218328_sample_0_pred_800.cif,5160,AF3,af3_woTemplates,218328,0,800,woTemplates,,False,casp17/massivefold_external_pool_intake/r2353/extracted_models/R2353_all_cifs/Model_5160_af3_woTemplates_af3_seed_218328_sample_0_pred_800.cif,awaiting_extract,"MassiveFold model pool index only. It parses organizer-provided external model tarball listings and stages balanced extraction/rerank candidates. These models remain external rerank and accuracy-estimation inputs, not internal predictions, not CASP submissions, and not competitive-proof evidence."
6,R2353,R2353,7562,./R2353_all_cifs/Model_4787_af3_woTemplates_af3_seed_73759_sample_4_pred_984.cif,Model_4787_af3_woTemplates_af3_seed_73759_sample_4_pred_984.cif,4787,AF3,af3_woTemplates,73759,4,984,woTemplates,,False,casp17/massivefold_external_pool_intake/r2353/extracted_models/R2353_all_cifs/Model_4787_af3_woTemplates_af3_seed_73759_sample_4_pred_984.cif,awaiting_extract,"MassiveFold model pool index only. It parses organizer-provided external model tarball listings and stages balanced extraction/rerank candidates. These models remain external rerank and accuracy-estimation inputs, not internal predictions, not CASP submissions, and not competitive-proof evidence."
6,R2353,R2353,7570,./R2353_all_cifs/Model_2799_af3_woTemplates_af3_seed_359488_sample_4_pred_4.cif,Model_2799_af3_woTemplates_af3_seed_359488_sample_4_pred_4.cif,2799,AF3,af3_woTemplates,359488,4,4,woTemplates,,False,casp17/massivefold_external_pool_intake/r2353/extracted_models/R2353_all_cifs/Model_2799_af3_woTemplates_af3_seed_359488_sample_4_pred_4.cif,awaiting_extract,"MassiveFold model pool index only. It parses organizer-provided external model tarball listings and stages balanced extraction/rerank candidates. These models remain external rerank and accuracy-estimation inputs, not internal predictions, not CASP submissions, and not competitive-proof evidence."
6,R2353,R2353,7592,./R2353_all_cifs/Model_2021_af3_woTemplates_af3_seed_359490_sample_0_pred_10.cif,Model_2021_af3_woTemplates_af3_seed_359490_sample_0_pred_10.cif,2021,AF3,af3_woTemplates,359490,0,10,woTemplates,,False,casp17/massivefold_external_pool_intake/r2353/extracted_models/R2353_all_cifs/Model_2021_af3_woTemplates_af3_seed_359490_sample_0_pred_10.cif,awaiting_extract,"MassiveFold model pool index only. It parses organizer-provided external model tarball listings and stages balanced extraction/rerank candidates. These models remain external rerank and accuracy-estimation inputs, not internal predictions, not CASP submissions, and not competitive-proof evidence."
6,R2353,R2353,7593,./R2353_all_cifs/Model_7042_af3_woTemplates_af3_seed_5688_sample_3_pred_428.cif,Model_7042_af3_woTemplates_af3_seed_5688_sample_3_pred_428.cif,7042,AF3,af3_woTemplates,5688,3,428,woTemplates,,False,casp17/massivefold_external_pool_intake/r2353/extracted_models/R2353_all_cifs/Model_7042_af3_woTemplates_af3_seed_5688_sample_3_pred_428.cif,awaiting_extract,"MassiveFold model pool index only. It parses organizer-provided external model tarball listings and stages balanced extraction/rerank candidates. These models remain external rerank and accuracy-estimation inputs, not internal predictions, not CASP submissions, and not competitive-proof evidence."
6,R2353,R2353,7600,./R2353_all_cifs/Model_5045_af3_woTemplates_af3_seed_73739_sample_3_pred_883.cif,Model_5045_af3_woTemplates_af3_seed_73739_sample_3_pred_883.cif,5045,AF3,af3_woTemplates,73739,3,883,woTemplates,,False,casp17/massivefold_external_pool_intake/r2353/extracted_models/R2353_all_cifs/Model_5045_af3_woTemplates_af3_seed_73739_sample_3_pred_883.cif,awaiting_extract,"MassiveFold model pool index only. It parses organizer-provided external model tarball listings and stages balanced extraction/rerank candidates. These models remain external rerank and accuracy-estimation inputs, not internal predictions, not CASP submissions, and not competitive-proof evidence."
6,R2353,R2353,7606,./R2353_all_cifs/Model_2121_af3_woTemplates_af3_seed_5700_sample_4_pred_489.cif,Model_2121_af3_woTemplates_af3_seed_5700_sample_4_pred_489.cif,2121,AF3,af3_woTemplates,5700,4,489,woTemplates,,False,casp17/massivefold_external_pool_intake/r2353/extracted_models/R2353_all_cifs/Model_2121_af3_woTemplates_af3_seed_5700_sample_4_pred_489.cif,awaiting_extract,"MassiveFold model pool index only. It parses organizer-provided external model tarball listings and stages balanced extraction/rerank candidates. These models remain external rerank and accuracy-estimation inputs, not internal predictions, not CASP submissions, and not competitive-proof evidence."
6,R2353,R2353,7613,./R2353_all_cifs/Model_1788_af3_woTemplates_af3_seed_285264_sample_4_pred_274.cif,Model_1788_af3_woTemplates_af3_seed_285264_sample_4_pred_274.cif,1788,AF3,af3_woTemplates,285264,4,274,woTemplates,,False,casp17/massivefold_external_pool_intake/r2353/extracted_models/R2353_all_cifs/Model_1788_af3_woTemplates_af3_seed_285264_sample_4_pred_274.cif,awaiting_extract,"MassiveFold model pool index only. It parses organizer-provided external model tarball listings and stages balanced extraction/rerank candidates. These models remain external rerank and accuracy-estimation inputs, not internal predictions, not CASP submissions, and not competitive-proof evidence."
6,R2353,R2353,7616,./R2353_all_cifs/Model_4123_af3_woTemplates_af3_seed_218332_sample_3_pred_823.cif,Model_4123_af3_woTemplates_af3_seed_218332_sample_3_pred_823.cif,4123,AF3,af3_woTemplates,218332,3,823,woTemplates,,False,casp17/massivefold_external_pool_intake/r2353/extracted_models/R2353_all_cifs/Model_4123_af3_woTemplates_af3_seed_218332_sample_3_pred_823.cif,awaiting_extract,"MassiveFold model pool index only. It parses organizer-provided external model tarball listings and stages balanced extraction/rerank candidates. These models remain external rerank and accuracy-estimation inputs, not internal predictions, not CASP submissions, and not competitive-proof evidence."
6,R2353,R2353,7629,./R2353_all_cifs/Model_3842_af3_woTemplates_af3_seed_5700_sample_1_pred_486.cif,Model_3842_af3_woTemplates_af3_seed_5700_sample_1_pred_486.cif,3842,AF3,af3_woTemplates,5700,1,486,woTemplates,,False,casp17/massivefold_external_pool_intake/r2353/extracted_models/R2353_all_cifs/Model_3842_af3_woTemplates_af3_seed_5700_sample_1_pred_486.cif,awaiting_extract,"MassiveFold model pool index only. It parses organizer-provided external model tarball listings and stages balanced extraction/rerank candidates. These models remain external rerank and accuracy-estimation inputs, not internal predictions, not CASP submissions, and not competitive-proof evidence."
6,R2353,R2353,7634,./R2353_all_cifs/Model_5883_af3_woTemplates_af3_seed_904984_sample_2_pred_157.cif,Model_5883_af3_woTemplates_af3_seed_904984_sample_2_pred_157.cif,5883,AF3,af3_woTemplates,904984,2,157,woTemplates,,False,casp17/massivefold_external_pool_intake/r2353/extracted_models/R2353_all_cifs/Model_5883_af3_woTemplates_af3_seed_904984_sample_2_pred_157.cif,awaiting_extract,"MassiveFold model pool index only. It parses organizer-provided external model tarball listings and stages balanced extraction/rerank candidates. These models remain external rerank and accuracy-estimation inputs, not internal predictions, not CASP submissions, and not competitive-proof evidence."
6,R2353,R2353,7661,./R2353_all_cifs/Model_1333_af3_woTemplates_af3_seed_141660_sample_3_pred_653.cif,Model_1333_af3_woTemplates_af3_seed_141660_sample_3_pred_653.cif,1333,AF3,af3_woTemplates,141660,3,653,woTemplates,,False,casp17/massivefold_external_pool_intake/r2353/extracted_models/R2353_all_cifs/Model_1333_af3_woTemplates_af3_seed_141660_sample_3_pred_653.cif,awaiting_extract,"MassiveFold model pool index only. It parses organizer-provided external model tarball listings and stages balanced extraction/rerank candidates. These models remain external rerank and accuracy-estimation inputs, not internal predictions, not CASP submissions, and not competitive-proof evidence."
6,R2353,R2353,7664,./R2353_all_cifs/Model_1817_af3_woTemplates_af3_seed_359489_sample_0_pred_5.cif,Model_1817_af3_woTemplates_af3_seed_359489_sample_0_pred_5.cif,1817,AF3,af3_woTemplates,359489,0,5,woTemplates,,False,casp17/massivefold_external_pool_intake/r2353/extracted_models/R2353_all_cifs/Model_1817_af3_woTemplates_af3_seed_359489_sample_0_pred_5.cif,awaiting_extract,"MassiveFold model pool index only. It parses organizer-provided external model tarball listings and stages balanced extraction/rerank candidates. These models remain external rerank and accuracy-estimation inputs, not internal predictions, not CASP submissions, and not competitive-proof evidence."
6,R2353,R2353,7685,./R2353_all_cifs/Model_1883_af3_woTemplates_af3_seed_5702_sample_4_pred_499.cif,Model_1883_af3_woTemplates_af3_seed_5702_sample_4_pred_499.cif,1883,AF3,af3_woTemplates,5702,4,499,woTemplates,,False,casp17/massivefold_external_pool_intake/r2353/extracted_models/R2353_all_cifs/Model_1883_af3_woTemplates_af3_seed_5702_sample_4_pred_499.cif,awaiting_extract,"MassiveFold model pool index only. It parses organizer-provided external model tarball listings and stages balanced extraction/rerank candidates. These models remain external rerank and accuracy-estimation inputs, not internal predictions, not CASP submissions, and not competitive-proof evidence."
6,R2353,R2353,7688,./R2353_all_cifs/Model_168_af3_woTemplates_af3_seed_359498_sample_4_pred_54.cif,Model_168_af3_woTemplates_af3_seed_359498_sample_4_pred_54.cif,168,AF3,af3_woTemplates,359498,4,54,woTemplates,,False,casp17/massivefold_external_pool_intake/r2353/extracted_models/R2353_all_cifs/Model_168_af3_woTemplates_af3_seed_359498_sample_4_pred_54.cif,awaiting_extract,"MassiveFold model pool index only. It parses organizer-provided external model tarball listings and stages balanced extraction/rerank candidates. These models remain external rerank and accuracy-estimation inputs, not internal predictions, not CASP submissions, and not competitive-proof evidence."
6,R2353,R2353,7690,./R2353_all_cifs/Model_7064_af3_woTemplates_af3_seed_5698_sample_0_pred_475.cif,Model_7064_af3_woTemplates_af3_seed_5698_sample_0_pred_475.cif,7064,AF3,af3_woTemplates,5698,0,475,woTemplates,,False,casp17/massivefold_external_pool_intake/r2353/extracted_models/R2353_all_cifs/Model_7064_af3_woTemplates_af3_seed_5698_sample_0_pred_475.cif,awaiting_extract,"MassiveFold model pool index only. It parses organizer-provided external model tarball listings and stages balanced extraction/rerank candidates. These models remain external rerank and accuracy-estimation inputs, not internal predictions, not CASP submissions, and not competitive-proof evidence."
6,R2353,R2353,7692,./R2353_all_cifs/Model_6486_af3_woTemplates_af3_seed_904999_sample_1_pred_231.cif,Model_6486_af3_woTemplates_af3_seed_904999_sample_1_pred_231.cif,6486,AF3,af3_woTemplates,904999,1,231,woTemplates,,False,casp17/massivefold_external_pool_intake/r2353/extracted_models/R2353_all_cifs/Model_6486_af3_woTemplates_af3_seed_904999_sample_1_pred_231.cif,awaiting_extract,"MassiveFold model pool index only. It parses organizer-provided external model tarball listings and stages balanced extraction/rerank candidates. These models remain external rerank and accuracy-estimation inputs, not internal predictions, not CASP submissions, and not competitive-proof evidence."
6,R2353,R2353,7695,./R2353_all_cifs/Model_381_af3_woTemplates_af3_seed_285272_sample_2_pred_312.cif,Model_381_af3_woTemplates_af3_seed_285272_sample_2_pred_312.cif,381,AF3,af3_woTemplates,285272,2,312,woTemplates,,False,casp17/massivefold_external_pool_intake/r2353/extracted_models/R2353_all_cifs/Model_381_af3_woTemplates_af3_seed_285272_sample_2_pred_312.cif,awaiting_extract,"MassiveFold model pool index only. It parses organizer-provided external model tarball listings and stages balanced extraction/rerank candidates. These models remain external rerank and accuracy-estimation inputs, not internal predictions, not CASP submissions, and not competitive-proof evidence."
6,R2353,R2353,7701,./R2353_all_cifs/Model_4057_af3_woTemplates_af3_seed_359510_sample_1_pred_111.cif,Model_4057_af3_woTemplates_af3_seed_359510_sample_1_pred_111.cif,4057,AF3,af3_woTemplates,359510,1,111,woTemplates,,False,casp17/massivefold_external_pool_intake/r2353/extracted_models/R2353_all_cifs/Model_4057_af3_woTemplates_af3_seed_359510_sample_1_pred_111.cif,awaiting_extract,"MassiveFold model pool index only. It parses organizer-provided external model tarball listings and stages balanced extraction/rerank candidates. These models remain external rerank and accuracy-estimation inputs, not internal predictions, not CASP submissions, and not competitive-proof evidence."
6,R2353,R2353,7707,./R2353_all_cifs/Model_7004_af3_woTemplates_af3_seed_5684_sample_4_pred_409.cif,Model_7004_af3_woTemplates_af3_seed_5684_sample_4_pred_409.cif,7004,AF3,af3_woTemplates,5684,4,409,woTemplates,,False,casp17/massivefold_external_pool_intake/r2353/extracted_models/R2353_all_cifs/Model_7004_af3_woTemplates_af3_seed_5684_sample_4_pred_409.cif,awaiting_extract,"MassiveFold model pool index only. It parses organizer-provided external model tarball listings and stages balanced extraction/rerank candidates. These models remain external rerank and accuracy-estimation inputs, not internal predictions, not CASP submissions, and not competitive-proof evidence."
6,R2353,R2353,7711,./R2353_all_cifs/Model_7703_af3_woTemplates_af3_seed_285283_sample_3_pred_368.cif,Model_7703_af3_woTemplates_af3_seed_285283_sample_3_pred_368.cif,7703,AF3,af3_woTemplates,285283,3,368,woTemplates,,False,casp17/massivefold_external_pool_intake/r2353/extracted_models/R2353_all_cifs/Model_7703_af3_woTemplates_af3_seed_285283_sample_3_pred_368.cif,awaiting_extract,"MassiveFold model pool index only. It parses organizer-provided external model tarball listings and stages balanced extraction/rerank candidates. These models remain external rerank and accuracy-estimation inputs, not internal predictions, not CASP submissions, and not competitive-proof evidence."
6,R2353,R2353,7719,./R2353_all_cifs/Model_1867_af3_woTemplates_af3_seed_372145_sample_1_pred_531.cif,Model_1867_af3_woTemplates_af3_seed_372145_sample_1_pred_531.cif,1867,AF3,af3_woTemplates,372145,1,531,woTemplates,,False,casp17/massivefold_external_pool_intake/r2353/extracted_models/R2353_all_cifs/Model_1867_af3_woTemplates_af3_seed_372145_sample_1_pred_531.cif,awaiting_extract,"MassiveFold model pool index only. It parses organizer-provided external model tarball listings and stages balanced extraction/rerank candidates. These models remain external rerank and accuracy-estimation inputs, not internal predictions, not CASP submissions, and not competitive-proof evidence."
6,R2353,R2353,7728,./R2353_all_cifs/Model_347_af3_woTemplates_af3_seed_73752_sample_4_pred_949.cif,Model_347_af3_woTemplates_af3_seed_73752_sample_4_pred_949.cif,347,AF3,af3_woTemplates,73752,4,949,woTemplates,,False,casp17/massivefold_external_pool_intake/r2353/extracted_models/R2353_all_cifs/Model_347_af3_woTemplates_af3_seed_73752_sample_4_pred_949.cif,awaiting_extract,"MassiveFold model pool index only. It parses organizer-provided external model tarball listings and stages balanced extraction/rerank candidates. These models remain external rerank and accuracy-estimation inputs, not internal predictions, not CASP submissions, and not competitive-proof evidence."
6,R2353,R2353,7757,./R2353_all_cifs/Model_141_af3_woTemplates_af3_seed_141655_sample_3_pred_628.cif,Model_141_af3_woTemplates_af3_seed_141655_sample_3_pred_628.cif,141,AF3,af3_woTemplates,141655,3,628,woTemplates,,False,casp17/massivefold_external_pool_intake/r2353/extracted_models/R2353_all_cifs/Model_141_af3_woTemplates_af3_seed_141655_sample_3_pred_628.cif,awaiting_extract,"MassiveFold model pool index only. It parses organizer-provided external model tarball listings and stages balanced extraction/rerank candidates. These models remain external rerank and accuracy-estimation inputs, not internal predictions, not CASP submissions, and not competitive-proof evidence."
6,R2353,R2353,7759,./R2353_all_cifs/Model_6413_af3_woTemplates_af3_seed_73761_sample_3_pred_993.cif,Model_6413_af3_woTemplates_af3_seed_73761_sample_3_pred_993.cif,6413,AF3,af3_woTemplates,73761,3,993,woTemplates,,False,casp17/massivefold_external_pool_intake/r2353/extracted_models/R2353_all_cifs/Model_6413_af3_woTemplates_af3_seed_73761_sample_3_pred_993.cif,awaiting_extract,"MassiveFold model pool index only. It parses organizer-provided external model tarball listings and stages balanced extraction/rerank candidates. These models remain external rerank and accuracy-estimation inputs, not internal predictions, not CASP submissions, and not competitive-proof evidence."
6,R2353,R2353,7788,./R2353_all_cifs/Model_3418_af3_woTemplates_af3_seed_578446_sample_3_pred_1003.cif,Model_3418_af3_woTemplates_af3_seed_578446_sample_3_pred_1003.cif,3418,AF3,af3_woTemplates,578446,3,1003,woTemplates,,False,casp17/massivefold_external_pool_intake/r2353/extracted_models/R2353_all_cifs/Model_3418_af3_woTemplates_af3_seed_578446_sample_3_pred_1003.cif,awaiting_extract,"MassiveFold model pool index only. It parses organizer-provided external model tarball listings and stages balanced extraction/rerank candidates. These models remain external rerank and accuracy-estimation inputs, not internal predictions, not CASP submissions, and not competitive-proof evidence."
6,R2353,R2353,7811,./R2353_all_cifs/Model_4109_af3_woTemplates_af3_seed_285267_sample_4_pred_289.cif,Model_4109_af3_woTemplates_af3_seed_285267_sample_4_pred_289.cif,4109,AF3,af3_woTemplates,285267,4,289,woTemplates,,False,casp17/massivefold_external_pool_intake/r2353/extracted_models/R2353_all_cifs/Model_4109_af3_woTemplates_af3_seed_285267_sample_4_pred_289.cif,awaiting_extract,"MassiveFold model pool index only. It parses organizer-provided external model tarball listings and stages balanced extraction/rerank candidates. These models remain external rerank and accuracy-estimation inputs, not internal predictions, not CASP submissions, and not competitive-proof evidence."
6,R2353,R2353,7816,./R2353_all_cifs/Model_2837_af3_woTemplates_af3_seed_359505_sample_1_pred_86.cif,Model_2837_af3_woTemplates_af3_seed_359505_sample_1_pred_86.cif,2837,AF3,af3_woTemplates,359505,1,86,woTemplates,,False,casp17/massivefold_external_pool_intake/r2353/extracted_models/R2353_all_cifs/Model_2837_af3_woTemplates_af3_seed_359505_sample_1_pred_86.cif,awaiting_extract,"MassiveFold model pool index only. It parses organizer-provided external model tarball listings and stages balanced extraction/rerank candidates. These models remain external rerank and accuracy-estimation inputs, not internal predictions, not CASP submissions, and not competitive-proof evidence."
6,R2353,R2353,7822,./R2353_all_cifs/Model_3439_af3_woTemplates_af3_seed_73752_sample_2_pred_947.cif,Model_3439_af3_woTemplates_af3_seed_73752_sample_2_pred_947.cif,3439,AF3,af3_woTemplates,73752,2,947,woTemplates,,False,casp17/massivefold_external_pool_intake/r2353/extracted_models/R2353_all_cifs/Model_3439_af3_woTemplates_af3_seed_73752_sample_2_pred_947.cif,awaiting_extract,"MassiveFold model pool index only. It parses organizer-provided external model tarball listings and stages balanced extraction/rerank candidates. These models remain external rerank and accuracy-estimation inputs, not internal predictions, not CASP submissions, and not competitive-proof evidence."
6,R2353,R2353,7823,./R2353_all_cifs/Model_4086_af3_woTemplates_af3_seed_372151_sample_1_pred_561.cif,Model_4086_af3_woTemplates_af3_seed_372151_sample_1_pred_561.cif,4086,AF3,af3_woTemplates,372151,1,561,woTemplates,,False,casp17/massivefold_external_pool_intake/r2353/extracted_models/R2353_all_cifs/Model_4086_af3_woTemplates_af3_seed_372151_sample_1_pred_561.cif,awaiting_extract,"MassiveFold model pool index only. It parses organizer-provided external model tarball listings and stages balanced extraction/rerank candidates. These models remain external rerank and accuracy-estimation inputs, not internal predictions, not CASP submissions, and not competitive-proof evidence."
6,R2353,R2353,7826,./R2353_all_cifs/Model_6178_af3_woTemplates_af3_seed_218329_sample_0_pred_805.cif,Model_6178_af3_woTemplates_af3_seed_218329_sample_0_pred_805.cif,6178,AF3,af3_woTemplates,218329,0,805,woTemplates,,False,casp17/massivefold_external_pool_intake/r2353/extracted_models/R2353_all_cifs/Model_6178_af3_woTemplates_af3_seed_218329_sample_0_pred_805.cif,awaiting_extract,"MassiveFold model pool index only. It parses organizer-provided external model tarball listings and stages balanced extraction/rerank candidates. These models remain external rerank and accuracy-estimation inputs, not internal predictions, not CASP submissions, and not competitive-proof evidence."
6,R2353,R2353,7830,./R2353_all_cifs/Model_554_af3_woTemplates_af3_seed_141662_sample_4_pred_664.cif,Model_554_af3_woTemplates_af3_seed_141662_sample_4_pred_664.cif,554,AF3,af3_woTemplates,141662,4,664,woTemplates,,False,casp17/massivefold_external_pool_intake/r2353/extracted_models/R2353_all_cifs/Model_554_af3_woTemplates_af3_seed_141662_sample_4_pred_664.cif,awaiting_extract,"MassiveFold model pool index only. It parses organizer-provided external model tarball listings and stages balanced extraction/rerank candidates. These models remain external rerank and accuracy-estimation inputs, not internal predictions, not CASP submissions, and not competitive-proof evidence."
6,R2353,R2353,7838,./R2353_all_cifs/Model_1597_af3_woTemplates_af3_seed_5695_sample_0_pred_460.cif,Model_1597_af3_woTemplates_af3_seed_5695_sample_0_pred_460.cif,1597,AF3,af3_woTemplates,5695,0,460,woTemplates,,False,casp17/massivefold_external_pool_intake/r2353/extracted_models/R2353_all_cifs/Model_1597_af3_woTemplates_af3_seed_5695_sample_0_pred_460.cif,awaiting_extract,"MassiveFold model pool index only. It parses organizer-provided external model tarball listings and stages balanced extraction/rerank candidates. These models remain external rerank and accuracy-estimation inputs, not internal predictions, not CASP submissions, and not competitive-proof evidence."
6,R2353,R2353,7839,./R2353_all_cifs/Model_7270_af3_woTemplates_af3_seed_285268_sample_1_pred_291.cif,Model_7270_af3_woTemplates_af3_seed_285268_sample_1_pred_291.cif,7270,AF3,af3_woTemplates,285268,1,291,woTemplates,,False,casp17/massivefold_external_pool_intake/r2353/extracted_models/R2353_all_cifs/Model_7270_af3_woTemplates_af3_seed_285268_sample_1_pred_291.cif,awaiting_extract,"MassiveFold model pool index only. It parses organizer-provided external model tarball listings and stages balanced extraction/rerank candidates. These models remain external rerank and accuracy-estimation inputs, not internal predictions, not CASP submissions, and not competitive-proof evidence."
6,R2353,R2353,7857,./R2353_all_cifs/Model_4582_af3_woTemplates_af3_seed_73758_sample_2_pred_977.cif,Model_4582_af3_woTemplates_af3_seed_73758_sample_2_pred_977.cif,4582,AF3,af3_woTemplates,73758,2,977,woTemplates,,False,casp17/massivefold_external_pool_intake/r2353/extracted_models/R2353_all_cifs/Model_4582_af3_woTemplates_af3_seed_73758_sample_2_pred_977.cif,awaiting_extract,"MassiveFold model pool index only. It parses organizer-provided external model tarball listings and stages balanced extraction/rerank candidates. These models remain external rerank and accuracy-estimation inputs, not internal predictions, not CASP submissions, and not competitive-proof evidence."
6,R2353,R2353,7860,./R2353_all_cifs/Model_4317_af3_woTemplates_af3_seed_141673_sample_1_pred_716.cif,Model_4317_af3_woTemplates_af3_seed_141673_sample_1_pred_716.cif,4317,AF3,af3_woTemplates,141673,1,716,woTemplates,,False,casp17/massivefold_external_pool_intake/r2353/extracted_models/R2353_all_cifs/Model_4317_af3_woTemplates_af3_seed_141673_sample_1_pred_716.cif,awaiting_extract,"MassiveFold model pool index only. It parses organizer-provided external model tarball listings and stages balanced extraction/rerank candidates. These models remain external rerank and accuracy-estimation inputs, not internal predictions, not CASP submissions, and not competitive-proof evidence."
6,R2353,R2353,7871,./R2353_all_cifs/Model_5329_af3_woTemplates_af3_seed_372148_sample_4_pred_549.cif,Model_5329_af3_woTemplates_af3_seed_372148_sample_4_pred_549.cif,5329,AF3,af3_woTemplates,372148,4,549,woTemplates,,False,casp17/massivefold_external_pool_intake/r2353/extracted_models/R2353_all_cifs/Model_5329_af3_woTemplates_af3_seed_372148_sample_4_pred_549.cif,awaiting_extract,"MassiveFold model pool index only. It parses organizer-provided external model tarball listings and stages balanced extraction/rerank candidates. These models remain external rerank and accuracy-estimation inputs, not internal predictions, not CASP submissions, and not competitive-proof evidence."
6,R2353,R2353,7873,./R2353_all_cifs/Model_707_af3_woTemplates_af3_seed_141670_sample_1_pred_701.cif,Model_707_af3_woTemplates_af3_seed_141670_sample_1_pred_701.cif,707,AF3,af3_woTemplates,141670,1,701,woTemplates,,False,casp17/massivefold_external_pool_intake/r2353/extracted_models/R2353_all_cifs/Model_707_af3_woTemplates_af3_seed_141670_sample_1_pred_701.cif,awaiting_extract,"MassiveFold model pool index only. It parses organizer-provided external model tarball listings and stages balanced extraction/rerank candidates. These models remain external rerank and accuracy-estimation inputs, not internal predictions, not CASP submissions, and not competitive-proof evidence."
6,R2353,R2353,7877,./R2353_all_cifs/Model_7164_af3_woTemplates_af3_seed_904990_sample_2_pred_187.cif,Model_7164_af3_woTemplates_af3_seed_904990_sample_2_pred_187.cif,7164,AF3,af3_woTemplates,904990,2,187,woTemplates,,False,casp17/massivefold_external_pool_intake/r2353/extracted_models/R2353_all_cifs/Model_7164_af3_woTemplates_af3_seed_904990_sample_2_pred_187.cif,awaiting_extract,"MassiveFold model pool index only. It parses organizer-provided external model tarball listings and stages balanced extraction/rerank candidates. These models remain external rerank and accuracy-estimation inputs, not internal predictions, not CASP submissions, and not competitive-proof evidence."
6,R2353,R2353,7886,./R2353_all_cifs/Model_3057_af3_woTemplates_af3_seed_5701_sample_4_pred_494.cif,Model_3057_af3_woTemplates_af3_seed_5701_sample_4_pred_494.cif,3057,AF3,af3_woTemplates,5701,4,494,woTemplates,,False,casp17/massivefold_external_pool_intake/r2353/extracted_models/R2353_all_cifs/Model_3057_af3_woTemplates_af3_seed_5701_sample_4_pred_494.cif,awaiting_extract,"MassiveFold model pool index only. It parses organizer-provided external model tarball listings and stages balanced extraction/rerank candidates. These models remain external rerank and accuracy-estimation inputs, not internal predictions, not CASP submissions, and not competitive-proof evidence."
6,R2353,R2353,7891,./R2353_all_cifs/Model_5023_af3_woTemplates_af3_seed_285268_sample_4_pred_294.cif,Model_5023_af3_woTemplates_af3_seed_285268_sample_4_pred_294.cif,5023,AF3,af3_woTemplates,285268,4,294,woTemplates,,False,casp17/massivefold_external_pool_intake/r2353/extracted_models/R2353_all_cifs/Model_5023_af3_woTemplates_af3_seed_285268_sample_4_pred_294.cif,awaiting_extract,"MassiveFold model pool index only. It parses organizer-provided external model tarball listings and stages balanced extraction/rerank candidates. These models remain external rerank and accuracy-estimation inputs, not internal predictions, not CASP submissions, and not competitive-proof evidence."
6,R2353,R2353,7896,./R2353_all_cifs/Model_6111_af3_woTemplates_af3_seed_218335_sample_1_pred_836.cif,Model_6111_af3_woTemplates_af3_seed_218335_sample_1_pred_836.cif,6111,AF3,af3_woTemplates,218335,1,836,woTemplates,,False,casp17/massivefold_external_pool_intake/r2353/extracted_models/R2353_all_cifs/Model_6111_af3_woTemplates_af3_seed_218335_sample_1_pred_836.cif,awaiting_extract,"MassiveFold model pool index only. It parses organizer-provided external model tarball listings and stages balanced extraction/rerank candidates. These models remain external rerank and accuracy-estimation inputs, not internal predictions, not CASP submissions, and not competitive-proof evidence."
6,R2353,R2353,7904,./R2353_all_cifs/Model_6031_af3_woTemplates_af3_seed_285282_sample_1_pred_361.cif,Model_6031_af3_woTemplates_af3_seed_285282_sample_1_pred_361.cif,6031,AF3,af3_woTemplates,285282,1,361,woTemplates,,False,casp17/massivefold_external_pool_intake/r2353/extracted_models/R2353_all_cifs/Model_6031_af3_woTemplates_af3_seed_285282_sample_1_pred_361.cif,awaiting_extract,"MassiveFold model pool index only. It parses organizer-provided external model tarball listings and stages balanced extraction/rerank candidates. These models remain external rerank and accuracy-estimation inputs, not internal predictions, not CASP submissions, and not competitive-proof evidence."
6,R2353,R2353,7913,./R2353_all_cifs/Model_4392_af3_woTemplates_af3_seed_285266_sample_3_pred_283.cif,Model_4392_af3_woTemplates_af3_seed_285266_sample_3_pred_283.cif,4392,AF3,af3_woTemplates,285266,3,283,woTemplates,,False,casp17/massivefold_external_pool_intake/r2353/extracted_models/R2353_all_cifs/Model_4392_af3_woTemplates_af3_seed_285266_sample_3_pred_283.cif,awaiting_extract,"MassiveFold model pool index only. It parses organizer-provided external model tarball listings and stages balanced extraction/rerank candidates. These models remain external rerank and accuracy-estimation inputs, not internal predictions, not CASP submissions, and not competitive-proof evidence."
6,R2353,R2353,7920,./R2353_all_cifs/Model_5092_af3_woTemplates_af3_seed_5702_sample_0_pred_495.cif,Model_5092_af3_woTemplates_af3_seed_5702_sample_0_pred_495.cif,5092,AF3,af3_woTemplates,5702,0,495,woTemplates,,False,casp17/massivefold_external_pool_intake/r2353/extracted_models/R2353_all_cifs/Model_5092_af3_woTemplates_af3_seed_5702_sample_0_pred_495.cif,awaiting_extract,"MassiveFold model pool index only. It parses organizer-provided external model tarball listings and stages balanced extraction/rerank candidates. These models remain external rerank and accuracy-estimation inputs, not internal predictions, not CASP submissions, and not competitive-proof evidence."
6,R2353,R2353,7924,./R2353_all_cifs/Model_3130_af3_woTemplates_af3_seed_141663_sample_2_pred_667.cif,Model_3130_af3_woTemplates_af3_seed_141663_sample_2_pred_667.cif,3130,AF3,af3_woTemplates,141663,2,667,woTemplates,,False,casp17/massivefold_external_pool_intake/r2353/extracted_models/R2353_all_cifs/Model_3130_af3_woTemplates_af3_seed_141663_sample_2_pred_667.cif,awaiting_extract,"MassiveFold model pool index only. It parses organizer-provided external model tarball listings and stages balanced extraction/rerank candidates. These models remain external rerank and accuracy-estimation inputs, not internal predictions, not CASP submissions, and not competitive-proof evidence."
6,R2353,R2353,7925,./R2353_all_cifs/Model_6365_af3_woTemplates_af3_seed_141663_sample_0_pred_665.cif,Model_6365_af3_woTemplates_af3_seed_141663_sample_0_pred_665.cif,6365,AF3,af3_woTemplates,141663,0,665,woTemplates,,False,casp17/massivefold_external_pool_intake/r2353/extracted_models/R2353_all_cifs/Model_6365_af3_woTemplates_af3_seed_141663_sample_0_pred_665.cif,awaiting_extract,"MassiveFold model pool index only. It parses organizer-provided external model tarball listings and stages balanced extraction/rerank candidates. These models remain external rerank and accuracy-estimation inputs, not internal predictions, not CASP submissions, and not competitive-proof evidence."
6,R2353,R2353,7927,./R2353_all_cifs/Model_3072_af3_woTemplates_af3_seed_359492_sample_3_pred_23.cif,Model_3072_af3_woTemplates_af3_seed_359492_sample_3_pred_23.cif,3072,AF3,af3_woTemplates,359492,3,23,woTemplates,,False,casp17/massivefold_external_pool_intake/r2353/extracted_models/R2353_all_cifs/Model_3072_af3_woTemplates_af3_seed_359492_sample_3_pred_23.cif,awaiting_extract,"MassiveFold model pool index only. It parses organizer-provided external model tarball listings and stages balanced extraction/rerank candidates. These models remain external rerank and accuracy-estimation inputs, not internal predictions, not CASP submissions, and not competitive-proof evidence."
6,R2353,R2353,7930,./R2353_all_cifs/Model_851_af3_woTemplates_af3_seed_5697_sample_2_pred_472.cif,Model_851_af3_woTemplates_af3_seed_5697_sample_2_pred_472.cif,851,AF3,af3_woTemplates,5697,2,472,woTemplates,,False,casp17/massivefold_external_pool_intake/r2353/extracted_models/R2353_all_cifs/Model_851_af3_woTemplates_af3_seed_5697_sample_2_pred_472.cif,awaiting_extract,"MassiveFold model pool index only. It parses organizer-provided external model tarball listings and stages balanced extraction/rerank candidates. These models remain external rerank and accuracy-estimation inputs, not internal predictions, not CASP submissions, and not competitive-proof evidence."
6,R2353,R2353,7931,./R2353_all_cifs/Model_4103_af3_woTemplates_af3_seed_141670_sample_2_pred_702.cif,Model_4103_af3_woTemplates_af3_seed_141670_sample_2_pred_702.cif,4103,AF3,af3_woTemplates,141670,2,702,woTemplates,,False,casp17/massivefold_external_pool_intake/r2353/extracted_models/R2353_all_cifs/Model_4103_af3_woTemplates_af3_seed_141670_sample_2_pred_702.cif,awaiting_extract,"MassiveFold model pool index only. It parses organizer-provided external model tarball listings and stages balanced extraction/rerank candidates. These models remain external rerank and accuracy-estimation inputs, not internal predictions, not CASP submissions, and not competitive-proof evidence."
6,R2353,R2353,7938,./R2353_all_cifs/Model_3592_af3_woTemplates_af3_seed_5701_sample_0_pred_490.cif,Model_3592_af3_woTemplates_af3_seed_5701_sample_0_pred_490.cif,3592,AF3,af3_woTemplates,5701,0,490,woTemplates,,False,casp17/massivefold_external_pool_intake/r2353/extracted_models/R2353_all_cifs/Model_3592_af3_woTemplates_af3_seed_5701_sample_0_pred_490.cif,awaiting_extract,"MassiveFold model pool index only. It parses organizer-provided external model tarball listings and stages balanced extraction/rerank candidates. These models remain external rerank and accuracy-estimation inputs, not internal predictions, not CASP submissions, and not competitive-proof evidence."
6,R2353,R2353,7940,./R2353_all_cifs/Model_418_af3_woTemplates_af3_seed_141675_sample_3_pred_728.cif,Model_418_af3_woTemplates_af3_seed_141675_sample_3_pred_728.cif,418,AF3,af3_woTemplates,141675,3,728,woTemplates,,False,casp17/massivefold_external_pool_intake/r2353/extracted_models/R2353_all_cifs/Model_418_af3_woTemplates_af3_seed_141675_sample_3_pred_728.cif,awaiting_extract,"MassiveFold model pool index only. It parses organizer-provided external model tarball listings and stages balanced extraction/rerank candidates. These models remain external rerank and accuracy-estimation inputs, not internal predictions, not CASP submissions, and not competitive-proof evidence."
6,R2353,R2353,7948,./R2353_all_cifs/Model_426_af3_woTemplates_af3_seed_73747_sample_4_pred_924.cif,Model_426_af3_woTemplates_af3_seed_73747_sample_4_pred_924.cif,426,AF3,af3_woTemplates,73747,4,924,woTemplates,,False,casp17/massivefold_external_pool_intake/r2353/extracted_models/R2353_all_cifs/Model_426_af3_woTemplates_af3_seed_73747_sample_4_pred_924.cif,awaiting_extract,"MassiveFold model pool index only. It parses organizer-provided external model tarball listings and stages balanced extraction/rerank candidates. These models remain external rerank and accuracy-estimation inputs, not internal predictions, not CASP submissions, and not competitive-proof evidence."
6,R2353,R2353,7960,./R2353_all_cifs/Model_4357_af3_woTemplates_af3_seed_218330_sample_0_pred_810.cif,Model_4357_af3_woTemplates_af3_seed_218330_sample_0_pred_810.cif,4357,AF3,af3_woTemplates,218330,0,810,woTemplates,,False,casp17/massivefold_external_pool_intake/r2353/extracted_models/R2353_all_cifs/Model_4357_af3_woTemplates_af3_seed_218330_sample_0_pred_810.cif,awaiting_extract,"MassiveFold model pool index only. It parses organizer-provided external model tarball listings and stages balanced extraction/rerank candidates. These models remain external rerank and accuracy-estimation inputs, not internal predictions, not CASP submissions, and not competitive-proof evidence."
6,R2353,R2353,7965,./R2353_all_cifs/Model_6987_af3_woTemplates_af3_seed_218332_sample_4_pred_824.cif,Model_6987_af3_woTemplates_af3_seed_218332_sample_4_pred_824.cif,6987,AF3,af3_woTemplates,218332,4,824,woTemplates,,False,casp17/massivefold_external_pool_intake/r2353/extracted_models/R2353_all_cifs/Model_6987_af3_woTemplates_af3_seed_218332_sample_4_pred_824.cif,awaiting_extract,"MassiveFold model pool index only. It parses organizer-provided external model tarball listings and stages balanced extraction/rerank candidates. These models remain external rerank and accuracy-estimation inputs, not internal predictions, not CASP submissions, and not competitive-proof evidence."
6,R2353,R2353,7973,./R2353_all_cifs/Model_4046_af3_woTemplates_af3_seed_904986_sample_2_pred_167.cif,Model_4046_af3_woTemplates_af3_seed_904986_sample_2_pred_167.cif,4046,AF3,af3_woTemplates,904986,2,167,woTemplates,,False,casp17/massivefold_external_pool_intake/r2353/extracted_models/R2353_all_cifs/Model_4046_af3_woTemplates_af3_seed_904986_sample_2_pred_167.cif,awaiting_extract,"MassiveFold model pool index only. It parses organizer-provided external model tarball listings and stages balanced extraction/rerank candidates. These models remain external rerank and accuracy-estimation inputs, not internal predictions, not CASP submissions, and not competitive-proof evidence."
6,R2353,R2353,7992,./R2353_all_cifs/Model_1040_af3_woTemplates_af3_seed_904989_sample_3_pred_183.cif,Model_1040_af3_woTemplates_af3_seed_904989_sample_3_pred_183.cif,1040,AF3,af3_woTemplates,904989,3,183,woTemplates,,False,casp17/massivefold_external_pool_intake/r2353/extracted_models/R2353_all_cifs/Model_1040_af3_woTemplates_af3_seed_904989_sample_3_pred_183.cif,awaiting_extract,"MassiveFold model pool index only. It parses organizer-provided external model tarball listings and stages balanced extraction/rerank candidates. These models remain external rerank and accuracy-estimation inputs, not internal predictions, not CASP submissions, and not competitive-proof evidence."
6,R2353,R2353,7993,./R2353_all_cifs/Model_1837_af3_woTemplates_af3_seed_904999_sample_2_pred_232.cif,Model_1837_af3_woTemplates_af3_seed_904999_sample_2_pred_232.cif,1837,AF3,af3_woTemplates,904999,2,232,woTemplates,,False,casp17/massivefold_external_pool_intake/r2353/extracted_models/R2353_all_cifs/Model_1837_af3_woTemplates_af3_seed_904999_sample_2_pred_232.cif,awaiting_extract,"MassiveFold model pool index only. It parses organizer-provided external model tarball listings and stages balanced extraction/rerank candidates. These models remain external rerank and accuracy-estimation inputs, not internal predictions, not CASP submissions, and not competitive-proof evidence."
6,R2353,R2353,8009,./R2353_all_cifs/Model_4136_af3_woTemplates_af3_seed_218321_sample_0_pred_765.cif,Model_4136_af3_woTemplates_af3_seed_218321_sample_0_pred_765.cif,4136,AF3,af3_woTemplates,218321,0,765,woTemplates,,False,casp17/massivefold_external_pool_intake/r2353/extracted_models/R2353_all_cifs/Model_4136_af3_woTemplates_af3_seed_218321_sample_0_pred_765.cif,awaiting_extract,"MassiveFold model pool index only. It parses organizer-provided external model tarball listings and stages balanced extraction/rerank candidates. These models remain external rerank and accuracy-estimation inputs, not internal predictions, not CASP submissions, and not competitive-proof evidence."
6,R2353,R2353,8014,./R2353_all_cifs/Model_613_af3_woTemplates_af3_seed_359488_sample_2_pred_2.cif,Model_613_af3_woTemplates_af3_seed_359488_sample_2_pred_2.cif,613,AF3,af3_woTemplates,359488,2,2,woTemplates,,False,casp17/massivefold_external_pool_intake/r2353/extracted_models/R2353_all_cifs/Model_613_af3_woTemplates_af3_seed_359488_sample_2_pred_2.cif,awaiting_extract,"MassiveFold model pool index only. It parses organizer-provided external model tarball listings and stages balanced extraction/rerank candidates. These models remain external rerank and accuracy-estimation inputs, not internal predictions, not CASP submissions, and not competitive-proof evidence."
6,R2353,R2353,8016,./R2353_all_cifs/Model_1852_af3_woTemplates_af3_seed_5678_sample_3_pred_378.cif,Model_1852_af3_woTemplates_af3_seed_5678_sample_3_pred_378.cif,1852,AF3,af3_woTemplates,5678,3,378,woTemplates,,False,casp17/massivefold_external_pool_intake/r2353/extracted_models/R2353_all_cifs/Model_1852_af3_woTemplates_af3_seed_5678_sample_3_pred_378.cif,awaiting_extract,"MassiveFold model pool index only. It parses organizer-provided external model tarball listings and stages balanced extraction/rerank candidates. These models remain external rerank and accuracy-estimation inputs, not internal predictions, not CASP submissions, and not competitive-proof evidence."
6,R2353,R2353,8023,./R2353_all_cifs/Model_4548_af3_woTemplates_af3_seed_73754_sample_3_pred_958.cif,Model_4548_af3_woTemplates_af3_seed_73754_sample_3_pred_958.cif,4548,AF3,af3_woTemplates,73754,3,958,woTemplates,,False,casp17/massivefold_external_pool_intake/r2353/extracted_models/R2353_all_cifs/Model_4548_af3_woTemplates_af3_seed_73754_sample_3_pred_958.cif,awaiting_extract,"MassiveFold model pool index only. It parses organizer-provided external model tarball listings and stages balanced extraction/rerank candidates. These models remain external rerank and accuracy-estimation inputs, not internal predictions, not CASP submissions, and not competitive-proof evidence."
6,R2353,R2353,8035,./R2353_all_cifs/Model_5616_af3_woTemplates_af3_seed_359493_sample_4_pred_29.cif,Model_5616_af3_woTemplates_af3_seed_359493_sample_4_pred_29.cif,5616,AF3,af3_woTemplates,359493,4,29,woTemplates,,False,casp17/massivefold_external_pool_intake/r2353/extracted_models/R2353_all_cifs/Model_5616_af3_woTemplates_af3_seed_359493_sample_4_pred_29.cif,awaiting_extract,"MassiveFold model pool index only. It parses organizer-provided external model tarball listings and stages balanced extraction/rerank candidates. These models remain external rerank and accuracy-estimation inputs, not internal predictions, not CASP submissions, and not competitive-proof evidence."
