queue_rank,required_benchmark_id,field_name,required_policy,operator_value,evidence_ref,operator_clearance,destination_intake_csv,operator_values_csv,gate_status,apply_mode,applied,blockers,next_action
1,hist_REQUIRED_MONOMER_001,replacement_target_id,operator_supplied_non_placeholder,REQUIRED_REPLACEMENT_TARGET_ID,REQUIRED_OPERATOR_EVIDENCE_REF,REQUIRED_OPERATOR_CLEARANCE,casp17/historical_seed_strict_blind_replacement_intake/01_hist_required_monomer_001/replacement_candidate_intake.csv,casp17/historical_seed_strict_blind_replacement_intake/01_hist_required_monomer_001/replacement_operator_values.csv,awaiting_operator_value,dry_run,false,"operator_value_required,evidence_ref_required,operator_clearance_required",fill operator_value for replacement_target_id in replacement_operator_values.csv
1,hist_REQUIRED_MONOMER_001,replacement_benchmark_id,operator_supplied_non_placeholder,REQUIRED_REPLACEMENT_BENCHMARK_ID,REQUIRED_OPERATOR_EVIDENCE_REF,REQUIRED_OPERATOR_CLEARANCE,casp17/historical_seed_strict_blind_replacement_intake/01_hist_required_monomer_001/replacement_candidate_intake.csv,casp17/historical_seed_strict_blind_replacement_intake/01_hist_required_monomer_001/replacement_operator_values.csv,awaiting_operator_value,dry_run,false,"operator_value_required,evidence_ref_required,operator_clearance_required",fill operator_value for replacement_benchmark_id in replacement_operator_values.csv
1,hist_REQUIRED_MONOMER_001,target_identity_non_current_historical,operator_confirmed_true,REQUIRED_TRUE_CONFIRMATION,REQUIRED_OPERATOR_EVIDENCE_REF,REQUIRED_OPERATOR_CLEARANCE,casp17/historical_seed_strict_blind_replacement_intake/01_hist_required_monomer_001/replacement_candidate_intake.csv,casp17/historical_seed_strict_blind_replacement_intake/01_hist_required_monomer_001/replacement_operator_values.csv,awaiting_operator_value,dry_run,false,"operator_value_required,evidence_ref_required,operator_clearance_required",fill operator_value for target_identity_non_current_historical in replacement_operator_values.csv
1,hist_REQUIRED_MONOMER_001,prediction_created_at,authoritative_iso_date,YYYY-MM-DD,REQUIRED_OPERATOR_EVIDENCE_REF,REQUIRED_OPERATOR_CLEARANCE,casp17/historical_seed_strict_blind_replacement_intake/01_hist_required_monomer_001/replacement_candidate_intake.csv,casp17/historical_seed_strict_blind_replacement_intake/01_hist_required_monomer_001/replacement_operator_values.csv,awaiting_operator_value,dry_run,false,"operator_value_required,evidence_ref_required,operator_clearance_required",fill operator_value for prediction_created_at in replacement_operator_values.csv
1,hist_REQUIRED_MONOMER_001,native_release_date,authoritative_iso_date,YYYY-MM-DD,REQUIRED_OPERATOR_EVIDENCE_REF,REQUIRED_OPERATOR_CLEARANCE,casp17/historical_seed_strict_blind_replacement_intake/01_hist_required_monomer_001/replacement_candidate_intake.csv,casp17/historical_seed_strict_blind_replacement_intake/01_hist_required_monomer_001/replacement_operator_values.csv,awaiting_operator_value,dry_run,false,"operator_value_required,evidence_ref_required,operator_clearance_required",fill operator_value for native_release_date in replacement_operator_values.csv
1,hist_REQUIRED_MONOMER_001,prediction_generated_before_native_release,operator_confirmed_true,REQUIRED_TRUE_CONFIRMATION,REQUIRED_OPERATOR_EVIDENCE_REF,REQUIRED_OPERATOR_CLEARANCE,casp17/historical_seed_strict_blind_replacement_intake/01_hist_required_monomer_001/replacement_candidate_intake.csv,casp17/historical_seed_strict_blind_replacement_intake/01_hist_required_monomer_001/replacement_operator_values.csv,awaiting_operator_value,dry_run,false,"operator_value_required,evidence_ref_required,operator_clearance_required",fill operator_value for prediction_generated_before_native_release in replacement_operator_values.csv
1,hist_REQUIRED_MONOMER_001,public_template_or_native_used_for_prediction,operator_confirmed_false,REQUIRED_FALSE_CONFIRMATION,REQUIRED_OPERATOR_EVIDENCE_REF,REQUIRED_OPERATOR_CLEARANCE,casp17/historical_seed_strict_blind_replacement_intake/01_hist_required_monomer_001/replacement_candidate_intake.csv,casp17/historical_seed_strict_blind_replacement_intake/01_hist_required_monomer_001/replacement_operator_values.csv,awaiting_operator_value,dry_run,false,"operator_value_required,evidence_ref_required,operator_clearance_required",fill operator_value for public_template_or_native_used_for_prediction in replacement_operator_values.csv
1,hist_REQUIRED_MONOMER_001,other_team_model_used,operator_confirmed_false,REQUIRED_FALSE_CONFIRMATION,REQUIRED_OPERATOR_EVIDENCE_REF,REQUIRED_OPERATOR_CLEARANCE,casp17/historical_seed_strict_blind_replacement_intake/01_hist_required_monomer_001/replacement_candidate_intake.csv,casp17/historical_seed_strict_blind_replacement_intake/01_hist_required_monomer_001/replacement_operator_values.csv,awaiting_operator_value,dry_run,false,"operator_value_required,evidence_ref_required,operator_clearance_required",fill operator_value for other_team_model_used in replacement_operator_values.csv
1,hist_REQUIRED_MONOMER_001,post_release_information_used,operator_confirmed_false,REQUIRED_FALSE_CONFIRMATION,REQUIRED_OPERATOR_EVIDENCE_REF,REQUIRED_OPERATOR_CLEARANCE,casp17/historical_seed_strict_blind_replacement_intake/01_hist_required_monomer_001/replacement_candidate_intake.csv,casp17/historical_seed_strict_blind_replacement_intake/01_hist_required_monomer_001/replacement_operator_values.csv,awaiting_operator_value,dry_run,false,"operator_value_required,evidence_ref_required,operator_clearance_required",fill operator_value for post_release_information_used in replacement_operator_values.csv
1,hist_REQUIRED_MONOMER_001,operator_clearance,operator_cleared,REQUIRED_OPERATOR_CLEARANCE,REQUIRED_OPERATOR_EVIDENCE_REF,REQUIRED_OPERATOR_CLEARANCE,casp17/historical_seed_strict_blind_replacement_intake/01_hist_required_monomer_001/replacement_candidate_intake.csv,casp17/historical_seed_strict_blind_replacement_intake/01_hist_required_monomer_001/replacement_operator_values.csv,awaiting_operator_value,dry_run,false,"operator_value_required,evidence_ref_required,operator_clearance_required",fill operator_value for operator_clearance in replacement_operator_values.csv
2,hist_REQUIRED_MONOMER_002,replacement_target_id,operator_supplied_non_placeholder,REQUIRED_REPLACEMENT_TARGET_ID,REQUIRED_OPERATOR_EVIDENCE_REF,REQUIRED_OPERATOR_CLEARANCE,casp17/historical_seed_strict_blind_replacement_intake/02_hist_required_monomer_002/replacement_candidate_intake.csv,casp17/historical_seed_strict_blind_replacement_intake/02_hist_required_monomer_002/replacement_operator_values.csv,awaiting_operator_value,dry_run,false,"operator_value_required,evidence_ref_required,operator_clearance_required",fill operator_value for replacement_target_id in replacement_operator_values.csv
2,hist_REQUIRED_MONOMER_002,replacement_benchmark_id,operator_supplied_non_placeholder,REQUIRED_REPLACEMENT_BENCHMARK_ID,REQUIRED_OPERATOR_EVIDENCE_REF,REQUIRED_OPERATOR_CLEARANCE,casp17/historical_seed_strict_blind_replacement_intake/02_hist_required_monomer_002/replacement_candidate_intake.csv,casp17/historical_seed_strict_blind_replacement_intake/02_hist_required_monomer_002/replacement_operator_values.csv,awaiting_operator_value,dry_run,false,"operator_value_required,evidence_ref_required,operator_clearance_required",fill operator_value for replacement_benchmark_id in replacement_operator_values.csv
2,hist_REQUIRED_MONOMER_002,target_identity_non_current_historical,operator_confirmed_true,REQUIRED_TRUE_CONFIRMATION,REQUIRED_OPERATOR_EVIDENCE_REF,REQUIRED_OPERATOR_CLEARANCE,casp17/historical_seed_strict_blind_replacement_intake/02_hist_required_monomer_002/replacement_candidate_intake.csv,casp17/historical_seed_strict_blind_replacement_intake/02_hist_required_monomer_002/replacement_operator_values.csv,awaiting_operator_value,dry_run,false,"operator_value_required,evidence_ref_required,operator_clearance_required",fill operator_value for target_identity_non_current_historical in replacement_operator_values.csv
2,hist_REQUIRED_MONOMER_002,prediction_created_at,authoritative_iso_date,YYYY-MM-DD,REQUIRED_OPERATOR_EVIDENCE_REF,REQUIRED_OPERATOR_CLEARANCE,casp17/historical_seed_strict_blind_replacement_intake/02_hist_required_monomer_002/replacement_candidate_intake.csv,casp17/historical_seed_strict_blind_replacement_intake/02_hist_required_monomer_002/replacement_operator_values.csv,awaiting_operator_value,dry_run,false,"operator_value_required,evidence_ref_required,operator_clearance_required",fill operator_value for prediction_created_at in replacement_operator_values.csv
2,hist_REQUIRED_MONOMER_002,native_release_date,authoritative_iso_date,YYYY-MM-DD,REQUIRED_OPERATOR_EVIDENCE_REF,REQUIRED_OPERATOR_CLEARANCE,casp17/historical_seed_strict_blind_replacement_intake/02_hist_required_monomer_002/replacement_candidate_intake.csv,casp17/historical_seed_strict_blind_replacement_intake/02_hist_required_monomer_002/replacement_operator_values.csv,awaiting_operator_value,dry_run,false,"operator_value_required,evidence_ref_required,operator_clearance_required",fill operator_value for native_release_date in replacement_operator_values.csv
2,hist_REQUIRED_MONOMER_002,prediction_generated_before_native_release,operator_confirmed_true,REQUIRED_TRUE_CONFIRMATION,REQUIRED_OPERATOR_EVIDENCE_REF,REQUIRED_OPERATOR_CLEARANCE,casp17/historical_seed_strict_blind_replacement_intake/02_hist_required_monomer_002/replacement_candidate_intake.csv,casp17/historical_seed_strict_blind_replacement_intake/02_hist_required_monomer_002/replacement_operator_values.csv,awaiting_operator_value,dry_run,false,"operator_value_required,evidence_ref_required,operator_clearance_required",fill operator_value for prediction_generated_before_native_release in replacement_operator_values.csv
2,hist_REQUIRED_MONOMER_002,public_template_or_native_used_for_prediction,operator_confirmed_false,REQUIRED_FALSE_CONFIRMATION,REQUIRED_OPERATOR_EVIDENCE_REF,REQUIRED_OPERATOR_CLEARANCE,casp17/historical_seed_strict_blind_replacement_intake/02_hist_required_monomer_002/replacement_candidate_intake.csv,casp17/historical_seed_strict_blind_replacement_intake/02_hist_required_monomer_002/replacement_operator_values.csv,awaiting_operator_value,dry_run,false,"operator_value_required,evidence_ref_required,operator_clearance_required",fill operator_value for public_template_or_native_used_for_prediction in replacement_operator_values.csv
2,hist_REQUIRED_MONOMER_002,other_team_model_used,operator_confirmed_false,REQUIRED_FALSE_CONFIRMATION,REQUIRED_OPERATOR_EVIDENCE_REF,REQUIRED_OPERATOR_CLEARANCE,casp17/historical_seed_strict_blind_replacement_intake/02_hist_required_monomer_002/replacement_candidate_intake.csv,casp17/historical_seed_strict_blind_replacement_intake/02_hist_required_monomer_002/replacement_operator_values.csv,awaiting_operator_value,dry_run,false,"operator_value_required,evidence_ref_required,operator_clearance_required",fill operator_value for other_team_model_used in replacement_operator_values.csv
2,hist_REQUIRED_MONOMER_002,post_release_information_used,operator_confirmed_false,REQUIRED_FALSE_CONFIRMATION,REQUIRED_OPERATOR_EVIDENCE_REF,REQUIRED_OPERATOR_CLEARANCE,casp17/historical_seed_strict_blind_replacement_intake/02_hist_required_monomer_002/replacement_candidate_intake.csv,casp17/historical_seed_strict_blind_replacement_intake/02_hist_required_monomer_002/replacement_operator_values.csv,awaiting_operator_value,dry_run,false,"operator_value_required,evidence_ref_required,operator_clearance_required",fill operator_value for post_release_information_used in replacement_operator_values.csv
2,hist_REQUIRED_MONOMER_002,operator_clearance,operator_cleared,REQUIRED_OPERATOR_CLEARANCE,REQUIRED_OPERATOR_EVIDENCE_REF,REQUIRED_OPERATOR_CLEARANCE,casp17/historical_seed_strict_blind_replacement_intake/02_hist_required_monomer_002/replacement_candidate_intake.csv,casp17/historical_seed_strict_blind_replacement_intake/02_hist_required_monomer_002/replacement_operator_values.csv,awaiting_operator_value,dry_run,false,"operator_value_required,evidence_ref_required,operator_clearance_required",fill operator_value for operator_clearance in replacement_operator_values.csv
3,hist_REQUIRED_MONOMER_003,replacement_target_id,operator_supplied_non_placeholder,REQUIRED_REPLACEMENT_TARGET_ID,REQUIRED_OPERATOR_EVIDENCE_REF,REQUIRED_OPERATOR_CLEARANCE,casp17/historical_seed_strict_blind_replacement_intake/03_hist_required_monomer_003/replacement_candidate_intake.csv,casp17/historical_seed_strict_blind_replacement_intake/03_hist_required_monomer_003/replacement_operator_values.csv,awaiting_operator_value,dry_run,false,"operator_value_required,evidence_ref_required,operator_clearance_required",fill operator_value for replacement_target_id in replacement_operator_values.csv
3,hist_REQUIRED_MONOMER_003,replacement_benchmark_id,operator_supplied_non_placeholder,REQUIRED_REPLACEMENT_BENCHMARK_ID,REQUIRED_OPERATOR_EVIDENCE_REF,REQUIRED_OPERATOR_CLEARANCE,casp17/historical_seed_strict_blind_replacement_intake/03_hist_required_monomer_003/replacement_candidate_intake.csv,casp17/historical_seed_strict_blind_replacement_intake/03_hist_required_monomer_003/replacement_operator_values.csv,awaiting_operator_value,dry_run,false,"operator_value_required,evidence_ref_required,operator_clearance_required",fill operator_value for replacement_benchmark_id in replacement_operator_values.csv
3,hist_REQUIRED_MONOMER_003,target_identity_non_current_historical,operator_confirmed_true,REQUIRED_TRUE_CONFIRMATION,REQUIRED_OPERATOR_EVIDENCE_REF,REQUIRED_OPERATOR_CLEARANCE,casp17/historical_seed_strict_blind_replacement_intake/03_hist_required_monomer_003/replacement_candidate_intake.csv,casp17/historical_seed_strict_blind_replacement_intake/03_hist_required_monomer_003/replacement_operator_values.csv,awaiting_operator_value,dry_run,false,"operator_value_required,evidence_ref_required,operator_clearance_required",fill operator_value for target_identity_non_current_historical in replacement_operator_values.csv
3,hist_REQUIRED_MONOMER_003,prediction_created_at,authoritative_iso_date,YYYY-MM-DD,REQUIRED_OPERATOR_EVIDENCE_REF,REQUIRED_OPERATOR_CLEARANCE,casp17/historical_seed_strict_blind_replacement_intake/03_hist_required_monomer_003/replacement_candidate_intake.csv,casp17/historical_seed_strict_blind_replacement_intake/03_hist_required_monomer_003/replacement_operator_values.csv,awaiting_operator_value,dry_run,false,"operator_value_required,evidence_ref_required,operator_clearance_required",fill operator_value for prediction_created_at in replacement_operator_values.csv
3,hist_REQUIRED_MONOMER_003,native_release_date,authoritative_iso_date,YYYY-MM-DD,REQUIRED_OPERATOR_EVIDENCE_REF,REQUIRED_OPERATOR_CLEARANCE,casp17/historical_seed_strict_blind_replacement_intake/03_hist_required_monomer_003/replacement_candidate_intake.csv,casp17/historical_seed_strict_blind_replacement_intake/03_hist_required_monomer_003/replacement_operator_values.csv,awaiting_operator_value,dry_run,false,"operator_value_required,evidence_ref_required,operator_clearance_required",fill operator_value for native_release_date in replacement_operator_values.csv
3,hist_REQUIRED_MONOMER_003,prediction_generated_before_native_release,operator_confirmed_true,REQUIRED_TRUE_CONFIRMATION,REQUIRED_OPERATOR_EVIDENCE_REF,REQUIRED_OPERATOR_CLEARANCE,casp17/historical_seed_strict_blind_replacement_intake/03_hist_required_monomer_003/replacement_candidate_intake.csv,casp17/historical_seed_strict_blind_replacement_intake/03_hist_required_monomer_003/replacement_operator_values.csv,awaiting_operator_value,dry_run,false,"operator_value_required,evidence_ref_required,operator_clearance_required",fill operator_value for prediction_generated_before_native_release in replacement_operator_values.csv
3,hist_REQUIRED_MONOMER_003,public_template_or_native_used_for_prediction,operator_confirmed_false,REQUIRED_FALSE_CONFIRMATION,REQUIRED_OPERATOR_EVIDENCE_REF,REQUIRED_OPERATOR_CLEARANCE,casp17/historical_seed_strict_blind_replacement_intake/03_hist_required_monomer_003/replacement_candidate_intake.csv,casp17/historical_seed_strict_blind_replacement_intake/03_hist_required_monomer_003/replacement_operator_values.csv,awaiting_operator_value,dry_run,false,"operator_value_required,evidence_ref_required,operator_clearance_required",fill operator_value for public_template_or_native_used_for_prediction in replacement_operator_values.csv
3,hist_REQUIRED_MONOMER_003,other_team_model_used,operator_confirmed_false,REQUIRED_FALSE_CONFIRMATION,REQUIRED_OPERATOR_EVIDENCE_REF,REQUIRED_OPERATOR_CLEARANCE,casp17/historical_seed_strict_blind_replacement_intake/03_hist_required_monomer_003/replacement_candidate_intake.csv,casp17/historical_seed_strict_blind_replacement_intake/03_hist_required_monomer_003/replacement_operator_values.csv,awaiting_operator_value,dry_run,false,"operator_value_required,evidence_ref_required,operator_clearance_required",fill operator_value for other_team_model_used in replacement_operator_values.csv
3,hist_REQUIRED_MONOMER_003,post_release_information_used,operator_confirmed_false,REQUIRED_FALSE_CONFIRMATION,REQUIRED_OPERATOR_EVIDENCE_REF,REQUIRED_OPERATOR_CLEARANCE,casp17/historical_seed_strict_blind_replacement_intake/03_hist_required_monomer_003/replacement_candidate_intake.csv,casp17/historical_seed_strict_blind_replacement_intake/03_hist_required_monomer_003/replacement_operator_values.csv,awaiting_operator_value,dry_run,false,"operator_value_required,evidence_ref_required,operator_clearance_required",fill operator_value for post_release_information_used in replacement_operator_values.csv
3,hist_REQUIRED_MONOMER_003,operator_clearance,operator_cleared,REQUIRED_OPERATOR_CLEARANCE,REQUIRED_OPERATOR_EVIDENCE_REF,REQUIRED_OPERATOR_CLEARANCE,casp17/historical_seed_strict_blind_replacement_intake/03_hist_required_monomer_003/replacement_candidate_intake.csv,casp17/historical_seed_strict_blind_replacement_intake/03_hist_required_monomer_003/replacement_operator_values.csv,awaiting_operator_value,dry_run,false,"operator_value_required,evidence_ref_required,operator_clearance_required",fill operator_value for operator_clearance in replacement_operator_values.csv
4,hist_REQUIRED_MONOMER_004,replacement_target_id,operator_supplied_non_placeholder,REQUIRED_REPLACEMENT_TARGET_ID,REQUIRED_OPERATOR_EVIDENCE_REF,REQUIRED_OPERATOR_CLEARANCE,casp17/historical_seed_strict_blind_replacement_intake/04_hist_required_monomer_004/replacement_candidate_intake.csv,casp17/historical_seed_strict_blind_replacement_intake/04_hist_required_monomer_004/replacement_operator_values.csv,awaiting_operator_value,dry_run,false,"operator_value_required,evidence_ref_required,operator_clearance_required",fill operator_value for replacement_target_id in replacement_operator_values.csv
4,hist_REQUIRED_MONOMER_004,replacement_benchmark_id,operator_supplied_non_placeholder,REQUIRED_REPLACEMENT_BENCHMARK_ID,REQUIRED_OPERATOR_EVIDENCE_REF,REQUIRED_OPERATOR_CLEARANCE,casp17/historical_seed_strict_blind_replacement_intake/04_hist_required_monomer_004/replacement_candidate_intake.csv,casp17/historical_seed_strict_blind_replacement_intake/04_hist_required_monomer_004/replacement_operator_values.csv,awaiting_operator_value,dry_run,false,"operator_value_required,evidence_ref_required,operator_clearance_required",fill operator_value for replacement_benchmark_id in replacement_operator_values.csv
4,hist_REQUIRED_MONOMER_004,target_identity_non_current_historical,operator_confirmed_true,REQUIRED_TRUE_CONFIRMATION,REQUIRED_OPERATOR_EVIDENCE_REF,REQUIRED_OPERATOR_CLEARANCE,casp17/historical_seed_strict_blind_replacement_intake/04_hist_required_monomer_004/replacement_candidate_intake.csv,casp17/historical_seed_strict_blind_replacement_intake/04_hist_required_monomer_004/replacement_operator_values.csv,awaiting_operator_value,dry_run,false,"operator_value_required,evidence_ref_required,operator_clearance_required",fill operator_value for target_identity_non_current_historical in replacement_operator_values.csv
4,hist_REQUIRED_MONOMER_004,prediction_created_at,authoritative_iso_date,YYYY-MM-DD,REQUIRED_OPERATOR_EVIDENCE_REF,REQUIRED_OPERATOR_CLEARANCE,casp17/historical_seed_strict_blind_replacement_intake/04_hist_required_monomer_004/replacement_candidate_intake.csv,casp17/historical_seed_strict_blind_replacement_intake/04_hist_required_monomer_004/replacement_operator_values.csv,awaiting_operator_value,dry_run,false,"operator_value_required,evidence_ref_required,operator_clearance_required",fill operator_value for prediction_created_at in replacement_operator_values.csv
4,hist_REQUIRED_MONOMER_004,native_release_date,authoritative_iso_date,YYYY-MM-DD,REQUIRED_OPERATOR_EVIDENCE_REF,REQUIRED_OPERATOR_CLEARANCE,casp17/historical_seed_strict_blind_replacement_intake/04_hist_required_monomer_004/replacement_candidate_intake.csv,casp17/historical_seed_strict_blind_replacement_intake/04_hist_required_monomer_004/replacement_operator_values.csv,awaiting_operator_value,dry_run,false,"operator_value_required,evidence_ref_required,operator_clearance_required",fill operator_value for native_release_date in replacement_operator_values.csv
4,hist_REQUIRED_MONOMER_004,prediction_generated_before_native_release,operator_confirmed_true,REQUIRED_TRUE_CONFIRMATION,REQUIRED_OPERATOR_EVIDENCE_REF,REQUIRED_OPERATOR_CLEARANCE,casp17/historical_seed_strict_blind_replacement_intake/04_hist_required_monomer_004/replacement_candidate_intake.csv,casp17/historical_seed_strict_blind_replacement_intake/04_hist_required_monomer_004/replacement_operator_values.csv,awaiting_operator_value,dry_run,false,"operator_value_required,evidence_ref_required,operator_clearance_required",fill operator_value for prediction_generated_before_native_release in replacement_operator_values.csv
4,hist_REQUIRED_MONOMER_004,public_template_or_native_used_for_prediction,operator_confirmed_false,REQUIRED_FALSE_CONFIRMATION,REQUIRED_OPERATOR_EVIDENCE_REF,REQUIRED_OPERATOR_CLEARANCE,casp17/historical_seed_strict_blind_replacement_intake/04_hist_required_monomer_004/replacement_candidate_intake.csv,casp17/historical_seed_strict_blind_replacement_intake/04_hist_required_monomer_004/replacement_operator_values.csv,awaiting_operator_value,dry_run,false,"operator_value_required,evidence_ref_required,operator_clearance_required",fill operator_value for public_template_or_native_used_for_prediction in replacement_operator_values.csv
4,hist_REQUIRED_MONOMER_004,other_team_model_used,operator_confirmed_false,REQUIRED_FALSE_CONFIRMATION,REQUIRED_OPERATOR_EVIDENCE_REF,REQUIRED_OPERATOR_CLEARANCE,casp17/historical_seed_strict_blind_replacement_intake/04_hist_required_monomer_004/replacement_candidate_intake.csv,casp17/historical_seed_strict_blind_replacement_intake/04_hist_required_monomer_004/replacement_operator_values.csv,awaiting_operator_value,dry_run,false,"operator_value_required,evidence_ref_required,operator_clearance_required",fill operator_value for other_team_model_used in replacement_operator_values.csv
4,hist_REQUIRED_MONOMER_004,post_release_information_used,operator_confirmed_false,REQUIRED_FALSE_CONFIRMATION,REQUIRED_OPERATOR_EVIDENCE_REF,REQUIRED_OPERATOR_CLEARANCE,casp17/historical_seed_strict_blind_replacement_intake/04_hist_required_monomer_004/replacement_candidate_intake.csv,casp17/historical_seed_strict_blind_replacement_intake/04_hist_required_monomer_004/replacement_operator_values.csv,awaiting_operator_value,dry_run,false,"operator_value_required,evidence_ref_required,operator_clearance_required",fill operator_value for post_release_information_used in replacement_operator_values.csv
4,hist_REQUIRED_MONOMER_004,operator_clearance,operator_cleared,REQUIRED_OPERATOR_CLEARANCE,REQUIRED_OPERATOR_EVIDENCE_REF,REQUIRED_OPERATOR_CLEARANCE,casp17/historical_seed_strict_blind_replacement_intake/04_hist_required_monomer_004/replacement_candidate_intake.csv,casp17/historical_seed_strict_blind_replacement_intake/04_hist_required_monomer_004/replacement_operator_values.csv,awaiting_operator_value,dry_run,false,"operator_value_required,evidence_ref_required,operator_clearance_required",fill operator_value for operator_clearance in replacement_operator_values.csv
5,hist_REQUIRED_MONOMER_005,replacement_target_id,operator_supplied_non_placeholder,REQUIRED_REPLACEMENT_TARGET_ID,REQUIRED_OPERATOR_EVIDENCE_REF,REQUIRED_OPERATOR_CLEARANCE,casp17/historical_seed_strict_blind_replacement_intake/05_hist_required_monomer_005/replacement_candidate_intake.csv,casp17/historical_seed_strict_blind_replacement_intake/05_hist_required_monomer_005/replacement_operator_values.csv,awaiting_operator_value,dry_run,false,"operator_value_required,evidence_ref_required,operator_clearance_required",fill operator_value for replacement_target_id in replacement_operator_values.csv
5,hist_REQUIRED_MONOMER_005,replacement_benchmark_id,operator_supplied_non_placeholder,REQUIRED_REPLACEMENT_BENCHMARK_ID,REQUIRED_OPERATOR_EVIDENCE_REF,REQUIRED_OPERATOR_CLEARANCE,casp17/historical_seed_strict_blind_replacement_intake/05_hist_required_monomer_005/replacement_candidate_intake.csv,casp17/historical_seed_strict_blind_replacement_intake/05_hist_required_monomer_005/replacement_operator_values.csv,awaiting_operator_value,dry_run,false,"operator_value_required,evidence_ref_required,operator_clearance_required",fill operator_value for replacement_benchmark_id in replacement_operator_values.csv
5,hist_REQUIRED_MONOMER_005,target_identity_non_current_historical,operator_confirmed_true,REQUIRED_TRUE_CONFIRMATION,REQUIRED_OPERATOR_EVIDENCE_REF,REQUIRED_OPERATOR_CLEARANCE,casp17/historical_seed_strict_blind_replacement_intake/05_hist_required_monomer_005/replacement_candidate_intake.csv,casp17/historical_seed_strict_blind_replacement_intake/05_hist_required_monomer_005/replacement_operator_values.csv,awaiting_operator_value,dry_run,false,"operator_value_required,evidence_ref_required,operator_clearance_required",fill operator_value for target_identity_non_current_historical in replacement_operator_values.csv
5,hist_REQUIRED_MONOMER_005,prediction_created_at,authoritative_iso_date,YYYY-MM-DD,REQUIRED_OPERATOR_EVIDENCE_REF,REQUIRED_OPERATOR_CLEARANCE,casp17/historical_seed_strict_blind_replacement_intake/05_hist_required_monomer_005/replacement_candidate_intake.csv,casp17/historical_seed_strict_blind_replacement_intake/05_hist_required_monomer_005/replacement_operator_values.csv,awaiting_operator_value,dry_run,false,"operator_value_required,evidence_ref_required,operator_clearance_required",fill operator_value for prediction_created_at in replacement_operator_values.csv
5,hist_REQUIRED_MONOMER_005,native_release_date,authoritative_iso_date,YYYY-MM-DD,REQUIRED_OPERATOR_EVIDENCE_REF,REQUIRED_OPERATOR_CLEARANCE,casp17/historical_seed_strict_blind_replacement_intake/05_hist_required_monomer_005/replacement_candidate_intake.csv,casp17/historical_seed_strict_blind_replacement_intake/05_hist_required_monomer_005/replacement_operator_values.csv,awaiting_operator_value,dry_run,false,"operator_value_required,evidence_ref_required,operator_clearance_required",fill operator_value for native_release_date in replacement_operator_values.csv
5,hist_REQUIRED_MONOMER_005,prediction_generated_before_native_release,operator_confirmed_true,REQUIRED_TRUE_CONFIRMATION,REQUIRED_OPERATOR_EVIDENCE_REF,REQUIRED_OPERATOR_CLEARANCE,casp17/historical_seed_strict_blind_replacement_intake/05_hist_required_monomer_005/replacement_candidate_intake.csv,casp17/historical_seed_strict_blind_replacement_intake/05_hist_required_monomer_005/replacement_operator_values.csv,awaiting_operator_value,dry_run,false,"operator_value_required,evidence_ref_required,operator_clearance_required",fill operator_value for prediction_generated_before_native_release in replacement_operator_values.csv
5,hist_REQUIRED_MONOMER_005,public_template_or_native_used_for_prediction,operator_confirmed_false,REQUIRED_FALSE_CONFIRMATION,REQUIRED_OPERATOR_EVIDENCE_REF,REQUIRED_OPERATOR_CLEARANCE,casp17/historical_seed_strict_blind_replacement_intake/05_hist_required_monomer_005/replacement_candidate_intake.csv,casp17/historical_seed_strict_blind_replacement_intake/05_hist_required_monomer_005/replacement_operator_values.csv,awaiting_operator_value,dry_run,false,"operator_value_required,evidence_ref_required,operator_clearance_required",fill operator_value for public_template_or_native_used_for_prediction in replacement_operator_values.csv
5,hist_REQUIRED_MONOMER_005,other_team_model_used,operator_confirmed_false,REQUIRED_FALSE_CONFIRMATION,REQUIRED_OPERATOR_EVIDENCE_REF,REQUIRED_OPERATOR_CLEARANCE,casp17/historical_seed_strict_blind_replacement_intake/05_hist_required_monomer_005/replacement_candidate_intake.csv,casp17/historical_seed_strict_blind_replacement_intake/05_hist_required_monomer_005/replacement_operator_values.csv,awaiting_operator_value,dry_run,false,"operator_value_required,evidence_ref_required,operator_clearance_required",fill operator_value for other_team_model_used in replacement_operator_values.csv
5,hist_REQUIRED_MONOMER_005,post_release_information_used,operator_confirmed_false,REQUIRED_FALSE_CONFIRMATION,REQUIRED_OPERATOR_EVIDENCE_REF,REQUIRED_OPERATOR_CLEARANCE,casp17/historical_seed_strict_blind_replacement_intake/05_hist_required_monomer_005/replacement_candidate_intake.csv,casp17/historical_seed_strict_blind_replacement_intake/05_hist_required_monomer_005/replacement_operator_values.csv,awaiting_operator_value,dry_run,false,"operator_value_required,evidence_ref_required,operator_clearance_required",fill operator_value for post_release_information_used in replacement_operator_values.csv
5,hist_REQUIRED_MONOMER_005,operator_clearance,operator_cleared,REQUIRED_OPERATOR_CLEARANCE,REQUIRED_OPERATOR_EVIDENCE_REF,REQUIRED_OPERATOR_CLEARANCE,casp17/historical_seed_strict_blind_replacement_intake/05_hist_required_monomer_005/replacement_candidate_intake.csv,casp17/historical_seed_strict_blind_replacement_intake/05_hist_required_monomer_005/replacement_operator_values.csv,awaiting_operator_value,dry_run,false,"operator_value_required,evidence_ref_required,operator_clearance_required",fill operator_value for operator_clearance in replacement_operator_values.csv
6,hist_REQUIRED_MONOMER_006,replacement_target_id,operator_supplied_non_placeholder,REQUIRED_REPLACEMENT_TARGET_ID,REQUIRED_OPERATOR_EVIDENCE_REF,REQUIRED_OPERATOR_CLEARANCE,casp17/historical_seed_strict_blind_replacement_intake/06_hist_required_monomer_006/replacement_candidate_intake.csv,casp17/historical_seed_strict_blind_replacement_intake/06_hist_required_monomer_006/replacement_operator_values.csv,awaiting_operator_value,dry_run,false,"operator_value_required,evidence_ref_required,operator_clearance_required",fill operator_value for replacement_target_id in replacement_operator_values.csv
6,hist_REQUIRED_MONOMER_006,replacement_benchmark_id,operator_supplied_non_placeholder,REQUIRED_REPLACEMENT_BENCHMARK_ID,REQUIRED_OPERATOR_EVIDENCE_REF,REQUIRED_OPERATOR_CLEARANCE,casp17/historical_seed_strict_blind_replacement_intake/06_hist_required_monomer_006/replacement_candidate_intake.csv,casp17/historical_seed_strict_blind_replacement_intake/06_hist_required_monomer_006/replacement_operator_values.csv,awaiting_operator_value,dry_run,false,"operator_value_required,evidence_ref_required,operator_clearance_required",fill operator_value for replacement_benchmark_id in replacement_operator_values.csv
6,hist_REQUIRED_MONOMER_006,target_identity_non_current_historical,operator_confirmed_true,REQUIRED_TRUE_CONFIRMATION,REQUIRED_OPERATOR_EVIDENCE_REF,REQUIRED_OPERATOR_CLEARANCE,casp17/historical_seed_strict_blind_replacement_intake/06_hist_required_monomer_006/replacement_candidate_intake.csv,casp17/historical_seed_strict_blind_replacement_intake/06_hist_required_monomer_006/replacement_operator_values.csv,awaiting_operator_value,dry_run,false,"operator_value_required,evidence_ref_required,operator_clearance_required",fill operator_value for target_identity_non_current_historical in replacement_operator_values.csv
6,hist_REQUIRED_MONOMER_006,prediction_created_at,authoritative_iso_date,YYYY-MM-DD,REQUIRED_OPERATOR_EVIDENCE_REF,REQUIRED_OPERATOR_CLEARANCE,casp17/historical_seed_strict_blind_replacement_intake/06_hist_required_monomer_006/replacement_candidate_intake.csv,casp17/historical_seed_strict_blind_replacement_intake/06_hist_required_monomer_006/replacement_operator_values.csv,awaiting_operator_value,dry_run,false,"operator_value_required,evidence_ref_required,operator_clearance_required",fill operator_value for prediction_created_at in replacement_operator_values.csv
6,hist_REQUIRED_MONOMER_006,native_release_date,authoritative_iso_date,YYYY-MM-DD,REQUIRED_OPERATOR_EVIDENCE_REF,REQUIRED_OPERATOR_CLEARANCE,casp17/historical_seed_strict_blind_replacement_intake/06_hist_required_monomer_006/replacement_candidate_intake.csv,casp17/historical_seed_strict_blind_replacement_intake/06_hist_required_monomer_006/replacement_operator_values.csv,awaiting_operator_value,dry_run,false,"operator_value_required,evidence_ref_required,operator_clearance_required",fill operator_value for native_release_date in replacement_operator_values.csv
6,hist_REQUIRED_MONOMER_006,prediction_generated_before_native_release,operator_confirmed_true,REQUIRED_TRUE_CONFIRMATION,REQUIRED_OPERATOR_EVIDENCE_REF,REQUIRED_OPERATOR_CLEARANCE,casp17/historical_seed_strict_blind_replacement_intake/06_hist_required_monomer_006/replacement_candidate_intake.csv,casp17/historical_seed_strict_blind_replacement_intake/06_hist_required_monomer_006/replacement_operator_values.csv,awaiting_operator_value,dry_run,false,"operator_value_required,evidence_ref_required,operator_clearance_required",fill operator_value for prediction_generated_before_native_release in replacement_operator_values.csv
6,hist_REQUIRED_MONOMER_006,public_template_or_native_used_for_prediction,operator_confirmed_false,REQUIRED_FALSE_CONFIRMATION,REQUIRED_OPERATOR_EVIDENCE_REF,REQUIRED_OPERATOR_CLEARANCE,casp17/historical_seed_strict_blind_replacement_intake/06_hist_required_monomer_006/replacement_candidate_intake.csv,casp17/historical_seed_strict_blind_replacement_intake/06_hist_required_monomer_006/replacement_operator_values.csv,awaiting_operator_value,dry_run,false,"operator_value_required,evidence_ref_required,operator_clearance_required",fill operator_value for public_template_or_native_used_for_prediction in replacement_operator_values.csv
6,hist_REQUIRED_MONOMER_006,other_team_model_used,operator_confirmed_false,REQUIRED_FALSE_CONFIRMATION,REQUIRED_OPERATOR_EVIDENCE_REF,REQUIRED_OPERATOR_CLEARANCE,casp17/historical_seed_strict_blind_replacement_intake/06_hist_required_monomer_006/replacement_candidate_intake.csv,casp17/historical_seed_strict_blind_replacement_intake/06_hist_required_monomer_006/replacement_operator_values.csv,awaiting_operator_value,dry_run,false,"operator_value_required,evidence_ref_required,operator_clearance_required",fill operator_value for other_team_model_used in replacement_operator_values.csv
6,hist_REQUIRED_MONOMER_006,post_release_information_used,operator_confirmed_false,REQUIRED_FALSE_CONFIRMATION,REQUIRED_OPERATOR_EVIDENCE_REF,REQUIRED_OPERATOR_CLEARANCE,casp17/historical_seed_strict_blind_replacement_intake/06_hist_required_monomer_006/replacement_candidate_intake.csv,casp17/historical_seed_strict_blind_replacement_intake/06_hist_required_monomer_006/replacement_operator_values.csv,awaiting_operator_value,dry_run,false,"operator_value_required,evidence_ref_required,operator_clearance_required",fill operator_value for post_release_information_used in replacement_operator_values.csv
6,hist_REQUIRED_MONOMER_006,operator_clearance,operator_cleared,REQUIRED_OPERATOR_CLEARANCE,REQUIRED_OPERATOR_EVIDENCE_REF,REQUIRED_OPERATOR_CLEARANCE,casp17/historical_seed_strict_blind_replacement_intake/06_hist_required_monomer_006/replacement_candidate_intake.csv,casp17/historical_seed_strict_blind_replacement_intake/06_hist_required_monomer_006/replacement_operator_values.csv,awaiting_operator_value,dry_run,false,"operator_value_required,evidence_ref_required,operator_clearance_required",fill operator_value for operator_clearance in replacement_operator_values.csv
7,hist_REQUIRED_MONOMER_007,replacement_target_id,operator_supplied_non_placeholder,REQUIRED_REPLACEMENT_TARGET_ID,REQUIRED_OPERATOR_EVIDENCE_REF,REQUIRED_OPERATOR_CLEARANCE,casp17/historical_seed_strict_blind_replacement_intake/07_hist_required_monomer_007/replacement_candidate_intake.csv,casp17/historical_seed_strict_blind_replacement_intake/07_hist_required_monomer_007/replacement_operator_values.csv,awaiting_operator_value,dry_run,false,"operator_value_required,evidence_ref_required,operator_clearance_required",fill operator_value for replacement_target_id in replacement_operator_values.csv
7,hist_REQUIRED_MONOMER_007,replacement_benchmark_id,operator_supplied_non_placeholder,REQUIRED_REPLACEMENT_BENCHMARK_ID,REQUIRED_OPERATOR_EVIDENCE_REF,REQUIRED_OPERATOR_CLEARANCE,casp17/historical_seed_strict_blind_replacement_intake/07_hist_required_monomer_007/replacement_candidate_intake.csv,casp17/historical_seed_strict_blind_replacement_intake/07_hist_required_monomer_007/replacement_operator_values.csv,awaiting_operator_value,dry_run,false,"operator_value_required,evidence_ref_required,operator_clearance_required",fill operator_value for replacement_benchmark_id in replacement_operator_values.csv
7,hist_REQUIRED_MONOMER_007,target_identity_non_current_historical,operator_confirmed_true,REQUIRED_TRUE_CONFIRMATION,REQUIRED_OPERATOR_EVIDENCE_REF,REQUIRED_OPERATOR_CLEARANCE,casp17/historical_seed_strict_blind_replacement_intake/07_hist_required_monomer_007/replacement_candidate_intake.csv,casp17/historical_seed_strict_blind_replacement_intake/07_hist_required_monomer_007/replacement_operator_values.csv,awaiting_operator_value,dry_run,false,"operator_value_required,evidence_ref_required,operator_clearance_required",fill operator_value for target_identity_non_current_historical in replacement_operator_values.csv
7,hist_REQUIRED_MONOMER_007,prediction_created_at,authoritative_iso_date,YYYY-MM-DD,REQUIRED_OPERATOR_EVIDENCE_REF,REQUIRED_OPERATOR_CLEARANCE,casp17/historical_seed_strict_blind_replacement_intake/07_hist_required_monomer_007/replacement_candidate_intake.csv,casp17/historical_seed_strict_blind_replacement_intake/07_hist_required_monomer_007/replacement_operator_values.csv,awaiting_operator_value,dry_run,false,"operator_value_required,evidence_ref_required,operator_clearance_required",fill operator_value for prediction_created_at in replacement_operator_values.csv
7,hist_REQUIRED_MONOMER_007,native_release_date,authoritative_iso_date,YYYY-MM-DD,REQUIRED_OPERATOR_EVIDENCE_REF,REQUIRED_OPERATOR_CLEARANCE,casp17/historical_seed_strict_blind_replacement_intake/07_hist_required_monomer_007/replacement_candidate_intake.csv,casp17/historical_seed_strict_blind_replacement_intake/07_hist_required_monomer_007/replacement_operator_values.csv,awaiting_operator_value,dry_run,false,"operator_value_required,evidence_ref_required,operator_clearance_required",fill operator_value for native_release_date in replacement_operator_values.csv
7,hist_REQUIRED_MONOMER_007,prediction_generated_before_native_release,operator_confirmed_true,REQUIRED_TRUE_CONFIRMATION,REQUIRED_OPERATOR_EVIDENCE_REF,REQUIRED_OPERATOR_CLEARANCE,casp17/historical_seed_strict_blind_replacement_intake/07_hist_required_monomer_007/replacement_candidate_intake.csv,casp17/historical_seed_strict_blind_replacement_intake/07_hist_required_monomer_007/replacement_operator_values.csv,awaiting_operator_value,dry_run,false,"operator_value_required,evidence_ref_required,operator_clearance_required",fill operator_value for prediction_generated_before_native_release in replacement_operator_values.csv
7,hist_REQUIRED_MONOMER_007,public_template_or_native_used_for_prediction,operator_confirmed_false,REQUIRED_FALSE_CONFIRMATION,REQUIRED_OPERATOR_EVIDENCE_REF,REQUIRED_OPERATOR_CLEARANCE,casp17/historical_seed_strict_blind_replacement_intake/07_hist_required_monomer_007/replacement_candidate_intake.csv,casp17/historical_seed_strict_blind_replacement_intake/07_hist_required_monomer_007/replacement_operator_values.csv,awaiting_operator_value,dry_run,false,"operator_value_required,evidence_ref_required,operator_clearance_required",fill operator_value for public_template_or_native_used_for_prediction in replacement_operator_values.csv
7,hist_REQUIRED_MONOMER_007,other_team_model_used,operator_confirmed_false,REQUIRED_FALSE_CONFIRMATION,REQUIRED_OPERATOR_EVIDENCE_REF,REQUIRED_OPERATOR_CLEARANCE,casp17/historical_seed_strict_blind_replacement_intake/07_hist_required_monomer_007/replacement_candidate_intake.csv,casp17/historical_seed_strict_blind_replacement_intake/07_hist_required_monomer_007/replacement_operator_values.csv,awaiting_operator_value,dry_run,false,"operator_value_required,evidence_ref_required,operator_clearance_required",fill operator_value for other_team_model_used in replacement_operator_values.csv
7,hist_REQUIRED_MONOMER_007,post_release_information_used,operator_confirmed_false,REQUIRED_FALSE_CONFIRMATION,REQUIRED_OPERATOR_EVIDENCE_REF,REQUIRED_OPERATOR_CLEARANCE,casp17/historical_seed_strict_blind_replacement_intake/07_hist_required_monomer_007/replacement_candidate_intake.csv,casp17/historical_seed_strict_blind_replacement_intake/07_hist_required_monomer_007/replacement_operator_values.csv,awaiting_operator_value,dry_run,false,"operator_value_required,evidence_ref_required,operator_clearance_required",fill operator_value for post_release_information_used in replacement_operator_values.csv
7,hist_REQUIRED_MONOMER_007,operator_clearance,operator_cleared,REQUIRED_OPERATOR_CLEARANCE,REQUIRED_OPERATOR_EVIDENCE_REF,REQUIRED_OPERATOR_CLEARANCE,casp17/historical_seed_strict_blind_replacement_intake/07_hist_required_monomer_007/replacement_candidate_intake.csv,casp17/historical_seed_strict_blind_replacement_intake/07_hist_required_monomer_007/replacement_operator_values.csv,awaiting_operator_value,dry_run,false,"operator_value_required,evidence_ref_required,operator_clearance_required",fill operator_value for operator_clearance in replacement_operator_values.csv
8,hist_REQUIRED_MONOMER_008,replacement_target_id,operator_supplied_non_placeholder,REQUIRED_REPLACEMENT_TARGET_ID,REQUIRED_OPERATOR_EVIDENCE_REF,REQUIRED_OPERATOR_CLEARANCE,casp17/historical_seed_strict_blind_replacement_intake/08_hist_required_monomer_008/replacement_candidate_intake.csv,casp17/historical_seed_strict_blind_replacement_intake/08_hist_required_monomer_008/replacement_operator_values.csv,awaiting_operator_value,dry_run,false,"operator_value_required,evidence_ref_required,operator_clearance_required",fill operator_value for replacement_target_id in replacement_operator_values.csv
8,hist_REQUIRED_MONOMER_008,replacement_benchmark_id,operator_supplied_non_placeholder,REQUIRED_REPLACEMENT_BENCHMARK_ID,REQUIRED_OPERATOR_EVIDENCE_REF,REQUIRED_OPERATOR_CLEARANCE,casp17/historical_seed_strict_blind_replacement_intake/08_hist_required_monomer_008/replacement_candidate_intake.csv,casp17/historical_seed_strict_blind_replacement_intake/08_hist_required_monomer_008/replacement_operator_values.csv,awaiting_operator_value,dry_run,false,"operator_value_required,evidence_ref_required,operator_clearance_required",fill operator_value for replacement_benchmark_id in replacement_operator_values.csv
8,hist_REQUIRED_MONOMER_008,target_identity_non_current_historical,operator_confirmed_true,REQUIRED_TRUE_CONFIRMATION,REQUIRED_OPERATOR_EVIDENCE_REF,REQUIRED_OPERATOR_CLEARANCE,casp17/historical_seed_strict_blind_replacement_intake/08_hist_required_monomer_008/replacement_candidate_intake.csv,casp17/historical_seed_strict_blind_replacement_intake/08_hist_required_monomer_008/replacement_operator_values.csv,awaiting_operator_value,dry_run,false,"operator_value_required,evidence_ref_required,operator_clearance_required",fill operator_value for target_identity_non_current_historical in replacement_operator_values.csv
8,hist_REQUIRED_MONOMER_008,prediction_created_at,authoritative_iso_date,YYYY-MM-DD,REQUIRED_OPERATOR_EVIDENCE_REF,REQUIRED_OPERATOR_CLEARANCE,casp17/historical_seed_strict_blind_replacement_intake/08_hist_required_monomer_008/replacement_candidate_intake.csv,casp17/historical_seed_strict_blind_replacement_intake/08_hist_required_monomer_008/replacement_operator_values.csv,awaiting_operator_value,dry_run,false,"operator_value_required,evidence_ref_required,operator_clearance_required",fill operator_value for prediction_created_at in replacement_operator_values.csv
8,hist_REQUIRED_MONOMER_008,native_release_date,authoritative_iso_date,YYYY-MM-DD,REQUIRED_OPERATOR_EVIDENCE_REF,REQUIRED_OPERATOR_CLEARANCE,casp17/historical_seed_strict_blind_replacement_intake/08_hist_required_monomer_008/replacement_candidate_intake.csv,casp17/historical_seed_strict_blind_replacement_intake/08_hist_required_monomer_008/replacement_operator_values.csv,awaiting_operator_value,dry_run,false,"operator_value_required,evidence_ref_required,operator_clearance_required",fill operator_value for native_release_date in replacement_operator_values.csv
8,hist_REQUIRED_MONOMER_008,prediction_generated_before_native_release,operator_confirmed_true,REQUIRED_TRUE_CONFIRMATION,REQUIRED_OPERATOR_EVIDENCE_REF,REQUIRED_OPERATOR_CLEARANCE,casp17/historical_seed_strict_blind_replacement_intake/08_hist_required_monomer_008/replacement_candidate_intake.csv,casp17/historical_seed_strict_blind_replacement_intake/08_hist_required_monomer_008/replacement_operator_values.csv,awaiting_operator_value,dry_run,false,"operator_value_required,evidence_ref_required,operator_clearance_required",fill operator_value for prediction_generated_before_native_release in replacement_operator_values.csv
8,hist_REQUIRED_MONOMER_008,public_template_or_native_used_for_prediction,operator_confirmed_false,REQUIRED_FALSE_CONFIRMATION,REQUIRED_OPERATOR_EVIDENCE_REF,REQUIRED_OPERATOR_CLEARANCE,casp17/historical_seed_strict_blind_replacement_intake/08_hist_required_monomer_008/replacement_candidate_intake.csv,casp17/historical_seed_strict_blind_replacement_intake/08_hist_required_monomer_008/replacement_operator_values.csv,awaiting_operator_value,dry_run,false,"operator_value_required,evidence_ref_required,operator_clearance_required",fill operator_value for public_template_or_native_used_for_prediction in replacement_operator_values.csv
8,hist_REQUIRED_MONOMER_008,other_team_model_used,operator_confirmed_false,REQUIRED_FALSE_CONFIRMATION,REQUIRED_OPERATOR_EVIDENCE_REF,REQUIRED_OPERATOR_CLEARANCE,casp17/historical_seed_strict_blind_replacement_intake/08_hist_required_monomer_008/replacement_candidate_intake.csv,casp17/historical_seed_strict_blind_replacement_intake/08_hist_required_monomer_008/replacement_operator_values.csv,awaiting_operator_value,dry_run,false,"operator_value_required,evidence_ref_required,operator_clearance_required",fill operator_value for other_team_model_used in replacement_operator_values.csv
8,hist_REQUIRED_MONOMER_008,post_release_information_used,operator_confirmed_false,REQUIRED_FALSE_CONFIRMATION,REQUIRED_OPERATOR_EVIDENCE_REF,REQUIRED_OPERATOR_CLEARANCE,casp17/historical_seed_strict_blind_replacement_intake/08_hist_required_monomer_008/replacement_candidate_intake.csv,casp17/historical_seed_strict_blind_replacement_intake/08_hist_required_monomer_008/replacement_operator_values.csv,awaiting_operator_value,dry_run,false,"operator_value_required,evidence_ref_required,operator_clearance_required",fill operator_value for post_release_information_used in replacement_operator_values.csv
8,hist_REQUIRED_MONOMER_008,operator_clearance,operator_cleared,REQUIRED_OPERATOR_CLEARANCE,REQUIRED_OPERATOR_EVIDENCE_REF,REQUIRED_OPERATOR_CLEARANCE,casp17/historical_seed_strict_blind_replacement_intake/08_hist_required_monomer_008/replacement_candidate_intake.csv,casp17/historical_seed_strict_blind_replacement_intake/08_hist_required_monomer_008/replacement_operator_values.csv,awaiting_operator_value,dry_run,false,"operator_value_required,evidence_ref_required,operator_clearance_required",fill operator_value for operator_clearance in replacement_operator_values.csv
9,hist_REQUIRED_MONOMER_009,replacement_target_id,operator_supplied_non_placeholder,REQUIRED_REPLACEMENT_TARGET_ID,REQUIRED_OPERATOR_EVIDENCE_REF,REQUIRED_OPERATOR_CLEARANCE,casp17/historical_seed_strict_blind_replacement_intake/09_hist_required_monomer_009/replacement_candidate_intake.csv,casp17/historical_seed_strict_blind_replacement_intake/09_hist_required_monomer_009/replacement_operator_values.csv,awaiting_operator_value,dry_run,false,"operator_value_required,evidence_ref_required,operator_clearance_required",fill operator_value for replacement_target_id in replacement_operator_values.csv
9,hist_REQUIRED_MONOMER_009,replacement_benchmark_id,operator_supplied_non_placeholder,REQUIRED_REPLACEMENT_BENCHMARK_ID,REQUIRED_OPERATOR_EVIDENCE_REF,REQUIRED_OPERATOR_CLEARANCE,casp17/historical_seed_strict_blind_replacement_intake/09_hist_required_monomer_009/replacement_candidate_intake.csv,casp17/historical_seed_strict_blind_replacement_intake/09_hist_required_monomer_009/replacement_operator_values.csv,awaiting_operator_value,dry_run,false,"operator_value_required,evidence_ref_required,operator_clearance_required",fill operator_value for replacement_benchmark_id in replacement_operator_values.csv
9,hist_REQUIRED_MONOMER_009,target_identity_non_current_historical,operator_confirmed_true,REQUIRED_TRUE_CONFIRMATION,REQUIRED_OPERATOR_EVIDENCE_REF,REQUIRED_OPERATOR_CLEARANCE,casp17/historical_seed_strict_blind_replacement_intake/09_hist_required_monomer_009/replacement_candidate_intake.csv,casp17/historical_seed_strict_blind_replacement_intake/09_hist_required_monomer_009/replacement_operator_values.csv,awaiting_operator_value,dry_run,false,"operator_value_required,evidence_ref_required,operator_clearance_required",fill operator_value for target_identity_non_current_historical in replacement_operator_values.csv
9,hist_REQUIRED_MONOMER_009,prediction_created_at,authoritative_iso_date,YYYY-MM-DD,REQUIRED_OPERATOR_EVIDENCE_REF,REQUIRED_OPERATOR_CLEARANCE,casp17/historical_seed_strict_blind_replacement_intake/09_hist_required_monomer_009/replacement_candidate_intake.csv,casp17/historical_seed_strict_blind_replacement_intake/09_hist_required_monomer_009/replacement_operator_values.csv,awaiting_operator_value,dry_run,false,"operator_value_required,evidence_ref_required,operator_clearance_required",fill operator_value for prediction_created_at in replacement_operator_values.csv
9,hist_REQUIRED_MONOMER_009,native_release_date,authoritative_iso_date,YYYY-MM-DD,REQUIRED_OPERATOR_EVIDENCE_REF,REQUIRED_OPERATOR_CLEARANCE,casp17/historical_seed_strict_blind_replacement_intake/09_hist_required_monomer_009/replacement_candidate_intake.csv,casp17/historical_seed_strict_blind_replacement_intake/09_hist_required_monomer_009/replacement_operator_values.csv,awaiting_operator_value,dry_run,false,"operator_value_required,evidence_ref_required,operator_clearance_required",fill operator_value for native_release_date in replacement_operator_values.csv
9,hist_REQUIRED_MONOMER_009,prediction_generated_before_native_release,operator_confirmed_true,REQUIRED_TRUE_CONFIRMATION,REQUIRED_OPERATOR_EVIDENCE_REF,REQUIRED_OPERATOR_CLEARANCE,casp17/historical_seed_strict_blind_replacement_intake/09_hist_required_monomer_009/replacement_candidate_intake.csv,casp17/historical_seed_strict_blind_replacement_intake/09_hist_required_monomer_009/replacement_operator_values.csv,awaiting_operator_value,dry_run,false,"operator_value_required,evidence_ref_required,operator_clearance_required",fill operator_value for prediction_generated_before_native_release in replacement_operator_values.csv
9,hist_REQUIRED_MONOMER_009,public_template_or_native_used_for_prediction,operator_confirmed_false,REQUIRED_FALSE_CONFIRMATION,REQUIRED_OPERATOR_EVIDENCE_REF,REQUIRED_OPERATOR_CLEARANCE,casp17/historical_seed_strict_blind_replacement_intake/09_hist_required_monomer_009/replacement_candidate_intake.csv,casp17/historical_seed_strict_blind_replacement_intake/09_hist_required_monomer_009/replacement_operator_values.csv,awaiting_operator_value,dry_run,false,"operator_value_required,evidence_ref_required,operator_clearance_required",fill operator_value for public_template_or_native_used_for_prediction in replacement_operator_values.csv
9,hist_REQUIRED_MONOMER_009,other_team_model_used,operator_confirmed_false,REQUIRED_FALSE_CONFIRMATION,REQUIRED_OPERATOR_EVIDENCE_REF,REQUIRED_OPERATOR_CLEARANCE,casp17/historical_seed_strict_blind_replacement_intake/09_hist_required_monomer_009/replacement_candidate_intake.csv,casp17/historical_seed_strict_blind_replacement_intake/09_hist_required_monomer_009/replacement_operator_values.csv,awaiting_operator_value,dry_run,false,"operator_value_required,evidence_ref_required,operator_clearance_required",fill operator_value for other_team_model_used in replacement_operator_values.csv
9,hist_REQUIRED_MONOMER_009,post_release_information_used,operator_confirmed_false,REQUIRED_FALSE_CONFIRMATION,REQUIRED_OPERATOR_EVIDENCE_REF,REQUIRED_OPERATOR_CLEARANCE,casp17/historical_seed_strict_blind_replacement_intake/09_hist_required_monomer_009/replacement_candidate_intake.csv,casp17/historical_seed_strict_blind_replacement_intake/09_hist_required_monomer_009/replacement_operator_values.csv,awaiting_operator_value,dry_run,false,"operator_value_required,evidence_ref_required,operator_clearance_required",fill operator_value for post_release_information_used in replacement_operator_values.csv
9,hist_REQUIRED_MONOMER_009,operator_clearance,operator_cleared,REQUIRED_OPERATOR_CLEARANCE,REQUIRED_OPERATOR_EVIDENCE_REF,REQUIRED_OPERATOR_CLEARANCE,casp17/historical_seed_strict_blind_replacement_intake/09_hist_required_monomer_009/replacement_candidate_intake.csv,casp17/historical_seed_strict_blind_replacement_intake/09_hist_required_monomer_009/replacement_operator_values.csv,awaiting_operator_value,dry_run,false,"operator_value_required,evidence_ref_required,operator_clearance_required",fill operator_value for operator_clearance in replacement_operator_values.csv
10,hist_REQUIRED_MONOMER_010,replacement_target_id,operator_supplied_non_placeholder,REQUIRED_REPLACEMENT_TARGET_ID,REQUIRED_OPERATOR_EVIDENCE_REF,REQUIRED_OPERATOR_CLEARANCE,casp17/historical_seed_strict_blind_replacement_intake/10_hist_required_monomer_010/replacement_candidate_intake.csv,casp17/historical_seed_strict_blind_replacement_intake/10_hist_required_monomer_010/replacement_operator_values.csv,awaiting_operator_value,dry_run,false,"operator_value_required,evidence_ref_required,operator_clearance_required",fill operator_value for replacement_target_id in replacement_operator_values.csv
10,hist_REQUIRED_MONOMER_010,replacement_benchmark_id,operator_supplied_non_placeholder,REQUIRED_REPLACEMENT_BENCHMARK_ID,REQUIRED_OPERATOR_EVIDENCE_REF,REQUIRED_OPERATOR_CLEARANCE,casp17/historical_seed_strict_blind_replacement_intake/10_hist_required_monomer_010/replacement_candidate_intake.csv,casp17/historical_seed_strict_blind_replacement_intake/10_hist_required_monomer_010/replacement_operator_values.csv,awaiting_operator_value,dry_run,false,"operator_value_required,evidence_ref_required,operator_clearance_required",fill operator_value for replacement_benchmark_id in replacement_operator_values.csv
10,hist_REQUIRED_MONOMER_010,target_identity_non_current_historical,operator_confirmed_true,REQUIRED_TRUE_CONFIRMATION,REQUIRED_OPERATOR_EVIDENCE_REF,REQUIRED_OPERATOR_CLEARANCE,casp17/historical_seed_strict_blind_replacement_intake/10_hist_required_monomer_010/replacement_candidate_intake.csv,casp17/historical_seed_strict_blind_replacement_intake/10_hist_required_monomer_010/replacement_operator_values.csv,awaiting_operator_value,dry_run,false,"operator_value_required,evidence_ref_required,operator_clearance_required",fill operator_value for target_identity_non_current_historical in replacement_operator_values.csv
10,hist_REQUIRED_MONOMER_010,prediction_created_at,authoritative_iso_date,YYYY-MM-DD,REQUIRED_OPERATOR_EVIDENCE_REF,REQUIRED_OPERATOR_CLEARANCE,casp17/historical_seed_strict_blind_replacement_intake/10_hist_required_monomer_010/replacement_candidate_intake.csv,casp17/historical_seed_strict_blind_replacement_intake/10_hist_required_monomer_010/replacement_operator_values.csv,awaiting_operator_value,dry_run,false,"operator_value_required,evidence_ref_required,operator_clearance_required",fill operator_value for prediction_created_at in replacement_operator_values.csv
10,hist_REQUIRED_MONOMER_010,native_release_date,authoritative_iso_date,YYYY-MM-DD,REQUIRED_OPERATOR_EVIDENCE_REF,REQUIRED_OPERATOR_CLEARANCE,casp17/historical_seed_strict_blind_replacement_intake/10_hist_required_monomer_010/replacement_candidate_intake.csv,casp17/historical_seed_strict_blind_replacement_intake/10_hist_required_monomer_010/replacement_operator_values.csv,awaiting_operator_value,dry_run,false,"operator_value_required,evidence_ref_required,operator_clearance_required",fill operator_value for native_release_date in replacement_operator_values.csv
10,hist_REQUIRED_MONOMER_010,prediction_generated_before_native_release,operator_confirmed_true,REQUIRED_TRUE_CONFIRMATION,REQUIRED_OPERATOR_EVIDENCE_REF,REQUIRED_OPERATOR_CLEARANCE,casp17/historical_seed_strict_blind_replacement_intake/10_hist_required_monomer_010/replacement_candidate_intake.csv,casp17/historical_seed_strict_blind_replacement_intake/10_hist_required_monomer_010/replacement_operator_values.csv,awaiting_operator_value,dry_run,false,"operator_value_required,evidence_ref_required,operator_clearance_required",fill operator_value for prediction_generated_before_native_release in replacement_operator_values.csv
10,hist_REQUIRED_MONOMER_010,public_template_or_native_used_for_prediction,operator_confirmed_false,REQUIRED_FALSE_CONFIRMATION,REQUIRED_OPERATOR_EVIDENCE_REF,REQUIRED_OPERATOR_CLEARANCE,casp17/historical_seed_strict_blind_replacement_intake/10_hist_required_monomer_010/replacement_candidate_intake.csv,casp17/historical_seed_strict_blind_replacement_intake/10_hist_required_monomer_010/replacement_operator_values.csv,awaiting_operator_value,dry_run,false,"operator_value_required,evidence_ref_required,operator_clearance_required",fill operator_value for public_template_or_native_used_for_prediction in replacement_operator_values.csv
10,hist_REQUIRED_MONOMER_010,other_team_model_used,operator_confirmed_false,REQUIRED_FALSE_CONFIRMATION,REQUIRED_OPERATOR_EVIDENCE_REF,REQUIRED_OPERATOR_CLEARANCE,casp17/historical_seed_strict_blind_replacement_intake/10_hist_required_monomer_010/replacement_candidate_intake.csv,casp17/historical_seed_strict_blind_replacement_intake/10_hist_required_monomer_010/replacement_operator_values.csv,awaiting_operator_value,dry_run,false,"operator_value_required,evidence_ref_required,operator_clearance_required",fill operator_value for other_team_model_used in replacement_operator_values.csv
10,hist_REQUIRED_MONOMER_010,post_release_information_used,operator_confirmed_false,REQUIRED_FALSE_CONFIRMATION,REQUIRED_OPERATOR_EVIDENCE_REF,REQUIRED_OPERATOR_CLEARANCE,casp17/historical_seed_strict_blind_replacement_intake/10_hist_required_monomer_010/replacement_candidate_intake.csv,casp17/historical_seed_strict_blind_replacement_intake/10_hist_required_monomer_010/replacement_operator_values.csv,awaiting_operator_value,dry_run,false,"operator_value_required,evidence_ref_required,operator_clearance_required",fill operator_value for post_release_information_used in replacement_operator_values.csv
10,hist_REQUIRED_MONOMER_010,operator_clearance,operator_cleared,REQUIRED_OPERATOR_CLEARANCE,REQUIRED_OPERATOR_EVIDENCE_REF,REQUIRED_OPERATOR_CLEARANCE,casp17/historical_seed_strict_blind_replacement_intake/10_hist_required_monomer_010/replacement_candidate_intake.csv,casp17/historical_seed_strict_blind_replacement_intake/10_hist_required_monomer_010/replacement_operator_values.csv,awaiting_operator_value,dry_run,false,"operator_value_required,evidence_ref_required,operator_clearance_required",fill operator_value for operator_clearance in replacement_operator_values.csv
11,hist_REQUIRED_MONOMER_011,replacement_target_id,operator_supplied_non_placeholder,REQUIRED_REPLACEMENT_TARGET_ID,REQUIRED_OPERATOR_EVIDENCE_REF,REQUIRED_OPERATOR_CLEARANCE,casp17/historical_seed_strict_blind_replacement_intake/11_hist_required_monomer_011/replacement_candidate_intake.csv,casp17/historical_seed_strict_blind_replacement_intake/11_hist_required_monomer_011/replacement_operator_values.csv,awaiting_operator_value,dry_run,false,"operator_value_required,evidence_ref_required,operator_clearance_required",fill operator_value for replacement_target_id in replacement_operator_values.csv
11,hist_REQUIRED_MONOMER_011,replacement_benchmark_id,operator_supplied_non_placeholder,REQUIRED_REPLACEMENT_BENCHMARK_ID,REQUIRED_OPERATOR_EVIDENCE_REF,REQUIRED_OPERATOR_CLEARANCE,casp17/historical_seed_strict_blind_replacement_intake/11_hist_required_monomer_011/replacement_candidate_intake.csv,casp17/historical_seed_strict_blind_replacement_intake/11_hist_required_monomer_011/replacement_operator_values.csv,awaiting_operator_value,dry_run,false,"operator_value_required,evidence_ref_required,operator_clearance_required",fill operator_value for replacement_benchmark_id in replacement_operator_values.csv
11,hist_REQUIRED_MONOMER_011,target_identity_non_current_historical,operator_confirmed_true,REQUIRED_TRUE_CONFIRMATION,REQUIRED_OPERATOR_EVIDENCE_REF,REQUIRED_OPERATOR_CLEARANCE,casp17/historical_seed_strict_blind_replacement_intake/11_hist_required_monomer_011/replacement_candidate_intake.csv,casp17/historical_seed_strict_blind_replacement_intake/11_hist_required_monomer_011/replacement_operator_values.csv,awaiting_operator_value,dry_run,false,"operator_value_required,evidence_ref_required,operator_clearance_required",fill operator_value for target_identity_non_current_historical in replacement_operator_values.csv
11,hist_REQUIRED_MONOMER_011,prediction_created_at,authoritative_iso_date,YYYY-MM-DD,REQUIRED_OPERATOR_EVIDENCE_REF,REQUIRED_OPERATOR_CLEARANCE,casp17/historical_seed_strict_blind_replacement_intake/11_hist_required_monomer_011/replacement_candidate_intake.csv,casp17/historical_seed_strict_blind_replacement_intake/11_hist_required_monomer_011/replacement_operator_values.csv,awaiting_operator_value,dry_run,false,"operator_value_required,evidence_ref_required,operator_clearance_required",fill operator_value for prediction_created_at in replacement_operator_values.csv
11,hist_REQUIRED_MONOMER_011,native_release_date,authoritative_iso_date,YYYY-MM-DD,REQUIRED_OPERATOR_EVIDENCE_REF,REQUIRED_OPERATOR_CLEARANCE,casp17/historical_seed_strict_blind_replacement_intake/11_hist_required_monomer_011/replacement_candidate_intake.csv,casp17/historical_seed_strict_blind_replacement_intake/11_hist_required_monomer_011/replacement_operator_values.csv,awaiting_operator_value,dry_run,false,"operator_value_required,evidence_ref_required,operator_clearance_required",fill operator_value for native_release_date in replacement_operator_values.csv
11,hist_REQUIRED_MONOMER_011,prediction_generated_before_native_release,operator_confirmed_true,REQUIRED_TRUE_CONFIRMATION,REQUIRED_OPERATOR_EVIDENCE_REF,REQUIRED_OPERATOR_CLEARANCE,casp17/historical_seed_strict_blind_replacement_intake/11_hist_required_monomer_011/replacement_candidate_intake.csv,casp17/historical_seed_strict_blind_replacement_intake/11_hist_required_monomer_011/replacement_operator_values.csv,awaiting_operator_value,dry_run,false,"operator_value_required,evidence_ref_required,operator_clearance_required",fill operator_value for prediction_generated_before_native_release in replacement_operator_values.csv
11,hist_REQUIRED_MONOMER_011,public_template_or_native_used_for_prediction,operator_confirmed_false,REQUIRED_FALSE_CONFIRMATION,REQUIRED_OPERATOR_EVIDENCE_REF,REQUIRED_OPERATOR_CLEARANCE,casp17/historical_seed_strict_blind_replacement_intake/11_hist_required_monomer_011/replacement_candidate_intake.csv,casp17/historical_seed_strict_blind_replacement_intake/11_hist_required_monomer_011/replacement_operator_values.csv,awaiting_operator_value,dry_run,false,"operator_value_required,evidence_ref_required,operator_clearance_required",fill operator_value for public_template_or_native_used_for_prediction in replacement_operator_values.csv
11,hist_REQUIRED_MONOMER_011,other_team_model_used,operator_confirmed_false,REQUIRED_FALSE_CONFIRMATION,REQUIRED_OPERATOR_EVIDENCE_REF,REQUIRED_OPERATOR_CLEARANCE,casp17/historical_seed_strict_blind_replacement_intake/11_hist_required_monomer_011/replacement_candidate_intake.csv,casp17/historical_seed_strict_blind_replacement_intake/11_hist_required_monomer_011/replacement_operator_values.csv,awaiting_operator_value,dry_run,false,"operator_value_required,evidence_ref_required,operator_clearance_required",fill operator_value for other_team_model_used in replacement_operator_values.csv
11,hist_REQUIRED_MONOMER_011,post_release_information_used,operator_confirmed_false,REQUIRED_FALSE_CONFIRMATION,REQUIRED_OPERATOR_EVIDENCE_REF,REQUIRED_OPERATOR_CLEARANCE,casp17/historical_seed_strict_blind_replacement_intake/11_hist_required_monomer_011/replacement_candidate_intake.csv,casp17/historical_seed_strict_blind_replacement_intake/11_hist_required_monomer_011/replacement_operator_values.csv,awaiting_operator_value,dry_run,false,"operator_value_required,evidence_ref_required,operator_clearance_required",fill operator_value for post_release_information_used in replacement_operator_values.csv
11,hist_REQUIRED_MONOMER_011,operator_clearance,operator_cleared,REQUIRED_OPERATOR_CLEARANCE,REQUIRED_OPERATOR_EVIDENCE_REF,REQUIRED_OPERATOR_CLEARANCE,casp17/historical_seed_strict_blind_replacement_intake/11_hist_required_monomer_011/replacement_candidate_intake.csv,casp17/historical_seed_strict_blind_replacement_intake/11_hist_required_monomer_011/replacement_operator_values.csv,awaiting_operator_value,dry_run,false,"operator_value_required,evidence_ref_required,operator_clearance_required",fill operator_value for operator_clearance in replacement_operator_values.csv
12,hist_REQUIRED_MONOMER_012,replacement_target_id,operator_supplied_non_placeholder,REQUIRED_REPLACEMENT_TARGET_ID,REQUIRED_OPERATOR_EVIDENCE_REF,REQUIRED_OPERATOR_CLEARANCE,casp17/historical_seed_strict_blind_replacement_intake/12_hist_required_monomer_012/replacement_candidate_intake.csv,casp17/historical_seed_strict_blind_replacement_intake/12_hist_required_monomer_012/replacement_operator_values.csv,awaiting_operator_value,dry_run,false,"operator_value_required,evidence_ref_required,operator_clearance_required",fill operator_value for replacement_target_id in replacement_operator_values.csv
12,hist_REQUIRED_MONOMER_012,replacement_benchmark_id,operator_supplied_non_placeholder,REQUIRED_REPLACEMENT_BENCHMARK_ID,REQUIRED_OPERATOR_EVIDENCE_REF,REQUIRED_OPERATOR_CLEARANCE,casp17/historical_seed_strict_blind_replacement_intake/12_hist_required_monomer_012/replacement_candidate_intake.csv,casp17/historical_seed_strict_blind_replacement_intake/12_hist_required_monomer_012/replacement_operator_values.csv,awaiting_operator_value,dry_run,false,"operator_value_required,evidence_ref_required,operator_clearance_required",fill operator_value for replacement_benchmark_id in replacement_operator_values.csv
12,hist_REQUIRED_MONOMER_012,target_identity_non_current_historical,operator_confirmed_true,REQUIRED_TRUE_CONFIRMATION,REQUIRED_OPERATOR_EVIDENCE_REF,REQUIRED_OPERATOR_CLEARANCE,casp17/historical_seed_strict_blind_replacement_intake/12_hist_required_monomer_012/replacement_candidate_intake.csv,casp17/historical_seed_strict_blind_replacement_intake/12_hist_required_monomer_012/replacement_operator_values.csv,awaiting_operator_value,dry_run,false,"operator_value_required,evidence_ref_required,operator_clearance_required",fill operator_value for target_identity_non_current_historical in replacement_operator_values.csv
12,hist_REQUIRED_MONOMER_012,prediction_created_at,authoritative_iso_date,YYYY-MM-DD,REQUIRED_OPERATOR_EVIDENCE_REF,REQUIRED_OPERATOR_CLEARANCE,casp17/historical_seed_strict_blind_replacement_intake/12_hist_required_monomer_012/replacement_candidate_intake.csv,casp17/historical_seed_strict_blind_replacement_intake/12_hist_required_monomer_012/replacement_operator_values.csv,awaiting_operator_value,dry_run,false,"operator_value_required,evidence_ref_required,operator_clearance_required",fill operator_value for prediction_created_at in replacement_operator_values.csv
12,hist_REQUIRED_MONOMER_012,native_release_date,authoritative_iso_date,YYYY-MM-DD,REQUIRED_OPERATOR_EVIDENCE_REF,REQUIRED_OPERATOR_CLEARANCE,casp17/historical_seed_strict_blind_replacement_intake/12_hist_required_monomer_012/replacement_candidate_intake.csv,casp17/historical_seed_strict_blind_replacement_intake/12_hist_required_monomer_012/replacement_operator_values.csv,awaiting_operator_value,dry_run,false,"operator_value_required,evidence_ref_required,operator_clearance_required",fill operator_value for native_release_date in replacement_operator_values.csv
12,hist_REQUIRED_MONOMER_012,prediction_generated_before_native_release,operator_confirmed_true,REQUIRED_TRUE_CONFIRMATION,REQUIRED_OPERATOR_EVIDENCE_REF,REQUIRED_OPERATOR_CLEARANCE,casp17/historical_seed_strict_blind_replacement_intake/12_hist_required_monomer_012/replacement_candidate_intake.csv,casp17/historical_seed_strict_blind_replacement_intake/12_hist_required_monomer_012/replacement_operator_values.csv,awaiting_operator_value,dry_run,false,"operator_value_required,evidence_ref_required,operator_clearance_required",fill operator_value for prediction_generated_before_native_release in replacement_operator_values.csv
12,hist_REQUIRED_MONOMER_012,public_template_or_native_used_for_prediction,operator_confirmed_false,REQUIRED_FALSE_CONFIRMATION,REQUIRED_OPERATOR_EVIDENCE_REF,REQUIRED_OPERATOR_CLEARANCE,casp17/historical_seed_strict_blind_replacement_intake/12_hist_required_monomer_012/replacement_candidate_intake.csv,casp17/historical_seed_strict_blind_replacement_intake/12_hist_required_monomer_012/replacement_operator_values.csv,awaiting_operator_value,dry_run,false,"operator_value_required,evidence_ref_required,operator_clearance_required",fill operator_value for public_template_or_native_used_for_prediction in replacement_operator_values.csv
12,hist_REQUIRED_MONOMER_012,other_team_model_used,operator_confirmed_false,REQUIRED_FALSE_CONFIRMATION,REQUIRED_OPERATOR_EVIDENCE_REF,REQUIRED_OPERATOR_CLEARANCE,casp17/historical_seed_strict_blind_replacement_intake/12_hist_required_monomer_012/replacement_candidate_intake.csv,casp17/historical_seed_strict_blind_replacement_intake/12_hist_required_monomer_012/replacement_operator_values.csv,awaiting_operator_value,dry_run,false,"operator_value_required,evidence_ref_required,operator_clearance_required",fill operator_value for other_team_model_used in replacement_operator_values.csv
12,hist_REQUIRED_MONOMER_012,post_release_information_used,operator_confirmed_false,REQUIRED_FALSE_CONFIRMATION,REQUIRED_OPERATOR_EVIDENCE_REF,REQUIRED_OPERATOR_CLEARANCE,casp17/historical_seed_strict_blind_replacement_intake/12_hist_required_monomer_012/replacement_candidate_intake.csv,casp17/historical_seed_strict_blind_replacement_intake/12_hist_required_monomer_012/replacement_operator_values.csv,awaiting_operator_value,dry_run,false,"operator_value_required,evidence_ref_required,operator_clearance_required",fill operator_value for post_release_information_used in replacement_operator_values.csv
12,hist_REQUIRED_MONOMER_012,operator_clearance,operator_cleared,REQUIRED_OPERATOR_CLEARANCE,REQUIRED_OPERATOR_EVIDENCE_REF,REQUIRED_OPERATOR_CLEARANCE,casp17/historical_seed_strict_blind_replacement_intake/12_hist_required_monomer_012/replacement_candidate_intake.csv,casp17/historical_seed_strict_blind_replacement_intake/12_hist_required_monomer_012/replacement_operator_values.csv,awaiting_operator_value,dry_run,false,"operator_value_required,evidence_ref_required,operator_clearance_required",fill operator_value for operator_clearance in replacement_operator_values.csv
13,hist_REQUIRED_MONOMER_013,replacement_target_id,operator_supplied_non_placeholder,REQUIRED_REPLACEMENT_TARGET_ID,REQUIRED_OPERATOR_EVIDENCE_REF,REQUIRED_OPERATOR_CLEARANCE,casp17/historical_seed_strict_blind_replacement_intake/13_hist_required_monomer_013/replacement_candidate_intake.csv,casp17/historical_seed_strict_blind_replacement_intake/13_hist_required_monomer_013/replacement_operator_values.csv,awaiting_operator_value,dry_run,false,"operator_value_required,evidence_ref_required,operator_clearance_required",fill operator_value for replacement_target_id in replacement_operator_values.csv
13,hist_REQUIRED_MONOMER_013,replacement_benchmark_id,operator_supplied_non_placeholder,REQUIRED_REPLACEMENT_BENCHMARK_ID,REQUIRED_OPERATOR_EVIDENCE_REF,REQUIRED_OPERATOR_CLEARANCE,casp17/historical_seed_strict_blind_replacement_intake/13_hist_required_monomer_013/replacement_candidate_intake.csv,casp17/historical_seed_strict_blind_replacement_intake/13_hist_required_monomer_013/replacement_operator_values.csv,awaiting_operator_value,dry_run,false,"operator_value_required,evidence_ref_required,operator_clearance_required",fill operator_value for replacement_benchmark_id in replacement_operator_values.csv
13,hist_REQUIRED_MONOMER_013,target_identity_non_current_historical,operator_confirmed_true,REQUIRED_TRUE_CONFIRMATION,REQUIRED_OPERATOR_EVIDENCE_REF,REQUIRED_OPERATOR_CLEARANCE,casp17/historical_seed_strict_blind_replacement_intake/13_hist_required_monomer_013/replacement_candidate_intake.csv,casp17/historical_seed_strict_blind_replacement_intake/13_hist_required_monomer_013/replacement_operator_values.csv,awaiting_operator_value,dry_run,false,"operator_value_required,evidence_ref_required,operator_clearance_required",fill operator_value for target_identity_non_current_historical in replacement_operator_values.csv
13,hist_REQUIRED_MONOMER_013,prediction_created_at,authoritative_iso_date,YYYY-MM-DD,REQUIRED_OPERATOR_EVIDENCE_REF,REQUIRED_OPERATOR_CLEARANCE,casp17/historical_seed_strict_blind_replacement_intake/13_hist_required_monomer_013/replacement_candidate_intake.csv,casp17/historical_seed_strict_blind_replacement_intake/13_hist_required_monomer_013/replacement_operator_values.csv,awaiting_operator_value,dry_run,false,"operator_value_required,evidence_ref_required,operator_clearance_required",fill operator_value for prediction_created_at in replacement_operator_values.csv
13,hist_REQUIRED_MONOMER_013,native_release_date,authoritative_iso_date,YYYY-MM-DD,REQUIRED_OPERATOR_EVIDENCE_REF,REQUIRED_OPERATOR_CLEARANCE,casp17/historical_seed_strict_blind_replacement_intake/13_hist_required_monomer_013/replacement_candidate_intake.csv,casp17/historical_seed_strict_blind_replacement_intake/13_hist_required_monomer_013/replacement_operator_values.csv,awaiting_operator_value,dry_run,false,"operator_value_required,evidence_ref_required,operator_clearance_required",fill operator_value for native_release_date in replacement_operator_values.csv
13,hist_REQUIRED_MONOMER_013,prediction_generated_before_native_release,operator_confirmed_true,REQUIRED_TRUE_CONFIRMATION,REQUIRED_OPERATOR_EVIDENCE_REF,REQUIRED_OPERATOR_CLEARANCE,casp17/historical_seed_strict_blind_replacement_intake/13_hist_required_monomer_013/replacement_candidate_intake.csv,casp17/historical_seed_strict_blind_replacement_intake/13_hist_required_monomer_013/replacement_operator_values.csv,awaiting_operator_value,dry_run,false,"operator_value_required,evidence_ref_required,operator_clearance_required",fill operator_value for prediction_generated_before_native_release in replacement_operator_values.csv
13,hist_REQUIRED_MONOMER_013,public_template_or_native_used_for_prediction,operator_confirmed_false,REQUIRED_FALSE_CONFIRMATION,REQUIRED_OPERATOR_EVIDENCE_REF,REQUIRED_OPERATOR_CLEARANCE,casp17/historical_seed_strict_blind_replacement_intake/13_hist_required_monomer_013/replacement_candidate_intake.csv,casp17/historical_seed_strict_blind_replacement_intake/13_hist_required_monomer_013/replacement_operator_values.csv,awaiting_operator_value,dry_run,false,"operator_value_required,evidence_ref_required,operator_clearance_required",fill operator_value for public_template_or_native_used_for_prediction in replacement_operator_values.csv
13,hist_REQUIRED_MONOMER_013,other_team_model_used,operator_confirmed_false,REQUIRED_FALSE_CONFIRMATION,REQUIRED_OPERATOR_EVIDENCE_REF,REQUIRED_OPERATOR_CLEARANCE,casp17/historical_seed_strict_blind_replacement_intake/13_hist_required_monomer_013/replacement_candidate_intake.csv,casp17/historical_seed_strict_blind_replacement_intake/13_hist_required_monomer_013/replacement_operator_values.csv,awaiting_operator_value,dry_run,false,"operator_value_required,evidence_ref_required,operator_clearance_required",fill operator_value for other_team_model_used in replacement_operator_values.csv
13,hist_REQUIRED_MONOMER_013,post_release_information_used,operator_confirmed_false,REQUIRED_FALSE_CONFIRMATION,REQUIRED_OPERATOR_EVIDENCE_REF,REQUIRED_OPERATOR_CLEARANCE,casp17/historical_seed_strict_blind_replacement_intake/13_hist_required_monomer_013/replacement_candidate_intake.csv,casp17/historical_seed_strict_blind_replacement_intake/13_hist_required_monomer_013/replacement_operator_values.csv,awaiting_operator_value,dry_run,false,"operator_value_required,evidence_ref_required,operator_clearance_required",fill operator_value for post_release_information_used in replacement_operator_values.csv
13,hist_REQUIRED_MONOMER_013,operator_clearance,operator_cleared,REQUIRED_OPERATOR_CLEARANCE,REQUIRED_OPERATOR_EVIDENCE_REF,REQUIRED_OPERATOR_CLEARANCE,casp17/historical_seed_strict_blind_replacement_intake/13_hist_required_monomer_013/replacement_candidate_intake.csv,casp17/historical_seed_strict_blind_replacement_intake/13_hist_required_monomer_013/replacement_operator_values.csv,awaiting_operator_value,dry_run,false,"operator_value_required,evidence_ref_required,operator_clearance_required",fill operator_value for operator_clearance in replacement_operator_values.csv
14,hist_REQUIRED_MONOMER_014,replacement_target_id,operator_supplied_non_placeholder,REQUIRED_REPLACEMENT_TARGET_ID,REQUIRED_OPERATOR_EVIDENCE_REF,REQUIRED_OPERATOR_CLEARANCE,casp17/historical_seed_strict_blind_replacement_intake/14_hist_required_monomer_014/replacement_candidate_intake.csv,casp17/historical_seed_strict_blind_replacement_intake/14_hist_required_monomer_014/replacement_operator_values.csv,awaiting_operator_value,dry_run,false,"operator_value_required,evidence_ref_required,operator_clearance_required",fill operator_value for replacement_target_id in replacement_operator_values.csv
14,hist_REQUIRED_MONOMER_014,replacement_benchmark_id,operator_supplied_non_placeholder,REQUIRED_REPLACEMENT_BENCHMARK_ID,REQUIRED_OPERATOR_EVIDENCE_REF,REQUIRED_OPERATOR_CLEARANCE,casp17/historical_seed_strict_blind_replacement_intake/14_hist_required_monomer_014/replacement_candidate_intake.csv,casp17/historical_seed_strict_blind_replacement_intake/14_hist_required_monomer_014/replacement_operator_values.csv,awaiting_operator_value,dry_run,false,"operator_value_required,evidence_ref_required,operator_clearance_required",fill operator_value for replacement_benchmark_id in replacement_operator_values.csv
14,hist_REQUIRED_MONOMER_014,target_identity_non_current_historical,operator_confirmed_true,REQUIRED_TRUE_CONFIRMATION,REQUIRED_OPERATOR_EVIDENCE_REF,REQUIRED_OPERATOR_CLEARANCE,casp17/historical_seed_strict_blind_replacement_intake/14_hist_required_monomer_014/replacement_candidate_intake.csv,casp17/historical_seed_strict_blind_replacement_intake/14_hist_required_monomer_014/replacement_operator_values.csv,awaiting_operator_value,dry_run,false,"operator_value_required,evidence_ref_required,operator_clearance_required",fill operator_value for target_identity_non_current_historical in replacement_operator_values.csv
14,hist_REQUIRED_MONOMER_014,prediction_created_at,authoritative_iso_date,YYYY-MM-DD,REQUIRED_OPERATOR_EVIDENCE_REF,REQUIRED_OPERATOR_CLEARANCE,casp17/historical_seed_strict_blind_replacement_intake/14_hist_required_monomer_014/replacement_candidate_intake.csv,casp17/historical_seed_strict_blind_replacement_intake/14_hist_required_monomer_014/replacement_operator_values.csv,awaiting_operator_value,dry_run,false,"operator_value_required,evidence_ref_required,operator_clearance_required",fill operator_value for prediction_created_at in replacement_operator_values.csv
14,hist_REQUIRED_MONOMER_014,native_release_date,authoritative_iso_date,YYYY-MM-DD,REQUIRED_OPERATOR_EVIDENCE_REF,REQUIRED_OPERATOR_CLEARANCE,casp17/historical_seed_strict_blind_replacement_intake/14_hist_required_monomer_014/replacement_candidate_intake.csv,casp17/historical_seed_strict_blind_replacement_intake/14_hist_required_monomer_014/replacement_operator_values.csv,awaiting_operator_value,dry_run,false,"operator_value_required,evidence_ref_required,operator_clearance_required",fill operator_value for native_release_date in replacement_operator_values.csv
14,hist_REQUIRED_MONOMER_014,prediction_generated_before_native_release,operator_confirmed_true,REQUIRED_TRUE_CONFIRMATION,REQUIRED_OPERATOR_EVIDENCE_REF,REQUIRED_OPERATOR_CLEARANCE,casp17/historical_seed_strict_blind_replacement_intake/14_hist_required_monomer_014/replacement_candidate_intake.csv,casp17/historical_seed_strict_blind_replacement_intake/14_hist_required_monomer_014/replacement_operator_values.csv,awaiting_operator_value,dry_run,false,"operator_value_required,evidence_ref_required,operator_clearance_required",fill operator_value for prediction_generated_before_native_release in replacement_operator_values.csv
14,hist_REQUIRED_MONOMER_014,public_template_or_native_used_for_prediction,operator_confirmed_false,REQUIRED_FALSE_CONFIRMATION,REQUIRED_OPERATOR_EVIDENCE_REF,REQUIRED_OPERATOR_CLEARANCE,casp17/historical_seed_strict_blind_replacement_intake/14_hist_required_monomer_014/replacement_candidate_intake.csv,casp17/historical_seed_strict_blind_replacement_intake/14_hist_required_monomer_014/replacement_operator_values.csv,awaiting_operator_value,dry_run,false,"operator_value_required,evidence_ref_required,operator_clearance_required",fill operator_value for public_template_or_native_used_for_prediction in replacement_operator_values.csv
14,hist_REQUIRED_MONOMER_014,other_team_model_used,operator_confirmed_false,REQUIRED_FALSE_CONFIRMATION,REQUIRED_OPERATOR_EVIDENCE_REF,REQUIRED_OPERATOR_CLEARANCE,casp17/historical_seed_strict_blind_replacement_intake/14_hist_required_monomer_014/replacement_candidate_intake.csv,casp17/historical_seed_strict_blind_replacement_intake/14_hist_required_monomer_014/replacement_operator_values.csv,awaiting_operator_value,dry_run,false,"operator_value_required,evidence_ref_required,operator_clearance_required",fill operator_value for other_team_model_used in replacement_operator_values.csv
14,hist_REQUIRED_MONOMER_014,post_release_information_used,operator_confirmed_false,REQUIRED_FALSE_CONFIRMATION,REQUIRED_OPERATOR_EVIDENCE_REF,REQUIRED_OPERATOR_CLEARANCE,casp17/historical_seed_strict_blind_replacement_intake/14_hist_required_monomer_014/replacement_candidate_intake.csv,casp17/historical_seed_strict_blind_replacement_intake/14_hist_required_monomer_014/replacement_operator_values.csv,awaiting_operator_value,dry_run,false,"operator_value_required,evidence_ref_required,operator_clearance_required",fill operator_value for post_release_information_used in replacement_operator_values.csv
14,hist_REQUIRED_MONOMER_014,operator_clearance,operator_cleared,REQUIRED_OPERATOR_CLEARANCE,REQUIRED_OPERATOR_EVIDENCE_REF,REQUIRED_OPERATOR_CLEARANCE,casp17/historical_seed_strict_blind_replacement_intake/14_hist_required_monomer_014/replacement_candidate_intake.csv,casp17/historical_seed_strict_blind_replacement_intake/14_hist_required_monomer_014/replacement_operator_values.csv,awaiting_operator_value,dry_run,false,"operator_value_required,evidence_ref_required,operator_clearance_required",fill operator_value for operator_clearance in replacement_operator_values.csv
15,hist_REQUIRED_MONOMER_015,replacement_target_id,operator_supplied_non_placeholder,REQUIRED_REPLACEMENT_TARGET_ID,REQUIRED_OPERATOR_EVIDENCE_REF,REQUIRED_OPERATOR_CLEARANCE,casp17/historical_seed_strict_blind_replacement_intake/15_hist_required_monomer_015/replacement_candidate_intake.csv,casp17/historical_seed_strict_blind_replacement_intake/15_hist_required_monomer_015/replacement_operator_values.csv,awaiting_operator_value,dry_run,false,"operator_value_required,evidence_ref_required,operator_clearance_required",fill operator_value for replacement_target_id in replacement_operator_values.csv
15,hist_REQUIRED_MONOMER_015,replacement_benchmark_id,operator_supplied_non_placeholder,REQUIRED_REPLACEMENT_BENCHMARK_ID,REQUIRED_OPERATOR_EVIDENCE_REF,REQUIRED_OPERATOR_CLEARANCE,casp17/historical_seed_strict_blind_replacement_intake/15_hist_required_monomer_015/replacement_candidate_intake.csv,casp17/historical_seed_strict_blind_replacement_intake/15_hist_required_monomer_015/replacement_operator_values.csv,awaiting_operator_value,dry_run,false,"operator_value_required,evidence_ref_required,operator_clearance_required",fill operator_value for replacement_benchmark_id in replacement_operator_values.csv
15,hist_REQUIRED_MONOMER_015,target_identity_non_current_historical,operator_confirmed_true,REQUIRED_TRUE_CONFIRMATION,REQUIRED_OPERATOR_EVIDENCE_REF,REQUIRED_OPERATOR_CLEARANCE,casp17/historical_seed_strict_blind_replacement_intake/15_hist_required_monomer_015/replacement_candidate_intake.csv,casp17/historical_seed_strict_blind_replacement_intake/15_hist_required_monomer_015/replacement_operator_values.csv,awaiting_operator_value,dry_run,false,"operator_value_required,evidence_ref_required,operator_clearance_required",fill operator_value for target_identity_non_current_historical in replacement_operator_values.csv
15,hist_REQUIRED_MONOMER_015,prediction_created_at,authoritative_iso_date,YYYY-MM-DD,REQUIRED_OPERATOR_EVIDENCE_REF,REQUIRED_OPERATOR_CLEARANCE,casp17/historical_seed_strict_blind_replacement_intake/15_hist_required_monomer_015/replacement_candidate_intake.csv,casp17/historical_seed_strict_blind_replacement_intake/15_hist_required_monomer_015/replacement_operator_values.csv,awaiting_operator_value,dry_run,false,"operator_value_required,evidence_ref_required,operator_clearance_required",fill operator_value for prediction_created_at in replacement_operator_values.csv
15,hist_REQUIRED_MONOMER_015,native_release_date,authoritative_iso_date,YYYY-MM-DD,REQUIRED_OPERATOR_EVIDENCE_REF,REQUIRED_OPERATOR_CLEARANCE,casp17/historical_seed_strict_blind_replacement_intake/15_hist_required_monomer_015/replacement_candidate_intake.csv,casp17/historical_seed_strict_blind_replacement_intake/15_hist_required_monomer_015/replacement_operator_values.csv,awaiting_operator_value,dry_run,false,"operator_value_required,evidence_ref_required,operator_clearance_required",fill operator_value for native_release_date in replacement_operator_values.csv
15,hist_REQUIRED_MONOMER_015,prediction_generated_before_native_release,operator_confirmed_true,REQUIRED_TRUE_CONFIRMATION,REQUIRED_OPERATOR_EVIDENCE_REF,REQUIRED_OPERATOR_CLEARANCE,casp17/historical_seed_strict_blind_replacement_intake/15_hist_required_monomer_015/replacement_candidate_intake.csv,casp17/historical_seed_strict_blind_replacement_intake/15_hist_required_monomer_015/replacement_operator_values.csv,awaiting_operator_value,dry_run,false,"operator_value_required,evidence_ref_required,operator_clearance_required",fill operator_value for prediction_generated_before_native_release in replacement_operator_values.csv
15,hist_REQUIRED_MONOMER_015,public_template_or_native_used_for_prediction,operator_confirmed_false,REQUIRED_FALSE_CONFIRMATION,REQUIRED_OPERATOR_EVIDENCE_REF,REQUIRED_OPERATOR_CLEARANCE,casp17/historical_seed_strict_blind_replacement_intake/15_hist_required_monomer_015/replacement_candidate_intake.csv,casp17/historical_seed_strict_blind_replacement_intake/15_hist_required_monomer_015/replacement_operator_values.csv,awaiting_operator_value,dry_run,false,"operator_value_required,evidence_ref_required,operator_clearance_required",fill operator_value for public_template_or_native_used_for_prediction in replacement_operator_values.csv
15,hist_REQUIRED_MONOMER_015,other_team_model_used,operator_confirmed_false,REQUIRED_FALSE_CONFIRMATION,REQUIRED_OPERATOR_EVIDENCE_REF,REQUIRED_OPERATOR_CLEARANCE,casp17/historical_seed_strict_blind_replacement_intake/15_hist_required_monomer_015/replacement_candidate_intake.csv,casp17/historical_seed_strict_blind_replacement_intake/15_hist_required_monomer_015/replacement_operator_values.csv,awaiting_operator_value,dry_run,false,"operator_value_required,evidence_ref_required,operator_clearance_required",fill operator_value for other_team_model_used in replacement_operator_values.csv
15,hist_REQUIRED_MONOMER_015,post_release_information_used,operator_confirmed_false,REQUIRED_FALSE_CONFIRMATION,REQUIRED_OPERATOR_EVIDENCE_REF,REQUIRED_OPERATOR_CLEARANCE,casp17/historical_seed_strict_blind_replacement_intake/15_hist_required_monomer_015/replacement_candidate_intake.csv,casp17/historical_seed_strict_blind_replacement_intake/15_hist_required_monomer_015/replacement_operator_values.csv,awaiting_operator_value,dry_run,false,"operator_value_required,evidence_ref_required,operator_clearance_required",fill operator_value for post_release_information_used in replacement_operator_values.csv
15,hist_REQUIRED_MONOMER_015,operator_clearance,operator_cleared,REQUIRED_OPERATOR_CLEARANCE,REQUIRED_OPERATOR_EVIDENCE_REF,REQUIRED_OPERATOR_CLEARANCE,casp17/historical_seed_strict_blind_replacement_intake/15_hist_required_monomer_015/replacement_candidate_intake.csv,casp17/historical_seed_strict_blind_replacement_intake/15_hist_required_monomer_015/replacement_operator_values.csv,awaiting_operator_value,dry_run,false,"operator_value_required,evidence_ref_required,operator_clearance_required",fill operator_value for operator_clearance in replacement_operator_values.csv
16,hist_REQUIRED_MONOMER_016,replacement_target_id,operator_supplied_non_placeholder,REQUIRED_REPLACEMENT_TARGET_ID,REQUIRED_OPERATOR_EVIDENCE_REF,REQUIRED_OPERATOR_CLEARANCE,casp17/historical_seed_strict_blind_replacement_intake/16_hist_required_monomer_016/replacement_candidate_intake.csv,casp17/historical_seed_strict_blind_replacement_intake/16_hist_required_monomer_016/replacement_operator_values.csv,awaiting_operator_value,dry_run,false,"operator_value_required,evidence_ref_required,operator_clearance_required",fill operator_value for replacement_target_id in replacement_operator_values.csv
16,hist_REQUIRED_MONOMER_016,replacement_benchmark_id,operator_supplied_non_placeholder,REQUIRED_REPLACEMENT_BENCHMARK_ID,REQUIRED_OPERATOR_EVIDENCE_REF,REQUIRED_OPERATOR_CLEARANCE,casp17/historical_seed_strict_blind_replacement_intake/16_hist_required_monomer_016/replacement_candidate_intake.csv,casp17/historical_seed_strict_blind_replacement_intake/16_hist_required_monomer_016/replacement_operator_values.csv,awaiting_operator_value,dry_run,false,"operator_value_required,evidence_ref_required,operator_clearance_required",fill operator_value for replacement_benchmark_id in replacement_operator_values.csv
16,hist_REQUIRED_MONOMER_016,target_identity_non_current_historical,operator_confirmed_true,REQUIRED_TRUE_CONFIRMATION,REQUIRED_OPERATOR_EVIDENCE_REF,REQUIRED_OPERATOR_CLEARANCE,casp17/historical_seed_strict_blind_replacement_intake/16_hist_required_monomer_016/replacement_candidate_intake.csv,casp17/historical_seed_strict_blind_replacement_intake/16_hist_required_monomer_016/replacement_operator_values.csv,awaiting_operator_value,dry_run,false,"operator_value_required,evidence_ref_required,operator_clearance_required",fill operator_value for target_identity_non_current_historical in replacement_operator_values.csv
16,hist_REQUIRED_MONOMER_016,prediction_created_at,authoritative_iso_date,YYYY-MM-DD,REQUIRED_OPERATOR_EVIDENCE_REF,REQUIRED_OPERATOR_CLEARANCE,casp17/historical_seed_strict_blind_replacement_intake/16_hist_required_monomer_016/replacement_candidate_intake.csv,casp17/historical_seed_strict_blind_replacement_intake/16_hist_required_monomer_016/replacement_operator_values.csv,awaiting_operator_value,dry_run,false,"operator_value_required,evidence_ref_required,operator_clearance_required",fill operator_value for prediction_created_at in replacement_operator_values.csv
16,hist_REQUIRED_MONOMER_016,native_release_date,authoritative_iso_date,YYYY-MM-DD,REQUIRED_OPERATOR_EVIDENCE_REF,REQUIRED_OPERATOR_CLEARANCE,casp17/historical_seed_strict_blind_replacement_intake/16_hist_required_monomer_016/replacement_candidate_intake.csv,casp17/historical_seed_strict_blind_replacement_intake/16_hist_required_monomer_016/replacement_operator_values.csv,awaiting_operator_value,dry_run,false,"operator_value_required,evidence_ref_required,operator_clearance_required",fill operator_value for native_release_date in replacement_operator_values.csv
16,hist_REQUIRED_MONOMER_016,prediction_generated_before_native_release,operator_confirmed_true,REQUIRED_TRUE_CONFIRMATION,REQUIRED_OPERATOR_EVIDENCE_REF,REQUIRED_OPERATOR_CLEARANCE,casp17/historical_seed_strict_blind_replacement_intake/16_hist_required_monomer_016/replacement_candidate_intake.csv,casp17/historical_seed_strict_blind_replacement_intake/16_hist_required_monomer_016/replacement_operator_values.csv,awaiting_operator_value,dry_run,false,"operator_value_required,evidence_ref_required,operator_clearance_required",fill operator_value for prediction_generated_before_native_release in replacement_operator_values.csv
16,hist_REQUIRED_MONOMER_016,public_template_or_native_used_for_prediction,operator_confirmed_false,REQUIRED_FALSE_CONFIRMATION,REQUIRED_OPERATOR_EVIDENCE_REF,REQUIRED_OPERATOR_CLEARANCE,casp17/historical_seed_strict_blind_replacement_intake/16_hist_required_monomer_016/replacement_candidate_intake.csv,casp17/historical_seed_strict_blind_replacement_intake/16_hist_required_monomer_016/replacement_operator_values.csv,awaiting_operator_value,dry_run,false,"operator_value_required,evidence_ref_required,operator_clearance_required",fill operator_value for public_template_or_native_used_for_prediction in replacement_operator_values.csv
16,hist_REQUIRED_MONOMER_016,other_team_model_used,operator_confirmed_false,REQUIRED_FALSE_CONFIRMATION,REQUIRED_OPERATOR_EVIDENCE_REF,REQUIRED_OPERATOR_CLEARANCE,casp17/historical_seed_strict_blind_replacement_intake/16_hist_required_monomer_016/replacement_candidate_intake.csv,casp17/historical_seed_strict_blind_replacement_intake/16_hist_required_monomer_016/replacement_operator_values.csv,awaiting_operator_value,dry_run,false,"operator_value_required,evidence_ref_required,operator_clearance_required",fill operator_value for other_team_model_used in replacement_operator_values.csv
16,hist_REQUIRED_MONOMER_016,post_release_information_used,operator_confirmed_false,REQUIRED_FALSE_CONFIRMATION,REQUIRED_OPERATOR_EVIDENCE_REF,REQUIRED_OPERATOR_CLEARANCE,casp17/historical_seed_strict_blind_replacement_intake/16_hist_required_monomer_016/replacement_candidate_intake.csv,casp17/historical_seed_strict_blind_replacement_intake/16_hist_required_monomer_016/replacement_operator_values.csv,awaiting_operator_value,dry_run,false,"operator_value_required,evidence_ref_required,operator_clearance_required",fill operator_value for post_release_information_used in replacement_operator_values.csv
16,hist_REQUIRED_MONOMER_016,operator_clearance,operator_cleared,REQUIRED_OPERATOR_CLEARANCE,REQUIRED_OPERATOR_EVIDENCE_REF,REQUIRED_OPERATOR_CLEARANCE,casp17/historical_seed_strict_blind_replacement_intake/16_hist_required_monomer_016/replacement_candidate_intake.csv,casp17/historical_seed_strict_blind_replacement_intake/16_hist_required_monomer_016/replacement_operator_values.csv,awaiting_operator_value,dry_run,false,"operator_value_required,evidence_ref_required,operator_clearance_required",fill operator_value for operator_clearance in replacement_operator_values.csv
17,hist_REQUIRED_MONOMER_017,replacement_target_id,operator_supplied_non_placeholder,REQUIRED_REPLACEMENT_TARGET_ID,REQUIRED_OPERATOR_EVIDENCE_REF,REQUIRED_OPERATOR_CLEARANCE,casp17/historical_seed_strict_blind_replacement_intake/17_hist_required_monomer_017/replacement_candidate_intake.csv,casp17/historical_seed_strict_blind_replacement_intake/17_hist_required_monomer_017/replacement_operator_values.csv,awaiting_operator_value,dry_run,false,"operator_value_required,evidence_ref_required,operator_clearance_required",fill operator_value for replacement_target_id in replacement_operator_values.csv
17,hist_REQUIRED_MONOMER_017,replacement_benchmark_id,operator_supplied_non_placeholder,REQUIRED_REPLACEMENT_BENCHMARK_ID,REQUIRED_OPERATOR_EVIDENCE_REF,REQUIRED_OPERATOR_CLEARANCE,casp17/historical_seed_strict_blind_replacement_intake/17_hist_required_monomer_017/replacement_candidate_intake.csv,casp17/historical_seed_strict_blind_replacement_intake/17_hist_required_monomer_017/replacement_operator_values.csv,awaiting_operator_value,dry_run,false,"operator_value_required,evidence_ref_required,operator_clearance_required",fill operator_value for replacement_benchmark_id in replacement_operator_values.csv
17,hist_REQUIRED_MONOMER_017,target_identity_non_current_historical,operator_confirmed_true,REQUIRED_TRUE_CONFIRMATION,REQUIRED_OPERATOR_EVIDENCE_REF,REQUIRED_OPERATOR_CLEARANCE,casp17/historical_seed_strict_blind_replacement_intake/17_hist_required_monomer_017/replacement_candidate_intake.csv,casp17/historical_seed_strict_blind_replacement_intake/17_hist_required_monomer_017/replacement_operator_values.csv,awaiting_operator_value,dry_run,false,"operator_value_required,evidence_ref_required,operator_clearance_required",fill operator_value for target_identity_non_current_historical in replacement_operator_values.csv
17,hist_REQUIRED_MONOMER_017,prediction_created_at,authoritative_iso_date,YYYY-MM-DD,REQUIRED_OPERATOR_EVIDENCE_REF,REQUIRED_OPERATOR_CLEARANCE,casp17/historical_seed_strict_blind_replacement_intake/17_hist_required_monomer_017/replacement_candidate_intake.csv,casp17/historical_seed_strict_blind_replacement_intake/17_hist_required_monomer_017/replacement_operator_values.csv,awaiting_operator_value,dry_run,false,"operator_value_required,evidence_ref_required,operator_clearance_required",fill operator_value for prediction_created_at in replacement_operator_values.csv
17,hist_REQUIRED_MONOMER_017,native_release_date,authoritative_iso_date,YYYY-MM-DD,REQUIRED_OPERATOR_EVIDENCE_REF,REQUIRED_OPERATOR_CLEARANCE,casp17/historical_seed_strict_blind_replacement_intake/17_hist_required_monomer_017/replacement_candidate_intake.csv,casp17/historical_seed_strict_blind_replacement_intake/17_hist_required_monomer_017/replacement_operator_values.csv,awaiting_operator_value,dry_run,false,"operator_value_required,evidence_ref_required,operator_clearance_required",fill operator_value for native_release_date in replacement_operator_values.csv
17,hist_REQUIRED_MONOMER_017,prediction_generated_before_native_release,operator_confirmed_true,REQUIRED_TRUE_CONFIRMATION,REQUIRED_OPERATOR_EVIDENCE_REF,REQUIRED_OPERATOR_CLEARANCE,casp17/historical_seed_strict_blind_replacement_intake/17_hist_required_monomer_017/replacement_candidate_intake.csv,casp17/historical_seed_strict_blind_replacement_intake/17_hist_required_monomer_017/replacement_operator_values.csv,awaiting_operator_value,dry_run,false,"operator_value_required,evidence_ref_required,operator_clearance_required",fill operator_value for prediction_generated_before_native_release in replacement_operator_values.csv
17,hist_REQUIRED_MONOMER_017,public_template_or_native_used_for_prediction,operator_confirmed_false,REQUIRED_FALSE_CONFIRMATION,REQUIRED_OPERATOR_EVIDENCE_REF,REQUIRED_OPERATOR_CLEARANCE,casp17/historical_seed_strict_blind_replacement_intake/17_hist_required_monomer_017/replacement_candidate_intake.csv,casp17/historical_seed_strict_blind_replacement_intake/17_hist_required_monomer_017/replacement_operator_values.csv,awaiting_operator_value,dry_run,false,"operator_value_required,evidence_ref_required,operator_clearance_required",fill operator_value for public_template_or_native_used_for_prediction in replacement_operator_values.csv
17,hist_REQUIRED_MONOMER_017,other_team_model_used,operator_confirmed_false,REQUIRED_FALSE_CONFIRMATION,REQUIRED_OPERATOR_EVIDENCE_REF,REQUIRED_OPERATOR_CLEARANCE,casp17/historical_seed_strict_blind_replacement_intake/17_hist_required_monomer_017/replacement_candidate_intake.csv,casp17/historical_seed_strict_blind_replacement_intake/17_hist_required_monomer_017/replacement_operator_values.csv,awaiting_operator_value,dry_run,false,"operator_value_required,evidence_ref_required,operator_clearance_required",fill operator_value for other_team_model_used in replacement_operator_values.csv
17,hist_REQUIRED_MONOMER_017,post_release_information_used,operator_confirmed_false,REQUIRED_FALSE_CONFIRMATION,REQUIRED_OPERATOR_EVIDENCE_REF,REQUIRED_OPERATOR_CLEARANCE,casp17/historical_seed_strict_blind_replacement_intake/17_hist_required_monomer_017/replacement_candidate_intake.csv,casp17/historical_seed_strict_blind_replacement_intake/17_hist_required_monomer_017/replacement_operator_values.csv,awaiting_operator_value,dry_run,false,"operator_value_required,evidence_ref_required,operator_clearance_required",fill operator_value for post_release_information_used in replacement_operator_values.csv
17,hist_REQUIRED_MONOMER_017,operator_clearance,operator_cleared,REQUIRED_OPERATOR_CLEARANCE,REQUIRED_OPERATOR_EVIDENCE_REF,REQUIRED_OPERATOR_CLEARANCE,casp17/historical_seed_strict_blind_replacement_intake/17_hist_required_monomer_017/replacement_candidate_intake.csv,casp17/historical_seed_strict_blind_replacement_intake/17_hist_required_monomer_017/replacement_operator_values.csv,awaiting_operator_value,dry_run,false,"operator_value_required,evidence_ref_required,operator_clearance_required",fill operator_value for operator_clearance in replacement_operator_values.csv
18,hist_REQUIRED_MONOMER_018,replacement_target_id,operator_supplied_non_placeholder,REQUIRED_REPLACEMENT_TARGET_ID,REQUIRED_OPERATOR_EVIDENCE_REF,REQUIRED_OPERATOR_CLEARANCE,casp17/historical_seed_strict_blind_replacement_intake/18_hist_required_monomer_018/replacement_candidate_intake.csv,casp17/historical_seed_strict_blind_replacement_intake/18_hist_required_monomer_018/replacement_operator_values.csv,awaiting_operator_value,dry_run,false,"operator_value_required,evidence_ref_required,operator_clearance_required",fill operator_value for replacement_target_id in replacement_operator_values.csv
18,hist_REQUIRED_MONOMER_018,replacement_benchmark_id,operator_supplied_non_placeholder,REQUIRED_REPLACEMENT_BENCHMARK_ID,REQUIRED_OPERATOR_EVIDENCE_REF,REQUIRED_OPERATOR_CLEARANCE,casp17/historical_seed_strict_blind_replacement_intake/18_hist_required_monomer_018/replacement_candidate_intake.csv,casp17/historical_seed_strict_blind_replacement_intake/18_hist_required_monomer_018/replacement_operator_values.csv,awaiting_operator_value,dry_run,false,"operator_value_required,evidence_ref_required,operator_clearance_required",fill operator_value for replacement_benchmark_id in replacement_operator_values.csv
18,hist_REQUIRED_MONOMER_018,target_identity_non_current_historical,operator_confirmed_true,REQUIRED_TRUE_CONFIRMATION,REQUIRED_OPERATOR_EVIDENCE_REF,REQUIRED_OPERATOR_CLEARANCE,casp17/historical_seed_strict_blind_replacement_intake/18_hist_required_monomer_018/replacement_candidate_intake.csv,casp17/historical_seed_strict_blind_replacement_intake/18_hist_required_monomer_018/replacement_operator_values.csv,awaiting_operator_value,dry_run,false,"operator_value_required,evidence_ref_required,operator_clearance_required",fill operator_value for target_identity_non_current_historical in replacement_operator_values.csv
18,hist_REQUIRED_MONOMER_018,prediction_created_at,authoritative_iso_date,YYYY-MM-DD,REQUIRED_OPERATOR_EVIDENCE_REF,REQUIRED_OPERATOR_CLEARANCE,casp17/historical_seed_strict_blind_replacement_intake/18_hist_required_monomer_018/replacement_candidate_intake.csv,casp17/historical_seed_strict_blind_replacement_intake/18_hist_required_monomer_018/replacement_operator_values.csv,awaiting_operator_value,dry_run,false,"operator_value_required,evidence_ref_required,operator_clearance_required",fill operator_value for prediction_created_at in replacement_operator_values.csv
18,hist_REQUIRED_MONOMER_018,native_release_date,authoritative_iso_date,YYYY-MM-DD,REQUIRED_OPERATOR_EVIDENCE_REF,REQUIRED_OPERATOR_CLEARANCE,casp17/historical_seed_strict_blind_replacement_intake/18_hist_required_monomer_018/replacement_candidate_intake.csv,casp17/historical_seed_strict_blind_replacement_intake/18_hist_required_monomer_018/replacement_operator_values.csv,awaiting_operator_value,dry_run,false,"operator_value_required,evidence_ref_required,operator_clearance_required",fill operator_value for native_release_date in replacement_operator_values.csv
18,hist_REQUIRED_MONOMER_018,prediction_generated_before_native_release,operator_confirmed_true,REQUIRED_TRUE_CONFIRMATION,REQUIRED_OPERATOR_EVIDENCE_REF,REQUIRED_OPERATOR_CLEARANCE,casp17/historical_seed_strict_blind_replacement_intake/18_hist_required_monomer_018/replacement_candidate_intake.csv,casp17/historical_seed_strict_blind_replacement_intake/18_hist_required_monomer_018/replacement_operator_values.csv,awaiting_operator_value,dry_run,false,"operator_value_required,evidence_ref_required,operator_clearance_required",fill operator_value for prediction_generated_before_native_release in replacement_operator_values.csv
18,hist_REQUIRED_MONOMER_018,public_template_or_native_used_for_prediction,operator_confirmed_false,REQUIRED_FALSE_CONFIRMATION,REQUIRED_OPERATOR_EVIDENCE_REF,REQUIRED_OPERATOR_CLEARANCE,casp17/historical_seed_strict_blind_replacement_intake/18_hist_required_monomer_018/replacement_candidate_intake.csv,casp17/historical_seed_strict_blind_replacement_intake/18_hist_required_monomer_018/replacement_operator_values.csv,awaiting_operator_value,dry_run,false,"operator_value_required,evidence_ref_required,operator_clearance_required",fill operator_value for public_template_or_native_used_for_prediction in replacement_operator_values.csv
18,hist_REQUIRED_MONOMER_018,other_team_model_used,operator_confirmed_false,REQUIRED_FALSE_CONFIRMATION,REQUIRED_OPERATOR_EVIDENCE_REF,REQUIRED_OPERATOR_CLEARANCE,casp17/historical_seed_strict_blind_replacement_intake/18_hist_required_monomer_018/replacement_candidate_intake.csv,casp17/historical_seed_strict_blind_replacement_intake/18_hist_required_monomer_018/replacement_operator_values.csv,awaiting_operator_value,dry_run,false,"operator_value_required,evidence_ref_required,operator_clearance_required",fill operator_value for other_team_model_used in replacement_operator_values.csv
18,hist_REQUIRED_MONOMER_018,post_release_information_used,operator_confirmed_false,REQUIRED_FALSE_CONFIRMATION,REQUIRED_OPERATOR_EVIDENCE_REF,REQUIRED_OPERATOR_CLEARANCE,casp17/historical_seed_strict_blind_replacement_intake/18_hist_required_monomer_018/replacement_candidate_intake.csv,casp17/historical_seed_strict_blind_replacement_intake/18_hist_required_monomer_018/replacement_operator_values.csv,awaiting_operator_value,dry_run,false,"operator_value_required,evidence_ref_required,operator_clearance_required",fill operator_value for post_release_information_used in replacement_operator_values.csv
18,hist_REQUIRED_MONOMER_018,operator_clearance,operator_cleared,REQUIRED_OPERATOR_CLEARANCE,REQUIRED_OPERATOR_EVIDENCE_REF,REQUIRED_OPERATOR_CLEARANCE,casp17/historical_seed_strict_blind_replacement_intake/18_hist_required_monomer_018/replacement_candidate_intake.csv,casp17/historical_seed_strict_blind_replacement_intake/18_hist_required_monomer_018/replacement_operator_values.csv,awaiting_operator_value,dry_run,false,"operator_value_required,evidence_ref_required,operator_clearance_required",fill operator_value for operator_clearance in replacement_operator_values.csv
19,hist_REQUIRED_MONOMER_019,replacement_target_id,operator_supplied_non_placeholder,REQUIRED_REPLACEMENT_TARGET_ID,REQUIRED_OPERATOR_EVIDENCE_REF,REQUIRED_OPERATOR_CLEARANCE,casp17/historical_seed_strict_blind_replacement_intake/19_hist_required_monomer_019/replacement_candidate_intake.csv,casp17/historical_seed_strict_blind_replacement_intake/19_hist_required_monomer_019/replacement_operator_values.csv,awaiting_operator_value,dry_run,false,"operator_value_required,evidence_ref_required,operator_clearance_required",fill operator_value for replacement_target_id in replacement_operator_values.csv
19,hist_REQUIRED_MONOMER_019,replacement_benchmark_id,operator_supplied_non_placeholder,REQUIRED_REPLACEMENT_BENCHMARK_ID,REQUIRED_OPERATOR_EVIDENCE_REF,REQUIRED_OPERATOR_CLEARANCE,casp17/historical_seed_strict_blind_replacement_intake/19_hist_required_monomer_019/replacement_candidate_intake.csv,casp17/historical_seed_strict_blind_replacement_intake/19_hist_required_monomer_019/replacement_operator_values.csv,awaiting_operator_value,dry_run,false,"operator_value_required,evidence_ref_required,operator_clearance_required",fill operator_value for replacement_benchmark_id in replacement_operator_values.csv
19,hist_REQUIRED_MONOMER_019,target_identity_non_current_historical,operator_confirmed_true,REQUIRED_TRUE_CONFIRMATION,REQUIRED_OPERATOR_EVIDENCE_REF,REQUIRED_OPERATOR_CLEARANCE,casp17/historical_seed_strict_blind_replacement_intake/19_hist_required_monomer_019/replacement_candidate_intake.csv,casp17/historical_seed_strict_blind_replacement_intake/19_hist_required_monomer_019/replacement_operator_values.csv,awaiting_operator_value,dry_run,false,"operator_value_required,evidence_ref_required,operator_clearance_required",fill operator_value for target_identity_non_current_historical in replacement_operator_values.csv
19,hist_REQUIRED_MONOMER_019,prediction_created_at,authoritative_iso_date,YYYY-MM-DD,REQUIRED_OPERATOR_EVIDENCE_REF,REQUIRED_OPERATOR_CLEARANCE,casp17/historical_seed_strict_blind_replacement_intake/19_hist_required_monomer_019/replacement_candidate_intake.csv,casp17/historical_seed_strict_blind_replacement_intake/19_hist_required_monomer_019/replacement_operator_values.csv,awaiting_operator_value,dry_run,false,"operator_value_required,evidence_ref_required,operator_clearance_required",fill operator_value for prediction_created_at in replacement_operator_values.csv
19,hist_REQUIRED_MONOMER_019,native_release_date,authoritative_iso_date,YYYY-MM-DD,REQUIRED_OPERATOR_EVIDENCE_REF,REQUIRED_OPERATOR_CLEARANCE,casp17/historical_seed_strict_blind_replacement_intake/19_hist_required_monomer_019/replacement_candidate_intake.csv,casp17/historical_seed_strict_blind_replacement_intake/19_hist_required_monomer_019/replacement_operator_values.csv,awaiting_operator_value,dry_run,false,"operator_value_required,evidence_ref_required,operator_clearance_required",fill operator_value for native_release_date in replacement_operator_values.csv
19,hist_REQUIRED_MONOMER_019,prediction_generated_before_native_release,operator_confirmed_true,REQUIRED_TRUE_CONFIRMATION,REQUIRED_OPERATOR_EVIDENCE_REF,REQUIRED_OPERATOR_CLEARANCE,casp17/historical_seed_strict_blind_replacement_intake/19_hist_required_monomer_019/replacement_candidate_intake.csv,casp17/historical_seed_strict_blind_replacement_intake/19_hist_required_monomer_019/replacement_operator_values.csv,awaiting_operator_value,dry_run,false,"operator_value_required,evidence_ref_required,operator_clearance_required",fill operator_value for prediction_generated_before_native_release in replacement_operator_values.csv
19,hist_REQUIRED_MONOMER_019,public_template_or_native_used_for_prediction,operator_confirmed_false,REQUIRED_FALSE_CONFIRMATION,REQUIRED_OPERATOR_EVIDENCE_REF,REQUIRED_OPERATOR_CLEARANCE,casp17/historical_seed_strict_blind_replacement_intake/19_hist_required_monomer_019/replacement_candidate_intake.csv,casp17/historical_seed_strict_blind_replacement_intake/19_hist_required_monomer_019/replacement_operator_values.csv,awaiting_operator_value,dry_run,false,"operator_value_required,evidence_ref_required,operator_clearance_required",fill operator_value for public_template_or_native_used_for_prediction in replacement_operator_values.csv
19,hist_REQUIRED_MONOMER_019,other_team_model_used,operator_confirmed_false,REQUIRED_FALSE_CONFIRMATION,REQUIRED_OPERATOR_EVIDENCE_REF,REQUIRED_OPERATOR_CLEARANCE,casp17/historical_seed_strict_blind_replacement_intake/19_hist_required_monomer_019/replacement_candidate_intake.csv,casp17/historical_seed_strict_blind_replacement_intake/19_hist_required_monomer_019/replacement_operator_values.csv,awaiting_operator_value,dry_run,false,"operator_value_required,evidence_ref_required,operator_clearance_required",fill operator_value for other_team_model_used in replacement_operator_values.csv
19,hist_REQUIRED_MONOMER_019,post_release_information_used,operator_confirmed_false,REQUIRED_FALSE_CONFIRMATION,REQUIRED_OPERATOR_EVIDENCE_REF,REQUIRED_OPERATOR_CLEARANCE,casp17/historical_seed_strict_blind_replacement_intake/19_hist_required_monomer_019/replacement_candidate_intake.csv,casp17/historical_seed_strict_blind_replacement_intake/19_hist_required_monomer_019/replacement_operator_values.csv,awaiting_operator_value,dry_run,false,"operator_value_required,evidence_ref_required,operator_clearance_required",fill operator_value for post_release_information_used in replacement_operator_values.csv
19,hist_REQUIRED_MONOMER_019,operator_clearance,operator_cleared,REQUIRED_OPERATOR_CLEARANCE,REQUIRED_OPERATOR_EVIDENCE_REF,REQUIRED_OPERATOR_CLEARANCE,casp17/historical_seed_strict_blind_replacement_intake/19_hist_required_monomer_019/replacement_candidate_intake.csv,casp17/historical_seed_strict_blind_replacement_intake/19_hist_required_monomer_019/replacement_operator_values.csv,awaiting_operator_value,dry_run,false,"operator_value_required,evidence_ref_required,operator_clearance_required",fill operator_value for operator_clearance in replacement_operator_values.csv
20,hist_REQUIRED_MONOMER_020,replacement_target_id,operator_supplied_non_placeholder,REQUIRED_REPLACEMENT_TARGET_ID,REQUIRED_OPERATOR_EVIDENCE_REF,REQUIRED_OPERATOR_CLEARANCE,casp17/historical_seed_strict_blind_replacement_intake/20_hist_required_monomer_020/replacement_candidate_intake.csv,casp17/historical_seed_strict_blind_replacement_intake/20_hist_required_monomer_020/replacement_operator_values.csv,awaiting_operator_value,dry_run,false,"operator_value_required,evidence_ref_required,operator_clearance_required",fill operator_value for replacement_target_id in replacement_operator_values.csv
20,hist_REQUIRED_MONOMER_020,replacement_benchmark_id,operator_supplied_non_placeholder,REQUIRED_REPLACEMENT_BENCHMARK_ID,REQUIRED_OPERATOR_EVIDENCE_REF,REQUIRED_OPERATOR_CLEARANCE,casp17/historical_seed_strict_blind_replacement_intake/20_hist_required_monomer_020/replacement_candidate_intake.csv,casp17/historical_seed_strict_blind_replacement_intake/20_hist_required_monomer_020/replacement_operator_values.csv,awaiting_operator_value,dry_run,false,"operator_value_required,evidence_ref_required,operator_clearance_required",fill operator_value for replacement_benchmark_id in replacement_operator_values.csv
20,hist_REQUIRED_MONOMER_020,target_identity_non_current_historical,operator_confirmed_true,REQUIRED_TRUE_CONFIRMATION,REQUIRED_OPERATOR_EVIDENCE_REF,REQUIRED_OPERATOR_CLEARANCE,casp17/historical_seed_strict_blind_replacement_intake/20_hist_required_monomer_020/replacement_candidate_intake.csv,casp17/historical_seed_strict_blind_replacement_intake/20_hist_required_monomer_020/replacement_operator_values.csv,awaiting_operator_value,dry_run,false,"operator_value_required,evidence_ref_required,operator_clearance_required",fill operator_value for target_identity_non_current_historical in replacement_operator_values.csv
20,hist_REQUIRED_MONOMER_020,prediction_created_at,authoritative_iso_date,YYYY-MM-DD,REQUIRED_OPERATOR_EVIDENCE_REF,REQUIRED_OPERATOR_CLEARANCE,casp17/historical_seed_strict_blind_replacement_intake/20_hist_required_monomer_020/replacement_candidate_intake.csv,casp17/historical_seed_strict_blind_replacement_intake/20_hist_required_monomer_020/replacement_operator_values.csv,awaiting_operator_value,dry_run,false,"operator_value_required,evidence_ref_required,operator_clearance_required",fill operator_value for prediction_created_at in replacement_operator_values.csv
20,hist_REQUIRED_MONOMER_020,native_release_date,authoritative_iso_date,YYYY-MM-DD,REQUIRED_OPERATOR_EVIDENCE_REF,REQUIRED_OPERATOR_CLEARANCE,casp17/historical_seed_strict_blind_replacement_intake/20_hist_required_monomer_020/replacement_candidate_intake.csv,casp17/historical_seed_strict_blind_replacement_intake/20_hist_required_monomer_020/replacement_operator_values.csv,awaiting_operator_value,dry_run,false,"operator_value_required,evidence_ref_required,operator_clearance_required",fill operator_value for native_release_date in replacement_operator_values.csv
20,hist_REQUIRED_MONOMER_020,prediction_generated_before_native_release,operator_confirmed_true,REQUIRED_TRUE_CONFIRMATION,REQUIRED_OPERATOR_EVIDENCE_REF,REQUIRED_OPERATOR_CLEARANCE,casp17/historical_seed_strict_blind_replacement_intake/20_hist_required_monomer_020/replacement_candidate_intake.csv,casp17/historical_seed_strict_blind_replacement_intake/20_hist_required_monomer_020/replacement_operator_values.csv,awaiting_operator_value,dry_run,false,"operator_value_required,evidence_ref_required,operator_clearance_required",fill operator_value for prediction_generated_before_native_release in replacement_operator_values.csv
20,hist_REQUIRED_MONOMER_020,public_template_or_native_used_for_prediction,operator_confirmed_false,REQUIRED_FALSE_CONFIRMATION,REQUIRED_OPERATOR_EVIDENCE_REF,REQUIRED_OPERATOR_CLEARANCE,casp17/historical_seed_strict_blind_replacement_intake/20_hist_required_monomer_020/replacement_candidate_intake.csv,casp17/historical_seed_strict_blind_replacement_intake/20_hist_required_monomer_020/replacement_operator_values.csv,awaiting_operator_value,dry_run,false,"operator_value_required,evidence_ref_required,operator_clearance_required",fill operator_value for public_template_or_native_used_for_prediction in replacement_operator_values.csv
20,hist_REQUIRED_MONOMER_020,other_team_model_used,operator_confirmed_false,REQUIRED_FALSE_CONFIRMATION,REQUIRED_OPERATOR_EVIDENCE_REF,REQUIRED_OPERATOR_CLEARANCE,casp17/historical_seed_strict_blind_replacement_intake/20_hist_required_monomer_020/replacement_candidate_intake.csv,casp17/historical_seed_strict_blind_replacement_intake/20_hist_required_monomer_020/replacement_operator_values.csv,awaiting_operator_value,dry_run,false,"operator_value_required,evidence_ref_required,operator_clearance_required",fill operator_value for other_team_model_used in replacement_operator_values.csv
20,hist_REQUIRED_MONOMER_020,post_release_information_used,operator_confirmed_false,REQUIRED_FALSE_CONFIRMATION,REQUIRED_OPERATOR_EVIDENCE_REF,REQUIRED_OPERATOR_CLEARANCE,casp17/historical_seed_strict_blind_replacement_intake/20_hist_required_monomer_020/replacement_candidate_intake.csv,casp17/historical_seed_strict_blind_replacement_intake/20_hist_required_monomer_020/replacement_operator_values.csv,awaiting_operator_value,dry_run,false,"operator_value_required,evidence_ref_required,operator_clearance_required",fill operator_value for post_release_information_used in replacement_operator_values.csv
20,hist_REQUIRED_MONOMER_020,operator_clearance,operator_cleared,REQUIRED_OPERATOR_CLEARANCE,REQUIRED_OPERATOR_EVIDENCE_REF,REQUIRED_OPERATOR_CLEARANCE,casp17/historical_seed_strict_blind_replacement_intake/20_hist_required_monomer_020/replacement_candidate_intake.csv,casp17/historical_seed_strict_blind_replacement_intake/20_hist_required_monomer_020/replacement_operator_values.csv,awaiting_operator_value,dry_run,false,"operator_value_required,evidence_ref_required,operator_clearance_required",fill operator_value for operator_clearance in replacement_operator_values.csv
21,hist_REQUIRED_MONOMER_021,replacement_target_id,operator_supplied_non_placeholder,REQUIRED_REPLACEMENT_TARGET_ID,REQUIRED_OPERATOR_EVIDENCE_REF,REQUIRED_OPERATOR_CLEARANCE,casp17/historical_seed_strict_blind_replacement_intake/21_hist_required_monomer_021/replacement_candidate_intake.csv,casp17/historical_seed_strict_blind_replacement_intake/21_hist_required_monomer_021/replacement_operator_values.csv,awaiting_operator_value,dry_run,false,"operator_value_required,evidence_ref_required,operator_clearance_required",fill operator_value for replacement_target_id in replacement_operator_values.csv
21,hist_REQUIRED_MONOMER_021,replacement_benchmark_id,operator_supplied_non_placeholder,REQUIRED_REPLACEMENT_BENCHMARK_ID,REQUIRED_OPERATOR_EVIDENCE_REF,REQUIRED_OPERATOR_CLEARANCE,casp17/historical_seed_strict_blind_replacement_intake/21_hist_required_monomer_021/replacement_candidate_intake.csv,casp17/historical_seed_strict_blind_replacement_intake/21_hist_required_monomer_021/replacement_operator_values.csv,awaiting_operator_value,dry_run,false,"operator_value_required,evidence_ref_required,operator_clearance_required",fill operator_value for replacement_benchmark_id in replacement_operator_values.csv
21,hist_REQUIRED_MONOMER_021,target_identity_non_current_historical,operator_confirmed_true,REQUIRED_TRUE_CONFIRMATION,REQUIRED_OPERATOR_EVIDENCE_REF,REQUIRED_OPERATOR_CLEARANCE,casp17/historical_seed_strict_blind_replacement_intake/21_hist_required_monomer_021/replacement_candidate_intake.csv,casp17/historical_seed_strict_blind_replacement_intake/21_hist_required_monomer_021/replacement_operator_values.csv,awaiting_operator_value,dry_run,false,"operator_value_required,evidence_ref_required,operator_clearance_required",fill operator_value for target_identity_non_current_historical in replacement_operator_values.csv
21,hist_REQUIRED_MONOMER_021,prediction_created_at,authoritative_iso_date,YYYY-MM-DD,REQUIRED_OPERATOR_EVIDENCE_REF,REQUIRED_OPERATOR_CLEARANCE,casp17/historical_seed_strict_blind_replacement_intake/21_hist_required_monomer_021/replacement_candidate_intake.csv,casp17/historical_seed_strict_blind_replacement_intake/21_hist_required_monomer_021/replacement_operator_values.csv,awaiting_operator_value,dry_run,false,"operator_value_required,evidence_ref_required,operator_clearance_required",fill operator_value for prediction_created_at in replacement_operator_values.csv
21,hist_REQUIRED_MONOMER_021,native_release_date,authoritative_iso_date,YYYY-MM-DD,REQUIRED_OPERATOR_EVIDENCE_REF,REQUIRED_OPERATOR_CLEARANCE,casp17/historical_seed_strict_blind_replacement_intake/21_hist_required_monomer_021/replacement_candidate_intake.csv,casp17/historical_seed_strict_blind_replacement_intake/21_hist_required_monomer_021/replacement_operator_values.csv,awaiting_operator_value,dry_run,false,"operator_value_required,evidence_ref_required,operator_clearance_required",fill operator_value for native_release_date in replacement_operator_values.csv
21,hist_REQUIRED_MONOMER_021,prediction_generated_before_native_release,operator_confirmed_true,REQUIRED_TRUE_CONFIRMATION,REQUIRED_OPERATOR_EVIDENCE_REF,REQUIRED_OPERATOR_CLEARANCE,casp17/historical_seed_strict_blind_replacement_intake/21_hist_required_monomer_021/replacement_candidate_intake.csv,casp17/historical_seed_strict_blind_replacement_intake/21_hist_required_monomer_021/replacement_operator_values.csv,awaiting_operator_value,dry_run,false,"operator_value_required,evidence_ref_required,operator_clearance_required",fill operator_value for prediction_generated_before_native_release in replacement_operator_values.csv
21,hist_REQUIRED_MONOMER_021,public_template_or_native_used_for_prediction,operator_confirmed_false,REQUIRED_FALSE_CONFIRMATION,REQUIRED_OPERATOR_EVIDENCE_REF,REQUIRED_OPERATOR_CLEARANCE,casp17/historical_seed_strict_blind_replacement_intake/21_hist_required_monomer_021/replacement_candidate_intake.csv,casp17/historical_seed_strict_blind_replacement_intake/21_hist_required_monomer_021/replacement_operator_values.csv,awaiting_operator_value,dry_run,false,"operator_value_required,evidence_ref_required,operator_clearance_required",fill operator_value for public_template_or_native_used_for_prediction in replacement_operator_values.csv
21,hist_REQUIRED_MONOMER_021,other_team_model_used,operator_confirmed_false,REQUIRED_FALSE_CONFIRMATION,REQUIRED_OPERATOR_EVIDENCE_REF,REQUIRED_OPERATOR_CLEARANCE,casp17/historical_seed_strict_blind_replacement_intake/21_hist_required_monomer_021/replacement_candidate_intake.csv,casp17/historical_seed_strict_blind_replacement_intake/21_hist_required_monomer_021/replacement_operator_values.csv,awaiting_operator_value,dry_run,false,"operator_value_required,evidence_ref_required,operator_clearance_required",fill operator_value for other_team_model_used in replacement_operator_values.csv
21,hist_REQUIRED_MONOMER_021,post_release_information_used,operator_confirmed_false,REQUIRED_FALSE_CONFIRMATION,REQUIRED_OPERATOR_EVIDENCE_REF,REQUIRED_OPERATOR_CLEARANCE,casp17/historical_seed_strict_blind_replacement_intake/21_hist_required_monomer_021/replacement_candidate_intake.csv,casp17/historical_seed_strict_blind_replacement_intake/21_hist_required_monomer_021/replacement_operator_values.csv,awaiting_operator_value,dry_run,false,"operator_value_required,evidence_ref_required,operator_clearance_required",fill operator_value for post_release_information_used in replacement_operator_values.csv
21,hist_REQUIRED_MONOMER_021,operator_clearance,operator_cleared,REQUIRED_OPERATOR_CLEARANCE,REQUIRED_OPERATOR_EVIDENCE_REF,REQUIRED_OPERATOR_CLEARANCE,casp17/historical_seed_strict_blind_replacement_intake/21_hist_required_monomer_021/replacement_candidate_intake.csv,casp17/historical_seed_strict_blind_replacement_intake/21_hist_required_monomer_021/replacement_operator_values.csv,awaiting_operator_value,dry_run,false,"operator_value_required,evidence_ref_required,operator_clearance_required",fill operator_value for operator_clearance in replacement_operator_values.csv
22,hist_REQUIRED_MONOMER_022,replacement_target_id,operator_supplied_non_placeholder,REQUIRED_REPLACEMENT_TARGET_ID,REQUIRED_OPERATOR_EVIDENCE_REF,REQUIRED_OPERATOR_CLEARANCE,casp17/historical_seed_strict_blind_replacement_intake/22_hist_required_monomer_022/replacement_candidate_intake.csv,casp17/historical_seed_strict_blind_replacement_intake/22_hist_required_monomer_022/replacement_operator_values.csv,awaiting_operator_value,dry_run,false,"operator_value_required,evidence_ref_required,operator_clearance_required",fill operator_value for replacement_target_id in replacement_operator_values.csv
22,hist_REQUIRED_MONOMER_022,replacement_benchmark_id,operator_supplied_non_placeholder,REQUIRED_REPLACEMENT_BENCHMARK_ID,REQUIRED_OPERATOR_EVIDENCE_REF,REQUIRED_OPERATOR_CLEARANCE,casp17/historical_seed_strict_blind_replacement_intake/22_hist_required_monomer_022/replacement_candidate_intake.csv,casp17/historical_seed_strict_blind_replacement_intake/22_hist_required_monomer_022/replacement_operator_values.csv,awaiting_operator_value,dry_run,false,"operator_value_required,evidence_ref_required,operator_clearance_required",fill operator_value for replacement_benchmark_id in replacement_operator_values.csv
22,hist_REQUIRED_MONOMER_022,target_identity_non_current_historical,operator_confirmed_true,REQUIRED_TRUE_CONFIRMATION,REQUIRED_OPERATOR_EVIDENCE_REF,REQUIRED_OPERATOR_CLEARANCE,casp17/historical_seed_strict_blind_replacement_intake/22_hist_required_monomer_022/replacement_candidate_intake.csv,casp17/historical_seed_strict_blind_replacement_intake/22_hist_required_monomer_022/replacement_operator_values.csv,awaiting_operator_value,dry_run,false,"operator_value_required,evidence_ref_required,operator_clearance_required",fill operator_value for target_identity_non_current_historical in replacement_operator_values.csv
22,hist_REQUIRED_MONOMER_022,prediction_created_at,authoritative_iso_date,YYYY-MM-DD,REQUIRED_OPERATOR_EVIDENCE_REF,REQUIRED_OPERATOR_CLEARANCE,casp17/historical_seed_strict_blind_replacement_intake/22_hist_required_monomer_022/replacement_candidate_intake.csv,casp17/historical_seed_strict_blind_replacement_intake/22_hist_required_monomer_022/replacement_operator_values.csv,awaiting_operator_value,dry_run,false,"operator_value_required,evidence_ref_required,operator_clearance_required",fill operator_value for prediction_created_at in replacement_operator_values.csv
22,hist_REQUIRED_MONOMER_022,native_release_date,authoritative_iso_date,YYYY-MM-DD,REQUIRED_OPERATOR_EVIDENCE_REF,REQUIRED_OPERATOR_CLEARANCE,casp17/historical_seed_strict_blind_replacement_intake/22_hist_required_monomer_022/replacement_candidate_intake.csv,casp17/historical_seed_strict_blind_replacement_intake/22_hist_required_monomer_022/replacement_operator_values.csv,awaiting_operator_value,dry_run,false,"operator_value_required,evidence_ref_required,operator_clearance_required",fill operator_value for native_release_date in replacement_operator_values.csv
22,hist_REQUIRED_MONOMER_022,prediction_generated_before_native_release,operator_confirmed_true,REQUIRED_TRUE_CONFIRMATION,REQUIRED_OPERATOR_EVIDENCE_REF,REQUIRED_OPERATOR_CLEARANCE,casp17/historical_seed_strict_blind_replacement_intake/22_hist_required_monomer_022/replacement_candidate_intake.csv,casp17/historical_seed_strict_blind_replacement_intake/22_hist_required_monomer_022/replacement_operator_values.csv,awaiting_operator_value,dry_run,false,"operator_value_required,evidence_ref_required,operator_clearance_required",fill operator_value for prediction_generated_before_native_release in replacement_operator_values.csv
22,hist_REQUIRED_MONOMER_022,public_template_or_native_used_for_prediction,operator_confirmed_false,REQUIRED_FALSE_CONFIRMATION,REQUIRED_OPERATOR_EVIDENCE_REF,REQUIRED_OPERATOR_CLEARANCE,casp17/historical_seed_strict_blind_replacement_intake/22_hist_required_monomer_022/replacement_candidate_intake.csv,casp17/historical_seed_strict_blind_replacement_intake/22_hist_required_monomer_022/replacement_operator_values.csv,awaiting_operator_value,dry_run,false,"operator_value_required,evidence_ref_required,operator_clearance_required",fill operator_value for public_template_or_native_used_for_prediction in replacement_operator_values.csv
22,hist_REQUIRED_MONOMER_022,other_team_model_used,operator_confirmed_false,REQUIRED_FALSE_CONFIRMATION,REQUIRED_OPERATOR_EVIDENCE_REF,REQUIRED_OPERATOR_CLEARANCE,casp17/historical_seed_strict_blind_replacement_intake/22_hist_required_monomer_022/replacement_candidate_intake.csv,casp17/historical_seed_strict_blind_replacement_intake/22_hist_required_monomer_022/replacement_operator_values.csv,awaiting_operator_value,dry_run,false,"operator_value_required,evidence_ref_required,operator_clearance_required",fill operator_value for other_team_model_used in replacement_operator_values.csv
22,hist_REQUIRED_MONOMER_022,post_release_information_used,operator_confirmed_false,REQUIRED_FALSE_CONFIRMATION,REQUIRED_OPERATOR_EVIDENCE_REF,REQUIRED_OPERATOR_CLEARANCE,casp17/historical_seed_strict_blind_replacement_intake/22_hist_required_monomer_022/replacement_candidate_intake.csv,casp17/historical_seed_strict_blind_replacement_intake/22_hist_required_monomer_022/replacement_operator_values.csv,awaiting_operator_value,dry_run,false,"operator_value_required,evidence_ref_required,operator_clearance_required",fill operator_value for post_release_information_used in replacement_operator_values.csv
22,hist_REQUIRED_MONOMER_022,operator_clearance,operator_cleared,REQUIRED_OPERATOR_CLEARANCE,REQUIRED_OPERATOR_EVIDENCE_REF,REQUIRED_OPERATOR_CLEARANCE,casp17/historical_seed_strict_blind_replacement_intake/22_hist_required_monomer_022/replacement_candidate_intake.csv,casp17/historical_seed_strict_blind_replacement_intake/22_hist_required_monomer_022/replacement_operator_values.csv,awaiting_operator_value,dry_run,false,"operator_value_required,evidence_ref_required,operator_clearance_required",fill operator_value for operator_clearance in replacement_operator_values.csv
23,hist_REQUIRED_MONOMER_023,replacement_target_id,operator_supplied_non_placeholder,REQUIRED_REPLACEMENT_TARGET_ID,REQUIRED_OPERATOR_EVIDENCE_REF,REQUIRED_OPERATOR_CLEARANCE,casp17/historical_seed_strict_blind_replacement_intake/23_hist_required_monomer_023/replacement_candidate_intake.csv,casp17/historical_seed_strict_blind_replacement_intake/23_hist_required_monomer_023/replacement_operator_values.csv,awaiting_operator_value,dry_run,false,"operator_value_required,evidence_ref_required,operator_clearance_required",fill operator_value for replacement_target_id in replacement_operator_values.csv
23,hist_REQUIRED_MONOMER_023,replacement_benchmark_id,operator_supplied_non_placeholder,REQUIRED_REPLACEMENT_BENCHMARK_ID,REQUIRED_OPERATOR_EVIDENCE_REF,REQUIRED_OPERATOR_CLEARANCE,casp17/historical_seed_strict_blind_replacement_intake/23_hist_required_monomer_023/replacement_candidate_intake.csv,casp17/historical_seed_strict_blind_replacement_intake/23_hist_required_monomer_023/replacement_operator_values.csv,awaiting_operator_value,dry_run,false,"operator_value_required,evidence_ref_required,operator_clearance_required",fill operator_value for replacement_benchmark_id in replacement_operator_values.csv
23,hist_REQUIRED_MONOMER_023,target_identity_non_current_historical,operator_confirmed_true,REQUIRED_TRUE_CONFIRMATION,REQUIRED_OPERATOR_EVIDENCE_REF,REQUIRED_OPERATOR_CLEARANCE,casp17/historical_seed_strict_blind_replacement_intake/23_hist_required_monomer_023/replacement_candidate_intake.csv,casp17/historical_seed_strict_blind_replacement_intake/23_hist_required_monomer_023/replacement_operator_values.csv,awaiting_operator_value,dry_run,false,"operator_value_required,evidence_ref_required,operator_clearance_required",fill operator_value for target_identity_non_current_historical in replacement_operator_values.csv
23,hist_REQUIRED_MONOMER_023,prediction_created_at,authoritative_iso_date,YYYY-MM-DD,REQUIRED_OPERATOR_EVIDENCE_REF,REQUIRED_OPERATOR_CLEARANCE,casp17/historical_seed_strict_blind_replacement_intake/23_hist_required_monomer_023/replacement_candidate_intake.csv,casp17/historical_seed_strict_blind_replacement_intake/23_hist_required_monomer_023/replacement_operator_values.csv,awaiting_operator_value,dry_run,false,"operator_value_required,evidence_ref_required,operator_clearance_required",fill operator_value for prediction_created_at in replacement_operator_values.csv
23,hist_REQUIRED_MONOMER_023,native_release_date,authoritative_iso_date,YYYY-MM-DD,REQUIRED_OPERATOR_EVIDENCE_REF,REQUIRED_OPERATOR_CLEARANCE,casp17/historical_seed_strict_blind_replacement_intake/23_hist_required_monomer_023/replacement_candidate_intake.csv,casp17/historical_seed_strict_blind_replacement_intake/23_hist_required_monomer_023/replacement_operator_values.csv,awaiting_operator_value,dry_run,false,"operator_value_required,evidence_ref_required,operator_clearance_required",fill operator_value for native_release_date in replacement_operator_values.csv
23,hist_REQUIRED_MONOMER_023,prediction_generated_before_native_release,operator_confirmed_true,REQUIRED_TRUE_CONFIRMATION,REQUIRED_OPERATOR_EVIDENCE_REF,REQUIRED_OPERATOR_CLEARANCE,casp17/historical_seed_strict_blind_replacement_intake/23_hist_required_monomer_023/replacement_candidate_intake.csv,casp17/historical_seed_strict_blind_replacement_intake/23_hist_required_monomer_023/replacement_operator_values.csv,awaiting_operator_value,dry_run,false,"operator_value_required,evidence_ref_required,operator_clearance_required",fill operator_value for prediction_generated_before_native_release in replacement_operator_values.csv
23,hist_REQUIRED_MONOMER_023,public_template_or_native_used_for_prediction,operator_confirmed_false,REQUIRED_FALSE_CONFIRMATION,REQUIRED_OPERATOR_EVIDENCE_REF,REQUIRED_OPERATOR_CLEARANCE,casp17/historical_seed_strict_blind_replacement_intake/23_hist_required_monomer_023/replacement_candidate_intake.csv,casp17/historical_seed_strict_blind_replacement_intake/23_hist_required_monomer_023/replacement_operator_values.csv,awaiting_operator_value,dry_run,false,"operator_value_required,evidence_ref_required,operator_clearance_required",fill operator_value for public_template_or_native_used_for_prediction in replacement_operator_values.csv
23,hist_REQUIRED_MONOMER_023,other_team_model_used,operator_confirmed_false,REQUIRED_FALSE_CONFIRMATION,REQUIRED_OPERATOR_EVIDENCE_REF,REQUIRED_OPERATOR_CLEARANCE,casp17/historical_seed_strict_blind_replacement_intake/23_hist_required_monomer_023/replacement_candidate_intake.csv,casp17/historical_seed_strict_blind_replacement_intake/23_hist_required_monomer_023/replacement_operator_values.csv,awaiting_operator_value,dry_run,false,"operator_value_required,evidence_ref_required,operator_clearance_required",fill operator_value for other_team_model_used in replacement_operator_values.csv
23,hist_REQUIRED_MONOMER_023,post_release_information_used,operator_confirmed_false,REQUIRED_FALSE_CONFIRMATION,REQUIRED_OPERATOR_EVIDENCE_REF,REQUIRED_OPERATOR_CLEARANCE,casp17/historical_seed_strict_blind_replacement_intake/23_hist_required_monomer_023/replacement_candidate_intake.csv,casp17/historical_seed_strict_blind_replacement_intake/23_hist_required_monomer_023/replacement_operator_values.csv,awaiting_operator_value,dry_run,false,"operator_value_required,evidence_ref_required,operator_clearance_required",fill operator_value for post_release_information_used in replacement_operator_values.csv
23,hist_REQUIRED_MONOMER_023,operator_clearance,operator_cleared,REQUIRED_OPERATOR_CLEARANCE,REQUIRED_OPERATOR_EVIDENCE_REF,REQUIRED_OPERATOR_CLEARANCE,casp17/historical_seed_strict_blind_replacement_intake/23_hist_required_monomer_023/replacement_candidate_intake.csv,casp17/historical_seed_strict_blind_replacement_intake/23_hist_required_monomer_023/replacement_operator_values.csv,awaiting_operator_value,dry_run,false,"operator_value_required,evidence_ref_required,operator_clearance_required",fill operator_value for operator_clearance in replacement_operator_values.csv
24,hist_REQUIRED_MONOMER_024,replacement_target_id,operator_supplied_non_placeholder,REQUIRED_REPLACEMENT_TARGET_ID,REQUIRED_OPERATOR_EVIDENCE_REF,REQUIRED_OPERATOR_CLEARANCE,casp17/historical_seed_strict_blind_replacement_intake/24_hist_required_monomer_024/replacement_candidate_intake.csv,casp17/historical_seed_strict_blind_replacement_intake/24_hist_required_monomer_024/replacement_operator_values.csv,awaiting_operator_value,dry_run,false,"operator_value_required,evidence_ref_required,operator_clearance_required",fill operator_value for replacement_target_id in replacement_operator_values.csv
24,hist_REQUIRED_MONOMER_024,replacement_benchmark_id,operator_supplied_non_placeholder,REQUIRED_REPLACEMENT_BENCHMARK_ID,REQUIRED_OPERATOR_EVIDENCE_REF,REQUIRED_OPERATOR_CLEARANCE,casp17/historical_seed_strict_blind_replacement_intake/24_hist_required_monomer_024/replacement_candidate_intake.csv,casp17/historical_seed_strict_blind_replacement_intake/24_hist_required_monomer_024/replacement_operator_values.csv,awaiting_operator_value,dry_run,false,"operator_value_required,evidence_ref_required,operator_clearance_required",fill operator_value for replacement_benchmark_id in replacement_operator_values.csv
24,hist_REQUIRED_MONOMER_024,target_identity_non_current_historical,operator_confirmed_true,REQUIRED_TRUE_CONFIRMATION,REQUIRED_OPERATOR_EVIDENCE_REF,REQUIRED_OPERATOR_CLEARANCE,casp17/historical_seed_strict_blind_replacement_intake/24_hist_required_monomer_024/replacement_candidate_intake.csv,casp17/historical_seed_strict_blind_replacement_intake/24_hist_required_monomer_024/replacement_operator_values.csv,awaiting_operator_value,dry_run,false,"operator_value_required,evidence_ref_required,operator_clearance_required",fill operator_value for target_identity_non_current_historical in replacement_operator_values.csv
24,hist_REQUIRED_MONOMER_024,prediction_created_at,authoritative_iso_date,YYYY-MM-DD,REQUIRED_OPERATOR_EVIDENCE_REF,REQUIRED_OPERATOR_CLEARANCE,casp17/historical_seed_strict_blind_replacement_intake/24_hist_required_monomer_024/replacement_candidate_intake.csv,casp17/historical_seed_strict_blind_replacement_intake/24_hist_required_monomer_024/replacement_operator_values.csv,awaiting_operator_value,dry_run,false,"operator_value_required,evidence_ref_required,operator_clearance_required",fill operator_value for prediction_created_at in replacement_operator_values.csv
24,hist_REQUIRED_MONOMER_024,native_release_date,authoritative_iso_date,YYYY-MM-DD,REQUIRED_OPERATOR_EVIDENCE_REF,REQUIRED_OPERATOR_CLEARANCE,casp17/historical_seed_strict_blind_replacement_intake/24_hist_required_monomer_024/replacement_candidate_intake.csv,casp17/historical_seed_strict_blind_replacement_intake/24_hist_required_monomer_024/replacement_operator_values.csv,awaiting_operator_value,dry_run,false,"operator_value_required,evidence_ref_required,operator_clearance_required",fill operator_value for native_release_date in replacement_operator_values.csv
24,hist_REQUIRED_MONOMER_024,prediction_generated_before_native_release,operator_confirmed_true,REQUIRED_TRUE_CONFIRMATION,REQUIRED_OPERATOR_EVIDENCE_REF,REQUIRED_OPERATOR_CLEARANCE,casp17/historical_seed_strict_blind_replacement_intake/24_hist_required_monomer_024/replacement_candidate_intake.csv,casp17/historical_seed_strict_blind_replacement_intake/24_hist_required_monomer_024/replacement_operator_values.csv,awaiting_operator_value,dry_run,false,"operator_value_required,evidence_ref_required,operator_clearance_required",fill operator_value for prediction_generated_before_native_release in replacement_operator_values.csv
24,hist_REQUIRED_MONOMER_024,public_template_or_native_used_for_prediction,operator_confirmed_false,REQUIRED_FALSE_CONFIRMATION,REQUIRED_OPERATOR_EVIDENCE_REF,REQUIRED_OPERATOR_CLEARANCE,casp17/historical_seed_strict_blind_replacement_intake/24_hist_required_monomer_024/replacement_candidate_intake.csv,casp17/historical_seed_strict_blind_replacement_intake/24_hist_required_monomer_024/replacement_operator_values.csv,awaiting_operator_value,dry_run,false,"operator_value_required,evidence_ref_required,operator_clearance_required",fill operator_value for public_template_or_native_used_for_prediction in replacement_operator_values.csv
24,hist_REQUIRED_MONOMER_024,other_team_model_used,operator_confirmed_false,REQUIRED_FALSE_CONFIRMATION,REQUIRED_OPERATOR_EVIDENCE_REF,REQUIRED_OPERATOR_CLEARANCE,casp17/historical_seed_strict_blind_replacement_intake/24_hist_required_monomer_024/replacement_candidate_intake.csv,casp17/historical_seed_strict_blind_replacement_intake/24_hist_required_monomer_024/replacement_operator_values.csv,awaiting_operator_value,dry_run,false,"operator_value_required,evidence_ref_required,operator_clearance_required",fill operator_value for other_team_model_used in replacement_operator_values.csv
24,hist_REQUIRED_MONOMER_024,post_release_information_used,operator_confirmed_false,REQUIRED_FALSE_CONFIRMATION,REQUIRED_OPERATOR_EVIDENCE_REF,REQUIRED_OPERATOR_CLEARANCE,casp17/historical_seed_strict_blind_replacement_intake/24_hist_required_monomer_024/replacement_candidate_intake.csv,casp17/historical_seed_strict_blind_replacement_intake/24_hist_required_monomer_024/replacement_operator_values.csv,awaiting_operator_value,dry_run,false,"operator_value_required,evidence_ref_required,operator_clearance_required",fill operator_value for post_release_information_used in replacement_operator_values.csv
24,hist_REQUIRED_MONOMER_024,operator_clearance,operator_cleared,REQUIRED_OPERATOR_CLEARANCE,REQUIRED_OPERATOR_EVIDENCE_REF,REQUIRED_OPERATOR_CLEARANCE,casp17/historical_seed_strict_blind_replacement_intake/24_hist_required_monomer_024/replacement_candidate_intake.csv,casp17/historical_seed_strict_blind_replacement_intake/24_hist_required_monomer_024/replacement_operator_values.csv,awaiting_operator_value,dry_run,false,"operator_value_required,evidence_ref_required,operator_clearance_required",fill operator_value for operator_clearance in replacement_operator_values.csv
25,hist_REQUIRED_MONOMER_025,replacement_target_id,operator_supplied_non_placeholder,REQUIRED_REPLACEMENT_TARGET_ID,REQUIRED_OPERATOR_EVIDENCE_REF,REQUIRED_OPERATOR_CLEARANCE,casp17/historical_seed_strict_blind_replacement_intake/25_hist_required_monomer_025/replacement_candidate_intake.csv,casp17/historical_seed_strict_blind_replacement_intake/25_hist_required_monomer_025/replacement_operator_values.csv,awaiting_operator_value,dry_run,false,"operator_value_required,evidence_ref_required,operator_clearance_required",fill operator_value for replacement_target_id in replacement_operator_values.csv
25,hist_REQUIRED_MONOMER_025,replacement_benchmark_id,operator_supplied_non_placeholder,REQUIRED_REPLACEMENT_BENCHMARK_ID,REQUIRED_OPERATOR_EVIDENCE_REF,REQUIRED_OPERATOR_CLEARANCE,casp17/historical_seed_strict_blind_replacement_intake/25_hist_required_monomer_025/replacement_candidate_intake.csv,casp17/historical_seed_strict_blind_replacement_intake/25_hist_required_monomer_025/replacement_operator_values.csv,awaiting_operator_value,dry_run,false,"operator_value_required,evidence_ref_required,operator_clearance_required",fill operator_value for replacement_benchmark_id in replacement_operator_values.csv
25,hist_REQUIRED_MONOMER_025,target_identity_non_current_historical,operator_confirmed_true,REQUIRED_TRUE_CONFIRMATION,REQUIRED_OPERATOR_EVIDENCE_REF,REQUIRED_OPERATOR_CLEARANCE,casp17/historical_seed_strict_blind_replacement_intake/25_hist_required_monomer_025/replacement_candidate_intake.csv,casp17/historical_seed_strict_blind_replacement_intake/25_hist_required_monomer_025/replacement_operator_values.csv,awaiting_operator_value,dry_run,false,"operator_value_required,evidence_ref_required,operator_clearance_required",fill operator_value for target_identity_non_current_historical in replacement_operator_values.csv
25,hist_REQUIRED_MONOMER_025,prediction_created_at,authoritative_iso_date,YYYY-MM-DD,REQUIRED_OPERATOR_EVIDENCE_REF,REQUIRED_OPERATOR_CLEARANCE,casp17/historical_seed_strict_blind_replacement_intake/25_hist_required_monomer_025/replacement_candidate_intake.csv,casp17/historical_seed_strict_blind_replacement_intake/25_hist_required_monomer_025/replacement_operator_values.csv,awaiting_operator_value,dry_run,false,"operator_value_required,evidence_ref_required,operator_clearance_required",fill operator_value for prediction_created_at in replacement_operator_values.csv
25,hist_REQUIRED_MONOMER_025,native_release_date,authoritative_iso_date,YYYY-MM-DD,REQUIRED_OPERATOR_EVIDENCE_REF,REQUIRED_OPERATOR_CLEARANCE,casp17/historical_seed_strict_blind_replacement_intake/25_hist_required_monomer_025/replacement_candidate_intake.csv,casp17/historical_seed_strict_blind_replacement_intake/25_hist_required_monomer_025/replacement_operator_values.csv,awaiting_operator_value,dry_run,false,"operator_value_required,evidence_ref_required,operator_clearance_required",fill operator_value for native_release_date in replacement_operator_values.csv
25,hist_REQUIRED_MONOMER_025,prediction_generated_before_native_release,operator_confirmed_true,REQUIRED_TRUE_CONFIRMATION,REQUIRED_OPERATOR_EVIDENCE_REF,REQUIRED_OPERATOR_CLEARANCE,casp17/historical_seed_strict_blind_replacement_intake/25_hist_required_monomer_025/replacement_candidate_intake.csv,casp17/historical_seed_strict_blind_replacement_intake/25_hist_required_monomer_025/replacement_operator_values.csv,awaiting_operator_value,dry_run,false,"operator_value_required,evidence_ref_required,operator_clearance_required",fill operator_value for prediction_generated_before_native_release in replacement_operator_values.csv
25,hist_REQUIRED_MONOMER_025,public_template_or_native_used_for_prediction,operator_confirmed_false,REQUIRED_FALSE_CONFIRMATION,REQUIRED_OPERATOR_EVIDENCE_REF,REQUIRED_OPERATOR_CLEARANCE,casp17/historical_seed_strict_blind_replacement_intake/25_hist_required_monomer_025/replacement_candidate_intake.csv,casp17/historical_seed_strict_blind_replacement_intake/25_hist_required_monomer_025/replacement_operator_values.csv,awaiting_operator_value,dry_run,false,"operator_value_required,evidence_ref_required,operator_clearance_required",fill operator_value for public_template_or_native_used_for_prediction in replacement_operator_values.csv
25,hist_REQUIRED_MONOMER_025,other_team_model_used,operator_confirmed_false,REQUIRED_FALSE_CONFIRMATION,REQUIRED_OPERATOR_EVIDENCE_REF,REQUIRED_OPERATOR_CLEARANCE,casp17/historical_seed_strict_blind_replacement_intake/25_hist_required_monomer_025/replacement_candidate_intake.csv,casp17/historical_seed_strict_blind_replacement_intake/25_hist_required_monomer_025/replacement_operator_values.csv,awaiting_operator_value,dry_run,false,"operator_value_required,evidence_ref_required,operator_clearance_required",fill operator_value for other_team_model_used in replacement_operator_values.csv
25,hist_REQUIRED_MONOMER_025,post_release_information_used,operator_confirmed_false,REQUIRED_FALSE_CONFIRMATION,REQUIRED_OPERATOR_EVIDENCE_REF,REQUIRED_OPERATOR_CLEARANCE,casp17/historical_seed_strict_blind_replacement_intake/25_hist_required_monomer_025/replacement_candidate_intake.csv,casp17/historical_seed_strict_blind_replacement_intake/25_hist_required_monomer_025/replacement_operator_values.csv,awaiting_operator_value,dry_run,false,"operator_value_required,evidence_ref_required,operator_clearance_required",fill operator_value for post_release_information_used in replacement_operator_values.csv
25,hist_REQUIRED_MONOMER_025,operator_clearance,operator_cleared,REQUIRED_OPERATOR_CLEARANCE,REQUIRED_OPERATOR_EVIDENCE_REF,REQUIRED_OPERATOR_CLEARANCE,casp17/historical_seed_strict_blind_replacement_intake/25_hist_required_monomer_025/replacement_candidate_intake.csv,casp17/historical_seed_strict_blind_replacement_intake/25_hist_required_monomer_025/replacement_operator_values.csv,awaiting_operator_value,dry_run,false,"operator_value_required,evidence_ref_required,operator_clearance_required",fill operator_value for operator_clearance in replacement_operator_values.csv
26,hist_REQUIRED_COMPLEX_001,replacement_target_id,operator_supplied_non_placeholder,REQUIRED_REPLACEMENT_TARGET_ID,REQUIRED_OPERATOR_EVIDENCE_REF,REQUIRED_OPERATOR_CLEARANCE,casp17/historical_seed_strict_blind_replacement_intake/26_hist_required_complex_001/replacement_candidate_intake.csv,casp17/historical_seed_strict_blind_replacement_intake/26_hist_required_complex_001/replacement_operator_values.csv,awaiting_operator_value,dry_run,false,"operator_value_required,evidence_ref_required,operator_clearance_required",fill operator_value for replacement_target_id in replacement_operator_values.csv
26,hist_REQUIRED_COMPLEX_001,replacement_benchmark_id,operator_supplied_non_placeholder,REQUIRED_REPLACEMENT_BENCHMARK_ID,REQUIRED_OPERATOR_EVIDENCE_REF,REQUIRED_OPERATOR_CLEARANCE,casp17/historical_seed_strict_blind_replacement_intake/26_hist_required_complex_001/replacement_candidate_intake.csv,casp17/historical_seed_strict_blind_replacement_intake/26_hist_required_complex_001/replacement_operator_values.csv,awaiting_operator_value,dry_run,false,"operator_value_required,evidence_ref_required,operator_clearance_required",fill operator_value for replacement_benchmark_id in replacement_operator_values.csv
26,hist_REQUIRED_COMPLEX_001,target_identity_non_current_historical,operator_confirmed_true,REQUIRED_TRUE_CONFIRMATION,REQUIRED_OPERATOR_EVIDENCE_REF,REQUIRED_OPERATOR_CLEARANCE,casp17/historical_seed_strict_blind_replacement_intake/26_hist_required_complex_001/replacement_candidate_intake.csv,casp17/historical_seed_strict_blind_replacement_intake/26_hist_required_complex_001/replacement_operator_values.csv,awaiting_operator_value,dry_run,false,"operator_value_required,evidence_ref_required,operator_clearance_required",fill operator_value for target_identity_non_current_historical in replacement_operator_values.csv
26,hist_REQUIRED_COMPLEX_001,prediction_created_at,authoritative_iso_date,YYYY-MM-DD,REQUIRED_OPERATOR_EVIDENCE_REF,REQUIRED_OPERATOR_CLEARANCE,casp17/historical_seed_strict_blind_replacement_intake/26_hist_required_complex_001/replacement_candidate_intake.csv,casp17/historical_seed_strict_blind_replacement_intake/26_hist_required_complex_001/replacement_operator_values.csv,awaiting_operator_value,dry_run,false,"operator_value_required,evidence_ref_required,operator_clearance_required",fill operator_value for prediction_created_at in replacement_operator_values.csv
26,hist_REQUIRED_COMPLEX_001,native_release_date,authoritative_iso_date,YYYY-MM-DD,REQUIRED_OPERATOR_EVIDENCE_REF,REQUIRED_OPERATOR_CLEARANCE,casp17/historical_seed_strict_blind_replacement_intake/26_hist_required_complex_001/replacement_candidate_intake.csv,casp17/historical_seed_strict_blind_replacement_intake/26_hist_required_complex_001/replacement_operator_values.csv,awaiting_operator_value,dry_run,false,"operator_value_required,evidence_ref_required,operator_clearance_required",fill operator_value for native_release_date in replacement_operator_values.csv
26,hist_REQUIRED_COMPLEX_001,prediction_generated_before_native_release,operator_confirmed_true,REQUIRED_TRUE_CONFIRMATION,REQUIRED_OPERATOR_EVIDENCE_REF,REQUIRED_OPERATOR_CLEARANCE,casp17/historical_seed_strict_blind_replacement_intake/26_hist_required_complex_001/replacement_candidate_intake.csv,casp17/historical_seed_strict_blind_replacement_intake/26_hist_required_complex_001/replacement_operator_values.csv,awaiting_operator_value,dry_run,false,"operator_value_required,evidence_ref_required,operator_clearance_required",fill operator_value for prediction_generated_before_native_release in replacement_operator_values.csv
26,hist_REQUIRED_COMPLEX_001,public_template_or_native_used_for_prediction,operator_confirmed_false,REQUIRED_FALSE_CONFIRMATION,REQUIRED_OPERATOR_EVIDENCE_REF,REQUIRED_OPERATOR_CLEARANCE,casp17/historical_seed_strict_blind_replacement_intake/26_hist_required_complex_001/replacement_candidate_intake.csv,casp17/historical_seed_strict_blind_replacement_intake/26_hist_required_complex_001/replacement_operator_values.csv,awaiting_operator_value,dry_run,false,"operator_value_required,evidence_ref_required,operator_clearance_required",fill operator_value for public_template_or_native_used_for_prediction in replacement_operator_values.csv
26,hist_REQUIRED_COMPLEX_001,other_team_model_used,operator_confirmed_false,REQUIRED_FALSE_CONFIRMATION,REQUIRED_OPERATOR_EVIDENCE_REF,REQUIRED_OPERATOR_CLEARANCE,casp17/historical_seed_strict_blind_replacement_intake/26_hist_required_complex_001/replacement_candidate_intake.csv,casp17/historical_seed_strict_blind_replacement_intake/26_hist_required_complex_001/replacement_operator_values.csv,awaiting_operator_value,dry_run,false,"operator_value_required,evidence_ref_required,operator_clearance_required",fill operator_value for other_team_model_used in replacement_operator_values.csv
26,hist_REQUIRED_COMPLEX_001,post_release_information_used,operator_confirmed_false,REQUIRED_FALSE_CONFIRMATION,REQUIRED_OPERATOR_EVIDENCE_REF,REQUIRED_OPERATOR_CLEARANCE,casp17/historical_seed_strict_blind_replacement_intake/26_hist_required_complex_001/replacement_candidate_intake.csv,casp17/historical_seed_strict_blind_replacement_intake/26_hist_required_complex_001/replacement_operator_values.csv,awaiting_operator_value,dry_run,false,"operator_value_required,evidence_ref_required,operator_clearance_required",fill operator_value for post_release_information_used in replacement_operator_values.csv
26,hist_REQUIRED_COMPLEX_001,operator_clearance,operator_cleared,REQUIRED_OPERATOR_CLEARANCE,REQUIRED_OPERATOR_EVIDENCE_REF,REQUIRED_OPERATOR_CLEARANCE,casp17/historical_seed_strict_blind_replacement_intake/26_hist_required_complex_001/replacement_candidate_intake.csv,casp17/historical_seed_strict_blind_replacement_intake/26_hist_required_complex_001/replacement_operator_values.csv,awaiting_operator_value,dry_run,false,"operator_value_required,evidence_ref_required,operator_clearance_required",fill operator_value for operator_clearance in replacement_operator_values.csv
27,hist_REQUIRED_COMPLEX_002,replacement_target_id,operator_supplied_non_placeholder,REQUIRED_REPLACEMENT_TARGET_ID,REQUIRED_OPERATOR_EVIDENCE_REF,REQUIRED_OPERATOR_CLEARANCE,casp17/historical_seed_strict_blind_replacement_intake/27_hist_required_complex_002/replacement_candidate_intake.csv,casp17/historical_seed_strict_blind_replacement_intake/27_hist_required_complex_002/replacement_operator_values.csv,awaiting_operator_value,dry_run,false,"operator_value_required,evidence_ref_required,operator_clearance_required",fill operator_value for replacement_target_id in replacement_operator_values.csv
27,hist_REQUIRED_COMPLEX_002,replacement_benchmark_id,operator_supplied_non_placeholder,REQUIRED_REPLACEMENT_BENCHMARK_ID,REQUIRED_OPERATOR_EVIDENCE_REF,REQUIRED_OPERATOR_CLEARANCE,casp17/historical_seed_strict_blind_replacement_intake/27_hist_required_complex_002/replacement_candidate_intake.csv,casp17/historical_seed_strict_blind_replacement_intake/27_hist_required_complex_002/replacement_operator_values.csv,awaiting_operator_value,dry_run,false,"operator_value_required,evidence_ref_required,operator_clearance_required",fill operator_value for replacement_benchmark_id in replacement_operator_values.csv
27,hist_REQUIRED_COMPLEX_002,target_identity_non_current_historical,operator_confirmed_true,REQUIRED_TRUE_CONFIRMATION,REQUIRED_OPERATOR_EVIDENCE_REF,REQUIRED_OPERATOR_CLEARANCE,casp17/historical_seed_strict_blind_replacement_intake/27_hist_required_complex_002/replacement_candidate_intake.csv,casp17/historical_seed_strict_blind_replacement_intake/27_hist_required_complex_002/replacement_operator_values.csv,awaiting_operator_value,dry_run,false,"operator_value_required,evidence_ref_required,operator_clearance_required",fill operator_value for target_identity_non_current_historical in replacement_operator_values.csv
27,hist_REQUIRED_COMPLEX_002,prediction_created_at,authoritative_iso_date,YYYY-MM-DD,REQUIRED_OPERATOR_EVIDENCE_REF,REQUIRED_OPERATOR_CLEARANCE,casp17/historical_seed_strict_blind_replacement_intake/27_hist_required_complex_002/replacement_candidate_intake.csv,casp17/historical_seed_strict_blind_replacement_intake/27_hist_required_complex_002/replacement_operator_values.csv,awaiting_operator_value,dry_run,false,"operator_value_required,evidence_ref_required,operator_clearance_required",fill operator_value for prediction_created_at in replacement_operator_values.csv
27,hist_REQUIRED_COMPLEX_002,native_release_date,authoritative_iso_date,YYYY-MM-DD,REQUIRED_OPERATOR_EVIDENCE_REF,REQUIRED_OPERATOR_CLEARANCE,casp17/historical_seed_strict_blind_replacement_intake/27_hist_required_complex_002/replacement_candidate_intake.csv,casp17/historical_seed_strict_blind_replacement_intake/27_hist_required_complex_002/replacement_operator_values.csv,awaiting_operator_value,dry_run,false,"operator_value_required,evidence_ref_required,operator_clearance_required",fill operator_value for native_release_date in replacement_operator_values.csv
27,hist_REQUIRED_COMPLEX_002,prediction_generated_before_native_release,operator_confirmed_true,REQUIRED_TRUE_CONFIRMATION,REQUIRED_OPERATOR_EVIDENCE_REF,REQUIRED_OPERATOR_CLEARANCE,casp17/historical_seed_strict_blind_replacement_intake/27_hist_required_complex_002/replacement_candidate_intake.csv,casp17/historical_seed_strict_blind_replacement_intake/27_hist_required_complex_002/replacement_operator_values.csv,awaiting_operator_value,dry_run,false,"operator_value_required,evidence_ref_required,operator_clearance_required",fill operator_value for prediction_generated_before_native_release in replacement_operator_values.csv
27,hist_REQUIRED_COMPLEX_002,public_template_or_native_used_for_prediction,operator_confirmed_false,REQUIRED_FALSE_CONFIRMATION,REQUIRED_OPERATOR_EVIDENCE_REF,REQUIRED_OPERATOR_CLEARANCE,casp17/historical_seed_strict_blind_replacement_intake/27_hist_required_complex_002/replacement_candidate_intake.csv,casp17/historical_seed_strict_blind_replacement_intake/27_hist_required_complex_002/replacement_operator_values.csv,awaiting_operator_value,dry_run,false,"operator_value_required,evidence_ref_required,operator_clearance_required",fill operator_value for public_template_or_native_used_for_prediction in replacement_operator_values.csv
27,hist_REQUIRED_COMPLEX_002,other_team_model_used,operator_confirmed_false,REQUIRED_FALSE_CONFIRMATION,REQUIRED_OPERATOR_EVIDENCE_REF,REQUIRED_OPERATOR_CLEARANCE,casp17/historical_seed_strict_blind_replacement_intake/27_hist_required_complex_002/replacement_candidate_intake.csv,casp17/historical_seed_strict_blind_replacement_intake/27_hist_required_complex_002/replacement_operator_values.csv,awaiting_operator_value,dry_run,false,"operator_value_required,evidence_ref_required,operator_clearance_required",fill operator_value for other_team_model_used in replacement_operator_values.csv
27,hist_REQUIRED_COMPLEX_002,post_release_information_used,operator_confirmed_false,REQUIRED_FALSE_CONFIRMATION,REQUIRED_OPERATOR_EVIDENCE_REF,REQUIRED_OPERATOR_CLEARANCE,casp17/historical_seed_strict_blind_replacement_intake/27_hist_required_complex_002/replacement_candidate_intake.csv,casp17/historical_seed_strict_blind_replacement_intake/27_hist_required_complex_002/replacement_operator_values.csv,awaiting_operator_value,dry_run,false,"operator_value_required,evidence_ref_required,operator_clearance_required",fill operator_value for post_release_information_used in replacement_operator_values.csv
27,hist_REQUIRED_COMPLEX_002,operator_clearance,operator_cleared,REQUIRED_OPERATOR_CLEARANCE,REQUIRED_OPERATOR_EVIDENCE_REF,REQUIRED_OPERATOR_CLEARANCE,casp17/historical_seed_strict_blind_replacement_intake/27_hist_required_complex_002/replacement_candidate_intake.csv,casp17/historical_seed_strict_blind_replacement_intake/27_hist_required_complex_002/replacement_operator_values.csv,awaiting_operator_value,dry_run,false,"operator_value_required,evidence_ref_required,operator_clearance_required",fill operator_value for operator_clearance in replacement_operator_values.csv
28,hist_REQUIRED_COMPLEX_003,replacement_target_id,operator_supplied_non_placeholder,REQUIRED_REPLACEMENT_TARGET_ID,REQUIRED_OPERATOR_EVIDENCE_REF,REQUIRED_OPERATOR_CLEARANCE,casp17/historical_seed_strict_blind_replacement_intake/28_hist_required_complex_003/replacement_candidate_intake.csv,casp17/historical_seed_strict_blind_replacement_intake/28_hist_required_complex_003/replacement_operator_values.csv,awaiting_operator_value,dry_run,false,"operator_value_required,evidence_ref_required,operator_clearance_required",fill operator_value for replacement_target_id in replacement_operator_values.csv
28,hist_REQUIRED_COMPLEX_003,replacement_benchmark_id,operator_supplied_non_placeholder,REQUIRED_REPLACEMENT_BENCHMARK_ID,REQUIRED_OPERATOR_EVIDENCE_REF,REQUIRED_OPERATOR_CLEARANCE,casp17/historical_seed_strict_blind_replacement_intake/28_hist_required_complex_003/replacement_candidate_intake.csv,casp17/historical_seed_strict_blind_replacement_intake/28_hist_required_complex_003/replacement_operator_values.csv,awaiting_operator_value,dry_run,false,"operator_value_required,evidence_ref_required,operator_clearance_required",fill operator_value for replacement_benchmark_id in replacement_operator_values.csv
28,hist_REQUIRED_COMPLEX_003,target_identity_non_current_historical,operator_confirmed_true,REQUIRED_TRUE_CONFIRMATION,REQUIRED_OPERATOR_EVIDENCE_REF,REQUIRED_OPERATOR_CLEARANCE,casp17/historical_seed_strict_blind_replacement_intake/28_hist_required_complex_003/replacement_candidate_intake.csv,casp17/historical_seed_strict_blind_replacement_intake/28_hist_required_complex_003/replacement_operator_values.csv,awaiting_operator_value,dry_run,false,"operator_value_required,evidence_ref_required,operator_clearance_required",fill operator_value for target_identity_non_current_historical in replacement_operator_values.csv
28,hist_REQUIRED_COMPLEX_003,prediction_created_at,authoritative_iso_date,YYYY-MM-DD,REQUIRED_OPERATOR_EVIDENCE_REF,REQUIRED_OPERATOR_CLEARANCE,casp17/historical_seed_strict_blind_replacement_intake/28_hist_required_complex_003/replacement_candidate_intake.csv,casp17/historical_seed_strict_blind_replacement_intake/28_hist_required_complex_003/replacement_operator_values.csv,awaiting_operator_value,dry_run,false,"operator_value_required,evidence_ref_required,operator_clearance_required",fill operator_value for prediction_created_at in replacement_operator_values.csv
28,hist_REQUIRED_COMPLEX_003,native_release_date,authoritative_iso_date,YYYY-MM-DD,REQUIRED_OPERATOR_EVIDENCE_REF,REQUIRED_OPERATOR_CLEARANCE,casp17/historical_seed_strict_blind_replacement_intake/28_hist_required_complex_003/replacement_candidate_intake.csv,casp17/historical_seed_strict_blind_replacement_intake/28_hist_required_complex_003/replacement_operator_values.csv,awaiting_operator_value,dry_run,false,"operator_value_required,evidence_ref_required,operator_clearance_required",fill operator_value for native_release_date in replacement_operator_values.csv
28,hist_REQUIRED_COMPLEX_003,prediction_generated_before_native_release,operator_confirmed_true,REQUIRED_TRUE_CONFIRMATION,REQUIRED_OPERATOR_EVIDENCE_REF,REQUIRED_OPERATOR_CLEARANCE,casp17/historical_seed_strict_blind_replacement_intake/28_hist_required_complex_003/replacement_candidate_intake.csv,casp17/historical_seed_strict_blind_replacement_intake/28_hist_required_complex_003/replacement_operator_values.csv,awaiting_operator_value,dry_run,false,"operator_value_required,evidence_ref_required,operator_clearance_required",fill operator_value for prediction_generated_before_native_release in replacement_operator_values.csv
28,hist_REQUIRED_COMPLEX_003,public_template_or_native_used_for_prediction,operator_confirmed_false,REQUIRED_FALSE_CONFIRMATION,REQUIRED_OPERATOR_EVIDENCE_REF,REQUIRED_OPERATOR_CLEARANCE,casp17/historical_seed_strict_blind_replacement_intake/28_hist_required_complex_003/replacement_candidate_intake.csv,casp17/historical_seed_strict_blind_replacement_intake/28_hist_required_complex_003/replacement_operator_values.csv,awaiting_operator_value,dry_run,false,"operator_value_required,evidence_ref_required,operator_clearance_required",fill operator_value for public_template_or_native_used_for_prediction in replacement_operator_values.csv
28,hist_REQUIRED_COMPLEX_003,other_team_model_used,operator_confirmed_false,REQUIRED_FALSE_CONFIRMATION,REQUIRED_OPERATOR_EVIDENCE_REF,REQUIRED_OPERATOR_CLEARANCE,casp17/historical_seed_strict_blind_replacement_intake/28_hist_required_complex_003/replacement_candidate_intake.csv,casp17/historical_seed_strict_blind_replacement_intake/28_hist_required_complex_003/replacement_operator_values.csv,awaiting_operator_value,dry_run,false,"operator_value_required,evidence_ref_required,operator_clearance_required",fill operator_value for other_team_model_used in replacement_operator_values.csv
28,hist_REQUIRED_COMPLEX_003,post_release_information_used,operator_confirmed_false,REQUIRED_FALSE_CONFIRMATION,REQUIRED_OPERATOR_EVIDENCE_REF,REQUIRED_OPERATOR_CLEARANCE,casp17/historical_seed_strict_blind_replacement_intake/28_hist_required_complex_003/replacement_candidate_intake.csv,casp17/historical_seed_strict_blind_replacement_intake/28_hist_required_complex_003/replacement_operator_values.csv,awaiting_operator_value,dry_run,false,"operator_value_required,evidence_ref_required,operator_clearance_required",fill operator_value for post_release_information_used in replacement_operator_values.csv
28,hist_REQUIRED_COMPLEX_003,operator_clearance,operator_cleared,REQUIRED_OPERATOR_CLEARANCE,REQUIRED_OPERATOR_EVIDENCE_REF,REQUIRED_OPERATOR_CLEARANCE,casp17/historical_seed_strict_blind_replacement_intake/28_hist_required_complex_003/replacement_candidate_intake.csv,casp17/historical_seed_strict_blind_replacement_intake/28_hist_required_complex_003/replacement_operator_values.csv,awaiting_operator_value,dry_run,false,"operator_value_required,evidence_ref_required,operator_clearance_required",fill operator_value for operator_clearance in replacement_operator_values.csv
29,hist_REQUIRED_COMPLEX_004,replacement_target_id,operator_supplied_non_placeholder,REQUIRED_REPLACEMENT_TARGET_ID,REQUIRED_OPERATOR_EVIDENCE_REF,REQUIRED_OPERATOR_CLEARANCE,casp17/historical_seed_strict_blind_replacement_intake/29_hist_required_complex_004/replacement_candidate_intake.csv,casp17/historical_seed_strict_blind_replacement_intake/29_hist_required_complex_004/replacement_operator_values.csv,awaiting_operator_value,dry_run,false,"operator_value_required,evidence_ref_required,operator_clearance_required",fill operator_value for replacement_target_id in replacement_operator_values.csv
29,hist_REQUIRED_COMPLEX_004,replacement_benchmark_id,operator_supplied_non_placeholder,REQUIRED_REPLACEMENT_BENCHMARK_ID,REQUIRED_OPERATOR_EVIDENCE_REF,REQUIRED_OPERATOR_CLEARANCE,casp17/historical_seed_strict_blind_replacement_intake/29_hist_required_complex_004/replacement_candidate_intake.csv,casp17/historical_seed_strict_blind_replacement_intake/29_hist_required_complex_004/replacement_operator_values.csv,awaiting_operator_value,dry_run,false,"operator_value_required,evidence_ref_required,operator_clearance_required",fill operator_value for replacement_benchmark_id in replacement_operator_values.csv
29,hist_REQUIRED_COMPLEX_004,target_identity_non_current_historical,operator_confirmed_true,REQUIRED_TRUE_CONFIRMATION,REQUIRED_OPERATOR_EVIDENCE_REF,REQUIRED_OPERATOR_CLEARANCE,casp17/historical_seed_strict_blind_replacement_intake/29_hist_required_complex_004/replacement_candidate_intake.csv,casp17/historical_seed_strict_blind_replacement_intake/29_hist_required_complex_004/replacement_operator_values.csv,awaiting_operator_value,dry_run,false,"operator_value_required,evidence_ref_required,operator_clearance_required",fill operator_value for target_identity_non_current_historical in replacement_operator_values.csv
29,hist_REQUIRED_COMPLEX_004,prediction_created_at,authoritative_iso_date,YYYY-MM-DD,REQUIRED_OPERATOR_EVIDENCE_REF,REQUIRED_OPERATOR_CLEARANCE,casp17/historical_seed_strict_blind_replacement_intake/29_hist_required_complex_004/replacement_candidate_intake.csv,casp17/historical_seed_strict_blind_replacement_intake/29_hist_required_complex_004/replacement_operator_values.csv,awaiting_operator_value,dry_run,false,"operator_value_required,evidence_ref_required,operator_clearance_required",fill operator_value for prediction_created_at in replacement_operator_values.csv
29,hist_REQUIRED_COMPLEX_004,native_release_date,authoritative_iso_date,YYYY-MM-DD,REQUIRED_OPERATOR_EVIDENCE_REF,REQUIRED_OPERATOR_CLEARANCE,casp17/historical_seed_strict_blind_replacement_intake/29_hist_required_complex_004/replacement_candidate_intake.csv,casp17/historical_seed_strict_blind_replacement_intake/29_hist_required_complex_004/replacement_operator_values.csv,awaiting_operator_value,dry_run,false,"operator_value_required,evidence_ref_required,operator_clearance_required",fill operator_value for native_release_date in replacement_operator_values.csv
29,hist_REQUIRED_COMPLEX_004,prediction_generated_before_native_release,operator_confirmed_true,REQUIRED_TRUE_CONFIRMATION,REQUIRED_OPERATOR_EVIDENCE_REF,REQUIRED_OPERATOR_CLEARANCE,casp17/historical_seed_strict_blind_replacement_intake/29_hist_required_complex_004/replacement_candidate_intake.csv,casp17/historical_seed_strict_blind_replacement_intake/29_hist_required_complex_004/replacement_operator_values.csv,awaiting_operator_value,dry_run,false,"operator_value_required,evidence_ref_required,operator_clearance_required",fill operator_value for prediction_generated_before_native_release in replacement_operator_values.csv
29,hist_REQUIRED_COMPLEX_004,public_template_or_native_used_for_prediction,operator_confirmed_false,REQUIRED_FALSE_CONFIRMATION,REQUIRED_OPERATOR_EVIDENCE_REF,REQUIRED_OPERATOR_CLEARANCE,casp17/historical_seed_strict_blind_replacement_intake/29_hist_required_complex_004/replacement_candidate_intake.csv,casp17/historical_seed_strict_blind_replacement_intake/29_hist_required_complex_004/replacement_operator_values.csv,awaiting_operator_value,dry_run,false,"operator_value_required,evidence_ref_required,operator_clearance_required",fill operator_value for public_template_or_native_used_for_prediction in replacement_operator_values.csv
29,hist_REQUIRED_COMPLEX_004,other_team_model_used,operator_confirmed_false,REQUIRED_FALSE_CONFIRMATION,REQUIRED_OPERATOR_EVIDENCE_REF,REQUIRED_OPERATOR_CLEARANCE,casp17/historical_seed_strict_blind_replacement_intake/29_hist_required_complex_004/replacement_candidate_intake.csv,casp17/historical_seed_strict_blind_replacement_intake/29_hist_required_complex_004/replacement_operator_values.csv,awaiting_operator_value,dry_run,false,"operator_value_required,evidence_ref_required,operator_clearance_required",fill operator_value for other_team_model_used in replacement_operator_values.csv
29,hist_REQUIRED_COMPLEX_004,post_release_information_used,operator_confirmed_false,REQUIRED_FALSE_CONFIRMATION,REQUIRED_OPERATOR_EVIDENCE_REF,REQUIRED_OPERATOR_CLEARANCE,casp17/historical_seed_strict_blind_replacement_intake/29_hist_required_complex_004/replacement_candidate_intake.csv,casp17/historical_seed_strict_blind_replacement_intake/29_hist_required_complex_004/replacement_operator_values.csv,awaiting_operator_value,dry_run,false,"operator_value_required,evidence_ref_required,operator_clearance_required",fill operator_value for post_release_information_used in replacement_operator_values.csv
29,hist_REQUIRED_COMPLEX_004,operator_clearance,operator_cleared,REQUIRED_OPERATOR_CLEARANCE,REQUIRED_OPERATOR_EVIDENCE_REF,REQUIRED_OPERATOR_CLEARANCE,casp17/historical_seed_strict_blind_replacement_intake/29_hist_required_complex_004/replacement_candidate_intake.csv,casp17/historical_seed_strict_blind_replacement_intake/29_hist_required_complex_004/replacement_operator_values.csv,awaiting_operator_value,dry_run,false,"operator_value_required,evidence_ref_required,operator_clearance_required",fill operator_value for operator_clearance in replacement_operator_values.csv
30,hist_REQUIRED_COMPLEX_005,replacement_target_id,operator_supplied_non_placeholder,REQUIRED_REPLACEMENT_TARGET_ID,REQUIRED_OPERATOR_EVIDENCE_REF,REQUIRED_OPERATOR_CLEARANCE,casp17/historical_seed_strict_blind_replacement_intake/30_hist_required_complex_005/replacement_candidate_intake.csv,casp17/historical_seed_strict_blind_replacement_intake/30_hist_required_complex_005/replacement_operator_values.csv,awaiting_operator_value,dry_run,false,"operator_value_required,evidence_ref_required,operator_clearance_required",fill operator_value for replacement_target_id in replacement_operator_values.csv
30,hist_REQUIRED_COMPLEX_005,replacement_benchmark_id,operator_supplied_non_placeholder,REQUIRED_REPLACEMENT_BENCHMARK_ID,REQUIRED_OPERATOR_EVIDENCE_REF,REQUIRED_OPERATOR_CLEARANCE,casp17/historical_seed_strict_blind_replacement_intake/30_hist_required_complex_005/replacement_candidate_intake.csv,casp17/historical_seed_strict_blind_replacement_intake/30_hist_required_complex_005/replacement_operator_values.csv,awaiting_operator_value,dry_run,false,"operator_value_required,evidence_ref_required,operator_clearance_required",fill operator_value for replacement_benchmark_id in replacement_operator_values.csv
30,hist_REQUIRED_COMPLEX_005,target_identity_non_current_historical,operator_confirmed_true,REQUIRED_TRUE_CONFIRMATION,REQUIRED_OPERATOR_EVIDENCE_REF,REQUIRED_OPERATOR_CLEARANCE,casp17/historical_seed_strict_blind_replacement_intake/30_hist_required_complex_005/replacement_candidate_intake.csv,casp17/historical_seed_strict_blind_replacement_intake/30_hist_required_complex_005/replacement_operator_values.csv,awaiting_operator_value,dry_run,false,"operator_value_required,evidence_ref_required,operator_clearance_required",fill operator_value for target_identity_non_current_historical in replacement_operator_values.csv
30,hist_REQUIRED_COMPLEX_005,prediction_created_at,authoritative_iso_date,YYYY-MM-DD,REQUIRED_OPERATOR_EVIDENCE_REF,REQUIRED_OPERATOR_CLEARANCE,casp17/historical_seed_strict_blind_replacement_intake/30_hist_required_complex_005/replacement_candidate_intake.csv,casp17/historical_seed_strict_blind_replacement_intake/30_hist_required_complex_005/replacement_operator_values.csv,awaiting_operator_value,dry_run,false,"operator_value_required,evidence_ref_required,operator_clearance_required",fill operator_value for prediction_created_at in replacement_operator_values.csv
30,hist_REQUIRED_COMPLEX_005,native_release_date,authoritative_iso_date,YYYY-MM-DD,REQUIRED_OPERATOR_EVIDENCE_REF,REQUIRED_OPERATOR_CLEARANCE,casp17/historical_seed_strict_blind_replacement_intake/30_hist_required_complex_005/replacement_candidate_intake.csv,casp17/historical_seed_strict_blind_replacement_intake/30_hist_required_complex_005/replacement_operator_values.csv,awaiting_operator_value,dry_run,false,"operator_value_required,evidence_ref_required,operator_clearance_required",fill operator_value for native_release_date in replacement_operator_values.csv
30,hist_REQUIRED_COMPLEX_005,prediction_generated_before_native_release,operator_confirmed_true,REQUIRED_TRUE_CONFIRMATION,REQUIRED_OPERATOR_EVIDENCE_REF,REQUIRED_OPERATOR_CLEARANCE,casp17/historical_seed_strict_blind_replacement_intake/30_hist_required_complex_005/replacement_candidate_intake.csv,casp17/historical_seed_strict_blind_replacement_intake/30_hist_required_complex_005/replacement_operator_values.csv,awaiting_operator_value,dry_run,false,"operator_value_required,evidence_ref_required,operator_clearance_required",fill operator_value for prediction_generated_before_native_release in replacement_operator_values.csv
30,hist_REQUIRED_COMPLEX_005,public_template_or_native_used_for_prediction,operator_confirmed_false,REQUIRED_FALSE_CONFIRMATION,REQUIRED_OPERATOR_EVIDENCE_REF,REQUIRED_OPERATOR_CLEARANCE,casp17/historical_seed_strict_blind_replacement_intake/30_hist_required_complex_005/replacement_candidate_intake.csv,casp17/historical_seed_strict_blind_replacement_intake/30_hist_required_complex_005/replacement_operator_values.csv,awaiting_operator_value,dry_run,false,"operator_value_required,evidence_ref_required,operator_clearance_required",fill operator_value for public_template_or_native_used_for_prediction in replacement_operator_values.csv
30,hist_REQUIRED_COMPLEX_005,other_team_model_used,operator_confirmed_false,REQUIRED_FALSE_CONFIRMATION,REQUIRED_OPERATOR_EVIDENCE_REF,REQUIRED_OPERATOR_CLEARANCE,casp17/historical_seed_strict_blind_replacement_intake/30_hist_required_complex_005/replacement_candidate_intake.csv,casp17/historical_seed_strict_blind_replacement_intake/30_hist_required_complex_005/replacement_operator_values.csv,awaiting_operator_value,dry_run,false,"operator_value_required,evidence_ref_required,operator_clearance_required",fill operator_value for other_team_model_used in replacement_operator_values.csv
30,hist_REQUIRED_COMPLEX_005,post_release_information_used,operator_confirmed_false,REQUIRED_FALSE_CONFIRMATION,REQUIRED_OPERATOR_EVIDENCE_REF,REQUIRED_OPERATOR_CLEARANCE,casp17/historical_seed_strict_blind_replacement_intake/30_hist_required_complex_005/replacement_candidate_intake.csv,casp17/historical_seed_strict_blind_replacement_intake/30_hist_required_complex_005/replacement_operator_values.csv,awaiting_operator_value,dry_run,false,"operator_value_required,evidence_ref_required,operator_clearance_required",fill operator_value for post_release_information_used in replacement_operator_values.csv
30,hist_REQUIRED_COMPLEX_005,operator_clearance,operator_cleared,REQUIRED_OPERATOR_CLEARANCE,REQUIRED_OPERATOR_EVIDENCE_REF,REQUIRED_OPERATOR_CLEARANCE,casp17/historical_seed_strict_blind_replacement_intake/30_hist_required_complex_005/replacement_candidate_intake.csv,casp17/historical_seed_strict_blind_replacement_intake/30_hist_required_complex_005/replacement_operator_values.csv,awaiting_operator_value,dry_run,false,"operator_value_required,evidence_ref_required,operator_clearance_required",fill operator_value for operator_clearance in replacement_operator_values.csv
31,hist_REQUIRED_COMPLEX_006,replacement_target_id,operator_supplied_non_placeholder,REQUIRED_REPLACEMENT_TARGET_ID,REQUIRED_OPERATOR_EVIDENCE_REF,REQUIRED_OPERATOR_CLEARANCE,casp17/historical_seed_strict_blind_replacement_intake/31_hist_required_complex_006/replacement_candidate_intake.csv,casp17/historical_seed_strict_blind_replacement_intake/31_hist_required_complex_006/replacement_operator_values.csv,awaiting_operator_value,dry_run,false,"operator_value_required,evidence_ref_required,operator_clearance_required",fill operator_value for replacement_target_id in replacement_operator_values.csv
31,hist_REQUIRED_COMPLEX_006,replacement_benchmark_id,operator_supplied_non_placeholder,REQUIRED_REPLACEMENT_BENCHMARK_ID,REQUIRED_OPERATOR_EVIDENCE_REF,REQUIRED_OPERATOR_CLEARANCE,casp17/historical_seed_strict_blind_replacement_intake/31_hist_required_complex_006/replacement_candidate_intake.csv,casp17/historical_seed_strict_blind_replacement_intake/31_hist_required_complex_006/replacement_operator_values.csv,awaiting_operator_value,dry_run,false,"operator_value_required,evidence_ref_required,operator_clearance_required",fill operator_value for replacement_benchmark_id in replacement_operator_values.csv
31,hist_REQUIRED_COMPLEX_006,target_identity_non_current_historical,operator_confirmed_true,REQUIRED_TRUE_CONFIRMATION,REQUIRED_OPERATOR_EVIDENCE_REF,REQUIRED_OPERATOR_CLEARANCE,casp17/historical_seed_strict_blind_replacement_intake/31_hist_required_complex_006/replacement_candidate_intake.csv,casp17/historical_seed_strict_blind_replacement_intake/31_hist_required_complex_006/replacement_operator_values.csv,awaiting_operator_value,dry_run,false,"operator_value_required,evidence_ref_required,operator_clearance_required",fill operator_value for target_identity_non_current_historical in replacement_operator_values.csv
31,hist_REQUIRED_COMPLEX_006,prediction_created_at,authoritative_iso_date,YYYY-MM-DD,REQUIRED_OPERATOR_EVIDENCE_REF,REQUIRED_OPERATOR_CLEARANCE,casp17/historical_seed_strict_blind_replacement_intake/31_hist_required_complex_006/replacement_candidate_intake.csv,casp17/historical_seed_strict_blind_replacement_intake/31_hist_required_complex_006/replacement_operator_values.csv,awaiting_operator_value,dry_run,false,"operator_value_required,evidence_ref_required,operator_clearance_required",fill operator_value for prediction_created_at in replacement_operator_values.csv
31,hist_REQUIRED_COMPLEX_006,native_release_date,authoritative_iso_date,YYYY-MM-DD,REQUIRED_OPERATOR_EVIDENCE_REF,REQUIRED_OPERATOR_CLEARANCE,casp17/historical_seed_strict_blind_replacement_intake/31_hist_required_complex_006/replacement_candidate_intake.csv,casp17/historical_seed_strict_blind_replacement_intake/31_hist_required_complex_006/replacement_operator_values.csv,awaiting_operator_value,dry_run,false,"operator_value_required,evidence_ref_required,operator_clearance_required",fill operator_value for native_release_date in replacement_operator_values.csv
31,hist_REQUIRED_COMPLEX_006,prediction_generated_before_native_release,operator_confirmed_true,REQUIRED_TRUE_CONFIRMATION,REQUIRED_OPERATOR_EVIDENCE_REF,REQUIRED_OPERATOR_CLEARANCE,casp17/historical_seed_strict_blind_replacement_intake/31_hist_required_complex_006/replacement_candidate_intake.csv,casp17/historical_seed_strict_blind_replacement_intake/31_hist_required_complex_006/replacement_operator_values.csv,awaiting_operator_value,dry_run,false,"operator_value_required,evidence_ref_required,operator_clearance_required",fill operator_value for prediction_generated_before_native_release in replacement_operator_values.csv
31,hist_REQUIRED_COMPLEX_006,public_template_or_native_used_for_prediction,operator_confirmed_false,REQUIRED_FALSE_CONFIRMATION,REQUIRED_OPERATOR_EVIDENCE_REF,REQUIRED_OPERATOR_CLEARANCE,casp17/historical_seed_strict_blind_replacement_intake/31_hist_required_complex_006/replacement_candidate_intake.csv,casp17/historical_seed_strict_blind_replacement_intake/31_hist_required_complex_006/replacement_operator_values.csv,awaiting_operator_value,dry_run,false,"operator_value_required,evidence_ref_required,operator_clearance_required",fill operator_value for public_template_or_native_used_for_prediction in replacement_operator_values.csv
31,hist_REQUIRED_COMPLEX_006,other_team_model_used,operator_confirmed_false,REQUIRED_FALSE_CONFIRMATION,REQUIRED_OPERATOR_EVIDENCE_REF,REQUIRED_OPERATOR_CLEARANCE,casp17/historical_seed_strict_blind_replacement_intake/31_hist_required_complex_006/replacement_candidate_intake.csv,casp17/historical_seed_strict_blind_replacement_intake/31_hist_required_complex_006/replacement_operator_values.csv,awaiting_operator_value,dry_run,false,"operator_value_required,evidence_ref_required,operator_clearance_required",fill operator_value for other_team_model_used in replacement_operator_values.csv
31,hist_REQUIRED_COMPLEX_006,post_release_information_used,operator_confirmed_false,REQUIRED_FALSE_CONFIRMATION,REQUIRED_OPERATOR_EVIDENCE_REF,REQUIRED_OPERATOR_CLEARANCE,casp17/historical_seed_strict_blind_replacement_intake/31_hist_required_complex_006/replacement_candidate_intake.csv,casp17/historical_seed_strict_blind_replacement_intake/31_hist_required_complex_006/replacement_operator_values.csv,awaiting_operator_value,dry_run,false,"operator_value_required,evidence_ref_required,operator_clearance_required",fill operator_value for post_release_information_used in replacement_operator_values.csv
31,hist_REQUIRED_COMPLEX_006,operator_clearance,operator_cleared,REQUIRED_OPERATOR_CLEARANCE,REQUIRED_OPERATOR_EVIDENCE_REF,REQUIRED_OPERATOR_CLEARANCE,casp17/historical_seed_strict_blind_replacement_intake/31_hist_required_complex_006/replacement_candidate_intake.csv,casp17/historical_seed_strict_blind_replacement_intake/31_hist_required_complex_006/replacement_operator_values.csv,awaiting_operator_value,dry_run,false,"operator_value_required,evidence_ref_required,operator_clearance_required",fill operator_value for operator_clearance in replacement_operator_values.csv
32,hist_REQUIRED_COMPLEX_007,replacement_target_id,operator_supplied_non_placeholder,REQUIRED_REPLACEMENT_TARGET_ID,REQUIRED_OPERATOR_EVIDENCE_REF,REQUIRED_OPERATOR_CLEARANCE,casp17/historical_seed_strict_blind_replacement_intake/32_hist_required_complex_007/replacement_candidate_intake.csv,casp17/historical_seed_strict_blind_replacement_intake/32_hist_required_complex_007/replacement_operator_values.csv,awaiting_operator_value,dry_run,false,"operator_value_required,evidence_ref_required,operator_clearance_required",fill operator_value for replacement_target_id in replacement_operator_values.csv
32,hist_REQUIRED_COMPLEX_007,replacement_benchmark_id,operator_supplied_non_placeholder,REQUIRED_REPLACEMENT_BENCHMARK_ID,REQUIRED_OPERATOR_EVIDENCE_REF,REQUIRED_OPERATOR_CLEARANCE,casp17/historical_seed_strict_blind_replacement_intake/32_hist_required_complex_007/replacement_candidate_intake.csv,casp17/historical_seed_strict_blind_replacement_intake/32_hist_required_complex_007/replacement_operator_values.csv,awaiting_operator_value,dry_run,false,"operator_value_required,evidence_ref_required,operator_clearance_required",fill operator_value for replacement_benchmark_id in replacement_operator_values.csv
32,hist_REQUIRED_COMPLEX_007,target_identity_non_current_historical,operator_confirmed_true,REQUIRED_TRUE_CONFIRMATION,REQUIRED_OPERATOR_EVIDENCE_REF,REQUIRED_OPERATOR_CLEARANCE,casp17/historical_seed_strict_blind_replacement_intake/32_hist_required_complex_007/replacement_candidate_intake.csv,casp17/historical_seed_strict_blind_replacement_intake/32_hist_required_complex_007/replacement_operator_values.csv,awaiting_operator_value,dry_run,false,"operator_value_required,evidence_ref_required,operator_clearance_required",fill operator_value for target_identity_non_current_historical in replacement_operator_values.csv
32,hist_REQUIRED_COMPLEX_007,prediction_created_at,authoritative_iso_date,YYYY-MM-DD,REQUIRED_OPERATOR_EVIDENCE_REF,REQUIRED_OPERATOR_CLEARANCE,casp17/historical_seed_strict_blind_replacement_intake/32_hist_required_complex_007/replacement_candidate_intake.csv,casp17/historical_seed_strict_blind_replacement_intake/32_hist_required_complex_007/replacement_operator_values.csv,awaiting_operator_value,dry_run,false,"operator_value_required,evidence_ref_required,operator_clearance_required",fill operator_value for prediction_created_at in replacement_operator_values.csv
32,hist_REQUIRED_COMPLEX_007,native_release_date,authoritative_iso_date,YYYY-MM-DD,REQUIRED_OPERATOR_EVIDENCE_REF,REQUIRED_OPERATOR_CLEARANCE,casp17/historical_seed_strict_blind_replacement_intake/32_hist_required_complex_007/replacement_candidate_intake.csv,casp17/historical_seed_strict_blind_replacement_intake/32_hist_required_complex_007/replacement_operator_values.csv,awaiting_operator_value,dry_run,false,"operator_value_required,evidence_ref_required,operator_clearance_required",fill operator_value for native_release_date in replacement_operator_values.csv
32,hist_REQUIRED_COMPLEX_007,prediction_generated_before_native_release,operator_confirmed_true,REQUIRED_TRUE_CONFIRMATION,REQUIRED_OPERATOR_EVIDENCE_REF,REQUIRED_OPERATOR_CLEARANCE,casp17/historical_seed_strict_blind_replacement_intake/32_hist_required_complex_007/replacement_candidate_intake.csv,casp17/historical_seed_strict_blind_replacement_intake/32_hist_required_complex_007/replacement_operator_values.csv,awaiting_operator_value,dry_run,false,"operator_value_required,evidence_ref_required,operator_clearance_required",fill operator_value for prediction_generated_before_native_release in replacement_operator_values.csv
32,hist_REQUIRED_COMPLEX_007,public_template_or_native_used_for_prediction,operator_confirmed_false,REQUIRED_FALSE_CONFIRMATION,REQUIRED_OPERATOR_EVIDENCE_REF,REQUIRED_OPERATOR_CLEARANCE,casp17/historical_seed_strict_blind_replacement_intake/32_hist_required_complex_007/replacement_candidate_intake.csv,casp17/historical_seed_strict_blind_replacement_intake/32_hist_required_complex_007/replacement_operator_values.csv,awaiting_operator_value,dry_run,false,"operator_value_required,evidence_ref_required,operator_clearance_required",fill operator_value for public_template_or_native_used_for_prediction in replacement_operator_values.csv
32,hist_REQUIRED_COMPLEX_007,other_team_model_used,operator_confirmed_false,REQUIRED_FALSE_CONFIRMATION,REQUIRED_OPERATOR_EVIDENCE_REF,REQUIRED_OPERATOR_CLEARANCE,casp17/historical_seed_strict_blind_replacement_intake/32_hist_required_complex_007/replacement_candidate_intake.csv,casp17/historical_seed_strict_blind_replacement_intake/32_hist_required_complex_007/replacement_operator_values.csv,awaiting_operator_value,dry_run,false,"operator_value_required,evidence_ref_required,operator_clearance_required",fill operator_value for other_team_model_used in replacement_operator_values.csv
32,hist_REQUIRED_COMPLEX_007,post_release_information_used,operator_confirmed_false,REQUIRED_FALSE_CONFIRMATION,REQUIRED_OPERATOR_EVIDENCE_REF,REQUIRED_OPERATOR_CLEARANCE,casp17/historical_seed_strict_blind_replacement_intake/32_hist_required_complex_007/replacement_candidate_intake.csv,casp17/historical_seed_strict_blind_replacement_intake/32_hist_required_complex_007/replacement_operator_values.csv,awaiting_operator_value,dry_run,false,"operator_value_required,evidence_ref_required,operator_clearance_required",fill operator_value for post_release_information_used in replacement_operator_values.csv
32,hist_REQUIRED_COMPLEX_007,operator_clearance,operator_cleared,REQUIRED_OPERATOR_CLEARANCE,REQUIRED_OPERATOR_EVIDENCE_REF,REQUIRED_OPERATOR_CLEARANCE,casp17/historical_seed_strict_blind_replacement_intake/32_hist_required_complex_007/replacement_candidate_intake.csv,casp17/historical_seed_strict_blind_replacement_intake/32_hist_required_complex_007/replacement_operator_values.csv,awaiting_operator_value,dry_run,false,"operator_value_required,evidence_ref_required,operator_clearance_required",fill operator_value for operator_clearance in replacement_operator_values.csv
33,hist_REQUIRED_COMPLEX_008,replacement_target_id,operator_supplied_non_placeholder,REQUIRED_REPLACEMENT_TARGET_ID,REQUIRED_OPERATOR_EVIDENCE_REF,REQUIRED_OPERATOR_CLEARANCE,casp17/historical_seed_strict_blind_replacement_intake/33_hist_required_complex_008/replacement_candidate_intake.csv,casp17/historical_seed_strict_blind_replacement_intake/33_hist_required_complex_008/replacement_operator_values.csv,awaiting_operator_value,dry_run,false,"operator_value_required,evidence_ref_required,operator_clearance_required",fill operator_value for replacement_target_id in replacement_operator_values.csv
33,hist_REQUIRED_COMPLEX_008,replacement_benchmark_id,operator_supplied_non_placeholder,REQUIRED_REPLACEMENT_BENCHMARK_ID,REQUIRED_OPERATOR_EVIDENCE_REF,REQUIRED_OPERATOR_CLEARANCE,casp17/historical_seed_strict_blind_replacement_intake/33_hist_required_complex_008/replacement_candidate_intake.csv,casp17/historical_seed_strict_blind_replacement_intake/33_hist_required_complex_008/replacement_operator_values.csv,awaiting_operator_value,dry_run,false,"operator_value_required,evidence_ref_required,operator_clearance_required",fill operator_value for replacement_benchmark_id in replacement_operator_values.csv
33,hist_REQUIRED_COMPLEX_008,target_identity_non_current_historical,operator_confirmed_true,REQUIRED_TRUE_CONFIRMATION,REQUIRED_OPERATOR_EVIDENCE_REF,REQUIRED_OPERATOR_CLEARANCE,casp17/historical_seed_strict_blind_replacement_intake/33_hist_required_complex_008/replacement_candidate_intake.csv,casp17/historical_seed_strict_blind_replacement_intake/33_hist_required_complex_008/replacement_operator_values.csv,awaiting_operator_value,dry_run,false,"operator_value_required,evidence_ref_required,operator_clearance_required",fill operator_value for target_identity_non_current_historical in replacement_operator_values.csv
33,hist_REQUIRED_COMPLEX_008,prediction_created_at,authoritative_iso_date,YYYY-MM-DD,REQUIRED_OPERATOR_EVIDENCE_REF,REQUIRED_OPERATOR_CLEARANCE,casp17/historical_seed_strict_blind_replacement_intake/33_hist_required_complex_008/replacement_candidate_intake.csv,casp17/historical_seed_strict_blind_replacement_intake/33_hist_required_complex_008/replacement_operator_values.csv,awaiting_operator_value,dry_run,false,"operator_value_required,evidence_ref_required,operator_clearance_required",fill operator_value for prediction_created_at in replacement_operator_values.csv
33,hist_REQUIRED_COMPLEX_008,native_release_date,authoritative_iso_date,YYYY-MM-DD,REQUIRED_OPERATOR_EVIDENCE_REF,REQUIRED_OPERATOR_CLEARANCE,casp17/historical_seed_strict_blind_replacement_intake/33_hist_required_complex_008/replacement_candidate_intake.csv,casp17/historical_seed_strict_blind_replacement_intake/33_hist_required_complex_008/replacement_operator_values.csv,awaiting_operator_value,dry_run,false,"operator_value_required,evidence_ref_required,operator_clearance_required",fill operator_value for native_release_date in replacement_operator_values.csv
33,hist_REQUIRED_COMPLEX_008,prediction_generated_before_native_release,operator_confirmed_true,REQUIRED_TRUE_CONFIRMATION,REQUIRED_OPERATOR_EVIDENCE_REF,REQUIRED_OPERATOR_CLEARANCE,casp17/historical_seed_strict_blind_replacement_intake/33_hist_required_complex_008/replacement_candidate_intake.csv,casp17/historical_seed_strict_blind_replacement_intake/33_hist_required_complex_008/replacement_operator_values.csv,awaiting_operator_value,dry_run,false,"operator_value_required,evidence_ref_required,operator_clearance_required",fill operator_value for prediction_generated_before_native_release in replacement_operator_values.csv
33,hist_REQUIRED_COMPLEX_008,public_template_or_native_used_for_prediction,operator_confirmed_false,REQUIRED_FALSE_CONFIRMATION,REQUIRED_OPERATOR_EVIDENCE_REF,REQUIRED_OPERATOR_CLEARANCE,casp17/historical_seed_strict_blind_replacement_intake/33_hist_required_complex_008/replacement_candidate_intake.csv,casp17/historical_seed_strict_blind_replacement_intake/33_hist_required_complex_008/replacement_operator_values.csv,awaiting_operator_value,dry_run,false,"operator_value_required,evidence_ref_required,operator_clearance_required",fill operator_value for public_template_or_native_used_for_prediction in replacement_operator_values.csv
33,hist_REQUIRED_COMPLEX_008,other_team_model_used,operator_confirmed_false,REQUIRED_FALSE_CONFIRMATION,REQUIRED_OPERATOR_EVIDENCE_REF,REQUIRED_OPERATOR_CLEARANCE,casp17/historical_seed_strict_blind_replacement_intake/33_hist_required_complex_008/replacement_candidate_intake.csv,casp17/historical_seed_strict_blind_replacement_intake/33_hist_required_complex_008/replacement_operator_values.csv,awaiting_operator_value,dry_run,false,"operator_value_required,evidence_ref_required,operator_clearance_required",fill operator_value for other_team_model_used in replacement_operator_values.csv
33,hist_REQUIRED_COMPLEX_008,post_release_information_used,operator_confirmed_false,REQUIRED_FALSE_CONFIRMATION,REQUIRED_OPERATOR_EVIDENCE_REF,REQUIRED_OPERATOR_CLEARANCE,casp17/historical_seed_strict_blind_replacement_intake/33_hist_required_complex_008/replacement_candidate_intake.csv,casp17/historical_seed_strict_blind_replacement_intake/33_hist_required_complex_008/replacement_operator_values.csv,awaiting_operator_value,dry_run,false,"operator_value_required,evidence_ref_required,operator_clearance_required",fill operator_value for post_release_information_used in replacement_operator_values.csv
33,hist_REQUIRED_COMPLEX_008,operator_clearance,operator_cleared,REQUIRED_OPERATOR_CLEARANCE,REQUIRED_OPERATOR_EVIDENCE_REF,REQUIRED_OPERATOR_CLEARANCE,casp17/historical_seed_strict_blind_replacement_intake/33_hist_required_complex_008/replacement_candidate_intake.csv,casp17/historical_seed_strict_blind_replacement_intake/33_hist_required_complex_008/replacement_operator_values.csv,awaiting_operator_value,dry_run,false,"operator_value_required,evidence_ref_required,operator_clearance_required",fill operator_value for operator_clearance in replacement_operator_values.csv
34,hist_REQUIRED_COMPLEX_009,replacement_target_id,operator_supplied_non_placeholder,REQUIRED_REPLACEMENT_TARGET_ID,REQUIRED_OPERATOR_EVIDENCE_REF,REQUIRED_OPERATOR_CLEARANCE,casp17/historical_seed_strict_blind_replacement_intake/34_hist_required_complex_009/replacement_candidate_intake.csv,casp17/historical_seed_strict_blind_replacement_intake/34_hist_required_complex_009/replacement_operator_values.csv,awaiting_operator_value,dry_run,false,"operator_value_required,evidence_ref_required,operator_clearance_required",fill operator_value for replacement_target_id in replacement_operator_values.csv
34,hist_REQUIRED_COMPLEX_009,replacement_benchmark_id,operator_supplied_non_placeholder,REQUIRED_REPLACEMENT_BENCHMARK_ID,REQUIRED_OPERATOR_EVIDENCE_REF,REQUIRED_OPERATOR_CLEARANCE,casp17/historical_seed_strict_blind_replacement_intake/34_hist_required_complex_009/replacement_candidate_intake.csv,casp17/historical_seed_strict_blind_replacement_intake/34_hist_required_complex_009/replacement_operator_values.csv,awaiting_operator_value,dry_run,false,"operator_value_required,evidence_ref_required,operator_clearance_required",fill operator_value for replacement_benchmark_id in replacement_operator_values.csv
34,hist_REQUIRED_COMPLEX_009,target_identity_non_current_historical,operator_confirmed_true,REQUIRED_TRUE_CONFIRMATION,REQUIRED_OPERATOR_EVIDENCE_REF,REQUIRED_OPERATOR_CLEARANCE,casp17/historical_seed_strict_blind_replacement_intake/34_hist_required_complex_009/replacement_candidate_intake.csv,casp17/historical_seed_strict_blind_replacement_intake/34_hist_required_complex_009/replacement_operator_values.csv,awaiting_operator_value,dry_run,false,"operator_value_required,evidence_ref_required,operator_clearance_required",fill operator_value for target_identity_non_current_historical in replacement_operator_values.csv
34,hist_REQUIRED_COMPLEX_009,prediction_created_at,authoritative_iso_date,YYYY-MM-DD,REQUIRED_OPERATOR_EVIDENCE_REF,REQUIRED_OPERATOR_CLEARANCE,casp17/historical_seed_strict_blind_replacement_intake/34_hist_required_complex_009/replacement_candidate_intake.csv,casp17/historical_seed_strict_blind_replacement_intake/34_hist_required_complex_009/replacement_operator_values.csv,awaiting_operator_value,dry_run,false,"operator_value_required,evidence_ref_required,operator_clearance_required",fill operator_value for prediction_created_at in replacement_operator_values.csv
34,hist_REQUIRED_COMPLEX_009,native_release_date,authoritative_iso_date,YYYY-MM-DD,REQUIRED_OPERATOR_EVIDENCE_REF,REQUIRED_OPERATOR_CLEARANCE,casp17/historical_seed_strict_blind_replacement_intake/34_hist_required_complex_009/replacement_candidate_intake.csv,casp17/historical_seed_strict_blind_replacement_intake/34_hist_required_complex_009/replacement_operator_values.csv,awaiting_operator_value,dry_run,false,"operator_value_required,evidence_ref_required,operator_clearance_required",fill operator_value for native_release_date in replacement_operator_values.csv
34,hist_REQUIRED_COMPLEX_009,prediction_generated_before_native_release,operator_confirmed_true,REQUIRED_TRUE_CONFIRMATION,REQUIRED_OPERATOR_EVIDENCE_REF,REQUIRED_OPERATOR_CLEARANCE,casp17/historical_seed_strict_blind_replacement_intake/34_hist_required_complex_009/replacement_candidate_intake.csv,casp17/historical_seed_strict_blind_replacement_intake/34_hist_required_complex_009/replacement_operator_values.csv,awaiting_operator_value,dry_run,false,"operator_value_required,evidence_ref_required,operator_clearance_required",fill operator_value for prediction_generated_before_native_release in replacement_operator_values.csv
34,hist_REQUIRED_COMPLEX_009,public_template_or_native_used_for_prediction,operator_confirmed_false,REQUIRED_FALSE_CONFIRMATION,REQUIRED_OPERATOR_EVIDENCE_REF,REQUIRED_OPERATOR_CLEARANCE,casp17/historical_seed_strict_blind_replacement_intake/34_hist_required_complex_009/replacement_candidate_intake.csv,casp17/historical_seed_strict_blind_replacement_intake/34_hist_required_complex_009/replacement_operator_values.csv,awaiting_operator_value,dry_run,false,"operator_value_required,evidence_ref_required,operator_clearance_required",fill operator_value for public_template_or_native_used_for_prediction in replacement_operator_values.csv
34,hist_REQUIRED_COMPLEX_009,other_team_model_used,operator_confirmed_false,REQUIRED_FALSE_CONFIRMATION,REQUIRED_OPERATOR_EVIDENCE_REF,REQUIRED_OPERATOR_CLEARANCE,casp17/historical_seed_strict_blind_replacement_intake/34_hist_required_complex_009/replacement_candidate_intake.csv,casp17/historical_seed_strict_blind_replacement_intake/34_hist_required_complex_009/replacement_operator_values.csv,awaiting_operator_value,dry_run,false,"operator_value_required,evidence_ref_required,operator_clearance_required",fill operator_value for other_team_model_used in replacement_operator_values.csv
34,hist_REQUIRED_COMPLEX_009,post_release_information_used,operator_confirmed_false,REQUIRED_FALSE_CONFIRMATION,REQUIRED_OPERATOR_EVIDENCE_REF,REQUIRED_OPERATOR_CLEARANCE,casp17/historical_seed_strict_blind_replacement_intake/34_hist_required_complex_009/replacement_candidate_intake.csv,casp17/historical_seed_strict_blind_replacement_intake/34_hist_required_complex_009/replacement_operator_values.csv,awaiting_operator_value,dry_run,false,"operator_value_required,evidence_ref_required,operator_clearance_required",fill operator_value for post_release_information_used in replacement_operator_values.csv
34,hist_REQUIRED_COMPLEX_009,operator_clearance,operator_cleared,REQUIRED_OPERATOR_CLEARANCE,REQUIRED_OPERATOR_EVIDENCE_REF,REQUIRED_OPERATOR_CLEARANCE,casp17/historical_seed_strict_blind_replacement_intake/34_hist_required_complex_009/replacement_candidate_intake.csv,casp17/historical_seed_strict_blind_replacement_intake/34_hist_required_complex_009/replacement_operator_values.csv,awaiting_operator_value,dry_run,false,"operator_value_required,evidence_ref_required,operator_clearance_required",fill operator_value for operator_clearance in replacement_operator_values.csv
35,hist_REQUIRED_COMPLEX_010,replacement_target_id,operator_supplied_non_placeholder,REQUIRED_REPLACEMENT_TARGET_ID,REQUIRED_OPERATOR_EVIDENCE_REF,REQUIRED_OPERATOR_CLEARANCE,casp17/historical_seed_strict_blind_replacement_intake/35_hist_required_complex_010/replacement_candidate_intake.csv,casp17/historical_seed_strict_blind_replacement_intake/35_hist_required_complex_010/replacement_operator_values.csv,awaiting_operator_value,dry_run,false,"operator_value_required,evidence_ref_required,operator_clearance_required",fill operator_value for replacement_target_id in replacement_operator_values.csv
35,hist_REQUIRED_COMPLEX_010,replacement_benchmark_id,operator_supplied_non_placeholder,REQUIRED_REPLACEMENT_BENCHMARK_ID,REQUIRED_OPERATOR_EVIDENCE_REF,REQUIRED_OPERATOR_CLEARANCE,casp17/historical_seed_strict_blind_replacement_intake/35_hist_required_complex_010/replacement_candidate_intake.csv,casp17/historical_seed_strict_blind_replacement_intake/35_hist_required_complex_010/replacement_operator_values.csv,awaiting_operator_value,dry_run,false,"operator_value_required,evidence_ref_required,operator_clearance_required",fill operator_value for replacement_benchmark_id in replacement_operator_values.csv
35,hist_REQUIRED_COMPLEX_010,target_identity_non_current_historical,operator_confirmed_true,REQUIRED_TRUE_CONFIRMATION,REQUIRED_OPERATOR_EVIDENCE_REF,REQUIRED_OPERATOR_CLEARANCE,casp17/historical_seed_strict_blind_replacement_intake/35_hist_required_complex_010/replacement_candidate_intake.csv,casp17/historical_seed_strict_blind_replacement_intake/35_hist_required_complex_010/replacement_operator_values.csv,awaiting_operator_value,dry_run,false,"operator_value_required,evidence_ref_required,operator_clearance_required",fill operator_value for target_identity_non_current_historical in replacement_operator_values.csv
35,hist_REQUIRED_COMPLEX_010,prediction_created_at,authoritative_iso_date,YYYY-MM-DD,REQUIRED_OPERATOR_EVIDENCE_REF,REQUIRED_OPERATOR_CLEARANCE,casp17/historical_seed_strict_blind_replacement_intake/35_hist_required_complex_010/replacement_candidate_intake.csv,casp17/historical_seed_strict_blind_replacement_intake/35_hist_required_complex_010/replacement_operator_values.csv,awaiting_operator_value,dry_run,false,"operator_value_required,evidence_ref_required,operator_clearance_required",fill operator_value for prediction_created_at in replacement_operator_values.csv
35,hist_REQUIRED_COMPLEX_010,native_release_date,authoritative_iso_date,YYYY-MM-DD,REQUIRED_OPERATOR_EVIDENCE_REF,REQUIRED_OPERATOR_CLEARANCE,casp17/historical_seed_strict_blind_replacement_intake/35_hist_required_complex_010/replacement_candidate_intake.csv,casp17/historical_seed_strict_blind_replacement_intake/35_hist_required_complex_010/replacement_operator_values.csv,awaiting_operator_value,dry_run,false,"operator_value_required,evidence_ref_required,operator_clearance_required",fill operator_value for native_release_date in replacement_operator_values.csv
35,hist_REQUIRED_COMPLEX_010,prediction_generated_before_native_release,operator_confirmed_true,REQUIRED_TRUE_CONFIRMATION,REQUIRED_OPERATOR_EVIDENCE_REF,REQUIRED_OPERATOR_CLEARANCE,casp17/historical_seed_strict_blind_replacement_intake/35_hist_required_complex_010/replacement_candidate_intake.csv,casp17/historical_seed_strict_blind_replacement_intake/35_hist_required_complex_010/replacement_operator_values.csv,awaiting_operator_value,dry_run,false,"operator_value_required,evidence_ref_required,operator_clearance_required",fill operator_value for prediction_generated_before_native_release in replacement_operator_values.csv
35,hist_REQUIRED_COMPLEX_010,public_template_or_native_used_for_prediction,operator_confirmed_false,REQUIRED_FALSE_CONFIRMATION,REQUIRED_OPERATOR_EVIDENCE_REF,REQUIRED_OPERATOR_CLEARANCE,casp17/historical_seed_strict_blind_replacement_intake/35_hist_required_complex_010/replacement_candidate_intake.csv,casp17/historical_seed_strict_blind_replacement_intake/35_hist_required_complex_010/replacement_operator_values.csv,awaiting_operator_value,dry_run,false,"operator_value_required,evidence_ref_required,operator_clearance_required",fill operator_value for public_template_or_native_used_for_prediction in replacement_operator_values.csv
35,hist_REQUIRED_COMPLEX_010,other_team_model_used,operator_confirmed_false,REQUIRED_FALSE_CONFIRMATION,REQUIRED_OPERATOR_EVIDENCE_REF,REQUIRED_OPERATOR_CLEARANCE,casp17/historical_seed_strict_blind_replacement_intake/35_hist_required_complex_010/replacement_candidate_intake.csv,casp17/historical_seed_strict_blind_replacement_intake/35_hist_required_complex_010/replacement_operator_values.csv,awaiting_operator_value,dry_run,false,"operator_value_required,evidence_ref_required,operator_clearance_required",fill operator_value for other_team_model_used in replacement_operator_values.csv
35,hist_REQUIRED_COMPLEX_010,post_release_information_used,operator_confirmed_false,REQUIRED_FALSE_CONFIRMATION,REQUIRED_OPERATOR_EVIDENCE_REF,REQUIRED_OPERATOR_CLEARANCE,casp17/historical_seed_strict_blind_replacement_intake/35_hist_required_complex_010/replacement_candidate_intake.csv,casp17/historical_seed_strict_blind_replacement_intake/35_hist_required_complex_010/replacement_operator_values.csv,awaiting_operator_value,dry_run,false,"operator_value_required,evidence_ref_required,operator_clearance_required",fill operator_value for post_release_information_used in replacement_operator_values.csv
35,hist_REQUIRED_COMPLEX_010,operator_clearance,operator_cleared,REQUIRED_OPERATOR_CLEARANCE,REQUIRED_OPERATOR_EVIDENCE_REF,REQUIRED_OPERATOR_CLEARANCE,casp17/historical_seed_strict_blind_replacement_intake/35_hist_required_complex_010/replacement_candidate_intake.csv,casp17/historical_seed_strict_blind_replacement_intake/35_hist_required_complex_010/replacement_operator_values.csv,awaiting_operator_value,dry_run,false,"operator_value_required,evidence_ref_required,operator_clearance_required",fill operator_value for operator_clearance in replacement_operator_values.csv
36,hist_REQUIRED_COMPLEX_011,replacement_target_id,operator_supplied_non_placeholder,REQUIRED_REPLACEMENT_TARGET_ID,REQUIRED_OPERATOR_EVIDENCE_REF,REQUIRED_OPERATOR_CLEARANCE,casp17/historical_seed_strict_blind_replacement_intake/36_hist_required_complex_011/replacement_candidate_intake.csv,casp17/historical_seed_strict_blind_replacement_intake/36_hist_required_complex_011/replacement_operator_values.csv,awaiting_operator_value,dry_run,false,"operator_value_required,evidence_ref_required,operator_clearance_required",fill operator_value for replacement_target_id in replacement_operator_values.csv
36,hist_REQUIRED_COMPLEX_011,replacement_benchmark_id,operator_supplied_non_placeholder,REQUIRED_REPLACEMENT_BENCHMARK_ID,REQUIRED_OPERATOR_EVIDENCE_REF,REQUIRED_OPERATOR_CLEARANCE,casp17/historical_seed_strict_blind_replacement_intake/36_hist_required_complex_011/replacement_candidate_intake.csv,casp17/historical_seed_strict_blind_replacement_intake/36_hist_required_complex_011/replacement_operator_values.csv,awaiting_operator_value,dry_run,false,"operator_value_required,evidence_ref_required,operator_clearance_required",fill operator_value for replacement_benchmark_id in replacement_operator_values.csv
36,hist_REQUIRED_COMPLEX_011,target_identity_non_current_historical,operator_confirmed_true,REQUIRED_TRUE_CONFIRMATION,REQUIRED_OPERATOR_EVIDENCE_REF,REQUIRED_OPERATOR_CLEARANCE,casp17/historical_seed_strict_blind_replacement_intake/36_hist_required_complex_011/replacement_candidate_intake.csv,casp17/historical_seed_strict_blind_replacement_intake/36_hist_required_complex_011/replacement_operator_values.csv,awaiting_operator_value,dry_run,false,"operator_value_required,evidence_ref_required,operator_clearance_required",fill operator_value for target_identity_non_current_historical in replacement_operator_values.csv
36,hist_REQUIRED_COMPLEX_011,prediction_created_at,authoritative_iso_date,YYYY-MM-DD,REQUIRED_OPERATOR_EVIDENCE_REF,REQUIRED_OPERATOR_CLEARANCE,casp17/historical_seed_strict_blind_replacement_intake/36_hist_required_complex_011/replacement_candidate_intake.csv,casp17/historical_seed_strict_blind_replacement_intake/36_hist_required_complex_011/replacement_operator_values.csv,awaiting_operator_value,dry_run,false,"operator_value_required,evidence_ref_required,operator_clearance_required",fill operator_value for prediction_created_at in replacement_operator_values.csv
36,hist_REQUIRED_COMPLEX_011,native_release_date,authoritative_iso_date,YYYY-MM-DD,REQUIRED_OPERATOR_EVIDENCE_REF,REQUIRED_OPERATOR_CLEARANCE,casp17/historical_seed_strict_blind_replacement_intake/36_hist_required_complex_011/replacement_candidate_intake.csv,casp17/historical_seed_strict_blind_replacement_intake/36_hist_required_complex_011/replacement_operator_values.csv,awaiting_operator_value,dry_run,false,"operator_value_required,evidence_ref_required,operator_clearance_required",fill operator_value for native_release_date in replacement_operator_values.csv
36,hist_REQUIRED_COMPLEX_011,prediction_generated_before_native_release,operator_confirmed_true,REQUIRED_TRUE_CONFIRMATION,REQUIRED_OPERATOR_EVIDENCE_REF,REQUIRED_OPERATOR_CLEARANCE,casp17/historical_seed_strict_blind_replacement_intake/36_hist_required_complex_011/replacement_candidate_intake.csv,casp17/historical_seed_strict_blind_replacement_intake/36_hist_required_complex_011/replacement_operator_values.csv,awaiting_operator_value,dry_run,false,"operator_value_required,evidence_ref_required,operator_clearance_required",fill operator_value for prediction_generated_before_native_release in replacement_operator_values.csv
36,hist_REQUIRED_COMPLEX_011,public_template_or_native_used_for_prediction,operator_confirmed_false,REQUIRED_FALSE_CONFIRMATION,REQUIRED_OPERATOR_EVIDENCE_REF,REQUIRED_OPERATOR_CLEARANCE,casp17/historical_seed_strict_blind_replacement_intake/36_hist_required_complex_011/replacement_candidate_intake.csv,casp17/historical_seed_strict_blind_replacement_intake/36_hist_required_complex_011/replacement_operator_values.csv,awaiting_operator_value,dry_run,false,"operator_value_required,evidence_ref_required,operator_clearance_required",fill operator_value for public_template_or_native_used_for_prediction in replacement_operator_values.csv
36,hist_REQUIRED_COMPLEX_011,other_team_model_used,operator_confirmed_false,REQUIRED_FALSE_CONFIRMATION,REQUIRED_OPERATOR_EVIDENCE_REF,REQUIRED_OPERATOR_CLEARANCE,casp17/historical_seed_strict_blind_replacement_intake/36_hist_required_complex_011/replacement_candidate_intake.csv,casp17/historical_seed_strict_blind_replacement_intake/36_hist_required_complex_011/replacement_operator_values.csv,awaiting_operator_value,dry_run,false,"operator_value_required,evidence_ref_required,operator_clearance_required",fill operator_value for other_team_model_used in replacement_operator_values.csv
36,hist_REQUIRED_COMPLEX_011,post_release_information_used,operator_confirmed_false,REQUIRED_FALSE_CONFIRMATION,REQUIRED_OPERATOR_EVIDENCE_REF,REQUIRED_OPERATOR_CLEARANCE,casp17/historical_seed_strict_blind_replacement_intake/36_hist_required_complex_011/replacement_candidate_intake.csv,casp17/historical_seed_strict_blind_replacement_intake/36_hist_required_complex_011/replacement_operator_values.csv,awaiting_operator_value,dry_run,false,"operator_value_required,evidence_ref_required,operator_clearance_required",fill operator_value for post_release_information_used in replacement_operator_values.csv
36,hist_REQUIRED_COMPLEX_011,operator_clearance,operator_cleared,REQUIRED_OPERATOR_CLEARANCE,REQUIRED_OPERATOR_EVIDENCE_REF,REQUIRED_OPERATOR_CLEARANCE,casp17/historical_seed_strict_blind_replacement_intake/36_hist_required_complex_011/replacement_candidate_intake.csv,casp17/historical_seed_strict_blind_replacement_intake/36_hist_required_complex_011/replacement_operator_values.csv,awaiting_operator_value,dry_run,false,"operator_value_required,evidence_ref_required,operator_clearance_required",fill operator_value for operator_clearance in replacement_operator_values.csv
37,hist_REQUIRED_COMPLEX_012,replacement_target_id,operator_supplied_non_placeholder,REQUIRED_REPLACEMENT_TARGET_ID,REQUIRED_OPERATOR_EVIDENCE_REF,REQUIRED_OPERATOR_CLEARANCE,casp17/historical_seed_strict_blind_replacement_intake/37_hist_required_complex_012/replacement_candidate_intake.csv,casp17/historical_seed_strict_blind_replacement_intake/37_hist_required_complex_012/replacement_operator_values.csv,awaiting_operator_value,dry_run,false,"operator_value_required,evidence_ref_required,operator_clearance_required",fill operator_value for replacement_target_id in replacement_operator_values.csv
37,hist_REQUIRED_COMPLEX_012,replacement_benchmark_id,operator_supplied_non_placeholder,REQUIRED_REPLACEMENT_BENCHMARK_ID,REQUIRED_OPERATOR_EVIDENCE_REF,REQUIRED_OPERATOR_CLEARANCE,casp17/historical_seed_strict_blind_replacement_intake/37_hist_required_complex_012/replacement_candidate_intake.csv,casp17/historical_seed_strict_blind_replacement_intake/37_hist_required_complex_012/replacement_operator_values.csv,awaiting_operator_value,dry_run,false,"operator_value_required,evidence_ref_required,operator_clearance_required",fill operator_value for replacement_benchmark_id in replacement_operator_values.csv
37,hist_REQUIRED_COMPLEX_012,target_identity_non_current_historical,operator_confirmed_true,REQUIRED_TRUE_CONFIRMATION,REQUIRED_OPERATOR_EVIDENCE_REF,REQUIRED_OPERATOR_CLEARANCE,casp17/historical_seed_strict_blind_replacement_intake/37_hist_required_complex_012/replacement_candidate_intake.csv,casp17/historical_seed_strict_blind_replacement_intake/37_hist_required_complex_012/replacement_operator_values.csv,awaiting_operator_value,dry_run,false,"operator_value_required,evidence_ref_required,operator_clearance_required",fill operator_value for target_identity_non_current_historical in replacement_operator_values.csv
37,hist_REQUIRED_COMPLEX_012,prediction_created_at,authoritative_iso_date,YYYY-MM-DD,REQUIRED_OPERATOR_EVIDENCE_REF,REQUIRED_OPERATOR_CLEARANCE,casp17/historical_seed_strict_blind_replacement_intake/37_hist_required_complex_012/replacement_candidate_intake.csv,casp17/historical_seed_strict_blind_replacement_intake/37_hist_required_complex_012/replacement_operator_values.csv,awaiting_operator_value,dry_run,false,"operator_value_required,evidence_ref_required,operator_clearance_required",fill operator_value for prediction_created_at in replacement_operator_values.csv
37,hist_REQUIRED_COMPLEX_012,native_release_date,authoritative_iso_date,YYYY-MM-DD,REQUIRED_OPERATOR_EVIDENCE_REF,REQUIRED_OPERATOR_CLEARANCE,casp17/historical_seed_strict_blind_replacement_intake/37_hist_required_complex_012/replacement_candidate_intake.csv,casp17/historical_seed_strict_blind_replacement_intake/37_hist_required_complex_012/replacement_operator_values.csv,awaiting_operator_value,dry_run,false,"operator_value_required,evidence_ref_required,operator_clearance_required",fill operator_value for native_release_date in replacement_operator_values.csv
37,hist_REQUIRED_COMPLEX_012,prediction_generated_before_native_release,operator_confirmed_true,REQUIRED_TRUE_CONFIRMATION,REQUIRED_OPERATOR_EVIDENCE_REF,REQUIRED_OPERATOR_CLEARANCE,casp17/historical_seed_strict_blind_replacement_intake/37_hist_required_complex_012/replacement_candidate_intake.csv,casp17/historical_seed_strict_blind_replacement_intake/37_hist_required_complex_012/replacement_operator_values.csv,awaiting_operator_value,dry_run,false,"operator_value_required,evidence_ref_required,operator_clearance_required",fill operator_value for prediction_generated_before_native_release in replacement_operator_values.csv
37,hist_REQUIRED_COMPLEX_012,public_template_or_native_used_for_prediction,operator_confirmed_false,REQUIRED_FALSE_CONFIRMATION,REQUIRED_OPERATOR_EVIDENCE_REF,REQUIRED_OPERATOR_CLEARANCE,casp17/historical_seed_strict_blind_replacement_intake/37_hist_required_complex_012/replacement_candidate_intake.csv,casp17/historical_seed_strict_blind_replacement_intake/37_hist_required_complex_012/replacement_operator_values.csv,awaiting_operator_value,dry_run,false,"operator_value_required,evidence_ref_required,operator_clearance_required",fill operator_value for public_template_or_native_used_for_prediction in replacement_operator_values.csv
37,hist_REQUIRED_COMPLEX_012,other_team_model_used,operator_confirmed_false,REQUIRED_FALSE_CONFIRMATION,REQUIRED_OPERATOR_EVIDENCE_REF,REQUIRED_OPERATOR_CLEARANCE,casp17/historical_seed_strict_blind_replacement_intake/37_hist_required_complex_012/replacement_candidate_intake.csv,casp17/historical_seed_strict_blind_replacement_intake/37_hist_required_complex_012/replacement_operator_values.csv,awaiting_operator_value,dry_run,false,"operator_value_required,evidence_ref_required,operator_clearance_required",fill operator_value for other_team_model_used in replacement_operator_values.csv
37,hist_REQUIRED_COMPLEX_012,post_release_information_used,operator_confirmed_false,REQUIRED_FALSE_CONFIRMATION,REQUIRED_OPERATOR_EVIDENCE_REF,REQUIRED_OPERATOR_CLEARANCE,casp17/historical_seed_strict_blind_replacement_intake/37_hist_required_complex_012/replacement_candidate_intake.csv,casp17/historical_seed_strict_blind_replacement_intake/37_hist_required_complex_012/replacement_operator_values.csv,awaiting_operator_value,dry_run,false,"operator_value_required,evidence_ref_required,operator_clearance_required",fill operator_value for post_release_information_used in replacement_operator_values.csv
37,hist_REQUIRED_COMPLEX_012,operator_clearance,operator_cleared,REQUIRED_OPERATOR_CLEARANCE,REQUIRED_OPERATOR_EVIDENCE_REF,REQUIRED_OPERATOR_CLEARANCE,casp17/historical_seed_strict_blind_replacement_intake/37_hist_required_complex_012/replacement_candidate_intake.csv,casp17/historical_seed_strict_blind_replacement_intake/37_hist_required_complex_012/replacement_operator_values.csv,awaiting_operator_value,dry_run,false,"operator_value_required,evidence_ref_required,operator_clearance_required",fill operator_value for operator_clearance in replacement_operator_values.csv
38,hist_REQUIRED_COMPLEX_013,replacement_target_id,operator_supplied_non_placeholder,REQUIRED_REPLACEMENT_TARGET_ID,REQUIRED_OPERATOR_EVIDENCE_REF,REQUIRED_OPERATOR_CLEARANCE,casp17/historical_seed_strict_blind_replacement_intake/38_hist_required_complex_013/replacement_candidate_intake.csv,casp17/historical_seed_strict_blind_replacement_intake/38_hist_required_complex_013/replacement_operator_values.csv,awaiting_operator_value,dry_run,false,"operator_value_required,evidence_ref_required,operator_clearance_required",fill operator_value for replacement_target_id in replacement_operator_values.csv
38,hist_REQUIRED_COMPLEX_013,replacement_benchmark_id,operator_supplied_non_placeholder,REQUIRED_REPLACEMENT_BENCHMARK_ID,REQUIRED_OPERATOR_EVIDENCE_REF,REQUIRED_OPERATOR_CLEARANCE,casp17/historical_seed_strict_blind_replacement_intake/38_hist_required_complex_013/replacement_candidate_intake.csv,casp17/historical_seed_strict_blind_replacement_intake/38_hist_required_complex_013/replacement_operator_values.csv,awaiting_operator_value,dry_run,false,"operator_value_required,evidence_ref_required,operator_clearance_required",fill operator_value for replacement_benchmark_id in replacement_operator_values.csv
38,hist_REQUIRED_COMPLEX_013,target_identity_non_current_historical,operator_confirmed_true,REQUIRED_TRUE_CONFIRMATION,REQUIRED_OPERATOR_EVIDENCE_REF,REQUIRED_OPERATOR_CLEARANCE,casp17/historical_seed_strict_blind_replacement_intake/38_hist_required_complex_013/replacement_candidate_intake.csv,casp17/historical_seed_strict_blind_replacement_intake/38_hist_required_complex_013/replacement_operator_values.csv,awaiting_operator_value,dry_run,false,"operator_value_required,evidence_ref_required,operator_clearance_required",fill operator_value for target_identity_non_current_historical in replacement_operator_values.csv
38,hist_REQUIRED_COMPLEX_013,prediction_created_at,authoritative_iso_date,YYYY-MM-DD,REQUIRED_OPERATOR_EVIDENCE_REF,REQUIRED_OPERATOR_CLEARANCE,casp17/historical_seed_strict_blind_replacement_intake/38_hist_required_complex_013/replacement_candidate_intake.csv,casp17/historical_seed_strict_blind_replacement_intake/38_hist_required_complex_013/replacement_operator_values.csv,awaiting_operator_value,dry_run,false,"operator_value_required,evidence_ref_required,operator_clearance_required",fill operator_value for prediction_created_at in replacement_operator_values.csv
38,hist_REQUIRED_COMPLEX_013,native_release_date,authoritative_iso_date,YYYY-MM-DD,REQUIRED_OPERATOR_EVIDENCE_REF,REQUIRED_OPERATOR_CLEARANCE,casp17/historical_seed_strict_blind_replacement_intake/38_hist_required_complex_013/replacement_candidate_intake.csv,casp17/historical_seed_strict_blind_replacement_intake/38_hist_required_complex_013/replacement_operator_values.csv,awaiting_operator_value,dry_run,false,"operator_value_required,evidence_ref_required,operator_clearance_required",fill operator_value for native_release_date in replacement_operator_values.csv
38,hist_REQUIRED_COMPLEX_013,prediction_generated_before_native_release,operator_confirmed_true,REQUIRED_TRUE_CONFIRMATION,REQUIRED_OPERATOR_EVIDENCE_REF,REQUIRED_OPERATOR_CLEARANCE,casp17/historical_seed_strict_blind_replacement_intake/38_hist_required_complex_013/replacement_candidate_intake.csv,casp17/historical_seed_strict_blind_replacement_intake/38_hist_required_complex_013/replacement_operator_values.csv,awaiting_operator_value,dry_run,false,"operator_value_required,evidence_ref_required,operator_clearance_required",fill operator_value for prediction_generated_before_native_release in replacement_operator_values.csv
38,hist_REQUIRED_COMPLEX_013,public_template_or_native_used_for_prediction,operator_confirmed_false,REQUIRED_FALSE_CONFIRMATION,REQUIRED_OPERATOR_EVIDENCE_REF,REQUIRED_OPERATOR_CLEARANCE,casp17/historical_seed_strict_blind_replacement_intake/38_hist_required_complex_013/replacement_candidate_intake.csv,casp17/historical_seed_strict_blind_replacement_intake/38_hist_required_complex_013/replacement_operator_values.csv,awaiting_operator_value,dry_run,false,"operator_value_required,evidence_ref_required,operator_clearance_required",fill operator_value for public_template_or_native_used_for_prediction in replacement_operator_values.csv
38,hist_REQUIRED_COMPLEX_013,other_team_model_used,operator_confirmed_false,REQUIRED_FALSE_CONFIRMATION,REQUIRED_OPERATOR_EVIDENCE_REF,REQUIRED_OPERATOR_CLEARANCE,casp17/historical_seed_strict_blind_replacement_intake/38_hist_required_complex_013/replacement_candidate_intake.csv,casp17/historical_seed_strict_blind_replacement_intake/38_hist_required_complex_013/replacement_operator_values.csv,awaiting_operator_value,dry_run,false,"operator_value_required,evidence_ref_required,operator_clearance_required",fill operator_value for other_team_model_used in replacement_operator_values.csv
38,hist_REQUIRED_COMPLEX_013,post_release_information_used,operator_confirmed_false,REQUIRED_FALSE_CONFIRMATION,REQUIRED_OPERATOR_EVIDENCE_REF,REQUIRED_OPERATOR_CLEARANCE,casp17/historical_seed_strict_blind_replacement_intake/38_hist_required_complex_013/replacement_candidate_intake.csv,casp17/historical_seed_strict_blind_replacement_intake/38_hist_required_complex_013/replacement_operator_values.csv,awaiting_operator_value,dry_run,false,"operator_value_required,evidence_ref_required,operator_clearance_required",fill operator_value for post_release_information_used in replacement_operator_values.csv
38,hist_REQUIRED_COMPLEX_013,operator_clearance,operator_cleared,REQUIRED_OPERATOR_CLEARANCE,REQUIRED_OPERATOR_EVIDENCE_REF,REQUIRED_OPERATOR_CLEARANCE,casp17/historical_seed_strict_blind_replacement_intake/38_hist_required_complex_013/replacement_candidate_intake.csv,casp17/historical_seed_strict_blind_replacement_intake/38_hist_required_complex_013/replacement_operator_values.csv,awaiting_operator_value,dry_run,false,"operator_value_required,evidence_ref_required,operator_clearance_required",fill operator_value for operator_clearance in replacement_operator_values.csv
39,hist_REQUIRED_COMPLEX_014,replacement_target_id,operator_supplied_non_placeholder,REQUIRED_REPLACEMENT_TARGET_ID,REQUIRED_OPERATOR_EVIDENCE_REF,REQUIRED_OPERATOR_CLEARANCE,casp17/historical_seed_strict_blind_replacement_intake/39_hist_required_complex_014/replacement_candidate_intake.csv,casp17/historical_seed_strict_blind_replacement_intake/39_hist_required_complex_014/replacement_operator_values.csv,awaiting_operator_value,dry_run,false,"operator_value_required,evidence_ref_required,operator_clearance_required",fill operator_value for replacement_target_id in replacement_operator_values.csv
39,hist_REQUIRED_COMPLEX_014,replacement_benchmark_id,operator_supplied_non_placeholder,REQUIRED_REPLACEMENT_BENCHMARK_ID,REQUIRED_OPERATOR_EVIDENCE_REF,REQUIRED_OPERATOR_CLEARANCE,casp17/historical_seed_strict_blind_replacement_intake/39_hist_required_complex_014/replacement_candidate_intake.csv,casp17/historical_seed_strict_blind_replacement_intake/39_hist_required_complex_014/replacement_operator_values.csv,awaiting_operator_value,dry_run,false,"operator_value_required,evidence_ref_required,operator_clearance_required",fill operator_value for replacement_benchmark_id in replacement_operator_values.csv
39,hist_REQUIRED_COMPLEX_014,target_identity_non_current_historical,operator_confirmed_true,REQUIRED_TRUE_CONFIRMATION,REQUIRED_OPERATOR_EVIDENCE_REF,REQUIRED_OPERATOR_CLEARANCE,casp17/historical_seed_strict_blind_replacement_intake/39_hist_required_complex_014/replacement_candidate_intake.csv,casp17/historical_seed_strict_blind_replacement_intake/39_hist_required_complex_014/replacement_operator_values.csv,awaiting_operator_value,dry_run,false,"operator_value_required,evidence_ref_required,operator_clearance_required",fill operator_value for target_identity_non_current_historical in replacement_operator_values.csv
39,hist_REQUIRED_COMPLEX_014,prediction_created_at,authoritative_iso_date,YYYY-MM-DD,REQUIRED_OPERATOR_EVIDENCE_REF,REQUIRED_OPERATOR_CLEARANCE,casp17/historical_seed_strict_blind_replacement_intake/39_hist_required_complex_014/replacement_candidate_intake.csv,casp17/historical_seed_strict_blind_replacement_intake/39_hist_required_complex_014/replacement_operator_values.csv,awaiting_operator_value,dry_run,false,"operator_value_required,evidence_ref_required,operator_clearance_required",fill operator_value for prediction_created_at in replacement_operator_values.csv
39,hist_REQUIRED_COMPLEX_014,native_release_date,authoritative_iso_date,YYYY-MM-DD,REQUIRED_OPERATOR_EVIDENCE_REF,REQUIRED_OPERATOR_CLEARANCE,casp17/historical_seed_strict_blind_replacement_intake/39_hist_required_complex_014/replacement_candidate_intake.csv,casp17/historical_seed_strict_blind_replacement_intake/39_hist_required_complex_014/replacement_operator_values.csv,awaiting_operator_value,dry_run,false,"operator_value_required,evidence_ref_required,operator_clearance_required",fill operator_value for native_release_date in replacement_operator_values.csv
39,hist_REQUIRED_COMPLEX_014,prediction_generated_before_native_release,operator_confirmed_true,REQUIRED_TRUE_CONFIRMATION,REQUIRED_OPERATOR_EVIDENCE_REF,REQUIRED_OPERATOR_CLEARANCE,casp17/historical_seed_strict_blind_replacement_intake/39_hist_required_complex_014/replacement_candidate_intake.csv,casp17/historical_seed_strict_blind_replacement_intake/39_hist_required_complex_014/replacement_operator_values.csv,awaiting_operator_value,dry_run,false,"operator_value_required,evidence_ref_required,operator_clearance_required",fill operator_value for prediction_generated_before_native_release in replacement_operator_values.csv
39,hist_REQUIRED_COMPLEX_014,public_template_or_native_used_for_prediction,operator_confirmed_false,REQUIRED_FALSE_CONFIRMATION,REQUIRED_OPERATOR_EVIDENCE_REF,REQUIRED_OPERATOR_CLEARANCE,casp17/historical_seed_strict_blind_replacement_intake/39_hist_required_complex_014/replacement_candidate_intake.csv,casp17/historical_seed_strict_blind_replacement_intake/39_hist_required_complex_014/replacement_operator_values.csv,awaiting_operator_value,dry_run,false,"operator_value_required,evidence_ref_required,operator_clearance_required",fill operator_value for public_template_or_native_used_for_prediction in replacement_operator_values.csv
39,hist_REQUIRED_COMPLEX_014,other_team_model_used,operator_confirmed_false,REQUIRED_FALSE_CONFIRMATION,REQUIRED_OPERATOR_EVIDENCE_REF,REQUIRED_OPERATOR_CLEARANCE,casp17/historical_seed_strict_blind_replacement_intake/39_hist_required_complex_014/replacement_candidate_intake.csv,casp17/historical_seed_strict_blind_replacement_intake/39_hist_required_complex_014/replacement_operator_values.csv,awaiting_operator_value,dry_run,false,"operator_value_required,evidence_ref_required,operator_clearance_required",fill operator_value for other_team_model_used in replacement_operator_values.csv
39,hist_REQUIRED_COMPLEX_014,post_release_information_used,operator_confirmed_false,REQUIRED_FALSE_CONFIRMATION,REQUIRED_OPERATOR_EVIDENCE_REF,REQUIRED_OPERATOR_CLEARANCE,casp17/historical_seed_strict_blind_replacement_intake/39_hist_required_complex_014/replacement_candidate_intake.csv,casp17/historical_seed_strict_blind_replacement_intake/39_hist_required_complex_014/replacement_operator_values.csv,awaiting_operator_value,dry_run,false,"operator_value_required,evidence_ref_required,operator_clearance_required",fill operator_value for post_release_information_used in replacement_operator_values.csv
39,hist_REQUIRED_COMPLEX_014,operator_clearance,operator_cleared,REQUIRED_OPERATOR_CLEARANCE,REQUIRED_OPERATOR_EVIDENCE_REF,REQUIRED_OPERATOR_CLEARANCE,casp17/historical_seed_strict_blind_replacement_intake/39_hist_required_complex_014/replacement_candidate_intake.csv,casp17/historical_seed_strict_blind_replacement_intake/39_hist_required_complex_014/replacement_operator_values.csv,awaiting_operator_value,dry_run,false,"operator_value_required,evidence_ref_required,operator_clearance_required",fill operator_value for operator_clearance in replacement_operator_values.csv
40,hist_REQUIRED_COMPLEX_015,replacement_target_id,operator_supplied_non_placeholder,REQUIRED_REPLACEMENT_TARGET_ID,REQUIRED_OPERATOR_EVIDENCE_REF,REQUIRED_OPERATOR_CLEARANCE,casp17/historical_seed_strict_blind_replacement_intake/40_hist_required_complex_015/replacement_candidate_intake.csv,casp17/historical_seed_strict_blind_replacement_intake/40_hist_required_complex_015/replacement_operator_values.csv,awaiting_operator_value,dry_run,false,"operator_value_required,evidence_ref_required,operator_clearance_required",fill operator_value for replacement_target_id in replacement_operator_values.csv
40,hist_REQUIRED_COMPLEX_015,replacement_benchmark_id,operator_supplied_non_placeholder,REQUIRED_REPLACEMENT_BENCHMARK_ID,REQUIRED_OPERATOR_EVIDENCE_REF,REQUIRED_OPERATOR_CLEARANCE,casp17/historical_seed_strict_blind_replacement_intake/40_hist_required_complex_015/replacement_candidate_intake.csv,casp17/historical_seed_strict_blind_replacement_intake/40_hist_required_complex_015/replacement_operator_values.csv,awaiting_operator_value,dry_run,false,"operator_value_required,evidence_ref_required,operator_clearance_required",fill operator_value for replacement_benchmark_id in replacement_operator_values.csv
40,hist_REQUIRED_COMPLEX_015,target_identity_non_current_historical,operator_confirmed_true,REQUIRED_TRUE_CONFIRMATION,REQUIRED_OPERATOR_EVIDENCE_REF,REQUIRED_OPERATOR_CLEARANCE,casp17/historical_seed_strict_blind_replacement_intake/40_hist_required_complex_015/replacement_candidate_intake.csv,casp17/historical_seed_strict_blind_replacement_intake/40_hist_required_complex_015/replacement_operator_values.csv,awaiting_operator_value,dry_run,false,"operator_value_required,evidence_ref_required,operator_clearance_required",fill operator_value for target_identity_non_current_historical in replacement_operator_values.csv
40,hist_REQUIRED_COMPLEX_015,prediction_created_at,authoritative_iso_date,YYYY-MM-DD,REQUIRED_OPERATOR_EVIDENCE_REF,REQUIRED_OPERATOR_CLEARANCE,casp17/historical_seed_strict_blind_replacement_intake/40_hist_required_complex_015/replacement_candidate_intake.csv,casp17/historical_seed_strict_blind_replacement_intake/40_hist_required_complex_015/replacement_operator_values.csv,awaiting_operator_value,dry_run,false,"operator_value_required,evidence_ref_required,operator_clearance_required",fill operator_value for prediction_created_at in replacement_operator_values.csv
40,hist_REQUIRED_COMPLEX_015,native_release_date,authoritative_iso_date,YYYY-MM-DD,REQUIRED_OPERATOR_EVIDENCE_REF,REQUIRED_OPERATOR_CLEARANCE,casp17/historical_seed_strict_blind_replacement_intake/40_hist_required_complex_015/replacement_candidate_intake.csv,casp17/historical_seed_strict_blind_replacement_intake/40_hist_required_complex_015/replacement_operator_values.csv,awaiting_operator_value,dry_run,false,"operator_value_required,evidence_ref_required,operator_clearance_required",fill operator_value for native_release_date in replacement_operator_values.csv
40,hist_REQUIRED_COMPLEX_015,prediction_generated_before_native_release,operator_confirmed_true,REQUIRED_TRUE_CONFIRMATION,REQUIRED_OPERATOR_EVIDENCE_REF,REQUIRED_OPERATOR_CLEARANCE,casp17/historical_seed_strict_blind_replacement_intake/40_hist_required_complex_015/replacement_candidate_intake.csv,casp17/historical_seed_strict_blind_replacement_intake/40_hist_required_complex_015/replacement_operator_values.csv,awaiting_operator_value,dry_run,false,"operator_value_required,evidence_ref_required,operator_clearance_required",fill operator_value for prediction_generated_before_native_release in replacement_operator_values.csv
40,hist_REQUIRED_COMPLEX_015,public_template_or_native_used_for_prediction,operator_confirmed_false,REQUIRED_FALSE_CONFIRMATION,REQUIRED_OPERATOR_EVIDENCE_REF,REQUIRED_OPERATOR_CLEARANCE,casp17/historical_seed_strict_blind_replacement_intake/40_hist_required_complex_015/replacement_candidate_intake.csv,casp17/historical_seed_strict_blind_replacement_intake/40_hist_required_complex_015/replacement_operator_values.csv,awaiting_operator_value,dry_run,false,"operator_value_required,evidence_ref_required,operator_clearance_required",fill operator_value for public_template_or_native_used_for_prediction in replacement_operator_values.csv
40,hist_REQUIRED_COMPLEX_015,other_team_model_used,operator_confirmed_false,REQUIRED_FALSE_CONFIRMATION,REQUIRED_OPERATOR_EVIDENCE_REF,REQUIRED_OPERATOR_CLEARANCE,casp17/historical_seed_strict_blind_replacement_intake/40_hist_required_complex_015/replacement_candidate_intake.csv,casp17/historical_seed_strict_blind_replacement_intake/40_hist_required_complex_015/replacement_operator_values.csv,awaiting_operator_value,dry_run,false,"operator_value_required,evidence_ref_required,operator_clearance_required",fill operator_value for other_team_model_used in replacement_operator_values.csv
40,hist_REQUIRED_COMPLEX_015,post_release_information_used,operator_confirmed_false,REQUIRED_FALSE_CONFIRMATION,REQUIRED_OPERATOR_EVIDENCE_REF,REQUIRED_OPERATOR_CLEARANCE,casp17/historical_seed_strict_blind_replacement_intake/40_hist_required_complex_015/replacement_candidate_intake.csv,casp17/historical_seed_strict_blind_replacement_intake/40_hist_required_complex_015/replacement_operator_values.csv,awaiting_operator_value,dry_run,false,"operator_value_required,evidence_ref_required,operator_clearance_required",fill operator_value for post_release_information_used in replacement_operator_values.csv
40,hist_REQUIRED_COMPLEX_015,operator_clearance,operator_cleared,REQUIRED_OPERATOR_CLEARANCE,REQUIRED_OPERATOR_EVIDENCE_REF,REQUIRED_OPERATOR_CLEARANCE,casp17/historical_seed_strict_blind_replacement_intake/40_hist_required_complex_015/replacement_candidate_intake.csv,casp17/historical_seed_strict_blind_replacement_intake/40_hist_required_complex_015/replacement_operator_values.csv,awaiting_operator_value,dry_run,false,"operator_value_required,evidence_ref_required,operator_clearance_required",fill operator_value for operator_clearance in replacement_operator_values.csv
