pool_rank,target_id,model_set_id,model_rank,tar_member_path,filename,model_serial,af_engine,af_protocol,seed,sample,pred,rerank_bucket,selection_rank,selected_for_balanced_extract,extract_destination,extraction_status,claim_boundary
2,H2324,H2324_T328,87,H2324_all_pdbs/Model_5265_cf_woTemplates_model_2_multimer_v2_pred_17.pdb,Model_5265_cf_woTemplates_model_2_multimer_v2_pred_17.pdb,5265,CF,cf_woTemplates_multimer_v2,,2,17,cf_woTemplates_v2,,False,casp17/massivefold_external_pool_intake/h2324_t328/extracted_models/H2324_all_pdbs/Model_5265_cf_woTemplates_model_2_multimer_v2_pred_17.pdb,awaiting_extract,"MassiveFold model pool index only. It parses organizer-provided external model tarball listings and stages balanced extraction/rerank candidates. These models remain external rerank and accuracy-estimation inputs, not internal predictions, not CASP submissions, and not competitive-proof evidence."
2,H2324,H2324_T328,107,H2324_all_pdbs/Model_2926_cf_woTemplates_model_2_multimer_v2_pred_5.pdb,Model_2926_cf_woTemplates_model_2_multimer_v2_pred_5.pdb,2926,CF,cf_woTemplates_multimer_v2,,2,5,cf_woTemplates_v2,,False,casp17/massivefold_external_pool_intake/h2324_t328/extracted_models/H2324_all_pdbs/Model_2926_cf_woTemplates_model_2_multimer_v2_pred_5.pdb,awaiting_extract,"MassiveFold model pool index only. It parses organizer-provided external model tarball listings and stages balanced extraction/rerank candidates. These models remain external rerank and accuracy-estimation inputs, not internal predictions, not CASP submissions, and not competitive-proof evidence."
2,H2324,H2324_T328,118,H2324_all_pdbs/Model_2393_cf_woTemplates_model_1_multimer_v2_pred_12.pdb,Model_2393_cf_woTemplates_model_1_multimer_v2_pred_12.pdb,2393,CF,cf_woTemplates_multimer_v2,,1,12,cf_woTemplates_v2,,False,casp17/massivefold_external_pool_intake/h2324_t328/extracted_models/H2324_all_pdbs/Model_2393_cf_woTemplates_model_1_multimer_v2_pred_12.pdb,awaiting_extract,"MassiveFold model pool index only. It parses organizer-provided external model tarball listings and stages balanced extraction/rerank candidates. These models remain external rerank and accuracy-estimation inputs, not internal predictions, not CASP submissions, and not competitive-proof evidence."
2,H2324,H2324_T328,135,H2324_all_pdbs/Model_1630_cf_woTemplates_model_1_multimer_v2_pred_32.pdb,Model_1630_cf_woTemplates_model_1_multimer_v2_pred_32.pdb,1630,CF,cf_woTemplates_multimer_v2,,1,32,cf_woTemplates_v2,,False,casp17/massivefold_external_pool_intake/h2324_t328/extracted_models/H2324_all_pdbs/Model_1630_cf_woTemplates_model_1_multimer_v2_pred_32.pdb,awaiting_extract,"MassiveFold model pool index only. It parses organizer-provided external model tarball listings and stages balanced extraction/rerank candidates. These models remain external rerank and accuracy-estimation inputs, not internal predictions, not CASP submissions, and not competitive-proof evidence."
2,H2324,H2324_T328,148,H2324_all_pdbs/Model_3532_cf_woTemplates_model_5_multimer_v2_pred_12.pdb,Model_3532_cf_woTemplates_model_5_multimer_v2_pred_12.pdb,3532,CF,cf_woTemplates_multimer_v2,,5,12,cf_woTemplates_v2,,False,casp17/massivefold_external_pool_intake/h2324_t328/extracted_models/H2324_all_pdbs/Model_3532_cf_woTemplates_model_5_multimer_v2_pred_12.pdb,awaiting_extract,"MassiveFold model pool index only. It parses organizer-provided external model tarball listings and stages balanced extraction/rerank candidates. These models remain external rerank and accuracy-estimation inputs, not internal predictions, not CASP submissions, and not competitive-proof evidence."
2,H2324,H2324_T328,167,H2324_all_pdbs/Model_4812_cf_woTemplates_model_4_multimer_v2_pred_53.pdb,Model_4812_cf_woTemplates_model_4_multimer_v2_pred_53.pdb,4812,CF,cf_woTemplates_multimer_v2,,4,53,cf_woTemplates_v2,,False,casp17/massivefold_external_pool_intake/h2324_t328/extracted_models/H2324_all_pdbs/Model_4812_cf_woTemplates_model_4_multimer_v2_pred_53.pdb,awaiting_extract,"MassiveFold model pool index only. It parses organizer-provided external model tarball listings and stages balanced extraction/rerank candidates. These models remain external rerank and accuracy-estimation inputs, not internal predictions, not CASP submissions, and not competitive-proof evidence."
2,H2324,H2324_T328,178,H2324_all_pdbs/Model_4746_cf_woTemplates_model_3_multimer_v2_pred_44.pdb,Model_4746_cf_woTemplates_model_3_multimer_v2_pred_44.pdb,4746,CF,cf_woTemplates_multimer_v2,,3,44,cf_woTemplates_v2,,False,casp17/massivefold_external_pool_intake/h2324_t328/extracted_models/H2324_all_pdbs/Model_4746_cf_woTemplates_model_3_multimer_v2_pred_44.pdb,awaiting_extract,"MassiveFold model pool index only. It parses organizer-provided external model tarball listings and stages balanced extraction/rerank candidates. These models remain external rerank and accuracy-estimation inputs, not internal predictions, not CASP submissions, and not competitive-proof evidence."
2,H2324,H2324_T328,247,H2324_all_pdbs/Model_4229_cf_woTemplates_model_3_multimer_v2_pred_12.pdb,Model_4229_cf_woTemplates_model_3_multimer_v2_pred_12.pdb,4229,CF,cf_woTemplates_multimer_v2,,3,12,cf_woTemplates_v2,,False,casp17/massivefold_external_pool_intake/h2324_t328/extracted_models/H2324_all_pdbs/Model_4229_cf_woTemplates_model_3_multimer_v2_pred_12.pdb,awaiting_extract,"MassiveFold model pool index only. It parses organizer-provided external model tarball listings and stages balanced extraction/rerank candidates. These models remain external rerank and accuracy-estimation inputs, not internal predictions, not CASP submissions, and not competitive-proof evidence."
2,H2324,H2324_T328,342,H2324_all_pdbs/Model_147_cf_woTemplates_model_1_multimer_v2_pred_7.pdb,Model_147_cf_woTemplates_model_1_multimer_v2_pred_7.pdb,147,CF,cf_woTemplates_multimer_v2,,1,7,cf_woTemplates_v2,3,True,casp17/massivefold_external_pool_intake/h2324_t328/extracted_models/H2324_all_pdbs/Model_147_cf_woTemplates_model_1_multimer_v2_pred_7.pdb,extracted,"MassiveFold model pool index only. It parses organizer-provided external model tarball listings and stages balanced extraction/rerank candidates. These models remain external rerank and accuracy-estimation inputs, not internal predictions, not CASP submissions, and not competitive-proof evidence."
2,H2324,H2324_T328,348,H2324_all_pdbs/Model_3029_cf_woTemplates_model_5_multimer_v2_pred_62.pdb,Model_3029_cf_woTemplates_model_5_multimer_v2_pred_62.pdb,3029,CF,cf_woTemplates_multimer_v2,,5,62,cf_woTemplates_v2,,False,casp17/massivefold_external_pool_intake/h2324_t328/extracted_models/H2324_all_pdbs/Model_3029_cf_woTemplates_model_5_multimer_v2_pred_62.pdb,awaiting_extract,"MassiveFold model pool index only. It parses organizer-provided external model tarball listings and stages balanced extraction/rerank candidates. These models remain external rerank and accuracy-estimation inputs, not internal predictions, not CASP submissions, and not competitive-proof evidence."
2,H2324,H2324_T328,359,H2324_all_pdbs/Model_4003_cf_woTemplates_model_2_multimer_v2_pred_52.pdb,Model_4003_cf_woTemplates_model_2_multimer_v2_pred_52.pdb,4003,CF,cf_woTemplates_multimer_v2,,2,52,cf_woTemplates_v2,,False,casp17/massivefold_external_pool_intake/h2324_t328/extracted_models/H2324_all_pdbs/Model_4003_cf_woTemplates_model_2_multimer_v2_pred_52.pdb,awaiting_extract,"MassiveFold model pool index only. It parses organizer-provided external model tarball listings and stages balanced extraction/rerank candidates. These models remain external rerank and accuracy-estimation inputs, not internal predictions, not CASP submissions, and not competitive-proof evidence."
2,H2324,H2324_T328,405,H2324_all_pdbs/Model_5831_cf_woTemplates_model_5_multimer_v2_pred_38.pdb,Model_5831_cf_woTemplates_model_5_multimer_v2_pred_38.pdb,5831,CF,cf_woTemplates_multimer_v2,,5,38,cf_woTemplates_v2,,False,casp17/massivefold_external_pool_intake/h2324_t328/extracted_models/H2324_all_pdbs/Model_5831_cf_woTemplates_model_5_multimer_v2_pred_38.pdb,awaiting_extract,"MassiveFold model pool index only. It parses organizer-provided external model tarball listings and stages balanced extraction/rerank candidates. These models remain external rerank and accuracy-estimation inputs, not internal predictions, not CASP submissions, and not competitive-proof evidence."
2,H2324,H2324_T328,415,H2324_all_pdbs/Model_3866_cf_woTemplates_model_3_multimer_v2_pred_50.pdb,Model_3866_cf_woTemplates_model_3_multimer_v2_pred_50.pdb,3866,CF,cf_woTemplates_multimer_v2,,3,50,cf_woTemplates_v2,,False,casp17/massivefold_external_pool_intake/h2324_t328/extracted_models/H2324_all_pdbs/Model_3866_cf_woTemplates_model_3_multimer_v2_pred_50.pdb,awaiting_extract,"MassiveFold model pool index only. It parses organizer-provided external model tarball listings and stages balanced extraction/rerank candidates. These models remain external rerank and accuracy-estimation inputs, not internal predictions, not CASP submissions, and not competitive-proof evidence."
2,H2324,H2324_T328,424,H2324_all_pdbs/Model_5262_cf_woTemplates_model_4_multimer_v2_pred_22.pdb,Model_5262_cf_woTemplates_model_4_multimer_v2_pred_22.pdb,5262,CF,cf_woTemplates_multimer_v2,,4,22,cf_woTemplates_v2,,False,casp17/massivefold_external_pool_intake/h2324_t328/extracted_models/H2324_all_pdbs/Model_5262_cf_woTemplates_model_4_multimer_v2_pred_22.pdb,awaiting_extract,"MassiveFold model pool index only. It parses organizer-provided external model tarball listings and stages balanced extraction/rerank candidates. These models remain external rerank and accuracy-estimation inputs, not internal predictions, not CASP submissions, and not competitive-proof evidence."
2,H2324,H2324_T328,433,H2324_all_pdbs/Model_7187_cf_woTemplates_model_3_multimer_v2_pred_15.pdb,Model_7187_cf_woTemplates_model_3_multimer_v2_pred_15.pdb,7187,CF,cf_woTemplates_multimer_v2,,3,15,cf_woTemplates_v2,,False,casp17/massivefold_external_pool_intake/h2324_t328/extracted_models/H2324_all_pdbs/Model_7187_cf_woTemplates_model_3_multimer_v2_pred_15.pdb,awaiting_extract,"MassiveFold model pool index only. It parses organizer-provided external model tarball listings and stages balanced extraction/rerank candidates. These models remain external rerank and accuracy-estimation inputs, not internal predictions, not CASP submissions, and not competitive-proof evidence."
2,H2324,H2324_T328,460,H2324_all_pdbs/Model_3485_cf_woTemplates_model_5_multimer_v2_pred_4.pdb,Model_3485_cf_woTemplates_model_5_multimer_v2_pred_4.pdb,3485,CF,cf_woTemplates_multimer_v2,,5,4,cf_woTemplates_v2,,False,casp17/massivefold_external_pool_intake/h2324_t328/extracted_models/H2324_all_pdbs/Model_3485_cf_woTemplates_model_5_multimer_v2_pred_4.pdb,awaiting_extract,"MassiveFold model pool index only. It parses organizer-provided external model tarball listings and stages balanced extraction/rerank candidates. These models remain external rerank and accuracy-estimation inputs, not internal predictions, not CASP submissions, and not competitive-proof evidence."
2,H2324,H2324_T328,470,H2324_all_pdbs/Model_5733_cf_woTemplates_model_3_multimer_v2_pred_17.pdb,Model_5733_cf_woTemplates_model_3_multimer_v2_pred_17.pdb,5733,CF,cf_woTemplates_multimer_v2,,3,17,cf_woTemplates_v2,,False,casp17/massivefold_external_pool_intake/h2324_t328/extracted_models/H2324_all_pdbs/Model_5733_cf_woTemplates_model_3_multimer_v2_pred_17.pdb,awaiting_extract,"MassiveFold model pool index only. It parses organizer-provided external model tarball listings and stages balanced extraction/rerank candidates. These models remain external rerank and accuracy-estimation inputs, not internal predictions, not CASP submissions, and not competitive-proof evidence."
2,H2324,H2324_T328,489,H2324_all_pdbs/Model_2943_cf_woTemplates_model_4_multimer_v2_pred_43.pdb,Model_2943_cf_woTemplates_model_4_multimer_v2_pred_43.pdb,2943,CF,cf_woTemplates_multimer_v2,,4,43,cf_woTemplates_v2,,False,casp17/massivefold_external_pool_intake/h2324_t328/extracted_models/H2324_all_pdbs/Model_2943_cf_woTemplates_model_4_multimer_v2_pred_43.pdb,awaiting_extract,"MassiveFold model pool index only. It parses organizer-provided external model tarball listings and stages balanced extraction/rerank candidates. These models remain external rerank and accuracy-estimation inputs, not internal predictions, not CASP submissions, and not competitive-proof evidence."
2,H2324,H2324_T328,553,H2324_all_pdbs/Model_259_cf_woTemplates_model_1_multimer_v2_pred_58.pdb,Model_259_cf_woTemplates_model_1_multimer_v2_pred_58.pdb,259,CF,cf_woTemplates_multimer_v2,,1,58,cf_woTemplates_v2,,False,casp17/massivefold_external_pool_intake/h2324_t328/extracted_models/H2324_all_pdbs/Model_259_cf_woTemplates_model_1_multimer_v2_pred_58.pdb,awaiting_extract,"MassiveFold model pool index only. It parses organizer-provided external model tarball listings and stages balanced extraction/rerank candidates. These models remain external rerank and accuracy-estimation inputs, not internal predictions, not CASP submissions, and not competitive-proof evidence."
2,H2324,H2324_T328,647,H2324_all_pdbs/Model_2017_cf_woTemplates_model_1_multimer_v2_pred_23.pdb,Model_2017_cf_woTemplates_model_1_multimer_v2_pred_23.pdb,2017,CF,cf_woTemplates_multimer_v2,,1,23,cf_woTemplates_v2,,False,casp17/massivefold_external_pool_intake/h2324_t328/extracted_models/H2324_all_pdbs/Model_2017_cf_woTemplates_model_1_multimer_v2_pred_23.pdb,awaiting_extract,"MassiveFold model pool index only. It parses organizer-provided external model tarball listings and stages balanced extraction/rerank candidates. These models remain external rerank and accuracy-estimation inputs, not internal predictions, not CASP submissions, and not competitive-proof evidence."
2,H2324,H2324_T328,684,H2324_all_pdbs/Model_4220_cf_woTemplates_model_4_multimer_v2_pred_28.pdb,Model_4220_cf_woTemplates_model_4_multimer_v2_pred_28.pdb,4220,CF,cf_woTemplates_multimer_v2,,4,28,cf_woTemplates_v2,,False,casp17/massivefold_external_pool_intake/h2324_t328/extracted_models/H2324_all_pdbs/Model_4220_cf_woTemplates_model_4_multimer_v2_pred_28.pdb,awaiting_extract,"MassiveFold model pool index only. It parses organizer-provided external model tarball listings and stages balanced extraction/rerank candidates. These models remain external rerank and accuracy-estimation inputs, not internal predictions, not CASP submissions, and not competitive-proof evidence."
2,H2324,H2324_T328,707,H2324_all_pdbs/Model_2262_cf_woTemplates_model_5_multimer_v2_pred_51.pdb,Model_2262_cf_woTemplates_model_5_multimer_v2_pred_51.pdb,2262,CF,cf_woTemplates_multimer_v2,,5,51,cf_woTemplates_v2,,False,casp17/massivefold_external_pool_intake/h2324_t328/extracted_models/H2324_all_pdbs/Model_2262_cf_woTemplates_model_5_multimer_v2_pred_51.pdb,awaiting_extract,"MassiveFold model pool index only. It parses organizer-provided external model tarball listings and stages balanced extraction/rerank candidates. These models remain external rerank and accuracy-estimation inputs, not internal predictions, not CASP submissions, and not competitive-proof evidence."
2,H2324,H2324_T328,831,H2324_all_pdbs/Model_5835_cf_woTemplates_model_2_multimer_v2_pred_28.pdb,Model_5835_cf_woTemplates_model_2_multimer_v2_pred_28.pdb,5835,CF,cf_woTemplates_multimer_v2,,2,28,cf_woTemplates_v2,,False,casp17/massivefold_external_pool_intake/h2324_t328/extracted_models/H2324_all_pdbs/Model_5835_cf_woTemplates_model_2_multimer_v2_pred_28.pdb,awaiting_extract,"MassiveFold model pool index only. It parses organizer-provided external model tarball listings and stages balanced extraction/rerank candidates. These models remain external rerank and accuracy-estimation inputs, not internal predictions, not CASP submissions, and not competitive-proof evidence."
2,H2324,H2324_T328,847,H2324_all_pdbs/Model_2162_cf_woTemplates_model_2_multimer_v2_pred_3.pdb,Model_2162_cf_woTemplates_model_2_multimer_v2_pred_3.pdb,2162,CF,cf_woTemplates_multimer_v2,,2,3,cf_woTemplates_v2,,False,casp17/massivefold_external_pool_intake/h2324_t328/extracted_models/H2324_all_pdbs/Model_2162_cf_woTemplates_model_2_multimer_v2_pred_3.pdb,awaiting_extract,"MassiveFold model pool index only. It parses organizer-provided external model tarball listings and stages balanced extraction/rerank candidates. These models remain external rerank and accuracy-estimation inputs, not internal predictions, not CASP submissions, and not competitive-proof evidence."
2,H2324,H2324_T328,873,H2324_all_pdbs/Model_4309_cf_woTemplates_model_5_multimer_v2_pred_31.pdb,Model_4309_cf_woTemplates_model_5_multimer_v2_pred_31.pdb,4309,CF,cf_woTemplates_multimer_v2,,5,31,cf_woTemplates_v2,,False,casp17/massivefold_external_pool_intake/h2324_t328/extracted_models/H2324_all_pdbs/Model_4309_cf_woTemplates_model_5_multimer_v2_pred_31.pdb,awaiting_extract,"MassiveFold model pool index only. It parses organizer-provided external model tarball listings and stages balanced extraction/rerank candidates. These models remain external rerank and accuracy-estimation inputs, not internal predictions, not CASP submissions, and not competitive-proof evidence."
2,H2324,H2324_T328,992,H2324_all_pdbs/Model_197_cf_woTemplates_model_1_multimer_v2_pred_33.pdb,Model_197_cf_woTemplates_model_1_multimer_v2_pred_33.pdb,197,CF,cf_woTemplates_multimer_v2,,1,33,cf_woTemplates_v2,,False,casp17/massivefold_external_pool_intake/h2324_t328/extracted_models/H2324_all_pdbs/Model_197_cf_woTemplates_model_1_multimer_v2_pred_33.pdb,awaiting_extract,"MassiveFold model pool index only. It parses organizer-provided external model tarball listings and stages balanced extraction/rerank candidates. These models remain external rerank and accuracy-estimation inputs, not internal predictions, not CASP submissions, and not competitive-proof evidence."
2,H2324,H2324_T328,1037,H2324_all_pdbs/Model_1300_cf_woTemplates_model_1_multimer_v2_pred_36.pdb,Model_1300_cf_woTemplates_model_1_multimer_v2_pred_36.pdb,1300,CF,cf_woTemplates_multimer_v2,,1,36,cf_woTemplates_v2,,False,casp17/massivefold_external_pool_intake/h2324_t328/extracted_models/H2324_all_pdbs/Model_1300_cf_woTemplates_model_1_multimer_v2_pred_36.pdb,awaiting_extract,"MassiveFold model pool index only. It parses organizer-provided external model tarball listings and stages balanced extraction/rerank candidates. These models remain external rerank and accuracy-estimation inputs, not internal predictions, not CASP submissions, and not competitive-proof evidence."
2,H2324,H2324_T328,1076,H2324_all_pdbs/Model_2982_cf_woTemplates_model_5_multimer_v2_pred_30.pdb,Model_2982_cf_woTemplates_model_5_multimer_v2_pred_30.pdb,2982,CF,cf_woTemplates_multimer_v2,,5,30,cf_woTemplates_v2,,False,casp17/massivefold_external_pool_intake/h2324_t328/extracted_models/H2324_all_pdbs/Model_2982_cf_woTemplates_model_5_multimer_v2_pred_30.pdb,awaiting_extract,"MassiveFold model pool index only. It parses organizer-provided external model tarball listings and stages balanced extraction/rerank candidates. These models remain external rerank and accuracy-estimation inputs, not internal predictions, not CASP submissions, and not competitive-proof evidence."
2,H2324,H2324_T328,1079,H2324_all_pdbs/Model_326_cf_woTemplates_model_1_multimer_v2_pred_40.pdb,Model_326_cf_woTemplates_model_1_multimer_v2_pred_40.pdb,326,CF,cf_woTemplates_multimer_v2,,1,40,cf_woTemplates_v2,,False,casp17/massivefold_external_pool_intake/h2324_t328/extracted_models/H2324_all_pdbs/Model_326_cf_woTemplates_model_1_multimer_v2_pred_40.pdb,awaiting_extract,"MassiveFold model pool index only. It parses organizer-provided external model tarball listings and stages balanced extraction/rerank candidates. These models remain external rerank and accuracy-estimation inputs, not internal predictions, not CASP submissions, and not competitive-proof evidence."
2,H2324,H2324_T328,1120,H2324_all_pdbs/Model_6564_cf_woTemplates_model_3_multimer_v2_pred_34.pdb,Model_6564_cf_woTemplates_model_3_multimer_v2_pred_34.pdb,6564,CF,cf_woTemplates_multimer_v2,,3,34,cf_woTemplates_v2,,False,casp17/massivefold_external_pool_intake/h2324_t328/extracted_models/H2324_all_pdbs/Model_6564_cf_woTemplates_model_3_multimer_v2_pred_34.pdb,awaiting_extract,"MassiveFold model pool index only. It parses organizer-provided external model tarball listings and stages balanced extraction/rerank candidates. These models remain external rerank and accuracy-estimation inputs, not internal predictions, not CASP submissions, and not competitive-proof evidence."
2,H2324,H2324_T328,1255,H2324_all_pdbs/Model_2694_cf_woTemplates_model_2_multimer_v2_pred_6.pdb,Model_2694_cf_woTemplates_model_2_multimer_v2_pred_6.pdb,2694,CF,cf_woTemplates_multimer_v2,,2,6,cf_woTemplates_v2,,False,casp17/massivefold_external_pool_intake/h2324_t328/extracted_models/H2324_all_pdbs/Model_2694_cf_woTemplates_model_2_multimer_v2_pred_6.pdb,awaiting_extract,"MassiveFold model pool index only. It parses organizer-provided external model tarball listings and stages balanced extraction/rerank candidates. These models remain external rerank and accuracy-estimation inputs, not internal predictions, not CASP submissions, and not competitive-proof evidence."
2,H2324,H2324_T328,1300,H2324_all_pdbs/Model_3550_cf_woTemplates_model_5_multimer_v2_pred_37.pdb,Model_3550_cf_woTemplates_model_5_multimer_v2_pred_37.pdb,3550,CF,cf_woTemplates_multimer_v2,,5,37,cf_woTemplates_v2,,False,casp17/massivefold_external_pool_intake/h2324_t328/extracted_models/H2324_all_pdbs/Model_3550_cf_woTemplates_model_5_multimer_v2_pred_37.pdb,awaiting_extract,"MassiveFold model pool index only. It parses organizer-provided external model tarball listings and stages balanced extraction/rerank candidates. These models remain external rerank and accuracy-estimation inputs, not internal predictions, not CASP submissions, and not competitive-proof evidence."
2,H2324,H2324_T328,1372,H2324_all_pdbs/Model_2670_cf_woTemplates_model_2_multimer_v2_pred_20.pdb,Model_2670_cf_woTemplates_model_2_multimer_v2_pred_20.pdb,2670,CF,cf_woTemplates_multimer_v2,,2,20,cf_woTemplates_v2,,False,casp17/massivefold_external_pool_intake/h2324_t328/extracted_models/H2324_all_pdbs/Model_2670_cf_woTemplates_model_2_multimer_v2_pred_20.pdb,awaiting_extract,"MassiveFold model pool index only. It parses organizer-provided external model tarball listings and stages balanced extraction/rerank candidates. These models remain external rerank and accuracy-estimation inputs, not internal predictions, not CASP submissions, and not competitive-proof evidence."
2,H2324,H2324_T328,1387,H2324_all_pdbs/Model_7191_cf_woTemplates_model_3_multimer_v2_pred_60.pdb,Model_7191_cf_woTemplates_model_3_multimer_v2_pred_60.pdb,7191,CF,cf_woTemplates_multimer_v2,,3,60,cf_woTemplates_v2,,False,casp17/massivefold_external_pool_intake/h2324_t328/extracted_models/H2324_all_pdbs/Model_7191_cf_woTemplates_model_3_multimer_v2_pred_60.pdb,awaiting_extract,"MassiveFold model pool index only. It parses organizer-provided external model tarball listings and stages balanced extraction/rerank candidates. These models remain external rerank and accuracy-estimation inputs, not internal predictions, not CASP submissions, and not competitive-proof evidence."
2,H2324,H2324_T328,1395,H2324_all_pdbs/Model_1780_cf_woTemplates_model_1_multimer_v2_pred_24.pdb,Model_1780_cf_woTemplates_model_1_multimer_v2_pred_24.pdb,1780,CF,cf_woTemplates_multimer_v2,,1,24,cf_woTemplates_v2,,False,casp17/massivefold_external_pool_intake/h2324_t328/extracted_models/H2324_all_pdbs/Model_1780_cf_woTemplates_model_1_multimer_v2_pred_24.pdb,awaiting_extract,"MassiveFold model pool index only. It parses organizer-provided external model tarball listings and stages balanced extraction/rerank candidates. These models remain external rerank and accuracy-estimation inputs, not internal predictions, not CASP submissions, and not competitive-proof evidence."
2,H2324,H2324_T328,1412,H2324_all_pdbs/Model_1991_cf_woTemplates_model_1_multimer_v2_pred_30.pdb,Model_1991_cf_woTemplates_model_1_multimer_v2_pred_30.pdb,1991,CF,cf_woTemplates_multimer_v2,,1,30,cf_woTemplates_v2,,False,casp17/massivefold_external_pool_intake/h2324_t328/extracted_models/H2324_all_pdbs/Model_1991_cf_woTemplates_model_1_multimer_v2_pred_30.pdb,awaiting_extract,"MassiveFold model pool index only. It parses organizer-provided external model tarball listings and stages balanced extraction/rerank candidates. These models remain external rerank and accuracy-estimation inputs, not internal predictions, not CASP submissions, and not competitive-proof evidence."
2,H2324,H2324_T328,1452,H2324_all_pdbs/Model_5738_cf_woTemplates_model_4_multimer_v2_pred_37.pdb,Model_5738_cf_woTemplates_model_4_multimer_v2_pred_37.pdb,5738,CF,cf_woTemplates_multimer_v2,,4,37,cf_woTemplates_v2,,False,casp17/massivefold_external_pool_intake/h2324_t328/extracted_models/H2324_all_pdbs/Model_5738_cf_woTemplates_model_4_multimer_v2_pred_37.pdb,awaiting_extract,"MassiveFold model pool index only. It parses organizer-provided external model tarball listings and stages balanced extraction/rerank candidates. These models remain external rerank and accuracy-estimation inputs, not internal predictions, not CASP submissions, and not competitive-proof evidence."
2,H2324,H2324_T328,1541,H2324_all_pdbs/Model_3527_cf_woTemplates_model_4_multimer_v2_pred_0.pdb,Model_3527_cf_woTemplates_model_4_multimer_v2_pred_0.pdb,3527,CF,cf_woTemplates_multimer_v2,,4,0,cf_woTemplates_v2,,False,casp17/massivefold_external_pool_intake/h2324_t328/extracted_models/H2324_all_pdbs/Model_3527_cf_woTemplates_model_4_multimer_v2_pred_0.pdb,awaiting_extract,"MassiveFold model pool index only. It parses organizer-provided external model tarball listings and stages balanced extraction/rerank candidates. These models remain external rerank and accuracy-estimation inputs, not internal predictions, not CASP submissions, and not competitive-proof evidence."
2,H2324,H2324_T328,1646,H2324_all_pdbs/Model_4224_cf_woTemplates_model_5_multimer_v2_pred_53.pdb,Model_4224_cf_woTemplates_model_5_multimer_v2_pred_53.pdb,4224,CF,cf_woTemplates_multimer_v2,,5,53,cf_woTemplates_v2,,False,casp17/massivefold_external_pool_intake/h2324_t328/extracted_models/H2324_all_pdbs/Model_4224_cf_woTemplates_model_5_multimer_v2_pred_53.pdb,awaiting_extract,"MassiveFold model pool index only. It parses organizer-provided external model tarball listings and stages balanced extraction/rerank candidates. These models remain external rerank and accuracy-estimation inputs, not internal predictions, not CASP submissions, and not competitive-proof evidence."
2,H2324,H2324_T328,1698,H2324_all_pdbs/Model_4807_cf_woTemplates_model_4_multimer_v2_pred_11.pdb,Model_4807_cf_woTemplates_model_4_multimer_v2_pred_11.pdb,4807,CF,cf_woTemplates_multimer_v2,,4,11,cf_woTemplates_v2,,False,casp17/massivefold_external_pool_intake/h2324_t328/extracted_models/H2324_all_pdbs/Model_4807_cf_woTemplates_model_4_multimer_v2_pred_11.pdb,awaiting_extract,"MassiveFold model pool index only. It parses organizer-provided external model tarball listings and stages balanced extraction/rerank candidates. These models remain external rerank and accuracy-estimation inputs, not internal predictions, not CASP submissions, and not competitive-proof evidence."
2,H2324,H2324_T328,1717,H2324_all_pdbs/Model_4228_cf_woTemplates_model_4_multimer_v2_pred_44.pdb,Model_4228_cf_woTemplates_model_4_multimer_v2_pred_44.pdb,4228,CF,cf_woTemplates_multimer_v2,,4,44,cf_woTemplates_v2,,False,casp17/massivefold_external_pool_intake/h2324_t328/extracted_models/H2324_all_pdbs/Model_4228_cf_woTemplates_model_4_multimer_v2_pred_44.pdb,awaiting_extract,"MassiveFold model pool index only. It parses organizer-provided external model tarball listings and stages balanced extraction/rerank candidates. These models remain external rerank and accuracy-estimation inputs, not internal predictions, not CASP submissions, and not competitive-proof evidence."
2,H2324,H2324_T328,1743,H2324_all_pdbs/Model_114_cf_woTemplates_model_1_multimer_v2_pred_39.pdb,Model_114_cf_woTemplates_model_1_multimer_v2_pred_39.pdb,114,CF,cf_woTemplates_multimer_v2,,1,39,cf_woTemplates_v2,18,True,casp17/massivefold_external_pool_intake/h2324_t328/extracted_models/H2324_all_pdbs/Model_114_cf_woTemplates_model_1_multimer_v2_pred_39.pdb,extracted,"MassiveFold model pool index only. It parses organizer-provided external model tarball listings and stages balanced extraction/rerank candidates. These models remain external rerank and accuracy-estimation inputs, not internal predictions, not CASP submissions, and not competitive-proof evidence."
2,H2324,H2324_T328,1762,H2324_all_pdbs/Model_2042_cf_woTemplates_model_2_multimer_v2_pred_23.pdb,Model_2042_cf_woTemplates_model_2_multimer_v2_pred_23.pdb,2042,CF,cf_woTemplates_multimer_v2,,2,23,cf_woTemplates_v2,,False,casp17/massivefold_external_pool_intake/h2324_t328/extracted_models/H2324_all_pdbs/Model_2042_cf_woTemplates_model_2_multimer_v2_pred_23.pdb,awaiting_extract,"MassiveFold model pool index only. It parses organizer-provided external model tarball listings and stages balanced extraction/rerank candidates. These models remain external rerank and accuracy-estimation inputs, not internal predictions, not CASP submissions, and not competitive-proof evidence."
2,H2324,H2324_T328,1812,H2324_all_pdbs/Model_1427_cf_woTemplates_model_2_multimer_v2_pred_39.pdb,Model_1427_cf_woTemplates_model_2_multimer_v2_pred_39.pdb,1427,CF,cf_woTemplates_multimer_v2,,2,39,cf_woTemplates_v2,,False,casp17/massivefold_external_pool_intake/h2324_t328/extracted_models/H2324_all_pdbs/Model_1427_cf_woTemplates_model_2_multimer_v2_pred_39.pdb,awaiting_extract,"MassiveFold model pool index only. It parses organizer-provided external model tarball listings and stages balanced extraction/rerank candidates. These models remain external rerank and accuracy-estimation inputs, not internal predictions, not CASP submissions, and not competitive-proof evidence."
2,H2324,H2324_T328,1853,H2324_all_pdbs/Model_1034_cf_woTemplates_model_1_multimer_v2_pred_56.pdb,Model_1034_cf_woTemplates_model_1_multimer_v2_pred_56.pdb,1034,CF,cf_woTemplates_multimer_v2,,1,56,cf_woTemplates_v2,,False,casp17/massivefold_external_pool_intake/h2324_t328/extracted_models/H2324_all_pdbs/Model_1034_cf_woTemplates_model_1_multimer_v2_pred_56.pdb,awaiting_extract,"MassiveFold model pool index only. It parses organizer-provided external model tarball listings and stages balanced extraction/rerank candidates. These models remain external rerank and accuracy-estimation inputs, not internal predictions, not CASP submissions, and not competitive-proof evidence."
2,H2324,H2324_T328,1865,H2324_all_pdbs/Model_5677_cf_woTemplates_model_3_multimer_v2_pred_23.pdb,Model_5677_cf_woTemplates_model_3_multimer_v2_pred_23.pdb,5677,CF,cf_woTemplates_multimer_v2,,3,23,cf_woTemplates_v2,,False,casp17/massivefold_external_pool_intake/h2324_t328/extracted_models/H2324_all_pdbs/Model_5677_cf_woTemplates_model_3_multimer_v2_pred_23.pdb,awaiting_extract,"MassiveFold model pool index only. It parses organizer-provided external model tarball listings and stages balanced extraction/rerank candidates. These models remain external rerank and accuracy-estimation inputs, not internal predictions, not CASP submissions, and not competitive-proof evidence."
2,H2324,H2324_T328,1876,H2324_all_pdbs/Model_5332_cf_woTemplates_model_2_multimer_v2_pred_54.pdb,Model_5332_cf_woTemplates_model_2_multimer_v2_pred_54.pdb,5332,CF,cf_woTemplates_multimer_v2,,2,54,cf_woTemplates_v2,,False,casp17/massivefold_external_pool_intake/h2324_t328/extracted_models/H2324_all_pdbs/Model_5332_cf_woTemplates_model_2_multimer_v2_pred_54.pdb,awaiting_extract,"MassiveFold model pool index only. It parses organizer-provided external model tarball listings and stages balanced extraction/rerank candidates. These models remain external rerank and accuracy-estimation inputs, not internal predictions, not CASP submissions, and not competitive-proof evidence."
2,H2324,H2324_T328,2062,H2324_all_pdbs/Model_1702_cf_woTemplates_model_2_multimer_v2_pred_15.pdb,Model_1702_cf_woTemplates_model_2_multimer_v2_pred_15.pdb,1702,CF,cf_woTemplates_multimer_v2,,2,15,cf_woTemplates_v2,,False,casp17/massivefold_external_pool_intake/h2324_t328/extracted_models/H2324_all_pdbs/Model_1702_cf_woTemplates_model_2_multimer_v2_pred_15.pdb,awaiting_extract,"MassiveFold model pool index only. It parses organizer-provided external model tarball listings and stages balanced extraction/rerank candidates. These models remain external rerank and accuracy-estimation inputs, not internal predictions, not CASP submissions, and not competitive-proof evidence."
2,H2324,H2324_T328,2084,H2324_all_pdbs/Model_2660_cf_woTemplates_model_5_multimer_v2_pred_60.pdb,Model_2660_cf_woTemplates_model_5_multimer_v2_pred_60.pdb,2660,CF,cf_woTemplates_multimer_v2,,5,60,cf_woTemplates_v2,,False,casp17/massivefold_external_pool_intake/h2324_t328/extracted_models/H2324_all_pdbs/Model_2660_cf_woTemplates_model_5_multimer_v2_pred_60.pdb,awaiting_extract,"MassiveFold model pool index only. It parses organizer-provided external model tarball listings and stages balanced extraction/rerank candidates. These models remain external rerank and accuracy-estimation inputs, not internal predictions, not CASP submissions, and not competitive-proof evidence."
2,H2324,H2324_T328,2090,H2324_all_pdbs/Model_6056_cf_woTemplates_model_2_multimer_v2_pred_49.pdb,Model_6056_cf_woTemplates_model_2_multimer_v2_pred_49.pdb,6056,CF,cf_woTemplates_multimer_v2,,2,49,cf_woTemplates_v2,,False,casp17/massivefold_external_pool_intake/h2324_t328/extracted_models/H2324_all_pdbs/Model_6056_cf_woTemplates_model_2_multimer_v2_pred_49.pdb,awaiting_extract,"MassiveFold model pool index only. It parses organizer-provided external model tarball listings and stages balanced extraction/rerank candidates. These models remain external rerank and accuracy-estimation inputs, not internal predictions, not CASP submissions, and not competitive-proof evidence."
2,H2324,H2324_T328,2197,H2324_all_pdbs/Model_5752_cf_woTemplates_model_4_multimer_v2_pred_64.pdb,Model_5752_cf_woTemplates_model_4_multimer_v2_pred_64.pdb,5752,CF,cf_woTemplates_multimer_v2,,4,64,cf_woTemplates_v2,,False,casp17/massivefold_external_pool_intake/h2324_t328/extracted_models/H2324_all_pdbs/Model_5752_cf_woTemplates_model_4_multimer_v2_pred_64.pdb,awaiting_extract,"MassiveFold model pool index only. It parses organizer-provided external model tarball listings and stages balanced extraction/rerank candidates. These models remain external rerank and accuracy-estimation inputs, not internal predictions, not CASP submissions, and not competitive-proof evidence."
2,H2324,H2324_T328,2222,H2324_all_pdbs/Model_3218_cf_woTemplates_model_5_multimer_v2_pred_44.pdb,Model_3218_cf_woTemplates_model_5_multimer_v2_pred_44.pdb,3218,CF,cf_woTemplates_multimer_v2,,5,44,cf_woTemplates_v2,,False,casp17/massivefold_external_pool_intake/h2324_t328/extracted_models/H2324_all_pdbs/Model_3218_cf_woTemplates_model_5_multimer_v2_pred_44.pdb,awaiting_extract,"MassiveFold model pool index only. It parses organizer-provided external model tarball listings and stages balanced extraction/rerank candidates. These models remain external rerank and accuracy-estimation inputs, not internal predictions, not CASP submissions, and not competitive-proof evidence."
2,H2324,H2324_T328,2238,H2324_all_pdbs/Model_1635_cf_woTemplates_model_1_multimer_v2_pred_21.pdb,Model_1635_cf_woTemplates_model_1_multimer_v2_pred_21.pdb,1635,CF,cf_woTemplates_multimer_v2,,1,21,cf_woTemplates_v2,,False,casp17/massivefold_external_pool_intake/h2324_t328/extracted_models/H2324_all_pdbs/Model_1635_cf_woTemplates_model_1_multimer_v2_pred_21.pdb,awaiting_extract,"MassiveFold model pool index only. It parses organizer-provided external model tarball listings and stages balanced extraction/rerank candidates. These models remain external rerank and accuracy-estimation inputs, not internal predictions, not CASP submissions, and not competitive-proof evidence."
2,H2324,H2324_T328,2254,H2324_all_pdbs/Model_2640_cf_woTemplates_model_5_multimer_v2_pred_23.pdb,Model_2640_cf_woTemplates_model_5_multimer_v2_pred_23.pdb,2640,CF,cf_woTemplates_multimer_v2,,5,23,cf_woTemplates_v2,,False,casp17/massivefold_external_pool_intake/h2324_t328/extracted_models/H2324_all_pdbs/Model_2640_cf_woTemplates_model_5_multimer_v2_pred_23.pdb,awaiting_extract,"MassiveFold model pool index only. It parses organizer-provided external model tarball listings and stages balanced extraction/rerank candidates. These models remain external rerank and accuracy-estimation inputs, not internal predictions, not CASP submissions, and not competitive-proof evidence."
2,H2324,H2324_T328,2255,H2324_all_pdbs/Model_2700_cf_woTemplates_model_2_multimer_v2_pred_37.pdb,Model_2700_cf_woTemplates_model_2_multimer_v2_pred_37.pdb,2700,CF,cf_woTemplates_multimer_v2,,2,37,cf_woTemplates_v2,,False,casp17/massivefold_external_pool_intake/h2324_t328/extracted_models/H2324_all_pdbs/Model_2700_cf_woTemplates_model_2_multimer_v2_pred_37.pdb,awaiting_extract,"MassiveFold model pool index only. It parses organizer-provided external model tarball listings and stages balanced extraction/rerank candidates. These models remain external rerank and accuracy-estimation inputs, not internal predictions, not CASP submissions, and not competitive-proof evidence."
2,H2324,H2324_T328,2290,H2324_all_pdbs/Model_2485_cf_woTemplates_model_1_multimer_v2_pred_55.pdb,Model_2485_cf_woTemplates_model_1_multimer_v2_pred_55.pdb,2485,CF,cf_woTemplates_multimer_v2,,1,55,cf_woTemplates_v2,,False,casp17/massivefold_external_pool_intake/h2324_t328/extracted_models/H2324_all_pdbs/Model_2485_cf_woTemplates_model_1_multimer_v2_pred_55.pdb,awaiting_extract,"MassiveFold model pool index only. It parses organizer-provided external model tarball listings and stages balanced extraction/rerank candidates. These models remain external rerank and accuracy-estimation inputs, not internal predictions, not CASP submissions, and not competitive-proof evidence."
2,H2324,H2324_T328,2316,H2324_all_pdbs/Model_5741_cf_woTemplates_model_2_multimer_v2_pred_64.pdb,Model_5741_cf_woTemplates_model_2_multimer_v2_pred_64.pdb,5741,CF,cf_woTemplates_multimer_v2,,2,64,cf_woTemplates_v2,,False,casp17/massivefold_external_pool_intake/h2324_t328/extracted_models/H2324_all_pdbs/Model_5741_cf_woTemplates_model_2_multimer_v2_pred_64.pdb,awaiting_extract,"MassiveFold model pool index only. It parses organizer-provided external model tarball listings and stages balanced extraction/rerank candidates. These models remain external rerank and accuracy-estimation inputs, not internal predictions, not CASP submissions, and not competitive-proof evidence."
2,H2324,H2324_T328,2332,H2324_all_pdbs/Model_5680_cf_woTemplates_model_4_multimer_v2_pred_65.pdb,Model_5680_cf_woTemplates_model_4_multimer_v2_pred_65.pdb,5680,CF,cf_woTemplates_multimer_v2,,4,65,cf_woTemplates_v2,,False,casp17/massivefold_external_pool_intake/h2324_t328/extracted_models/H2324_all_pdbs/Model_5680_cf_woTemplates_model_4_multimer_v2_pred_65.pdb,awaiting_extract,"MassiveFold model pool index only. It parses organizer-provided external model tarball listings and stages balanced extraction/rerank candidates. These models remain external rerank and accuracy-estimation inputs, not internal predictions, not CASP submissions, and not competitive-proof evidence."
2,H2324,H2324_T328,2335,H2324_all_pdbs/Model_4538_cf_woTemplates_model_5_multimer_v2_pred_20.pdb,Model_4538_cf_woTemplates_model_5_multimer_v2_pred_20.pdb,4538,CF,cf_woTemplates_multimer_v2,,5,20,cf_woTemplates_v2,,False,casp17/massivefold_external_pool_intake/h2324_t328/extracted_models/H2324_all_pdbs/Model_4538_cf_woTemplates_model_5_multimer_v2_pred_20.pdb,awaiting_extract,"MassiveFold model pool index only. It parses organizer-provided external model tarball listings and stages balanced extraction/rerank candidates. These models remain external rerank and accuracy-estimation inputs, not internal predictions, not CASP submissions, and not competitive-proof evidence."
2,H2324,H2324_T328,2371,H2324_all_pdbs/Model_3541_cf_woTemplates_model_5_multimer_v2_pred_29.pdb,Model_3541_cf_woTemplates_model_5_multimer_v2_pred_29.pdb,3541,CF,cf_woTemplates_multimer_v2,,5,29,cf_woTemplates_v2,,False,casp17/massivefold_external_pool_intake/h2324_t328/extracted_models/H2324_all_pdbs/Model_3541_cf_woTemplates_model_5_multimer_v2_pred_29.pdb,awaiting_extract,"MassiveFold model pool index only. It parses organizer-provided external model tarball listings and stages balanced extraction/rerank candidates. These models remain external rerank and accuracy-estimation inputs, not internal predictions, not CASP submissions, and not competitive-proof evidence."
2,H2324,H2324_T328,2408,H2324_all_pdbs/Model_5751_cf_woTemplates_model_2_multimer_v2_pred_2.pdb,Model_5751_cf_woTemplates_model_2_multimer_v2_pred_2.pdb,5751,CF,cf_woTemplates_multimer_v2,,2,2,cf_woTemplates_v2,,False,casp17/massivefold_external_pool_intake/h2324_t328/extracted_models/H2324_all_pdbs/Model_5751_cf_woTemplates_model_2_multimer_v2_pred_2.pdb,awaiting_extract,"MassiveFold model pool index only. It parses organizer-provided external model tarball listings and stages balanced extraction/rerank candidates. These models remain external rerank and accuracy-estimation inputs, not internal predictions, not CASP submissions, and not competitive-proof evidence."
2,H2324,H2324_T328,2472,H2324_all_pdbs/Model_3503_cf_woTemplates_model_5_multimer_v2_pred_28.pdb,Model_3503_cf_woTemplates_model_5_multimer_v2_pred_28.pdb,3503,CF,cf_woTemplates_multimer_v2,,5,28,cf_woTemplates_v2,,False,casp17/massivefold_external_pool_intake/h2324_t328/extracted_models/H2324_all_pdbs/Model_3503_cf_woTemplates_model_5_multimer_v2_pred_28.pdb,awaiting_extract,"MassiveFold model pool index only. It parses organizer-provided external model tarball listings and stages balanced extraction/rerank candidates. These models remain external rerank and accuracy-estimation inputs, not internal predictions, not CASP submissions, and not competitive-proof evidence."
2,H2324,H2324_T328,2494,H2324_all_pdbs/Model_4726_cf_woTemplates_model_4_multimer_v2_pred_34.pdb,Model_4726_cf_woTemplates_model_4_multimer_v2_pred_34.pdb,4726,CF,cf_woTemplates_multimer_v2,,4,34,cf_woTemplates_v2,,False,casp17/massivefold_external_pool_intake/h2324_t328/extracted_models/H2324_all_pdbs/Model_4726_cf_woTemplates_model_4_multimer_v2_pred_34.pdb,awaiting_extract,"MassiveFold model pool index only. It parses organizer-provided external model tarball listings and stages balanced extraction/rerank candidates. These models remain external rerank and accuracy-estimation inputs, not internal predictions, not CASP submissions, and not competitive-proof evidence."
2,H2324,H2324_T328,2580,H2324_all_pdbs/Model_2163_cf_woTemplates_model_4_multimer_v2_pred_5.pdb,Model_2163_cf_woTemplates_model_4_multimer_v2_pred_5.pdb,2163,CF,cf_woTemplates_multimer_v2,,4,5,cf_woTemplates_v2,,False,casp17/massivefold_external_pool_intake/h2324_t328/extracted_models/H2324_all_pdbs/Model_2163_cf_woTemplates_model_4_multimer_v2_pred_5.pdb,awaiting_extract,"MassiveFold model pool index only. It parses organizer-provided external model tarball listings and stages balanced extraction/rerank candidates. These models remain external rerank and accuracy-estimation inputs, not internal predictions, not CASP submissions, and not competitive-proof evidence."
2,H2324,H2324_T328,2609,H2324_all_pdbs/Model_3216_cf_woTemplates_model_5_multimer_v2_pred_40.pdb,Model_3216_cf_woTemplates_model_5_multimer_v2_pred_40.pdb,3216,CF,cf_woTemplates_multimer_v2,,5,40,cf_woTemplates_v2,,False,casp17/massivefold_external_pool_intake/h2324_t328/extracted_models/H2324_all_pdbs/Model_3216_cf_woTemplates_model_5_multimer_v2_pred_40.pdb,awaiting_extract,"MassiveFold model pool index only. It parses organizer-provided external model tarball listings and stages balanced extraction/rerank candidates. These models remain external rerank and accuracy-estimation inputs, not internal predictions, not CASP submissions, and not competitive-proof evidence."
2,H2324,H2324_T328,2631,H2324_all_pdbs/Model_1733_cf_woTemplates_model_4_multimer_v2_pred_7.pdb,Model_1733_cf_woTemplates_model_4_multimer_v2_pred_7.pdb,1733,CF,cf_woTemplates_multimer_v2,,4,7,cf_woTemplates_v2,,False,casp17/massivefold_external_pool_intake/h2324_t328/extracted_models/H2324_all_pdbs/Model_1733_cf_woTemplates_model_4_multimer_v2_pred_7.pdb,awaiting_extract,"MassiveFold model pool index only. It parses organizer-provided external model tarball listings and stages balanced extraction/rerank candidates. These models remain external rerank and accuracy-estimation inputs, not internal predictions, not CASP submissions, and not competitive-proof evidence."
2,H2324,H2324_T328,2673,H2324_all_pdbs/Model_4547_cf_woTemplates_model_4_multimer_v2_pred_9.pdb,Model_4547_cf_woTemplates_model_4_multimer_v2_pred_9.pdb,4547,CF,cf_woTemplates_multimer_v2,,4,9,cf_woTemplates_v2,,False,casp17/massivefold_external_pool_intake/h2324_t328/extracted_models/H2324_all_pdbs/Model_4547_cf_woTemplates_model_4_multimer_v2_pred_9.pdb,awaiting_extract,"MassiveFold model pool index only. It parses organizer-provided external model tarball listings and stages balanced extraction/rerank candidates. These models remain external rerank and accuracy-estimation inputs, not internal predictions, not CASP submissions, and not competitive-proof evidence."
2,H2324,H2324_T328,2729,H2324_all_pdbs/Model_164_cf_woTemplates_model_1_multimer_v2_pred_53.pdb,Model_164_cf_woTemplates_model_1_multimer_v2_pred_53.pdb,164,CF,cf_woTemplates_multimer_v2,,1,53,cf_woTemplates_v2,,False,casp17/massivefold_external_pool_intake/h2324_t328/extracted_models/H2324_all_pdbs/Model_164_cf_woTemplates_model_1_multimer_v2_pred_53.pdb,awaiting_extract,"MassiveFold model pool index only. It parses organizer-provided external model tarball listings and stages balanced extraction/rerank candidates. These models remain external rerank and accuracy-estimation inputs, not internal predictions, not CASP submissions, and not competitive-proof evidence."
2,H2324,H2324_T328,2782,H2324_all_pdbs/Model_6328_cf_woTemplates_model_2_multimer_v2_pred_60.pdb,Model_6328_cf_woTemplates_model_2_multimer_v2_pred_60.pdb,6328,CF,cf_woTemplates_multimer_v2,,2,60,cf_woTemplates_v2,,False,casp17/massivefold_external_pool_intake/h2324_t328/extracted_models/H2324_all_pdbs/Model_6328_cf_woTemplates_model_2_multimer_v2_pred_60.pdb,awaiting_extract,"MassiveFold model pool index only. It parses organizer-provided external model tarball listings and stages balanced extraction/rerank candidates. These models remain external rerank and accuracy-estimation inputs, not internal predictions, not CASP submissions, and not competitive-proof evidence."
2,H2324,H2324_T328,2785,H2324_all_pdbs/Model_7381_cf_woTemplates_model_3_multimer_v2_pred_66.pdb,Model_7381_cf_woTemplates_model_3_multimer_v2_pred_66.pdb,7381,CF,cf_woTemplates_multimer_v2,,3,66,cf_woTemplates_v2,,False,casp17/massivefold_external_pool_intake/h2324_t328/extracted_models/H2324_all_pdbs/Model_7381_cf_woTemplates_model_3_multimer_v2_pred_66.pdb,awaiting_extract,"MassiveFold model pool index only. It parses organizer-provided external model tarball listings and stages balanced extraction/rerank candidates. These models remain external rerank and accuracy-estimation inputs, not internal predictions, not CASP submissions, and not competitive-proof evidence."
2,H2324,H2324_T328,2786,H2324_all_pdbs/Model_3255_cf_woTemplates_model_4_multimer_v2_pred_4.pdb,Model_3255_cf_woTemplates_model_4_multimer_v2_pred_4.pdb,3255,CF,cf_woTemplates_multimer_v2,,4,4,cf_woTemplates_v2,,False,casp17/massivefold_external_pool_intake/h2324_t328/extracted_models/H2324_all_pdbs/Model_3255_cf_woTemplates_model_4_multimer_v2_pred_4.pdb,awaiting_extract,"MassiveFold model pool index only. It parses organizer-provided external model tarball listings and stages balanced extraction/rerank candidates. These models remain external rerank and accuracy-estimation inputs, not internal predictions, not CASP submissions, and not competitive-proof evidence."
2,H2324,H2324_T328,2794,H2324_all_pdbs/Model_5736_cf_woTemplates_model_3_multimer_v2_pred_18.pdb,Model_5736_cf_woTemplates_model_3_multimer_v2_pred_18.pdb,5736,CF,cf_woTemplates_multimer_v2,,3,18,cf_woTemplates_v2,,False,casp17/massivefold_external_pool_intake/h2324_t328/extracted_models/H2324_all_pdbs/Model_5736_cf_woTemplates_model_3_multimer_v2_pred_18.pdb,awaiting_extract,"MassiveFold model pool index only. It parses organizer-provided external model tarball listings and stages balanced extraction/rerank candidates. These models remain external rerank and accuracy-estimation inputs, not internal predictions, not CASP submissions, and not competitive-proof evidence."
2,H2324,H2324_T328,2804,H2324_all_pdbs/Model_4320_cf_woTemplates_model_5_multimer_v2_pred_57.pdb,Model_4320_cf_woTemplates_model_5_multimer_v2_pred_57.pdb,4320,CF,cf_woTemplates_multimer_v2,,5,57,cf_woTemplates_v2,,False,casp17/massivefold_external_pool_intake/h2324_t328/extracted_models/H2324_all_pdbs/Model_4320_cf_woTemplates_model_5_multimer_v2_pred_57.pdb,awaiting_extract,"MassiveFold model pool index only. It parses organizer-provided external model tarball listings and stages balanced extraction/rerank candidates. These models remain external rerank and accuracy-estimation inputs, not internal predictions, not CASP submissions, and not competitive-proof evidence."
2,H2324,H2324_T328,2898,H2324_all_pdbs/Model_4721_cf_woTemplates_model_5_multimer_v2_pred_26.pdb,Model_4721_cf_woTemplates_model_5_multimer_v2_pred_26.pdb,4721,CF,cf_woTemplates_multimer_v2,,5,26,cf_woTemplates_v2,,False,casp17/massivefold_external_pool_intake/h2324_t328/extracted_models/H2324_all_pdbs/Model_4721_cf_woTemplates_model_5_multimer_v2_pred_26.pdb,awaiting_extract,"MassiveFold model pool index only. It parses organizer-provided external model tarball listings and stages balanced extraction/rerank candidates. These models remain external rerank and accuracy-estimation inputs, not internal predictions, not CASP submissions, and not competitive-proof evidence."
2,H2324,H2324_T328,2978,H2324_all_pdbs/Model_4720_cf_woTemplates_model_2_multimer_v2_pred_12.pdb,Model_4720_cf_woTemplates_model_2_multimer_v2_pred_12.pdb,4720,CF,cf_woTemplates_multimer_v2,,2,12,cf_woTemplates_v2,,False,casp17/massivefold_external_pool_intake/h2324_t328/extracted_models/H2324_all_pdbs/Model_4720_cf_woTemplates_model_2_multimer_v2_pred_12.pdb,awaiting_extract,"MassiveFold model pool index only. It parses organizer-provided external model tarball listings and stages balanced extraction/rerank candidates. These models remain external rerank and accuracy-estimation inputs, not internal predictions, not CASP submissions, and not competitive-proof evidence."
2,H2324,H2324_T328,3062,H2324_all_pdbs/Model_6050_cf_woTemplates_model_2_multimer_v2_pred_50.pdb,Model_6050_cf_woTemplates_model_2_multimer_v2_pred_50.pdb,6050,CF,cf_woTemplates_multimer_v2,,2,50,cf_woTemplates_v2,,False,casp17/massivefold_external_pool_intake/h2324_t328/extracted_models/H2324_all_pdbs/Model_6050_cf_woTemplates_model_2_multimer_v2_pred_50.pdb,awaiting_extract,"MassiveFold model pool index only. It parses organizer-provided external model tarball listings and stages balanced extraction/rerank candidates. These models remain external rerank and accuracy-estimation inputs, not internal predictions, not CASP submissions, and not competitive-proof evidence."
2,H2324,H2324_T328,3069,H2324_all_pdbs/Model_6028_cf_woTemplates_model_2_multimer_v2_pred_4.pdb,Model_6028_cf_woTemplates_model_2_multimer_v2_pred_4.pdb,6028,CF,cf_woTemplates_multimer_v2,,2,4,cf_woTemplates_v2,,False,casp17/massivefold_external_pool_intake/h2324_t328/extracted_models/H2324_all_pdbs/Model_6028_cf_woTemplates_model_2_multimer_v2_pred_4.pdb,awaiting_extract,"MassiveFold model pool index only. It parses organizer-provided external model tarball listings and stages balanced extraction/rerank candidates. These models remain external rerank and accuracy-estimation inputs, not internal predictions, not CASP submissions, and not competitive-proof evidence."
2,H2324,H2324_T328,3089,H2324_all_pdbs/Model_1732_cf_woTemplates_model_1_multimer_v2_pred_46.pdb,Model_1732_cf_woTemplates_model_1_multimer_v2_pred_46.pdb,1732,CF,cf_woTemplates_multimer_v2,,1,46,cf_woTemplates_v2,,False,casp17/massivefold_external_pool_intake/h2324_t328/extracted_models/H2324_all_pdbs/Model_1732_cf_woTemplates_model_1_multimer_v2_pred_46.pdb,awaiting_extract,"MassiveFold model pool index only. It parses organizer-provided external model tarball listings and stages balanced extraction/rerank candidates. These models remain external rerank and accuracy-estimation inputs, not internal predictions, not CASP submissions, and not competitive-proof evidence."
2,H2324,H2324_T328,3093,H2324_all_pdbs/Model_1918_cf_woTemplates_model_1_multimer_v2_pred_1.pdb,Model_1918_cf_woTemplates_model_1_multimer_v2_pred_1.pdb,1918,CF,cf_woTemplates_multimer_v2,,1,1,cf_woTemplates_v2,,False,casp17/massivefold_external_pool_intake/h2324_t328/extracted_models/H2324_all_pdbs/Model_1918_cf_woTemplates_model_1_multimer_v2_pred_1.pdb,awaiting_extract,"MassiveFold model pool index only. It parses organizer-provided external model tarball listings and stages balanced extraction/rerank candidates. These models remain external rerank and accuracy-estimation inputs, not internal predictions, not CASP submissions, and not competitive-proof evidence."
2,H2324,H2324_T328,3141,H2324_all_pdbs/Model_2087_cf_woTemplates_model_4_multimer_v2_pred_25.pdb,Model_2087_cf_woTemplates_model_4_multimer_v2_pred_25.pdb,2087,CF,cf_woTemplates_multimer_v2,,4,25,cf_woTemplates_v2,,False,casp17/massivefold_external_pool_intake/h2324_t328/extracted_models/H2324_all_pdbs/Model_2087_cf_woTemplates_model_4_multimer_v2_pred_25.pdb,awaiting_extract,"MassiveFold model pool index only. It parses organizer-provided external model tarball listings and stages balanced extraction/rerank candidates. These models remain external rerank and accuracy-estimation inputs, not internal predictions, not CASP submissions, and not competitive-proof evidence."
2,H2324,H2324_T328,3143,H2324_all_pdbs/Model_4236_cf_woTemplates_model_3_multimer_v2_pred_5.pdb,Model_4236_cf_woTemplates_model_3_multimer_v2_pred_5.pdb,4236,CF,cf_woTemplates_multimer_v2,,3,5,cf_woTemplates_v2,,False,casp17/massivefold_external_pool_intake/h2324_t328/extracted_models/H2324_all_pdbs/Model_4236_cf_woTemplates_model_3_multimer_v2_pred_5.pdb,awaiting_extract,"MassiveFold model pool index only. It parses organizer-provided external model tarball listings and stages balanced extraction/rerank candidates. These models remain external rerank and accuracy-estimation inputs, not internal predictions, not CASP submissions, and not competitive-proof evidence."
2,H2324,H2324_T328,3163,H2324_all_pdbs/Model_8644_cf_woTemplates_model_3_multimer_v2_pred_39.pdb,Model_8644_cf_woTemplates_model_3_multimer_v2_pred_39.pdb,8644,CF,cf_woTemplates_multimer_v2,,3,39,cf_woTemplates_v2,,False,casp17/massivefold_external_pool_intake/h2324_t328/extracted_models/H2324_all_pdbs/Model_8644_cf_woTemplates_model_3_multimer_v2_pred_39.pdb,awaiting_extract,"MassiveFold model pool index only. It parses organizer-provided external model tarball listings and stages balanced extraction/rerank candidates. These models remain external rerank and accuracy-estimation inputs, not internal predictions, not CASP submissions, and not competitive-proof evidence."
2,H2324,H2324_T328,3183,H2324_all_pdbs/Model_3747_cf_woTemplates_model_5_multimer_v2_pred_0.pdb,Model_3747_cf_woTemplates_model_5_multimer_v2_pred_0.pdb,3747,CF,cf_woTemplates_multimer_v2,,5,0,cf_woTemplates_v2,,False,casp17/massivefold_external_pool_intake/h2324_t328/extracted_models/H2324_all_pdbs/Model_3747_cf_woTemplates_model_5_multimer_v2_pred_0.pdb,awaiting_extract,"MassiveFold model pool index only. It parses organizer-provided external model tarball listings and stages balanced extraction/rerank candidates. These models remain external rerank and accuracy-estimation inputs, not internal predictions, not CASP submissions, and not competitive-proof evidence."
2,H2324,H2324_T328,3265,H2324_all_pdbs/Model_6054_cf_woTemplates_model_2_multimer_v2_pred_43.pdb,Model_6054_cf_woTemplates_model_2_multimer_v2_pred_43.pdb,6054,CF,cf_woTemplates_multimer_v2,,2,43,cf_woTemplates_v2,,False,casp17/massivefold_external_pool_intake/h2324_t328/extracted_models/H2324_all_pdbs/Model_6054_cf_woTemplates_model_2_multimer_v2_pred_43.pdb,awaiting_extract,"MassiveFold model pool index only. It parses organizer-provided external model tarball listings and stages balanced extraction/rerank candidates. These models remain external rerank and accuracy-estimation inputs, not internal predictions, not CASP submissions, and not competitive-proof evidence."
2,H2324,H2324_T328,3277,H2324_all_pdbs/Model_6082_cf_woTemplates_model_2_multimer_v2_pred_1.pdb,Model_6082_cf_woTemplates_model_2_multimer_v2_pred_1.pdb,6082,CF,cf_woTemplates_multimer_v2,,2,1,cf_woTemplates_v2,,False,casp17/massivefold_external_pool_intake/h2324_t328/extracted_models/H2324_all_pdbs/Model_6082_cf_woTemplates_model_2_multimer_v2_pred_1.pdb,awaiting_extract,"MassiveFold model pool index only. It parses organizer-provided external model tarball listings and stages balanced extraction/rerank candidates. These models remain external rerank and accuracy-estimation inputs, not internal predictions, not CASP submissions, and not competitive-proof evidence."
2,H2324,H2324_T328,3314,H2324_all_pdbs/Model_166_cf_woTemplates_model_1_multimer_v2_pred_43.pdb,Model_166_cf_woTemplates_model_1_multimer_v2_pred_43.pdb,166,CF,cf_woTemplates_multimer_v2,,1,43,cf_woTemplates_v2,,False,casp17/massivefold_external_pool_intake/h2324_t328/extracted_models/H2324_all_pdbs/Model_166_cf_woTemplates_model_1_multimer_v2_pred_43.pdb,awaiting_extract,"MassiveFold model pool index only. It parses organizer-provided external model tarball listings and stages balanced extraction/rerank candidates. These models remain external rerank and accuracy-estimation inputs, not internal predictions, not CASP submissions, and not competitive-proof evidence."
2,H2324,H2324_T328,3331,H2324_all_pdbs/Model_2639_cf_woTemplates_model_4_multimer_v2_pred_66.pdb,Model_2639_cf_woTemplates_model_4_multimer_v2_pred_66.pdb,2639,CF,cf_woTemplates_multimer_v2,,4,66,cf_woTemplates_v2,,False,casp17/massivefold_external_pool_intake/h2324_t328/extracted_models/H2324_all_pdbs/Model_2639_cf_woTemplates_model_4_multimer_v2_pred_66.pdb,awaiting_extract,"MassiveFold model pool index only. It parses organizer-provided external model tarball listings and stages balanced extraction/rerank candidates. These models remain external rerank and accuracy-estimation inputs, not internal predictions, not CASP submissions, and not competitive-proof evidence."
2,H2324,H2324_T328,3357,H2324_all_pdbs/Model_2522_cf_woTemplates_model_5_multimer_v2_pred_56.pdb,Model_2522_cf_woTemplates_model_5_multimer_v2_pred_56.pdb,2522,CF,cf_woTemplates_multimer_v2,,5,56,cf_woTemplates_v2,,False,casp17/massivefold_external_pool_intake/h2324_t328/extracted_models/H2324_all_pdbs/Model_2522_cf_woTemplates_model_5_multimer_v2_pred_56.pdb,awaiting_extract,"MassiveFold model pool index only. It parses organizer-provided external model tarball listings and stages balanced extraction/rerank candidates. These models remain external rerank and accuracy-estimation inputs, not internal predictions, not CASP submissions, and not competitive-proof evidence."
2,H2324,H2324_T328,3389,H2324_all_pdbs/Model_4740_cf_woTemplates_model_4_multimer_v2_pred_61.pdb,Model_4740_cf_woTemplates_model_4_multimer_v2_pred_61.pdb,4740,CF,cf_woTemplates_multimer_v2,,4,61,cf_woTemplates_v2,,False,casp17/massivefold_external_pool_intake/h2324_t328/extracted_models/H2324_all_pdbs/Model_4740_cf_woTemplates_model_4_multimer_v2_pred_61.pdb,awaiting_extract,"MassiveFold model pool index only. It parses organizer-provided external model tarball listings and stages balanced extraction/rerank candidates. These models remain external rerank and accuracy-estimation inputs, not internal predictions, not CASP submissions, and not competitive-proof evidence."
2,H2324,H2324_T328,3409,H2324_all_pdbs/Model_7105_cf_woTemplates_model_3_multimer_v2_pred_13.pdb,Model_7105_cf_woTemplates_model_3_multimer_v2_pred_13.pdb,7105,CF,cf_woTemplates_multimer_v2,,3,13,cf_woTemplates_v2,,False,casp17/massivefold_external_pool_intake/h2324_t328/extracted_models/H2324_all_pdbs/Model_7105_cf_woTemplates_model_3_multimer_v2_pred_13.pdb,awaiting_extract,"MassiveFold model pool index only. It parses organizer-provided external model tarball listings and stages balanced extraction/rerank candidates. These models remain external rerank and accuracy-estimation inputs, not internal predictions, not CASP submissions, and not competitive-proof evidence."
2,H2324,H2324_T328,3450,H2324_all_pdbs/Model_2246_cf_woTemplates_model_2_multimer_v2_pred_55.pdb,Model_2246_cf_woTemplates_model_2_multimer_v2_pred_55.pdb,2246,CF,cf_woTemplates_multimer_v2,,2,55,cf_woTemplates_v2,,False,casp17/massivefold_external_pool_intake/h2324_t328/extracted_models/H2324_all_pdbs/Model_2246_cf_woTemplates_model_2_multimer_v2_pred_55.pdb,awaiting_extract,"MassiveFold model pool index only. It parses organizer-provided external model tarball listings and stages balanced extraction/rerank candidates. These models remain external rerank and accuracy-estimation inputs, not internal predictions, not CASP submissions, and not competitive-proof evidence."
2,H2324,H2324_T328,3497,H2324_all_pdbs/Model_5266_cf_woTemplates_model_5_multimer_v2_pred_16.pdb,Model_5266_cf_woTemplates_model_5_multimer_v2_pred_16.pdb,5266,CF,cf_woTemplates_multimer_v2,,5,16,cf_woTemplates_v2,,False,casp17/massivefold_external_pool_intake/h2324_t328/extracted_models/H2324_all_pdbs/Model_5266_cf_woTemplates_model_5_multimer_v2_pred_16.pdb,awaiting_extract,"MassiveFold model pool index only. It parses organizer-provided external model tarball listings and stages balanced extraction/rerank candidates. These models remain external rerank and accuracy-estimation inputs, not internal predictions, not CASP submissions, and not competitive-proof evidence."
2,H2324,H2324_T328,3512,H2324_all_pdbs/Model_3906_cf_woTemplates_model_5_multimer_v2_pred_41.pdb,Model_3906_cf_woTemplates_model_5_multimer_v2_pred_41.pdb,3906,CF,cf_woTemplates_multimer_v2,,5,41,cf_woTemplates_v2,,False,casp17/massivefold_external_pool_intake/h2324_t328/extracted_models/H2324_all_pdbs/Model_3906_cf_woTemplates_model_5_multimer_v2_pred_41.pdb,awaiting_extract,"MassiveFold model pool index only. It parses organizer-provided external model tarball listings and stages balanced extraction/rerank candidates. These models remain external rerank and accuracy-estimation inputs, not internal predictions, not CASP submissions, and not competitive-proof evidence."
2,H2324,H2324_T328,3534,H2324_all_pdbs/Model_2925_cf_woTemplates_model_4_multimer_v2_pred_18.pdb,Model_2925_cf_woTemplates_model_4_multimer_v2_pred_18.pdb,2925,CF,cf_woTemplates_multimer_v2,,4,18,cf_woTemplates_v2,,False,casp17/massivefold_external_pool_intake/h2324_t328/extracted_models/H2324_all_pdbs/Model_2925_cf_woTemplates_model_4_multimer_v2_pred_18.pdb,awaiting_extract,"MassiveFold model pool index only. It parses organizer-provided external model tarball listings and stages balanced extraction/rerank candidates. These models remain external rerank and accuracy-estimation inputs, not internal predictions, not CASP submissions, and not competitive-proof evidence."
2,H2324,H2324_T328,3584,H2324_all_pdbs/Model_3881_cf_woTemplates_model_3_multimer_v2_pred_42.pdb,Model_3881_cf_woTemplates_model_3_multimer_v2_pred_42.pdb,3881,CF,cf_woTemplates_multimer_v2,,3,42,cf_woTemplates_v2,,False,casp17/massivefold_external_pool_intake/h2324_t328/extracted_models/H2324_all_pdbs/Model_3881_cf_woTemplates_model_3_multimer_v2_pred_42.pdb,awaiting_extract,"MassiveFold model pool index only. It parses organizer-provided external model tarball listings and stages balanced extraction/rerank candidates. These models remain external rerank and accuracy-estimation inputs, not internal predictions, not CASP submissions, and not competitive-proof evidence."
2,H2324,H2324_T328,3631,H2324_all_pdbs/Model_6182_cf_woTemplates_model_3_multimer_v2_pred_27.pdb,Model_6182_cf_woTemplates_model_3_multimer_v2_pred_27.pdb,6182,CF,cf_woTemplates_multimer_v2,,3,27,cf_woTemplates_v2,,False,casp17/massivefold_external_pool_intake/h2324_t328/extracted_models/H2324_all_pdbs/Model_6182_cf_woTemplates_model_3_multimer_v2_pred_27.pdb,awaiting_extract,"MassiveFold model pool index only. It parses organizer-provided external model tarball listings and stages balanced extraction/rerank candidates. These models remain external rerank and accuracy-estimation inputs, not internal predictions, not CASP submissions, and not competitive-proof evidence."
2,H2324,H2324_T328,3663,H2324_all_pdbs/Model_4719_cf_woTemplates_model_3_multimer_v2_pred_24.pdb,Model_4719_cf_woTemplates_model_3_multimer_v2_pred_24.pdb,4719,CF,cf_woTemplates_multimer_v2,,3,24,cf_woTemplates_v2,,False,casp17/massivefold_external_pool_intake/h2324_t328/extracted_models/H2324_all_pdbs/Model_4719_cf_woTemplates_model_3_multimer_v2_pred_24.pdb,awaiting_extract,"MassiveFold model pool index only. It parses organizer-provided external model tarball listings and stages balanced extraction/rerank candidates. These models remain external rerank and accuracy-estimation inputs, not internal predictions, not CASP submissions, and not competitive-proof evidence."
2,H2324,H2324_T328,3664,H2324_all_pdbs/Model_495_cf_woTemplates_model_1_multimer_v2_pred_65.pdb,Model_495_cf_woTemplates_model_1_multimer_v2_pred_65.pdb,495,CF,cf_woTemplates_multimer_v2,,1,65,cf_woTemplates_v2,,False,casp17/massivefold_external_pool_intake/h2324_t328/extracted_models/H2324_all_pdbs/Model_495_cf_woTemplates_model_1_multimer_v2_pred_65.pdb,awaiting_extract,"MassiveFold model pool index only. It parses organizer-provided external model tarball listings and stages balanced extraction/rerank candidates. These models remain external rerank and accuracy-estimation inputs, not internal predictions, not CASP submissions, and not competitive-proof evidence."
2,H2324,H2324_T328,3692,H2324_all_pdbs/Model_5140_cf_woTemplates_model_2_multimer_v2_pred_66.pdb,Model_5140_cf_woTemplates_model_2_multimer_v2_pred_66.pdb,5140,CF,cf_woTemplates_multimer_v2,,2,66,cf_woTemplates_v2,,False,casp17/massivefold_external_pool_intake/h2324_t328/extracted_models/H2324_all_pdbs/Model_5140_cf_woTemplates_model_2_multimer_v2_pred_66.pdb,awaiting_extract,"MassiveFold model pool index only. It parses organizer-provided external model tarball listings and stages balanced extraction/rerank candidates. These models remain external rerank and accuracy-estimation inputs, not internal predictions, not CASP submissions, and not competitive-proof evidence."
2,H2324,H2324_T328,3706,H2324_all_pdbs/Model_5833_cf_woTemplates_model_3_multimer_v2_pred_10.pdb,Model_5833_cf_woTemplates_model_3_multimer_v2_pred_10.pdb,5833,CF,cf_woTemplates_multimer_v2,,3,10,cf_woTemplates_v2,,False,casp17/massivefold_external_pool_intake/h2324_t328/extracted_models/H2324_all_pdbs/Model_5833_cf_woTemplates_model_3_multimer_v2_pred_10.pdb,awaiting_extract,"MassiveFold model pool index only. It parses organizer-provided external model tarball listings and stages balanced extraction/rerank candidates. These models remain external rerank and accuracy-estimation inputs, not internal predictions, not CASP submissions, and not competitive-proof evidence."
2,H2324,H2324_T328,3711,H2324_all_pdbs/Model_4330_cf_woTemplates_model_5_multimer_v2_pred_43.pdb,Model_4330_cf_woTemplates_model_5_multimer_v2_pred_43.pdb,4330,CF,cf_woTemplates_multimer_v2,,5,43,cf_woTemplates_v2,,False,casp17/massivefold_external_pool_intake/h2324_t328/extracted_models/H2324_all_pdbs/Model_4330_cf_woTemplates_model_5_multimer_v2_pred_43.pdb,awaiting_extract,"MassiveFold model pool index only. It parses organizer-provided external model tarball listings and stages balanced extraction/rerank candidates. These models remain external rerank and accuracy-estimation inputs, not internal predictions, not CASP submissions, and not competitive-proof evidence."
2,H2324,H2324_T328,3762,H2324_all_pdbs/Model_3997_cf_woTemplates_model_5_multimer_v2_pred_19.pdb,Model_3997_cf_woTemplates_model_5_multimer_v2_pred_19.pdb,3997,CF,cf_woTemplates_multimer_v2,,5,19,cf_woTemplates_v2,,False,casp17/massivefold_external_pool_intake/h2324_t328/extracted_models/H2324_all_pdbs/Model_3997_cf_woTemplates_model_5_multimer_v2_pred_19.pdb,awaiting_extract,"MassiveFold model pool index only. It parses organizer-provided external model tarball listings and stages balanced extraction/rerank candidates. These models remain external rerank and accuracy-estimation inputs, not internal predictions, not CASP submissions, and not competitive-proof evidence."
2,H2324,H2324_T328,3781,H2324_all_pdbs/Model_1792_cf_woTemplates_model_1_multimer_v2_pred_61.pdb,Model_1792_cf_woTemplates_model_1_multimer_v2_pred_61.pdb,1792,CF,cf_woTemplates_multimer_v2,,1,61,cf_woTemplates_v2,,False,casp17/massivefold_external_pool_intake/h2324_t328/extracted_models/H2324_all_pdbs/Model_1792_cf_woTemplates_model_1_multimer_v2_pred_61.pdb,awaiting_extract,"MassiveFold model pool index only. It parses organizer-provided external model tarball listings and stages balanced extraction/rerank candidates. These models remain external rerank and accuracy-estimation inputs, not internal predictions, not CASP submissions, and not competitive-proof evidence."
2,H2324,H2324_T328,3878,H2324_all_pdbs/Model_1545_cf_woTemplates_model_1_multimer_v2_pred_18.pdb,Model_1545_cf_woTemplates_model_1_multimer_v2_pred_18.pdb,1545,CF,cf_woTemplates_multimer_v2,,1,18,cf_woTemplates_v2,,False,casp17/massivefold_external_pool_intake/h2324_t328/extracted_models/H2324_all_pdbs/Model_1545_cf_woTemplates_model_1_multimer_v2_pred_18.pdb,awaiting_extract,"MassiveFold model pool index only. It parses organizer-provided external model tarball listings and stages balanced extraction/rerank candidates. These models remain external rerank and accuracy-estimation inputs, not internal predictions, not CASP submissions, and not competitive-proof evidence."
2,H2324,H2324_T328,3938,H2324_all_pdbs/Model_650_cf_woTemplates_model_1_multimer_v2_pred_66.pdb,Model_650_cf_woTemplates_model_1_multimer_v2_pred_66.pdb,650,CF,cf_woTemplates_multimer_v2,,1,66,cf_woTemplates_v2,,False,casp17/massivefold_external_pool_intake/h2324_t328/extracted_models/H2324_all_pdbs/Model_650_cf_woTemplates_model_1_multimer_v2_pred_66.pdb,awaiting_extract,"MassiveFold model pool index only. It parses organizer-provided external model tarball listings and stages balanced extraction/rerank candidates. These models remain external rerank and accuracy-estimation inputs, not internal predictions, not CASP submissions, and not competitive-proof evidence."
2,H2324,H2324_T328,3941,H2324_all_pdbs/Model_4291_cf_woTemplates_model_5_multimer_v2_pred_59.pdb,Model_4291_cf_woTemplates_model_5_multimer_v2_pred_59.pdb,4291,CF,cf_woTemplates_multimer_v2,,5,59,cf_woTemplates_v2,,False,casp17/massivefold_external_pool_intake/h2324_t328/extracted_models/H2324_all_pdbs/Model_4291_cf_woTemplates_model_5_multimer_v2_pred_59.pdb,awaiting_extract,"MassiveFold model pool index only. It parses organizer-provided external model tarball listings and stages balanced extraction/rerank candidates. These models remain external rerank and accuracy-estimation inputs, not internal predictions, not CASP submissions, and not competitive-proof evidence."
2,H2324,H2324_T328,4012,H2324_all_pdbs/Model_2626_cf_woTemplates_model_5_multimer_v2_pred_24.pdb,Model_2626_cf_woTemplates_model_5_multimer_v2_pred_24.pdb,2626,CF,cf_woTemplates_multimer_v2,,5,24,cf_woTemplates_v2,,False,casp17/massivefold_external_pool_intake/h2324_t328/extracted_models/H2324_all_pdbs/Model_2626_cf_woTemplates_model_5_multimer_v2_pred_24.pdb,awaiting_extract,"MassiveFold model pool index only. It parses organizer-provided external model tarball listings and stages balanced extraction/rerank candidates. These models remain external rerank and accuracy-estimation inputs, not internal predictions, not CASP submissions, and not competitive-proof evidence."
2,H2324,H2324_T328,4084,H2324_all_pdbs/Model_3036_cf_woTemplates_model_1_multimer_v2_pred_19.pdb,Model_3036_cf_woTemplates_model_1_multimer_v2_pred_19.pdb,3036,CF,cf_woTemplates_multimer_v2,,1,19,cf_woTemplates_v2,,False,casp17/massivefold_external_pool_intake/h2324_t328/extracted_models/H2324_all_pdbs/Model_3036_cf_woTemplates_model_1_multimer_v2_pred_19.pdb,awaiting_extract,"MassiveFold model pool index only. It parses organizer-provided external model tarball listings and stages balanced extraction/rerank candidates. These models remain external rerank and accuracy-estimation inputs, not internal predictions, not CASP submissions, and not competitive-proof evidence."
2,H2324,H2324_T328,4134,H2324_all_pdbs/Model_1674_cf_woTemplates_model_1_multimer_v2_pred_63.pdb,Model_1674_cf_woTemplates_model_1_multimer_v2_pred_63.pdb,1674,CF,cf_woTemplates_multimer_v2,,1,63,cf_woTemplates_v2,,False,casp17/massivefold_external_pool_intake/h2324_t328/extracted_models/H2324_all_pdbs/Model_1674_cf_woTemplates_model_1_multimer_v2_pred_63.pdb,awaiting_extract,"MassiveFold model pool index only. It parses organizer-provided external model tarball listings and stages balanced extraction/rerank candidates. These models remain external rerank and accuracy-estimation inputs, not internal predictions, not CASP submissions, and not competitive-proof evidence."
2,H2324,H2324_T328,4148,H2324_all_pdbs/Model_2003_cf_woTemplates_model_2_multimer_v2_pred_44.pdb,Model_2003_cf_woTemplates_model_2_multimer_v2_pred_44.pdb,2003,CF,cf_woTemplates_multimer_v2,,2,44,cf_woTemplates_v2,,False,casp17/massivefold_external_pool_intake/h2324_t328/extracted_models/H2324_all_pdbs/Model_2003_cf_woTemplates_model_2_multimer_v2_pred_44.pdb,awaiting_extract,"MassiveFold model pool index only. It parses organizer-provided external model tarball listings and stages balanced extraction/rerank candidates. These models remain external rerank and accuracy-estimation inputs, not internal predictions, not CASP submissions, and not competitive-proof evidence."
2,H2324,H2324_T328,4248,H2324_all_pdbs/Model_2954_cf_woTemplates_model_4_multimer_v2_pred_54.pdb,Model_2954_cf_woTemplates_model_4_multimer_v2_pred_54.pdb,2954,CF,cf_woTemplates_multimer_v2,,4,54,cf_woTemplates_v2,,False,casp17/massivefold_external_pool_intake/h2324_t328/extracted_models/H2324_all_pdbs/Model_2954_cf_woTemplates_model_4_multimer_v2_pred_54.pdb,awaiting_extract,"MassiveFold model pool index only. It parses organizer-provided external model tarball listings and stages balanced extraction/rerank candidates. These models remain external rerank and accuracy-estimation inputs, not internal predictions, not CASP submissions, and not competitive-proof evidence."
2,H2324,H2324_T328,4444,H2324_all_pdbs/Model_4784_cf_woTemplates_model_2_multimer_v2_pred_48.pdb,Model_4784_cf_woTemplates_model_2_multimer_v2_pred_48.pdb,4784,CF,cf_woTemplates_multimer_v2,,2,48,cf_woTemplates_v2,,False,casp17/massivefold_external_pool_intake/h2324_t328/extracted_models/H2324_all_pdbs/Model_4784_cf_woTemplates_model_2_multimer_v2_pred_48.pdb,awaiting_extract,"MassiveFold model pool index only. It parses organizer-provided external model tarball listings and stages balanced extraction/rerank candidates. These models remain external rerank and accuracy-estimation inputs, not internal predictions, not CASP submissions, and not competitive-proof evidence."
2,H2324,H2324_T328,4569,H2324_all_pdbs/Model_7198_cf_woTemplates_model_3_multimer_v2_pred_1.pdb,Model_7198_cf_woTemplates_model_3_multimer_v2_pred_1.pdb,7198,CF,cf_woTemplates_multimer_v2,,3,1,cf_woTemplates_v2,,False,casp17/massivefold_external_pool_intake/h2324_t328/extracted_models/H2324_all_pdbs/Model_7198_cf_woTemplates_model_3_multimer_v2_pred_1.pdb,awaiting_extract,"MassiveFold model pool index only. It parses organizer-provided external model tarball listings and stages balanced extraction/rerank candidates. These models remain external rerank and accuracy-estimation inputs, not internal predictions, not CASP submissions, and not competitive-proof evidence."
2,H2324,H2324_T328,4745,H2324_all_pdbs/Model_2288_cf_woTemplates_model_2_multimer_v2_pred_22.pdb,Model_2288_cf_woTemplates_model_2_multimer_v2_pred_22.pdb,2288,CF,cf_woTemplates_multimer_v2,,2,22,cf_woTemplates_v2,,False,casp17/massivefold_external_pool_intake/h2324_t328/extracted_models/H2324_all_pdbs/Model_2288_cf_woTemplates_model_2_multimer_v2_pred_22.pdb,awaiting_extract,"MassiveFold model pool index only. It parses organizer-provided external model tarball listings and stages balanced extraction/rerank candidates. These models remain external rerank and accuracy-estimation inputs, not internal predictions, not CASP submissions, and not competitive-proof evidence."
2,H2324,H2324_T328,4765,H2324_all_pdbs/Model_1948_cf_woTemplates_model_2_multimer_v2_pred_47.pdb,Model_1948_cf_woTemplates_model_2_multimer_v2_pred_47.pdb,1948,CF,cf_woTemplates_multimer_v2,,2,47,cf_woTemplates_v2,,False,casp17/massivefold_external_pool_intake/h2324_t328/extracted_models/H2324_all_pdbs/Model_1948_cf_woTemplates_model_2_multimer_v2_pred_47.pdb,awaiting_extract,"MassiveFold model pool index only. It parses organizer-provided external model tarball listings and stages balanced extraction/rerank candidates. These models remain external rerank and accuracy-estimation inputs, not internal predictions, not CASP submissions, and not competitive-proof evidence."
2,H2324,H2324_T328,4777,H2324_all_pdbs/Model_6565_cf_woTemplates_model_3_multimer_v2_pred_22.pdb,Model_6565_cf_woTemplates_model_3_multimer_v2_pred_22.pdb,6565,CF,cf_woTemplates_multimer_v2,,3,22,cf_woTemplates_v2,,False,casp17/massivefold_external_pool_intake/h2324_t328/extracted_models/H2324_all_pdbs/Model_6565_cf_woTemplates_model_3_multimer_v2_pred_22.pdb,awaiting_extract,"MassiveFold model pool index only. It parses organizer-provided external model tarball listings and stages balanced extraction/rerank candidates. These models remain external rerank and accuracy-estimation inputs, not internal predictions, not CASP submissions, and not competitive-proof evidence."
2,H2324,H2324_T328,4784,H2324_all_pdbs/Model_288_cf_woTemplates_model_1_multimer_v2_pred_8.pdb,Model_288_cf_woTemplates_model_1_multimer_v2_pred_8.pdb,288,CF,cf_woTemplates_multimer_v2,,1,8,cf_woTemplates_v2,,False,casp17/massivefold_external_pool_intake/h2324_t328/extracted_models/H2324_all_pdbs/Model_288_cf_woTemplates_model_1_multimer_v2_pred_8.pdb,awaiting_extract,"MassiveFold model pool index only. It parses organizer-provided external model tarball listings and stages balanced extraction/rerank candidates. These models remain external rerank and accuracy-estimation inputs, not internal predictions, not CASP submissions, and not competitive-proof evidence."
2,H2324,H2324_T328,4855,H2324_all_pdbs/Model_1174_cf_woTemplates_model_1_multimer_v2_pred_2.pdb,Model_1174_cf_woTemplates_model_1_multimer_v2_pred_2.pdb,1174,CF,cf_woTemplates_multimer_v2,,1,2,cf_woTemplates_v2,,False,casp17/massivefold_external_pool_intake/h2324_t328/extracted_models/H2324_all_pdbs/Model_1174_cf_woTemplates_model_1_multimer_v2_pred_2.pdb,awaiting_extract,"MassiveFold model pool index only. It parses organizer-provided external model tarball listings and stages balanced extraction/rerank candidates. These models remain external rerank and accuracy-estimation inputs, not internal predictions, not CASP submissions, and not competitive-proof evidence."
2,H2324,H2324_T328,4856,H2324_all_pdbs/Model_3846_cf_woTemplates_model_5_multimer_v2_pred_3.pdb,Model_3846_cf_woTemplates_model_5_multimer_v2_pred_3.pdb,3846,CF,cf_woTemplates_multimer_v2,,5,3,cf_woTemplates_v2,,False,casp17/massivefold_external_pool_intake/h2324_t328/extracted_models/H2324_all_pdbs/Model_3846_cf_woTemplates_model_5_multimer_v2_pred_3.pdb,awaiting_extract,"MassiveFold model pool index only. It parses organizer-provided external model tarball listings and stages balanced extraction/rerank candidates. These models remain external rerank and accuracy-estimation inputs, not internal predictions, not CASP submissions, and not competitive-proof evidence."
2,H2324,H2324_T328,4879,H2324_all_pdbs/Model_5757_cf_woTemplates_model_4_multimer_v2_pred_30.pdb,Model_5757_cf_woTemplates_model_4_multimer_v2_pred_30.pdb,5757,CF,cf_woTemplates_multimer_v2,,4,30,cf_woTemplates_v2,,False,casp17/massivefold_external_pool_intake/h2324_t328/extracted_models/H2324_all_pdbs/Model_5757_cf_woTemplates_model_4_multimer_v2_pred_30.pdb,awaiting_extract,"MassiveFold model pool index only. It parses organizer-provided external model tarball listings and stages balanced extraction/rerank candidates. These models remain external rerank and accuracy-estimation inputs, not internal predictions, not CASP submissions, and not competitive-proof evidence."
2,H2324,H2324_T328,4880,H2324_all_pdbs/Model_5284_cf_woTemplates_model_2_multimer_v2_pred_30.pdb,Model_5284_cf_woTemplates_model_2_multimer_v2_pred_30.pdb,5284,CF,cf_woTemplates_multimer_v2,,2,30,cf_woTemplates_v2,,False,casp17/massivefold_external_pool_intake/h2324_t328/extracted_models/H2324_all_pdbs/Model_5284_cf_woTemplates_model_2_multimer_v2_pred_30.pdb,awaiting_extract,"MassiveFold model pool index only. It parses organizer-provided external model tarball listings and stages balanced extraction/rerank candidates. These models remain external rerank and accuracy-estimation inputs, not internal predictions, not CASP submissions, and not competitive-proof evidence."
2,H2324,H2324_T328,4893,H2324_all_pdbs/Model_2521_cf_woTemplates_model_4_multimer_v2_pred_8.pdb,Model_2521_cf_woTemplates_model_4_multimer_v2_pred_8.pdb,2521,CF,cf_woTemplates_multimer_v2,,4,8,cf_woTemplates_v2,,False,casp17/massivefold_external_pool_intake/h2324_t328/extracted_models/H2324_all_pdbs/Model_2521_cf_woTemplates_model_4_multimer_v2_pred_8.pdb,awaiting_extract,"MassiveFold model pool index only. It parses organizer-provided external model tarball listings and stages balanced extraction/rerank candidates. These models remain external rerank and accuracy-estimation inputs, not internal predictions, not CASP submissions, and not competitive-proof evidence."
2,H2324,H2324_T328,4898,H2324_all_pdbs/Model_4316_cf_woTemplates_model_4_multimer_v2_pred_55.pdb,Model_4316_cf_woTemplates_model_4_multimer_v2_pred_55.pdb,4316,CF,cf_woTemplates_multimer_v2,,4,55,cf_woTemplates_v2,,False,casp17/massivefold_external_pool_intake/h2324_t328/extracted_models/H2324_all_pdbs/Model_4316_cf_woTemplates_model_4_multimer_v2_pred_55.pdb,awaiting_extract,"MassiveFold model pool index only. It parses organizer-provided external model tarball listings and stages balanced extraction/rerank candidates. These models remain external rerank and accuracy-estimation inputs, not internal predictions, not CASP submissions, and not competitive-proof evidence."
2,H2324,H2324_T328,4936,H2324_all_pdbs/Model_2688_cf_woTemplates_model_4_multimer_v2_pred_48.pdb,Model_2688_cf_woTemplates_model_4_multimer_v2_pred_48.pdb,2688,CF,cf_woTemplates_multimer_v2,,4,48,cf_woTemplates_v2,,False,casp17/massivefold_external_pool_intake/h2324_t328/extracted_models/H2324_all_pdbs/Model_2688_cf_woTemplates_model_4_multimer_v2_pred_48.pdb,awaiting_extract,"MassiveFold model pool index only. It parses organizer-provided external model tarball listings and stages balanced extraction/rerank candidates. These models remain external rerank and accuracy-estimation inputs, not internal predictions, not CASP submissions, and not competitive-proof evidence."
2,H2324,H2324_T328,4951,H2324_all_pdbs/Model_6588_cf_woTemplates_model_3_multimer_v2_pred_38.pdb,Model_6588_cf_woTemplates_model_3_multimer_v2_pred_38.pdb,6588,CF,cf_woTemplates_multimer_v2,,3,38,cf_woTemplates_v2,,False,casp17/massivefold_external_pool_intake/h2324_t328/extracted_models/H2324_all_pdbs/Model_6588_cf_woTemplates_model_3_multimer_v2_pred_38.pdb,awaiting_extract,"MassiveFold model pool index only. It parses organizer-provided external model tarball listings and stages balanced extraction/rerank candidates. These models remain external rerank and accuracy-estimation inputs, not internal predictions, not CASP submissions, and not competitive-proof evidence."
2,H2324,H2324_T328,5007,H2324_all_pdbs/Model_4237_cf_woTemplates_model_4_multimer_v2_pred_58.pdb,Model_4237_cf_woTemplates_model_4_multimer_v2_pred_58.pdb,4237,CF,cf_woTemplates_multimer_v2,,4,58,cf_woTemplates_v2,,False,casp17/massivefold_external_pool_intake/h2324_t328/extracted_models/H2324_all_pdbs/Model_4237_cf_woTemplates_model_4_multimer_v2_pred_58.pdb,awaiting_extract,"MassiveFold model pool index only. It parses organizer-provided external model tarball listings and stages balanced extraction/rerank candidates. These models remain external rerank and accuracy-estimation inputs, not internal predictions, not CASP submissions, and not competitive-proof evidence."
2,H2324,H2324_T328,5024,H2324_all_pdbs/Model_2657_cf_woTemplates_model_5_multimer_v2_pred_13.pdb,Model_2657_cf_woTemplates_model_5_multimer_v2_pred_13.pdb,2657,CF,cf_woTemplates_multimer_v2,,5,13,cf_woTemplates_v2,,False,casp17/massivefold_external_pool_intake/h2324_t328/extracted_models/H2324_all_pdbs/Model_2657_cf_woTemplates_model_5_multimer_v2_pred_13.pdb,awaiting_extract,"MassiveFold model pool index only. It parses organizer-provided external model tarball listings and stages balanced extraction/rerank candidates. These models remain external rerank and accuracy-estimation inputs, not internal predictions, not CASP submissions, and not competitive-proof evidence."
2,H2324,H2324_T328,5039,H2324_all_pdbs/Model_5748_cf_woTemplates_model_3_multimer_v2_pred_20.pdb,Model_5748_cf_woTemplates_model_3_multimer_v2_pred_20.pdb,5748,CF,cf_woTemplates_multimer_v2,,3,20,cf_woTemplates_v2,,False,casp17/massivefold_external_pool_intake/h2324_t328/extracted_models/H2324_all_pdbs/Model_5748_cf_woTemplates_model_3_multimer_v2_pred_20.pdb,awaiting_extract,"MassiveFold model pool index only. It parses organizer-provided external model tarball listings and stages balanced extraction/rerank candidates. These models remain external rerank and accuracy-estimation inputs, not internal predictions, not CASP submissions, and not competitive-proof evidence."
2,H2324,H2324_T328,5084,H2324_all_pdbs/Model_5341_cf_woTemplates_model_2_multimer_v2_pred_33.pdb,Model_5341_cf_woTemplates_model_2_multimer_v2_pred_33.pdb,5341,CF,cf_woTemplates_multimer_v2,,2,33,cf_woTemplates_v2,,False,casp17/massivefold_external_pool_intake/h2324_t328/extracted_models/H2324_all_pdbs/Model_5341_cf_woTemplates_model_2_multimer_v2_pred_33.pdb,awaiting_extract,"MassiveFold model pool index only. It parses organizer-provided external model tarball listings and stages balanced extraction/rerank candidates. These models remain external rerank and accuracy-estimation inputs, not internal predictions, not CASP submissions, and not competitive-proof evidence."
2,H2324,H2324_T328,5208,H2324_all_pdbs/Model_6814_cf_woTemplates_model_3_multimer_v2_pred_54.pdb,Model_6814_cf_woTemplates_model_3_multimer_v2_pred_54.pdb,6814,CF,cf_woTemplates_multimer_v2,,3,54,cf_woTemplates_v2,,False,casp17/massivefold_external_pool_intake/h2324_t328/extracted_models/H2324_all_pdbs/Model_6814_cf_woTemplates_model_3_multimer_v2_pred_54.pdb,awaiting_extract,"MassiveFold model pool index only. It parses organizer-provided external model tarball listings and stages balanced extraction/rerank candidates. These models remain external rerank and accuracy-estimation inputs, not internal predictions, not CASP submissions, and not competitive-proof evidence."
2,H2324,H2324_T328,5275,H2324_all_pdbs/Model_5732_cf_woTemplates_model_3_multimer_v2_pred_48.pdb,Model_5732_cf_woTemplates_model_3_multimer_v2_pred_48.pdb,5732,CF,cf_woTemplates_multimer_v2,,3,48,cf_woTemplates_v2,,False,casp17/massivefold_external_pool_intake/h2324_t328/extracted_models/H2324_all_pdbs/Model_5732_cf_woTemplates_model_3_multimer_v2_pred_48.pdb,awaiting_extract,"MassiveFold model pool index only. It parses organizer-provided external model tarball listings and stages balanced extraction/rerank candidates. These models remain external rerank and accuracy-estimation inputs, not internal predictions, not CASP submissions, and not competitive-proof evidence."
2,H2324,H2324_T328,5276,H2324_all_pdbs/Model_2111_cf_woTemplates_model_1_multimer_v2_pred_35.pdb,Model_2111_cf_woTemplates_model_1_multimer_v2_pred_35.pdb,2111,CF,cf_woTemplates_multimer_v2,,1,35,cf_woTemplates_v2,,False,casp17/massivefold_external_pool_intake/h2324_t328/extracted_models/H2324_all_pdbs/Model_2111_cf_woTemplates_model_1_multimer_v2_pred_35.pdb,awaiting_extract,"MassiveFold model pool index only. It parses organizer-provided external model tarball listings and stages balanced extraction/rerank candidates. These models remain external rerank and accuracy-estimation inputs, not internal predictions, not CASP submissions, and not competitive-proof evidence."
2,H2324,H2324_T328,5357,H2324_all_pdbs/Model_5772_cf_woTemplates_model_4_multimer_v2_pred_31.pdb,Model_5772_cf_woTemplates_model_4_multimer_v2_pred_31.pdb,5772,CF,cf_woTemplates_multimer_v2,,4,31,cf_woTemplates_v2,,False,casp17/massivefold_external_pool_intake/h2324_t328/extracted_models/H2324_all_pdbs/Model_5772_cf_woTemplates_model_4_multimer_v2_pred_31.pdb,awaiting_extract,"MassiveFold model pool index only. It parses organizer-provided external model tarball listings and stages balanced extraction/rerank candidates. These models remain external rerank and accuracy-estimation inputs, not internal predictions, not CASP submissions, and not competitive-proof evidence."
2,H2324,H2324_T328,5361,H2324_all_pdbs/Model_5298_cf_woTemplates_model_3_multimer_v2_pred_41.pdb,Model_5298_cf_woTemplates_model_3_multimer_v2_pred_41.pdb,5298,CF,cf_woTemplates_multimer_v2,,3,41,cf_woTemplates_v2,,False,casp17/massivefold_external_pool_intake/h2324_t328/extracted_models/H2324_all_pdbs/Model_5298_cf_woTemplates_model_3_multimer_v2_pred_41.pdb,awaiting_extract,"MassiveFold model pool index only. It parses organizer-provided external model tarball listings and stages balanced extraction/rerank candidates. These models remain external rerank and accuracy-estimation inputs, not internal predictions, not CASP submissions, and not competitive-proof evidence."
2,H2324,H2324_T328,5494,H2324_all_pdbs/Model_2107_cf_woTemplates_model_1_multimer_v2_pred_31.pdb,Model_2107_cf_woTemplates_model_1_multimer_v2_pred_31.pdb,2107,CF,cf_woTemplates_multimer_v2,,1,31,cf_woTemplates_v2,,False,casp17/massivefold_external_pool_intake/h2324_t328/extracted_models/H2324_all_pdbs/Model_2107_cf_woTemplates_model_1_multimer_v2_pred_31.pdb,awaiting_extract,"MassiveFold model pool index only. It parses organizer-provided external model tarball listings and stages balanced extraction/rerank candidates. These models remain external rerank and accuracy-estimation inputs, not internal predictions, not CASP submissions, and not competitive-proof evidence."
2,H2324,H2324_T328,5624,H2324_all_pdbs/Model_4225_cf_woTemplates_model_3_multimer_v2_pred_35.pdb,Model_4225_cf_woTemplates_model_3_multimer_v2_pred_35.pdb,4225,CF,cf_woTemplates_multimer_v2,,3,35,cf_woTemplates_v2,,False,casp17/massivefold_external_pool_intake/h2324_t328/extracted_models/H2324_all_pdbs/Model_4225_cf_woTemplates_model_3_multimer_v2_pred_35.pdb,awaiting_extract,"MassiveFold model pool index only. It parses organizer-provided external model tarball listings and stages balanced extraction/rerank candidates. These models remain external rerank and accuracy-estimation inputs, not internal predictions, not CASP submissions, and not competitive-proof evidence."
2,H2324,H2324_T328,5764,H2324_all_pdbs/Model_3591_cf_woTemplates_model_4_multimer_v2_pred_3.pdb,Model_3591_cf_woTemplates_model_4_multimer_v2_pred_3.pdb,3591,CF,cf_woTemplates_multimer_v2,,4,3,cf_woTemplates_v2,,False,casp17/massivefold_external_pool_intake/h2324_t328/extracted_models/H2324_all_pdbs/Model_3591_cf_woTemplates_model_4_multimer_v2_pred_3.pdb,awaiting_extract,"MassiveFold model pool index only. It parses organizer-provided external model tarball listings and stages balanced extraction/rerank candidates. These models remain external rerank and accuracy-estimation inputs, not internal predictions, not CASP submissions, and not competitive-proof evidence."
2,H2324,H2324_T328,5811,H2324_all_pdbs/Model_4332_cf_woTemplates_model_5_multimer_v2_pred_36.pdb,Model_4332_cf_woTemplates_model_5_multimer_v2_pred_36.pdb,4332,CF,cf_woTemplates_multimer_v2,,5,36,cf_woTemplates_v2,,False,casp17/massivefold_external_pool_intake/h2324_t328/extracted_models/H2324_all_pdbs/Model_4332_cf_woTemplates_model_5_multimer_v2_pred_36.pdb,awaiting_extract,"MassiveFold model pool index only. It parses organizer-provided external model tarball listings and stages balanced extraction/rerank candidates. These models remain external rerank and accuracy-estimation inputs, not internal predictions, not CASP submissions, and not competitive-proof evidence."
2,H2324,H2324_T328,5918,H2324_all_pdbs/Model_4020_cf_woTemplates_model_2_multimer_v2_pred_10.pdb,Model_4020_cf_woTemplates_model_2_multimer_v2_pred_10.pdb,4020,CF,cf_woTemplates_multimer_v2,,2,10,cf_woTemplates_v2,,False,casp17/massivefold_external_pool_intake/h2324_t328/extracted_models/H2324_all_pdbs/Model_4020_cf_woTemplates_model_2_multimer_v2_pred_10.pdb,awaiting_extract,"MassiveFold model pool index only. It parses organizer-provided external model tarball listings and stages balanced extraction/rerank candidates. These models remain external rerank and accuracy-estimation inputs, not internal predictions, not CASP submissions, and not competitive-proof evidence."
2,H2324,H2324_T328,6069,H2324_all_pdbs/Model_5830_cf_woTemplates_model_2_multimer_v2_pred_40.pdb,Model_5830_cf_woTemplates_model_2_multimer_v2_pred_40.pdb,5830,CF,cf_woTemplates_multimer_v2,,2,40,cf_woTemplates_v2,,False,casp17/massivefold_external_pool_intake/h2324_t328/extracted_models/H2324_all_pdbs/Model_5830_cf_woTemplates_model_2_multimer_v2_pred_40.pdb,awaiting_extract,"MassiveFold model pool index only. It parses organizer-provided external model tarball listings and stages balanced extraction/rerank candidates. These models remain external rerank and accuracy-estimation inputs, not internal predictions, not CASP submissions, and not competitive-proof evidence."
2,H2324,H2324_T328,6073,H2324_all_pdbs/Model_3263_cf_woTemplates_model_2_multimer_v2_pred_42.pdb,Model_3263_cf_woTemplates_model_2_multimer_v2_pred_42.pdb,3263,CF,cf_woTemplates_multimer_v2,,2,42,cf_woTemplates_v2,,False,casp17/massivefold_external_pool_intake/h2324_t328/extracted_models/H2324_all_pdbs/Model_3263_cf_woTemplates_model_2_multimer_v2_pred_42.pdb,awaiting_extract,"MassiveFold model pool index only. It parses organizer-provided external model tarball listings and stages balanced extraction/rerank candidates. These models remain external rerank and accuracy-estimation inputs, not internal predictions, not CASP submissions, and not competitive-proof evidence."
2,H2324,H2324_T328,6097,H2324_all_pdbs/Model_1266_cf_woTemplates_model_1_multimer_v2_pred_49.pdb,Model_1266_cf_woTemplates_model_1_multimer_v2_pred_49.pdb,1266,CF,cf_woTemplates_multimer_v2,,1,49,cf_woTemplates_v2,,False,casp17/massivefold_external_pool_intake/h2324_t328/extracted_models/H2324_all_pdbs/Model_1266_cf_woTemplates_model_1_multimer_v2_pred_49.pdb,awaiting_extract,"MassiveFold model pool index only. It parses organizer-provided external model tarball listings and stages balanced extraction/rerank candidates. These models remain external rerank and accuracy-estimation inputs, not internal predictions, not CASP submissions, and not competitive-proof evidence."
2,H2324,H2324_T328,6132,H2324_all_pdbs/Model_882_cf_woTemplates_model_1_multimer_v2_pred_6.pdb,Model_882_cf_woTemplates_model_1_multimer_v2_pred_6.pdb,882,CF,cf_woTemplates_multimer_v2,,1,6,cf_woTemplates_v2,,False,casp17/massivefold_external_pool_intake/h2324_t328/extracted_models/H2324_all_pdbs/Model_882_cf_woTemplates_model_1_multimer_v2_pred_6.pdb,awaiting_extract,"MassiveFold model pool index only. It parses organizer-provided external model tarball listings and stages balanced extraction/rerank candidates. These models remain external rerank and accuracy-estimation inputs, not internal predictions, not CASP submissions, and not competitive-proof evidence."
2,H2324,H2324_T328,6139,H2324_all_pdbs/Model_6572_cf_woTemplates_model_3_multimer_v2_pred_28.pdb,Model_6572_cf_woTemplates_model_3_multimer_v2_pred_28.pdb,6572,CF,cf_woTemplates_multimer_v2,,3,28,cf_woTemplates_v2,,False,casp17/massivefold_external_pool_intake/h2324_t328/extracted_models/H2324_all_pdbs/Model_6572_cf_woTemplates_model_3_multimer_v2_pred_28.pdb,awaiting_extract,"MassiveFold model pool index only. It parses organizer-provided external model tarball listings and stages balanced extraction/rerank candidates. These models remain external rerank and accuracy-estimation inputs, not internal predictions, not CASP submissions, and not competitive-proof evidence."
2,H2324,H2324_T328,6140,H2324_all_pdbs/Model_1311_cf_woTemplates_model_1_multimer_v2_pred_48.pdb,Model_1311_cf_woTemplates_model_1_multimer_v2_pred_48.pdb,1311,CF,cf_woTemplates_multimer_v2,,1,48,cf_woTemplates_v2,,False,casp17/massivefold_external_pool_intake/h2324_t328/extracted_models/H2324_all_pdbs/Model_1311_cf_woTemplates_model_1_multimer_v2_pred_48.pdb,awaiting_extract,"MassiveFold model pool index only. It parses organizer-provided external model tarball listings and stages balanced extraction/rerank candidates. These models remain external rerank and accuracy-estimation inputs, not internal predictions, not CASP submissions, and not competitive-proof evidence."
2,H2324,H2324_T328,6147,H2324_all_pdbs/Model_800_cf_woTemplates_model_1_multimer_v2_pred_34.pdb,Model_800_cf_woTemplates_model_1_multimer_v2_pred_34.pdb,800,CF,cf_woTemplates_multimer_v2,,1,34,cf_woTemplates_v2,,False,casp17/massivefold_external_pool_intake/h2324_t328/extracted_models/H2324_all_pdbs/Model_800_cf_woTemplates_model_1_multimer_v2_pred_34.pdb,awaiting_extract,"MassiveFold model pool index only. It parses organizer-provided external model tarball listings and stages balanced extraction/rerank candidates. These models remain external rerank and accuracy-estimation inputs, not internal predictions, not CASP submissions, and not competitive-proof evidence."
2,H2324,H2324_T328,6156,H2324_all_pdbs/Model_4303_cf_woTemplates_model_4_multimer_v2_pred_13.pdb,Model_4303_cf_woTemplates_model_4_multimer_v2_pred_13.pdb,4303,CF,cf_woTemplates_multimer_v2,,4,13,cf_woTemplates_v2,,False,casp17/massivefold_external_pool_intake/h2324_t328/extracted_models/H2324_all_pdbs/Model_4303_cf_woTemplates_model_4_multimer_v2_pred_13.pdb,awaiting_extract,"MassiveFold model pool index only. It parses organizer-provided external model tarball listings and stages balanced extraction/rerank candidates. These models remain external rerank and accuracy-estimation inputs, not internal predictions, not CASP submissions, and not competitive-proof evidence."
2,H2324,H2324_T328,6244,H2324_all_pdbs/Model_4545_cf_woTemplates_model_4_multimer_v2_pred_24.pdb,Model_4545_cf_woTemplates_model_4_multimer_v2_pred_24.pdb,4545,CF,cf_woTemplates_multimer_v2,,4,24,cf_woTemplates_v2,,False,casp17/massivefold_external_pool_intake/h2324_t328/extracted_models/H2324_all_pdbs/Model_4545_cf_woTemplates_model_4_multimer_v2_pred_24.pdb,awaiting_extract,"MassiveFold model pool index only. It parses organizer-provided external model tarball listings and stages balanced extraction/rerank candidates. These models remain external rerank and accuracy-estimation inputs, not internal predictions, not CASP submissions, and not competitive-proof evidence."
2,H2324,H2324_T328,6265,H2324_all_pdbs/Model_3841_cf_woTemplates_model_5_multimer_v2_pred_54.pdb,Model_3841_cf_woTemplates_model_5_multimer_v2_pred_54.pdb,3841,CF,cf_woTemplates_multimer_v2,,5,54,cf_woTemplates_v2,,False,casp17/massivefold_external_pool_intake/h2324_t328/extracted_models/H2324_all_pdbs/Model_3841_cf_woTemplates_model_5_multimer_v2_pred_54.pdb,awaiting_extract,"MassiveFold model pool index only. It parses organizer-provided external model tarball listings and stages balanced extraction/rerank candidates. These models remain external rerank and accuracy-estimation inputs, not internal predictions, not CASP submissions, and not competitive-proof evidence."
2,H2324,H2324_T328,6270,H2324_all_pdbs/Model_2911_cf_woTemplates_model_4_multimer_v2_pred_42.pdb,Model_2911_cf_woTemplates_model_4_multimer_v2_pred_42.pdb,2911,CF,cf_woTemplates_multimer_v2,,4,42,cf_woTemplates_v2,,False,casp17/massivefold_external_pool_intake/h2324_t328/extracted_models/H2324_all_pdbs/Model_2911_cf_woTemplates_model_4_multimer_v2_pred_42.pdb,awaiting_extract,"MassiveFold model pool index only. It parses organizer-provided external model tarball listings and stages balanced extraction/rerank candidates. These models remain external rerank and accuracy-estimation inputs, not internal predictions, not CASP submissions, and not competitive-proof evidence."
2,H2324,H2324_T328,6393,H2324_all_pdbs/Model_1276_cf_woTemplates_model_1_multimer_v2_pred_0.pdb,Model_1276_cf_woTemplates_model_1_multimer_v2_pred_0.pdb,1276,CF,cf_woTemplates_multimer_v2,,1,0,cf_woTemplates_v2,,False,casp17/massivefold_external_pool_intake/h2324_t328/extracted_models/H2324_all_pdbs/Model_1276_cf_woTemplates_model_1_multimer_v2_pred_0.pdb,awaiting_extract,"MassiveFold model pool index only. It parses organizer-provided external model tarball listings and stages balanced extraction/rerank candidates. These models remain external rerank and accuracy-estimation inputs, not internal predictions, not CASP submissions, and not competitive-proof evidence."
2,H2324,H2324_T328,6466,H2324_all_pdbs/Model_2053_cf_woTemplates_model_2_multimer_v2_pred_25.pdb,Model_2053_cf_woTemplates_model_2_multimer_v2_pred_25.pdb,2053,CF,cf_woTemplates_multimer_v2,,2,25,cf_woTemplates_v2,,False,casp17/massivefold_external_pool_intake/h2324_t328/extracted_models/H2324_all_pdbs/Model_2053_cf_woTemplates_model_2_multimer_v2_pred_25.pdb,awaiting_extract,"MassiveFold model pool index only. It parses organizer-provided external model tarball listings and stages balanced extraction/rerank candidates. These models remain external rerank and accuracy-estimation inputs, not internal predictions, not CASP submissions, and not competitive-proof evidence."
2,H2324,H2324_T328,6498,H2324_all_pdbs/Model_6337_cf_woTemplates_model_3_multimer_v2_pred_61.pdb,Model_6337_cf_woTemplates_model_3_multimer_v2_pred_61.pdb,6337,CF,cf_woTemplates_multimer_v2,,3,61,cf_woTemplates_v2,,False,casp17/massivefold_external_pool_intake/h2324_t328/extracted_models/H2324_all_pdbs/Model_6337_cf_woTemplates_model_3_multimer_v2_pred_61.pdb,awaiting_extract,"MassiveFold model pool index only. It parses organizer-provided external model tarball listings and stages balanced extraction/rerank candidates. These models remain external rerank and accuracy-estimation inputs, not internal predictions, not CASP submissions, and not competitive-proof evidence."
2,H2324,H2324_T328,6506,H2324_all_pdbs/Model_4738_cf_woTemplates_model_5_multimer_v2_pred_39.pdb,Model_4738_cf_woTemplates_model_5_multimer_v2_pred_39.pdb,4738,CF,cf_woTemplates_multimer_v2,,5,39,cf_woTemplates_v2,,False,casp17/massivefold_external_pool_intake/h2324_t328/extracted_models/H2324_all_pdbs/Model_4738_cf_woTemplates_model_5_multimer_v2_pred_39.pdb,awaiting_extract,"MassiveFold model pool index only. It parses organizer-provided external model tarball listings and stages balanced extraction/rerank candidates. These models remain external rerank and accuracy-estimation inputs, not internal predictions, not CASP submissions, and not competitive-proof evidence."
2,H2324,H2324_T328,6539,H2324_all_pdbs/Model_116_cf_woTemplates_model_1_multimer_v2_pred_9.pdb,Model_116_cf_woTemplates_model_1_multimer_v2_pred_9.pdb,116,CF,cf_woTemplates_multimer_v2,,1,9,cf_woTemplates_v2,63,True,casp17/massivefold_external_pool_intake/h2324_t328/extracted_models/H2324_all_pdbs/Model_116_cf_woTemplates_model_1_multimer_v2_pred_9.pdb,extracted,"MassiveFold model pool index only. It parses organizer-provided external model tarball listings and stages balanced extraction/rerank candidates. These models remain external rerank and accuracy-estimation inputs, not internal predictions, not CASP submissions, and not competitive-proof evidence."
2,H2324,H2324_T328,6564,H2324_all_pdbs/Model_2659_cf_woTemplates_model_4_multimer_v2_pred_20.pdb,Model_2659_cf_woTemplates_model_4_multimer_v2_pred_20.pdb,2659,CF,cf_woTemplates_multimer_v2,,4,20,cf_woTemplates_v2,,False,casp17/massivefold_external_pool_intake/h2324_t328/extracted_models/H2324_all_pdbs/Model_2659_cf_woTemplates_model_4_multimer_v2_pred_20.pdb,awaiting_extract,"MassiveFold model pool index only. It parses organizer-provided external model tarball listings and stages balanced extraction/rerank candidates. These models remain external rerank and accuracy-estimation inputs, not internal predictions, not CASP submissions, and not competitive-proof evidence."
2,H2324,H2324_T328,6600,H2324_all_pdbs/Model_3896_cf_woTemplates_model_5_multimer_v2_pred_45.pdb,Model_3896_cf_woTemplates_model_5_multimer_v2_pred_45.pdb,3896,CF,cf_woTemplates_multimer_v2,,5,45,cf_woTemplates_v2,,False,casp17/massivefold_external_pool_intake/h2324_t328/extracted_models/H2324_all_pdbs/Model_3896_cf_woTemplates_model_5_multimer_v2_pred_45.pdb,awaiting_extract,"MassiveFold model pool index only. It parses organizer-provided external model tarball listings and stages balanced extraction/rerank candidates. These models remain external rerank and accuracy-estimation inputs, not internal predictions, not CASP submissions, and not competitive-proof evidence."
2,H2324,H2324_T328,6650,H2324_all_pdbs/Model_5755_cf_woTemplates_model_2_multimer_v2_pred_61.pdb,Model_5755_cf_woTemplates_model_2_multimer_v2_pred_61.pdb,5755,CF,cf_woTemplates_multimer_v2,,2,61,cf_woTemplates_v2,,False,casp17/massivefold_external_pool_intake/h2324_t328/extracted_models/H2324_all_pdbs/Model_5755_cf_woTemplates_model_2_multimer_v2_pred_61.pdb,awaiting_extract,"MassiveFold model pool index only. It parses organizer-provided external model tarball listings and stages balanced extraction/rerank candidates. These models remain external rerank and accuracy-estimation inputs, not internal predictions, not CASP submissions, and not competitive-proof evidence."
2,H2324,H2324_T328,6653,H2324_all_pdbs/Model_4004_cf_woTemplates_model_3_multimer_v2_pred_37.pdb,Model_4004_cf_woTemplates_model_3_multimer_v2_pred_37.pdb,4004,CF,cf_woTemplates_multimer_v2,,3,37,cf_woTemplates_v2,,False,casp17/massivefold_external_pool_intake/h2324_t328/extracted_models/H2324_all_pdbs/Model_4004_cf_woTemplates_model_3_multimer_v2_pred_37.pdb,awaiting_extract,"MassiveFold model pool index only. It parses organizer-provided external model tarball listings and stages balanced extraction/rerank candidates. These models remain external rerank and accuracy-estimation inputs, not internal predictions, not CASP submissions, and not competitive-proof evidence."
2,H2324,H2324_T328,6716,H2324_all_pdbs/Model_5150_cf_woTemplates_model_4_multimer_v2_pred_45.pdb,Model_5150_cf_woTemplates_model_4_multimer_v2_pred_45.pdb,5150,CF,cf_woTemplates_multimer_v2,,4,45,cf_woTemplates_v2,,False,casp17/massivefold_external_pool_intake/h2324_t328/extracted_models/H2324_all_pdbs/Model_5150_cf_woTemplates_model_4_multimer_v2_pred_45.pdb,awaiting_extract,"MassiveFold model pool index only. It parses organizer-provided external model tarball listings and stages balanced extraction/rerank candidates. These models remain external rerank and accuracy-estimation inputs, not internal predictions, not CASP submissions, and not competitive-proof evidence."
2,H2324,H2324_T328,6725,H2324_all_pdbs/Model_4780_cf_woTemplates_model_3_multimer_v2_pred_33.pdb,Model_4780_cf_woTemplates_model_3_multimer_v2_pred_33.pdb,4780,CF,cf_woTemplates_multimer_v2,,3,33,cf_woTemplates_v2,,False,casp17/massivefold_external_pool_intake/h2324_t328/extracted_models/H2324_all_pdbs/Model_4780_cf_woTemplates_model_3_multimer_v2_pred_33.pdb,awaiting_extract,"MassiveFold model pool index only. It parses organizer-provided external model tarball listings and stages balanced extraction/rerank candidates. These models remain external rerank and accuracy-estimation inputs, not internal predictions, not CASP submissions, and not competitive-proof evidence."
2,H2324,H2324_T328,6740,H2324_all_pdbs/Model_7366_cf_woTemplates_model_3_multimer_v2_pred_21.pdb,Model_7366_cf_woTemplates_model_3_multimer_v2_pred_21.pdb,7366,CF,cf_woTemplates_multimer_v2,,3,21,cf_woTemplates_v2,,False,casp17/massivefold_external_pool_intake/h2324_t328/extracted_models/H2324_all_pdbs/Model_7366_cf_woTemplates_model_3_multimer_v2_pred_21.pdb,awaiting_extract,"MassiveFold model pool index only. It parses organizer-provided external model tarball listings and stages balanced extraction/rerank candidates. These models remain external rerank and accuracy-estimation inputs, not internal predictions, not CASP submissions, and not competitive-proof evidence."
2,H2324,H2324_T328,6799,H2324_all_pdbs/Model_3184_cf_woTemplates_model_5_multimer_v2_pred_49.pdb,Model_3184_cf_woTemplates_model_5_multimer_v2_pred_49.pdb,3184,CF,cf_woTemplates_multimer_v2,,5,49,cf_woTemplates_v2,,False,casp17/massivefold_external_pool_intake/h2324_t328/extracted_models/H2324_all_pdbs/Model_3184_cf_woTemplates_model_5_multimer_v2_pred_49.pdb,awaiting_extract,"MassiveFold model pool index only. It parses organizer-provided external model tarball listings and stages balanced extraction/rerank candidates. These models remain external rerank and accuracy-estimation inputs, not internal predictions, not CASP submissions, and not competitive-proof evidence."
2,H2324,H2324_T328,6857,H2324_all_pdbs/Model_7343_cf_woTemplates_model_3_multimer_v2_pred_65.pdb,Model_7343_cf_woTemplates_model_3_multimer_v2_pred_65.pdb,7343,CF,cf_woTemplates_multimer_v2,,3,65,cf_woTemplates_v2,,False,casp17/massivefold_external_pool_intake/h2324_t328/extracted_models/H2324_all_pdbs/Model_7343_cf_woTemplates_model_3_multimer_v2_pred_65.pdb,awaiting_extract,"MassiveFold model pool index only. It parses organizer-provided external model tarball listings and stages balanced extraction/rerank candidates. These models remain external rerank and accuracy-estimation inputs, not internal predictions, not CASP submissions, and not competitive-proof evidence."
2,H2324,H2324_T328,6880,H2324_all_pdbs/Model_2757_cf_woTemplates_model_2_multimer_v2_pred_11.pdb,Model_2757_cf_woTemplates_model_2_multimer_v2_pred_11.pdb,2757,CF,cf_woTemplates_multimer_v2,,2,11,cf_woTemplates_v2,,False,casp17/massivefold_external_pool_intake/h2324_t328/extracted_models/H2324_all_pdbs/Model_2757_cf_woTemplates_model_2_multimer_v2_pred_11.pdb,awaiting_extract,"MassiveFold model pool index only. It parses organizer-provided external model tarball listings and stages balanced extraction/rerank candidates. These models remain external rerank and accuracy-estimation inputs, not internal predictions, not CASP submissions, and not competitive-proof evidence."
2,H2324,H2324_T328,6940,H2324_all_pdbs/Model_3859_cf_woTemplates_model_5_multimer_v2_pred_64.pdb,Model_3859_cf_woTemplates_model_5_multimer_v2_pred_64.pdb,3859,CF,cf_woTemplates_multimer_v2,,5,64,cf_woTemplates_v2,,False,casp17/massivefold_external_pool_intake/h2324_t328/extracted_models/H2324_all_pdbs/Model_3859_cf_woTemplates_model_5_multimer_v2_pred_64.pdb,awaiting_extract,"MassiveFold model pool index only. It parses organizer-provided external model tarball listings and stages balanced extraction/rerank candidates. These models remain external rerank and accuracy-estimation inputs, not internal predictions, not CASP submissions, and not competitive-proof evidence."
2,H2324,H2324_T328,6956,H2324_all_pdbs/Model_3754_cf_woTemplates_model_5_multimer_v2_pred_66.pdb,Model_3754_cf_woTemplates_model_5_multimer_v2_pred_66.pdb,3754,CF,cf_woTemplates_multimer_v2,,5,66,cf_woTemplates_v2,,False,casp17/massivefold_external_pool_intake/h2324_t328/extracted_models/H2324_all_pdbs/Model_3754_cf_woTemplates_model_5_multimer_v2_pred_66.pdb,awaiting_extract,"MassiveFold model pool index only. It parses organizer-provided external model tarball listings and stages balanced extraction/rerank candidates. These models remain external rerank and accuracy-estimation inputs, not internal predictions, not CASP submissions, and not competitive-proof evidence."
2,H2324,H2324_T328,6991,H2324_all_pdbs/Model_6073_cf_woTemplates_model_3_multimer_v2_pred_19.pdb,Model_6073_cf_woTemplates_model_3_multimer_v2_pred_19.pdb,6073,CF,cf_woTemplates_multimer_v2,,3,19,cf_woTemplates_v2,,False,casp17/massivefold_external_pool_intake/h2324_t328/extracted_models/H2324_all_pdbs/Model_6073_cf_woTemplates_model_3_multimer_v2_pred_19.pdb,awaiting_extract,"MassiveFold model pool index only. It parses organizer-provided external model tarball listings and stages balanced extraction/rerank candidates. These models remain external rerank and accuracy-estimation inputs, not internal predictions, not CASP submissions, and not competitive-proof evidence."
2,H2324,H2324_T328,7012,H2324_all_pdbs/Model_3282_cf_woTemplates_model_5_multimer_v2_pred_48.pdb,Model_3282_cf_woTemplates_model_5_multimer_v2_pred_48.pdb,3282,CF,cf_woTemplates_multimer_v2,,5,48,cf_woTemplates_v2,,False,casp17/massivefold_external_pool_intake/h2324_t328/extracted_models/H2324_all_pdbs/Model_3282_cf_woTemplates_model_5_multimer_v2_pred_48.pdb,awaiting_extract,"MassiveFold model pool index only. It parses organizer-provided external model tarball listings and stages balanced extraction/rerank candidates. These models remain external rerank and accuracy-estimation inputs, not internal predictions, not CASP submissions, and not competitive-proof evidence."
2,H2324,H2324_T328,7019,H2324_all_pdbs/Model_2686_cf_woTemplates_model_4_multimer_v2_pred_59.pdb,Model_2686_cf_woTemplates_model_4_multimer_v2_pred_59.pdb,2686,CF,cf_woTemplates_multimer_v2,,4,59,cf_woTemplates_v2,,False,casp17/massivefold_external_pool_intake/h2324_t328/extracted_models/H2324_all_pdbs/Model_2686_cf_woTemplates_model_4_multimer_v2_pred_59.pdb,awaiting_extract,"MassiveFold model pool index only. It parses organizer-provided external model tarball listings and stages balanced extraction/rerank candidates. These models remain external rerank and accuracy-estimation inputs, not internal predictions, not CASP submissions, and not competitive-proof evidence."
2,H2324,H2324_T328,7064,H2324_all_pdbs/Model_2048_cf_woTemplates_model_1_multimer_v2_pred_60.pdb,Model_2048_cf_woTemplates_model_1_multimer_v2_pred_60.pdb,2048,CF,cf_woTemplates_multimer_v2,,1,60,cf_woTemplates_v2,,False,casp17/massivefold_external_pool_intake/h2324_t328/extracted_models/H2324_all_pdbs/Model_2048_cf_woTemplates_model_1_multimer_v2_pred_60.pdb,awaiting_extract,"MassiveFold model pool index only. It parses organizer-provided external model tarball listings and stages balanced extraction/rerank candidates. These models remain external rerank and accuracy-estimation inputs, not internal predictions, not CASP submissions, and not competitive-proof evidence."
2,H2324,H2324_T328,7116,H2324_all_pdbs/Model_4543_cf_woTemplates_model_3_multimer_v2_pred_16.pdb,Model_4543_cf_woTemplates_model_3_multimer_v2_pred_16.pdb,4543,CF,cf_woTemplates_multimer_v2,,3,16,cf_woTemplates_v2,,False,casp17/massivefold_external_pool_intake/h2324_t328/extracted_models/H2324_all_pdbs/Model_4543_cf_woTemplates_model_3_multimer_v2_pred_16.pdb,awaiting_extract,"MassiveFold model pool index only. It parses organizer-provided external model tarball listings and stages balanced extraction/rerank candidates. These models remain external rerank and accuracy-estimation inputs, not internal predictions, not CASP submissions, and not competitive-proof evidence."
2,H2324,H2324_T328,7140,H2324_all_pdbs/Model_5836_cf_woTemplates_model_2_multimer_v2_pred_62.pdb,Model_5836_cf_woTemplates_model_2_multimer_v2_pred_62.pdb,5836,CF,cf_woTemplates_multimer_v2,,2,62,cf_woTemplates_v2,,False,casp17/massivefold_external_pool_intake/h2324_t328/extracted_models/H2324_all_pdbs/Model_5836_cf_woTemplates_model_2_multimer_v2_pred_62.pdb,awaiting_extract,"MassiveFold model pool index only. It parses organizer-provided external model tarball listings and stages balanced extraction/rerank candidates. These models remain external rerank and accuracy-estimation inputs, not internal predictions, not CASP submissions, and not competitive-proof evidence."
2,H2324,H2324_T328,7178,H2324_all_pdbs/Model_5155_cf_woTemplates_model_2_multimer_v2_pred_7.pdb,Model_5155_cf_woTemplates_model_2_multimer_v2_pred_7.pdb,5155,CF,cf_woTemplates_multimer_v2,,2,7,cf_woTemplates_v2,,False,casp17/massivefold_external_pool_intake/h2324_t328/extracted_models/H2324_all_pdbs/Model_5155_cf_woTemplates_model_2_multimer_v2_pred_7.pdb,awaiting_extract,"MassiveFold model pool index only. It parses organizer-provided external model tarball listings and stages balanced extraction/rerank candidates. These models remain external rerank and accuracy-estimation inputs, not internal predictions, not CASP submissions, and not competitive-proof evidence."
2,H2324,H2324_T328,7184,H2324_all_pdbs/Model_3762_cf_woTemplates_model_5_multimer_v2_pred_1.pdb,Model_3762_cf_woTemplates_model_5_multimer_v2_pred_1.pdb,3762,CF,cf_woTemplates_multimer_v2,,5,1,cf_woTemplates_v2,,False,casp17/massivefold_external_pool_intake/h2324_t328/extracted_models/H2324_all_pdbs/Model_3762_cf_woTemplates_model_5_multimer_v2_pred_1.pdb,awaiting_extract,"MassiveFold model pool index only. It parses organizer-provided external model tarball listings and stages balanced extraction/rerank candidates. These models remain external rerank and accuracy-estimation inputs, not internal predictions, not CASP submissions, and not competitive-proof evidence."
2,H2324,H2324_T328,7225,H2324_all_pdbs/Model_477_cf_woTemplates_model_1_multimer_v2_pred_59.pdb,Model_477_cf_woTemplates_model_1_multimer_v2_pred_59.pdb,477,CF,cf_woTemplates_multimer_v2,,1,59,cf_woTemplates_v2,,False,casp17/massivefold_external_pool_intake/h2324_t328/extracted_models/H2324_all_pdbs/Model_477_cf_woTemplates_model_1_multimer_v2_pred_59.pdb,awaiting_extract,"MassiveFold model pool index only. It parses organizer-provided external model tarball listings and stages balanced extraction/rerank candidates. These models remain external rerank and accuracy-estimation inputs, not internal predictions, not CASP submissions, and not competitive-proof evidence."
2,H2324,H2324_T328,7237,H2324_all_pdbs/Model_6077_cf_woTemplates_model_3_multimer_v2_pred_56.pdb,Model_6077_cf_woTemplates_model_3_multimer_v2_pred_56.pdb,6077,CF,cf_woTemplates_multimer_v2,,3,56,cf_woTemplates_v2,,False,casp17/massivefold_external_pool_intake/h2324_t328/extracted_models/H2324_all_pdbs/Model_6077_cf_woTemplates_model_3_multimer_v2_pred_56.pdb,awaiting_extract,"MassiveFold model pool index only. It parses organizer-provided external model tarball listings and stages balanced extraction/rerank candidates. These models remain external rerank and accuracy-estimation inputs, not internal predictions, not CASP submissions, and not competitive-proof evidence."
2,H2324,H2324_T328,7266,H2324_all_pdbs/Model_156_cf_woTemplates_model_1_multimer_v2_pred_28.pdb,Model_156_cf_woTemplates_model_1_multimer_v2_pred_28.pdb,156,CF,cf_woTemplates_multimer_v2,,1,28,cf_woTemplates_v2,,False,casp17/massivefold_external_pool_intake/h2324_t328/extracted_models/H2324_all_pdbs/Model_156_cf_woTemplates_model_1_multimer_v2_pred_28.pdb,awaiting_extract,"MassiveFold model pool index only. It parses organizer-provided external model tarball listings and stages balanced extraction/rerank candidates. These models remain external rerank and accuracy-estimation inputs, not internal predictions, not CASP submissions, and not competitive-proof evidence."
2,H2324,H2324_T328,7285,H2324_all_pdbs/Model_2844_cf_woTemplates_model_2_multimer_v2_pred_14.pdb,Model_2844_cf_woTemplates_model_2_multimer_v2_pred_14.pdb,2844,CF,cf_woTemplates_multimer_v2,,2,14,cf_woTemplates_v2,,False,casp17/massivefold_external_pool_intake/h2324_t328/extracted_models/H2324_all_pdbs/Model_2844_cf_woTemplates_model_2_multimer_v2_pred_14.pdb,awaiting_extract,"MassiveFold model pool index only. It parses organizer-provided external model tarball listings and stages balanced extraction/rerank candidates. These models remain external rerank and accuracy-estimation inputs, not internal predictions, not CASP submissions, and not competitive-proof evidence."
2,H2324,H2324_T328,7293,H2324_all_pdbs/Model_6351_cf_woTemplates_model_2_multimer_v2_pred_16.pdb,Model_6351_cf_woTemplates_model_2_multimer_v2_pred_16.pdb,6351,CF,cf_woTemplates_multimer_v2,,2,16,cf_woTemplates_v2,,False,casp17/massivefold_external_pool_intake/h2324_t328/extracted_models/H2324_all_pdbs/Model_6351_cf_woTemplates_model_2_multimer_v2_pred_16.pdb,awaiting_extract,"MassiveFold model pool index only. It parses organizer-provided external model tarball listings and stages balanced extraction/rerank candidates. These models remain external rerank and accuracy-estimation inputs, not internal predictions, not CASP submissions, and not competitive-proof evidence."
2,H2324,H2324_T328,7495,H2324_all_pdbs/Model_3291_cf_woTemplates_model_5_multimer_v2_pred_52.pdb,Model_3291_cf_woTemplates_model_5_multimer_v2_pred_52.pdb,3291,CF,cf_woTemplates_multimer_v2,,5,52,cf_woTemplates_v2,,False,casp17/massivefold_external_pool_intake/h2324_t328/extracted_models/H2324_all_pdbs/Model_3291_cf_woTemplates_model_5_multimer_v2_pred_52.pdb,awaiting_extract,"MassiveFold model pool index only. It parses organizer-provided external model tarball listings and stages balanced extraction/rerank candidates. These models remain external rerank and accuracy-estimation inputs, not internal predictions, not CASP submissions, and not competitive-proof evidence."
2,H2324,H2324_T328,7524,H2324_all_pdbs/Model_2795_cf_woTemplates_model_4_multimer_v2_pred_39.pdb,Model_2795_cf_woTemplates_model_4_multimer_v2_pred_39.pdb,2795,CF,cf_woTemplates_multimer_v2,,4,39,cf_woTemplates_v2,,False,casp17/massivefold_external_pool_intake/h2324_t328/extracted_models/H2324_all_pdbs/Model_2795_cf_woTemplates_model_4_multimer_v2_pred_39.pdb,awaiting_extract,"MassiveFold model pool index only. It parses organizer-provided external model tarball listings and stages balanced extraction/rerank candidates. These models remain external rerank and accuracy-estimation inputs, not internal predictions, not CASP submissions, and not competitive-proof evidence."
2,H2324,H2324_T328,7556,H2324_all_pdbs/Model_2411_cf_woTemplates_model_2_multimer_v2_pred_34.pdb,Model_2411_cf_woTemplates_model_2_multimer_v2_pred_34.pdb,2411,CF,cf_woTemplates_multimer_v2,,2,34,cf_woTemplates_v2,,False,casp17/massivefold_external_pool_intake/h2324_t328/extracted_models/H2324_all_pdbs/Model_2411_cf_woTemplates_model_2_multimer_v2_pred_34.pdb,awaiting_extract,"MassiveFold model pool index only. It parses organizer-provided external model tarball listings and stages balanced extraction/rerank candidates. These models remain external rerank and accuracy-estimation inputs, not internal predictions, not CASP submissions, and not competitive-proof evidence."
2,H2324,H2324_T328,7583,H2324_all_pdbs/Model_198_cf_woTemplates_model_1_multimer_v2_pred_42.pdb,Model_198_cf_woTemplates_model_1_multimer_v2_pred_42.pdb,198,CF,cf_woTemplates_multimer_v2,,1,42,cf_woTemplates_v2,,False,casp17/massivefold_external_pool_intake/h2324_t328/extracted_models/H2324_all_pdbs/Model_198_cf_woTemplates_model_1_multimer_v2_pred_42.pdb,awaiting_extract,"MassiveFold model pool index only. It parses organizer-provided external model tarball listings and stages balanced extraction/rerank candidates. These models remain external rerank and accuracy-estimation inputs, not internal predictions, not CASP submissions, and not competitive-proof evidence."
2,H2324,H2324_T328,7612,H2324_all_pdbs/Model_3185_cf_woTemplates_model_2_multimer_v2_pred_26.pdb,Model_3185_cf_woTemplates_model_2_multimer_v2_pred_26.pdb,3185,CF,cf_woTemplates_multimer_v2,,2,26,cf_woTemplates_v2,,False,casp17/massivefold_external_pool_intake/h2324_t328/extracted_models/H2324_all_pdbs/Model_3185_cf_woTemplates_model_2_multimer_v2_pred_26.pdb,awaiting_extract,"MassiveFold model pool index only. It parses organizer-provided external model tarball listings and stages balanced extraction/rerank candidates. These models remain external rerank and accuracy-estimation inputs, not internal predictions, not CASP submissions, and not competitive-proof evidence."
2,H2324,H2324_T328,7677,H2324_all_pdbs/Model_2335_cf_woTemplates_model_4_multimer_v2_pred_29.pdb,Model_2335_cf_woTemplates_model_4_multimer_v2_pred_29.pdb,2335,CF,cf_woTemplates_multimer_v2,,4,29,cf_woTemplates_v2,,False,casp17/massivefold_external_pool_intake/h2324_t328/extracted_models/H2324_all_pdbs/Model_2335_cf_woTemplates_model_4_multimer_v2_pred_29.pdb,awaiting_extract,"MassiveFold model pool index only. It parses organizer-provided external model tarball listings and stages balanced extraction/rerank candidates. These models remain external rerank and accuracy-estimation inputs, not internal predictions, not CASP submissions, and not competitive-proof evidence."
2,H2324,H2324_T328,7691,H2324_all_pdbs/Model_5685_cf_woTemplates_model_2_multimer_v2_pred_41.pdb,Model_5685_cf_woTemplates_model_2_multimer_v2_pred_41.pdb,5685,CF,cf_woTemplates_multimer_v2,,2,41,cf_woTemplates_v2,,False,casp17/massivefold_external_pool_intake/h2324_t328/extracted_models/H2324_all_pdbs/Model_5685_cf_woTemplates_model_2_multimer_v2_pred_41.pdb,awaiting_extract,"MassiveFold model pool index only. It parses organizer-provided external model tarball listings and stages balanced extraction/rerank candidates. These models remain external rerank and accuracy-estimation inputs, not internal predictions, not CASP submissions, and not competitive-proof evidence."
2,H2324,H2324_T328,7809,H2324_all_pdbs/Model_118_cf_woTemplates_model_1_multimer_v2_pred_15.pdb,Model_118_cf_woTemplates_model_1_multimer_v2_pred_15.pdb,118,CF,cf_woTemplates_multimer_v2,,1,15,cf_woTemplates_v2,75,True,casp17/massivefold_external_pool_intake/h2324_t328/extracted_models/H2324_all_pdbs/Model_118_cf_woTemplates_model_1_multimer_v2_pred_15.pdb,extracted,"MassiveFold model pool index only. It parses organizer-provided external model tarball listings and stages balanced extraction/rerank candidates. These models remain external rerank and accuracy-estimation inputs, not internal predictions, not CASP submissions, and not competitive-proof evidence."
2,H2324,H2324_T328,7872,H2324_all_pdbs/Model_1212_cf_woTemplates_model_1_multimer_v2_pred_11.pdb,Model_1212_cf_woTemplates_model_1_multimer_v2_pred_11.pdb,1212,CF,cf_woTemplates_multimer_v2,,1,11,cf_woTemplates_v2,,False,casp17/massivefold_external_pool_intake/h2324_t328/extracted_models/H2324_all_pdbs/Model_1212_cf_woTemplates_model_1_multimer_v2_pred_11.pdb,awaiting_extract,"MassiveFold model pool index only. It parses organizer-provided external model tarball listings and stages balanced extraction/rerank candidates. These models remain external rerank and accuracy-estimation inputs, not internal predictions, not CASP submissions, and not competitive-proof evidence."
2,H2324,H2324_T328,7915,H2324_all_pdbs/Model_4269_cf_woTemplates_model_5_multimer_v2_pred_14.pdb,Model_4269_cf_woTemplates_model_5_multimer_v2_pred_14.pdb,4269,CF,cf_woTemplates_multimer_v2,,5,14,cf_woTemplates_v2,,False,casp17/massivefold_external_pool_intake/h2324_t328/extracted_models/H2324_all_pdbs/Model_4269_cf_woTemplates_model_5_multimer_v2_pred_14.pdb,awaiting_extract,"MassiveFold model pool index only. It parses organizer-provided external model tarball listings and stages balanced extraction/rerank candidates. These models remain external rerank and accuracy-estimation inputs, not internal predictions, not CASP submissions, and not competitive-proof evidence."
2,H2324,H2324_T328,7939,H2324_all_pdbs/Model_3758_cf_woTemplates_model_5_multimer_v2_pred_6.pdb,Model_3758_cf_woTemplates_model_5_multimer_v2_pred_6.pdb,3758,CF,cf_woTemplates_multimer_v2,,5,6,cf_woTemplates_v2,,False,casp17/massivefold_external_pool_intake/h2324_t328/extracted_models/H2324_all_pdbs/Model_3758_cf_woTemplates_model_5_multimer_v2_pred_6.pdb,awaiting_extract,"MassiveFold model pool index only. It parses organizer-provided external model tarball listings and stages balanced extraction/rerank candidates. These models remain external rerank and accuracy-estimation inputs, not internal predictions, not CASP submissions, and not competitive-proof evidence."
2,H2324,H2324_T328,8064,H2324_all_pdbs/Model_2865_cf_woTemplates_model_4_multimer_v2_pred_15.pdb,Model_2865_cf_woTemplates_model_4_multimer_v2_pred_15.pdb,2865,CF,cf_woTemplates_multimer_v2,,4,15,cf_woTemplates_v2,,False,casp17/massivefold_external_pool_intake/h2324_t328/extracted_models/H2324_all_pdbs/Model_2865_cf_woTemplates_model_4_multimer_v2_pred_15.pdb,awaiting_extract,"MassiveFold model pool index only. It parses organizer-provided external model tarball listings and stages balanced extraction/rerank candidates. These models remain external rerank and accuracy-estimation inputs, not internal predictions, not CASP submissions, and not competitive-proof evidence."
2,H2324,H2324_T328,8065,H2324_all_pdbs/Model_6063_cf_woTemplates_model_2_multimer_v2_pred_27.pdb,Model_6063_cf_woTemplates_model_2_multimer_v2_pred_27.pdb,6063,CF,cf_woTemplates_multimer_v2,,2,27,cf_woTemplates_v2,,False,casp17/massivefold_external_pool_intake/h2324_t328/extracted_models/H2324_all_pdbs/Model_6063_cf_woTemplates_model_2_multimer_v2_pred_27.pdb,awaiting_extract,"MassiveFold model pool index only. It parses organizer-provided external model tarball listings and stages balanced extraction/rerank candidates. These models remain external rerank and accuracy-estimation inputs, not internal predictions, not CASP submissions, and not competitive-proof evidence."
2,H2324,H2324_T328,8120,H2324_all_pdbs/Model_2950_cf_woTemplates_model_5_multimer_v2_pred_11.pdb,Model_2950_cf_woTemplates_model_5_multimer_v2_pred_11.pdb,2950,CF,cf_woTemplates_multimer_v2,,5,11,cf_woTemplates_v2,,False,casp17/massivefold_external_pool_intake/h2324_t328/extracted_models/H2324_all_pdbs/Model_2950_cf_woTemplates_model_5_multimer_v2_pred_11.pdb,awaiting_extract,"MassiveFold model pool index only. It parses organizer-provided external model tarball listings and stages balanced extraction/rerank candidates. These models remain external rerank and accuracy-estimation inputs, not internal predictions, not CASP submissions, and not competitive-proof evidence."
2,H2324,H2324_T328,8126,H2324_all_pdbs/Model_4219_cf_woTemplates_model_4_multimer_v2_pred_36.pdb,Model_4219_cf_woTemplates_model_4_multimer_v2_pred_36.pdb,4219,CF,cf_woTemplates_multimer_v2,,4,36,cf_woTemplates_v2,,False,casp17/massivefold_external_pool_intake/h2324_t328/extracted_models/H2324_all_pdbs/Model_4219_cf_woTemplates_model_4_multimer_v2_pred_36.pdb,awaiting_extract,"MassiveFold model pool index only. It parses organizer-provided external model tarball listings and stages balanced extraction/rerank candidates. These models remain external rerank and accuracy-estimation inputs, not internal predictions, not CASP submissions, and not competitive-proof evidence."
2,H2324,H2324_T328,8178,H2324_all_pdbs/Model_1478_cf_woTemplates_model_1_multimer_v2_pred_27.pdb,Model_1478_cf_woTemplates_model_1_multimer_v2_pred_27.pdb,1478,CF,cf_woTemplates_multimer_v2,,1,27,cf_woTemplates_v2,,False,casp17/massivefold_external_pool_intake/h2324_t328/extracted_models/H2324_all_pdbs/Model_1478_cf_woTemplates_model_1_multimer_v2_pred_27.pdb,awaiting_extract,"MassiveFold model pool index only. It parses organizer-provided external model tarball listings and stages balanced extraction/rerank candidates. These models remain external rerank and accuracy-estimation inputs, not internal predictions, not CASP submissions, and not competitive-proof evidence."
2,H2324,H2324_T328,8180,H2324_all_pdbs/Model_6075_cf_woTemplates_model_4_multimer_v2_pred_57.pdb,Model_6075_cf_woTemplates_model_4_multimer_v2_pred_57.pdb,6075,CF,cf_woTemplates_multimer_v2,,4,57,cf_woTemplates_v2,,False,casp17/massivefold_external_pool_intake/h2324_t328/extracted_models/H2324_all_pdbs/Model_6075_cf_woTemplates_model_4_multimer_v2_pred_57.pdb,awaiting_extract,"MassiveFold model pool index only. It parses organizer-provided external model tarball listings and stages balanced extraction/rerank candidates. These models remain external rerank and accuracy-estimation inputs, not internal predictions, not CASP submissions, and not competitive-proof evidence."
2,H2324,H2324_T328,8197,H2324_all_pdbs/Model_1727_cf_woTemplates_model_1_multimer_v2_pred_57.pdb,Model_1727_cf_woTemplates_model_1_multimer_v2_pred_57.pdb,1727,CF,cf_woTemplates_multimer_v2,,1,57,cf_woTemplates_v2,,False,casp17/massivefold_external_pool_intake/h2324_t328/extracted_models/H2324_all_pdbs/Model_1727_cf_woTemplates_model_1_multimer_v2_pred_57.pdb,awaiting_extract,"MassiveFold model pool index only. It parses organizer-provided external model tarball listings and stages balanced extraction/rerank candidates. These models remain external rerank and accuracy-estimation inputs, not internal predictions, not CASP submissions, and not competitive-proof evidence."
2,H2324,H2324_T328,8203,H2324_all_pdbs/Model_7958_cf_woTemplates_model_3_multimer_v2_pred_6.pdb,Model_7958_cf_woTemplates_model_3_multimer_v2_pred_6.pdb,7958,CF,cf_woTemplates_multimer_v2,,3,6,cf_woTemplates_v2,,False,casp17/massivefold_external_pool_intake/h2324_t328/extracted_models/H2324_all_pdbs/Model_7958_cf_woTemplates_model_3_multimer_v2_pred_6.pdb,awaiting_extract,"MassiveFold model pool index only. It parses organizer-provided external model tarball listings and stages balanced extraction/rerank candidates. These models remain external rerank and accuracy-estimation inputs, not internal predictions, not CASP submissions, and not competitive-proof evidence."
2,H2324,H2324_T328,8261,H2324_all_pdbs/Model_4328_cf_woTemplates_model_5_multimer_v2_pred_47.pdb,Model_4328_cf_woTemplates_model_5_multimer_v2_pred_47.pdb,4328,CF,cf_woTemplates_multimer_v2,,5,47,cf_woTemplates_v2,,False,casp17/massivefold_external_pool_intake/h2324_t328/extracted_models/H2324_all_pdbs/Model_4328_cf_woTemplates_model_5_multimer_v2_pred_47.pdb,awaiting_extract,"MassiveFold model pool index only. It parses organizer-provided external model tarball listings and stages balanced extraction/rerank candidates. These models remain external rerank and accuracy-estimation inputs, not internal predictions, not CASP submissions, and not competitive-proof evidence."
2,H2324,H2324_T328,8331,H2324_all_pdbs/Model_2959_cf_woTemplates_model_5_multimer_v2_pred_61.pdb,Model_2959_cf_woTemplates_model_5_multimer_v2_pred_61.pdb,2959,CF,cf_woTemplates_multimer_v2,,5,61,cf_woTemplates_v2,,False,casp17/massivefold_external_pool_intake/h2324_t328/extracted_models/H2324_all_pdbs/Model_2959_cf_woTemplates_model_5_multimer_v2_pred_61.pdb,awaiting_extract,"MassiveFold model pool index only. It parses organizer-provided external model tarball listings and stages balanced extraction/rerank candidates. These models remain external rerank and accuracy-estimation inputs, not internal predictions, not CASP submissions, and not competitive-proof evidence."
2,H2324,H2324_T328,8334,H2324_all_pdbs/Model_2995_cf_woTemplates_model_4_multimer_v2_pred_1.pdb,Model_2995_cf_woTemplates_model_4_multimer_v2_pred_1.pdb,2995,CF,cf_woTemplates_multimer_v2,,4,1,cf_woTemplates_v2,,False,casp17/massivefold_external_pool_intake/h2324_t328/extracted_models/H2324_all_pdbs/Model_2995_cf_woTemplates_model_4_multimer_v2_pred_1.pdb,awaiting_extract,"MassiveFold model pool index only. It parses organizer-provided external model tarball listings and stages balanced extraction/rerank candidates. These models remain external rerank and accuracy-estimation inputs, not internal predictions, not CASP submissions, and not competitive-proof evidence."
2,H2324,H2324_T328,8361,H2324_all_pdbs/Model_1735_cf_woTemplates_model_1_multimer_v2_pred_54.pdb,Model_1735_cf_woTemplates_model_1_multimer_v2_pred_54.pdb,1735,CF,cf_woTemplates_multimer_v2,,1,54,cf_woTemplates_v2,,False,casp17/massivefold_external_pool_intake/h2324_t328/extracted_models/H2324_all_pdbs/Model_1735_cf_woTemplates_model_1_multimer_v2_pred_54.pdb,awaiting_extract,"MassiveFold model pool index only. It parses organizer-provided external model tarball listings and stages balanced extraction/rerank candidates. These models remain external rerank and accuracy-estimation inputs, not internal predictions, not CASP submissions, and not competitive-proof evidence."
2,H2324,H2324_T328,8514,H2324_all_pdbs/Model_6309_cf_woTemplates_model_3_multimer_v2_pred_14.pdb,Model_6309_cf_woTemplates_model_3_multimer_v2_pred_14.pdb,6309,CF,cf_woTemplates_multimer_v2,,3,14,cf_woTemplates_v2,,False,casp17/massivefold_external_pool_intake/h2324_t328/extracted_models/H2324_all_pdbs/Model_6309_cf_woTemplates_model_3_multimer_v2_pred_14.pdb,awaiting_extract,"MassiveFold model pool index only. It parses organizer-provided external model tarball listings and stages balanced extraction/rerank candidates. These models remain external rerank and accuracy-estimation inputs, not internal predictions, not CASP submissions, and not competitive-proof evidence."
2,H2324,H2324_T328,8570,H2324_all_pdbs/Model_3215_cf_woTemplates_model_4_multimer_v2_pred_21.pdb,Model_3215_cf_woTemplates_model_4_multimer_v2_pred_21.pdb,3215,CF,cf_woTemplates_multimer_v2,,4,21,cf_woTemplates_v2,,False,casp17/massivefold_external_pool_intake/h2324_t328/extracted_models/H2324_all_pdbs/Model_3215_cf_woTemplates_model_4_multimer_v2_pred_21.pdb,awaiting_extract,"MassiveFold model pool index only. It parses organizer-provided external model tarball listings and stages balanced extraction/rerank candidates. These models remain external rerank and accuracy-estimation inputs, not internal predictions, not CASP submissions, and not competitive-proof evidence."
2,H2324,H2324_T328,8630,H2324_all_pdbs/Model_4771_cf_woTemplates_model_4_multimer_v2_pred_10.pdb,Model_4771_cf_woTemplates_model_4_multimer_v2_pred_10.pdb,4771,CF,cf_woTemplates_multimer_v2,,4,10,cf_woTemplates_v2,,False,casp17/massivefold_external_pool_intake/h2324_t328/extracted_models/H2324_all_pdbs/Model_4771_cf_woTemplates_model_4_multimer_v2_pred_10.pdb,awaiting_extract,"MassiveFold model pool index only. It parses organizer-provided external model tarball listings and stages balanced extraction/rerank candidates. These models remain external rerank and accuracy-estimation inputs, not internal predictions, not CASP submissions, and not competitive-proof evidence."
2,H2324,H2324_T328,8631,H2324_all_pdbs/Model_6325_cf_woTemplates_model_3_multimer_v2_pred_55.pdb,Model_6325_cf_woTemplates_model_3_multimer_v2_pred_55.pdb,6325,CF,cf_woTemplates_multimer_v2,,3,55,cf_woTemplates_v2,,False,casp17/massivefold_external_pool_intake/h2324_t328/extracted_models/H2324_all_pdbs/Model_6325_cf_woTemplates_model_3_multimer_v2_pred_55.pdb,awaiting_extract,"MassiveFold model pool index only. It parses organizer-provided external model tarball listings and stages balanced extraction/rerank candidates. These models remain external rerank and accuracy-estimation inputs, not internal predictions, not CASP submissions, and not competitive-proof evidence."
2,H2324,H2324_T328,8645,H2324_all_pdbs/Model_2539_cf_woTemplates_model_4_multimer_v2_pred_51.pdb,Model_2539_cf_woTemplates_model_4_multimer_v2_pred_51.pdb,2539,CF,cf_woTemplates_multimer_v2,,4,51,cf_woTemplates_v2,,False,casp17/massivefold_external_pool_intake/h2324_t328/extracted_models/H2324_all_pdbs/Model_2539_cf_woTemplates_model_4_multimer_v2_pred_51.pdb,awaiting_extract,"MassiveFold model pool index only. It parses organizer-provided external model tarball listings and stages balanced extraction/rerank candidates. These models remain external rerank and accuracy-estimation inputs, not internal predictions, not CASP submissions, and not competitive-proof evidence."
2,H2324,H2324_T328,8669,H2324_all_pdbs/Model_1762_cf_woTemplates_model_1_multimer_v2_pred_26.pdb,Model_1762_cf_woTemplates_model_1_multimer_v2_pred_26.pdb,1762,CF,cf_woTemplates_multimer_v2,,1,26,cf_woTemplates_v2,,False,casp17/massivefold_external_pool_intake/h2324_t328/extracted_models/H2324_all_pdbs/Model_1762_cf_woTemplates_model_1_multimer_v2_pred_26.pdb,awaiting_extract,"MassiveFold model pool index only. It parses organizer-provided external model tarball listings and stages balanced extraction/rerank candidates. These models remain external rerank and accuracy-estimation inputs, not internal predictions, not CASP submissions, and not competitive-proof evidence."
2,H2324,H2324_T328,8684,H2324_all_pdbs/Model_3542_cf_woTemplates_model_5_multimer_v2_pred_55.pdb,Model_3542_cf_woTemplates_model_5_multimer_v2_pred_55.pdb,3542,CF,cf_woTemplates_multimer_v2,,5,55,cf_woTemplates_v2,,False,casp17/massivefold_external_pool_intake/h2324_t328/extracted_models/H2324_all_pdbs/Model_3542_cf_woTemplates_model_5_multimer_v2_pred_55.pdb,awaiting_extract,"MassiveFold model pool index only. It parses organizer-provided external model tarball listings and stages balanced extraction/rerank candidates. These models remain external rerank and accuracy-estimation inputs, not internal predictions, not CASP submissions, and not competitive-proof evidence."
2,H2324,H2324_T328,8710,H2324_all_pdbs/Model_3509_cf_woTemplates_model_3_multimer_v2_pred_3.pdb,Model_3509_cf_woTemplates_model_3_multimer_v2_pred_3.pdb,3509,CF,cf_woTemplates_multimer_v2,,3,3,cf_woTemplates_v2,,False,casp17/massivefold_external_pool_intake/h2324_t328/extracted_models/H2324_all_pdbs/Model_3509_cf_woTemplates_model_3_multimer_v2_pred_3.pdb,awaiting_extract,"MassiveFold model pool index only. It parses organizer-provided external model tarball listings and stages balanced extraction/rerank candidates. These models remain external rerank and accuracy-estimation inputs, not internal predictions, not CASP submissions, and not competitive-proof evidence."
2,H2324,H2324_T328,8732,H2324_all_pdbs/Model_7515_cf_woTemplates_model_3_multimer_v2_pred_11.pdb,Model_7515_cf_woTemplates_model_3_multimer_v2_pred_11.pdb,7515,CF,cf_woTemplates_multimer_v2,,3,11,cf_woTemplates_v2,,False,casp17/massivefold_external_pool_intake/h2324_t328/extracted_models/H2324_all_pdbs/Model_7515_cf_woTemplates_model_3_multimer_v2_pred_11.pdb,awaiting_extract,"MassiveFold model pool index only. It parses organizer-provided external model tarball listings and stages balanced extraction/rerank candidates. These models remain external rerank and accuracy-estimation inputs, not internal predictions, not CASP submissions, and not competitive-proof evidence."
2,H2324,H2324_T328,8833,H2324_all_pdbs/Model_5290_cf_woTemplates_model_3_multimer_v2_pred_59.pdb,Model_5290_cf_woTemplates_model_3_multimer_v2_pred_59.pdb,5290,CF,cf_woTemplates_multimer_v2,,3,59,cf_woTemplates_v2,,False,casp17/massivefold_external_pool_intake/h2324_t328/extracted_models/H2324_all_pdbs/Model_5290_cf_woTemplates_model_3_multimer_v2_pred_59.pdb,awaiting_extract,"MassiveFold model pool index only. It parses organizer-provided external model tarball listings and stages balanced extraction/rerank candidates. These models remain external rerank and accuracy-estimation inputs, not internal predictions, not CASP submissions, and not competitive-proof evidence."
2,H2324,H2324_T328,8953,H2324_all_pdbs/Model_4325_cf_woTemplates_model_4_multimer_v2_pred_2.pdb,Model_4325_cf_woTemplates_model_4_multimer_v2_pred_2.pdb,4325,CF,cf_woTemplates_multimer_v2,,4,2,cf_woTemplates_v2,,False,casp17/massivefold_external_pool_intake/h2324_t328/extracted_models/H2324_all_pdbs/Model_4325_cf_woTemplates_model_4_multimer_v2_pred_2.pdb,awaiting_extract,"MassiveFold model pool index only. It parses organizer-provided external model tarball listings and stages balanced extraction/rerank candidates. These models remain external rerank and accuracy-estimation inputs, not internal predictions, not CASP submissions, and not competitive-proof evidence."
2,H2324,H2324_T328,8957,H2324_all_pdbs/Model_6540_cf_woTemplates_model_3_multimer_v2_pred_46.pdb,Model_6540_cf_woTemplates_model_3_multimer_v2_pred_46.pdb,6540,CF,cf_woTemplates_multimer_v2,,3,46,cf_woTemplates_v2,,False,casp17/massivefold_external_pool_intake/h2324_t328/extracted_models/H2324_all_pdbs/Model_6540_cf_woTemplates_model_3_multimer_v2_pred_46.pdb,awaiting_extract,"MassiveFold model pool index only. It parses organizer-provided external model tarball listings and stages balanced extraction/rerank candidates. These models remain external rerank and accuracy-estimation inputs, not internal predictions, not CASP submissions, and not competitive-proof evidence."
2,H2324,H2324_T328,8978,H2324_all_pdbs/Model_4793_cf_woTemplates_model_5_multimer_v2_pred_17.pdb,Model_4793_cf_woTemplates_model_5_multimer_v2_pred_17.pdb,4793,CF,cf_woTemplates_multimer_v2,,5,17,cf_woTemplates_v2,,False,casp17/massivefold_external_pool_intake/h2324_t328/extracted_models/H2324_all_pdbs/Model_4793_cf_woTemplates_model_5_multimer_v2_pred_17.pdb,awaiting_extract,"MassiveFold model pool index only. It parses organizer-provided external model tarball listings and stages balanced extraction/rerank candidates. These models remain external rerank and accuracy-estimation inputs, not internal predictions, not CASP submissions, and not competitive-proof evidence."
2,H2324,H2324_T328,8987,H2324_all_pdbs/Model_6068_cf_woTemplates_model_5_multimer_v2_pred_33.pdb,Model_6068_cf_woTemplates_model_5_multimer_v2_pred_33.pdb,6068,CF,cf_woTemplates_multimer_v2,,5,33,cf_woTemplates_v2,,False,casp17/massivefold_external_pool_intake/h2324_t328/extracted_models/H2324_all_pdbs/Model_6068_cf_woTemplates_model_5_multimer_v2_pred_33.pdb,awaiting_extract,"MassiveFold model pool index only. It parses organizer-provided external model tarball listings and stages balanced extraction/rerank candidates. These models remain external rerank and accuracy-estimation inputs, not internal predictions, not CASP submissions, and not competitive-proof evidence."
2,H2324,H2324_T328,9002,H2324_all_pdbs/Model_7375_cf_woTemplates_model_3_multimer_v2_pred_49.pdb,Model_7375_cf_woTemplates_model_3_multimer_v2_pred_49.pdb,7375,CF,cf_woTemplates_multimer_v2,,3,49,cf_woTemplates_v2,,False,casp17/massivefold_external_pool_intake/h2324_t328/extracted_models/H2324_all_pdbs/Model_7375_cf_woTemplates_model_3_multimer_v2_pred_49.pdb,awaiting_extract,"MassiveFold model pool index only. It parses organizer-provided external model tarball listings and stages balanced extraction/rerank candidates. These models remain external rerank and accuracy-estimation inputs, not internal predictions, not CASP submissions, and not competitive-proof evidence."
2,H2324,H2324_T328,9053,H2324_all_pdbs/Model_3908_cf_woTemplates_model_5_multimer_v2_pred_5.pdb,Model_3908_cf_woTemplates_model_5_multimer_v2_pred_5.pdb,3908,CF,cf_woTemplates_multimer_v2,,5,5,cf_woTemplates_v2,,False,casp17/massivefold_external_pool_intake/h2324_t328/extracted_models/H2324_all_pdbs/Model_3908_cf_woTemplates_model_5_multimer_v2_pred_5.pdb,awaiting_extract,"MassiveFold model pool index only. It parses organizer-provided external model tarball listings and stages balanced extraction/rerank candidates. These models remain external rerank and accuracy-estimation inputs, not internal predictions, not CASP submissions, and not competitive-proof evidence."
2,H2324,H2324_T328,9273,H2324_all_pdbs/Model_4273_cf_woTemplates_model_2_multimer_v2_pred_56.pdb,Model_4273_cf_woTemplates_model_2_multimer_v2_pred_56.pdb,4273,CF,cf_woTemplates_multimer_v2,,2,56,cf_woTemplates_v2,,False,casp17/massivefold_external_pool_intake/h2324_t328/extracted_models/H2324_all_pdbs/Model_4273_cf_woTemplates_model_2_multimer_v2_pred_56.pdb,awaiting_extract,"MassiveFold model pool index only. It parses organizer-provided external model tarball listings and stages balanced extraction/rerank candidates. These models remain external rerank and accuracy-estimation inputs, not internal predictions, not CASP submissions, and not competitive-proof evidence."
2,H2324,H2324_T328,9277,H2324_all_pdbs/Model_2469_cf_woTemplates_model_2_multimer_v2_pred_58.pdb,Model_2469_cf_woTemplates_model_2_multimer_v2_pred_58.pdb,2469,CF,cf_woTemplates_multimer_v2,,2,58,cf_woTemplates_v2,,False,casp17/massivefold_external_pool_intake/h2324_t328/extracted_models/H2324_all_pdbs/Model_2469_cf_woTemplates_model_2_multimer_v2_pred_58.pdb,awaiting_extract,"MassiveFold model pool index only. It parses organizer-provided external model tarball listings and stages balanced extraction/rerank candidates. These models remain external rerank and accuracy-estimation inputs, not internal predictions, not CASP submissions, and not competitive-proof evidence."
2,H2324,H2324_T328,9355,H2324_all_pdbs/Model_6060_cf_woTemplates_model_3_multimer_v2_pred_7.pdb,Model_6060_cf_woTemplates_model_3_multimer_v2_pred_7.pdb,6060,CF,cf_woTemplates_multimer_v2,,3,7,cf_woTemplates_v2,,False,casp17/massivefold_external_pool_intake/h2324_t328/extracted_models/H2324_all_pdbs/Model_6060_cf_woTemplates_model_3_multimer_v2_pred_7.pdb,awaiting_extract,"MassiveFold model pool index only. It parses organizer-provided external model tarball listings and stages balanced extraction/rerank candidates. These models remain external rerank and accuracy-estimation inputs, not internal predictions, not CASP submissions, and not competitive-proof evidence."
2,H2324,H2324_T328,9407,H2324_all_pdbs/Model_1290_cf_woTemplates_model_2_multimer_v2_pred_9.pdb,Model_1290_cf_woTemplates_model_2_multimer_v2_pred_9.pdb,1290,CF,cf_woTemplates_multimer_v2,,2,9,cf_woTemplates_v2,,False,casp17/massivefold_external_pool_intake/h2324_t328/extracted_models/H2324_all_pdbs/Model_1290_cf_woTemplates_model_2_multimer_v2_pred_9.pdb,awaiting_extract,"MassiveFold model pool index only. It parses organizer-provided external model tarball listings and stages balanced extraction/rerank candidates. These models remain external rerank and accuracy-estimation inputs, not internal predictions, not CASP submissions, and not competitive-proof evidence."
2,H2324,H2324_T328,9447,H2324_all_pdbs/Model_1715_cf_woTemplates_model_1_multimer_v2_pred_29.pdb,Model_1715_cf_woTemplates_model_1_multimer_v2_pred_29.pdb,1715,CF,cf_woTemplates_multimer_v2,,1,29,cf_woTemplates_v2,,False,casp17/massivefold_external_pool_intake/h2324_t328/extracted_models/H2324_all_pdbs/Model_1715_cf_woTemplates_model_1_multimer_v2_pred_29.pdb,awaiting_extract,"MassiveFold model pool index only. It parses organizer-provided external model tarball listings and stages balanced extraction/rerank candidates. These models remain external rerank and accuracy-estimation inputs, not internal predictions, not CASP submissions, and not competitive-proof evidence."
2,H2324,H2324_T328,9515,H2324_all_pdbs/Model_3220_cf_woTemplates_model_5_multimer_v2_pred_9.pdb,Model_3220_cf_woTemplates_model_5_multimer_v2_pred_9.pdb,3220,CF,cf_woTemplates_multimer_v2,,5,9,cf_woTemplates_v2,,False,casp17/massivefold_external_pool_intake/h2324_t328/extracted_models/H2324_all_pdbs/Model_3220_cf_woTemplates_model_5_multimer_v2_pred_9.pdb,awaiting_extract,"MassiveFold model pool index only. It parses organizer-provided external model tarball listings and stages balanced extraction/rerank candidates. These models remain external rerank and accuracy-estimation inputs, not internal predictions, not CASP submissions, and not competitive-proof evidence."
2,H2324,H2324_T328,9549,H2324_all_pdbs/Model_5744_cf_woTemplates_model_2_multimer_v2_pred_65.pdb,Model_5744_cf_woTemplates_model_2_multimer_v2_pred_65.pdb,5744,CF,cf_woTemplates_multimer_v2,,2,65,cf_woTemplates_v2,,False,casp17/massivefold_external_pool_intake/h2324_t328/extracted_models/H2324_all_pdbs/Model_5744_cf_woTemplates_model_2_multimer_v2_pred_65.pdb,awaiting_extract,"MassiveFold model pool index only. It parses organizer-provided external model tarball listings and stages balanced extraction/rerank candidates. These models remain external rerank and accuracy-estimation inputs, not internal predictions, not CASP submissions, and not competitive-proof evidence."
2,H2324,H2324_T328,9580,H2324_all_pdbs/Model_380_cf_woTemplates_model_1_multimer_v2_pred_37.pdb,Model_380_cf_woTemplates_model_1_multimer_v2_pred_37.pdb,380,CF,cf_woTemplates_multimer_v2,,1,37,cf_woTemplates_v2,,False,casp17/massivefold_external_pool_intake/h2324_t328/extracted_models/H2324_all_pdbs/Model_380_cf_woTemplates_model_1_multimer_v2_pred_37.pdb,awaiting_extract,"MassiveFold model pool index only. It parses organizer-provided external model tarball listings and stages balanced extraction/rerank candidates. These models remain external rerank and accuracy-estimation inputs, not internal predictions, not CASP submissions, and not competitive-proof evidence."
2,H2324,H2324_T328,9654,H2324_all_pdbs/Model_5292_cf_woTemplates_model_5_multimer_v2_pred_15.pdb,Model_5292_cf_woTemplates_model_5_multimer_v2_pred_15.pdb,5292,CF,cf_woTemplates_multimer_v2,,5,15,cf_woTemplates_v2,,False,casp17/massivefold_external_pool_intake/h2324_t328/extracted_models/H2324_all_pdbs/Model_5292_cf_woTemplates_model_5_multimer_v2_pred_15.pdb,awaiting_extract,"MassiveFold model pool index only. It parses organizer-provided external model tarball listings and stages balanced extraction/rerank candidates. These models remain external rerank and accuracy-estimation inputs, not internal predictions, not CASP submissions, and not competitive-proof evidence."
2,H2324,H2324_T328,9699,H2324_all_pdbs/Model_6184_cf_woTemplates_model_4_multimer_v2_pred_62.pdb,Model_6184_cf_woTemplates_model_4_multimer_v2_pred_62.pdb,6184,CF,cf_woTemplates_multimer_v2,,4,62,cf_woTemplates_v2,,False,casp17/massivefold_external_pool_intake/h2324_t328/extracted_models/H2324_all_pdbs/Model_6184_cf_woTemplates_model_4_multimer_v2_pred_62.pdb,awaiting_extract,"MassiveFold model pool index only. It parses organizer-provided external model tarball listings and stages balanced extraction/rerank candidates. These models remain external rerank and accuracy-estimation inputs, not internal predictions, not CASP submissions, and not competitive-proof evidence."
2,H2324,H2324_T328,9701,H2324_all_pdbs/Model_6072_cf_woTemplates_model_4_multimer_v2_pred_50.pdb,Model_6072_cf_woTemplates_model_4_multimer_v2_pred_50.pdb,6072,CF,cf_woTemplates_multimer_v2,,4,50,cf_woTemplates_v2,,False,casp17/massivefold_external_pool_intake/h2324_t328/extracted_models/H2324_all_pdbs/Model_6072_cf_woTemplates_model_4_multimer_v2_pred_50.pdb,awaiting_extract,"MassiveFold model pool index only. It parses organizer-provided external model tarball listings and stages balanced extraction/rerank candidates. These models remain external rerank and accuracy-estimation inputs, not internal predictions, not CASP submissions, and not competitive-proof evidence."
2,H2324,H2324_T328,9733,H2324_all_pdbs/Model_8200_cf_woTemplates_model_3_multimer_v2_pred_0.pdb,Model_8200_cf_woTemplates_model_3_multimer_v2_pred_0.pdb,8200,CF,cf_woTemplates_multimer_v2,,3,0,cf_woTemplates_v2,,False,casp17/massivefold_external_pool_intake/h2324_t328/extracted_models/H2324_all_pdbs/Model_8200_cf_woTemplates_model_3_multimer_v2_pred_0.pdb,awaiting_extract,"MassiveFold model pool index only. It parses organizer-provided external model tarball listings and stages balanced extraction/rerank candidates. These models remain external rerank and accuracy-estimation inputs, not internal predictions, not CASP submissions, and not competitive-proof evidence."
2,H2324,H2324_T328,9822,H2324_all_pdbs/Model_5331_cf_woTemplates_model_5_multimer_v2_pred_7.pdb,Model_5331_cf_woTemplates_model_5_multimer_v2_pred_7.pdb,5331,CF,cf_woTemplates_multimer_v2,,5,7,cf_woTemplates_v2,,False,casp17/massivefold_external_pool_intake/h2324_t328/extracted_models/H2324_all_pdbs/Model_5331_cf_woTemplates_model_5_multimer_v2_pred_7.pdb,awaiting_extract,"MassiveFold model pool index only. It parses organizer-provided external model tarball listings and stages balanced extraction/rerank candidates. These models remain external rerank and accuracy-estimation inputs, not internal predictions, not CASP submissions, and not competitive-proof evidence."
2,H2324,H2324_T328,9839,H2324_all_pdbs/Model_1970_cf_woTemplates_model_2_multimer_v2_pred_57.pdb,Model_1970_cf_woTemplates_model_2_multimer_v2_pred_57.pdb,1970,CF,cf_woTemplates_multimer_v2,,2,57,cf_woTemplates_v2,,False,casp17/massivefold_external_pool_intake/h2324_t328/extracted_models/H2324_all_pdbs/Model_1970_cf_woTemplates_model_2_multimer_v2_pred_57.pdb,awaiting_extract,"MassiveFold model pool index only. It parses organizer-provided external model tarball listings and stages balanced extraction/rerank candidates. These models remain external rerank and accuracy-estimation inputs, not internal predictions, not CASP submissions, and not competitive-proof evidence."
2,H2324,H2324_T328,9862,H2324_all_pdbs/Model_4295_cf_woTemplates_model_4_multimer_v2_pred_32.pdb,Model_4295_cf_woTemplates_model_4_multimer_v2_pred_32.pdb,4295,CF,cf_woTemplates_multimer_v2,,4,32,cf_woTemplates_v2,,False,casp17/massivefold_external_pool_intake/h2324_t328/extracted_models/H2324_all_pdbs/Model_4295_cf_woTemplates_model_4_multimer_v2_pred_32.pdb,awaiting_extract,"MassiveFold model pool index only. It parses organizer-provided external model tarball listings and stages balanced extraction/rerank candidates. These models remain external rerank and accuracy-estimation inputs, not internal predictions, not CASP submissions, and not competitive-proof evidence."
2,H2324,H2324_T328,9919,H2324_all_pdbs/Model_2373_cf_woTemplates_model_4_multimer_v2_pred_63.pdb,Model_2373_cf_woTemplates_model_4_multimer_v2_pred_63.pdb,2373,CF,cf_woTemplates_multimer_v2,,4,63,cf_woTemplates_v2,,False,casp17/massivefold_external_pool_intake/h2324_t328/extracted_models/H2324_all_pdbs/Model_2373_cf_woTemplates_model_4_multimer_v2_pred_63.pdb,awaiting_extract,"MassiveFold model pool index only. It parses organizer-provided external model tarball listings and stages balanced extraction/rerank candidates. These models remain external rerank and accuracy-estimation inputs, not internal predictions, not CASP submissions, and not competitive-proof evidence."
2,H2324,H2324_T328,9949,H2324_all_pdbs/Model_3537_cf_woTemplates_model_4_multimer_v2_pred_6.pdb,Model_3537_cf_woTemplates_model_4_multimer_v2_pred_6.pdb,3537,CF,cf_woTemplates_multimer_v2,,4,6,cf_woTemplates_v2,,False,casp17/massivefold_external_pool_intake/h2324_t328/extracted_models/H2324_all_pdbs/Model_3537_cf_woTemplates_model_4_multimer_v2_pred_6.pdb,awaiting_extract,"MassiveFold model pool index only. It parses organizer-provided external model tarball listings and stages balanced extraction/rerank candidates. These models remain external rerank and accuracy-estimation inputs, not internal predictions, not CASP submissions, and not competitive-proof evidence."
2,H2324,H2324_T328,10029,H2324_all_pdbs/Model_1443_cf_woTemplates_model_1_multimer_v2_pred_50.pdb,Model_1443_cf_woTemplates_model_1_multimer_v2_pred_50.pdb,1443,CF,cf_woTemplates_multimer_v2,,1,50,cf_woTemplates_v2,,False,casp17/massivefold_external_pool_intake/h2324_t328/extracted_models/H2324_all_pdbs/Model_1443_cf_woTemplates_model_1_multimer_v2_pred_50.pdb,awaiting_extract,"MassiveFold model pool index only. It parses organizer-provided external model tarball listings and stages balanced extraction/rerank candidates. These models remain external rerank and accuracy-estimation inputs, not internal predictions, not CASP submissions, and not competitive-proof evidence."
2,H2324,H2324_T328,10034,H2324_all_pdbs/Model_6084_cf_woTemplates_model_2_multimer_v2_pred_18.pdb,Model_6084_cf_woTemplates_model_2_multimer_v2_pred_18.pdb,6084,CF,cf_woTemplates_multimer_v2,,2,18,cf_woTemplates_v2,,False,casp17/massivefold_external_pool_intake/h2324_t328/extracted_models/H2324_all_pdbs/Model_6084_cf_woTemplates_model_2_multimer_v2_pred_18.pdb,awaiting_extract,"MassiveFold model pool index only. It parses organizer-provided external model tarball listings and stages balanced extraction/rerank candidates. These models remain external rerank and accuracy-estimation inputs, not internal predictions, not CASP submissions, and not competitive-proof evidence."
2,H2324,H2324_T328,10067,H2324_all_pdbs/Model_5681_cf_woTemplates_model_5_multimer_v2_pred_2.pdb,Model_5681_cf_woTemplates_model_5_multimer_v2_pred_2.pdb,5681,CF,cf_woTemplates_multimer_v2,,5,2,cf_woTemplates_v2,,False,casp17/massivefold_external_pool_intake/h2324_t328/extracted_models/H2324_all_pdbs/Model_5681_cf_woTemplates_model_5_multimer_v2_pred_2.pdb,awaiting_extract,"MassiveFold model pool index only. It parses organizer-provided external model tarball listings and stages balanced extraction/rerank candidates. These models remain external rerank and accuracy-estimation inputs, not internal predictions, not CASP submissions, and not competitive-proof evidence."
2,H2324,H2324_T328,10077,H2324_all_pdbs/Model_7072_cf_woTemplates_model_3_multimer_v2_pred_25.pdb,Model_7072_cf_woTemplates_model_3_multimer_v2_pred_25.pdb,7072,CF,cf_woTemplates_multimer_v2,,3,25,cf_woTemplates_v2,,False,casp17/massivefold_external_pool_intake/h2324_t328/extracted_models/H2324_all_pdbs/Model_7072_cf_woTemplates_model_3_multimer_v2_pred_25.pdb,awaiting_extract,"MassiveFold model pool index only. It parses organizer-provided external model tarball listings and stages balanced extraction/rerank candidates. These models remain external rerank and accuracy-estimation inputs, not internal predictions, not CASP submissions, and not competitive-proof evidence."
2,H2324,H2324_T328,10154,H2324_all_pdbs/Model_4288_cf_woTemplates_model_4_multimer_v2_pred_47.pdb,Model_4288_cf_woTemplates_model_4_multimer_v2_pred_47.pdb,4288,CF,cf_woTemplates_multimer_v2,,4,47,cf_woTemplates_v2,,False,casp17/massivefold_external_pool_intake/h2324_t328/extracted_models/H2324_all_pdbs/Model_4288_cf_woTemplates_model_4_multimer_v2_pred_47.pdb,awaiting_extract,"MassiveFold model pool index only. It parses organizer-provided external model tarball listings and stages balanced extraction/rerank candidates. These models remain external rerank and accuracy-estimation inputs, not internal predictions, not CASP submissions, and not competitive-proof evidence."
2,H2324,H2324_T328,10183,H2324_all_pdbs/Model_2717_cf_woTemplates_model_2_multimer_v2_pred_63.pdb,Model_2717_cf_woTemplates_model_2_multimer_v2_pred_63.pdb,2717,CF,cf_woTemplates_multimer_v2,,2,63,cf_woTemplates_v2,,False,casp17/massivefold_external_pool_intake/h2324_t328/extracted_models/H2324_all_pdbs/Model_2717_cf_woTemplates_model_2_multimer_v2_pred_63.pdb,awaiting_extract,"MassiveFold model pool index only. It parses organizer-provided external model tarball listings and stages balanced extraction/rerank candidates. These models remain external rerank and accuracy-estimation inputs, not internal predictions, not CASP submissions, and not competitive-proof evidence."
2,H2324,H2324_T328,10197,H2324_all_pdbs/Model_4761_cf_woTemplates_model_3_multimer_v2_pred_64.pdb,Model_4761_cf_woTemplates_model_3_multimer_v2_pred_64.pdb,4761,CF,cf_woTemplates_multimer_v2,,3,64,cf_woTemplates_v2,,False,casp17/massivefold_external_pool_intake/h2324_t328/extracted_models/H2324_all_pdbs/Model_4761_cf_woTemplates_model_3_multimer_v2_pred_64.pdb,awaiting_extract,"MassiveFold model pool index only. It parses organizer-provided external model tarball listings and stages balanced extraction/rerank candidates. These models remain external rerank and accuracy-estimation inputs, not internal predictions, not CASP submissions, and not competitive-proof evidence."
2,H2324,H2324_T328,10249,H2324_all_pdbs/Model_2523_cf_woTemplates_model_2_multimer_v2_pred_38.pdb,Model_2523_cf_woTemplates_model_2_multimer_v2_pred_38.pdb,2523,CF,cf_woTemplates_multimer_v2,,2,38,cf_woTemplates_v2,,False,casp17/massivefold_external_pool_intake/h2324_t328/extracted_models/H2324_all_pdbs/Model_2523_cf_woTemplates_model_2_multimer_v2_pred_38.pdb,awaiting_extract,"MassiveFold model pool index only. It parses organizer-provided external model tarball listings and stages balanced extraction/rerank candidates. These models remain external rerank and accuracy-estimation inputs, not internal predictions, not CASP submissions, and not competitive-proof evidence."
2,H2324,H2324_T328,10273,H2324_all_pdbs/Model_2385_cf_woTemplates_model_4_multimer_v2_pred_49.pdb,Model_2385_cf_woTemplates_model_4_multimer_v2_pred_49.pdb,2385,CF,cf_woTemplates_multimer_v2,,4,49,cf_woTemplates_v2,,False,casp17/massivefold_external_pool_intake/h2324_t328/extracted_models/H2324_all_pdbs/Model_2385_cf_woTemplates_model_4_multimer_v2_pred_49.pdb,awaiting_extract,"MassiveFold model pool index only. It parses organizer-provided external model tarball listings and stages balanced extraction/rerank candidates. These models remain external rerank and accuracy-estimation inputs, not internal predictions, not CASP submissions, and not competitive-proof evidence."
2,H2324,H2324_T328,10302,H2324_all_pdbs/Model_8354_cf_woTemplates_model_3_multimer_v2_pred_47.pdb,Model_8354_cf_woTemplates_model_3_multimer_v2_pred_47.pdb,8354,CF,cf_woTemplates_multimer_v2,,3,47,cf_woTemplates_v2,,False,casp17/massivefold_external_pool_intake/h2324_t328/extracted_models/H2324_all_pdbs/Model_8354_cf_woTemplates_model_3_multimer_v2_pred_47.pdb,awaiting_extract,"MassiveFold model pool index only. It parses organizer-provided external model tarball listings and stages balanced extraction/rerank candidates. These models remain external rerank and accuracy-estimation inputs, not internal predictions, not CASP submissions, and not competitive-proof evidence."
2,H2324,H2324_T328,10320,H2324_all_pdbs/Model_2918_cf_woTemplates_model_5_multimer_v2_pred_25.pdb,Model_2918_cf_woTemplates_model_5_multimer_v2_pred_25.pdb,2918,CF,cf_woTemplates_multimer_v2,,5,25,cf_woTemplates_v2,,False,casp17/massivefold_external_pool_intake/h2324_t328/extracted_models/H2324_all_pdbs/Model_2918_cf_woTemplates_model_5_multimer_v2_pred_25.pdb,awaiting_extract,"MassiveFold model pool index only. It parses organizer-provided external model tarball listings and stages balanced extraction/rerank candidates. These models remain external rerank and accuracy-estimation inputs, not internal predictions, not CASP submissions, and not competitive-proof evidence."
2,H2324,H2324_T328,10366,H2324_all_pdbs/Model_6559_cf_woTemplates_model_3_multimer_v2_pred_9.pdb,Model_6559_cf_woTemplates_model_3_multimer_v2_pred_9.pdb,6559,CF,cf_woTemplates_multimer_v2,,3,9,cf_woTemplates_v2,,False,casp17/massivefold_external_pool_intake/h2324_t328/extracted_models/H2324_all_pdbs/Model_6559_cf_woTemplates_model_3_multimer_v2_pred_9.pdb,awaiting_extract,"MassiveFold model pool index only. It parses organizer-provided external model tarball listings and stages balanced extraction/rerank candidates. These models remain external rerank and accuracy-estimation inputs, not internal predictions, not CASP submissions, and not competitive-proof evidence."
2,H2324,H2324_T328,10378,H2324_all_pdbs/Model_2061_cf_woTemplates_model_1_multimer_v2_pred_5.pdb,Model_2061_cf_woTemplates_model_1_multimer_v2_pred_5.pdb,2061,CF,cf_woTemplates_multimer_v2,,1,5,cf_woTemplates_v2,,False,casp17/massivefold_external_pool_intake/h2324_t328/extracted_models/H2324_all_pdbs/Model_2061_cf_woTemplates_model_1_multimer_v2_pred_5.pdb,awaiting_extract,"MassiveFold model pool index only. It parses organizer-provided external model tarball listings and stages balanced extraction/rerank candidates. These models remain external rerank and accuracy-estimation inputs, not internal predictions, not CASP submissions, and not competitive-proof evidence."
2,H2324,H2324_T328,10433,H2324_all_pdbs/Model_4774_cf_woTemplates_model_2_multimer_v2_pred_8.pdb,Model_4774_cf_woTemplates_model_2_multimer_v2_pred_8.pdb,4774,CF,cf_woTemplates_multimer_v2,,2,8,cf_woTemplates_v2,,False,casp17/massivefold_external_pool_intake/h2324_t328/extracted_models/H2324_all_pdbs/Model_4774_cf_woTemplates_model_2_multimer_v2_pred_8.pdb,awaiting_extract,"MassiveFold model pool index only. It parses organizer-provided external model tarball listings and stages balanced extraction/rerank candidates. These models remain external rerank and accuracy-estimation inputs, not internal predictions, not CASP submissions, and not competitive-proof evidence."
2,H2324,H2324_T328,10456,H2324_all_pdbs/Model_1640_cf_woTemplates_model_1_multimer_v2_pred_47.pdb,Model_1640_cf_woTemplates_model_1_multimer_v2_pred_47.pdb,1640,CF,cf_woTemplates_multimer_v2,,1,47,cf_woTemplates_v2,,False,casp17/massivefold_external_pool_intake/h2324_t328/extracted_models/H2324_all_pdbs/Model_1640_cf_woTemplates_model_1_multimer_v2_pred_47.pdb,awaiting_extract,"MassiveFold model pool index only. It parses organizer-provided external model tarball listings and stages balanced extraction/rerank candidates. These models remain external rerank and accuracy-estimation inputs, not internal predictions, not CASP submissions, and not competitive-proof evidence."
2,H2324,H2324_T328,10486,H2324_all_pdbs/Model_2400_cf_woTemplates_model_2_multimer_v2_pred_53.pdb,Model_2400_cf_woTemplates_model_2_multimer_v2_pred_53.pdb,2400,CF,cf_woTemplates_multimer_v2,,2,53,cf_woTemplates_v2,,False,casp17/massivefold_external_pool_intake/h2324_t328/extracted_models/H2324_all_pdbs/Model_2400_cf_woTemplates_model_2_multimer_v2_pred_53.pdb,awaiting_extract,"MassiveFold model pool index only. It parses organizer-provided external model tarball listings and stages balanced extraction/rerank candidates. These models remain external rerank and accuracy-estimation inputs, not internal predictions, not CASP submissions, and not competitive-proof evidence."
2,H2324,H2324_T328,10501,H2324_all_pdbs/Model_8639_cf_woTemplates_model_3_multimer_v2_pred_51.pdb,Model_8639_cf_woTemplates_model_3_multimer_v2_pred_51.pdb,8639,CF,cf_woTemplates_multimer_v2,,3,51,cf_woTemplates_v2,,False,casp17/massivefold_external_pool_intake/h2324_t328/extracted_models/H2324_all_pdbs/Model_8639_cf_woTemplates_model_3_multimer_v2_pred_51.pdb,awaiting_extract,"MassiveFold model pool index only. It parses organizer-provided external model tarball listings and stages balanced extraction/rerank candidates. These models remain external rerank and accuracy-estimation inputs, not internal predictions, not CASP submissions, and not competitive-proof evidence."
2,H2324,H2324_T328,10516,H2324_all_pdbs/Model_5330_cf_woTemplates_model_4_multimer_v2_pred_26.pdb,Model_5330_cf_woTemplates_model_4_multimer_v2_pred_26.pdb,5330,CF,cf_woTemplates_multimer_v2,,4,26,cf_woTemplates_v2,,False,casp17/massivefold_external_pool_intake/h2324_t328/extracted_models/H2324_all_pdbs/Model_5330_cf_woTemplates_model_4_multimer_v2_pred_26.pdb,awaiting_extract,"MassiveFold model pool index only. It parses organizer-provided external model tarball listings and stages balanced extraction/rerank candidates. These models remain external rerank and accuracy-estimation inputs, not internal predictions, not CASP submissions, and not competitive-proof evidence."
2,H2324,H2324_T328,10559,H2324_all_pdbs/Model_1089_cf_woTemplates_model_1_multimer_v2_pred_20.pdb,Model_1089_cf_woTemplates_model_1_multimer_v2_pred_20.pdb,1089,CF,cf_woTemplates_multimer_v2,,1,20,cf_woTemplates_v2,,False,casp17/massivefold_external_pool_intake/h2324_t328/extracted_models/H2324_all_pdbs/Model_1089_cf_woTemplates_model_1_multimer_v2_pred_20.pdb,awaiting_extract,"MassiveFold model pool index only. It parses organizer-provided external model tarball listings and stages balanced extraction/rerank candidates. These models remain external rerank and accuracy-estimation inputs, not internal predictions, not CASP submissions, and not competitive-proof evidence."
2,H2324,H2324_T328,10588,H2324_all_pdbs/Model_6558_cf_woTemplates_model_3_multimer_v2_pred_32.pdb,Model_6558_cf_woTemplates_model_3_multimer_v2_pred_32.pdb,6558,CF,cf_woTemplates_multimer_v2,,3,32,cf_woTemplates_v2,,False,casp17/massivefold_external_pool_intake/h2324_t328/extracted_models/H2324_all_pdbs/Model_6558_cf_woTemplates_model_3_multimer_v2_pred_32.pdb,awaiting_extract,"MassiveFold model pool index only. It parses organizer-provided external model tarball listings and stages balanced extraction/rerank candidates. These models remain external rerank and accuracy-estimation inputs, not internal predictions, not CASP submissions, and not competitive-proof evidence."
2,H2324,H2324_T328,10668,H2324_all_pdbs/Model_2028_cf_woTemplates_model_4_multimer_v2_pred_33.pdb,Model_2028_cf_woTemplates_model_4_multimer_v2_pred_33.pdb,2028,CF,cf_woTemplates_multimer_v2,,4,33,cf_woTemplates_v2,,False,casp17/massivefold_external_pool_intake/h2324_t328/extracted_models/H2324_all_pdbs/Model_2028_cf_woTemplates_model_4_multimer_v2_pred_33.pdb,awaiting_extract,"MassiveFold model pool index only. It parses organizer-provided external model tarball listings and stages balanced extraction/rerank candidates. These models remain external rerank and accuracy-estimation inputs, not internal predictions, not CASP submissions, and not competitive-proof evidence."
2,H2324,H2324_T328,10699,H2324_all_pdbs/Model_5827_cf_woTemplates_model_4_multimer_v2_pred_16.pdb,Model_5827_cf_woTemplates_model_4_multimer_v2_pred_16.pdb,5827,CF,cf_woTemplates_multimer_v2,,4,16,cf_woTemplates_v2,,False,casp17/massivefold_external_pool_intake/h2324_t328/extracted_models/H2324_all_pdbs/Model_5827_cf_woTemplates_model_4_multimer_v2_pred_16.pdb,awaiting_extract,"MassiveFold model pool index only. It parses organizer-provided external model tarball listings and stages balanced extraction/rerank candidates. These models remain external rerank and accuracy-estimation inputs, not internal predictions, not CASP submissions, and not competitive-proof evidence."
2,H2324,H2324_T328,10706,H2324_all_pdbs/Model_7661_cf_woTemplates_model_3_multimer_v2_pred_8.pdb,Model_7661_cf_woTemplates_model_3_multimer_v2_pred_8.pdb,7661,CF,cf_woTemplates_multimer_v2,,3,8,cf_woTemplates_v2,,False,casp17/massivefold_external_pool_intake/h2324_t328/extracted_models/H2324_all_pdbs/Model_7661_cf_woTemplates_model_3_multimer_v2_pred_8.pdb,awaiting_extract,"MassiveFold model pool index only. It parses organizer-provided external model tarball listings and stages balanced extraction/rerank candidates. These models remain external rerank and accuracy-estimation inputs, not internal predictions, not CASP submissions, and not competitive-proof evidence."
2,H2324,H2324_T328,10880,H2324_all_pdbs/Model_1126_cf_woTemplates_model_1_multimer_v2_pred_10.pdb,Model_1126_cf_woTemplates_model_1_multimer_v2_pred_10.pdb,1126,CF,cf_woTemplates_multimer_v2,,1,10,cf_woTemplates_v2,,False,casp17/massivefold_external_pool_intake/h2324_t328/extracted_models/H2324_all_pdbs/Model_1126_cf_woTemplates_model_1_multimer_v2_pred_10.pdb,awaiting_extract,"MassiveFold model pool index only. It parses organizer-provided external model tarball listings and stages balanced extraction/rerank candidates. These models remain external rerank and accuracy-estimation inputs, not internal predictions, not CASP submissions, and not competitive-proof evidence."
2,H2324,H2324_T328,10926,H2324_all_pdbs/Model_1867_cf_woTemplates_model_2_multimer_v2_pred_0.pdb,Model_1867_cf_woTemplates_model_2_multimer_v2_pred_0.pdb,1867,CF,cf_woTemplates_multimer_v2,,2,0,cf_woTemplates_v2,,False,casp17/massivefold_external_pool_intake/h2324_t328/extracted_models/H2324_all_pdbs/Model_1867_cf_woTemplates_model_2_multimer_v2_pred_0.pdb,awaiting_extract,"MassiveFold model pool index only. It parses organizer-provided external model tarball listings and stages balanced extraction/rerank candidates. These models remain external rerank and accuracy-estimation inputs, not internal predictions, not CASP submissions, and not competitive-proof evidence."
2,H2324,H2324_T328,10983,H2324_all_pdbs/Model_4308_cf_woTemplates_model_5_multimer_v2_pred_32.pdb,Model_4308_cf_woTemplates_model_5_multimer_v2_pred_32.pdb,4308,CF,cf_woTemplates_multimer_v2,,5,32,cf_woTemplates_v2,,False,casp17/massivefold_external_pool_intake/h2324_t328/extracted_models/H2324_all_pdbs/Model_4308_cf_woTemplates_model_5_multimer_v2_pred_32.pdb,awaiting_extract,"MassiveFold model pool index only. It parses organizer-provided external model tarball listings and stages balanced extraction/rerank candidates. These models remain external rerank and accuracy-estimation inputs, not internal predictions, not CASP submissions, and not competitive-proof evidence."
2,H2324,H2324_T328,11029,H2324_all_pdbs/Model_3867_cf_woTemplates_model_5_multimer_v2_pred_18.pdb,Model_3867_cf_woTemplates_model_5_multimer_v2_pred_18.pdb,3867,CF,cf_woTemplates_multimer_v2,,5,18,cf_woTemplates_v2,,False,casp17/massivefold_external_pool_intake/h2324_t328/extracted_models/H2324_all_pdbs/Model_3867_cf_woTemplates_model_5_multimer_v2_pred_18.pdb,awaiting_extract,"MassiveFold model pool index only. It parses organizer-provided external model tarball listings and stages balanced extraction/rerank candidates. These models remain external rerank and accuracy-estimation inputs, not internal predictions, not CASP submissions, and not competitive-proof evidence."
2,H2324,H2324_T328,11070,H2324_all_pdbs/Model_2356_cf_woTemplates_model_1_multimer_v2_pred_17.pdb,Model_2356_cf_woTemplates_model_1_multimer_v2_pred_17.pdb,2356,CF,cf_woTemplates_multimer_v2,,1,17,cf_woTemplates_v2,,False,casp17/massivefold_external_pool_intake/h2324_t328/extracted_models/H2324_all_pdbs/Model_2356_cf_woTemplates_model_1_multimer_v2_pred_17.pdb,awaiting_extract,"MassiveFold model pool index only. It parses organizer-provided external model tarball listings and stages balanced extraction/rerank candidates. These models remain external rerank and accuracy-estimation inputs, not internal predictions, not CASP submissions, and not competitive-proof evidence."
2,H2324,H2324_T328,11105,H2324_all_pdbs/Model_3870_cf_woTemplates_model_4_multimer_v2_pred_12.pdb,Model_3870_cf_woTemplates_model_4_multimer_v2_pred_12.pdb,3870,CF,cf_woTemplates_multimer_v2,,4,12,cf_woTemplates_v2,,False,casp17/massivefold_external_pool_intake/h2324_t328/extracted_models/H2324_all_pdbs/Model_3870_cf_woTemplates_model_4_multimer_v2_pred_12.pdb,awaiting_extract,"MassiveFold model pool index only. It parses organizer-provided external model tarball listings and stages balanced extraction/rerank candidates. These models remain external rerank and accuracy-estimation inputs, not internal predictions, not CASP submissions, and not competitive-proof evidence."
2,H2324,H2324_T328,11222,H2324_all_pdbs/Model_3875_cf_woTemplates_model_4_multimer_v2_pred_23.pdb,Model_3875_cf_woTemplates_model_4_multimer_v2_pred_23.pdb,3875,CF,cf_woTemplates_multimer_v2,,4,23,cf_woTemplates_v2,,False,casp17/massivefold_external_pool_intake/h2324_t328/extracted_models/H2324_all_pdbs/Model_3875_cf_woTemplates_model_4_multimer_v2_pred_23.pdb,awaiting_extract,"MassiveFold model pool index only. It parses organizer-provided external model tarball listings and stages balanced extraction/rerank candidates. These models remain external rerank and accuracy-estimation inputs, not internal predictions, not CASP submissions, and not competitive-proof evidence."
2,H2324,H2324_T328,11224,H2324_all_pdbs/Model_1557_cf_woTemplates_model_2_multimer_v2_pred_24.pdb,Model_1557_cf_woTemplates_model_2_multimer_v2_pred_24.pdb,1557,CF,cf_woTemplates_multimer_v2,,2,24,cf_woTemplates_v2,,False,casp17/massivefold_external_pool_intake/h2324_t328/extracted_models/H2324_all_pdbs/Model_1557_cf_woTemplates_model_2_multimer_v2_pred_24.pdb,awaiting_extract,"MassiveFold model pool index only. It parses organizer-provided external model tarball listings and stages balanced extraction/rerank candidates. These models remain external rerank and accuracy-estimation inputs, not internal predictions, not CASP submissions, and not competitive-proof evidence."
2,H2324,H2324_T328,11316,H2324_all_pdbs/Model_475_cf_woTemplates_model_1_multimer_v2_pred_13.pdb,Model_475_cf_woTemplates_model_1_multimer_v2_pred_13.pdb,475,CF,cf_woTemplates_multimer_v2,,1,13,cf_woTemplates_v2,,False,casp17/massivefold_external_pool_intake/h2324_t328/extracted_models/H2324_all_pdbs/Model_475_cf_woTemplates_model_1_multimer_v2_pred_13.pdb,awaiting_extract,"MassiveFold model pool index only. It parses organizer-provided external model tarball listings and stages balanced extraction/rerank candidates. These models remain external rerank and accuracy-estimation inputs, not internal predictions, not CASP submissions, and not competitive-proof evidence."
2,H2324,H2324_T328,11343,H2324_all_pdbs/Model_7932_cf_woTemplates_model_3_multimer_v2_pred_58.pdb,Model_7932_cf_woTemplates_model_3_multimer_v2_pred_58.pdb,7932,CF,cf_woTemplates_multimer_v2,,3,58,cf_woTemplates_v2,,False,casp17/massivefold_external_pool_intake/h2324_t328/extracted_models/H2324_all_pdbs/Model_7932_cf_woTemplates_model_3_multimer_v2_pred_58.pdb,awaiting_extract,"MassiveFold model pool index only. It parses organizer-provided external model tarball listings and stages balanced extraction/rerank candidates. These models remain external rerank and accuracy-estimation inputs, not internal predictions, not CASP submissions, and not competitive-proof evidence."
2,H2324,H2324_T328,11354,H2324_all_pdbs/Model_2935_cf_woTemplates_model_1_multimer_v2_pred_38.pdb,Model_2935_cf_woTemplates_model_1_multimer_v2_pred_38.pdb,2935,CF,cf_woTemplates_multimer_v2,,1,38,cf_woTemplates_v2,,False,casp17/massivefold_external_pool_intake/h2324_t328/extracted_models/H2324_all_pdbs/Model_2935_cf_woTemplates_model_1_multimer_v2_pred_38.pdb,awaiting_extract,"MassiveFold model pool index only. It parses organizer-provided external model tarball listings and stages balanced extraction/rerank candidates. These models remain external rerank and accuracy-estimation inputs, not internal predictions, not CASP submissions, and not competitive-proof evidence."
2,H2324,H2324_T328,11366,H2324_all_pdbs/Model_5299_cf_woTemplates_model_3_multimer_v2_pred_62.pdb,Model_5299_cf_woTemplates_model_3_multimer_v2_pred_62.pdb,5299,CF,cf_woTemplates_multimer_v2,,3,62,cf_woTemplates_v2,,False,casp17/massivefold_external_pool_intake/h2324_t328/extracted_models/H2324_all_pdbs/Model_5299_cf_woTemplates_model_3_multimer_v2_pred_62.pdb,awaiting_extract,"MassiveFold model pool index only. It parses organizer-provided external model tarball listings and stages balanced extraction/rerank candidates. These models remain external rerank and accuracy-estimation inputs, not internal predictions, not CASP submissions, and not competitive-proof evidence."
2,H2324,H2324_T328,11377,H2324_all_pdbs/Model_4266_cf_woTemplates_model_3_multimer_v2_pred_63.pdb,Model_4266_cf_woTemplates_model_3_multimer_v2_pred_63.pdb,4266,CF,cf_woTemplates_multimer_v2,,3,63,cf_woTemplates_v2,,False,casp17/massivefold_external_pool_intake/h2324_t328/extracted_models/H2324_all_pdbs/Model_4266_cf_woTemplates_model_3_multimer_v2_pred_63.pdb,awaiting_extract,"MassiveFold model pool index only. It parses organizer-provided external model tarball listings and stages balanced extraction/rerank candidates. These models remain external rerank and accuracy-estimation inputs, not internal predictions, not CASP submissions, and not competitive-proof evidence."
2,H2324,H2324_T328,11403,H2324_all_pdbs/Model_3546_cf_woTemplates_model_5_multimer_v2_pred_46.pdb,Model_3546_cf_woTemplates_model_5_multimer_v2_pred_46.pdb,3546,CF,cf_woTemplates_multimer_v2,,5,46,cf_woTemplates_v2,,False,casp17/massivefold_external_pool_intake/h2324_t328/extracted_models/H2324_all_pdbs/Model_3546_cf_woTemplates_model_5_multimer_v2_pred_46.pdb,awaiting_extract,"MassiveFold model pool index only. It parses organizer-provided external model tarball listings and stages balanced extraction/rerank candidates. These models remain external rerank and accuracy-estimation inputs, not internal predictions, not CASP submissions, and not competitive-proof evidence."
2,H2324,H2324_T328,11466,H2324_all_pdbs/Model_1509_cf_woTemplates_model_1_multimer_v2_pred_52.pdb,Model_1509_cf_woTemplates_model_1_multimer_v2_pred_52.pdb,1509,CF,cf_woTemplates_multimer_v2,,1,52,cf_woTemplates_v2,,False,casp17/massivefold_external_pool_intake/h2324_t328/extracted_models/H2324_all_pdbs/Model_1509_cf_woTemplates_model_1_multimer_v2_pred_52.pdb,awaiting_extract,"MassiveFold model pool index only. It parses organizer-provided external model tarball listings and stages balanced extraction/rerank candidates. These models remain external rerank and accuracy-estimation inputs, not internal predictions, not CASP submissions, and not competitive-proof evidence."
2,H2324,H2324_T328,11553,H2324_all_pdbs/Model_1181_cf_woTemplates_model_1_multimer_v2_pred_3.pdb,Model_1181_cf_woTemplates_model_1_multimer_v2_pred_3.pdb,1181,CF,cf_woTemplates_multimer_v2,,1,3,cf_woTemplates_v2,,False,casp17/massivefold_external_pool_intake/h2324_t328/extracted_models/H2324_all_pdbs/Model_1181_cf_woTemplates_model_1_multimer_v2_pred_3.pdb,awaiting_extract,"MassiveFold model pool index only. It parses organizer-provided external model tarball listings and stages balanced extraction/rerank candidates. These models remain external rerank and accuracy-estimation inputs, not internal predictions, not CASP submissions, and not competitive-proof evidence."
2,H2324,H2324_T328,11820,H2324_all_pdbs/Model_158_cf_woTemplates_model_1_multimer_v2_pred_51.pdb,Model_158_cf_woTemplates_model_1_multimer_v2_pred_51.pdb,158,CF,cf_woTemplates_multimer_v2,,1,51,cf_woTemplates_v2,,False,casp17/massivefold_external_pool_intake/h2324_t328/extracted_models/H2324_all_pdbs/Model_158_cf_woTemplates_model_1_multimer_v2_pred_51.pdb,awaiting_extract,"MassiveFold model pool index only. It parses organizer-provided external model tarball listings and stages balanced extraction/rerank candidates. These models remain external rerank and accuracy-estimation inputs, not internal predictions, not CASP submissions, and not competitive-proof evidence."
2,H2324,H2324_T328,11841,H2324_all_pdbs/Model_2336_cf_woTemplates_model_2_multimer_v2_pred_29.pdb,Model_2336_cf_woTemplates_model_2_multimer_v2_pred_29.pdb,2336,CF,cf_woTemplates_multimer_v2,,2,29,cf_woTemplates_v2,,False,casp17/massivefold_external_pool_intake/h2324_t328/extracted_models/H2324_all_pdbs/Model_2336_cf_woTemplates_model_2_multimer_v2_pred_29.pdb,awaiting_extract,"MassiveFold model pool index only. It parses organizer-provided external model tarball listings and stages balanced extraction/rerank candidates. These models remain external rerank and accuracy-estimation inputs, not internal predictions, not CASP submissions, and not competitive-proof evidence."
2,H2324,H2324_T328,11906,H2324_all_pdbs/Model_4737_cf_woTemplates_model_4_multimer_v2_pred_46.pdb,Model_4737_cf_woTemplates_model_4_multimer_v2_pred_46.pdb,4737,CF,cf_woTemplates_multimer_v2,,4,46,cf_woTemplates_v2,,False,casp17/massivefold_external_pool_intake/h2324_t328/extracted_models/H2324_all_pdbs/Model_4737_cf_woTemplates_model_4_multimer_v2_pred_46.pdb,awaiting_extract,"MassiveFold model pool index only. It parses organizer-provided external model tarball listings and stages balanced extraction/rerank candidates. These models remain external rerank and accuracy-estimation inputs, not internal predictions, not CASP submissions, and not competitive-proof evidence."
2,H2324,H2324_T328,11991,H2324_all_pdbs/Model_107_cf_woTemplates_model_1_multimer_v2_pred_41.pdb,Model_107_cf_woTemplates_model_1_multimer_v2_pred_41.pdb,107,CF,cf_woTemplates_multimer_v2,,1,41,cf_woTemplates_v2,112,True,casp17/massivefold_external_pool_intake/h2324_t328/extracted_models/H2324_all_pdbs/Model_107_cf_woTemplates_model_1_multimer_v2_pred_41.pdb,extracted,"MassiveFold model pool index only. It parses organizer-provided external model tarball listings and stages balanced extraction/rerank candidates. These models remain external rerank and accuracy-estimation inputs, not internal predictions, not CASP submissions, and not competitive-proof evidence."
2,H2324,H2324_T328,12003,H2324_all_pdbs/Model_4808_cf_woTemplates_model_4_multimer_v2_pred_35.pdb,Model_4808_cf_woTemplates_model_4_multimer_v2_pred_35.pdb,4808,CF,cf_woTemplates_multimer_v2,,4,35,cf_woTemplates_v2,,False,casp17/massivefold_external_pool_intake/h2324_t328/extracted_models/H2324_all_pdbs/Model_4808_cf_woTemplates_model_4_multimer_v2_pred_35.pdb,awaiting_extract,"MassiveFold model pool index only. It parses organizer-provided external model tarball listings and stages balanced extraction/rerank candidates. These models remain external rerank and accuracy-estimation inputs, not internal predictions, not CASP submissions, and not competitive-proof evidence."
2,H2324,H2324_T328,12016,H2324_all_pdbs/Model_8984_cf_woTemplates_model_3_multimer_v2_pred_29.pdb,Model_8984_cf_woTemplates_model_3_multimer_v2_pred_29.pdb,8984,CF,cf_woTemplates_multimer_v2,,3,29,cf_woTemplates_v2,,False,casp17/massivefold_external_pool_intake/h2324_t328/extracted_models/H2324_all_pdbs/Model_8984_cf_woTemplates_model_3_multimer_v2_pred_29.pdb,awaiting_extract,"MassiveFold model pool index only. It parses organizer-provided external model tarball listings and stages balanced extraction/rerank candidates. These models remain external rerank and accuracy-estimation inputs, not internal predictions, not CASP submissions, and not competitive-proof evidence."
2,H2324,H2324_T328,12034,H2324_all_pdbs/Model_5754_cf_woTemplates_model_4_multimer_v2_pred_56.pdb,Model_5754_cf_woTemplates_model_4_multimer_v2_pred_56.pdb,5754,CF,cf_woTemplates_multimer_v2,,4,56,cf_woTemplates_v2,,False,casp17/massivefold_external_pool_intake/h2324_t328/extracted_models/H2324_all_pdbs/Model_5754_cf_woTemplates_model_4_multimer_v2_pred_56.pdb,awaiting_extract,"MassiveFold model pool index only. It parses organizer-provided external model tarball listings and stages balanced extraction/rerank candidates. These models remain external rerank and accuracy-estimation inputs, not internal predictions, not CASP submissions, and not competitive-proof evidence."
2,H2324,H2324_T328,12148,H2324_all_pdbs/Model_3583_cf_woTemplates_model_3_multimer_v2_pred_57.pdb,Model_3583_cf_woTemplates_model_3_multimer_v2_pred_57.pdb,3583,CF,cf_woTemplates_multimer_v2,,3,57,cf_woTemplates_v2,,False,casp17/massivefold_external_pool_intake/h2324_t328/extracted_models/H2324_all_pdbs/Model_3583_cf_woTemplates_model_3_multimer_v2_pred_57.pdb,awaiting_extract,"MassiveFold model pool index only. It parses organizer-provided external model tarball listings and stages balanced extraction/rerank candidates. These models remain external rerank and accuracy-estimation inputs, not internal predictions, not CASP submissions, and not competitive-proof evidence."
2,H2324,H2324_T328,12249,H2324_all_pdbs/Model_1211_cf_woTemplates_model_1_multimer_v2_pred_25.pdb,Model_1211_cf_woTemplates_model_1_multimer_v2_pred_25.pdb,1211,CF,cf_woTemplates_multimer_v2,,1,25,cf_woTemplates_v2,,False,casp17/massivefold_external_pool_intake/h2324_t328/extracted_models/H2324_all_pdbs/Model_1211_cf_woTemplates_model_1_multimer_v2_pred_25.pdb,awaiting_extract,"MassiveFold model pool index only. It parses organizer-provided external model tarball listings and stages balanced extraction/rerank candidates. These models remain external rerank and accuracy-estimation inputs, not internal predictions, not CASP submissions, and not competitive-proof evidence."
2,H2324,H2324_T328,12270,H2324_all_pdbs/Model_3874_cf_woTemplates_model_3_multimer_v2_pred_31.pdb,Model_3874_cf_woTemplates_model_3_multimer_v2_pred_31.pdb,3874,CF,cf_woTemplates_multimer_v2,,3,31,cf_woTemplates_v2,,False,casp17/massivefold_external_pool_intake/h2324_t328/extracted_models/H2324_all_pdbs/Model_3874_cf_woTemplates_model_3_multimer_v2_pred_31.pdb,awaiting_extract,"MassiveFold model pool index only. It parses organizer-provided external model tarball listings and stages balanced extraction/rerank candidates. These models remain external rerank and accuracy-estimation inputs, not internal predictions, not CASP submissions, and not competitive-proof evidence."
2,H2324,H2324_T328,12278,H2324_all_pdbs/Model_7635_cf_woTemplates_model_3_multimer_v2_pred_52.pdb,Model_7635_cf_woTemplates_model_3_multimer_v2_pred_52.pdb,7635,CF,cf_woTemplates_multimer_v2,,3,52,cf_woTemplates_v2,,False,casp17/massivefold_external_pool_intake/h2324_t328/extracted_models/H2324_all_pdbs/Model_7635_cf_woTemplates_model_3_multimer_v2_pred_52.pdb,awaiting_extract,"MassiveFold model pool index only. It parses organizer-provided external model tarball listings and stages balanced extraction/rerank candidates. These models remain external rerank and accuracy-estimation inputs, not internal predictions, not CASP submissions, and not competitive-proof evidence."
2,H2324,H2324_T328,12293,H2324_all_pdbs/Model_1926_cf_woTemplates_model_1_multimer_v2_pred_62.pdb,Model_1926_cf_woTemplates_model_1_multimer_v2_pred_62.pdb,1926,CF,cf_woTemplates_multimer_v2,,1,62,cf_woTemplates_v2,,False,casp17/massivefold_external_pool_intake/h2324_t328/extracted_models/H2324_all_pdbs/Model_1926_cf_woTemplates_model_1_multimer_v2_pred_62.pdb,awaiting_extract,"MassiveFold model pool index only. It parses organizer-provided external model tarball listings and stages balanced extraction/rerank candidates. These models remain external rerank and accuracy-estimation inputs, not internal predictions, not CASP submissions, and not competitive-proof evidence."
2,H2324,H2324_T328,12339,H2324_all_pdbs/Model_8305_cf_woTemplates_model_3_multimer_v2_pred_2.pdb,Model_8305_cf_woTemplates_model_3_multimer_v2_pred_2.pdb,8305,CF,cf_woTemplates_multimer_v2,,3,2,cf_woTemplates_v2,,False,casp17/massivefold_external_pool_intake/h2324_t328/extracted_models/H2324_all_pdbs/Model_8305_cf_woTemplates_model_3_multimer_v2_pred_2.pdb,awaiting_extract,"MassiveFold model pool index only. It parses organizer-provided external model tarball listings and stages balanced extraction/rerank candidates. These models remain external rerank and accuracy-estimation inputs, not internal predictions, not CASP submissions, and not competitive-proof evidence."
2,H2324,H2324_T328,12355,H2324_all_pdbs/Model_3746_cf_woTemplates_model_5_multimer_v2_pred_10.pdb,Model_3746_cf_woTemplates_model_5_multimer_v2_pred_10.pdb,3746,CF,cf_woTemplates_multimer_v2,,5,10,cf_woTemplates_v2,,False,casp17/massivefold_external_pool_intake/h2324_t328/extracted_models/H2324_all_pdbs/Model_3746_cf_woTemplates_model_5_multimer_v2_pred_10.pdb,awaiting_extract,"MassiveFold model pool index only. It parses organizer-provided external model tarball listings and stages balanced extraction/rerank candidates. These models remain external rerank and accuracy-estimation inputs, not internal predictions, not CASP submissions, and not competitive-proof evidence."
2,H2324,H2324_T328,12366,H2324_all_pdbs/Model_4327_cf_woTemplates_model_2_multimer_v2_pred_46.pdb,Model_4327_cf_woTemplates_model_2_multimer_v2_pred_46.pdb,4327,CF,cf_woTemplates_multimer_v2,,2,46,cf_woTemplates_v2,,False,casp17/massivefold_external_pool_intake/h2324_t328/extracted_models/H2324_all_pdbs/Model_4327_cf_woTemplates_model_2_multimer_v2_pred_46.pdb,awaiting_extract,"MassiveFold model pool index only. It parses organizer-provided external model tarball listings and stages balanced extraction/rerank candidates. These models remain external rerank and accuracy-estimation inputs, not internal predictions, not CASP submissions, and not competitive-proof evidence."
2,H2324,H2324_T328,12367,H2324_all_pdbs/Model_2301_cf_woTemplates_model_2_multimer_v2_pred_59.pdb,Model_2301_cf_woTemplates_model_2_multimer_v2_pred_59.pdb,2301,CF,cf_woTemplates_multimer_v2,,2,59,cf_woTemplates_v2,,False,casp17/massivefold_external_pool_intake/h2324_t328/extracted_models/H2324_all_pdbs/Model_2301_cf_woTemplates_model_2_multimer_v2_pred_59.pdb,awaiting_extract,"MassiveFold model pool index only. It parses organizer-provided external model tarball listings and stages balanced extraction/rerank candidates. These models remain external rerank and accuracy-estimation inputs, not internal predictions, not CASP submissions, and not competitive-proof evidence."
2,H2324,H2324_T328,12402,H2324_all_pdbs/Model_5275_cf_woTemplates_model_5_multimer_v2_pred_35.pdb,Model_5275_cf_woTemplates_model_5_multimer_v2_pred_35.pdb,5275,CF,cf_woTemplates_multimer_v2,,5,35,cf_woTemplates_v2,,False,casp17/massivefold_external_pool_intake/h2324_t328/extracted_models/H2324_all_pdbs/Model_5275_cf_woTemplates_model_5_multimer_v2_pred_35.pdb,awaiting_extract,"MassiveFold model pool index only. It parses organizer-provided external model tarball listings and stages balanced extraction/rerank candidates. These models remain external rerank and accuracy-estimation inputs, not internal predictions, not CASP submissions, and not competitive-proof evidence."
2,H2324,H2324_T328,12414,H2324_all_pdbs/Model_954_cf_woTemplates_model_2_multimer_v2_pred_36.pdb,Model_954_cf_woTemplates_model_2_multimer_v2_pred_36.pdb,954,CF,cf_woTemplates_multimer_v2,,2,36,cf_woTemplates_v2,,False,casp17/massivefold_external_pool_intake/h2324_t328/extracted_models/H2324_all_pdbs/Model_954_cf_woTemplates_model_2_multimer_v2_pred_36.pdb,awaiting_extract,"MassiveFold model pool index only. It parses organizer-provided external model tarball listings and stages balanced extraction/rerank candidates. These models remain external rerank and accuracy-estimation inputs, not internal predictions, not CASP submissions, and not competitive-proof evidence."
2,H2324,H2324_T328,12423,H2324_all_pdbs/Model_6322_cf_woTemplates_model_2_multimer_v2_pred_21.pdb,Model_6322_cf_woTemplates_model_2_multimer_v2_pred_21.pdb,6322,CF,cf_woTemplates_multimer_v2,,2,21,cf_woTemplates_v2,,False,casp17/massivefold_external_pool_intake/h2324_t328/extracted_models/H2324_all_pdbs/Model_6322_cf_woTemplates_model_2_multimer_v2_pred_21.pdb,awaiting_extract,"MassiveFold model pool index only. It parses organizer-provided external model tarball listings and stages balanced extraction/rerank candidates. These models remain external rerank and accuracy-estimation inputs, not internal predictions, not CASP submissions, and not competitive-proof evidence."
2,H2324,H2324_T328,12453,H2324_all_pdbs/Model_3898_cf_woTemplates_model_4_multimer_v2_pred_41.pdb,Model_3898_cf_woTemplates_model_4_multimer_v2_pred_41.pdb,3898,CF,cf_woTemplates_multimer_v2,,4,41,cf_woTemplates_v2,,False,casp17/massivefold_external_pool_intake/h2324_t328/extracted_models/H2324_all_pdbs/Model_3898_cf_woTemplates_model_4_multimer_v2_pred_41.pdb,awaiting_extract,"MassiveFold model pool index only. It parses organizer-provided external model tarball listings and stages balanced extraction/rerank candidates. These models remain external rerank and accuracy-estimation inputs, not internal predictions, not CASP submissions, and not competitive-proof evidence."
2,H2324,H2324_T328,12555,H2324_all_pdbs/Model_4274_cf_woTemplates_model_4_multimer_v2_pred_38.pdb,Model_4274_cf_woTemplates_model_4_multimer_v2_pred_38.pdb,4274,CF,cf_woTemplates_multimer_v2,,4,38,cf_woTemplates_v2,,False,casp17/massivefold_external_pool_intake/h2324_t328/extracted_models/H2324_all_pdbs/Model_4274_cf_woTemplates_model_4_multimer_v2_pred_38.pdb,awaiting_extract,"MassiveFold model pool index only. It parses organizer-provided external model tarball listings and stages balanced extraction/rerank candidates. These models remain external rerank and accuracy-estimation inputs, not internal predictions, not CASP submissions, and not competitive-proof evidence."
2,H2324,H2324_T328,12644,H2324_all_pdbs/Model_3186_cf_woTemplates_model_5_multimer_v2_pred_42.pdb,Model_3186_cf_woTemplates_model_5_multimer_v2_pred_42.pdb,3186,CF,cf_woTemplates_multimer_v2,,5,42,cf_woTemplates_v2,,False,casp17/massivefold_external_pool_intake/h2324_t328/extracted_models/H2324_all_pdbs/Model_3186_cf_woTemplates_model_5_multimer_v2_pred_42.pdb,awaiting_extract,"MassiveFold model pool index only. It parses organizer-provided external model tarball listings and stages balanced extraction/rerank candidates. These models remain external rerank and accuracy-estimation inputs, not internal predictions, not CASP submissions, and not competitive-proof evidence."
2,H2324,H2324_T328,12668,H2324_all_pdbs/Model_2243_cf_woTemplates_model_2_multimer_v2_pred_19.pdb,Model_2243_cf_woTemplates_model_2_multimer_v2_pred_19.pdb,2243,CF,cf_woTemplates_multimer_v2,,2,19,cf_woTemplates_v2,,False,casp17/massivefold_external_pool_intake/h2324_t328/extracted_models/H2324_all_pdbs/Model_2243_cf_woTemplates_model_2_multimer_v2_pred_19.pdb,awaiting_extract,"MassiveFold model pool index only. It parses organizer-provided external model tarball listings and stages balanced extraction/rerank candidates. These models remain external rerank and accuracy-estimation inputs, not internal predictions, not CASP submissions, and not competitive-proof evidence."
2,H2324,H2324_T328,12677,H2324_all_pdbs/Model_2424_cf_woTemplates_model_4_multimer_v2_pred_14.pdb,Model_2424_cf_woTemplates_model_4_multimer_v2_pred_14.pdb,2424,CF,cf_woTemplates_multimer_v2,,4,14,cf_woTemplates_v2,,False,casp17/massivefold_external_pool_intake/h2324_t328/extracted_models/H2324_all_pdbs/Model_2424_cf_woTemplates_model_4_multimer_v2_pred_14.pdb,awaiting_extract,"MassiveFold model pool index only. It parses organizer-provided external model tarball listings and stages balanced extraction/rerank candidates. These models remain external rerank and accuracy-estimation inputs, not internal predictions, not CASP submissions, and not competitive-proof evidence."
2,H2324,H2324_T328,12716,H2324_all_pdbs/Model_6091_cf_woTemplates_model_3_multimer_v2_pred_43.pdb,Model_6091_cf_woTemplates_model_3_multimer_v2_pred_43.pdb,6091,CF,cf_woTemplates_multimer_v2,,3,43,cf_woTemplates_v2,,False,casp17/massivefold_external_pool_intake/h2324_t328/extracted_models/H2324_all_pdbs/Model_6091_cf_woTemplates_model_3_multimer_v2_pred_43.pdb,awaiting_extract,"MassiveFold model pool index only. It parses organizer-provided external model tarball listings and stages balanced extraction/rerank candidates. These models remain external rerank and accuracy-estimation inputs, not internal predictions, not CASP submissions, and not competitive-proof evidence."
2,H2324,H2324_T328,12868,H2324_all_pdbs/Model_5762_cf_woTemplates_model_2_multimer_v2_pred_31.pdb,Model_5762_cf_woTemplates_model_2_multimer_v2_pred_31.pdb,5762,CF,cf_woTemplates_multimer_v2,,2,31,cf_woTemplates_v2,,False,casp17/massivefold_external_pool_intake/h2324_t328/extracted_models/H2324_all_pdbs/Model_5762_cf_woTemplates_model_2_multimer_v2_pred_31.pdb,awaiting_extract,"MassiveFold model pool index only. It parses organizer-provided external model tarball listings and stages balanced extraction/rerank candidates. These models remain external rerank and accuracy-estimation inputs, not internal predictions, not CASP submissions, and not competitive-proof evidence."
2,H2324,H2324_T328,12890,H2324_all_pdbs/Model_6029_cf_woTemplates_model_2_multimer_v2_pred_35.pdb,Model_6029_cf_woTemplates_model_2_multimer_v2_pred_35.pdb,6029,CF,cf_woTemplates_multimer_v2,,2,35,cf_woTemplates_v2,,False,casp17/massivefold_external_pool_intake/h2324_t328/extracted_models/H2324_all_pdbs/Model_6029_cf_woTemplates_model_2_multimer_v2_pred_35.pdb,awaiting_extract,"MassiveFold model pool index only. It parses organizer-provided external model tarball listings and stages balanced extraction/rerank candidates. These models remain external rerank and accuracy-estimation inputs, not internal predictions, not CASP submissions, and not competitive-proof evidence."
2,H2324,H2324_T328,12916,H2324_all_pdbs/Model_4019_cf_woTemplates_model_5_multimer_v2_pred_22.pdb,Model_4019_cf_woTemplates_model_5_multimer_v2_pred_22.pdb,4019,CF,cf_woTemplates_multimer_v2,,5,22,cf_woTemplates_v2,,False,casp17/massivefold_external_pool_intake/h2324_t328/extracted_models/H2324_all_pdbs/Model_4019_cf_woTemplates_model_5_multimer_v2_pred_22.pdb,awaiting_extract,"MassiveFold model pool index only. It parses organizer-provided external model tarball listings and stages balanced extraction/rerank candidates. These models remain external rerank and accuracy-estimation inputs, not internal predictions, not CASP submissions, and not competitive-proof evidence."
2,H2324,H2324_T328,12921,H2324_all_pdbs/Model_5839_cf_woTemplates_model_3_multimer_v2_pred_30.pdb,Model_5839_cf_woTemplates_model_3_multimer_v2_pred_30.pdb,5839,CF,cf_woTemplates_multimer_v2,,3,30,cf_woTemplates_v2,,False,casp17/massivefold_external_pool_intake/h2324_t328/extracted_models/H2324_all_pdbs/Model_5839_cf_woTemplates_model_3_multimer_v2_pred_30.pdb,awaiting_extract,"MassiveFold model pool index only. It parses organizer-provided external model tarball listings and stages balanced extraction/rerank candidates. These models remain external rerank and accuracy-estimation inputs, not internal predictions, not CASP submissions, and not competitive-proof evidence."
2,H2324,H2324_T328,13011,H2324_all_pdbs/Model_9039_cf_woTemplates_model_3_multimer_v2_pred_53.pdb,Model_9039_cf_woTemplates_model_3_multimer_v2_pred_53.pdb,9039,CF,cf_woTemplates_multimer_v2,,3,53,cf_woTemplates_v2,,False,casp17/massivefold_external_pool_intake/h2324_t328/extracted_models/H2324_all_pdbs/Model_9039_cf_woTemplates_model_3_multimer_v2_pred_53.pdb,awaiting_extract,"MassiveFold model pool index only. It parses organizer-provided external model tarball listings and stages balanced extraction/rerank candidates. These models remain external rerank and accuracy-estimation inputs, not internal predictions, not CASP submissions, and not competitive-proof evidence."
2,H2324,H2324_T328,13041,H2324_all_pdbs/Model_2854_cf_woTemplates_model_1_multimer_v2_pred_45.pdb,Model_2854_cf_woTemplates_model_1_multimer_v2_pred_45.pdb,2854,CF,cf_woTemplates_multimer_v2,,1,45,cf_woTemplates_v2,,False,casp17/massivefold_external_pool_intake/h2324_t328/extracted_models/H2324_all_pdbs/Model_2854_cf_woTemplates_model_1_multimer_v2_pred_45.pdb,awaiting_extract,"MassiveFold model pool index only. It parses organizer-provided external model tarball listings and stages balanced extraction/rerank candidates. These models remain external rerank and accuracy-estimation inputs, not internal predictions, not CASP submissions, and not competitive-proof evidence."
2,H2324,H2324_T328,13077,H2324_all_pdbs/Model_1783_cf_woTemplates_model_1_multimer_v2_pred_14.pdb,Model_1783_cf_woTemplates_model_1_multimer_v2_pred_14.pdb,1783,CF,cf_woTemplates_multimer_v2,,1,14,cf_woTemplates_v2,,False,casp17/massivefold_external_pool_intake/h2324_t328/extracted_models/H2324_all_pdbs/Model_1783_cf_woTemplates_model_1_multimer_v2_pred_14.pdb,awaiting_extract,"MassiveFold model pool index only. It parses organizer-provided external model tarball listings and stages balanced extraction/rerank candidates. These models remain external rerank and accuracy-estimation inputs, not internal predictions, not CASP submissions, and not competitive-proof evidence."
2,H2324,H2324_T328,13111,H2324_all_pdbs/Model_4717_cf_woTemplates_model_5_multimer_v2_pred_63.pdb,Model_4717_cf_woTemplates_model_5_multimer_v2_pred_63.pdb,4717,CF,cf_woTemplates_multimer_v2,,5,63,cf_woTemplates_v2,,False,casp17/massivefold_external_pool_intake/h2324_t328/extracted_models/H2324_all_pdbs/Model_4717_cf_woTemplates_model_5_multimer_v2_pred_63.pdb,awaiting_extract,"MassiveFold model pool index only. It parses organizer-provided external model tarball listings and stages balanced extraction/rerank candidates. These models remain external rerank and accuracy-estimation inputs, not internal predictions, not CASP submissions, and not competitive-proof evidence."
2,H2324,H2324_T328,13149,H2324_all_pdbs/Model_3270_cf_woTemplates_model_4_multimer_v2_pred_60.pdb,Model_3270_cf_woTemplates_model_4_multimer_v2_pred_60.pdb,3270,CF,cf_woTemplates_multimer_v2,,4,60,cf_woTemplates_v2,,False,casp17/massivefold_external_pool_intake/h2324_t328/extracted_models/H2324_all_pdbs/Model_3270_cf_woTemplates_model_4_multimer_v2_pred_60.pdb,awaiting_extract,"MassiveFold model pool index only. It parses organizer-provided external model tarball listings and stages balanced extraction/rerank candidates. These models remain external rerank and accuracy-estimation inputs, not internal predictions, not CASP submissions, and not competitive-proof evidence."
2,H2324,H2324_T328,13245,H2324_all_pdbs/Model_1959_cf_woTemplates_model_1_multimer_v2_pred_4.pdb,Model_1959_cf_woTemplates_model_1_multimer_v2_pred_4.pdb,1959,CF,cf_woTemplates_multimer_v2,,1,4,cf_woTemplates_v2,,False,casp17/massivefold_external_pool_intake/h2324_t328/extracted_models/H2324_all_pdbs/Model_1959_cf_woTemplates_model_1_multimer_v2_pred_4.pdb,awaiting_extract,"MassiveFold model pool index only. It parses organizer-provided external model tarball listings and stages balanced extraction/rerank candidates. These models remain external rerank and accuracy-estimation inputs, not internal predictions, not CASP submissions, and not competitive-proof evidence."
2,H2324,H2324_T328,13249,H2324_all_pdbs/Model_1646_cf_woTemplates_model_1_multimer_v2_pred_16.pdb,Model_1646_cf_woTemplates_model_1_multimer_v2_pred_16.pdb,1646,CF,cf_woTemplates_multimer_v2,,1,16,cf_woTemplates_v2,,False,casp17/massivefold_external_pool_intake/h2324_t328/extracted_models/H2324_all_pdbs/Model_1646_cf_woTemplates_model_1_multimer_v2_pred_16.pdb,awaiting_extract,"MassiveFold model pool index only. It parses organizer-provided external model tarball listings and stages balanced extraction/rerank candidates. These models remain external rerank and accuracy-estimation inputs, not internal predictions, not CASP submissions, and not competitive-proof evidence."
2,H2324,H2324_T328,13250,H2324_all_pdbs/Model_4742_cf_woTemplates_model_3_multimer_v2_pred_40.pdb,Model_4742_cf_woTemplates_model_3_multimer_v2_pred_40.pdb,4742,CF,cf_woTemplates_multimer_v2,,3,40,cf_woTemplates_v2,,False,casp17/massivefold_external_pool_intake/h2324_t328/extracted_models/H2324_all_pdbs/Model_4742_cf_woTemplates_model_3_multimer_v2_pred_40.pdb,awaiting_extract,"MassiveFold model pool index only. It parses organizer-provided external model tarball listings and stages balanced extraction/rerank candidates. These models remain external rerank and accuracy-estimation inputs, not internal predictions, not CASP submissions, and not competitive-proof evidence."
2,H2324,H2324_T328,13265,H2324_all_pdbs/Model_3852_cf_woTemplates_model_4_multimer_v2_pred_52.pdb,Model_3852_cf_woTemplates_model_4_multimer_v2_pred_52.pdb,3852,CF,cf_woTemplates_multimer_v2,,4,52,cf_woTemplates_v2,,False,casp17/massivefold_external_pool_intake/h2324_t328/extracted_models/H2324_all_pdbs/Model_3852_cf_woTemplates_model_4_multimer_v2_pred_52.pdb,awaiting_extract,"MassiveFold model pool index only. It parses organizer-provided external model tarball listings and stages balanced extraction/rerank candidates. These models remain external rerank and accuracy-estimation inputs, not internal predictions, not CASP submissions, and not competitive-proof evidence."
2,H2324,H2324_T328,13324,H2324_all_pdbs/Model_6563_cf_woTemplates_model_3_multimer_v2_pred_26.pdb,Model_6563_cf_woTemplates_model_3_multimer_v2_pred_26.pdb,6563,CF,cf_woTemplates_multimer_v2,,3,26,cf_woTemplates_v2,,False,casp17/massivefold_external_pool_intake/h2324_t328/extracted_models/H2324_all_pdbs/Model_6563_cf_woTemplates_model_3_multimer_v2_pred_26.pdb,awaiting_extract,"MassiveFold model pool index only. It parses organizer-provided external model tarball listings and stages balanced extraction/rerank candidates. These models remain external rerank and accuracy-estimation inputs, not internal predictions, not CASP submissions, and not competitive-proof evidence."
2,H2324,H2324_T328,13347,H2324_all_pdbs/Model_5734_cf_woTemplates_model_3_multimer_v2_pred_36.pdb,Model_5734_cf_woTemplates_model_3_multimer_v2_pred_36.pdb,5734,CF,cf_woTemplates_multimer_v2,,3,36,cf_woTemplates_v2,,False,casp17/massivefold_external_pool_intake/h2324_t328/extracted_models/H2324_all_pdbs/Model_5734_cf_woTemplates_model_3_multimer_v2_pred_36.pdb,awaiting_extract,"MassiveFold model pool index only. It parses organizer-provided external model tarball listings and stages balanced extraction/rerank candidates. These models remain external rerank and accuracy-estimation inputs, not internal predictions, not CASP submissions, and not competitive-proof evidence."
2,H2324,H2324_T328,13425,H2324_all_pdbs/Model_6178_cf_woTemplates_model_4_multimer_v2_pred_17.pdb,Model_6178_cf_woTemplates_model_4_multimer_v2_pred_17.pdb,6178,CF,cf_woTemplates_multimer_v2,,4,17,cf_woTemplates_v2,,False,casp17/massivefold_external_pool_intake/h2324_t328/extracted_models/H2324_all_pdbs/Model_6178_cf_woTemplates_model_4_multimer_v2_pred_17.pdb,awaiting_extract,"MassiveFold model pool index only. It parses organizer-provided external model tarball listings and stages balanced extraction/rerank candidates. These models remain external rerank and accuracy-estimation inputs, not internal predictions, not CASP submissions, and not competitive-proof evidence."
2,H2324,H2324_T328,13476,H2324_all_pdbs/Model_1990_cf_woTemplates_model_1_multimer_v2_pred_64.pdb,Model_1990_cf_woTemplates_model_1_multimer_v2_pred_64.pdb,1990,CF,cf_woTemplates_multimer_v2,,1,64,cf_woTemplates_v2,,False,casp17/massivefold_external_pool_intake/h2324_t328/extracted_models/H2324_all_pdbs/Model_1990_cf_woTemplates_model_1_multimer_v2_pred_64.pdb,awaiting_extract,"MassiveFold model pool index only. It parses organizer-provided external model tarball listings and stages balanced extraction/rerank candidates. These models remain external rerank and accuracy-estimation inputs, not internal predictions, not CASP submissions, and not competitive-proof evidence."
2,H2324,H2324_T328,13566,H2324_all_pdbs/Model_4275_cf_woTemplates_model_2_multimer_v2_pred_32.pdb,Model_4275_cf_woTemplates_model_2_multimer_v2_pred_32.pdb,4275,CF,cf_woTemplates_multimer_v2,,2,32,cf_woTemplates_v2,,False,casp17/massivefold_external_pool_intake/h2324_t328/extracted_models/H2324_all_pdbs/Model_4275_cf_woTemplates_model_2_multimer_v2_pred_32.pdb,awaiting_extract,"MassiveFold model pool index only. It parses organizer-provided external model tarball listings and stages balanced extraction/rerank candidates. These models remain external rerank and accuracy-estimation inputs, not internal predictions, not CASP submissions, and not competitive-proof evidence."
2,H2324,H2324_T328,13622,H2324_all_pdbs/Model_7362_cf_woTemplates_model_3_multimer_v2_pred_45.pdb,Model_7362_cf_woTemplates_model_3_multimer_v2_pred_45.pdb,7362,CF,cf_woTemplates_multimer_v2,,3,45,cf_woTemplates_v2,,False,casp17/massivefold_external_pool_intake/h2324_t328/extracted_models/H2324_all_pdbs/Model_7362_cf_woTemplates_model_3_multimer_v2_pred_45.pdb,awaiting_extract,"MassiveFold model pool index only. It parses organizer-provided external model tarball listings and stages balanced extraction/rerank candidates. These models remain external rerank and accuracy-estimation inputs, not internal predictions, not CASP submissions, and not competitive-proof evidence."
2,H2324,H2324_T328,13641,H2324_all_pdbs/Model_2966_cf_woTemplates_model_2_multimer_v2_pred_51.pdb,Model_2966_cf_woTemplates_model_2_multimer_v2_pred_51.pdb,2966,CF,cf_woTemplates_multimer_v2,,2,51,cf_woTemplates_v2,,False,casp17/massivefold_external_pool_intake/h2324_t328/extracted_models/H2324_all_pdbs/Model_2966_cf_woTemplates_model_2_multimer_v2_pred_51.pdb,awaiting_extract,"MassiveFold model pool index only. It parses organizer-provided external model tarball listings and stages balanced extraction/rerank candidates. These models remain external rerank and accuracy-estimation inputs, not internal predictions, not CASP submissions, and not competitive-proof evidence."
2,H2324,H2324_T328,13642,H2324_all_pdbs/Model_5688_cf_woTemplates_model_4_multimer_v2_pred_40.pdb,Model_5688_cf_woTemplates_model_4_multimer_v2_pred_40.pdb,5688,CF,cf_woTemplates_multimer_v2,,4,40,cf_woTemplates_v2,,False,casp17/massivefold_external_pool_intake/h2324_t328/extracted_models/H2324_all_pdbs/Model_5688_cf_woTemplates_model_4_multimer_v2_pred_40.pdb,awaiting_extract,"MassiveFold model pool index only. It parses organizer-provided external model tarball listings and stages balanced extraction/rerank candidates. These models remain external rerank and accuracy-estimation inputs, not internal predictions, not CASP submissions, and not competitive-proof evidence."
2,H2324,H2324_T328,13663,H2324_all_pdbs/Model_2399_cf_woTemplates_model_2_multimer_v2_pred_13.pdb,Model_2399_cf_woTemplates_model_2_multimer_v2_pred_13.pdb,2399,CF,cf_woTemplates_multimer_v2,,2,13,cf_woTemplates_v2,,False,casp17/massivefold_external_pool_intake/h2324_t328/extracted_models/H2324_all_pdbs/Model_2399_cf_woTemplates_model_2_multimer_v2_pred_13.pdb,awaiting_extract,"MassiveFold model pool index only. It parses organizer-provided external model tarball listings and stages balanced extraction/rerank candidates. These models remain external rerank and accuracy-estimation inputs, not internal predictions, not CASP submissions, and not competitive-proof evidence."
2,H2324,H2324_T328,13668,H2324_all_pdbs/Model_7120_cf_woTemplates_model_3_multimer_v2_pred_4.pdb,Model_7120_cf_woTemplates_model_3_multimer_v2_pred_4.pdb,7120,CF,cf_woTemplates_multimer_v2,,3,4,cf_woTemplates_v2,,False,casp17/massivefold_external_pool_intake/h2324_t328/extracted_models/H2324_all_pdbs/Model_7120_cf_woTemplates_model_3_multimer_v2_pred_4.pdb,awaiting_extract,"MassiveFold model pool index only. It parses organizer-provided external model tarball listings and stages balanced extraction/rerank candidates. These models remain external rerank and accuracy-estimation inputs, not internal predictions, not CASP submissions, and not competitive-proof evidence."
2,H2324,H2324_T328,13670,H2324_all_pdbs/Model_3863_cf_woTemplates_model_5_multimer_v2_pred_8.pdb,Model_3863_cf_woTemplates_model_5_multimer_v2_pred_8.pdb,3863,CF,cf_woTemplates_multimer_v2,,5,8,cf_woTemplates_v2,,False,casp17/massivefold_external_pool_intake/h2324_t328/extracted_models/H2324_all_pdbs/Model_3863_cf_woTemplates_model_5_multimer_v2_pred_8.pdb,awaiting_extract,"MassiveFold model pool index only. It parses organizer-provided external model tarball listings and stages balanced extraction/rerank candidates. These models remain external rerank and accuracy-estimation inputs, not internal predictions, not CASP submissions, and not competitive-proof evidence."
2,H2324,H2324_T328,13678,H2324_all_pdbs/Model_1247_cf_woTemplates_model_1_multimer_v2_pred_22.pdb,Model_1247_cf_woTemplates_model_1_multimer_v2_pred_22.pdb,1247,CF,cf_woTemplates_multimer_v2,,1,22,cf_woTemplates_v2,,False,casp17/massivefold_external_pool_intake/h2324_t328/extracted_models/H2324_all_pdbs/Model_1247_cf_woTemplates_model_1_multimer_v2_pred_22.pdb,awaiting_extract,"MassiveFold model pool index only. It parses organizer-provided external model tarball listings and stages balanced extraction/rerank candidates. These models remain external rerank and accuracy-estimation inputs, not internal predictions, not CASP submissions, and not competitive-proof evidence."
2,H2324,H2324_T328,13785,H2324_all_pdbs/Model_2936_cf_woTemplates_model_5_multimer_v2_pred_50.pdb,Model_2936_cf_woTemplates_model_5_multimer_v2_pred_50.pdb,2936,CF,cf_woTemplates_multimer_v2,,5,50,cf_woTemplates_v2,,False,casp17/massivefold_external_pool_intake/h2324_t328/extracted_models/H2324_all_pdbs/Model_2936_cf_woTemplates_model_5_multimer_v2_pred_50.pdb,awaiting_extract,"MassiveFold model pool index only. It parses organizer-provided external model tarball listings and stages balanced extraction/rerank candidates. These models remain external rerank and accuracy-estimation inputs, not internal predictions, not CASP submissions, and not competitive-proof evidence."
2,H2324,H2324_T328,13792,H2324_all_pdbs/Model_3884_cf_woTemplates_model_5_multimer_v2_pred_34.pdb,Model_3884_cf_woTemplates_model_5_multimer_v2_pred_34.pdb,3884,CF,cf_woTemplates_multimer_v2,,5,34,cf_woTemplates_v2,,False,casp17/massivefold_external_pool_intake/h2324_t328/extracted_models/H2324_all_pdbs/Model_3884_cf_woTemplates_model_5_multimer_v2_pred_34.pdb,awaiting_extract,"MassiveFold model pool index only. It parses organizer-provided external model tarball listings and stages balanced extraction/rerank candidates. These models remain external rerank and accuracy-estimation inputs, not internal predictions, not CASP submissions, and not competitive-proof evidence."
2,H2324,H2324_T328,13815,H2324_all_pdbs/Model_1114_cf_woTemplates_model_1_multimer_v2_pred_44.pdb,Model_1114_cf_woTemplates_model_1_multimer_v2_pred_44.pdb,1114,CF,cf_woTemplates_multimer_v2,,1,44,cf_woTemplates_v2,,False,casp17/massivefold_external_pool_intake/h2324_t328/extracted_models/H2324_all_pdbs/Model_1114_cf_woTemplates_model_1_multimer_v2_pred_44.pdb,awaiting_extract,"MassiveFold model pool index only. It parses organizer-provided external model tarball listings and stages balanced extraction/rerank candidates. These models remain external rerank and accuracy-estimation inputs, not internal predictions, not CASP submissions, and not competitive-proof evidence."
2,H2324,H2324_T328,13816,H2324_all_pdbs/Model_3534_cf_woTemplates_model_5_multimer_v2_pred_27.pdb,Model_3534_cf_woTemplates_model_5_multimer_v2_pred_27.pdb,3534,CF,cf_woTemplates_multimer_v2,,5,27,cf_woTemplates_v2,,False,casp17/massivefold_external_pool_intake/h2324_t328/extracted_models/H2324_all_pdbs/Model_3534_cf_woTemplates_model_5_multimer_v2_pred_27.pdb,awaiting_extract,"MassiveFold model pool index only. It parses organizer-provided external model tarball listings and stages balanced extraction/rerank candidates. These models remain external rerank and accuracy-estimation inputs, not internal predictions, not CASP submissions, and not competitive-proof evidence."
2,H2324,H2324_T328,13852,H2324_all_pdbs/Model_5675_cf_woTemplates_model_4_multimer_v2_pred_27.pdb,Model_5675_cf_woTemplates_model_4_multimer_v2_pred_27.pdb,5675,CF,cf_woTemplates_multimer_v2,,4,27,cf_woTemplates_v2,,False,casp17/massivefold_external_pool_intake/h2324_t328/extracted_models/H2324_all_pdbs/Model_5675_cf_woTemplates_model_4_multimer_v2_pred_27.pdb,awaiting_extract,"MassiveFold model pool index only. It parses organizer-provided external model tarball listings and stages balanced extraction/rerank candidates. These models remain external rerank and accuracy-estimation inputs, not internal predictions, not CASP submissions, and not competitive-proof evidence."
2,H2324,H2324_T328,13905,H2324_all_pdbs/Model_2676_cf_woTemplates_model_2_multimer_v2_pred_45.pdb,Model_2676_cf_woTemplates_model_2_multimer_v2_pred_45.pdb,2676,CF,cf_woTemplates_multimer_v2,,2,45,cf_woTemplates_v2,,False,casp17/massivefold_external_pool_intake/h2324_t328/extracted_models/H2324_all_pdbs/Model_2676_cf_woTemplates_model_2_multimer_v2_pred_45.pdb,awaiting_extract,"MassiveFold model pool index only. It parses organizer-provided external model tarball listings and stages balanced extraction/rerank candidates. These models remain external rerank and accuracy-estimation inputs, not internal predictions, not CASP submissions, and not competitive-proof evidence."
2,H2324,H2324_T328,13925,H2324_all_pdbs/Model_3536_cf_woTemplates_model_5_multimer_v2_pred_65.pdb,Model_3536_cf_woTemplates_model_5_multimer_v2_pred_65.pdb,3536,CF,cf_woTemplates_multimer_v2,,5,65,cf_woTemplates_v2,,False,casp17/massivefold_external_pool_intake/h2324_t328/extracted_models/H2324_all_pdbs/Model_3536_cf_woTemplates_model_5_multimer_v2_pred_65.pdb,awaiting_extract,"MassiveFold model pool index only. It parses organizer-provided external model tarball listings and stages balanced extraction/rerank candidates. These models remain external rerank and accuracy-estimation inputs, not internal predictions, not CASP submissions, and not competitive-proof evidence."
2,H2324,H2324_T328,13928,H2324_all_pdbs/Model_5296_cf_woTemplates_model_4_multimer_v2_pred_19.pdb,Model_5296_cf_woTemplates_model_4_multimer_v2_pred_19.pdb,5296,CF,cf_woTemplates_multimer_v2,,4,19,cf_woTemplates_v2,,False,casp17/massivefold_external_pool_intake/h2324_t328/extracted_models/H2324_all_pdbs/Model_5296_cf_woTemplates_model_4_multimer_v2_pred_19.pdb,awaiting_extract,"MassiveFold model pool index only. It parses organizer-provided external model tarball listings and stages balanced extraction/rerank candidates. These models remain external rerank and accuracy-estimation inputs, not internal predictions, not CASP submissions, and not competitive-proof evidence."
2,H2324,H2324_T328,13950,H2324_all_pdbs/Model_3599_cf_woTemplates_model_5_multimer_v2_pred_21.pdb,Model_3599_cf_woTemplates_model_5_multimer_v2_pred_21.pdb,3599,CF,cf_woTemplates_multimer_v2,,5,21,cf_woTemplates_v2,,False,casp17/massivefold_external_pool_intake/h2324_t328/extracted_models/H2324_all_pdbs/Model_3599_cf_woTemplates_model_5_multimer_v2_pred_21.pdb,awaiting_extract,"MassiveFold model pool index only. It parses organizer-provided external model tarball listings and stages balanced extraction/rerank candidates. These models remain external rerank and accuracy-estimation inputs, not internal predictions, not CASP submissions, and not competitive-proof evidence."
2,H2324,H2324_T328,13975,H2324_all_pdbs/Model_3044_cf_woTemplates_model_5_multimer_v2_pred_58.pdb,Model_3044_cf_woTemplates_model_5_multimer_v2_pred_58.pdb,3044,CF,cf_woTemplates_multimer_v2,,5,58,cf_woTemplates_v2,,False,casp17/massivefold_external_pool_intake/h2324_t328/extracted_models/H2324_all_pdbs/Model_3044_cf_woTemplates_model_5_multimer_v2_pred_58.pdb,awaiting_extract,"MassiveFold model pool index only. It parses organizer-provided external model tarball listings and stages balanced extraction/rerank candidates. These models remain external rerank and accuracy-estimation inputs, not internal predictions, not CASP submissions, and not competitive-proof evidence."
