pool_rank,target_id,model_set_id,model_rank,tar_member_path,filename,model_serial,af_engine,af_protocol,seed,sample,pred,rerank_bucket,selection_rank,selected_for_balanced_extract,extract_destination,extraction_status,claim_boundary
6,H2339,H2339_T332,17,H2339_all_pdbs/Model_5603_afm_dropout_04_woTemplates_model_3_multimer_v2_pred_29.pdb,Model_5603_afm_dropout_04_woTemplates_model_3_multimer_v2_pred_29.pdb,5603,AFM,afm_dropout_04_woTemplates_multimer_v2,,3,29,afm_dropout_04_woTemplates_v2,,False,casp17/massivefold_external_pool_intake/h2339_t332/extracted_models/H2339_all_pdbs/Model_5603_afm_dropout_04_woTemplates_model_3_multimer_v2_pred_29.pdb,awaiting_extract,"MassiveFold model pool index only. It parses organizer-provided external model tarball listings and stages balanced extraction/rerank candidates. These models remain external rerank and accuracy-estimation inputs, not internal predictions, not CASP submissions, and not competitive-proof evidence."
6,H2339,H2339_T332,78,H2339_all_pdbs/Model_10282_afm_dropout_04_woTemplates_model_4_multimer_v2_pred_38.pdb,Model_10282_afm_dropout_04_woTemplates_model_4_multimer_v2_pred_38.pdb,10282,AFM,afm_dropout_04_woTemplates_multimer_v2,,4,38,afm_dropout_04_woTemplates_v2,,False,casp17/massivefold_external_pool_intake/h2339_t332/extracted_models/H2339_all_pdbs/Model_10282_afm_dropout_04_woTemplates_model_4_multimer_v2_pred_38.pdb,awaiting_extract,"MassiveFold model pool index only. It parses organizer-provided external model tarball listings and stages balanced extraction/rerank candidates. These models remain external rerank and accuracy-estimation inputs, not internal predictions, not CASP submissions, and not competitive-proof evidence."
6,H2339,H2339_T332,127,H2339_all_pdbs/Model_1216_afm_dropout_04_woTemplates_model_5_multimer_v2_pred_17.pdb,Model_1216_afm_dropout_04_woTemplates_model_5_multimer_v2_pred_17.pdb,1216,AFM,afm_dropout_04_woTemplates_multimer_v2,,5,17,afm_dropout_04_woTemplates_v2,,False,casp17/massivefold_external_pool_intake/h2339_t332/extracted_models/H2339_all_pdbs/Model_1216_afm_dropout_04_woTemplates_model_5_multimer_v2_pred_17.pdb,awaiting_extract,"MassiveFold model pool index only. It parses organizer-provided external model tarball listings and stages balanced extraction/rerank candidates. These models remain external rerank and accuracy-estimation inputs, not internal predictions, not CASP submissions, and not competitive-proof evidence."
6,H2339,H2339_T332,140,H2339_all_pdbs/Model_871_afm_dropout_04_woTemplates_model_1_multimer_v2_pred_53.pdb,Model_871_afm_dropout_04_woTemplates_model_1_multimer_v2_pred_53.pdb,871,AFM,afm_dropout_04_woTemplates_multimer_v2,,1,53,afm_dropout_04_woTemplates_v2,,False,casp17/massivefold_external_pool_intake/h2339_t332/extracted_models/H2339_all_pdbs/Model_871_afm_dropout_04_woTemplates_model_1_multimer_v2_pred_53.pdb,awaiting_extract,"MassiveFold model pool index only. It parses organizer-provided external model tarball listings and stages balanced extraction/rerank candidates. These models remain external rerank and accuracy-estimation inputs, not internal predictions, not CASP submissions, and not competitive-proof evidence."
6,H2339,H2339_T332,170,H2339_all_pdbs/Model_4042_afm_dropout_04_woTemplates_model_3_multimer_v2_pred_14.pdb,Model_4042_afm_dropout_04_woTemplates_model_3_multimer_v2_pred_14.pdb,4042,AFM,afm_dropout_04_woTemplates_multimer_v2,,3,14,afm_dropout_04_woTemplates_v2,,False,casp17/massivefold_external_pool_intake/h2339_t332/extracted_models/H2339_all_pdbs/Model_4042_afm_dropout_04_woTemplates_model_3_multimer_v2_pred_14.pdb,awaiting_extract,"MassiveFold model pool index only. It parses organizer-provided external model tarball listings and stages balanced extraction/rerank candidates. These models remain external rerank and accuracy-estimation inputs, not internal predictions, not CASP submissions, and not competitive-proof evidence."
6,H2339,H2339_T332,172,H2339_all_pdbs/Model_3656_afm_dropout_04_woTemplates_model_2_multimer_v2_pred_39.pdb,Model_3656_afm_dropout_04_woTemplates_model_2_multimer_v2_pred_39.pdb,3656,AFM,afm_dropout_04_woTemplates_multimer_v2,,2,39,afm_dropout_04_woTemplates_v2,,False,casp17/massivefold_external_pool_intake/h2339_t332/extracted_models/H2339_all_pdbs/Model_3656_afm_dropout_04_woTemplates_model_2_multimer_v2_pred_39.pdb,awaiting_extract,"MassiveFold model pool index only. It parses organizer-provided external model tarball listings and stages balanced extraction/rerank candidates. These models remain external rerank and accuracy-estimation inputs, not internal predictions, not CASP submissions, and not competitive-proof evidence."
6,H2339,H2339_T332,471,H2339_all_pdbs/Model_6364_afm_dropout_04_woTemplates_model_4_multimer_v2_pred_52.pdb,Model_6364_afm_dropout_04_woTemplates_model_4_multimer_v2_pred_52.pdb,6364,AFM,afm_dropout_04_woTemplates_multimer_v2,,4,52,afm_dropout_04_woTemplates_v2,,False,casp17/massivefold_external_pool_intake/h2339_t332/extracted_models/H2339_all_pdbs/Model_6364_afm_dropout_04_woTemplates_model_4_multimer_v2_pred_52.pdb,awaiting_extract,"MassiveFold model pool index only. It parses organizer-provided external model tarball listings and stages balanced extraction/rerank candidates. These models remain external rerank and accuracy-estimation inputs, not internal predictions, not CASP submissions, and not competitive-proof evidence."
6,H2339,H2339_T332,520,H2339_all_pdbs/Model_1283_afm_dropout_04_woTemplates_model_5_multimer_v2_pred_7.pdb,Model_1283_afm_dropout_04_woTemplates_model_5_multimer_v2_pred_7.pdb,1283,AFM,afm_dropout_04_woTemplates_multimer_v2,,5,7,afm_dropout_04_woTemplates_v2,,False,casp17/massivefold_external_pool_intake/h2339_t332/extracted_models/H2339_all_pdbs/Model_1283_afm_dropout_04_woTemplates_model_5_multimer_v2_pred_7.pdb,awaiting_extract,"MassiveFold model pool index only. It parses organizer-provided external model tarball listings and stages balanced extraction/rerank candidates. These models remain external rerank and accuracy-estimation inputs, not internal predictions, not CASP submissions, and not competitive-proof evidence."
6,H2339,H2339_T332,548,H2339_all_pdbs/Model_599_afm_dropout_04_woTemplates_model_1_multimer_v2_pred_44.pdb,Model_599_afm_dropout_04_woTemplates_model_1_multimer_v2_pred_44.pdb,599,AFM,afm_dropout_04_woTemplates_multimer_v2,,1,44,afm_dropout_04_woTemplates_v2,,False,casp17/massivefold_external_pool_intake/h2339_t332/extracted_models/H2339_all_pdbs/Model_599_afm_dropout_04_woTemplates_model_1_multimer_v2_pred_44.pdb,awaiting_extract,"MassiveFold model pool index only. It parses organizer-provided external model tarball listings and stages balanced extraction/rerank candidates. These models remain external rerank and accuracy-estimation inputs, not internal predictions, not CASP submissions, and not competitive-proof evidence."
6,H2339,H2339_T332,566,H2339_all_pdbs/Model_1662_afm_dropout_04_woTemplates_model_2_multimer_v2_pred_23.pdb,Model_1662_afm_dropout_04_woTemplates_model_2_multimer_v2_pred_23.pdb,1662,AFM,afm_dropout_04_woTemplates_multimer_v2,,2,23,afm_dropout_04_woTemplates_v2,,False,casp17/massivefold_external_pool_intake/h2339_t332/extracted_models/H2339_all_pdbs/Model_1662_afm_dropout_04_woTemplates_model_2_multimer_v2_pred_23.pdb,awaiting_extract,"MassiveFold model pool index only. It parses organizer-provided external model tarball listings and stages balanced extraction/rerank candidates. These models remain external rerank and accuracy-estimation inputs, not internal predictions, not CASP submissions, and not competitive-proof evidence."
6,H2339,H2339_T332,580,H2339_all_pdbs/Model_5506_afm_dropout_04_woTemplates_model_1_multimer_v2_pred_19.pdb,Model_5506_afm_dropout_04_woTemplates_model_1_multimer_v2_pred_19.pdb,5506,AFM,afm_dropout_04_woTemplates_multimer_v2,,1,19,afm_dropout_04_woTemplates_v2,,False,casp17/massivefold_external_pool_intake/h2339_t332/extracted_models/H2339_all_pdbs/Model_5506_afm_dropout_04_woTemplates_model_1_multimer_v2_pred_19.pdb,awaiting_extract,"MassiveFold model pool index only. It parses organizer-provided external model tarball listings and stages balanced extraction/rerank candidates. These models remain external rerank and accuracy-estimation inputs, not internal predictions, not CASP submissions, and not competitive-proof evidence."
6,H2339,H2339_T332,604,H2339_all_pdbs/Model_3553_afm_dropout_04_woTemplates_model_1_multimer_v2_pred_20.pdb,Model_3553_afm_dropout_04_woTemplates_model_1_multimer_v2_pred_20.pdb,3553,AFM,afm_dropout_04_woTemplates_multimer_v2,,1,20,afm_dropout_04_woTemplates_v2,,False,casp17/massivefold_external_pool_intake/h2339_t332/extracted_models/H2339_all_pdbs/Model_3553_afm_dropout_04_woTemplates_model_1_multimer_v2_pred_20.pdb,awaiting_extract,"MassiveFold model pool index only. It parses organizer-provided external model tarball listings and stages balanced extraction/rerank candidates. These models remain external rerank and accuracy-estimation inputs, not internal predictions, not CASP submissions, and not competitive-proof evidence."
6,H2339,H2339_T332,630,H2339_all_pdbs/Model_3395_afm_dropout_04_woTemplates_model_3_multimer_v2_pred_53.pdb,Model_3395_afm_dropout_04_woTemplates_model_3_multimer_v2_pred_53.pdb,3395,AFM,afm_dropout_04_woTemplates_multimer_v2,,3,53,afm_dropout_04_woTemplates_v2,,False,casp17/massivefold_external_pool_intake/h2339_t332/extracted_models/H2339_all_pdbs/Model_3395_afm_dropout_04_woTemplates_model_3_multimer_v2_pred_53.pdb,awaiting_extract,"MassiveFold model pool index only. It parses organizer-provided external model tarball listings and stages balanced extraction/rerank candidates. These models remain external rerank and accuracy-estimation inputs, not internal predictions, not CASP submissions, and not competitive-proof evidence."
6,H2339,H2339_T332,633,H2339_all_pdbs/Model_3504_afm_dropout_04_woTemplates_model_1_multimer_v2_pred_59.pdb,Model_3504_afm_dropout_04_woTemplates_model_1_multimer_v2_pred_59.pdb,3504,AFM,afm_dropout_04_woTemplates_multimer_v2,,1,59,afm_dropout_04_woTemplates_v2,,False,casp17/massivefold_external_pool_intake/h2339_t332/extracted_models/H2339_all_pdbs/Model_3504_afm_dropout_04_woTemplates_model_1_multimer_v2_pred_59.pdb,awaiting_extract,"MassiveFold model pool index only. It parses organizer-provided external model tarball listings and stages balanced extraction/rerank candidates. These models remain external rerank and accuracy-estimation inputs, not internal predictions, not CASP submissions, and not competitive-proof evidence."
6,H2339,H2339_T332,644,H2339_all_pdbs/Model_1569_afm_dropout_04_woTemplates_model_2_multimer_v2_pred_40.pdb,Model_1569_afm_dropout_04_woTemplates_model_2_multimer_v2_pred_40.pdb,1569,AFM,afm_dropout_04_woTemplates_multimer_v2,,2,40,afm_dropout_04_woTemplates_v2,,False,casp17/massivefold_external_pool_intake/h2339_t332/extracted_models/H2339_all_pdbs/Model_1569_afm_dropout_04_woTemplates_model_2_multimer_v2_pred_40.pdb,awaiting_extract,"MassiveFold model pool index only. It parses organizer-provided external model tarball listings and stages balanced extraction/rerank candidates. These models remain external rerank and accuracy-estimation inputs, not internal predictions, not CASP submissions, and not competitive-proof evidence."
6,H2339,H2339_T332,651,H2339_all_pdbs/Model_8126_afm_dropout_04_woTemplates_model_2_multimer_v2_pred_28.pdb,Model_8126_afm_dropout_04_woTemplates_model_2_multimer_v2_pred_28.pdb,8126,AFM,afm_dropout_04_woTemplates_multimer_v2,,2,28,afm_dropout_04_woTemplates_v2,,False,casp17/massivefold_external_pool_intake/h2339_t332/extracted_models/H2339_all_pdbs/Model_8126_afm_dropout_04_woTemplates_model_2_multimer_v2_pred_28.pdb,awaiting_extract,"MassiveFold model pool index only. It parses organizer-provided external model tarball listings and stages balanced extraction/rerank candidates. These models remain external rerank and accuracy-estimation inputs, not internal predictions, not CASP submissions, and not competitive-proof evidence."
6,H2339,H2339_T332,690,H2339_all_pdbs/Model_4776_afm_dropout_04_woTemplates_model_3_multimer_v2_pred_22.pdb,Model_4776_afm_dropout_04_woTemplates_model_3_multimer_v2_pred_22.pdb,4776,AFM,afm_dropout_04_woTemplates_multimer_v2,,3,22,afm_dropout_04_woTemplates_v2,,False,casp17/massivefold_external_pool_intake/h2339_t332/extracted_models/H2339_all_pdbs/Model_4776_afm_dropout_04_woTemplates_model_3_multimer_v2_pred_22.pdb,awaiting_extract,"MassiveFold model pool index only. It parses organizer-provided external model tarball listings and stages balanced extraction/rerank candidates. These models remain external rerank and accuracy-estimation inputs, not internal predictions, not CASP submissions, and not competitive-proof evidence."
6,H2339,H2339_T332,743,H2339_all_pdbs/Model_6286_afm_dropout_04_woTemplates_model_4_multimer_v2_pred_36.pdb,Model_6286_afm_dropout_04_woTemplates_model_4_multimer_v2_pred_36.pdb,6286,AFM,afm_dropout_04_woTemplates_multimer_v2,,4,36,afm_dropout_04_woTemplates_v2,,False,casp17/massivefold_external_pool_intake/h2339_t332/extracted_models/H2339_all_pdbs/Model_6286_afm_dropout_04_woTemplates_model_4_multimer_v2_pred_36.pdb,awaiting_extract,"MassiveFold model pool index only. It parses organizer-provided external model tarball listings and stages balanced extraction/rerank candidates. These models remain external rerank and accuracy-estimation inputs, not internal predictions, not CASP submissions, and not competitive-proof evidence."
6,H2339,H2339_T332,747,H2339_all_pdbs/Model_4327_afm_dropout_04_woTemplates_model_1_multimer_v2_pred_24.pdb,Model_4327_afm_dropout_04_woTemplates_model_1_multimer_v2_pred_24.pdb,4327,AFM,afm_dropout_04_woTemplates_multimer_v2,,1,24,afm_dropout_04_woTemplates_v2,,False,casp17/massivefold_external_pool_intake/h2339_t332/extracted_models/H2339_all_pdbs/Model_4327_afm_dropout_04_woTemplates_model_1_multimer_v2_pred_24.pdb,awaiting_extract,"MassiveFold model pool index only. It parses organizer-provided external model tarball listings and stages balanced extraction/rerank candidates. These models remain external rerank and accuracy-estimation inputs, not internal predictions, not CASP submissions, and not competitive-proof evidence."
6,H2339,H2339_T332,774,H2339_all_pdbs/Model_3209_afm_dropout_04_woTemplates_model_5_multimer_v2_pred_61.pdb,Model_3209_afm_dropout_04_woTemplates_model_5_multimer_v2_pred_61.pdb,3209,AFM,afm_dropout_04_woTemplates_multimer_v2,,5,61,afm_dropout_04_woTemplates_v2,,False,casp17/massivefold_external_pool_intake/h2339_t332/extracted_models/H2339_all_pdbs/Model_3209_afm_dropout_04_woTemplates_model_5_multimer_v2_pred_61.pdb,awaiting_extract,"MassiveFold model pool index only. It parses organizer-provided external model tarball listings and stages balanced extraction/rerank candidates. These models remain external rerank and accuracy-estimation inputs, not internal predictions, not CASP submissions, and not competitive-proof evidence."
6,H2339,H2339_T332,784,H2339_all_pdbs/Model_1060_afm_dropout_04_woTemplates_model_2_multimer_v2_pred_12.pdb,Model_1060_afm_dropout_04_woTemplates_model_2_multimer_v2_pred_12.pdb,1060,AFM,afm_dropout_04_woTemplates_multimer_v2,,2,12,afm_dropout_04_woTemplates_v2,,False,casp17/massivefold_external_pool_intake/h2339_t332/extracted_models/H2339_all_pdbs/Model_1060_afm_dropout_04_woTemplates_model_2_multimer_v2_pred_12.pdb,awaiting_extract,"MassiveFold model pool index only. It parses organizer-provided external model tarball listings and stages balanced extraction/rerank candidates. These models remain external rerank and accuracy-estimation inputs, not internal predictions, not CASP submissions, and not competitive-proof evidence."
6,H2339,H2339_T332,788,H2339_all_pdbs/Model_3601_afm_dropout_04_woTemplates_model_3_multimer_v2_pred_37.pdb,Model_3601_afm_dropout_04_woTemplates_model_3_multimer_v2_pred_37.pdb,3601,AFM,afm_dropout_04_woTemplates_multimer_v2,,3,37,afm_dropout_04_woTemplates_v2,,False,casp17/massivefold_external_pool_intake/h2339_t332/extracted_models/H2339_all_pdbs/Model_3601_afm_dropout_04_woTemplates_model_3_multimer_v2_pred_37.pdb,awaiting_extract,"MassiveFold model pool index only. It parses organizer-provided external model tarball listings and stages balanced extraction/rerank candidates. These models remain external rerank and accuracy-estimation inputs, not internal predictions, not CASP submissions, and not competitive-proof evidence."
6,H2339,H2339_T332,808,H2339_all_pdbs/Model_806_afm_dropout_04_woTemplates_model_1_multimer_v2_pred_46.pdb,Model_806_afm_dropout_04_woTemplates_model_1_multimer_v2_pred_46.pdb,806,AFM,afm_dropout_04_woTemplates_multimer_v2,,1,46,afm_dropout_04_woTemplates_v2,,False,casp17/massivefold_external_pool_intake/h2339_t332/extracted_models/H2339_all_pdbs/Model_806_afm_dropout_04_woTemplates_model_1_multimer_v2_pred_46.pdb,awaiting_extract,"MassiveFold model pool index only. It parses organizer-provided external model tarball listings and stages balanced extraction/rerank candidates. These models remain external rerank and accuracy-estimation inputs, not internal predictions, not CASP submissions, and not competitive-proof evidence."
6,H2339,H2339_T332,825,H2339_all_pdbs/Model_657_afm_dropout_04_woTemplates_model_5_multimer_v2_pred_54.pdb,Model_657_afm_dropout_04_woTemplates_model_5_multimer_v2_pred_54.pdb,657,AFM,afm_dropout_04_woTemplates_multimer_v2,,5,54,afm_dropout_04_woTemplates_v2,,False,casp17/massivefold_external_pool_intake/h2339_t332/extracted_models/H2339_all_pdbs/Model_657_afm_dropout_04_woTemplates_model_5_multimer_v2_pred_54.pdb,awaiting_extract,"MassiveFold model pool index only. It parses organizer-provided external model tarball listings and stages balanced extraction/rerank candidates. These models remain external rerank and accuracy-estimation inputs, not internal predictions, not CASP submissions, and not competitive-proof evidence."
6,H2339,H2339_T332,852,H2339_all_pdbs/Model_125_afm_dropout_04_woTemplates_model_4_multimer_v2_pred_44.pdb,Model_125_afm_dropout_04_woTemplates_model_4_multimer_v2_pred_44.pdb,125,AFM,afm_dropout_04_woTemplates_multimer_v2,,4,44,afm_dropout_04_woTemplates_v2,,False,casp17/massivefold_external_pool_intake/h2339_t332/extracted_models/H2339_all_pdbs/Model_125_afm_dropout_04_woTemplates_model_4_multimer_v2_pred_44.pdb,awaiting_extract,"MassiveFold model pool index only. It parses organizer-provided external model tarball listings and stages balanced extraction/rerank candidates. These models remain external rerank and accuracy-estimation inputs, not internal predictions, not CASP submissions, and not competitive-proof evidence."
6,H2339,H2339_T332,885,H2339_all_pdbs/Model_8623_afm_dropout_04_woTemplates_model_4_multimer_v2_pred_25.pdb,Model_8623_afm_dropout_04_woTemplates_model_4_multimer_v2_pred_25.pdb,8623,AFM,afm_dropout_04_woTemplates_multimer_v2,,4,25,afm_dropout_04_woTemplates_v2,,False,casp17/massivefold_external_pool_intake/h2339_t332/extracted_models/H2339_all_pdbs/Model_8623_afm_dropout_04_woTemplates_model_4_multimer_v2_pred_25.pdb,awaiting_extract,"MassiveFold model pool index only. It parses organizer-provided external model tarball listings and stages balanced extraction/rerank candidates. These models remain external rerank and accuracy-estimation inputs, not internal predictions, not CASP submissions, and not competitive-proof evidence."
6,H2339,H2339_T332,979,H2339_all_pdbs/Model_6055_afm_dropout_04_woTemplates_model_4_multimer_v2_pred_42.pdb,Model_6055_afm_dropout_04_woTemplates_model_4_multimer_v2_pred_42.pdb,6055,AFM,afm_dropout_04_woTemplates_multimer_v2,,4,42,afm_dropout_04_woTemplates_v2,,False,casp17/massivefold_external_pool_intake/h2339_t332/extracted_models/H2339_all_pdbs/Model_6055_afm_dropout_04_woTemplates_model_4_multimer_v2_pred_42.pdb,awaiting_extract,"MassiveFold model pool index only. It parses organizer-provided external model tarball listings and stages balanced extraction/rerank candidates. These models remain external rerank and accuracy-estimation inputs, not internal predictions, not CASP submissions, and not competitive-proof evidence."
6,H2339,H2339_T332,999,H2339_all_pdbs/Model_3951_afm_dropout_04_woTemplates_model_2_multimer_v2_pred_20.pdb,Model_3951_afm_dropout_04_woTemplates_model_2_multimer_v2_pred_20.pdb,3951,AFM,afm_dropout_04_woTemplates_multimer_v2,,2,20,afm_dropout_04_woTemplates_v2,,False,casp17/massivefold_external_pool_intake/h2339_t332/extracted_models/H2339_all_pdbs/Model_3951_afm_dropout_04_woTemplates_model_2_multimer_v2_pred_20.pdb,awaiting_extract,"MassiveFold model pool index only. It parses organizer-provided external model tarball listings and stages balanced extraction/rerank candidates. These models remain external rerank and accuracy-estimation inputs, not internal predictions, not CASP submissions, and not competitive-proof evidence."
6,H2339,H2339_T332,1149,H2339_all_pdbs/Model_516_afm_dropout_04_woTemplates_model_2_multimer_v2_pred_54.pdb,Model_516_afm_dropout_04_woTemplates_model_2_multimer_v2_pred_54.pdb,516,AFM,afm_dropout_04_woTemplates_multimer_v2,,2,54,afm_dropout_04_woTemplates_v2,,False,casp17/massivefold_external_pool_intake/h2339_t332/extracted_models/H2339_all_pdbs/Model_516_afm_dropout_04_woTemplates_model_2_multimer_v2_pred_54.pdb,awaiting_extract,"MassiveFold model pool index only. It parses organizer-provided external model tarball listings and stages balanced extraction/rerank candidates. These models remain external rerank and accuracy-estimation inputs, not internal predictions, not CASP submissions, and not competitive-proof evidence."
6,H2339,H2339_T332,1151,H2339_all_pdbs/Model_2475_afm_dropout_04_woTemplates_model_3_multimer_v2_pred_2.pdb,Model_2475_afm_dropout_04_woTemplates_model_3_multimer_v2_pred_2.pdb,2475,AFM,afm_dropout_04_woTemplates_multimer_v2,,3,2,afm_dropout_04_woTemplates_v2,,False,casp17/massivefold_external_pool_intake/h2339_t332/extracted_models/H2339_all_pdbs/Model_2475_afm_dropout_04_woTemplates_model_3_multimer_v2_pred_2.pdb,awaiting_extract,"MassiveFold model pool index only. It parses organizer-provided external model tarball listings and stages balanced extraction/rerank candidates. These models remain external rerank and accuracy-estimation inputs, not internal predictions, not CASP submissions, and not competitive-proof evidence."
6,H2339,H2339_T332,1211,H2339_all_pdbs/Model_3229_afm_dropout_04_woTemplates_model_3_multimer_v2_pred_17.pdb,Model_3229_afm_dropout_04_woTemplates_model_3_multimer_v2_pred_17.pdb,3229,AFM,afm_dropout_04_woTemplates_multimer_v2,,3,17,afm_dropout_04_woTemplates_v2,,False,casp17/massivefold_external_pool_intake/h2339_t332/extracted_models/H2339_all_pdbs/Model_3229_afm_dropout_04_woTemplates_model_3_multimer_v2_pred_17.pdb,awaiting_extract,"MassiveFold model pool index only. It parses organizer-provided external model tarball listings and stages balanced extraction/rerank candidates. These models remain external rerank and accuracy-estimation inputs, not internal predictions, not CASP submissions, and not competitive-proof evidence."
6,H2339,H2339_T332,1273,H2339_all_pdbs/Model_2409_afm_dropout_04_woTemplates_model_1_multimer_v2_pred_57.pdb,Model_2409_afm_dropout_04_woTemplates_model_1_multimer_v2_pred_57.pdb,2409,AFM,afm_dropout_04_woTemplates_multimer_v2,,1,57,afm_dropout_04_woTemplates_v2,,False,casp17/massivefold_external_pool_intake/h2339_t332/extracted_models/H2339_all_pdbs/Model_2409_afm_dropout_04_woTemplates_model_1_multimer_v2_pred_57.pdb,awaiting_extract,"MassiveFold model pool index only. It parses organizer-provided external model tarball listings and stages balanced extraction/rerank candidates. These models remain external rerank and accuracy-estimation inputs, not internal predictions, not CASP submissions, and not competitive-proof evidence."
6,H2339,H2339_T332,1331,H2339_all_pdbs/Model_5595_afm_dropout_04_woTemplates_model_3_multimer_v2_pred_57.pdb,Model_5595_afm_dropout_04_woTemplates_model_3_multimer_v2_pred_57.pdb,5595,AFM,afm_dropout_04_woTemplates_multimer_v2,,3,57,afm_dropout_04_woTemplates_v2,,False,casp17/massivefold_external_pool_intake/h2339_t332/extracted_models/H2339_all_pdbs/Model_5595_afm_dropout_04_woTemplates_model_3_multimer_v2_pred_57.pdb,awaiting_extract,"MassiveFold model pool index only. It parses organizer-provided external model tarball listings and stages balanced extraction/rerank candidates. These models remain external rerank and accuracy-estimation inputs, not internal predictions, not CASP submissions, and not competitive-proof evidence."
6,H2339,H2339_T332,1402,H2339_all_pdbs/Model_6454_afm_dropout_04_woTemplates_model_1_multimer_v2_pred_21.pdb,Model_6454_afm_dropout_04_woTemplates_model_1_multimer_v2_pred_21.pdb,6454,AFM,afm_dropout_04_woTemplates_multimer_v2,,1,21,afm_dropout_04_woTemplates_v2,,False,casp17/massivefold_external_pool_intake/h2339_t332/extracted_models/H2339_all_pdbs/Model_6454_afm_dropout_04_woTemplates_model_1_multimer_v2_pred_21.pdb,awaiting_extract,"MassiveFold model pool index only. It parses organizer-provided external model tarball listings and stages balanced extraction/rerank candidates. These models remain external rerank and accuracy-estimation inputs, not internal predictions, not CASP submissions, and not competitive-proof evidence."
6,H2339,H2339_T332,1504,H2339_all_pdbs/Model_6877_afm_dropout_04_woTemplates_model_1_multimer_v2_pred_11.pdb,Model_6877_afm_dropout_04_woTemplates_model_1_multimer_v2_pred_11.pdb,6877,AFM,afm_dropout_04_woTemplates_multimer_v2,,1,11,afm_dropout_04_woTemplates_v2,,False,casp17/massivefold_external_pool_intake/h2339_t332/extracted_models/H2339_all_pdbs/Model_6877_afm_dropout_04_woTemplates_model_1_multimer_v2_pred_11.pdb,awaiting_extract,"MassiveFold model pool index only. It parses organizer-provided external model tarball listings and stages balanced extraction/rerank candidates. These models remain external rerank and accuracy-estimation inputs, not internal predictions, not CASP submissions, and not competitive-proof evidence."
6,H2339,H2339_T332,1552,H2339_all_pdbs/Model_6222_afm_dropout_04_woTemplates_model_4_multimer_v2_pred_2.pdb,Model_6222_afm_dropout_04_woTemplates_model_4_multimer_v2_pred_2.pdb,6222,AFM,afm_dropout_04_woTemplates_multimer_v2,,4,2,afm_dropout_04_woTemplates_v2,,False,casp17/massivefold_external_pool_intake/h2339_t332/extracted_models/H2339_all_pdbs/Model_6222_afm_dropout_04_woTemplates_model_4_multimer_v2_pred_2.pdb,awaiting_extract,"MassiveFold model pool index only. It parses organizer-provided external model tarball listings and stages balanced extraction/rerank candidates. These models remain external rerank and accuracy-estimation inputs, not internal predictions, not CASP submissions, and not competitive-proof evidence."
6,H2339,H2339_T332,1568,H2339_all_pdbs/Model_1777_afm_dropout_04_woTemplates_model_5_multimer_v2_pred_44.pdb,Model_1777_afm_dropout_04_woTemplates_model_5_multimer_v2_pred_44.pdb,1777,AFM,afm_dropout_04_woTemplates_multimer_v2,,5,44,afm_dropout_04_woTemplates_v2,,False,casp17/massivefold_external_pool_intake/h2339_t332/extracted_models/H2339_all_pdbs/Model_1777_afm_dropout_04_woTemplates_model_5_multimer_v2_pred_44.pdb,awaiting_extract,"MassiveFold model pool index only. It parses organizer-provided external model tarball listings and stages balanced extraction/rerank candidates. These models remain external rerank and accuracy-estimation inputs, not internal predictions, not CASP submissions, and not competitive-proof evidence."
6,H2339,H2339_T332,1610,H2339_all_pdbs/Model_6311_afm_dropout_04_woTemplates_model_2_multimer_v2_pred_61.pdb,Model_6311_afm_dropout_04_woTemplates_model_2_multimer_v2_pred_61.pdb,6311,AFM,afm_dropout_04_woTemplates_multimer_v2,,2,61,afm_dropout_04_woTemplates_v2,,False,casp17/massivefold_external_pool_intake/h2339_t332/extracted_models/H2339_all_pdbs/Model_6311_afm_dropout_04_woTemplates_model_2_multimer_v2_pred_61.pdb,awaiting_extract,"MassiveFold model pool index only. It parses organizer-provided external model tarball listings and stages balanced extraction/rerank candidates. These models remain external rerank and accuracy-estimation inputs, not internal predictions, not CASP submissions, and not competitive-proof evidence."
6,H2339,H2339_T332,1670,H2339_all_pdbs/Model_3914_afm_dropout_04_woTemplates_model_3_multimer_v2_pred_16.pdb,Model_3914_afm_dropout_04_woTemplates_model_3_multimer_v2_pred_16.pdb,3914,AFM,afm_dropout_04_woTemplates_multimer_v2,,3,16,afm_dropout_04_woTemplates_v2,,False,casp17/massivefold_external_pool_intake/h2339_t332/extracted_models/H2339_all_pdbs/Model_3914_afm_dropout_04_woTemplates_model_3_multimer_v2_pred_16.pdb,awaiting_extract,"MassiveFold model pool index only. It parses organizer-provided external model tarball listings and stages balanced extraction/rerank candidates. These models remain external rerank and accuracy-estimation inputs, not internal predictions, not CASP submissions, and not competitive-proof evidence."
6,H2339,H2339_T332,1699,H2339_all_pdbs/Model_2608_afm_dropout_04_woTemplates_model_3_multimer_v2_pred_42.pdb,Model_2608_afm_dropout_04_woTemplates_model_3_multimer_v2_pred_42.pdb,2608,AFM,afm_dropout_04_woTemplates_multimer_v2,,3,42,afm_dropout_04_woTemplates_v2,,False,casp17/massivefold_external_pool_intake/h2339_t332/extracted_models/H2339_all_pdbs/Model_2608_afm_dropout_04_woTemplates_model_3_multimer_v2_pred_42.pdb,awaiting_extract,"MassiveFold model pool index only. It parses organizer-provided external model tarball listings and stages balanced extraction/rerank candidates. These models remain external rerank and accuracy-estimation inputs, not internal predictions, not CASP submissions, and not competitive-proof evidence."
6,H2339,H2339_T332,1736,H2339_all_pdbs/Model_1939_afm_dropout_04_woTemplates_model_5_multimer_v2_pred_41.pdb,Model_1939_afm_dropout_04_woTemplates_model_5_multimer_v2_pred_41.pdb,1939,AFM,afm_dropout_04_woTemplates_multimer_v2,,5,41,afm_dropout_04_woTemplates_v2,,False,casp17/massivefold_external_pool_intake/h2339_t332/extracted_models/H2339_all_pdbs/Model_1939_afm_dropout_04_woTemplates_model_5_multimer_v2_pred_41.pdb,awaiting_extract,"MassiveFold model pool index only. It parses organizer-provided external model tarball listings and stages balanced extraction/rerank candidates. These models remain external rerank and accuracy-estimation inputs, not internal predictions, not CASP submissions, and not competitive-proof evidence."
6,H2339,H2339_T332,1750,H2339_all_pdbs/Model_692_afm_dropout_04_woTemplates_model_5_multimer_v2_pred_12.pdb,Model_692_afm_dropout_04_woTemplates_model_5_multimer_v2_pred_12.pdb,692,AFM,afm_dropout_04_woTemplates_multimer_v2,,5,12,afm_dropout_04_woTemplates_v2,,False,casp17/massivefold_external_pool_intake/h2339_t332/extracted_models/H2339_all_pdbs/Model_692_afm_dropout_04_woTemplates_model_5_multimer_v2_pred_12.pdb,awaiting_extract,"MassiveFold model pool index only. It parses organizer-provided external model tarball listings and stages balanced extraction/rerank candidates. These models remain external rerank and accuracy-estimation inputs, not internal predictions, not CASP submissions, and not competitive-proof evidence."
6,H2339,H2339_T332,1839,H2339_all_pdbs/Model_2260_afm_dropout_04_woTemplates_model_2_multimer_v2_pred_59.pdb,Model_2260_afm_dropout_04_woTemplates_model_2_multimer_v2_pred_59.pdb,2260,AFM,afm_dropout_04_woTemplates_multimer_v2,,2,59,afm_dropout_04_woTemplates_v2,,False,casp17/massivefold_external_pool_intake/h2339_t332/extracted_models/H2339_all_pdbs/Model_2260_afm_dropout_04_woTemplates_model_2_multimer_v2_pred_59.pdb,awaiting_extract,"MassiveFold model pool index only. It parses organizer-provided external model tarball listings and stages balanced extraction/rerank candidates. These models remain external rerank and accuracy-estimation inputs, not internal predictions, not CASP submissions, and not competitive-proof evidence."
6,H2339,H2339_T332,1889,H2339_all_pdbs/Model_2440_afm_dropout_04_woTemplates_model_4_multimer_v2_pred_64.pdb,Model_2440_afm_dropout_04_woTemplates_model_4_multimer_v2_pred_64.pdb,2440,AFM,afm_dropout_04_woTemplates_multimer_v2,,4,64,afm_dropout_04_woTemplates_v2,,False,casp17/massivefold_external_pool_intake/h2339_t332/extracted_models/H2339_all_pdbs/Model_2440_afm_dropout_04_woTemplates_model_4_multimer_v2_pred_64.pdb,awaiting_extract,"MassiveFold model pool index only. It parses organizer-provided external model tarball listings and stages balanced extraction/rerank candidates. These models remain external rerank and accuracy-estimation inputs, not internal predictions, not CASP submissions, and not competitive-proof evidence."
6,H2339,H2339_T332,1947,H2339_all_pdbs/Model_2313_afm_dropout_04_woTemplates_model_5_multimer_v2_pred_19.pdb,Model_2313_afm_dropout_04_woTemplates_model_5_multimer_v2_pred_19.pdb,2313,AFM,afm_dropout_04_woTemplates_multimer_v2,,5,19,afm_dropout_04_woTemplates_v2,,False,casp17/massivefold_external_pool_intake/h2339_t332/extracted_models/H2339_all_pdbs/Model_2313_afm_dropout_04_woTemplates_model_5_multimer_v2_pred_19.pdb,awaiting_extract,"MassiveFold model pool index only. It parses organizer-provided external model tarball listings and stages balanced extraction/rerank candidates. These models remain external rerank and accuracy-estimation inputs, not internal predictions, not CASP submissions, and not competitive-proof evidence."
6,H2339,H2339_T332,1974,H2339_all_pdbs/Model_2450_afm_dropout_04_woTemplates_model_5_multimer_v2_pred_45.pdb,Model_2450_afm_dropout_04_woTemplates_model_5_multimer_v2_pred_45.pdb,2450,AFM,afm_dropout_04_woTemplates_multimer_v2,,5,45,afm_dropout_04_woTemplates_v2,,False,casp17/massivefold_external_pool_intake/h2339_t332/extracted_models/H2339_all_pdbs/Model_2450_afm_dropout_04_woTemplates_model_5_multimer_v2_pred_45.pdb,awaiting_extract,"MassiveFold model pool index only. It parses organizer-provided external model tarball listings and stages balanced extraction/rerank candidates. These models remain external rerank and accuracy-estimation inputs, not internal predictions, not CASP submissions, and not competitive-proof evidence."
6,H2339,H2339_T332,1979,H2339_all_pdbs/Model_271_afm_dropout_04_woTemplates_model_4_multimer_v2_pred_0.pdb,Model_271_afm_dropout_04_woTemplates_model_4_multimer_v2_pred_0.pdb,271,AFM,afm_dropout_04_woTemplates_multimer_v2,,4,0,afm_dropout_04_woTemplates_v2,,False,casp17/massivefold_external_pool_intake/h2339_t332/extracted_models/H2339_all_pdbs/Model_271_afm_dropout_04_woTemplates_model_4_multimer_v2_pred_0.pdb,awaiting_extract,"MassiveFold model pool index only. It parses organizer-provided external model tarball listings and stages balanced extraction/rerank candidates. These models remain external rerank and accuracy-estimation inputs, not internal predictions, not CASP submissions, and not competitive-proof evidence."
6,H2339,H2339_T332,2002,H2339_all_pdbs/Model_4874_afm_dropout_04_woTemplates_model_3_multimer_v2_pred_30.pdb,Model_4874_afm_dropout_04_woTemplates_model_3_multimer_v2_pred_30.pdb,4874,AFM,afm_dropout_04_woTemplates_multimer_v2,,3,30,afm_dropout_04_woTemplates_v2,,False,casp17/massivefold_external_pool_intake/h2339_t332/extracted_models/H2339_all_pdbs/Model_4874_afm_dropout_04_woTemplates_model_3_multimer_v2_pred_30.pdb,awaiting_extract,"MassiveFold model pool index only. It parses organizer-provided external model tarball listings and stages balanced extraction/rerank candidates. These models remain external rerank and accuracy-estimation inputs, not internal predictions, not CASP submissions, and not competitive-proof evidence."
6,H2339,H2339_T332,2024,H2339_all_pdbs/Model_409_afm_dropout_04_woTemplates_model_4_multimer_v2_pred_28.pdb,Model_409_afm_dropout_04_woTemplates_model_4_multimer_v2_pred_28.pdb,409,AFM,afm_dropout_04_woTemplates_multimer_v2,,4,28,afm_dropout_04_woTemplates_v2,,False,casp17/massivefold_external_pool_intake/h2339_t332/extracted_models/H2339_all_pdbs/Model_409_afm_dropout_04_woTemplates_model_4_multimer_v2_pred_28.pdb,awaiting_extract,"MassiveFold model pool index only. It parses organizer-provided external model tarball listings and stages balanced extraction/rerank candidates. These models remain external rerank and accuracy-estimation inputs, not internal predictions, not CASP submissions, and not competitive-proof evidence."
6,H2339,H2339_T332,2062,H2339_all_pdbs/Model_4000_afm_dropout_04_woTemplates_model_5_multimer_v2_pred_9.pdb,Model_4000_afm_dropout_04_woTemplates_model_5_multimer_v2_pred_9.pdb,4000,AFM,afm_dropout_04_woTemplates_multimer_v2,,5,9,afm_dropout_04_woTemplates_v2,,False,casp17/massivefold_external_pool_intake/h2339_t332/extracted_models/H2339_all_pdbs/Model_4000_afm_dropout_04_woTemplates_model_5_multimer_v2_pred_9.pdb,awaiting_extract,"MassiveFold model pool index only. It parses organizer-provided external model tarball listings and stages balanced extraction/rerank candidates. These models remain external rerank and accuracy-estimation inputs, not internal predictions, not CASP submissions, and not competitive-proof evidence."
6,H2339,H2339_T332,2215,H2339_all_pdbs/Model_3204_afm_dropout_04_woTemplates_model_3_multimer_v2_pred_12.pdb,Model_3204_afm_dropout_04_woTemplates_model_3_multimer_v2_pred_12.pdb,3204,AFM,afm_dropout_04_woTemplates_multimer_v2,,3,12,afm_dropout_04_woTemplates_v2,,False,casp17/massivefold_external_pool_intake/h2339_t332/extracted_models/H2339_all_pdbs/Model_3204_afm_dropout_04_woTemplates_model_3_multimer_v2_pred_12.pdb,awaiting_extract,"MassiveFold model pool index only. It parses organizer-provided external model tarball listings and stages balanced extraction/rerank candidates. These models remain external rerank and accuracy-estimation inputs, not internal predictions, not CASP submissions, and not competitive-proof evidence."
6,H2339,H2339_T332,2229,H2339_all_pdbs/Model_282_afm_dropout_04_woTemplates_model_2_multimer_v2_pred_1.pdb,Model_282_afm_dropout_04_woTemplates_model_2_multimer_v2_pred_1.pdb,282,AFM,afm_dropout_04_woTemplates_multimer_v2,,2,1,afm_dropout_04_woTemplates_v2,,False,casp17/massivefold_external_pool_intake/h2339_t332/extracted_models/H2339_all_pdbs/Model_282_afm_dropout_04_woTemplates_model_2_multimer_v2_pred_1.pdb,awaiting_extract,"MassiveFold model pool index only. It parses organizer-provided external model tarball listings and stages balanced extraction/rerank candidates. These models remain external rerank and accuracy-estimation inputs, not internal predictions, not CASP submissions, and not competitive-proof evidence."
6,H2339,H2339_T332,2278,H2339_all_pdbs/Model_811_afm_dropout_04_woTemplates_model_1_multimer_v2_pred_56.pdb,Model_811_afm_dropout_04_woTemplates_model_1_multimer_v2_pred_56.pdb,811,AFM,afm_dropout_04_woTemplates_multimer_v2,,1,56,afm_dropout_04_woTemplates_v2,,False,casp17/massivefold_external_pool_intake/h2339_t332/extracted_models/H2339_all_pdbs/Model_811_afm_dropout_04_woTemplates_model_1_multimer_v2_pred_56.pdb,awaiting_extract,"MassiveFold model pool index only. It parses organizer-provided external model tarball listings and stages balanced extraction/rerank candidates. These models remain external rerank and accuracy-estimation inputs, not internal predictions, not CASP submissions, and not competitive-proof evidence."
6,H2339,H2339_T332,2293,H2339_all_pdbs/Model_4644_afm_dropout_04_woTemplates_model_1_multimer_v2_pred_35.pdb,Model_4644_afm_dropout_04_woTemplates_model_1_multimer_v2_pred_35.pdb,4644,AFM,afm_dropout_04_woTemplates_multimer_v2,,1,35,afm_dropout_04_woTemplates_v2,,False,casp17/massivefold_external_pool_intake/h2339_t332/extracted_models/H2339_all_pdbs/Model_4644_afm_dropout_04_woTemplates_model_1_multimer_v2_pred_35.pdb,awaiting_extract,"MassiveFold model pool index only. It parses organizer-provided external model tarball listings and stages balanced extraction/rerank candidates. These models remain external rerank and accuracy-estimation inputs, not internal predictions, not CASP submissions, and not competitive-proof evidence."
6,H2339,H2339_T332,2324,H2339_all_pdbs/Model_1366_afm_dropout_04_woTemplates_model_4_multimer_v2_pred_55.pdb,Model_1366_afm_dropout_04_woTemplates_model_4_multimer_v2_pred_55.pdb,1366,AFM,afm_dropout_04_woTemplates_multimer_v2,,4,55,afm_dropout_04_woTemplates_v2,,False,casp17/massivefold_external_pool_intake/h2339_t332/extracted_models/H2339_all_pdbs/Model_1366_afm_dropout_04_woTemplates_model_4_multimer_v2_pred_55.pdb,awaiting_extract,"MassiveFold model pool index only. It parses organizer-provided external model tarball listings and stages balanced extraction/rerank candidates. These models remain external rerank and accuracy-estimation inputs, not internal predictions, not CASP submissions, and not competitive-proof evidence."
6,H2339,H2339_T332,2371,H2339_all_pdbs/Model_1225_afm_dropout_04_woTemplates_model_3_multimer_v2_pred_51.pdb,Model_1225_afm_dropout_04_woTemplates_model_3_multimer_v2_pred_51.pdb,1225,AFM,afm_dropout_04_woTemplates_multimer_v2,,3,51,afm_dropout_04_woTemplates_v2,,False,casp17/massivefold_external_pool_intake/h2339_t332/extracted_models/H2339_all_pdbs/Model_1225_afm_dropout_04_woTemplates_model_3_multimer_v2_pred_51.pdb,awaiting_extract,"MassiveFold model pool index only. It parses organizer-provided external model tarball listings and stages balanced extraction/rerank candidates. These models remain external rerank and accuracy-estimation inputs, not internal predictions, not CASP submissions, and not competitive-proof evidence."
6,H2339,H2339_T332,2413,H2339_all_pdbs/Model_1086_afm_dropout_04_woTemplates_model_5_multimer_v2_pred_33.pdb,Model_1086_afm_dropout_04_woTemplates_model_5_multimer_v2_pred_33.pdb,1086,AFM,afm_dropout_04_woTemplates_multimer_v2,,5,33,afm_dropout_04_woTemplates_v2,,False,casp17/massivefold_external_pool_intake/h2339_t332/extracted_models/H2339_all_pdbs/Model_1086_afm_dropout_04_woTemplates_model_5_multimer_v2_pred_33.pdb,awaiting_extract,"MassiveFold model pool index only. It parses organizer-provided external model tarball listings and stages balanced extraction/rerank candidates. These models remain external rerank and accuracy-estimation inputs, not internal predictions, not CASP submissions, and not competitive-proof evidence."
6,H2339,H2339_T332,2433,H2339_all_pdbs/Model_1220_afm_dropout_04_woTemplates_model_5_multimer_v2_pred_6.pdb,Model_1220_afm_dropout_04_woTemplates_model_5_multimer_v2_pred_6.pdb,1220,AFM,afm_dropout_04_woTemplates_multimer_v2,,5,6,afm_dropout_04_woTemplates_v2,,False,casp17/massivefold_external_pool_intake/h2339_t332/extracted_models/H2339_all_pdbs/Model_1220_afm_dropout_04_woTemplates_model_5_multimer_v2_pred_6.pdb,awaiting_extract,"MassiveFold model pool index only. It parses organizer-provided external model tarball listings and stages balanced extraction/rerank candidates. These models remain external rerank and accuracy-estimation inputs, not internal predictions, not CASP submissions, and not competitive-proof evidence."
6,H2339,H2339_T332,2446,H2339_all_pdbs/Model_4642_afm_dropout_04_woTemplates_model_5_multimer_v2_pred_38.pdb,Model_4642_afm_dropout_04_woTemplates_model_5_multimer_v2_pred_38.pdb,4642,AFM,afm_dropout_04_woTemplates_multimer_v2,,5,38,afm_dropout_04_woTemplates_v2,,False,casp17/massivefold_external_pool_intake/h2339_t332/extracted_models/H2339_all_pdbs/Model_4642_afm_dropout_04_woTemplates_model_5_multimer_v2_pred_38.pdb,awaiting_extract,"MassiveFold model pool index only. It parses organizer-provided external model tarball listings and stages balanced extraction/rerank candidates. These models remain external rerank and accuracy-estimation inputs, not internal predictions, not CASP submissions, and not competitive-proof evidence."
6,H2339,H2339_T332,2494,H2339_all_pdbs/Model_6669_afm_dropout_04_woTemplates_model_4_multimer_v2_pred_9.pdb,Model_6669_afm_dropout_04_woTemplates_model_4_multimer_v2_pred_9.pdb,6669,AFM,afm_dropout_04_woTemplates_multimer_v2,,4,9,afm_dropout_04_woTemplates_v2,,False,casp17/massivefold_external_pool_intake/h2339_t332/extracted_models/H2339_all_pdbs/Model_6669_afm_dropout_04_woTemplates_model_4_multimer_v2_pred_9.pdb,awaiting_extract,"MassiveFold model pool index only. It parses organizer-provided external model tarball listings and stages balanced extraction/rerank candidates. These models remain external rerank and accuracy-estimation inputs, not internal predictions, not CASP submissions, and not competitive-proof evidence."
6,H2339,H2339_T332,2505,H2339_all_pdbs/Model_6029_afm_dropout_04_woTemplates_model_4_multimer_v2_pred_34.pdb,Model_6029_afm_dropout_04_woTemplates_model_4_multimer_v2_pred_34.pdb,6029,AFM,afm_dropout_04_woTemplates_multimer_v2,,4,34,afm_dropout_04_woTemplates_v2,,False,casp17/massivefold_external_pool_intake/h2339_t332/extracted_models/H2339_all_pdbs/Model_6029_afm_dropout_04_woTemplates_model_4_multimer_v2_pred_34.pdb,awaiting_extract,"MassiveFold model pool index only. It parses organizer-provided external model tarball listings and stages balanced extraction/rerank candidates. These models remain external rerank and accuracy-estimation inputs, not internal predictions, not CASP submissions, and not competitive-proof evidence."
6,H2339,H2339_T332,2508,H2339_all_pdbs/Model_1615_afm_dropout_04_woTemplates_model_3_multimer_v2_pred_55.pdb,Model_1615_afm_dropout_04_woTemplates_model_3_multimer_v2_pred_55.pdb,1615,AFM,afm_dropout_04_woTemplates_multimer_v2,,3,55,afm_dropout_04_woTemplates_v2,,False,casp17/massivefold_external_pool_intake/h2339_t332/extracted_models/H2339_all_pdbs/Model_1615_afm_dropout_04_woTemplates_model_3_multimer_v2_pred_55.pdb,awaiting_extract,"MassiveFold model pool index only. It parses organizer-provided external model tarball listings and stages balanced extraction/rerank candidates. These models remain external rerank and accuracy-estimation inputs, not internal predictions, not CASP submissions, and not competitive-proof evidence."
6,H2339,H2339_T332,2520,H2339_all_pdbs/Model_554_afm_dropout_04_woTemplates_model_2_multimer_v2_pred_32.pdb,Model_554_afm_dropout_04_woTemplates_model_2_multimer_v2_pred_32.pdb,554,AFM,afm_dropout_04_woTemplates_multimer_v2,,2,32,afm_dropout_04_woTemplates_v2,,False,casp17/massivefold_external_pool_intake/h2339_t332/extracted_models/H2339_all_pdbs/Model_554_afm_dropout_04_woTemplates_model_2_multimer_v2_pred_32.pdb,awaiting_extract,"MassiveFold model pool index only. It parses organizer-provided external model tarball listings and stages balanced extraction/rerank candidates. These models remain external rerank and accuracy-estimation inputs, not internal predictions, not CASP submissions, and not competitive-proof evidence."
6,H2339,H2339_T332,2598,H2339_all_pdbs/Model_88_afm_dropout_04_woTemplates_model_5_multimer_v2_pred_58.pdb,Model_88_afm_dropout_04_woTemplates_model_5_multimer_v2_pred_58.pdb,88,AFM,afm_dropout_04_woTemplates_multimer_v2,,5,58,afm_dropout_04_woTemplates_v2,,False,casp17/massivefold_external_pool_intake/h2339_t332/extracted_models/H2339_all_pdbs/Model_88_afm_dropout_04_woTemplates_model_5_multimer_v2_pred_58.pdb,awaiting_extract,"MassiveFold model pool index only. It parses organizer-provided external model tarball listings and stages balanced extraction/rerank candidates. These models remain external rerank and accuracy-estimation inputs, not internal predictions, not CASP submissions, and not competitive-proof evidence."
6,H2339,H2339_T332,2606,H2339_all_pdbs/Model_2564_afm_dropout_04_woTemplates_model_5_multimer_v2_pred_16.pdb,Model_2564_afm_dropout_04_woTemplates_model_5_multimer_v2_pred_16.pdb,2564,AFM,afm_dropout_04_woTemplates_multimer_v2,,5,16,afm_dropout_04_woTemplates_v2,,False,casp17/massivefold_external_pool_intake/h2339_t332/extracted_models/H2339_all_pdbs/Model_2564_afm_dropout_04_woTemplates_model_5_multimer_v2_pred_16.pdb,awaiting_extract,"MassiveFold model pool index only. It parses organizer-provided external model tarball listings and stages balanced extraction/rerank candidates. These models remain external rerank and accuracy-estimation inputs, not internal predictions, not CASP submissions, and not competitive-proof evidence."
6,H2339,H2339_T332,2632,H2339_all_pdbs/Model_4041_afm_dropout_04_woTemplates_model_4_multimer_v2_pred_8.pdb,Model_4041_afm_dropout_04_woTemplates_model_4_multimer_v2_pred_8.pdb,4041,AFM,afm_dropout_04_woTemplates_multimer_v2,,4,8,afm_dropout_04_woTemplates_v2,,False,casp17/massivefold_external_pool_intake/h2339_t332/extracted_models/H2339_all_pdbs/Model_4041_afm_dropout_04_woTemplates_model_4_multimer_v2_pred_8.pdb,awaiting_extract,"MassiveFold model pool index only. It parses organizer-provided external model tarball listings and stages balanced extraction/rerank candidates. These models remain external rerank and accuracy-estimation inputs, not internal predictions, not CASP submissions, and not competitive-proof evidence."
6,H2339,H2339_T332,2654,H2339_all_pdbs/Model_3124_afm_dropout_04_woTemplates_model_3_multimer_v2_pred_38.pdb,Model_3124_afm_dropout_04_woTemplates_model_3_multimer_v2_pred_38.pdb,3124,AFM,afm_dropout_04_woTemplates_multimer_v2,,3,38,afm_dropout_04_woTemplates_v2,,False,casp17/massivefold_external_pool_intake/h2339_t332/extracted_models/H2339_all_pdbs/Model_3124_afm_dropout_04_woTemplates_model_3_multimer_v2_pred_38.pdb,awaiting_extract,"MassiveFold model pool index only. It parses organizer-provided external model tarball listings and stages balanced extraction/rerank candidates. These models remain external rerank and accuracy-estimation inputs, not internal predictions, not CASP submissions, and not competitive-proof evidence."
6,H2339,H2339_T332,2738,H2339_all_pdbs/Model_4799_afm_dropout_04_woTemplates_model_4_multimer_v2_pred_13.pdb,Model_4799_afm_dropout_04_woTemplates_model_4_multimer_v2_pred_13.pdb,4799,AFM,afm_dropout_04_woTemplates_multimer_v2,,4,13,afm_dropout_04_woTemplates_v2,,False,casp17/massivefold_external_pool_intake/h2339_t332/extracted_models/H2339_all_pdbs/Model_4799_afm_dropout_04_woTemplates_model_4_multimer_v2_pred_13.pdb,awaiting_extract,"MassiveFold model pool index only. It parses organizer-provided external model tarball listings and stages balanced extraction/rerank candidates. These models remain external rerank and accuracy-estimation inputs, not internal predictions, not CASP submissions, and not competitive-proof evidence."
6,H2339,H2339_T332,2773,H2339_all_pdbs/Model_100_afm_dropout_04_woTemplates_model_2_multimer_v2_pred_11.pdb,Model_100_afm_dropout_04_woTemplates_model_2_multimer_v2_pred_11.pdb,100,AFM,afm_dropout_04_woTemplates_multimer_v2,,2,11,afm_dropout_04_woTemplates_v2,,False,casp17/massivefold_external_pool_intake/h2339_t332/extracted_models/H2339_all_pdbs/Model_100_afm_dropout_04_woTemplates_model_2_multimer_v2_pred_11.pdb,awaiting_extract,"MassiveFold model pool index only. It parses organizer-provided external model tarball listings and stages balanced extraction/rerank candidates. These models remain external rerank and accuracy-estimation inputs, not internal predictions, not CASP submissions, and not competitive-proof evidence."
6,H2339,H2339_T332,2802,H2339_all_pdbs/Model_6210_afm_dropout_04_woTemplates_model_1_multimer_v2_pred_66.pdb,Model_6210_afm_dropout_04_woTemplates_model_1_multimer_v2_pred_66.pdb,6210,AFM,afm_dropout_04_woTemplates_multimer_v2,,1,66,afm_dropout_04_woTemplates_v2,,False,casp17/massivefold_external_pool_intake/h2339_t332/extracted_models/H2339_all_pdbs/Model_6210_afm_dropout_04_woTemplates_model_1_multimer_v2_pred_66.pdb,awaiting_extract,"MassiveFold model pool index only. It parses organizer-provided external model tarball listings and stages balanced extraction/rerank candidates. These models remain external rerank and accuracy-estimation inputs, not internal predictions, not CASP submissions, and not competitive-proof evidence."
6,H2339,H2339_T332,2832,H2339_all_pdbs/Model_270_afm_dropout_04_woTemplates_model_4_multimer_v2_pred_31.pdb,Model_270_afm_dropout_04_woTemplates_model_4_multimer_v2_pred_31.pdb,270,AFM,afm_dropout_04_woTemplates_multimer_v2,,4,31,afm_dropout_04_woTemplates_v2,,False,casp17/massivefold_external_pool_intake/h2339_t332/extracted_models/H2339_all_pdbs/Model_270_afm_dropout_04_woTemplates_model_4_multimer_v2_pred_31.pdb,awaiting_extract,"MassiveFold model pool index only. It parses organizer-provided external model tarball listings and stages balanced extraction/rerank candidates. These models remain external rerank and accuracy-estimation inputs, not internal predictions, not CASP submissions, and not competitive-proof evidence."
6,H2339,H2339_T332,2849,H2339_all_pdbs/Model_1341_afm_dropout_04_woTemplates_model_3_multimer_v2_pred_23.pdb,Model_1341_afm_dropout_04_woTemplates_model_3_multimer_v2_pred_23.pdb,1341,AFM,afm_dropout_04_woTemplates_multimer_v2,,3,23,afm_dropout_04_woTemplates_v2,,False,casp17/massivefold_external_pool_intake/h2339_t332/extracted_models/H2339_all_pdbs/Model_1341_afm_dropout_04_woTemplates_model_3_multimer_v2_pred_23.pdb,awaiting_extract,"MassiveFold model pool index only. It parses organizer-provided external model tarball listings and stages balanced extraction/rerank candidates. These models remain external rerank and accuracy-estimation inputs, not internal predictions, not CASP submissions, and not competitive-proof evidence."
6,H2339,H2339_T332,2992,H2339_all_pdbs/Model_2201_afm_dropout_04_woTemplates_model_2_multimer_v2_pred_21.pdb,Model_2201_afm_dropout_04_woTemplates_model_2_multimer_v2_pred_21.pdb,2201,AFM,afm_dropout_04_woTemplates_multimer_v2,,2,21,afm_dropout_04_woTemplates_v2,,False,casp17/massivefold_external_pool_intake/h2339_t332/extracted_models/H2339_all_pdbs/Model_2201_afm_dropout_04_woTemplates_model_2_multimer_v2_pred_21.pdb,awaiting_extract,"MassiveFold model pool index only. It parses organizer-provided external model tarball listings and stages balanced extraction/rerank candidates. These models remain external rerank and accuracy-estimation inputs, not internal predictions, not CASP submissions, and not competitive-proof evidence."
6,H2339,H2339_T332,2999,H2339_all_pdbs/Model_4846_afm_dropout_04_woTemplates_model_1_multimer_v2_pred_64.pdb,Model_4846_afm_dropout_04_woTemplates_model_1_multimer_v2_pred_64.pdb,4846,AFM,afm_dropout_04_woTemplates_multimer_v2,,1,64,afm_dropout_04_woTemplates_v2,,False,casp17/massivefold_external_pool_intake/h2339_t332/extracted_models/H2339_all_pdbs/Model_4846_afm_dropout_04_woTemplates_model_1_multimer_v2_pred_64.pdb,awaiting_extract,"MassiveFold model pool index only. It parses organizer-provided external model tarball listings and stages balanced extraction/rerank candidates. These models remain external rerank and accuracy-estimation inputs, not internal predictions, not CASP submissions, and not competitive-proof evidence."
6,H2339,H2339_T332,3054,H2339_all_pdbs/Model_6204_afm_dropout_04_woTemplates_model_5_multimer_v2_pred_63.pdb,Model_6204_afm_dropout_04_woTemplates_model_5_multimer_v2_pred_63.pdb,6204,AFM,afm_dropout_04_woTemplates_multimer_v2,,5,63,afm_dropout_04_woTemplates_v2,,False,casp17/massivefold_external_pool_intake/h2339_t332/extracted_models/H2339_all_pdbs/Model_6204_afm_dropout_04_woTemplates_model_5_multimer_v2_pred_63.pdb,awaiting_extract,"MassiveFold model pool index only. It parses organizer-provided external model tarball listings and stages balanced extraction/rerank candidates. These models remain external rerank and accuracy-estimation inputs, not internal predictions, not CASP submissions, and not competitive-proof evidence."
6,H2339,H2339_T332,3060,H2339_all_pdbs/Model_1882_afm_dropout_04_woTemplates_model_2_multimer_v2_pred_15.pdb,Model_1882_afm_dropout_04_woTemplates_model_2_multimer_v2_pred_15.pdb,1882,AFM,afm_dropout_04_woTemplates_multimer_v2,,2,15,afm_dropout_04_woTemplates_v2,,False,casp17/massivefold_external_pool_intake/h2339_t332/extracted_models/H2339_all_pdbs/Model_1882_afm_dropout_04_woTemplates_model_2_multimer_v2_pred_15.pdb,awaiting_extract,"MassiveFold model pool index only. It parses organizer-provided external model tarball listings and stages balanced extraction/rerank candidates. These models remain external rerank and accuracy-estimation inputs, not internal predictions, not CASP submissions, and not competitive-proof evidence."
6,H2339,H2339_T332,3147,H2339_all_pdbs/Model_3240_afm_dropout_04_woTemplates_model_1_multimer_v2_pred_34.pdb,Model_3240_afm_dropout_04_woTemplates_model_1_multimer_v2_pred_34.pdb,3240,AFM,afm_dropout_04_woTemplates_multimer_v2,,1,34,afm_dropout_04_woTemplates_v2,,False,casp17/massivefold_external_pool_intake/h2339_t332/extracted_models/H2339_all_pdbs/Model_3240_afm_dropout_04_woTemplates_model_1_multimer_v2_pred_34.pdb,awaiting_extract,"MassiveFold model pool index only. It parses organizer-provided external model tarball listings and stages balanced extraction/rerank candidates. These models remain external rerank and accuracy-estimation inputs, not internal predictions, not CASP submissions, and not competitive-proof evidence."
6,H2339,H2339_T332,3178,H2339_all_pdbs/Model_3484_afm_dropout_04_woTemplates_model_5_multimer_v2_pred_60.pdb,Model_3484_afm_dropout_04_woTemplates_model_5_multimer_v2_pred_60.pdb,3484,AFM,afm_dropout_04_woTemplates_multimer_v2,,5,60,afm_dropout_04_woTemplates_v2,,False,casp17/massivefold_external_pool_intake/h2339_t332/extracted_models/H2339_all_pdbs/Model_3484_afm_dropout_04_woTemplates_model_5_multimer_v2_pred_60.pdb,awaiting_extract,"MassiveFold model pool index only. It parses organizer-provided external model tarball listings and stages balanced extraction/rerank candidates. These models remain external rerank and accuracy-estimation inputs, not internal predictions, not CASP submissions, and not competitive-proof evidence."
6,H2339,H2339_T332,3326,H2339_all_pdbs/Model_61_afm_dropout_04_woTemplates_model_4_multimer_v2_pred_57.pdb,Model_61_afm_dropout_04_woTemplates_model_4_multimer_v2_pred_57.pdb,61,AFM,afm_dropout_04_woTemplates_multimer_v2,,4,57,afm_dropout_04_woTemplates_v2,,False,casp17/massivefold_external_pool_intake/h2339_t332/extracted_models/H2339_all_pdbs/Model_61_afm_dropout_04_woTemplates_model_4_multimer_v2_pred_57.pdb,awaiting_extract,"MassiveFold model pool index only. It parses organizer-provided external model tarball listings and stages balanced extraction/rerank candidates. These models remain external rerank and accuracy-estimation inputs, not internal predictions, not CASP submissions, and not competitive-proof evidence."
6,H2339,H2339_T332,3356,H2339_all_pdbs/Model_756_afm_dropout_04_woTemplates_model_5_multimer_v2_pred_53.pdb,Model_756_afm_dropout_04_woTemplates_model_5_multimer_v2_pred_53.pdb,756,AFM,afm_dropout_04_woTemplates_multimer_v2,,5,53,afm_dropout_04_woTemplates_v2,,False,casp17/massivefold_external_pool_intake/h2339_t332/extracted_models/H2339_all_pdbs/Model_756_afm_dropout_04_woTemplates_model_5_multimer_v2_pred_53.pdb,awaiting_extract,"MassiveFold model pool index only. It parses organizer-provided external model tarball listings and stages balanced extraction/rerank candidates. These models remain external rerank and accuracy-estimation inputs, not internal predictions, not CASP submissions, and not competitive-proof evidence."
6,H2339,H2339_T332,3404,H2339_all_pdbs/Model_3164_afm_dropout_04_woTemplates_model_3_multimer_v2_pred_10.pdb,Model_3164_afm_dropout_04_woTemplates_model_3_multimer_v2_pred_10.pdb,3164,AFM,afm_dropout_04_woTemplates_multimer_v2,,3,10,afm_dropout_04_woTemplates_v2,,False,casp17/massivefold_external_pool_intake/h2339_t332/extracted_models/H2339_all_pdbs/Model_3164_afm_dropout_04_woTemplates_model_3_multimer_v2_pred_10.pdb,awaiting_extract,"MassiveFold model pool index only. It parses organizer-provided external model tarball listings and stages balanced extraction/rerank candidates. These models remain external rerank and accuracy-estimation inputs, not internal predictions, not CASP submissions, and not competitive-proof evidence."
6,H2339,H2339_T332,3422,H2339_all_pdbs/Model_6734_afm_dropout_04_woTemplates_model_3_multimer_v2_pred_46.pdb,Model_6734_afm_dropout_04_woTemplates_model_3_multimer_v2_pred_46.pdb,6734,AFM,afm_dropout_04_woTemplates_multimer_v2,,3,46,afm_dropout_04_woTemplates_v2,,False,casp17/massivefold_external_pool_intake/h2339_t332/extracted_models/H2339_all_pdbs/Model_6734_afm_dropout_04_woTemplates_model_3_multimer_v2_pred_46.pdb,awaiting_extract,"MassiveFold model pool index only. It parses organizer-provided external model tarball listings and stages balanced extraction/rerank candidates. These models remain external rerank and accuracy-estimation inputs, not internal predictions, not CASP submissions, and not competitive-proof evidence."
6,H2339,H2339_T332,3459,H2339_all_pdbs/Model_526_afm_dropout_04_woTemplates_model_5_multimer_v2_pred_28.pdb,Model_526_afm_dropout_04_woTemplates_model_5_multimer_v2_pred_28.pdb,526,AFM,afm_dropout_04_woTemplates_multimer_v2,,5,28,afm_dropout_04_woTemplates_v2,,False,casp17/massivefold_external_pool_intake/h2339_t332/extracted_models/H2339_all_pdbs/Model_526_afm_dropout_04_woTemplates_model_5_multimer_v2_pred_28.pdb,awaiting_extract,"MassiveFold model pool index only. It parses organizer-provided external model tarball listings and stages balanced extraction/rerank candidates. These models remain external rerank and accuracy-estimation inputs, not internal predictions, not CASP submissions, and not competitive-proof evidence."
6,H2339,H2339_T332,3485,H2339_all_pdbs/Model_3211_afm_dropout_04_woTemplates_model_3_multimer_v2_pred_19.pdb,Model_3211_afm_dropout_04_woTemplates_model_3_multimer_v2_pred_19.pdb,3211,AFM,afm_dropout_04_woTemplates_multimer_v2,,3,19,afm_dropout_04_woTemplates_v2,,False,casp17/massivefold_external_pool_intake/h2339_t332/extracted_models/H2339_all_pdbs/Model_3211_afm_dropout_04_woTemplates_model_3_multimer_v2_pred_19.pdb,awaiting_extract,"MassiveFold model pool index only. It parses organizer-provided external model tarball listings and stages balanced extraction/rerank candidates. These models remain external rerank and accuracy-estimation inputs, not internal predictions, not CASP submissions, and not competitive-proof evidence."
6,H2339,H2339_T332,3486,H2339_all_pdbs/Model_3679_afm_dropout_04_woTemplates_model_1_multimer_v2_pred_26.pdb,Model_3679_afm_dropout_04_woTemplates_model_1_multimer_v2_pred_26.pdb,3679,AFM,afm_dropout_04_woTemplates_multimer_v2,,1,26,afm_dropout_04_woTemplates_v2,,False,casp17/massivefold_external_pool_intake/h2339_t332/extracted_models/H2339_all_pdbs/Model_3679_afm_dropout_04_woTemplates_model_1_multimer_v2_pred_26.pdb,awaiting_extract,"MassiveFold model pool index only. It parses organizer-provided external model tarball listings and stages balanced extraction/rerank candidates. These models remain external rerank and accuracy-estimation inputs, not internal predictions, not CASP submissions, and not competitive-proof evidence."
6,H2339,H2339_T332,3522,H2339_all_pdbs/Model_2487_afm_dropout_04_woTemplates_model_3_multimer_v2_pred_50.pdb,Model_2487_afm_dropout_04_woTemplates_model_3_multimer_v2_pred_50.pdb,2487,AFM,afm_dropout_04_woTemplates_multimer_v2,,3,50,afm_dropout_04_woTemplates_v2,,False,casp17/massivefold_external_pool_intake/h2339_t332/extracted_models/H2339_all_pdbs/Model_2487_afm_dropout_04_woTemplates_model_3_multimer_v2_pred_50.pdb,awaiting_extract,"MassiveFold model pool index only. It parses organizer-provided external model tarball listings and stages balanced extraction/rerank candidates. These models remain external rerank and accuracy-estimation inputs, not internal predictions, not CASP submissions, and not competitive-proof evidence."
6,H2339,H2339_T332,3647,H2339_all_pdbs/Model_4513_afm_dropout_04_woTemplates_model_2_multimer_v2_pred_62.pdb,Model_4513_afm_dropout_04_woTemplates_model_2_multimer_v2_pred_62.pdb,4513,AFM,afm_dropout_04_woTemplates_multimer_v2,,2,62,afm_dropout_04_woTemplates_v2,,False,casp17/massivefold_external_pool_intake/h2339_t332/extracted_models/H2339_all_pdbs/Model_4513_afm_dropout_04_woTemplates_model_2_multimer_v2_pred_62.pdb,awaiting_extract,"MassiveFold model pool index only. It parses organizer-provided external model tarball listings and stages balanced extraction/rerank candidates. These models remain external rerank and accuracy-estimation inputs, not internal predictions, not CASP submissions, and not competitive-proof evidence."
6,H2339,H2339_T332,3681,H2339_all_pdbs/Model_2345_afm_dropout_04_woTemplates_model_4_multimer_v2_pred_10.pdb,Model_2345_afm_dropout_04_woTemplates_model_4_multimer_v2_pred_10.pdb,2345,AFM,afm_dropout_04_woTemplates_multimer_v2,,4,10,afm_dropout_04_woTemplates_v2,,False,casp17/massivefold_external_pool_intake/h2339_t332/extracted_models/H2339_all_pdbs/Model_2345_afm_dropout_04_woTemplates_model_4_multimer_v2_pred_10.pdb,awaiting_extract,"MassiveFold model pool index only. It parses organizer-provided external model tarball listings and stages balanced extraction/rerank candidates. These models remain external rerank and accuracy-estimation inputs, not internal predictions, not CASP submissions, and not competitive-proof evidence."
6,H2339,H2339_T332,3720,H2339_all_pdbs/Model_2365_afm_dropout_04_woTemplates_model_3_multimer_v2_pred_6.pdb,Model_2365_afm_dropout_04_woTemplates_model_3_multimer_v2_pred_6.pdb,2365,AFM,afm_dropout_04_woTemplates_multimer_v2,,3,6,afm_dropout_04_woTemplates_v2,,False,casp17/massivefold_external_pool_intake/h2339_t332/extracted_models/H2339_all_pdbs/Model_2365_afm_dropout_04_woTemplates_model_3_multimer_v2_pred_6.pdb,awaiting_extract,"MassiveFold model pool index only. It parses organizer-provided external model tarball listings and stages balanced extraction/rerank candidates. These models remain external rerank and accuracy-estimation inputs, not internal predictions, not CASP submissions, and not competitive-proof evidence."
6,H2339,H2339_T332,3739,H2339_all_pdbs/Model_1698_afm_dropout_04_woTemplates_model_1_multimer_v2_pred_28.pdb,Model_1698_afm_dropout_04_woTemplates_model_1_multimer_v2_pred_28.pdb,1698,AFM,afm_dropout_04_woTemplates_multimer_v2,,1,28,afm_dropout_04_woTemplates_v2,,False,casp17/massivefold_external_pool_intake/h2339_t332/extracted_models/H2339_all_pdbs/Model_1698_afm_dropout_04_woTemplates_model_1_multimer_v2_pred_28.pdb,awaiting_extract,"MassiveFold model pool index only. It parses organizer-provided external model tarball listings and stages balanced extraction/rerank candidates. These models remain external rerank and accuracy-estimation inputs, not internal predictions, not CASP submissions, and not competitive-proof evidence."
6,H2339,H2339_T332,3751,H2339_all_pdbs/Model_5061_afm_dropout_04_woTemplates_model_5_multimer_v2_pred_43.pdb,Model_5061_afm_dropout_04_woTemplates_model_5_multimer_v2_pred_43.pdb,5061,AFM,afm_dropout_04_woTemplates_multimer_v2,,5,43,afm_dropout_04_woTemplates_v2,,False,casp17/massivefold_external_pool_intake/h2339_t332/extracted_models/H2339_all_pdbs/Model_5061_afm_dropout_04_woTemplates_model_5_multimer_v2_pred_43.pdb,awaiting_extract,"MassiveFold model pool index only. It parses organizer-provided external model tarball listings and stages balanced extraction/rerank candidates. These models remain external rerank and accuracy-estimation inputs, not internal predictions, not CASP submissions, and not competitive-proof evidence."
6,H2339,H2339_T332,3854,H2339_all_pdbs/Model_3419_afm_dropout_04_woTemplates_model_1_multimer_v2_pred_31.pdb,Model_3419_afm_dropout_04_woTemplates_model_1_multimer_v2_pred_31.pdb,3419,AFM,afm_dropout_04_woTemplates_multimer_v2,,1,31,afm_dropout_04_woTemplates_v2,,False,casp17/massivefold_external_pool_intake/h2339_t332/extracted_models/H2339_all_pdbs/Model_3419_afm_dropout_04_woTemplates_model_1_multimer_v2_pred_31.pdb,awaiting_extract,"MassiveFold model pool index only. It parses organizer-provided external model tarball listings and stages balanced extraction/rerank candidates. These models remain external rerank and accuracy-estimation inputs, not internal predictions, not CASP submissions, and not competitive-proof evidence."
6,H2339,H2339_T332,3863,H2339_all_pdbs/Model_176_afm_dropout_04_woTemplates_model_4_multimer_v2_pred_5.pdb,Model_176_afm_dropout_04_woTemplates_model_4_multimer_v2_pred_5.pdb,176,AFM,afm_dropout_04_woTemplates_multimer_v2,,4,5,afm_dropout_04_woTemplates_v2,,False,casp17/massivefold_external_pool_intake/h2339_t332/extracted_models/H2339_all_pdbs/Model_176_afm_dropout_04_woTemplates_model_4_multimer_v2_pred_5.pdb,awaiting_extract,"MassiveFold model pool index only. It parses organizer-provided external model tarball listings and stages balanced extraction/rerank candidates. These models remain external rerank and accuracy-estimation inputs, not internal predictions, not CASP submissions, and not competitive-proof evidence."
6,H2339,H2339_T332,3883,H2339_all_pdbs/Model_5596_afm_dropout_04_woTemplates_model_4_multimer_v2_pred_51.pdb,Model_5596_afm_dropout_04_woTemplates_model_4_multimer_v2_pred_51.pdb,5596,AFM,afm_dropout_04_woTemplates_multimer_v2,,4,51,afm_dropout_04_woTemplates_v2,,False,casp17/massivefold_external_pool_intake/h2339_t332/extracted_models/H2339_all_pdbs/Model_5596_afm_dropout_04_woTemplates_model_4_multimer_v2_pred_51.pdb,awaiting_extract,"MassiveFold model pool index only. It parses organizer-provided external model tarball listings and stages balanced extraction/rerank candidates. These models remain external rerank and accuracy-estimation inputs, not internal predictions, not CASP submissions, and not competitive-proof evidence."
6,H2339,H2339_T332,3934,H2339_all_pdbs/Model_924_afm_dropout_04_woTemplates_model_5_multimer_v2_pred_29.pdb,Model_924_afm_dropout_04_woTemplates_model_5_multimer_v2_pred_29.pdb,924,AFM,afm_dropout_04_woTemplates_multimer_v2,,5,29,afm_dropout_04_woTemplates_v2,,False,casp17/massivefold_external_pool_intake/h2339_t332/extracted_models/H2339_all_pdbs/Model_924_afm_dropout_04_woTemplates_model_5_multimer_v2_pred_29.pdb,awaiting_extract,"MassiveFold model pool index only. It parses organizer-provided external model tarball listings and stages balanced extraction/rerank candidates. These models remain external rerank and accuracy-estimation inputs, not internal predictions, not CASP submissions, and not competitive-proof evidence."
6,H2339,H2339_T332,3983,H2339_all_pdbs/Model_3102_afm_dropout_04_woTemplates_model_3_multimer_v2_pred_62.pdb,Model_3102_afm_dropout_04_woTemplates_model_3_multimer_v2_pred_62.pdb,3102,AFM,afm_dropout_04_woTemplates_multimer_v2,,3,62,afm_dropout_04_woTemplates_v2,,False,casp17/massivefold_external_pool_intake/h2339_t332/extracted_models/H2339_all_pdbs/Model_3102_afm_dropout_04_woTemplates_model_3_multimer_v2_pred_62.pdb,awaiting_extract,"MassiveFold model pool index only. It parses organizer-provided external model tarball listings and stages balanced extraction/rerank candidates. These models remain external rerank and accuracy-estimation inputs, not internal predictions, not CASP submissions, and not competitive-proof evidence."
6,H2339,H2339_T332,3987,H2339_all_pdbs/Model_949_afm_dropout_04_woTemplates_model_3_multimer_v2_pred_49.pdb,Model_949_afm_dropout_04_woTemplates_model_3_multimer_v2_pred_49.pdb,949,AFM,afm_dropout_04_woTemplates_multimer_v2,,3,49,afm_dropout_04_woTemplates_v2,,False,casp17/massivefold_external_pool_intake/h2339_t332/extracted_models/H2339_all_pdbs/Model_949_afm_dropout_04_woTemplates_model_3_multimer_v2_pred_49.pdb,awaiting_extract,"MassiveFold model pool index only. It parses organizer-provided external model tarball listings and stages balanced extraction/rerank candidates. These models remain external rerank and accuracy-estimation inputs, not internal predictions, not CASP submissions, and not competitive-proof evidence."
6,H2339,H2339_T332,4081,H2339_all_pdbs/Model_1693_afm_dropout_04_woTemplates_model_1_multimer_v2_pred_50.pdb,Model_1693_afm_dropout_04_woTemplates_model_1_multimer_v2_pred_50.pdb,1693,AFM,afm_dropout_04_woTemplates_multimer_v2,,1,50,afm_dropout_04_woTemplates_v2,,False,casp17/massivefold_external_pool_intake/h2339_t332/extracted_models/H2339_all_pdbs/Model_1693_afm_dropout_04_woTemplates_model_1_multimer_v2_pred_50.pdb,awaiting_extract,"MassiveFold model pool index only. It parses organizer-provided external model tarball listings and stages balanced extraction/rerank candidates. These models remain external rerank and accuracy-estimation inputs, not internal predictions, not CASP submissions, and not competitive-proof evidence."
6,H2339,H2339_T332,4092,H2339_all_pdbs/Model_5653_afm_dropout_04_woTemplates_model_2_multimer_v2_pred_46.pdb,Model_5653_afm_dropout_04_woTemplates_model_2_multimer_v2_pred_46.pdb,5653,AFM,afm_dropout_04_woTemplates_multimer_v2,,2,46,afm_dropout_04_woTemplates_v2,,False,casp17/massivefold_external_pool_intake/h2339_t332/extracted_models/H2339_all_pdbs/Model_5653_afm_dropout_04_woTemplates_model_2_multimer_v2_pred_46.pdb,awaiting_extract,"MassiveFold model pool index only. It parses organizer-provided external model tarball listings and stages balanced extraction/rerank candidates. These models remain external rerank and accuracy-estimation inputs, not internal predictions, not CASP submissions, and not competitive-proof evidence."
6,H2339,H2339_T332,4193,H2339_all_pdbs/Model_2832_afm_dropout_04_woTemplates_model_5_multimer_v2_pred_10.pdb,Model_2832_afm_dropout_04_woTemplates_model_5_multimer_v2_pred_10.pdb,2832,AFM,afm_dropout_04_woTemplates_multimer_v2,,5,10,afm_dropout_04_woTemplates_v2,,False,casp17/massivefold_external_pool_intake/h2339_t332/extracted_models/H2339_all_pdbs/Model_2832_afm_dropout_04_woTemplates_model_5_multimer_v2_pred_10.pdb,awaiting_extract,"MassiveFold model pool index only. It parses organizer-provided external model tarball listings and stages balanced extraction/rerank candidates. These models remain external rerank and accuracy-estimation inputs, not internal predictions, not CASP submissions, and not competitive-proof evidence."
6,H2339,H2339_T332,4219,H2339_all_pdbs/Model_750_afm_dropout_04_woTemplates_model_5_multimer_v2_pred_24.pdb,Model_750_afm_dropout_04_woTemplates_model_5_multimer_v2_pred_24.pdb,750,AFM,afm_dropout_04_woTemplates_multimer_v2,,5,24,afm_dropout_04_woTemplates_v2,,False,casp17/massivefold_external_pool_intake/h2339_t332/extracted_models/H2339_all_pdbs/Model_750_afm_dropout_04_woTemplates_model_5_multimer_v2_pred_24.pdb,awaiting_extract,"MassiveFold model pool index only. It parses organizer-provided external model tarball listings and stages balanced extraction/rerank candidates. These models remain external rerank and accuracy-estimation inputs, not internal predictions, not CASP submissions, and not competitive-proof evidence."
6,H2339,H2339_T332,4231,H2339_all_pdbs/Model_1864_afm_dropout_04_woTemplates_model_4_multimer_v2_pred_20.pdb,Model_1864_afm_dropout_04_woTemplates_model_4_multimer_v2_pred_20.pdb,1864,AFM,afm_dropout_04_woTemplates_multimer_v2,,4,20,afm_dropout_04_woTemplates_v2,,False,casp17/massivefold_external_pool_intake/h2339_t332/extracted_models/H2339_all_pdbs/Model_1864_afm_dropout_04_woTemplates_model_4_multimer_v2_pred_20.pdb,awaiting_extract,"MassiveFold model pool index only. It parses organizer-provided external model tarball listings and stages balanced extraction/rerank candidates. These models remain external rerank and accuracy-estimation inputs, not internal predictions, not CASP submissions, and not competitive-proof evidence."
6,H2339,H2339_T332,4262,H2339_all_pdbs/Model_4302_afm_dropout_04_woTemplates_model_3_multimer_v2_pred_54.pdb,Model_4302_afm_dropout_04_woTemplates_model_3_multimer_v2_pred_54.pdb,4302,AFM,afm_dropout_04_woTemplates_multimer_v2,,3,54,afm_dropout_04_woTemplates_v2,,False,casp17/massivefold_external_pool_intake/h2339_t332/extracted_models/H2339_all_pdbs/Model_4302_afm_dropout_04_woTemplates_model_3_multimer_v2_pred_54.pdb,awaiting_extract,"MassiveFold model pool index only. It parses organizer-provided external model tarball listings and stages balanced extraction/rerank candidates. These models remain external rerank and accuracy-estimation inputs, not internal predictions, not CASP submissions, and not competitive-proof evidence."
6,H2339,H2339_T332,4342,H2339_all_pdbs/Model_1259_afm_dropout_04_woTemplates_model_4_multimer_v2_pred_16.pdb,Model_1259_afm_dropout_04_woTemplates_model_4_multimer_v2_pred_16.pdb,1259,AFM,afm_dropout_04_woTemplates_multimer_v2,,4,16,afm_dropout_04_woTemplates_v2,,False,casp17/massivefold_external_pool_intake/h2339_t332/extracted_models/H2339_all_pdbs/Model_1259_afm_dropout_04_woTemplates_model_4_multimer_v2_pred_16.pdb,awaiting_extract,"MassiveFold model pool index only. It parses organizer-provided external model tarball listings and stages balanced extraction/rerank candidates. These models remain external rerank and accuracy-estimation inputs, not internal predictions, not CASP submissions, and not competitive-proof evidence."
6,H2339,H2339_T332,4378,H2339_all_pdbs/Model_3558_afm_dropout_04_woTemplates_model_5_multimer_v2_pred_2.pdb,Model_3558_afm_dropout_04_woTemplates_model_5_multimer_v2_pred_2.pdb,3558,AFM,afm_dropout_04_woTemplates_multimer_v2,,5,2,afm_dropout_04_woTemplates_v2,,False,casp17/massivefold_external_pool_intake/h2339_t332/extracted_models/H2339_all_pdbs/Model_3558_afm_dropout_04_woTemplates_model_5_multimer_v2_pred_2.pdb,awaiting_extract,"MassiveFold model pool index only. It parses organizer-provided external model tarball listings and stages balanced extraction/rerank candidates. These models remain external rerank and accuracy-estimation inputs, not internal predictions, not CASP submissions, and not competitive-proof evidence."
6,H2339,H2339_T332,4382,H2339_all_pdbs/Model_4675_afm_dropout_04_woTemplates_model_3_multimer_v2_pred_11.pdb,Model_4675_afm_dropout_04_woTemplates_model_3_multimer_v2_pred_11.pdb,4675,AFM,afm_dropout_04_woTemplates_multimer_v2,,3,11,afm_dropout_04_woTemplates_v2,,False,casp17/massivefold_external_pool_intake/h2339_t332/extracted_models/H2339_all_pdbs/Model_4675_afm_dropout_04_woTemplates_model_3_multimer_v2_pred_11.pdb,awaiting_extract,"MassiveFold model pool index only. It parses organizer-provided external model tarball listings and stages balanced extraction/rerank candidates. These models remain external rerank and accuracy-estimation inputs, not internal predictions, not CASP submissions, and not competitive-proof evidence."
6,H2339,H2339_T332,4665,H2339_all_pdbs/Model_1000_afm_dropout_04_woTemplates_model_5_multimer_v2_pred_18.pdb,Model_1000_afm_dropout_04_woTemplates_model_5_multimer_v2_pred_18.pdb,1000,AFM,afm_dropout_04_woTemplates_multimer_v2,,5,18,afm_dropout_04_woTemplates_v2,,False,casp17/massivefold_external_pool_intake/h2339_t332/extracted_models/H2339_all_pdbs/Model_1000_afm_dropout_04_woTemplates_model_5_multimer_v2_pred_18.pdb,awaiting_extract,"MassiveFold model pool index only. It parses organizer-provided external model tarball listings and stages balanced extraction/rerank candidates. These models remain external rerank and accuracy-estimation inputs, not internal predictions, not CASP submissions, and not competitive-proof evidence."
6,H2339,H2339_T332,4684,H2339_all_pdbs/Model_2532_afm_dropout_04_woTemplates_model_2_multimer_v2_pred_17.pdb,Model_2532_afm_dropout_04_woTemplates_model_2_multimer_v2_pred_17.pdb,2532,AFM,afm_dropout_04_woTemplates_multimer_v2,,2,17,afm_dropout_04_woTemplates_v2,,False,casp17/massivefold_external_pool_intake/h2339_t332/extracted_models/H2339_all_pdbs/Model_2532_afm_dropout_04_woTemplates_model_2_multimer_v2_pred_17.pdb,awaiting_extract,"MassiveFold model pool index only. It parses organizer-provided external model tarball listings and stages balanced extraction/rerank candidates. These models remain external rerank and accuracy-estimation inputs, not internal predictions, not CASP submissions, and not competitive-proof evidence."
6,H2339,H2339_T332,4746,H2339_all_pdbs/Model_545_afm_dropout_04_woTemplates_model_5_multimer_v2_pred_51.pdb,Model_545_afm_dropout_04_woTemplates_model_5_multimer_v2_pred_51.pdb,545,AFM,afm_dropout_04_woTemplates_multimer_v2,,5,51,afm_dropout_04_woTemplates_v2,,False,casp17/massivefold_external_pool_intake/h2339_t332/extracted_models/H2339_all_pdbs/Model_545_afm_dropout_04_woTemplates_model_5_multimer_v2_pred_51.pdb,awaiting_extract,"MassiveFold model pool index only. It parses organizer-provided external model tarball listings and stages balanced extraction/rerank candidates. These models remain external rerank and accuracy-estimation inputs, not internal predictions, not CASP submissions, and not competitive-proof evidence."
6,H2339,H2339_T332,4763,H2339_all_pdbs/Model_64_afm_dropout_04_woTemplates_model_4_multimer_v2_pred_11.pdb,Model_64_afm_dropout_04_woTemplates_model_4_multimer_v2_pred_11.pdb,64,AFM,afm_dropout_04_woTemplates_multimer_v2,,4,11,afm_dropout_04_woTemplates_v2,,False,casp17/massivefold_external_pool_intake/h2339_t332/extracted_models/H2339_all_pdbs/Model_64_afm_dropout_04_woTemplates_model_4_multimer_v2_pred_11.pdb,awaiting_extract,"MassiveFold model pool index only. It parses organizer-provided external model tarball listings and stages balanced extraction/rerank candidates. These models remain external rerank and accuracy-estimation inputs, not internal predictions, not CASP submissions, and not competitive-proof evidence."
6,H2339,H2339_T332,4782,H2339_all_pdbs/Model_3686_afm_dropout_04_woTemplates_model_5_multimer_v2_pred_22.pdb,Model_3686_afm_dropout_04_woTemplates_model_5_multimer_v2_pred_22.pdb,3686,AFM,afm_dropout_04_woTemplates_multimer_v2,,5,22,afm_dropout_04_woTemplates_v2,,False,casp17/massivefold_external_pool_intake/h2339_t332/extracted_models/H2339_all_pdbs/Model_3686_afm_dropout_04_woTemplates_model_5_multimer_v2_pred_22.pdb,awaiting_extract,"MassiveFold model pool index only. It parses organizer-provided external model tarball listings and stages balanced extraction/rerank candidates. These models remain external rerank and accuracy-estimation inputs, not internal predictions, not CASP submissions, and not competitive-proof evidence."
6,H2339,H2339_T332,4817,H2339_all_pdbs/Model_3222_afm_dropout_04_woTemplates_model_4_multimer_v2_pred_22.pdb,Model_3222_afm_dropout_04_woTemplates_model_4_multimer_v2_pred_22.pdb,3222,AFM,afm_dropout_04_woTemplates_multimer_v2,,4,22,afm_dropout_04_woTemplates_v2,,False,casp17/massivefold_external_pool_intake/h2339_t332/extracted_models/H2339_all_pdbs/Model_3222_afm_dropout_04_woTemplates_model_4_multimer_v2_pred_22.pdb,awaiting_extract,"MassiveFold model pool index only. It parses organizer-provided external model tarball listings and stages balanced extraction/rerank candidates. These models remain external rerank and accuracy-estimation inputs, not internal predictions, not CASP submissions, and not competitive-proof evidence."
6,H2339,H2339_T332,4826,H2339_all_pdbs/Model_3408_afm_dropout_04_woTemplates_model_3_multimer_v2_pred_28.pdb,Model_3408_afm_dropout_04_woTemplates_model_3_multimer_v2_pred_28.pdb,3408,AFM,afm_dropout_04_woTemplates_multimer_v2,,3,28,afm_dropout_04_woTemplates_v2,,False,casp17/massivefold_external_pool_intake/h2339_t332/extracted_models/H2339_all_pdbs/Model_3408_afm_dropout_04_woTemplates_model_3_multimer_v2_pred_28.pdb,awaiting_extract,"MassiveFold model pool index only. It parses organizer-provided external model tarball listings and stages balanced extraction/rerank candidates. These models remain external rerank and accuracy-estimation inputs, not internal predictions, not CASP submissions, and not competitive-proof evidence."
6,H2339,H2339_T332,4889,H2339_all_pdbs/Model_2824_afm_dropout_04_woTemplates_model_4_multimer_v2_pred_47.pdb,Model_2824_afm_dropout_04_woTemplates_model_4_multimer_v2_pred_47.pdb,2824,AFM,afm_dropout_04_woTemplates_multimer_v2,,4,47,afm_dropout_04_woTemplates_v2,,False,casp17/massivefold_external_pool_intake/h2339_t332/extracted_models/H2339_all_pdbs/Model_2824_afm_dropout_04_woTemplates_model_4_multimer_v2_pred_47.pdb,awaiting_extract,"MassiveFold model pool index only. It parses organizer-provided external model tarball listings and stages balanced extraction/rerank candidates. These models remain external rerank and accuracy-estimation inputs, not internal predictions, not CASP submissions, and not competitive-proof evidence."
6,H2339,H2339_T332,4932,H2339_all_pdbs/Model_3436_afm_dropout_04_woTemplates_model_5_multimer_v2_pred_26.pdb,Model_3436_afm_dropout_04_woTemplates_model_5_multimer_v2_pred_26.pdb,3436,AFM,afm_dropout_04_woTemplates_multimer_v2,,5,26,afm_dropout_04_woTemplates_v2,,False,casp17/massivefold_external_pool_intake/h2339_t332/extracted_models/H2339_all_pdbs/Model_3436_afm_dropout_04_woTemplates_model_5_multimer_v2_pred_26.pdb,awaiting_extract,"MassiveFold model pool index only. It parses organizer-provided external model tarball listings and stages balanced extraction/rerank candidates. These models remain external rerank and accuracy-estimation inputs, not internal predictions, not CASP submissions, and not competitive-proof evidence."
6,H2339,H2339_T332,4969,H2339_all_pdbs/Model_4801_afm_dropout_04_woTemplates_model_2_multimer_v2_pred_6.pdb,Model_4801_afm_dropout_04_woTemplates_model_2_multimer_v2_pred_6.pdb,4801,AFM,afm_dropout_04_woTemplates_multimer_v2,,2,6,afm_dropout_04_woTemplates_v2,,False,casp17/massivefold_external_pool_intake/h2339_t332/extracted_models/H2339_all_pdbs/Model_4801_afm_dropout_04_woTemplates_model_2_multimer_v2_pred_6.pdb,awaiting_extract,"MassiveFold model pool index only. It parses organizer-provided external model tarball listings and stages balanced extraction/rerank candidates. These models remain external rerank and accuracy-estimation inputs, not internal predictions, not CASP submissions, and not competitive-proof evidence."
6,H2339,H2339_T332,4970,H2339_all_pdbs/Model_1376_afm_dropout_04_woTemplates_model_4_multimer_v2_pred_21.pdb,Model_1376_afm_dropout_04_woTemplates_model_4_multimer_v2_pred_21.pdb,1376,AFM,afm_dropout_04_woTemplates_multimer_v2,,4,21,afm_dropout_04_woTemplates_v2,,False,casp17/massivefold_external_pool_intake/h2339_t332/extracted_models/H2339_all_pdbs/Model_1376_afm_dropout_04_woTemplates_model_4_multimer_v2_pred_21.pdb,awaiting_extract,"MassiveFold model pool index only. It parses organizer-provided external model tarball listings and stages balanced extraction/rerank candidates. These models remain external rerank and accuracy-estimation inputs, not internal predictions, not CASP submissions, and not competitive-proof evidence."
6,H2339,H2339_T332,4982,H2339_all_pdbs/Model_2308_afm_dropout_04_woTemplates_model_3_multimer_v2_pred_44.pdb,Model_2308_afm_dropout_04_woTemplates_model_3_multimer_v2_pred_44.pdb,2308,AFM,afm_dropout_04_woTemplates_multimer_v2,,3,44,afm_dropout_04_woTemplates_v2,,False,casp17/massivefold_external_pool_intake/h2339_t332/extracted_models/H2339_all_pdbs/Model_2308_afm_dropout_04_woTemplates_model_3_multimer_v2_pred_44.pdb,awaiting_extract,"MassiveFold model pool index only. It parses organizer-provided external model tarball listings and stages balanced extraction/rerank candidates. These models remain external rerank and accuracy-estimation inputs, not internal predictions, not CASP submissions, and not competitive-proof evidence."
6,H2339,H2339_T332,5012,H2339_all_pdbs/Model_10283_afm_dropout_04_woTemplates_model_4_multimer_v2_pred_50.pdb,Model_10283_afm_dropout_04_woTemplates_model_4_multimer_v2_pred_50.pdb,10283,AFM,afm_dropout_04_woTemplates_multimer_v2,,4,50,afm_dropout_04_woTemplates_v2,,False,casp17/massivefold_external_pool_intake/h2339_t332/extracted_models/H2339_all_pdbs/Model_10283_afm_dropout_04_woTemplates_model_4_multimer_v2_pred_50.pdb,awaiting_extract,"MassiveFold model pool index only. It parses organizer-provided external model tarball listings and stages balanced extraction/rerank candidates. These models remain external rerank and accuracy-estimation inputs, not internal predictions, not CASP submissions, and not competitive-proof evidence."
6,H2339,H2339_T332,5072,H2339_all_pdbs/Model_4530_afm_dropout_04_woTemplates_model_3_multimer_v2_pred_59.pdb,Model_4530_afm_dropout_04_woTemplates_model_3_multimer_v2_pred_59.pdb,4530,AFM,afm_dropout_04_woTemplates_multimer_v2,,3,59,afm_dropout_04_woTemplates_v2,,False,casp17/massivefold_external_pool_intake/h2339_t332/extracted_models/H2339_all_pdbs/Model_4530_afm_dropout_04_woTemplates_model_3_multimer_v2_pred_59.pdb,awaiting_extract,"MassiveFold model pool index only. It parses organizer-provided external model tarball listings and stages balanced extraction/rerank candidates. These models remain external rerank and accuracy-estimation inputs, not internal predictions, not CASP submissions, and not competitive-proof evidence."
6,H2339,H2339_T332,5243,H2339_all_pdbs/Model_2580_afm_dropout_04_woTemplates_model_3_multimer_v2_pred_26.pdb,Model_2580_afm_dropout_04_woTemplates_model_3_multimer_v2_pred_26.pdb,2580,AFM,afm_dropout_04_woTemplates_multimer_v2,,3,26,afm_dropout_04_woTemplates_v2,,False,casp17/massivefold_external_pool_intake/h2339_t332/extracted_models/H2339_all_pdbs/Model_2580_afm_dropout_04_woTemplates_model_3_multimer_v2_pred_26.pdb,awaiting_extract,"MassiveFold model pool index only. It parses organizer-provided external model tarball listings and stages balanced extraction/rerank candidates. These models remain external rerank and accuracy-estimation inputs, not internal predictions, not CASP submissions, and not competitive-proof evidence."
6,H2339,H2339_T332,5292,H2339_all_pdbs/Model_3141_afm_dropout_04_woTemplates_model_3_multimer_v2_pred_24.pdb,Model_3141_afm_dropout_04_woTemplates_model_3_multimer_v2_pred_24.pdb,3141,AFM,afm_dropout_04_woTemplates_multimer_v2,,3,24,afm_dropout_04_woTemplates_v2,,False,casp17/massivefold_external_pool_intake/h2339_t332/extracted_models/H2339_all_pdbs/Model_3141_afm_dropout_04_woTemplates_model_3_multimer_v2_pred_24.pdb,awaiting_extract,"MassiveFold model pool index only. It parses organizer-provided external model tarball listings and stages balanced extraction/rerank candidates. These models remain external rerank and accuracy-estimation inputs, not internal predictions, not CASP submissions, and not competitive-proof evidence."
6,H2339,H2339_T332,5318,H2339_all_pdbs/Model_1794_afm_dropout_04_woTemplates_model_2_multimer_v2_pred_45.pdb,Model_1794_afm_dropout_04_woTemplates_model_2_multimer_v2_pred_45.pdb,1794,AFM,afm_dropout_04_woTemplates_multimer_v2,,2,45,afm_dropout_04_woTemplates_v2,,False,casp17/massivefold_external_pool_intake/h2339_t332/extracted_models/H2339_all_pdbs/Model_1794_afm_dropout_04_woTemplates_model_2_multimer_v2_pred_45.pdb,awaiting_extract,"MassiveFold model pool index only. It parses organizer-provided external model tarball listings and stages balanced extraction/rerank candidates. These models remain external rerank and accuracy-estimation inputs, not internal predictions, not CASP submissions, and not competitive-proof evidence."
6,H2339,H2339_T332,5321,H2339_all_pdbs/Model_2511_afm_dropout_04_woTemplates_model_1_multimer_v2_pred_41.pdb,Model_2511_afm_dropout_04_woTemplates_model_1_multimer_v2_pred_41.pdb,2511,AFM,afm_dropout_04_woTemplates_multimer_v2,,1,41,afm_dropout_04_woTemplates_v2,,False,casp17/massivefold_external_pool_intake/h2339_t332/extracted_models/H2339_all_pdbs/Model_2511_afm_dropout_04_woTemplates_model_1_multimer_v2_pred_41.pdb,awaiting_extract,"MassiveFold model pool index only. It parses organizer-provided external model tarball listings and stages balanced extraction/rerank candidates. These models remain external rerank and accuracy-estimation inputs, not internal predictions, not CASP submissions, and not competitive-proof evidence."
6,H2339,H2339_T332,5421,H2339_all_pdbs/Model_8780_afm_dropout_04_woTemplates_model_1_multimer_v2_pred_25.pdb,Model_8780_afm_dropout_04_woTemplates_model_1_multimer_v2_pred_25.pdb,8780,AFM,afm_dropout_04_woTemplates_multimer_v2,,1,25,afm_dropout_04_woTemplates_v2,,False,casp17/massivefold_external_pool_intake/h2339_t332/extracted_models/H2339_all_pdbs/Model_8780_afm_dropout_04_woTemplates_model_1_multimer_v2_pred_25.pdb,awaiting_extract,"MassiveFold model pool index only. It parses organizer-provided external model tarball listings and stages balanced extraction/rerank candidates. These models remain external rerank and accuracy-estimation inputs, not internal predictions, not CASP submissions, and not competitive-proof evidence."
6,H2339,H2339_T332,5452,H2339_all_pdbs/Model_3672_afm_dropout_04_woTemplates_model_1_multimer_v2_pred_13.pdb,Model_3672_afm_dropout_04_woTemplates_model_1_multimer_v2_pred_13.pdb,3672,AFM,afm_dropout_04_woTemplates_multimer_v2,,1,13,afm_dropout_04_woTemplates_v2,,False,casp17/massivefold_external_pool_intake/h2339_t332/extracted_models/H2339_all_pdbs/Model_3672_afm_dropout_04_woTemplates_model_1_multimer_v2_pred_13.pdb,awaiting_extract,"MassiveFold model pool index only. It parses organizer-provided external model tarball listings and stages balanced extraction/rerank candidates. These models remain external rerank and accuracy-estimation inputs, not internal predictions, not CASP submissions, and not competitive-proof evidence."
6,H2339,H2339_T332,5493,H2339_all_pdbs/Model_3163_afm_dropout_04_woTemplates_model_3_multimer_v2_pred_1.pdb,Model_3163_afm_dropout_04_woTemplates_model_3_multimer_v2_pred_1.pdb,3163,AFM,afm_dropout_04_woTemplates_multimer_v2,,3,1,afm_dropout_04_woTemplates_v2,,False,casp17/massivefold_external_pool_intake/h2339_t332/extracted_models/H2339_all_pdbs/Model_3163_afm_dropout_04_woTemplates_model_3_multimer_v2_pred_1.pdb,awaiting_extract,"MassiveFold model pool index only. It parses organizer-provided external model tarball listings and stages balanced extraction/rerank candidates. These models remain external rerank and accuracy-estimation inputs, not internal predictions, not CASP submissions, and not competitive-proof evidence."
6,H2339,H2339_T332,5512,H2339_all_pdbs/Model_3147_afm_dropout_04_woTemplates_model_3_multimer_v2_pred_39.pdb,Model_3147_afm_dropout_04_woTemplates_model_3_multimer_v2_pred_39.pdb,3147,AFM,afm_dropout_04_woTemplates_multimer_v2,,3,39,afm_dropout_04_woTemplates_v2,,False,casp17/massivefold_external_pool_intake/h2339_t332/extracted_models/H2339_all_pdbs/Model_3147_afm_dropout_04_woTemplates_model_3_multimer_v2_pred_39.pdb,awaiting_extract,"MassiveFold model pool index only. It parses organizer-provided external model tarball listings and stages balanced extraction/rerank candidates. These models remain external rerank and accuracy-estimation inputs, not internal predictions, not CASP submissions, and not competitive-proof evidence."
6,H2339,H2339_T332,5549,H2339_all_pdbs/Model_391_afm_dropout_04_woTemplates_model_2_multimer_v2_pred_55.pdb,Model_391_afm_dropout_04_woTemplates_model_2_multimer_v2_pred_55.pdb,391,AFM,afm_dropout_04_woTemplates_multimer_v2,,2,55,afm_dropout_04_woTemplates_v2,,False,casp17/massivefold_external_pool_intake/h2339_t332/extracted_models/H2339_all_pdbs/Model_391_afm_dropout_04_woTemplates_model_2_multimer_v2_pred_55.pdb,awaiting_extract,"MassiveFold model pool index only. It parses organizer-provided external model tarball listings and stages balanced extraction/rerank candidates. These models remain external rerank and accuracy-estimation inputs, not internal predictions, not CASP submissions, and not competitive-proof evidence."
6,H2339,H2339_T332,5567,H2339_all_pdbs/Model_1200_afm_dropout_04_woTemplates_model_5_multimer_v2_pred_52.pdb,Model_1200_afm_dropout_04_woTemplates_model_5_multimer_v2_pred_52.pdb,1200,AFM,afm_dropout_04_woTemplates_multimer_v2,,5,52,afm_dropout_04_woTemplates_v2,,False,casp17/massivefold_external_pool_intake/h2339_t332/extracted_models/H2339_all_pdbs/Model_1200_afm_dropout_04_woTemplates_model_5_multimer_v2_pred_52.pdb,awaiting_extract,"MassiveFold model pool index only. It parses organizer-provided external model tarball listings and stages balanced extraction/rerank candidates. These models remain external rerank and accuracy-estimation inputs, not internal predictions, not CASP submissions, and not competitive-proof evidence."
6,H2339,H2339_T332,5628,H2339_all_pdbs/Model_51_afm_dropout_04_woTemplates_model_4_multimer_v2_pred_15.pdb,Model_51_afm_dropout_04_woTemplates_model_4_multimer_v2_pred_15.pdb,51,AFM,afm_dropout_04_woTemplates_multimer_v2,,4,15,afm_dropout_04_woTemplates_v2,,False,casp17/massivefold_external_pool_intake/h2339_t332/extracted_models/H2339_all_pdbs/Model_51_afm_dropout_04_woTemplates_model_4_multimer_v2_pred_15.pdb,awaiting_extract,"MassiveFold model pool index only. It parses organizer-provided external model tarball listings and stages balanced extraction/rerank candidates. These models remain external rerank and accuracy-estimation inputs, not internal predictions, not CASP submissions, and not competitive-proof evidence."
6,H2339,H2339_T332,5664,H2339_all_pdbs/Model_6584_afm_dropout_04_woTemplates_model_1_multimer_v2_pred_2.pdb,Model_6584_afm_dropout_04_woTemplates_model_1_multimer_v2_pred_2.pdb,6584,AFM,afm_dropout_04_woTemplates_multimer_v2,,1,2,afm_dropout_04_woTemplates_v2,,False,casp17/massivefold_external_pool_intake/h2339_t332/extracted_models/H2339_all_pdbs/Model_6584_afm_dropout_04_woTemplates_model_1_multimer_v2_pred_2.pdb,awaiting_extract,"MassiveFold model pool index only. It parses organizer-provided external model tarball listings and stages balanced extraction/rerank candidates. These models remain external rerank and accuracy-estimation inputs, not internal predictions, not CASP submissions, and not competitive-proof evidence."
6,H2339,H2339_T332,5670,H2339_all_pdbs/Model_973_afm_dropout_04_woTemplates_model_2_multimer_v2_pred_19.pdb,Model_973_afm_dropout_04_woTemplates_model_2_multimer_v2_pred_19.pdb,973,AFM,afm_dropout_04_woTemplates_multimer_v2,,2,19,afm_dropout_04_woTemplates_v2,,False,casp17/massivefold_external_pool_intake/h2339_t332/extracted_models/H2339_all_pdbs/Model_973_afm_dropout_04_woTemplates_model_2_multimer_v2_pred_19.pdb,awaiting_extract,"MassiveFold model pool index only. It parses organizer-provided external model tarball listings and stages balanced extraction/rerank candidates. These models remain external rerank and accuracy-estimation inputs, not internal predictions, not CASP submissions, and not competitive-proof evidence."
6,H2339,H2339_T332,5943,H2339_all_pdbs/Model_8256_afm_dropout_04_woTemplates_model_2_multimer_v2_pred_27.pdb,Model_8256_afm_dropout_04_woTemplates_model_2_multimer_v2_pred_27.pdb,8256,AFM,afm_dropout_04_woTemplates_multimer_v2,,2,27,afm_dropout_04_woTemplates_v2,,False,casp17/massivefold_external_pool_intake/h2339_t332/extracted_models/H2339_all_pdbs/Model_8256_afm_dropout_04_woTemplates_model_2_multimer_v2_pred_27.pdb,awaiting_extract,"MassiveFold model pool index only. It parses organizer-provided external model tarball listings and stages balanced extraction/rerank candidates. These models remain external rerank and accuracy-estimation inputs, not internal predictions, not CASP submissions, and not competitive-proof evidence."
6,H2339,H2339_T332,5945,H2339_all_pdbs/Model_4996_afm_dropout_04_woTemplates_model_4_multimer_v2_pred_35.pdb,Model_4996_afm_dropout_04_woTemplates_model_4_multimer_v2_pred_35.pdb,4996,AFM,afm_dropout_04_woTemplates_multimer_v2,,4,35,afm_dropout_04_woTemplates_v2,,False,casp17/massivefold_external_pool_intake/h2339_t332/extracted_models/H2339_all_pdbs/Model_4996_afm_dropout_04_woTemplates_model_4_multimer_v2_pred_35.pdb,awaiting_extract,"MassiveFold model pool index only. It parses organizer-provided external model tarball listings and stages balanced extraction/rerank candidates. These models remain external rerank and accuracy-estimation inputs, not internal predictions, not CASP submissions, and not competitive-proof evidence."
6,H2339,H2339_T332,6008,H2339_all_pdbs/Model_2359_afm_dropout_04_woTemplates_model_2_multimer_v2_pred_8.pdb,Model_2359_afm_dropout_04_woTemplates_model_2_multimer_v2_pred_8.pdb,2359,AFM,afm_dropout_04_woTemplates_multimer_v2,,2,8,afm_dropout_04_woTemplates_v2,,False,casp17/massivefold_external_pool_intake/h2339_t332/extracted_models/H2339_all_pdbs/Model_2359_afm_dropout_04_woTemplates_model_2_multimer_v2_pred_8.pdb,awaiting_extract,"MassiveFold model pool index only. It parses organizer-provided external model tarball listings and stages balanced extraction/rerank candidates. These models remain external rerank and accuracy-estimation inputs, not internal predictions, not CASP submissions, and not competitive-proof evidence."
6,H2339,H2339_T332,6028,H2339_all_pdbs/Model_770_afm_dropout_04_woTemplates_model_1_multimer_v2_pred_14.pdb,Model_770_afm_dropout_04_woTemplates_model_1_multimer_v2_pred_14.pdb,770,AFM,afm_dropout_04_woTemplates_multimer_v2,,1,14,afm_dropout_04_woTemplates_v2,,False,casp17/massivefold_external_pool_intake/h2339_t332/extracted_models/H2339_all_pdbs/Model_770_afm_dropout_04_woTemplates_model_1_multimer_v2_pred_14.pdb,awaiting_extract,"MassiveFold model pool index only. It parses organizer-provided external model tarball listings and stages balanced extraction/rerank candidates. These models remain external rerank and accuracy-estimation inputs, not internal predictions, not CASP submissions, and not competitive-proof evidence."
6,H2339,H2339_T332,6038,H2339_all_pdbs/Model_1248_afm_dropout_04_woTemplates_model_5_multimer_v2_pred_30.pdb,Model_1248_afm_dropout_04_woTemplates_model_5_multimer_v2_pred_30.pdb,1248,AFM,afm_dropout_04_woTemplates_multimer_v2,,5,30,afm_dropout_04_woTemplates_v2,,False,casp17/massivefold_external_pool_intake/h2339_t332/extracted_models/H2339_all_pdbs/Model_1248_afm_dropout_04_woTemplates_model_5_multimer_v2_pred_30.pdb,awaiting_extract,"MassiveFold model pool index only. It parses organizer-provided external model tarball listings and stages balanced extraction/rerank candidates. These models remain external rerank and accuracy-estimation inputs, not internal predictions, not CASP submissions, and not competitive-proof evidence."
6,H2339,H2339_T332,6131,H2339_all_pdbs/Model_2184_afm_dropout_04_woTemplates_model_5_multimer_v2_pred_55.pdb,Model_2184_afm_dropout_04_woTemplates_model_5_multimer_v2_pred_55.pdb,2184,AFM,afm_dropout_04_woTemplates_multimer_v2,,5,55,afm_dropout_04_woTemplates_v2,,False,casp17/massivefold_external_pool_intake/h2339_t332/extracted_models/H2339_all_pdbs/Model_2184_afm_dropout_04_woTemplates_model_5_multimer_v2_pred_55.pdb,awaiting_extract,"MassiveFold model pool index only. It parses organizer-provided external model tarball listings and stages balanced extraction/rerank candidates. These models remain external rerank and accuracy-estimation inputs, not internal predictions, not CASP submissions, and not competitive-proof evidence."
6,H2339,H2339_T332,6213,H2339_all_pdbs/Model_3283_afm_dropout_04_woTemplates_model_5_multimer_v2_pred_47.pdb,Model_3283_afm_dropout_04_woTemplates_model_5_multimer_v2_pred_47.pdb,3283,AFM,afm_dropout_04_woTemplates_multimer_v2,,5,47,afm_dropout_04_woTemplates_v2,,False,casp17/massivefold_external_pool_intake/h2339_t332/extracted_models/H2339_all_pdbs/Model_3283_afm_dropout_04_woTemplates_model_5_multimer_v2_pred_47.pdb,awaiting_extract,"MassiveFold model pool index only. It parses organizer-provided external model tarball listings and stages balanced extraction/rerank candidates. These models remain external rerank and accuracy-estimation inputs, not internal predictions, not CASP submissions, and not competitive-proof evidence."
6,H2339,H2339_T332,6281,H2339_all_pdbs/Model_3910_afm_dropout_04_woTemplates_model_1_multimer_v2_pred_63.pdb,Model_3910_afm_dropout_04_woTemplates_model_1_multimer_v2_pred_63.pdb,3910,AFM,afm_dropout_04_woTemplates_multimer_v2,,1,63,afm_dropout_04_woTemplates_v2,,False,casp17/massivefold_external_pool_intake/h2339_t332/extracted_models/H2339_all_pdbs/Model_3910_afm_dropout_04_woTemplates_model_1_multimer_v2_pred_63.pdb,awaiting_extract,"MassiveFold model pool index only. It parses organizer-provided external model tarball listings and stages balanced extraction/rerank candidates. These models remain external rerank and accuracy-estimation inputs, not internal predictions, not CASP submissions, and not competitive-proof evidence."
6,H2339,H2339_T332,6367,H2339_all_pdbs/Model_3256_afm_dropout_04_woTemplates_model_5_multimer_v2_pred_57.pdb,Model_3256_afm_dropout_04_woTemplates_model_5_multimer_v2_pred_57.pdb,3256,AFM,afm_dropout_04_woTemplates_multimer_v2,,5,57,afm_dropout_04_woTemplates_v2,,False,casp17/massivefold_external_pool_intake/h2339_t332/extracted_models/H2339_all_pdbs/Model_3256_afm_dropout_04_woTemplates_model_5_multimer_v2_pred_57.pdb,awaiting_extract,"MassiveFold model pool index only. It parses organizer-provided external model tarball listings and stages balanced extraction/rerank candidates. These models remain external rerank and accuracy-estimation inputs, not internal predictions, not CASP submissions, and not competitive-proof evidence."
6,H2339,H2339_T332,6454,H2339_all_pdbs/Model_8511_afm_dropout_04_woTemplates_model_2_multimer_v2_pred_57.pdb,Model_8511_afm_dropout_04_woTemplates_model_2_multimer_v2_pred_57.pdb,8511,AFM,afm_dropout_04_woTemplates_multimer_v2,,2,57,afm_dropout_04_woTemplates_v2,,False,casp17/massivefold_external_pool_intake/h2339_t332/extracted_models/H2339_all_pdbs/Model_8511_afm_dropout_04_woTemplates_model_2_multimer_v2_pred_57.pdb,awaiting_extract,"MassiveFold model pool index only. It parses organizer-provided external model tarball listings and stages balanced extraction/rerank candidates. These models remain external rerank and accuracy-estimation inputs, not internal predictions, not CASP submissions, and not competitive-proof evidence."
6,H2339,H2339_T332,6458,H2339_all_pdbs/Model_378_afm_dropout_04_woTemplates_model_2_multimer_v2_pred_24.pdb,Model_378_afm_dropout_04_woTemplates_model_2_multimer_v2_pred_24.pdb,378,AFM,afm_dropout_04_woTemplates_multimer_v2,,2,24,afm_dropout_04_woTemplates_v2,,False,casp17/massivefold_external_pool_intake/h2339_t332/extracted_models/H2339_all_pdbs/Model_378_afm_dropout_04_woTemplates_model_2_multimer_v2_pred_24.pdb,awaiting_extract,"MassiveFold model pool index only. It parses organizer-provided external model tarball listings and stages balanced extraction/rerank candidates. These models remain external rerank and accuracy-estimation inputs, not internal predictions, not CASP submissions, and not competitive-proof evidence."
6,H2339,H2339_T332,6462,H2339_all_pdbs/Model_4544_afm_dropout_04_woTemplates_model_3_multimer_v2_pred_36.pdb,Model_4544_afm_dropout_04_woTemplates_model_3_multimer_v2_pred_36.pdb,4544,AFM,afm_dropout_04_woTemplates_multimer_v2,,3,36,afm_dropout_04_woTemplates_v2,,False,casp17/massivefold_external_pool_intake/h2339_t332/extracted_models/H2339_all_pdbs/Model_4544_afm_dropout_04_woTemplates_model_3_multimer_v2_pred_36.pdb,awaiting_extract,"MassiveFold model pool index only. It parses organizer-provided external model tarball listings and stages balanced extraction/rerank candidates. These models remain external rerank and accuracy-estimation inputs, not internal predictions, not CASP submissions, and not competitive-proof evidence."
6,H2339,H2339_T332,6538,H2339_all_pdbs/Model_2767_afm_dropout_04_woTemplates_model_3_multimer_v2_pred_40.pdb,Model_2767_afm_dropout_04_woTemplates_model_3_multimer_v2_pred_40.pdb,2767,AFM,afm_dropout_04_woTemplates_multimer_v2,,3,40,afm_dropout_04_woTemplates_v2,,False,casp17/massivefold_external_pool_intake/h2339_t332/extracted_models/H2339_all_pdbs/Model_2767_afm_dropout_04_woTemplates_model_3_multimer_v2_pred_40.pdb,awaiting_extract,"MassiveFold model pool index only. It parses organizer-provided external model tarball listings and stages balanced extraction/rerank candidates. These models remain external rerank and accuracy-estimation inputs, not internal predictions, not CASP submissions, and not competitive-proof evidence."
6,H2339,H2339_T332,6617,H2339_all_pdbs/Model_847_afm_dropout_04_woTemplates_model_5_multimer_v2_pred_48.pdb,Model_847_afm_dropout_04_woTemplates_model_5_multimer_v2_pred_48.pdb,847,AFM,afm_dropout_04_woTemplates_multimer_v2,,5,48,afm_dropout_04_woTemplates_v2,,False,casp17/massivefold_external_pool_intake/h2339_t332/extracted_models/H2339_all_pdbs/Model_847_afm_dropout_04_woTemplates_model_5_multimer_v2_pred_48.pdb,awaiting_extract,"MassiveFold model pool index only. It parses organizer-provided external model tarball listings and stages balanced extraction/rerank candidates. These models remain external rerank and accuracy-estimation inputs, not internal predictions, not CASP submissions, and not competitive-proof evidence."
6,H2339,H2339_T332,6730,H2339_all_pdbs/Model_543_afm_dropout_04_woTemplates_model_4_multimer_v2_pred_19.pdb,Model_543_afm_dropout_04_woTemplates_model_4_multimer_v2_pred_19.pdb,543,AFM,afm_dropout_04_woTemplates_multimer_v2,,4,19,afm_dropout_04_woTemplates_v2,,False,casp17/massivefold_external_pool_intake/h2339_t332/extracted_models/H2339_all_pdbs/Model_543_afm_dropout_04_woTemplates_model_4_multimer_v2_pred_19.pdb,awaiting_extract,"MassiveFold model pool index only. It parses organizer-provided external model tarball listings and stages balanced extraction/rerank candidates. These models remain external rerank and accuracy-estimation inputs, not internal predictions, not CASP submissions, and not competitive-proof evidence."
6,H2339,H2339_T332,6886,H2339_all_pdbs/Model_32_afm_dropout_04_woTemplates_model_4_multimer_v2_pred_46.pdb,Model_32_afm_dropout_04_woTemplates_model_4_multimer_v2_pred_46.pdb,32,AFM,afm_dropout_04_woTemplates_multimer_v2,,4,46,afm_dropout_04_woTemplates_v2,61,True,casp17/massivefold_external_pool_intake/h2339_t332/extracted_models/H2339_all_pdbs/Model_32_afm_dropout_04_woTemplates_model_4_multimer_v2_pred_46.pdb,extracted,"MassiveFold model pool index only. It parses organizer-provided external model tarball listings and stages balanced extraction/rerank candidates. These models remain external rerank and accuracy-estimation inputs, not internal predictions, not CASP submissions, and not competitive-proof evidence."
6,H2339,H2339_T332,6922,H2339_all_pdbs/Model_3438_afm_dropout_04_woTemplates_model_4_multimer_v2_pred_61.pdb,Model_3438_afm_dropout_04_woTemplates_model_4_multimer_v2_pred_61.pdb,3438,AFM,afm_dropout_04_woTemplates_multimer_v2,,4,61,afm_dropout_04_woTemplates_v2,,False,casp17/massivefold_external_pool_intake/h2339_t332/extracted_models/H2339_all_pdbs/Model_3438_afm_dropout_04_woTemplates_model_4_multimer_v2_pred_61.pdb,awaiting_extract,"MassiveFold model pool index only. It parses organizer-provided external model tarball listings and stages balanced extraction/rerank candidates. These models remain external rerank and accuracy-estimation inputs, not internal predictions, not CASP submissions, and not competitive-proof evidence."
6,H2339,H2339_T332,6949,H2339_all_pdbs/Model_837_afm_dropout_04_woTemplates_model_2_multimer_v2_pred_58.pdb,Model_837_afm_dropout_04_woTemplates_model_2_multimer_v2_pred_58.pdb,837,AFM,afm_dropout_04_woTemplates_multimer_v2,,2,58,afm_dropout_04_woTemplates_v2,,False,casp17/massivefold_external_pool_intake/h2339_t332/extracted_models/H2339_all_pdbs/Model_837_afm_dropout_04_woTemplates_model_2_multimer_v2_pred_58.pdb,awaiting_extract,"MassiveFold model pool index only. It parses organizer-provided external model tarball listings and stages balanced extraction/rerank candidates. These models remain external rerank and accuracy-estimation inputs, not internal predictions, not CASP submissions, and not competitive-proof evidence."
6,H2339,H2339_T332,6999,H2339_all_pdbs/Model_3312_afm_dropout_04_woTemplates_model_1_multimer_v2_pred_40.pdb,Model_3312_afm_dropout_04_woTemplates_model_1_multimer_v2_pred_40.pdb,3312,AFM,afm_dropout_04_woTemplates_multimer_v2,,1,40,afm_dropout_04_woTemplates_v2,,False,casp17/massivefold_external_pool_intake/h2339_t332/extracted_models/H2339_all_pdbs/Model_3312_afm_dropout_04_woTemplates_model_1_multimer_v2_pred_40.pdb,awaiting_extract,"MassiveFold model pool index only. It parses organizer-provided external model tarball listings and stages balanced extraction/rerank candidates. These models remain external rerank and accuracy-estimation inputs, not internal predictions, not CASP submissions, and not competitive-proof evidence."
6,H2339,H2339_T332,7004,H2339_all_pdbs/Model_3478_afm_dropout_04_woTemplates_model_3_multimer_v2_pred_64.pdb,Model_3478_afm_dropout_04_woTemplates_model_3_multimer_v2_pred_64.pdb,3478,AFM,afm_dropout_04_woTemplates_multimer_v2,,3,64,afm_dropout_04_woTemplates_v2,,False,casp17/massivefold_external_pool_intake/h2339_t332/extracted_models/H2339_all_pdbs/Model_3478_afm_dropout_04_woTemplates_model_3_multimer_v2_pred_64.pdb,awaiting_extract,"MassiveFold model pool index only. It parses organizer-provided external model tarball listings and stages balanced extraction/rerank candidates. These models remain external rerank and accuracy-estimation inputs, not internal predictions, not CASP submissions, and not competitive-proof evidence."
6,H2339,H2339_T332,7035,H2339_all_pdbs/Model_5715_afm_dropout_04_woTemplates_model_5_multimer_v2_pred_20.pdb,Model_5715_afm_dropout_04_woTemplates_model_5_multimer_v2_pred_20.pdb,5715,AFM,afm_dropout_04_woTemplates_multimer_v2,,5,20,afm_dropout_04_woTemplates_v2,,False,casp17/massivefold_external_pool_intake/h2339_t332/extracted_models/H2339_all_pdbs/Model_5715_afm_dropout_04_woTemplates_model_5_multimer_v2_pred_20.pdb,awaiting_extract,"MassiveFold model pool index only. It parses organizer-provided external model tarball listings and stages balanced extraction/rerank candidates. These models remain external rerank and accuracy-estimation inputs, not internal predictions, not CASP submissions, and not competitive-proof evidence."
6,H2339,H2339_T332,7042,H2339_all_pdbs/Model_4999_afm_dropout_04_woTemplates_model_2_multimer_v2_pred_16.pdb,Model_4999_afm_dropout_04_woTemplates_model_2_multimer_v2_pred_16.pdb,4999,AFM,afm_dropout_04_woTemplates_multimer_v2,,2,16,afm_dropout_04_woTemplates_v2,,False,casp17/massivefold_external_pool_intake/h2339_t332/extracted_models/H2339_all_pdbs/Model_4999_afm_dropout_04_woTemplates_model_2_multimer_v2_pred_16.pdb,awaiting_extract,"MassiveFold model pool index only. It parses organizer-provided external model tarball listings and stages balanced extraction/rerank candidates. These models remain external rerank and accuracy-estimation inputs, not internal predictions, not CASP submissions, and not competitive-proof evidence."
6,H2339,H2339_T332,7139,H2339_all_pdbs/Model_2479_afm_dropout_04_woTemplates_model_3_multimer_v2_pred_60.pdb,Model_2479_afm_dropout_04_woTemplates_model_3_multimer_v2_pred_60.pdb,2479,AFM,afm_dropout_04_woTemplates_multimer_v2,,3,60,afm_dropout_04_woTemplates_v2,,False,casp17/massivefold_external_pool_intake/h2339_t332/extracted_models/H2339_all_pdbs/Model_2479_afm_dropout_04_woTemplates_model_3_multimer_v2_pred_60.pdb,awaiting_extract,"MassiveFold model pool index only. It parses organizer-provided external model tarball listings and stages balanced extraction/rerank candidates. These models remain external rerank and accuracy-estimation inputs, not internal predictions, not CASP submissions, and not competitive-proof evidence."
6,H2339,H2339_T332,7170,H2339_all_pdbs/Model_2301_afm_dropout_04_woTemplates_model_3_multimer_v2_pred_45.pdb,Model_2301_afm_dropout_04_woTemplates_model_3_multimer_v2_pred_45.pdb,2301,AFM,afm_dropout_04_woTemplates_multimer_v2,,3,45,afm_dropout_04_woTemplates_v2,,False,casp17/massivefold_external_pool_intake/h2339_t332/extracted_models/H2339_all_pdbs/Model_2301_afm_dropout_04_woTemplates_model_3_multimer_v2_pred_45.pdb,awaiting_extract,"MassiveFold model pool index only. It parses organizer-provided external model tarball listings and stages balanced extraction/rerank candidates. These models remain external rerank and accuracy-estimation inputs, not internal predictions, not CASP submissions, and not competitive-proof evidence."
6,H2339,H2339_T332,7420,H2339_all_pdbs/Model_8448_afm_dropout_04_woTemplates_model_1_multimer_v2_pred_60.pdb,Model_8448_afm_dropout_04_woTemplates_model_1_multimer_v2_pred_60.pdb,8448,AFM,afm_dropout_04_woTemplates_multimer_v2,,1,60,afm_dropout_04_woTemplates_v2,,False,casp17/massivefold_external_pool_intake/h2339_t332/extracted_models/H2339_all_pdbs/Model_8448_afm_dropout_04_woTemplates_model_1_multimer_v2_pred_60.pdb,awaiting_extract,"MassiveFold model pool index only. It parses organizer-provided external model tarball listings and stages balanced extraction/rerank candidates. These models remain external rerank and accuracy-estimation inputs, not internal predictions, not CASP submissions, and not competitive-proof evidence."
6,H2339,H2339_T332,7477,H2339_all_pdbs/Model_4063_afm_dropout_04_woTemplates_model_3_multimer_v2_pred_43.pdb,Model_4063_afm_dropout_04_woTemplates_model_3_multimer_v2_pred_43.pdb,4063,AFM,afm_dropout_04_woTemplates_multimer_v2,,3,43,afm_dropout_04_woTemplates_v2,,False,casp17/massivefold_external_pool_intake/h2339_t332/extracted_models/H2339_all_pdbs/Model_4063_afm_dropout_04_woTemplates_model_3_multimer_v2_pred_43.pdb,awaiting_extract,"MassiveFold model pool index only. It parses organizer-provided external model tarball listings and stages balanced extraction/rerank candidates. These models remain external rerank and accuracy-estimation inputs, not internal predictions, not CASP submissions, and not competitive-proof evidence."
6,H2339,H2339_T332,7519,H2339_all_pdbs/Model_714_afm_dropout_04_woTemplates_model_5_multimer_v2_pred_59.pdb,Model_714_afm_dropout_04_woTemplates_model_5_multimer_v2_pred_59.pdb,714,AFM,afm_dropout_04_woTemplates_multimer_v2,,5,59,afm_dropout_04_woTemplates_v2,,False,casp17/massivefold_external_pool_intake/h2339_t332/extracted_models/H2339_all_pdbs/Model_714_afm_dropout_04_woTemplates_model_5_multimer_v2_pred_59.pdb,awaiting_extract,"MassiveFold model pool index only. It parses organizer-provided external model tarball listings and stages balanced extraction/rerank candidates. These models remain external rerank and accuracy-estimation inputs, not internal predictions, not CASP submissions, and not competitive-proof evidence."
6,H2339,H2339_T332,7596,H2339_all_pdbs/Model_3085_afm_dropout_04_woTemplates_model_3_multimer_v2_pred_31.pdb,Model_3085_afm_dropout_04_woTemplates_model_3_multimer_v2_pred_31.pdb,3085,AFM,afm_dropout_04_woTemplates_multimer_v2,,3,31,afm_dropout_04_woTemplates_v2,,False,casp17/massivefold_external_pool_intake/h2339_t332/extracted_models/H2339_all_pdbs/Model_3085_afm_dropout_04_woTemplates_model_3_multimer_v2_pred_31.pdb,awaiting_extract,"MassiveFold model pool index only. It parses organizer-provided external model tarball listings and stages balanced extraction/rerank candidates. These models remain external rerank and accuracy-estimation inputs, not internal predictions, not CASP submissions, and not competitive-proof evidence."
6,H2339,H2339_T332,7598,H2339_all_pdbs/Model_20_afm_dropout_04_woTemplates_model_4_multimer_v2_pred_45.pdb,Model_20_afm_dropout_04_woTemplates_model_4_multimer_v2_pred_45.pdb,20,AFM,afm_dropout_04_woTemplates_multimer_v2,,4,45,afm_dropout_04_woTemplates_v2,68,True,casp17/massivefold_external_pool_intake/h2339_t332/extracted_models/H2339_all_pdbs/Model_20_afm_dropout_04_woTemplates_model_4_multimer_v2_pred_45.pdb,extracted,"MassiveFold model pool index only. It parses organizer-provided external model tarball listings and stages balanced extraction/rerank candidates. These models remain external rerank and accuracy-estimation inputs, not internal predictions, not CASP submissions, and not competitive-proof evidence."
6,H2339,H2339_T332,7620,H2339_all_pdbs/Model_1371_afm_dropout_04_woTemplates_model_1_multimer_v2_pred_12.pdb,Model_1371_afm_dropout_04_woTemplates_model_1_multimer_v2_pred_12.pdb,1371,AFM,afm_dropout_04_woTemplates_multimer_v2,,1,12,afm_dropout_04_woTemplates_v2,,False,casp17/massivefold_external_pool_intake/h2339_t332/extracted_models/H2339_all_pdbs/Model_1371_afm_dropout_04_woTemplates_model_1_multimer_v2_pred_12.pdb,awaiting_extract,"MassiveFold model pool index only. It parses organizer-provided external model tarball listings and stages balanced extraction/rerank candidates. These models remain external rerank and accuracy-estimation inputs, not internal predictions, not CASP submissions, and not competitive-proof evidence."
6,H2339,H2339_T332,7629,H2339_all_pdbs/Model_1892_afm_dropout_04_woTemplates_model_4_multimer_v2_pred_58.pdb,Model_1892_afm_dropout_04_woTemplates_model_4_multimer_v2_pred_58.pdb,1892,AFM,afm_dropout_04_woTemplates_multimer_v2,,4,58,afm_dropout_04_woTemplates_v2,,False,casp17/massivefold_external_pool_intake/h2339_t332/extracted_models/H2339_all_pdbs/Model_1892_afm_dropout_04_woTemplates_model_4_multimer_v2_pred_58.pdb,awaiting_extract,"MassiveFold model pool index only. It parses organizer-provided external model tarball listings and stages balanced extraction/rerank candidates. These models remain external rerank and accuracy-estimation inputs, not internal predictions, not CASP submissions, and not competitive-proof evidence."
6,H2339,H2339_T332,7748,H2339_all_pdbs/Model_3441_afm_dropout_04_woTemplates_model_1_multimer_v2_pred_3.pdb,Model_3441_afm_dropout_04_woTemplates_model_1_multimer_v2_pred_3.pdb,3441,AFM,afm_dropout_04_woTemplates_multimer_v2,,1,3,afm_dropout_04_woTemplates_v2,,False,casp17/massivefold_external_pool_intake/h2339_t332/extracted_models/H2339_all_pdbs/Model_3441_afm_dropout_04_woTemplates_model_1_multimer_v2_pred_3.pdb,awaiting_extract,"MassiveFold model pool index only. It parses organizer-provided external model tarball listings and stages balanced extraction/rerank candidates. These models remain external rerank and accuracy-estimation inputs, not internal predictions, not CASP submissions, and not competitive-proof evidence."
6,H2339,H2339_T332,7797,H2339_all_pdbs/Model_2549_afm_dropout_04_woTemplates_model_3_multimer_v2_pred_3.pdb,Model_2549_afm_dropout_04_woTemplates_model_3_multimer_v2_pred_3.pdb,2549,AFM,afm_dropout_04_woTemplates_multimer_v2,,3,3,afm_dropout_04_woTemplates_v2,,False,casp17/massivefold_external_pool_intake/h2339_t332/extracted_models/H2339_all_pdbs/Model_2549_afm_dropout_04_woTemplates_model_3_multimer_v2_pred_3.pdb,awaiting_extract,"MassiveFold model pool index only. It parses organizer-provided external model tarball listings and stages balanced extraction/rerank candidates. These models remain external rerank and accuracy-estimation inputs, not internal predictions, not CASP submissions, and not competitive-proof evidence."
6,H2339,H2339_T332,7834,H2339_all_pdbs/Model_6305_afm_dropout_04_woTemplates_model_1_multimer_v2_pred_62.pdb,Model_6305_afm_dropout_04_woTemplates_model_1_multimer_v2_pred_62.pdb,6305,AFM,afm_dropout_04_woTemplates_multimer_v2,,1,62,afm_dropout_04_woTemplates_v2,,False,casp17/massivefold_external_pool_intake/h2339_t332/extracted_models/H2339_all_pdbs/Model_6305_afm_dropout_04_woTemplates_model_1_multimer_v2_pred_62.pdb,awaiting_extract,"MassiveFold model pool index only. It parses organizer-provided external model tarball listings and stages balanced extraction/rerank candidates. These models remain external rerank and accuracy-estimation inputs, not internal predictions, not CASP submissions, and not competitive-proof evidence."
6,H2339,H2339_T332,7849,H2339_all_pdbs/Model_3931_afm_dropout_04_woTemplates_model_2_multimer_v2_pred_18.pdb,Model_3931_afm_dropout_04_woTemplates_model_2_multimer_v2_pred_18.pdb,3931,AFM,afm_dropout_04_woTemplates_multimer_v2,,2,18,afm_dropout_04_woTemplates_v2,,False,casp17/massivefold_external_pool_intake/h2339_t332/extracted_models/H2339_all_pdbs/Model_3931_afm_dropout_04_woTemplates_model_2_multimer_v2_pred_18.pdb,awaiting_extract,"MassiveFold model pool index only. It parses organizer-provided external model tarball listings and stages balanced extraction/rerank candidates. These models remain external rerank and accuracy-estimation inputs, not internal predictions, not CASP submissions, and not competitive-proof evidence."
6,H2339,H2339_T332,7953,H2339_all_pdbs/Model_3273_afm_dropout_04_woTemplates_model_5_multimer_v2_pred_4.pdb,Model_3273_afm_dropout_04_woTemplates_model_5_multimer_v2_pred_4.pdb,3273,AFM,afm_dropout_04_woTemplates_multimer_v2,,5,4,afm_dropout_04_woTemplates_v2,,False,casp17/massivefold_external_pool_intake/h2339_t332/extracted_models/H2339_all_pdbs/Model_3273_afm_dropout_04_woTemplates_model_5_multimer_v2_pred_4.pdb,awaiting_extract,"MassiveFold model pool index only. It parses organizer-provided external model tarball listings and stages balanced extraction/rerank candidates. These models remain external rerank and accuracy-estimation inputs, not internal predictions, not CASP submissions, and not competitive-proof evidence."
6,H2339,H2339_T332,7993,H2339_all_pdbs/Model_2595_afm_dropout_04_woTemplates_model_1_multimer_v2_pred_29.pdb,Model_2595_afm_dropout_04_woTemplates_model_1_multimer_v2_pred_29.pdb,2595,AFM,afm_dropout_04_woTemplates_multimer_v2,,1,29,afm_dropout_04_woTemplates_v2,,False,casp17/massivefold_external_pool_intake/h2339_t332/extracted_models/H2339_all_pdbs/Model_2595_afm_dropout_04_woTemplates_model_1_multimer_v2_pred_29.pdb,awaiting_extract,"MassiveFold model pool index only. It parses organizer-provided external model tarball listings and stages balanced extraction/rerank candidates. These models remain external rerank and accuracy-estimation inputs, not internal predictions, not CASP submissions, and not competitive-proof evidence."
6,H2339,H2339_T332,8129,H2339_all_pdbs/Model_719_afm_dropout_04_woTemplates_model_3_multimer_v2_pred_66.pdb,Model_719_afm_dropout_04_woTemplates_model_3_multimer_v2_pred_66.pdb,719,AFM,afm_dropout_04_woTemplates_multimer_v2,,3,66,afm_dropout_04_woTemplates_v2,,False,casp17/massivefold_external_pool_intake/h2339_t332/extracted_models/H2339_all_pdbs/Model_719_afm_dropout_04_woTemplates_model_3_multimer_v2_pred_66.pdb,awaiting_extract,"MassiveFold model pool index only. It parses organizer-provided external model tarball listings and stages balanced extraction/rerank candidates. These models remain external rerank and accuracy-estimation inputs, not internal predictions, not CASP submissions, and not competitive-proof evidence."
6,H2339,H2339_T332,8169,H2339_all_pdbs/Model_1273_afm_dropout_04_woTemplates_model_1_multimer_v2_pred_0.pdb,Model_1273_afm_dropout_04_woTemplates_model_1_multimer_v2_pred_0.pdb,1273,AFM,afm_dropout_04_woTemplates_multimer_v2,,1,0,afm_dropout_04_woTemplates_v2,,False,casp17/massivefold_external_pool_intake/h2339_t332/extracted_models/H2339_all_pdbs/Model_1273_afm_dropout_04_woTemplates_model_1_multimer_v2_pred_0.pdb,awaiting_extract,"MassiveFold model pool index only. It parses organizer-provided external model tarball listings and stages balanced extraction/rerank candidates. These models remain external rerank and accuracy-estimation inputs, not internal predictions, not CASP submissions, and not competitive-proof evidence."
6,H2339,H2339_T332,8241,H2339_all_pdbs/Model_4634_afm_dropout_04_woTemplates_model_2_multimer_v2_pred_60.pdb,Model_4634_afm_dropout_04_woTemplates_model_2_multimer_v2_pred_60.pdb,4634,AFM,afm_dropout_04_woTemplates_multimer_v2,,2,60,afm_dropout_04_woTemplates_v2,,False,casp17/massivefold_external_pool_intake/h2339_t332/extracted_models/H2339_all_pdbs/Model_4634_afm_dropout_04_woTemplates_model_2_multimer_v2_pred_60.pdb,awaiting_extract,"MassiveFold model pool index only. It parses organizer-provided external model tarball listings and stages balanced extraction/rerank candidates. These models remain external rerank and accuracy-estimation inputs, not internal predictions, not CASP submissions, and not competitive-proof evidence."
6,H2339,H2339_T332,8261,H2339_all_pdbs/Model_8201_afm_dropout_04_woTemplates_model_2_multimer_v2_pred_5.pdb,Model_8201_afm_dropout_04_woTemplates_model_2_multimer_v2_pred_5.pdb,8201,AFM,afm_dropout_04_woTemplates_multimer_v2,,2,5,afm_dropout_04_woTemplates_v2,,False,casp17/massivefold_external_pool_intake/h2339_t332/extracted_models/H2339_all_pdbs/Model_8201_afm_dropout_04_woTemplates_model_2_multimer_v2_pred_5.pdb,awaiting_extract,"MassiveFold model pool index only. It parses organizer-provided external model tarball listings and stages balanced extraction/rerank candidates. These models remain external rerank and accuracy-estimation inputs, not internal predictions, not CASP submissions, and not competitive-proof evidence."
6,H2339,H2339_T332,8265,H2339_all_pdbs/Model_6643_afm_dropout_04_woTemplates_model_2_multimer_v2_pred_31.pdb,Model_6643_afm_dropout_04_woTemplates_model_2_multimer_v2_pred_31.pdb,6643,AFM,afm_dropout_04_woTemplates_multimer_v2,,2,31,afm_dropout_04_woTemplates_v2,,False,casp17/massivefold_external_pool_intake/h2339_t332/extracted_models/H2339_all_pdbs/Model_6643_afm_dropout_04_woTemplates_model_2_multimer_v2_pred_31.pdb,awaiting_extract,"MassiveFold model pool index only. It parses organizer-provided external model tarball listings and stages balanced extraction/rerank candidates. These models remain external rerank and accuracy-estimation inputs, not internal predictions, not CASP submissions, and not competitive-proof evidence."
6,H2339,H2339_T332,8308,H2339_all_pdbs/Model_3936_afm_dropout_04_woTemplates_model_3_multimer_v2_pred_33.pdb,Model_3936_afm_dropout_04_woTemplates_model_3_multimer_v2_pred_33.pdb,3936,AFM,afm_dropout_04_woTemplates_multimer_v2,,3,33,afm_dropout_04_woTemplates_v2,,False,casp17/massivefold_external_pool_intake/h2339_t332/extracted_models/H2339_all_pdbs/Model_3936_afm_dropout_04_woTemplates_model_3_multimer_v2_pred_33.pdb,awaiting_extract,"MassiveFold model pool index only. It parses organizer-provided external model tarball listings and stages balanced extraction/rerank candidates. These models remain external rerank and accuracy-estimation inputs, not internal predictions, not CASP submissions, and not competitive-proof evidence."
6,H2339,H2339_T332,8358,H2339_all_pdbs/Model_5020_afm_dropout_04_woTemplates_model_4_multimer_v2_pred_7.pdb,Model_5020_afm_dropout_04_woTemplates_model_4_multimer_v2_pred_7.pdb,5020,AFM,afm_dropout_04_woTemplates_multimer_v2,,4,7,afm_dropout_04_woTemplates_v2,,False,casp17/massivefold_external_pool_intake/h2339_t332/extracted_models/H2339_all_pdbs/Model_5020_afm_dropout_04_woTemplates_model_4_multimer_v2_pred_7.pdb,awaiting_extract,"MassiveFold model pool index only. It parses organizer-provided external model tarball listings and stages balanced extraction/rerank candidates. These models remain external rerank and accuracy-estimation inputs, not internal predictions, not CASP submissions, and not competitive-proof evidence."
6,H2339,H2339_T332,8363,H2339_all_pdbs/Model_2432_afm_dropout_04_woTemplates_model_3_multimer_v2_pred_18.pdb,Model_2432_afm_dropout_04_woTemplates_model_3_multimer_v2_pred_18.pdb,2432,AFM,afm_dropout_04_woTemplates_multimer_v2,,3,18,afm_dropout_04_woTemplates_v2,,False,casp17/massivefold_external_pool_intake/h2339_t332/extracted_models/H2339_all_pdbs/Model_2432_afm_dropout_04_woTemplates_model_3_multimer_v2_pred_18.pdb,awaiting_extract,"MassiveFold model pool index only. It parses organizer-provided external model tarball listings and stages balanced extraction/rerank candidates. These models remain external rerank and accuracy-estimation inputs, not internal predictions, not CASP submissions, and not competitive-proof evidence."
6,H2339,H2339_T332,8406,H2339_all_pdbs/Model_537_afm_dropout_04_woTemplates_model_4_multimer_v2_pred_62.pdb,Model_537_afm_dropout_04_woTemplates_model_4_multimer_v2_pred_62.pdb,537,AFM,afm_dropout_04_woTemplates_multimer_v2,,4,62,afm_dropout_04_woTemplates_v2,,False,casp17/massivefold_external_pool_intake/h2339_t332/extracted_models/H2339_all_pdbs/Model_537_afm_dropout_04_woTemplates_model_4_multimer_v2_pred_62.pdb,awaiting_extract,"MassiveFold model pool index only. It parses organizer-provided external model tarball listings and stages balanced extraction/rerank candidates. These models remain external rerank and accuracy-estimation inputs, not internal predictions, not CASP submissions, and not competitive-proof evidence."
6,H2339,H2339_T332,8481,H2339_all_pdbs/Model_4538_afm_dropout_04_woTemplates_model_1_multimer_v2_pred_42.pdb,Model_4538_afm_dropout_04_woTemplates_model_1_multimer_v2_pred_42.pdb,4538,AFM,afm_dropout_04_woTemplates_multimer_v2,,1,42,afm_dropout_04_woTemplates_v2,,False,casp17/massivefold_external_pool_intake/h2339_t332/extracted_models/H2339_all_pdbs/Model_4538_afm_dropout_04_woTemplates_model_1_multimer_v2_pred_42.pdb,awaiting_extract,"MassiveFold model pool index only. It parses organizer-provided external model tarball listings and stages balanced extraction/rerank candidates. These models remain external rerank and accuracy-estimation inputs, not internal predictions, not CASP submissions, and not competitive-proof evidence."
6,H2339,H2339_T332,8531,H2339_all_pdbs/Model_1896_afm_dropout_04_woTemplates_model_5_multimer_v2_pred_14.pdb,Model_1896_afm_dropout_04_woTemplates_model_5_multimer_v2_pred_14.pdb,1896,AFM,afm_dropout_04_woTemplates_multimer_v2,,5,14,afm_dropout_04_woTemplates_v2,,False,casp17/massivefold_external_pool_intake/h2339_t332/extracted_models/H2339_all_pdbs/Model_1896_afm_dropout_04_woTemplates_model_5_multimer_v2_pred_14.pdb,awaiting_extract,"MassiveFold model pool index only. It parses organizer-provided external model tarball listings and stages balanced extraction/rerank candidates. These models remain external rerank and accuracy-estimation inputs, not internal predictions, not CASP submissions, and not competitive-proof evidence."
6,H2339,H2339_T332,8635,H2339_all_pdbs/Model_71_afm_dropout_04_woTemplates_model_4_multimer_v2_pred_33.pdb,Model_71_afm_dropout_04_woTemplates_model_4_multimer_v2_pred_33.pdb,71,AFM,afm_dropout_04_woTemplates_multimer_v2,,4,33,afm_dropout_04_woTemplates_v2,,False,casp17/massivefold_external_pool_intake/h2339_t332/extracted_models/H2339_all_pdbs/Model_71_afm_dropout_04_woTemplates_model_4_multimer_v2_pred_33.pdb,awaiting_extract,"MassiveFold model pool index only. It parses organizer-provided external model tarball listings and stages balanced extraction/rerank candidates. These models remain external rerank and accuracy-estimation inputs, not internal predictions, not CASP submissions, and not competitive-proof evidence."
6,H2339,H2339_T332,8644,H2339_all_pdbs/Model_2866_afm_dropout_04_woTemplates_model_5_multimer_v2_pred_8.pdb,Model_2866_afm_dropout_04_woTemplates_model_5_multimer_v2_pred_8.pdb,2866,AFM,afm_dropout_04_woTemplates_multimer_v2,,5,8,afm_dropout_04_woTemplates_v2,,False,casp17/massivefold_external_pool_intake/h2339_t332/extracted_models/H2339_all_pdbs/Model_2866_afm_dropout_04_woTemplates_model_5_multimer_v2_pred_8.pdb,awaiting_extract,"MassiveFold model pool index only. It parses organizer-provided external model tarball listings and stages balanced extraction/rerank candidates. These models remain external rerank and accuracy-estimation inputs, not internal predictions, not CASP submissions, and not competitive-proof evidence."
6,H2339,H2339_T332,8677,H2339_all_pdbs/Model_40_afm_dropout_04_woTemplates_model_2_multimer_v2_pred_34.pdb,Model_40_afm_dropout_04_woTemplates_model_2_multimer_v2_pred_34.pdb,40,AFM,afm_dropout_04_woTemplates_multimer_v2,,2,34,afm_dropout_04_woTemplates_v2,,False,casp17/massivefold_external_pool_intake/h2339_t332/extracted_models/H2339_all_pdbs/Model_40_afm_dropout_04_woTemplates_model_2_multimer_v2_pred_34.pdb,awaiting_extract,"MassiveFold model pool index only. It parses organizer-provided external model tarball listings and stages balanced extraction/rerank candidates. These models remain external rerank and accuracy-estimation inputs, not internal predictions, not CASP submissions, and not competitive-proof evidence."
6,H2339,H2339_T332,8689,H2339_all_pdbs/Model_5525_afm_dropout_04_woTemplates_model_1_multimer_v2_pred_58.pdb,Model_5525_afm_dropout_04_woTemplates_model_1_multimer_v2_pred_58.pdb,5525,AFM,afm_dropout_04_woTemplates_multimer_v2,,1,58,afm_dropout_04_woTemplates_v2,,False,casp17/massivefold_external_pool_intake/h2339_t332/extracted_models/H2339_all_pdbs/Model_5525_afm_dropout_04_woTemplates_model_1_multimer_v2_pred_58.pdb,awaiting_extract,"MassiveFold model pool index only. It parses organizer-provided external model tarball listings and stages balanced extraction/rerank candidates. These models remain external rerank and accuracy-estimation inputs, not internal predictions, not CASP submissions, and not competitive-proof evidence."
6,H2339,H2339_T332,8732,H2339_all_pdbs/Model_1681_afm_dropout_04_woTemplates_model_3_multimer_v2_pred_15.pdb,Model_1681_afm_dropout_04_woTemplates_model_3_multimer_v2_pred_15.pdb,1681,AFM,afm_dropout_04_woTemplates_multimer_v2,,3,15,afm_dropout_04_woTemplates_v2,,False,casp17/massivefold_external_pool_intake/h2339_t332/extracted_models/H2339_all_pdbs/Model_1681_afm_dropout_04_woTemplates_model_3_multimer_v2_pred_15.pdb,awaiting_extract,"MassiveFold model pool index only. It parses organizer-provided external model tarball listings and stages balanced extraction/rerank candidates. These models remain external rerank and accuracy-estimation inputs, not internal predictions, not CASP submissions, and not competitive-proof evidence."
6,H2339,H2339_T332,8756,H2339_all_pdbs/Model_728_afm_dropout_04_woTemplates_model_2_multimer_v2_pred_10.pdb,Model_728_afm_dropout_04_woTemplates_model_2_multimer_v2_pred_10.pdb,728,AFM,afm_dropout_04_woTemplates_multimer_v2,,2,10,afm_dropout_04_woTemplates_v2,,False,casp17/massivefold_external_pool_intake/h2339_t332/extracted_models/H2339_all_pdbs/Model_728_afm_dropout_04_woTemplates_model_2_multimer_v2_pred_10.pdb,awaiting_extract,"MassiveFold model pool index only. It parses organizer-provided external model tarball listings and stages balanced extraction/rerank candidates. These models remain external rerank and accuracy-estimation inputs, not internal predictions, not CASP submissions, and not competitive-proof evidence."
6,H2339,H2339_T332,8757,H2339_all_pdbs/Model_2425_afm_dropout_04_woTemplates_model_5_multimer_v2_pred_49.pdb,Model_2425_afm_dropout_04_woTemplates_model_5_multimer_v2_pred_49.pdb,2425,AFM,afm_dropout_04_woTemplates_multimer_v2,,5,49,afm_dropout_04_woTemplates_v2,,False,casp17/massivefold_external_pool_intake/h2339_t332/extracted_models/H2339_all_pdbs/Model_2425_afm_dropout_04_woTemplates_model_5_multimer_v2_pred_49.pdb,awaiting_extract,"MassiveFold model pool index only. It parses organizer-provided external model tarball listings and stages balanced extraction/rerank candidates. These models remain external rerank and accuracy-estimation inputs, not internal predictions, not CASP submissions, and not competitive-proof evidence."
6,H2339,H2339_T332,8775,H2339_all_pdbs/Model_3579_afm_dropout_04_woTemplates_model_1_multimer_v2_pred_9.pdb,Model_3579_afm_dropout_04_woTemplates_model_1_multimer_v2_pred_9.pdb,3579,AFM,afm_dropout_04_woTemplates_multimer_v2,,1,9,afm_dropout_04_woTemplates_v2,,False,casp17/massivefold_external_pool_intake/h2339_t332/extracted_models/H2339_all_pdbs/Model_3579_afm_dropout_04_woTemplates_model_1_multimer_v2_pred_9.pdb,awaiting_extract,"MassiveFold model pool index only. It parses organizer-provided external model tarball listings and stages balanced extraction/rerank candidates. These models remain external rerank and accuracy-estimation inputs, not internal predictions, not CASP submissions, and not competitive-proof evidence."
6,H2339,H2339_T332,8841,H2339_all_pdbs/Model_708_afm_dropout_04_woTemplates_model_4_multimer_v2_pred_40.pdb,Model_708_afm_dropout_04_woTemplates_model_4_multimer_v2_pred_40.pdb,708,AFM,afm_dropout_04_woTemplates_multimer_v2,,4,40,afm_dropout_04_woTemplates_v2,,False,casp17/massivefold_external_pool_intake/h2339_t332/extracted_models/H2339_all_pdbs/Model_708_afm_dropout_04_woTemplates_model_4_multimer_v2_pred_40.pdb,awaiting_extract,"MassiveFold model pool index only. It parses organizer-provided external model tarball listings and stages balanced extraction/rerank candidates. These models remain external rerank and accuracy-estimation inputs, not internal predictions, not CASP submissions, and not competitive-proof evidence."
6,H2339,H2339_T332,8876,H2339_all_pdbs/Model_4940_afm_dropout_04_woTemplates_model_3_multimer_v2_pred_47.pdb,Model_4940_afm_dropout_04_woTemplates_model_3_multimer_v2_pred_47.pdb,4940,AFM,afm_dropout_04_woTemplates_multimer_v2,,3,47,afm_dropout_04_woTemplates_v2,,False,casp17/massivefold_external_pool_intake/h2339_t332/extracted_models/H2339_all_pdbs/Model_4940_afm_dropout_04_woTemplates_model_3_multimer_v2_pred_47.pdb,awaiting_extract,"MassiveFold model pool index only. It parses organizer-provided external model tarball listings and stages balanced extraction/rerank candidates. These models remain external rerank and accuracy-estimation inputs, not internal predictions, not CASP submissions, and not competitive-proof evidence."
6,H2339,H2339_T332,8886,H2339_all_pdbs/Model_1571_afm_dropout_04_woTemplates_model_1_multimer_v2_pred_23.pdb,Model_1571_afm_dropout_04_woTemplates_model_1_multimer_v2_pred_23.pdb,1571,AFM,afm_dropout_04_woTemplates_multimer_v2,,1,23,afm_dropout_04_woTemplates_v2,,False,casp17/massivefold_external_pool_intake/h2339_t332/extracted_models/H2339_all_pdbs/Model_1571_afm_dropout_04_woTemplates_model_1_multimer_v2_pred_23.pdb,awaiting_extract,"MassiveFold model pool index only. It parses organizer-provided external model tarball listings and stages balanced extraction/rerank candidates. These models remain external rerank and accuracy-estimation inputs, not internal predictions, not CASP submissions, and not competitive-proof evidence."
6,H2339,H2339_T332,8928,H2339_all_pdbs/Model_3122_afm_dropout_04_woTemplates_model_1_multimer_v2_pred_51.pdb,Model_3122_afm_dropout_04_woTemplates_model_1_multimer_v2_pred_51.pdb,3122,AFM,afm_dropout_04_woTemplates_multimer_v2,,1,51,afm_dropout_04_woTemplates_v2,,False,casp17/massivefold_external_pool_intake/h2339_t332/extracted_models/H2339_all_pdbs/Model_3122_afm_dropout_04_woTemplates_model_1_multimer_v2_pred_51.pdb,awaiting_extract,"MassiveFold model pool index only. It parses organizer-provided external model tarball listings and stages balanced extraction/rerank candidates. These models remain external rerank and accuracy-estimation inputs, not internal predictions, not CASP submissions, and not competitive-proof evidence."
6,H2339,H2339_T332,8957,H2339_all_pdbs/Model_3574_afm_dropout_04_woTemplates_model_1_multimer_v2_pred_47.pdb,Model_3574_afm_dropout_04_woTemplates_model_1_multimer_v2_pred_47.pdb,3574,AFM,afm_dropout_04_woTemplates_multimer_v2,,1,47,afm_dropout_04_woTemplates_v2,,False,casp17/massivefold_external_pool_intake/h2339_t332/extracted_models/H2339_all_pdbs/Model_3574_afm_dropout_04_woTemplates_model_1_multimer_v2_pred_47.pdb,awaiting_extract,"MassiveFold model pool index only. It parses organizer-provided external model tarball listings and stages balanced extraction/rerank candidates. These models remain external rerank and accuracy-estimation inputs, not internal predictions, not CASP submissions, and not competitive-proof evidence."
6,H2339,H2339_T332,8981,H2339_all_pdbs/Model_2780_afm_dropout_04_woTemplates_model_3_multimer_v2_pred_61.pdb,Model_2780_afm_dropout_04_woTemplates_model_3_multimer_v2_pred_61.pdb,2780,AFM,afm_dropout_04_woTemplates_multimer_v2,,3,61,afm_dropout_04_woTemplates_v2,,False,casp17/massivefold_external_pool_intake/h2339_t332/extracted_models/H2339_all_pdbs/Model_2780_afm_dropout_04_woTemplates_model_3_multimer_v2_pred_61.pdb,awaiting_extract,"MassiveFold model pool index only. It parses organizer-provided external model tarball listings and stages balanced extraction/rerank candidates. These models remain external rerank and accuracy-estimation inputs, not internal predictions, not CASP submissions, and not competitive-proof evidence."
6,H2339,H2339_T332,8988,H2339_all_pdbs/Model_3989_afm_dropout_04_woTemplates_model_3_multimer_v2_pred_58.pdb,Model_3989_afm_dropout_04_woTemplates_model_3_multimer_v2_pred_58.pdb,3989,AFM,afm_dropout_04_woTemplates_multimer_v2,,3,58,afm_dropout_04_woTemplates_v2,,False,casp17/massivefold_external_pool_intake/h2339_t332/extracted_models/H2339_all_pdbs/Model_3989_afm_dropout_04_woTemplates_model_3_multimer_v2_pred_58.pdb,awaiting_extract,"MassiveFold model pool index only. It parses organizer-provided external model tarball listings and stages balanced extraction/rerank candidates. These models remain external rerank and accuracy-estimation inputs, not internal predictions, not CASP submissions, and not competitive-proof evidence."
6,H2339,H2339_T332,9001,H2339_all_pdbs/Model_5498_afm_dropout_04_woTemplates_model_1_multimer_v2_pred_38.pdb,Model_5498_afm_dropout_04_woTemplates_model_1_multimer_v2_pred_38.pdb,5498,AFM,afm_dropout_04_woTemplates_multimer_v2,,1,38,afm_dropout_04_woTemplates_v2,,False,casp17/massivefold_external_pool_intake/h2339_t332/extracted_models/H2339_all_pdbs/Model_5498_afm_dropout_04_woTemplates_model_1_multimer_v2_pred_38.pdb,awaiting_extract,"MassiveFold model pool index only. It parses organizer-provided external model tarball listings and stages balanced extraction/rerank candidates. These models remain external rerank and accuracy-estimation inputs, not internal predictions, not CASP submissions, and not competitive-proof evidence."
6,H2339,H2339_T332,9063,H2339_all_pdbs/Model_368_afm_dropout_04_woTemplates_model_4_multimer_v2_pred_65.pdb,Model_368_afm_dropout_04_woTemplates_model_4_multimer_v2_pred_65.pdb,368,AFM,afm_dropout_04_woTemplates_multimer_v2,,4,65,afm_dropout_04_woTemplates_v2,,False,casp17/massivefold_external_pool_intake/h2339_t332/extracted_models/H2339_all_pdbs/Model_368_afm_dropout_04_woTemplates_model_4_multimer_v2_pred_65.pdb,awaiting_extract,"MassiveFold model pool index only. It parses organizer-provided external model tarball listings and stages balanced extraction/rerank candidates. These models remain external rerank and accuracy-estimation inputs, not internal predictions, not CASP submissions, and not competitive-proof evidence."
6,H2339,H2339_T332,9064,H2339_all_pdbs/Model_1031_afm_dropout_04_woTemplates_model_1_multimer_v2_pred_7.pdb,Model_1031_afm_dropout_04_woTemplates_model_1_multimer_v2_pred_7.pdb,1031,AFM,afm_dropout_04_woTemplates_multimer_v2,,1,7,afm_dropout_04_woTemplates_v2,,False,casp17/massivefold_external_pool_intake/h2339_t332/extracted_models/H2339_all_pdbs/Model_1031_afm_dropout_04_woTemplates_model_1_multimer_v2_pred_7.pdb,awaiting_extract,"MassiveFold model pool index only. It parses organizer-provided external model tarball listings and stages balanced extraction/rerank candidates. These models remain external rerank and accuracy-estimation inputs, not internal predictions, not CASP submissions, and not competitive-proof evidence."
6,H2339,H2339_T332,9066,H2339_all_pdbs/Model_6194_afm_dropout_04_woTemplates_model_1_multimer_v2_pred_36.pdb,Model_6194_afm_dropout_04_woTemplates_model_1_multimer_v2_pred_36.pdb,6194,AFM,afm_dropout_04_woTemplates_multimer_v2,,1,36,afm_dropout_04_woTemplates_v2,,False,casp17/massivefold_external_pool_intake/h2339_t332/extracted_models/H2339_all_pdbs/Model_6194_afm_dropout_04_woTemplates_model_1_multimer_v2_pred_36.pdb,awaiting_extract,"MassiveFold model pool index only. It parses organizer-provided external model tarball listings and stages balanced extraction/rerank candidates. These models remain external rerank and accuracy-estimation inputs, not internal predictions, not CASP submissions, and not competitive-proof evidence."
6,H2339,H2339_T332,9080,H2339_all_pdbs/Model_1058_afm_dropout_04_woTemplates_model_2_multimer_v2_pred_63.pdb,Model_1058_afm_dropout_04_woTemplates_model_2_multimer_v2_pred_63.pdb,1058,AFM,afm_dropout_04_woTemplates_multimer_v2,,2,63,afm_dropout_04_woTemplates_v2,,False,casp17/massivefold_external_pool_intake/h2339_t332/extracted_models/H2339_all_pdbs/Model_1058_afm_dropout_04_woTemplates_model_2_multimer_v2_pred_63.pdb,awaiting_extract,"MassiveFold model pool index only. It parses organizer-provided external model tarball listings and stages balanced extraction/rerank candidates. These models remain external rerank and accuracy-estimation inputs, not internal predictions, not CASP submissions, and not competitive-proof evidence."
6,H2339,H2339_T332,9089,H2339_all_pdbs/Model_111_afm_dropout_04_woTemplates_model_4_multimer_v2_pred_14.pdb,Model_111_afm_dropout_04_woTemplates_model_4_multimer_v2_pred_14.pdb,111,AFM,afm_dropout_04_woTemplates_multimer_v2,,4,14,afm_dropout_04_woTemplates_v2,,False,casp17/massivefold_external_pool_intake/h2339_t332/extracted_models/H2339_all_pdbs/Model_111_afm_dropout_04_woTemplates_model_4_multimer_v2_pred_14.pdb,awaiting_extract,"MassiveFold model pool index only. It parses organizer-provided external model tarball listings and stages balanced extraction/rerank candidates. These models remain external rerank and accuracy-estimation inputs, not internal predictions, not CASP submissions, and not competitive-proof evidence."
6,H2339,H2339_T332,9223,H2339_all_pdbs/Model_1063_afm_dropout_04_woTemplates_model_5_multimer_v2_pred_34.pdb,Model_1063_afm_dropout_04_woTemplates_model_5_multimer_v2_pred_34.pdb,1063,AFM,afm_dropout_04_woTemplates_multimer_v2,,5,34,afm_dropout_04_woTemplates_v2,,False,casp17/massivefold_external_pool_intake/h2339_t332/extracted_models/H2339_all_pdbs/Model_1063_afm_dropout_04_woTemplates_model_5_multimer_v2_pred_34.pdb,awaiting_extract,"MassiveFold model pool index only. It parses organizer-provided external model tarball listings and stages balanced extraction/rerank candidates. These models remain external rerank and accuracy-estimation inputs, not internal predictions, not CASP submissions, and not competitive-proof evidence."
6,H2339,H2339_T332,9274,H2339_all_pdbs/Model_6464_afm_dropout_04_woTemplates_model_4_multimer_v2_pred_53.pdb,Model_6464_afm_dropout_04_woTemplates_model_4_multimer_v2_pred_53.pdb,6464,AFM,afm_dropout_04_woTemplates_multimer_v2,,4,53,afm_dropout_04_woTemplates_v2,,False,casp17/massivefold_external_pool_intake/h2339_t332/extracted_models/H2339_all_pdbs/Model_6464_afm_dropout_04_woTemplates_model_4_multimer_v2_pred_53.pdb,awaiting_extract,"MassiveFold model pool index only. It parses organizer-provided external model tarball listings and stages balanced extraction/rerank candidates. These models remain external rerank and accuracy-estimation inputs, not internal predictions, not CASP submissions, and not competitive-proof evidence."
6,H2339,H2339_T332,9276,H2339_all_pdbs/Model_294_afm_dropout_04_woTemplates_model_4_multimer_v2_pred_6.pdb,Model_294_afm_dropout_04_woTemplates_model_4_multimer_v2_pred_6.pdb,294,AFM,afm_dropout_04_woTemplates_multimer_v2,,4,6,afm_dropout_04_woTemplates_v2,,False,casp17/massivefold_external_pool_intake/h2339_t332/extracted_models/H2339_all_pdbs/Model_294_afm_dropout_04_woTemplates_model_4_multimer_v2_pred_6.pdb,awaiting_extract,"MassiveFold model pool index only. It parses organizer-provided external model tarball listings and stages balanced extraction/rerank candidates. These models remain external rerank and accuracy-estimation inputs, not internal predictions, not CASP submissions, and not competitive-proof evidence."
6,H2339,H2339_T332,9360,H2339_all_pdbs/Model_2468_afm_dropout_04_woTemplates_model_3_multimer_v2_pred_0.pdb,Model_2468_afm_dropout_04_woTemplates_model_3_multimer_v2_pred_0.pdb,2468,AFM,afm_dropout_04_woTemplates_multimer_v2,,3,0,afm_dropout_04_woTemplates_v2,,False,casp17/massivefold_external_pool_intake/h2339_t332/extracted_models/H2339_all_pdbs/Model_2468_afm_dropout_04_woTemplates_model_3_multimer_v2_pred_0.pdb,awaiting_extract,"MassiveFold model pool index only. It parses organizer-provided external model tarball listings and stages balanced extraction/rerank candidates. These models remain external rerank and accuracy-estimation inputs, not internal predictions, not CASP submissions, and not competitive-proof evidence."
6,H2339,H2339_T332,9387,H2339_all_pdbs/Model_3146_afm_dropout_04_woTemplates_model_3_multimer_v2_pred_9.pdb,Model_3146_afm_dropout_04_woTemplates_model_3_multimer_v2_pred_9.pdb,3146,AFM,afm_dropout_04_woTemplates_multimer_v2,,3,9,afm_dropout_04_woTemplates_v2,,False,casp17/massivefold_external_pool_intake/h2339_t332/extracted_models/H2339_all_pdbs/Model_3146_afm_dropout_04_woTemplates_model_3_multimer_v2_pred_9.pdb,awaiting_extract,"MassiveFold model pool index only. It parses organizer-provided external model tarball listings and stages balanced extraction/rerank candidates. These models remain external rerank and accuracy-estimation inputs, not internal predictions, not CASP submissions, and not competitive-proof evidence."
6,H2339,H2339_T332,9402,H2339_all_pdbs/Model_1198_afm_dropout_04_woTemplates_model_1_multimer_v2_pred_22.pdb,Model_1198_afm_dropout_04_woTemplates_model_1_multimer_v2_pred_22.pdb,1198,AFM,afm_dropout_04_woTemplates_multimer_v2,,1,22,afm_dropout_04_woTemplates_v2,,False,casp17/massivefold_external_pool_intake/h2339_t332/extracted_models/H2339_all_pdbs/Model_1198_afm_dropout_04_woTemplates_model_1_multimer_v2_pred_22.pdb,awaiting_extract,"MassiveFold model pool index only. It parses organizer-provided external model tarball listings and stages balanced extraction/rerank candidates. These models remain external rerank and accuracy-estimation inputs, not internal predictions, not CASP submissions, and not competitive-proof evidence."
6,H2339,H2339_T332,9412,H2339_all_pdbs/Model_2325_afm_dropout_04_woTemplates_model_4_multimer_v2_pred_24.pdb,Model_2325_afm_dropout_04_woTemplates_model_4_multimer_v2_pred_24.pdb,2325,AFM,afm_dropout_04_woTemplates_multimer_v2,,4,24,afm_dropout_04_woTemplates_v2,,False,casp17/massivefold_external_pool_intake/h2339_t332/extracted_models/H2339_all_pdbs/Model_2325_afm_dropout_04_woTemplates_model_4_multimer_v2_pred_24.pdb,awaiting_extract,"MassiveFold model pool index only. It parses organizer-provided external model tarball listings and stages balanced extraction/rerank candidates. These models remain external rerank and accuracy-estimation inputs, not internal predictions, not CASP submissions, and not competitive-proof evidence."
6,H2339,H2339_T332,9455,H2339_all_pdbs/Model_1881_afm_dropout_04_woTemplates_model_5_multimer_v2_pred_3.pdb,Model_1881_afm_dropout_04_woTemplates_model_5_multimer_v2_pred_3.pdb,1881,AFM,afm_dropout_04_woTemplates_multimer_v2,,5,3,afm_dropout_04_woTemplates_v2,,False,casp17/massivefold_external_pool_intake/h2339_t332/extracted_models/H2339_all_pdbs/Model_1881_afm_dropout_04_woTemplates_model_5_multimer_v2_pred_3.pdb,awaiting_extract,"MassiveFold model pool index only. It parses organizer-provided external model tarball listings and stages balanced extraction/rerank candidates. These models remain external rerank and accuracy-estimation inputs, not internal predictions, not CASP submissions, and not competitive-proof evidence."
6,H2339,H2339_T332,9461,H2339_all_pdbs/Model_376_afm_dropout_04_woTemplates_model_4_multimer_v2_pred_30.pdb,Model_376_afm_dropout_04_woTemplates_model_4_multimer_v2_pred_30.pdb,376,AFM,afm_dropout_04_woTemplates_multimer_v2,,4,30,afm_dropout_04_woTemplates_v2,,False,casp17/massivefold_external_pool_intake/h2339_t332/extracted_models/H2339_all_pdbs/Model_376_afm_dropout_04_woTemplates_model_4_multimer_v2_pred_30.pdb,awaiting_extract,"MassiveFold model pool index only. It parses organizer-provided external model tarball listings and stages balanced extraction/rerank candidates. These models remain external rerank and accuracy-estimation inputs, not internal predictions, not CASP submissions, and not competitive-proof evidence."
6,H2339,H2339_T332,9466,H2339_all_pdbs/Model_1252_afm_dropout_04_woTemplates_model_1_multimer_v2_pred_61.pdb,Model_1252_afm_dropout_04_woTemplates_model_1_multimer_v2_pred_61.pdb,1252,AFM,afm_dropout_04_woTemplates_multimer_v2,,1,61,afm_dropout_04_woTemplates_v2,,False,casp17/massivefold_external_pool_intake/h2339_t332/extracted_models/H2339_all_pdbs/Model_1252_afm_dropout_04_woTemplates_model_1_multimer_v2_pred_61.pdb,awaiting_extract,"MassiveFold model pool index only. It parses organizer-provided external model tarball listings and stages balanced extraction/rerank candidates. These models remain external rerank and accuracy-estimation inputs, not internal predictions, not CASP submissions, and not competitive-proof evidence."
6,H2339,H2339_T332,9639,H2339_all_pdbs/Model_7883_afm_dropout_04_woTemplates_model_1_multimer_v2_pred_30.pdb,Model_7883_afm_dropout_04_woTemplates_model_1_multimer_v2_pred_30.pdb,7883,AFM,afm_dropout_04_woTemplates_multimer_v2,,1,30,afm_dropout_04_woTemplates_v2,,False,casp17/massivefold_external_pool_intake/h2339_t332/extracted_models/H2339_all_pdbs/Model_7883_afm_dropout_04_woTemplates_model_1_multimer_v2_pred_30.pdb,awaiting_extract,"MassiveFold model pool index only. It parses organizer-provided external model tarball listings and stages balanced extraction/rerank candidates. These models remain external rerank and accuracy-estimation inputs, not internal predictions, not CASP submissions, and not competitive-proof evidence."
6,H2339,H2339_T332,9643,H2339_all_pdbs/Model_678_afm_dropout_04_woTemplates_model_5_multimer_v2_pred_11.pdb,Model_678_afm_dropout_04_woTemplates_model_5_multimer_v2_pred_11.pdb,678,AFM,afm_dropout_04_woTemplates_multimer_v2,,5,11,afm_dropout_04_woTemplates_v2,,False,casp17/massivefold_external_pool_intake/h2339_t332/extracted_models/H2339_all_pdbs/Model_678_afm_dropout_04_woTemplates_model_5_multimer_v2_pred_11.pdb,awaiting_extract,"MassiveFold model pool index only. It parses organizer-provided external model tarball listings and stages balanced extraction/rerank candidates. These models remain external rerank and accuracy-estimation inputs, not internal predictions, not CASP submissions, and not competitive-proof evidence."
6,H2339,H2339_T332,9674,H2339_all_pdbs/Model_3194_afm_dropout_04_woTemplates_model_3_multimer_v2_pred_5.pdb,Model_3194_afm_dropout_04_woTemplates_model_3_multimer_v2_pred_5.pdb,3194,AFM,afm_dropout_04_woTemplates_multimer_v2,,3,5,afm_dropout_04_woTemplates_v2,,False,casp17/massivefold_external_pool_intake/h2339_t332/extracted_models/H2339_all_pdbs/Model_3194_afm_dropout_04_woTemplates_model_3_multimer_v2_pred_5.pdb,awaiting_extract,"MassiveFold model pool index only. It parses organizer-provided external model tarball listings and stages balanced extraction/rerank candidates. These models remain external rerank and accuracy-estimation inputs, not internal predictions, not CASP submissions, and not competitive-proof evidence."
6,H2339,H2339_T332,9737,H2339_all_pdbs/Model_1081_afm_dropout_04_woTemplates_model_1_multimer_v2_pred_43.pdb,Model_1081_afm_dropout_04_woTemplates_model_1_multimer_v2_pred_43.pdb,1081,AFM,afm_dropout_04_woTemplates_multimer_v2,,1,43,afm_dropout_04_woTemplates_v2,,False,casp17/massivefold_external_pool_intake/h2339_t332/extracted_models/H2339_all_pdbs/Model_1081_afm_dropout_04_woTemplates_model_1_multimer_v2_pred_43.pdb,awaiting_extract,"MassiveFold model pool index only. It parses organizer-provided external model tarball listings and stages balanced extraction/rerank candidates. These models remain external rerank and accuracy-estimation inputs, not internal predictions, not CASP submissions, and not competitive-proof evidence."
6,H2339,H2339_T332,9746,H2339_all_pdbs/Model_1604_afm_dropout_04_woTemplates_model_3_multimer_v2_pred_4.pdb,Model_1604_afm_dropout_04_woTemplates_model_3_multimer_v2_pred_4.pdb,1604,AFM,afm_dropout_04_woTemplates_multimer_v2,,3,4,afm_dropout_04_woTemplates_v2,,False,casp17/massivefold_external_pool_intake/h2339_t332/extracted_models/H2339_all_pdbs/Model_1604_afm_dropout_04_woTemplates_model_3_multimer_v2_pred_4.pdb,awaiting_extract,"MassiveFold model pool index only. It parses organizer-provided external model tarball listings and stages balanced extraction/rerank candidates. These models remain external rerank and accuracy-estimation inputs, not internal predictions, not CASP submissions, and not competitive-proof evidence."
6,H2339,H2339_T332,9822,H2339_all_pdbs/Model_1351_afm_dropout_04_woTemplates_model_2_multimer_v2_pred_53.pdb,Model_1351_afm_dropout_04_woTemplates_model_2_multimer_v2_pred_53.pdb,1351,AFM,afm_dropout_04_woTemplates_multimer_v2,,2,53,afm_dropout_04_woTemplates_v2,,False,casp17/massivefold_external_pool_intake/h2339_t332/extracted_models/H2339_all_pdbs/Model_1351_afm_dropout_04_woTemplates_model_2_multimer_v2_pred_53.pdb,awaiting_extract,"MassiveFold model pool index only. It parses organizer-provided external model tarball listings and stages balanced extraction/rerank candidates. These models remain external rerank and accuracy-estimation inputs, not internal predictions, not CASP submissions, and not competitive-proof evidence."
6,H2339,H2339_T332,9865,H2339_all_pdbs/Model_4402_afm_dropout_04_woTemplates_model_5_multimer_v2_pred_21.pdb,Model_4402_afm_dropout_04_woTemplates_model_5_multimer_v2_pred_21.pdb,4402,AFM,afm_dropout_04_woTemplates_multimer_v2,,5,21,afm_dropout_04_woTemplates_v2,,False,casp17/massivefold_external_pool_intake/h2339_t332/extracted_models/H2339_all_pdbs/Model_4402_afm_dropout_04_woTemplates_model_5_multimer_v2_pred_21.pdb,awaiting_extract,"MassiveFold model pool index only. It parses organizer-provided external model tarball listings and stages balanced extraction/rerank candidates. These models remain external rerank and accuracy-estimation inputs, not internal predictions, not CASP submissions, and not competitive-proof evidence."
6,H2339,H2339_T332,10060,H2339_all_pdbs/Model_1217_afm_dropout_04_woTemplates_model_3_multimer_v2_pred_32.pdb,Model_1217_afm_dropout_04_woTemplates_model_3_multimer_v2_pred_32.pdb,1217,AFM,afm_dropout_04_woTemplates_multimer_v2,,3,32,afm_dropout_04_woTemplates_v2,,False,casp17/massivefold_external_pool_intake/h2339_t332/extracted_models/H2339_all_pdbs/Model_1217_afm_dropout_04_woTemplates_model_3_multimer_v2_pred_32.pdb,awaiting_extract,"MassiveFold model pool index only. It parses organizer-provided external model tarball listings and stages balanced extraction/rerank candidates. These models remain external rerank and accuracy-estimation inputs, not internal predictions, not CASP submissions, and not competitive-proof evidence."
6,H2339,H2339_T332,10125,H2339_all_pdbs/Model_5077_afm_dropout_04_woTemplates_model_1_multimer_v2_pred_10.pdb,Model_5077_afm_dropout_04_woTemplates_model_1_multimer_v2_pred_10.pdb,5077,AFM,afm_dropout_04_woTemplates_multimer_v2,,1,10,afm_dropout_04_woTemplates_v2,,False,casp17/massivefold_external_pool_intake/h2339_t332/extracted_models/H2339_all_pdbs/Model_5077_afm_dropout_04_woTemplates_model_1_multimer_v2_pred_10.pdb,awaiting_extract,"MassiveFold model pool index only. It parses organizer-provided external model tarball listings and stages balanced extraction/rerank candidates. These models remain external rerank and accuracy-estimation inputs, not internal predictions, not CASP submissions, and not competitive-proof evidence."
6,H2339,H2339_T332,10155,H2339_all_pdbs/Model_283_afm_dropout_04_woTemplates_model_5_multimer_v2_pred_66.pdb,Model_283_afm_dropout_04_woTemplates_model_5_multimer_v2_pred_66.pdb,283,AFM,afm_dropout_04_woTemplates_multimer_v2,,5,66,afm_dropout_04_woTemplates_v2,,False,casp17/massivefold_external_pool_intake/h2339_t332/extracted_models/H2339_all_pdbs/Model_283_afm_dropout_04_woTemplates_model_5_multimer_v2_pred_66.pdb,awaiting_extract,"MassiveFold model pool index only. It parses organizer-provided external model tarball listings and stages balanced extraction/rerank candidates. These models remain external rerank and accuracy-estimation inputs, not internal predictions, not CASP submissions, and not competitive-proof evidence."
6,H2339,H2339_T332,10159,H2339_all_pdbs/Model_6419_afm_dropout_04_woTemplates_model_1_multimer_v2_pred_6.pdb,Model_6419_afm_dropout_04_woTemplates_model_1_multimer_v2_pred_6.pdb,6419,AFM,afm_dropout_04_woTemplates_multimer_v2,,1,6,afm_dropout_04_woTemplates_v2,,False,casp17/massivefold_external_pool_intake/h2339_t332/extracted_models/H2339_all_pdbs/Model_6419_afm_dropout_04_woTemplates_model_1_multimer_v2_pred_6.pdb,awaiting_extract,"MassiveFold model pool index only. It parses organizer-provided external model tarball listings and stages balanced extraction/rerank candidates. These models remain external rerank and accuracy-estimation inputs, not internal predictions, not CASP submissions, and not competitive-proof evidence."
6,H2339,H2339_T332,10212,H2339_all_pdbs/Model_3977_afm_dropout_04_woTemplates_model_1_multimer_v2_pred_65.pdb,Model_3977_afm_dropout_04_woTemplates_model_1_multimer_v2_pred_65.pdb,3977,AFM,afm_dropout_04_woTemplates_multimer_v2,,1,65,afm_dropout_04_woTemplates_v2,,False,casp17/massivefold_external_pool_intake/h2339_t332/extracted_models/H2339_all_pdbs/Model_3977_afm_dropout_04_woTemplates_model_1_multimer_v2_pred_65.pdb,awaiting_extract,"MassiveFold model pool index only. It parses organizer-provided external model tarball listings and stages balanced extraction/rerank candidates. These models remain external rerank and accuracy-estimation inputs, not internal predictions, not CASP submissions, and not competitive-proof evidence."
6,H2339,H2339_T332,10321,H2339_all_pdbs/Model_1680_afm_dropout_04_woTemplates_model_1_multimer_v2_pred_4.pdb,Model_1680_afm_dropout_04_woTemplates_model_1_multimer_v2_pred_4.pdb,1680,AFM,afm_dropout_04_woTemplates_multimer_v2,,1,4,afm_dropout_04_woTemplates_v2,,False,casp17/massivefold_external_pool_intake/h2339_t332/extracted_models/H2339_all_pdbs/Model_1680_afm_dropout_04_woTemplates_model_1_multimer_v2_pred_4.pdb,awaiting_extract,"MassiveFold model pool index only. It parses organizer-provided external model tarball listings and stages balanced extraction/rerank candidates. These models remain external rerank and accuracy-estimation inputs, not internal predictions, not CASP submissions, and not competitive-proof evidence."
6,H2339,H2339_T332,10391,H2339_all_pdbs/Model_2303_afm_dropout_04_woTemplates_model_5_multimer_v2_pred_5.pdb,Model_2303_afm_dropout_04_woTemplates_model_5_multimer_v2_pred_5.pdb,2303,AFM,afm_dropout_04_woTemplates_multimer_v2,,5,5,afm_dropout_04_woTemplates_v2,,False,casp17/massivefold_external_pool_intake/h2339_t332/extracted_models/H2339_all_pdbs/Model_2303_afm_dropout_04_woTemplates_model_5_multimer_v2_pred_5.pdb,awaiting_extract,"MassiveFold model pool index only. It parses organizer-provided external model tarball listings and stages balanced extraction/rerank candidates. These models remain external rerank and accuracy-estimation inputs, not internal predictions, not CASP submissions, and not competitive-proof evidence."
6,H2339,H2339_T332,10406,H2339_all_pdbs/Model_683_afm_dropout_04_woTemplates_model_5_multimer_v2_pred_31.pdb,Model_683_afm_dropout_04_woTemplates_model_5_multimer_v2_pred_31.pdb,683,AFM,afm_dropout_04_woTemplates_multimer_v2,,5,31,afm_dropout_04_woTemplates_v2,,False,casp17/massivefold_external_pool_intake/h2339_t332/extracted_models/H2339_all_pdbs/Model_683_afm_dropout_04_woTemplates_model_5_multimer_v2_pred_31.pdb,awaiting_extract,"MassiveFold model pool index only. It parses organizer-provided external model tarball listings and stages balanced extraction/rerank candidates. These models remain external rerank and accuracy-estimation inputs, not internal predictions, not CASP submissions, and not competitive-proof evidence."
6,H2339,H2339_T332,10421,H2339_all_pdbs/Model_7941_afm_dropout_04_woTemplates_model_4_multimer_v2_pred_26.pdb,Model_7941_afm_dropout_04_woTemplates_model_4_multimer_v2_pred_26.pdb,7941,AFM,afm_dropout_04_woTemplates_multimer_v2,,4,26,afm_dropout_04_woTemplates_v2,,False,casp17/massivefold_external_pool_intake/h2339_t332/extracted_models/H2339_all_pdbs/Model_7941_afm_dropout_04_woTemplates_model_4_multimer_v2_pred_26.pdb,awaiting_extract,"MassiveFold model pool index only. It parses organizer-provided external model tarball listings and stages balanced extraction/rerank candidates. These models remain external rerank and accuracy-estimation inputs, not internal predictions, not CASP submissions, and not competitive-proof evidence."
6,H2339,H2339_T332,10465,H2339_all_pdbs/Model_6537_afm_dropout_04_woTemplates_model_4_multimer_v2_pred_4.pdb,Model_6537_afm_dropout_04_woTemplates_model_4_multimer_v2_pred_4.pdb,6537,AFM,afm_dropout_04_woTemplates_multimer_v2,,4,4,afm_dropout_04_woTemplates_v2,,False,casp17/massivefold_external_pool_intake/h2339_t332/extracted_models/H2339_all_pdbs/Model_6537_afm_dropout_04_woTemplates_model_4_multimer_v2_pred_4.pdb,awaiting_extract,"MassiveFold model pool index only. It parses organizer-provided external model tarball listings and stages balanced extraction/rerank candidates. These models remain external rerank and accuracy-estimation inputs, not internal predictions, not CASP submissions, and not competitive-proof evidence."
6,H2339,H2339_T332,10574,H2339_all_pdbs/Model_1600_afm_dropout_04_woTemplates_model_4_multimer_v2_pred_39.pdb,Model_1600_afm_dropout_04_woTemplates_model_4_multimer_v2_pred_39.pdb,1600,AFM,afm_dropout_04_woTemplates_multimer_v2,,4,39,afm_dropout_04_woTemplates_v2,,False,casp17/massivefold_external_pool_intake/h2339_t332/extracted_models/H2339_all_pdbs/Model_1600_afm_dropout_04_woTemplates_model_4_multimer_v2_pred_39.pdb,awaiting_extract,"MassiveFold model pool index only. It parses organizer-provided external model tarball listings and stages balanced extraction/rerank candidates. These models remain external rerank and accuracy-estimation inputs, not internal predictions, not CASP submissions, and not competitive-proof evidence."
6,H2339,H2339_T332,10589,H2339_all_pdbs/Model_3440_afm_dropout_04_woTemplates_model_5_multimer_v2_pred_35.pdb,Model_3440_afm_dropout_04_woTemplates_model_5_multimer_v2_pred_35.pdb,3440,AFM,afm_dropout_04_woTemplates_multimer_v2,,5,35,afm_dropout_04_woTemplates_v2,,False,casp17/massivefold_external_pool_intake/h2339_t332/extracted_models/H2339_all_pdbs/Model_3440_afm_dropout_04_woTemplates_model_5_multimer_v2_pred_35.pdb,awaiting_extract,"MassiveFold model pool index only. It parses organizer-provided external model tarball listings and stages balanced extraction/rerank candidates. These models remain external rerank and accuracy-estimation inputs, not internal predictions, not CASP submissions, and not competitive-proof evidence."
6,H2339,H2339_T332,10655,H2339_all_pdbs/Model_4935_afm_dropout_04_woTemplates_model_2_multimer_v2_pred_65.pdb,Model_4935_afm_dropout_04_woTemplates_model_2_multimer_v2_pred_65.pdb,4935,AFM,afm_dropout_04_woTemplates_multimer_v2,,2,65,afm_dropout_04_woTemplates_v2,,False,casp17/massivefold_external_pool_intake/h2339_t332/extracted_models/H2339_all_pdbs/Model_4935_afm_dropout_04_woTemplates_model_2_multimer_v2_pred_65.pdb,awaiting_extract,"MassiveFold model pool index only. It parses organizer-provided external model tarball listings and stages balanced extraction/rerank candidates. These models remain external rerank and accuracy-estimation inputs, not internal predictions, not CASP submissions, and not competitive-proof evidence."
6,H2339,H2339_T332,10658,H2339_all_pdbs/Model_172_afm_dropout_04_woTemplates_model_2_multimer_v2_pred_66.pdb,Model_172_afm_dropout_04_woTemplates_model_2_multimer_v2_pred_66.pdb,172,AFM,afm_dropout_04_woTemplates_multimer_v2,,2,66,afm_dropout_04_woTemplates_v2,,False,casp17/massivefold_external_pool_intake/h2339_t332/extracted_models/H2339_all_pdbs/Model_172_afm_dropout_04_woTemplates_model_2_multimer_v2_pred_66.pdb,awaiting_extract,"MassiveFold model pool index only. It parses organizer-provided external model tarball listings and stages balanced extraction/rerank candidates. These models remain external rerank and accuracy-estimation inputs, not internal predictions, not CASP submissions, and not competitive-proof evidence."
6,H2339,H2339_T332,10672,H2339_all_pdbs/Model_1708_afm_dropout_04_woTemplates_model_3_multimer_v2_pred_56.pdb,Model_1708_afm_dropout_04_woTemplates_model_3_multimer_v2_pred_56.pdb,1708,AFM,afm_dropout_04_woTemplates_multimer_v2,,3,56,afm_dropout_04_woTemplates_v2,,False,casp17/massivefold_external_pool_intake/h2339_t332/extracted_models/H2339_all_pdbs/Model_1708_afm_dropout_04_woTemplates_model_3_multimer_v2_pred_56.pdb,awaiting_extract,"MassiveFold model pool index only. It parses organizer-provided external model tarball listings and stages balanced extraction/rerank candidates. These models remain external rerank and accuracy-estimation inputs, not internal predictions, not CASP submissions, and not competitive-proof evidence."
6,H2339,H2339_T332,10712,H2339_all_pdbs/Model_5703_afm_dropout_04_woTemplates_model_5_multimer_v2_pred_62.pdb,Model_5703_afm_dropout_04_woTemplates_model_5_multimer_v2_pred_62.pdb,5703,AFM,afm_dropout_04_woTemplates_multimer_v2,,5,62,afm_dropout_04_woTemplates_v2,,False,casp17/massivefold_external_pool_intake/h2339_t332/extracted_models/H2339_all_pdbs/Model_5703_afm_dropout_04_woTemplates_model_5_multimer_v2_pred_62.pdb,awaiting_extract,"MassiveFold model pool index only. It parses organizer-provided external model tarball listings and stages balanced extraction/rerank candidates. These models remain external rerank and accuracy-estimation inputs, not internal predictions, not CASP submissions, and not competitive-proof evidence."
6,H2339,H2339_T332,10722,H2339_all_pdbs/Model_112_afm_dropout_04_woTemplates_model_5_multimer_v2_pred_40.pdb,Model_112_afm_dropout_04_woTemplates_model_5_multimer_v2_pred_40.pdb,112,AFM,afm_dropout_04_woTemplates_multimer_v2,,5,40,afm_dropout_04_woTemplates_v2,,False,casp17/massivefold_external_pool_intake/h2339_t332/extracted_models/H2339_all_pdbs/Model_112_afm_dropout_04_woTemplates_model_5_multimer_v2_pred_40.pdb,awaiting_extract,"MassiveFold model pool index only. It parses organizer-provided external model tarball listings and stages balanced extraction/rerank candidates. These models remain external rerank and accuracy-estimation inputs, not internal predictions, not CASP submissions, and not competitive-proof evidence."
6,H2339,H2339_T332,10732,H2339_all_pdbs/Model_344_afm_dropout_04_woTemplates_model_5_multimer_v2_pred_65.pdb,Model_344_afm_dropout_04_woTemplates_model_5_multimer_v2_pred_65.pdb,344,AFM,afm_dropout_04_woTemplates_multimer_v2,,5,65,afm_dropout_04_woTemplates_v2,,False,casp17/massivefold_external_pool_intake/h2339_t332/extracted_models/H2339_all_pdbs/Model_344_afm_dropout_04_woTemplates_model_5_multimer_v2_pred_65.pdb,awaiting_extract,"MassiveFold model pool index only. It parses organizer-provided external model tarball listings and stages balanced extraction/rerank candidates. These models remain external rerank and accuracy-estimation inputs, not internal predictions, not CASP submissions, and not competitive-proof evidence."
6,H2339,H2339_T332,10738,H2339_all_pdbs/Model_1874_afm_dropout_04_woTemplates_model_1_multimer_v2_pred_18.pdb,Model_1874_afm_dropout_04_woTemplates_model_1_multimer_v2_pred_18.pdb,1874,AFM,afm_dropout_04_woTemplates_multimer_v2,,1,18,afm_dropout_04_woTemplates_v2,,False,casp17/massivefold_external_pool_intake/h2339_t332/extracted_models/H2339_all_pdbs/Model_1874_afm_dropout_04_woTemplates_model_1_multimer_v2_pred_18.pdb,awaiting_extract,"MassiveFold model pool index only. It parses organizer-provided external model tarball listings and stages balanced extraction/rerank candidates. These models remain external rerank and accuracy-estimation inputs, not internal predictions, not CASP submissions, and not competitive-proof evidence."
6,H2339,H2339_T332,10768,H2339_all_pdbs/Model_650_afm_dropout_04_woTemplates_model_2_multimer_v2_pred_38.pdb,Model_650_afm_dropout_04_woTemplates_model_2_multimer_v2_pred_38.pdb,650,AFM,afm_dropout_04_woTemplates_multimer_v2,,2,38,afm_dropout_04_woTemplates_v2,,False,casp17/massivefold_external_pool_intake/h2339_t332/extracted_models/H2339_all_pdbs/Model_650_afm_dropout_04_woTemplates_model_2_multimer_v2_pred_38.pdb,awaiting_extract,"MassiveFold model pool index only. It parses organizer-provided external model tarball listings and stages balanced extraction/rerank candidates. These models remain external rerank and accuracy-estimation inputs, not internal predictions, not CASP submissions, and not competitive-proof evidence."
6,H2339,H2339_T332,10836,H2339_all_pdbs/Model_3304_afm_dropout_04_woTemplates_model_4_multimer_v2_pred_60.pdb,Model_3304_afm_dropout_04_woTemplates_model_4_multimer_v2_pred_60.pdb,3304,AFM,afm_dropout_04_woTemplates_multimer_v2,,4,60,afm_dropout_04_woTemplates_v2,,False,casp17/massivefold_external_pool_intake/h2339_t332/extracted_models/H2339_all_pdbs/Model_3304_afm_dropout_04_woTemplates_model_4_multimer_v2_pred_60.pdb,awaiting_extract,"MassiveFold model pool index only. It parses organizer-provided external model tarball listings and stages balanced extraction/rerank candidates. These models remain external rerank and accuracy-estimation inputs, not internal predictions, not CASP submissions, and not competitive-proof evidence."
6,H2339,H2339_T332,10891,H2339_all_pdbs/Model_6361_afm_dropout_04_woTemplates_model_4_multimer_v2_pred_12.pdb,Model_6361_afm_dropout_04_woTemplates_model_4_multimer_v2_pred_12.pdb,6361,AFM,afm_dropout_04_woTemplates_multimer_v2,,4,12,afm_dropout_04_woTemplates_v2,,False,casp17/massivefold_external_pool_intake/h2339_t332/extracted_models/H2339_all_pdbs/Model_6361_afm_dropout_04_woTemplates_model_4_multimer_v2_pred_12.pdb,awaiting_extract,"MassiveFold model pool index only. It parses organizer-provided external model tarball listings and stages balanced extraction/rerank candidates. These models remain external rerank and accuracy-estimation inputs, not internal predictions, not CASP submissions, and not competitive-proof evidence."
6,H2339,H2339_T332,10903,H2339_all_pdbs/Model_3184_afm_dropout_04_woTemplates_model_5_multimer_v2_pred_15.pdb,Model_3184_afm_dropout_04_woTemplates_model_5_multimer_v2_pred_15.pdb,3184,AFM,afm_dropout_04_woTemplates_multimer_v2,,5,15,afm_dropout_04_woTemplates_v2,,False,casp17/massivefold_external_pool_intake/h2339_t332/extracted_models/H2339_all_pdbs/Model_3184_afm_dropout_04_woTemplates_model_5_multimer_v2_pred_15.pdb,awaiting_extract,"MassiveFold model pool index only. It parses organizer-provided external model tarball listings and stages balanced extraction/rerank candidates. These models remain external rerank and accuracy-estimation inputs, not internal predictions, not CASP submissions, and not competitive-proof evidence."
6,H2339,H2339_T332,10927,H2339_all_pdbs/Model_1280_afm_dropout_04_woTemplates_model_5_multimer_v2_pred_25.pdb,Model_1280_afm_dropout_04_woTemplates_model_5_multimer_v2_pred_25.pdb,1280,AFM,afm_dropout_04_woTemplates_multimer_v2,,5,25,afm_dropout_04_woTemplates_v2,,False,casp17/massivefold_external_pool_intake/h2339_t332/extracted_models/H2339_all_pdbs/Model_1280_afm_dropout_04_woTemplates_model_5_multimer_v2_pred_25.pdb,awaiting_extract,"MassiveFold model pool index only. It parses organizer-provided external model tarball listings and stages balanced extraction/rerank candidates. These models remain external rerank and accuracy-estimation inputs, not internal predictions, not CASP submissions, and not competitive-proof evidence."
6,H2339,H2339_T332,10964,H2339_all_pdbs/Model_462_afm_dropout_04_woTemplates_model_2_multimer_v2_pred_56.pdb,Model_462_afm_dropout_04_woTemplates_model_2_multimer_v2_pred_56.pdb,462,AFM,afm_dropout_04_woTemplates_multimer_v2,,2,56,afm_dropout_04_woTemplates_v2,,False,casp17/massivefold_external_pool_intake/h2339_t332/extracted_models/H2339_all_pdbs/Model_462_afm_dropout_04_woTemplates_model_2_multimer_v2_pred_56.pdb,awaiting_extract,"MassiveFold model pool index only. It parses organizer-provided external model tarball listings and stages balanced extraction/rerank candidates. These models remain external rerank and accuracy-estimation inputs, not internal predictions, not CASP submissions, and not competitive-proof evidence."
6,H2339,H2339_T332,10967,H2339_all_pdbs/Model_2194_afm_dropout_04_woTemplates_model_4_multimer_v2_pred_27.pdb,Model_2194_afm_dropout_04_woTemplates_model_4_multimer_v2_pred_27.pdb,2194,AFM,afm_dropout_04_woTemplates_multimer_v2,,4,27,afm_dropout_04_woTemplates_v2,,False,casp17/massivefold_external_pool_intake/h2339_t332/extracted_models/H2339_all_pdbs/Model_2194_afm_dropout_04_woTemplates_model_4_multimer_v2_pred_27.pdb,awaiting_extract,"MassiveFold model pool index only. It parses organizer-provided external model tarball listings and stages balanced extraction/rerank candidates. These models remain external rerank and accuracy-estimation inputs, not internal predictions, not CASP submissions, and not competitive-proof evidence."
6,H2339,H2339_T332,11050,H2339_all_pdbs/Model_1038_afm_dropout_04_woTemplates_model_1_multimer_v2_pred_37.pdb,Model_1038_afm_dropout_04_woTemplates_model_1_multimer_v2_pred_37.pdb,1038,AFM,afm_dropout_04_woTemplates_multimer_v2,,1,37,afm_dropout_04_woTemplates_v2,,False,casp17/massivefold_external_pool_intake/h2339_t332/extracted_models/H2339_all_pdbs/Model_1038_afm_dropout_04_woTemplates_model_1_multimer_v2_pred_37.pdb,awaiting_extract,"MassiveFold model pool index only. It parses organizer-provided external model tarball listings and stages balanced extraction/rerank candidates. These models remain external rerank and accuracy-estimation inputs, not internal predictions, not CASP submissions, and not competitive-proof evidence."
6,H2339,H2339_T332,11051,H2339_all_pdbs/Model_8774_afm_dropout_04_woTemplates_model_4_multimer_v2_pred_66.pdb,Model_8774_afm_dropout_04_woTemplates_model_4_multimer_v2_pred_66.pdb,8774,AFM,afm_dropout_04_woTemplates_multimer_v2,,4,66,afm_dropout_04_woTemplates_v2,,False,casp17/massivefold_external_pool_intake/h2339_t332/extracted_models/H2339_all_pdbs/Model_8774_afm_dropout_04_woTemplates_model_4_multimer_v2_pred_66.pdb,awaiting_extract,"MassiveFold model pool index only. It parses organizer-provided external model tarball listings and stages balanced extraction/rerank candidates. These models remain external rerank and accuracy-estimation inputs, not internal predictions, not CASP submissions, and not competitive-proof evidence."
6,H2339,H2339_T332,11137,H2339_all_pdbs/Model_3451_afm_dropout_04_woTemplates_model_1_multimer_v2_pred_55.pdb,Model_3451_afm_dropout_04_woTemplates_model_1_multimer_v2_pred_55.pdb,3451,AFM,afm_dropout_04_woTemplates_multimer_v2,,1,55,afm_dropout_04_woTemplates_v2,,False,casp17/massivefold_external_pool_intake/h2339_t332/extracted_models/H2339_all_pdbs/Model_3451_afm_dropout_04_woTemplates_model_1_multimer_v2_pred_55.pdb,awaiting_extract,"MassiveFold model pool index only. It parses organizer-provided external model tarball listings and stages balanced extraction/rerank candidates. These models remain external rerank and accuracy-estimation inputs, not internal predictions, not CASP submissions, and not competitive-proof evidence."
6,H2339,H2339_T332,11170,H2339_all_pdbs/Model_8435_afm_dropout_04_woTemplates_model_4_multimer_v2_pred_1.pdb,Model_8435_afm_dropout_04_woTemplates_model_4_multimer_v2_pred_1.pdb,8435,AFM,afm_dropout_04_woTemplates_multimer_v2,,4,1,afm_dropout_04_woTemplates_v2,,False,casp17/massivefold_external_pool_intake/h2339_t332/extracted_models/H2339_all_pdbs/Model_8435_afm_dropout_04_woTemplates_model_4_multimer_v2_pred_1.pdb,awaiting_extract,"MassiveFold model pool index only. It parses organizer-provided external model tarball listings and stages balanced extraction/rerank candidates. These models remain external rerank and accuracy-estimation inputs, not internal predictions, not CASP submissions, and not competitive-proof evidence."
6,H2339,H2339_T332,11172,H2339_all_pdbs/Model_1720_afm_dropout_04_woTemplates_model_3_multimer_v2_pred_13.pdb,Model_1720_afm_dropout_04_woTemplates_model_3_multimer_v2_pred_13.pdb,1720,AFM,afm_dropout_04_woTemplates_multimer_v2,,3,13,afm_dropout_04_woTemplates_v2,,False,casp17/massivefold_external_pool_intake/h2339_t332/extracted_models/H2339_all_pdbs/Model_1720_afm_dropout_04_woTemplates_model_3_multimer_v2_pred_13.pdb,awaiting_extract,"MassiveFold model pool index only. It parses organizer-provided external model tarball listings and stages balanced extraction/rerank candidates. These models remain external rerank and accuracy-estimation inputs, not internal predictions, not CASP submissions, and not competitive-proof evidence."
6,H2339,H2339_T332,11178,H2339_all_pdbs/Model_2358_afm_dropout_04_woTemplates_model_3_multimer_v2_pred_21.pdb,Model_2358_afm_dropout_04_woTemplates_model_3_multimer_v2_pred_21.pdb,2358,AFM,afm_dropout_04_woTemplates_multimer_v2,,3,21,afm_dropout_04_woTemplates_v2,,False,casp17/massivefold_external_pool_intake/h2339_t332/extracted_models/H2339_all_pdbs/Model_2358_afm_dropout_04_woTemplates_model_3_multimer_v2_pred_21.pdb,awaiting_extract,"MassiveFold model pool index only. It parses organizer-provided external model tarball listings and stages balanced extraction/rerank candidates. These models remain external rerank and accuracy-estimation inputs, not internal predictions, not CASP submissions, and not competitive-proof evidence."
6,H2339,H2339_T332,11269,H2339_all_pdbs/Model_6314_afm_dropout_04_woTemplates_model_1_multimer_v2_pred_8.pdb,Model_6314_afm_dropout_04_woTemplates_model_1_multimer_v2_pred_8.pdb,6314,AFM,afm_dropout_04_woTemplates_multimer_v2,,1,8,afm_dropout_04_woTemplates_v2,,False,casp17/massivefold_external_pool_intake/h2339_t332/extracted_models/H2339_all_pdbs/Model_6314_afm_dropout_04_woTemplates_model_1_multimer_v2_pred_8.pdb,awaiting_extract,"MassiveFold model pool index only. It parses organizer-provided external model tarball listings and stages balanced extraction/rerank candidates. These models remain external rerank and accuracy-estimation inputs, not internal predictions, not CASP submissions, and not competitive-proof evidence."
6,H2339,H2339_T332,11332,H2339_all_pdbs/Model_5617_afm_dropout_04_woTemplates_model_2_multimer_v2_pred_0.pdb,Model_5617_afm_dropout_04_woTemplates_model_2_multimer_v2_pred_0.pdb,5617,AFM,afm_dropout_04_woTemplates_multimer_v2,,2,0,afm_dropout_04_woTemplates_v2,,False,casp17/massivefold_external_pool_intake/h2339_t332/extracted_models/H2339_all_pdbs/Model_5617_afm_dropout_04_woTemplates_model_2_multimer_v2_pred_0.pdb,awaiting_extract,"MassiveFold model pool index only. It parses organizer-provided external model tarball listings and stages balanced extraction/rerank candidates. These models remain external rerank and accuracy-estimation inputs, not internal predictions, not CASP submissions, and not competitive-proof evidence."
6,H2339,H2339_T332,11428,H2339_all_pdbs/Model_519_afm_dropout_04_woTemplates_model_5_multimer_v2_pred_13.pdb,Model_519_afm_dropout_04_woTemplates_model_5_multimer_v2_pred_13.pdb,519,AFM,afm_dropout_04_woTemplates_multimer_v2,,5,13,afm_dropout_04_woTemplates_v2,,False,casp17/massivefold_external_pool_intake/h2339_t332/extracted_models/H2339_all_pdbs/Model_519_afm_dropout_04_woTemplates_model_5_multimer_v2_pred_13.pdb,awaiting_extract,"MassiveFold model pool index only. It parses organizer-provided external model tarball listings and stages balanced extraction/rerank candidates. These models remain external rerank and accuracy-estimation inputs, not internal predictions, not CASP submissions, and not competitive-proof evidence."
6,H2339,H2339_T332,11481,H2339_all_pdbs/Model_4756_afm_dropout_04_woTemplates_model_1_multimer_v2_pred_39.pdb,Model_4756_afm_dropout_04_woTemplates_model_1_multimer_v2_pred_39.pdb,4756,AFM,afm_dropout_04_woTemplates_multimer_v2,,1,39,afm_dropout_04_woTemplates_v2,,False,casp17/massivefold_external_pool_intake/h2339_t332/extracted_models/H2339_all_pdbs/Model_4756_afm_dropout_04_woTemplates_model_1_multimer_v2_pred_39.pdb,awaiting_extract,"MassiveFold model pool index only. It parses organizer-provided external model tarball listings and stages balanced extraction/rerank candidates. These models remain external rerank and accuracy-estimation inputs, not internal predictions, not CASP submissions, and not competitive-proof evidence."
6,H2339,H2339_T332,11494,H2339_all_pdbs/Model_11720_afm_dropout_04_woTemplates_model_2_multimer_v2_pred_44.pdb,Model_11720_afm_dropout_04_woTemplates_model_2_multimer_v2_pred_44.pdb,11720,AFM,afm_dropout_04_woTemplates_multimer_v2,,2,44,afm_dropout_04_woTemplates_v2,,False,casp17/massivefold_external_pool_intake/h2339_t332/extracted_models/H2339_all_pdbs/Model_11720_afm_dropout_04_woTemplates_model_2_multimer_v2_pred_44.pdb,awaiting_extract,"MassiveFold model pool index only. It parses organizer-provided external model tarball listings and stages balanced extraction/rerank candidates. These models remain external rerank and accuracy-estimation inputs, not internal predictions, not CASP submissions, and not competitive-proof evidence."
6,H2339,H2339_T332,11501,H2339_all_pdbs/Model_3449_afm_dropout_04_woTemplates_model_3_multimer_v2_pred_7.pdb,Model_3449_afm_dropout_04_woTemplates_model_3_multimer_v2_pred_7.pdb,3449,AFM,afm_dropout_04_woTemplates_multimer_v2,,3,7,afm_dropout_04_woTemplates_v2,,False,casp17/massivefold_external_pool_intake/h2339_t332/extracted_models/H2339_all_pdbs/Model_3449_afm_dropout_04_woTemplates_model_3_multimer_v2_pred_7.pdb,awaiting_extract,"MassiveFold model pool index only. It parses organizer-provided external model tarball listings and stages balanced extraction/rerank candidates. These models remain external rerank and accuracy-estimation inputs, not internal predictions, not CASP submissions, and not competitive-proof evidence."
6,H2339,H2339_T332,11511,H2339_all_pdbs/Model_334_afm_dropout_04_woTemplates_model_2_multimer_v2_pred_26.pdb,Model_334_afm_dropout_04_woTemplates_model_2_multimer_v2_pred_26.pdb,334,AFM,afm_dropout_04_woTemplates_multimer_v2,,2,26,afm_dropout_04_woTemplates_v2,,False,casp17/massivefold_external_pool_intake/h2339_t332/extracted_models/H2339_all_pdbs/Model_334_afm_dropout_04_woTemplates_model_2_multimer_v2_pred_26.pdb,awaiting_extract,"MassiveFold model pool index only. It parses organizer-provided external model tarball listings and stages balanced extraction/rerank candidates. These models remain external rerank and accuracy-estimation inputs, not internal predictions, not CASP submissions, and not competitive-proof evidence."
6,H2339,H2339_T332,11568,H2339_all_pdbs/Model_3959_afm_dropout_04_woTemplates_model_4_multimer_v2_pred_59.pdb,Model_3959_afm_dropout_04_woTemplates_model_4_multimer_v2_pred_59.pdb,3959,AFM,afm_dropout_04_woTemplates_multimer_v2,,4,59,afm_dropout_04_woTemplates_v2,,False,casp17/massivefold_external_pool_intake/h2339_t332/extracted_models/H2339_all_pdbs/Model_3959_afm_dropout_04_woTemplates_model_4_multimer_v2_pred_59.pdb,awaiting_extract,"MassiveFold model pool index only. It parses organizer-provided external model tarball listings and stages balanced extraction/rerank candidates. These models remain external rerank and accuracy-estimation inputs, not internal predictions, not CASP submissions, and not competitive-proof evidence."
6,H2339,H2339_T332,11611,H2339_all_pdbs/Model_1077_afm_dropout_04_woTemplates_model_5_multimer_v2_pred_64.pdb,Model_1077_afm_dropout_04_woTemplates_model_5_multimer_v2_pred_64.pdb,1077,AFM,afm_dropout_04_woTemplates_multimer_v2,,5,64,afm_dropout_04_woTemplates_v2,,False,casp17/massivefold_external_pool_intake/h2339_t332/extracted_models/H2339_all_pdbs/Model_1077_afm_dropout_04_woTemplates_model_5_multimer_v2_pred_64.pdb,awaiting_extract,"MassiveFold model pool index only. It parses organizer-provided external model tarball listings and stages balanced extraction/rerank candidates. These models remain external rerank and accuracy-estimation inputs, not internal predictions, not CASP submissions, and not competitive-proof evidence."
6,H2339,H2339_T332,11682,H2339_all_pdbs/Model_2548_afm_dropout_04_woTemplates_model_5_multimer_v2_pred_39.pdb,Model_2548_afm_dropout_04_woTemplates_model_5_multimer_v2_pred_39.pdb,2548,AFM,afm_dropout_04_woTemplates_multimer_v2,,5,39,afm_dropout_04_woTemplates_v2,,False,casp17/massivefold_external_pool_intake/h2339_t332/extracted_models/H2339_all_pdbs/Model_2548_afm_dropout_04_woTemplates_model_5_multimer_v2_pred_39.pdb,awaiting_extract,"MassiveFold model pool index only. It parses organizer-provided external model tarball listings and stages balanced extraction/rerank candidates. These models remain external rerank and accuracy-estimation inputs, not internal predictions, not CASP submissions, and not competitive-proof evidence."
6,H2339,H2339_T332,11696,H2339_all_pdbs/Model_5713_afm_dropout_04_woTemplates_model_1_multimer_v2_pred_32.pdb,Model_5713_afm_dropout_04_woTemplates_model_1_multimer_v2_pred_32.pdb,5713,AFM,afm_dropout_04_woTemplates_multimer_v2,,1,32,afm_dropout_04_woTemplates_v2,,False,casp17/massivefold_external_pool_intake/h2339_t332/extracted_models/H2339_all_pdbs/Model_5713_afm_dropout_04_woTemplates_model_1_multimer_v2_pred_32.pdb,awaiting_extract,"MassiveFold model pool index only. It parses organizer-provided external model tarball listings and stages balanced extraction/rerank candidates. These models remain external rerank and accuracy-estimation inputs, not internal predictions, not CASP submissions, and not competitive-proof evidence."
6,H2339,H2339_T332,11714,H2339_all_pdbs/Model_4596_afm_dropout_04_woTemplates_model_1_multimer_v2_pred_45.pdb,Model_4596_afm_dropout_04_woTemplates_model_1_multimer_v2_pred_45.pdb,4596,AFM,afm_dropout_04_woTemplates_multimer_v2,,1,45,afm_dropout_04_woTemplates_v2,,False,casp17/massivefold_external_pool_intake/h2339_t332/extracted_models/H2339_all_pdbs/Model_4596_afm_dropout_04_woTemplates_model_1_multimer_v2_pred_45.pdb,awaiting_extract,"MassiveFold model pool index only. It parses organizer-provided external model tarball listings and stages balanced extraction/rerank candidates. These models remain external rerank and accuracy-estimation inputs, not internal predictions, not CASP submissions, and not competitive-proof evidence."
6,H2339,H2339_T332,11731,H2339_all_pdbs/Model_6829_afm_dropout_04_woTemplates_model_2_multimer_v2_pred_29.pdb,Model_6829_afm_dropout_04_woTemplates_model_2_multimer_v2_pred_29.pdb,6829,AFM,afm_dropout_04_woTemplates_multimer_v2,,2,29,afm_dropout_04_woTemplates_v2,,False,casp17/massivefold_external_pool_intake/h2339_t332/extracted_models/H2339_all_pdbs/Model_6829_afm_dropout_04_woTemplates_model_2_multimer_v2_pred_29.pdb,awaiting_extract,"MassiveFold model pool index only. It parses organizer-provided external model tarball listings and stages balanced extraction/rerank candidates. These models remain external rerank and accuracy-estimation inputs, not internal predictions, not CASP submissions, and not competitive-proof evidence."
6,H2339,H2339_T332,11739,H2339_all_pdbs/Model_10258_afm_dropout_04_woTemplates_model_2_multimer_v2_pred_7.pdb,Model_10258_afm_dropout_04_woTemplates_model_2_multimer_v2_pred_7.pdb,10258,AFM,afm_dropout_04_woTemplates_multimer_v2,,2,7,afm_dropout_04_woTemplates_v2,,False,casp17/massivefold_external_pool_intake/h2339_t332/extracted_models/H2339_all_pdbs/Model_10258_afm_dropout_04_woTemplates_model_2_multimer_v2_pred_7.pdb,awaiting_extract,"MassiveFold model pool index only. It parses organizer-provided external model tarball listings and stages balanced extraction/rerank candidates. These models remain external rerank and accuracy-estimation inputs, not internal predictions, not CASP submissions, and not competitive-proof evidence."
6,H2339,H2339_T332,11807,H2339_all_pdbs/Model_8425_afm_dropout_04_woTemplates_model_4_multimer_v2_pred_29.pdb,Model_8425_afm_dropout_04_woTemplates_model_4_multimer_v2_pred_29.pdb,8425,AFM,afm_dropout_04_woTemplates_multimer_v2,,4,29,afm_dropout_04_woTemplates_v2,,False,casp17/massivefold_external_pool_intake/h2339_t332/extracted_models/H2339_all_pdbs/Model_8425_afm_dropout_04_woTemplates_model_4_multimer_v2_pred_29.pdb,awaiting_extract,"MassiveFold model pool index only. It parses organizer-provided external model tarball listings and stages balanced extraction/rerank candidates. These models remain external rerank and accuracy-estimation inputs, not internal predictions, not CASP submissions, and not competitive-proof evidence."
6,H2339,H2339_T332,11854,H2339_all_pdbs/Model_5496_afm_dropout_04_woTemplates_model_2_multimer_v2_pred_22.pdb,Model_5496_afm_dropout_04_woTemplates_model_2_multimer_v2_pred_22.pdb,5496,AFM,afm_dropout_04_woTemplates_multimer_v2,,2,22,afm_dropout_04_woTemplates_v2,,False,casp17/massivefold_external_pool_intake/h2339_t332/extracted_models/H2339_all_pdbs/Model_5496_afm_dropout_04_woTemplates_model_2_multimer_v2_pred_22.pdb,awaiting_extract,"MassiveFold model pool index only. It parses organizer-provided external model tarball listings and stages balanced extraction/rerank candidates. These models remain external rerank and accuracy-estimation inputs, not internal predictions, not CASP submissions, and not competitive-proof evidence."
6,H2339,H2339_T332,11855,H2339_all_pdbs/Model_1893_afm_dropout_04_woTemplates_model_3_multimer_v2_pred_8.pdb,Model_1893_afm_dropout_04_woTemplates_model_3_multimer_v2_pred_8.pdb,1893,AFM,afm_dropout_04_woTemplates_multimer_v2,,3,8,afm_dropout_04_woTemplates_v2,,False,casp17/massivefold_external_pool_intake/h2339_t332/extracted_models/H2339_all_pdbs/Model_1893_afm_dropout_04_woTemplates_model_3_multimer_v2_pred_8.pdb,awaiting_extract,"MassiveFold model pool index only. It parses organizer-provided external model tarball listings and stages balanced extraction/rerank candidates. These models remain external rerank and accuracy-estimation inputs, not internal predictions, not CASP submissions, and not competitive-proof evidence."
6,H2339,H2339_T332,11887,H2339_all_pdbs/Model_1648_afm_dropout_04_woTemplates_model_4_multimer_v2_pred_54.pdb,Model_1648_afm_dropout_04_woTemplates_model_4_multimer_v2_pred_54.pdb,1648,AFM,afm_dropout_04_woTemplates_multimer_v2,,4,54,afm_dropout_04_woTemplates_v2,,False,casp17/massivefold_external_pool_intake/h2339_t332/extracted_models/H2339_all_pdbs/Model_1648_afm_dropout_04_woTemplates_model_4_multimer_v2_pred_54.pdb,awaiting_extract,"MassiveFold model pool index only. It parses organizer-provided external model tarball listings and stages balanced extraction/rerank candidates. These models remain external rerank and accuracy-estimation inputs, not internal predictions, not CASP submissions, and not competitive-proof evidence."
6,H2339,H2339_T332,12062,H2339_all_pdbs/Model_864_afm_dropout_04_woTemplates_model_3_multimer_v2_pred_48.pdb,Model_864_afm_dropout_04_woTemplates_model_3_multimer_v2_pred_48.pdb,864,AFM,afm_dropout_04_woTemplates_multimer_v2,,3,48,afm_dropout_04_woTemplates_v2,,False,casp17/massivefold_external_pool_intake/h2339_t332/extracted_models/H2339_all_pdbs/Model_864_afm_dropout_04_woTemplates_model_3_multimer_v2_pred_48.pdb,awaiting_extract,"MassiveFold model pool index only. It parses organizer-provided external model tarball listings and stages balanced extraction/rerank candidates. These models remain external rerank and accuracy-estimation inputs, not internal predictions, not CASP submissions, and not competitive-proof evidence."
6,H2339,H2339_T332,12076,H2339_all_pdbs/Model_689_afm_dropout_04_woTemplates_model_2_multimer_v2_pred_33.pdb,Model_689_afm_dropout_04_woTemplates_model_2_multimer_v2_pred_33.pdb,689,AFM,afm_dropout_04_woTemplates_multimer_v2,,2,33,afm_dropout_04_woTemplates_v2,,False,casp17/massivefold_external_pool_intake/h2339_t332/extracted_models/H2339_all_pdbs/Model_689_afm_dropout_04_woTemplates_model_2_multimer_v2_pred_33.pdb,awaiting_extract,"MassiveFold model pool index only. It parses organizer-provided external model tarball listings and stages balanced extraction/rerank candidates. These models remain external rerank and accuracy-estimation inputs, not internal predictions, not CASP submissions, and not competitive-proof evidence."
6,H2339,H2339_T332,12101,H2339_all_pdbs/Model_4468_afm_dropout_04_woTemplates_model_5_multimer_v2_pred_37.pdb,Model_4468_afm_dropout_04_woTemplates_model_5_multimer_v2_pred_37.pdb,4468,AFM,afm_dropout_04_woTemplates_multimer_v2,,5,37,afm_dropout_04_woTemplates_v2,,False,casp17/massivefold_external_pool_intake/h2339_t332/extracted_models/H2339_all_pdbs/Model_4468_afm_dropout_04_woTemplates_model_5_multimer_v2_pred_37.pdb,awaiting_extract,"MassiveFold model pool index only. It parses organizer-provided external model tarball listings and stages balanced extraction/rerank candidates. These models remain external rerank and accuracy-estimation inputs, not internal predictions, not CASP submissions, and not competitive-proof evidence."
6,H2339,H2339_T332,12118,H2339_all_pdbs/Model_4481_afm_dropout_04_woTemplates_model_4_multimer_v2_pred_48.pdb,Model_4481_afm_dropout_04_woTemplates_model_4_multimer_v2_pred_48.pdb,4481,AFM,afm_dropout_04_woTemplates_multimer_v2,,4,48,afm_dropout_04_woTemplates_v2,,False,casp17/massivefold_external_pool_intake/h2339_t332/extracted_models/H2339_all_pdbs/Model_4481_afm_dropout_04_woTemplates_model_4_multimer_v2_pred_48.pdb,awaiting_extract,"MassiveFold model pool index only. It parses organizer-provided external model tarball listings and stages balanced extraction/rerank candidates. These models remain external rerank and accuracy-estimation inputs, not internal predictions, not CASP submissions, and not competitive-proof evidence."
6,H2339,H2339_T332,12130,H2339_all_pdbs/Model_267_afm_dropout_04_woTemplates_model_2_multimer_v2_pred_51.pdb,Model_267_afm_dropout_04_woTemplates_model_2_multimer_v2_pred_51.pdb,267,AFM,afm_dropout_04_woTemplates_multimer_v2,,2,51,afm_dropout_04_woTemplates_v2,,False,casp17/massivefold_external_pool_intake/h2339_t332/extracted_models/H2339_all_pdbs/Model_267_afm_dropout_04_woTemplates_model_2_multimer_v2_pred_51.pdb,awaiting_extract,"MassiveFold model pool index only. It parses organizer-provided external model tarball listings and stages balanced extraction/rerank candidates. These models remain external rerank and accuracy-estimation inputs, not internal predictions, not CASP submissions, and not competitive-proof evidence."
6,H2339,H2339_T332,12145,H2339_all_pdbs/Model_6631_afm_dropout_04_woTemplates_model_2_multimer_v2_pred_2.pdb,Model_6631_afm_dropout_04_woTemplates_model_2_multimer_v2_pred_2.pdb,6631,AFM,afm_dropout_04_woTemplates_multimer_v2,,2,2,afm_dropout_04_woTemplates_v2,,False,casp17/massivefold_external_pool_intake/h2339_t332/extracted_models/H2339_all_pdbs/Model_6631_afm_dropout_04_woTemplates_model_2_multimer_v2_pred_2.pdb,awaiting_extract,"MassiveFold model pool index only. It parses organizer-provided external model tarball listings and stages balanced extraction/rerank candidates. These models remain external rerank and accuracy-estimation inputs, not internal predictions, not CASP submissions, and not competitive-proof evidence."
6,H2339,H2339_T332,12157,H2339_all_pdbs/Model_17_afm_dropout_04_woTemplates_model_5_multimer_v2_pred_1.pdb,Model_17_afm_dropout_04_woTemplates_model_5_multimer_v2_pred_1.pdb,17,AFM,afm_dropout_04_woTemplates_multimer_v2,,5,1,afm_dropout_04_woTemplates_v2,106,True,casp17/massivefold_external_pool_intake/h2339_t332/extracted_models/H2339_all_pdbs/Model_17_afm_dropout_04_woTemplates_model_5_multimer_v2_pred_1.pdb,extracted,"MassiveFold model pool index only. It parses organizer-provided external model tarball listings and stages balanced extraction/rerank candidates. These models remain external rerank and accuracy-estimation inputs, not internal predictions, not CASP submissions, and not competitive-proof evidence."
6,H2339,H2339_T332,12184,H2339_all_pdbs/Model_8302_afm_dropout_04_woTemplates_model_1_multimer_v2_pred_16.pdb,Model_8302_afm_dropout_04_woTemplates_model_1_multimer_v2_pred_16.pdb,8302,AFM,afm_dropout_04_woTemplates_multimer_v2,,1,16,afm_dropout_04_woTemplates_v2,,False,casp17/massivefold_external_pool_intake/h2339_t332/extracted_models/H2339_all_pdbs/Model_8302_afm_dropout_04_woTemplates_model_1_multimer_v2_pred_16.pdb,awaiting_extract,"MassiveFold model pool index only. It parses organizer-provided external model tarball listings and stages balanced extraction/rerank candidates. These models remain external rerank and accuracy-estimation inputs, not internal predictions, not CASP submissions, and not competitive-proof evidence."
6,H2339,H2339_T332,12214,H2339_all_pdbs/Model_824_afm_dropout_04_woTemplates_model_5_multimer_v2_pred_50.pdb,Model_824_afm_dropout_04_woTemplates_model_5_multimer_v2_pred_50.pdb,824,AFM,afm_dropout_04_woTemplates_multimer_v2,,5,50,afm_dropout_04_woTemplates_v2,,False,casp17/massivefold_external_pool_intake/h2339_t332/extracted_models/H2339_all_pdbs/Model_824_afm_dropout_04_woTemplates_model_5_multimer_v2_pred_50.pdb,awaiting_extract,"MassiveFold model pool index only. It parses organizer-provided external model tarball listings and stages balanced extraction/rerank candidates. These models remain external rerank and accuracy-estimation inputs, not internal predictions, not CASP submissions, and not competitive-proof evidence."
6,H2339,H2339_T332,12238,H2339_all_pdbs/Model_2815_afm_dropout_04_woTemplates_model_1_multimer_v2_pred_15.pdb,Model_2815_afm_dropout_04_woTemplates_model_1_multimer_v2_pred_15.pdb,2815,AFM,afm_dropout_04_woTemplates_multimer_v2,,1,15,afm_dropout_04_woTemplates_v2,,False,casp17/massivefold_external_pool_intake/h2339_t332/extracted_models/H2339_all_pdbs/Model_2815_afm_dropout_04_woTemplates_model_1_multimer_v2_pred_15.pdb,awaiting_extract,"MassiveFold model pool index only. It parses organizer-provided external model tarball listings and stages balanced extraction/rerank candidates. These models remain external rerank and accuracy-estimation inputs, not internal predictions, not CASP submissions, and not competitive-proof evidence."
6,H2339,H2339_T332,12281,H2339_all_pdbs/Model_297_afm_dropout_04_woTemplates_model_2_multimer_v2_pred_50.pdb,Model_297_afm_dropout_04_woTemplates_model_2_multimer_v2_pred_50.pdb,297,AFM,afm_dropout_04_woTemplates_multimer_v2,,2,50,afm_dropout_04_woTemplates_v2,,False,casp17/massivefold_external_pool_intake/h2339_t332/extracted_models/H2339_all_pdbs/Model_297_afm_dropout_04_woTemplates_model_2_multimer_v2_pred_50.pdb,awaiting_extract,"MassiveFold model pool index only. It parses organizer-provided external model tarball listings and stages balanced extraction/rerank candidates. These models remain external rerank and accuracy-estimation inputs, not internal predictions, not CASP submissions, and not competitive-proof evidence."
6,H2339,H2339_T332,12301,H2339_all_pdbs/Model_3590_afm_dropout_04_woTemplates_model_3_multimer_v2_pred_20.pdb,Model_3590_afm_dropout_04_woTemplates_model_3_multimer_v2_pred_20.pdb,3590,AFM,afm_dropout_04_woTemplates_multimer_v2,,3,20,afm_dropout_04_woTemplates_v2,,False,casp17/massivefold_external_pool_intake/h2339_t332/extracted_models/H2339_all_pdbs/Model_3590_afm_dropout_04_woTemplates_model_3_multimer_v2_pred_20.pdb,awaiting_extract,"MassiveFold model pool index only. It parses organizer-provided external model tarball listings and stages balanced extraction/rerank candidates. These models remain external rerank and accuracy-estimation inputs, not internal predictions, not CASP submissions, and not competitive-proof evidence."
6,H2339,H2339_T332,12337,H2339_all_pdbs/Model_35_afm_dropout_04_woTemplates_model_4_multimer_v2_pred_49.pdb,Model_35_afm_dropout_04_woTemplates_model_4_multimer_v2_pred_49.pdb,35,AFM,afm_dropout_04_woTemplates_multimer_v2,,4,49,afm_dropout_04_woTemplates_v2,109,True,casp17/massivefold_external_pool_intake/h2339_t332/extracted_models/H2339_all_pdbs/Model_35_afm_dropout_04_woTemplates_model_4_multimer_v2_pred_49.pdb,extracted,"MassiveFold model pool index only. It parses organizer-provided external model tarball listings and stages balanced extraction/rerank candidates. These models remain external rerank and accuracy-estimation inputs, not internal predictions, not CASP submissions, and not competitive-proof evidence."
6,H2339,H2339_T332,12373,H2339_all_pdbs/Model_6399_afm_dropout_04_woTemplates_model_2_multimer_v2_pred_43.pdb,Model_6399_afm_dropout_04_woTemplates_model_2_multimer_v2_pred_43.pdb,6399,AFM,afm_dropout_04_woTemplates_multimer_v2,,2,43,afm_dropout_04_woTemplates_v2,,False,casp17/massivefold_external_pool_intake/h2339_t332/extracted_models/H2339_all_pdbs/Model_6399_afm_dropout_04_woTemplates_model_2_multimer_v2_pred_43.pdb,awaiting_extract,"MassiveFold model pool index only. It parses organizer-provided external model tarball listings and stages balanced extraction/rerank candidates. These models remain external rerank and accuracy-estimation inputs, not internal predictions, not CASP submissions, and not competitive-proof evidence."
6,H2339,H2339_T332,12408,H2339_all_pdbs/Model_507_afm_dropout_04_woTemplates_model_2_multimer_v2_pred_14.pdb,Model_507_afm_dropout_04_woTemplates_model_2_multimer_v2_pred_14.pdb,507,AFM,afm_dropout_04_woTemplates_multimer_v2,,2,14,afm_dropout_04_woTemplates_v2,,False,casp17/massivefold_external_pool_intake/h2339_t332/extracted_models/H2339_all_pdbs/Model_507_afm_dropout_04_woTemplates_model_2_multimer_v2_pred_14.pdb,awaiting_extract,"MassiveFold model pool index only. It parses organizer-provided external model tarball listings and stages balanced extraction/rerank candidates. These models remain external rerank and accuracy-estimation inputs, not internal predictions, not CASP submissions, and not competitive-proof evidence."
6,H2339,H2339_T332,12423,H2339_all_pdbs/Model_3518_afm_dropout_04_woTemplates_model_1_multimer_v2_pred_27.pdb,Model_3518_afm_dropout_04_woTemplates_model_1_multimer_v2_pred_27.pdb,3518,AFM,afm_dropout_04_woTemplates_multimer_v2,,1,27,afm_dropout_04_woTemplates_v2,,False,casp17/massivefold_external_pool_intake/h2339_t332/extracted_models/H2339_all_pdbs/Model_3518_afm_dropout_04_woTemplates_model_1_multimer_v2_pred_27.pdb,awaiting_extract,"MassiveFold model pool index only. It parses organizer-provided external model tarball listings and stages balanced extraction/rerank candidates. These models remain external rerank and accuracy-estimation inputs, not internal predictions, not CASP submissions, and not competitive-proof evidence."
6,H2339,H2339_T332,12440,H2339_all_pdbs/Model_525_afm_dropout_04_woTemplates_model_3_multimer_v2_pred_27.pdb,Model_525_afm_dropout_04_woTemplates_model_3_multimer_v2_pred_27.pdb,525,AFM,afm_dropout_04_woTemplates_multimer_v2,,3,27,afm_dropout_04_woTemplates_v2,,False,casp17/massivefold_external_pool_intake/h2339_t332/extracted_models/H2339_all_pdbs/Model_525_afm_dropout_04_woTemplates_model_3_multimer_v2_pred_27.pdb,awaiting_extract,"MassiveFold model pool index only. It parses organizer-provided external model tarball listings and stages balanced extraction/rerank candidates. These models remain external rerank and accuracy-estimation inputs, not internal predictions, not CASP submissions, and not competitive-proof evidence."
6,H2339,H2339_T332,12443,H2339_all_pdbs/Model_10617_afm_dropout_04_woTemplates_model_2_multimer_v2_pred_47.pdb,Model_10617_afm_dropout_04_woTemplates_model_2_multimer_v2_pred_47.pdb,10617,AFM,afm_dropout_04_woTemplates_multimer_v2,,2,47,afm_dropout_04_woTemplates_v2,,False,casp17/massivefold_external_pool_intake/h2339_t332/extracted_models/H2339_all_pdbs/Model_10617_afm_dropout_04_woTemplates_model_2_multimer_v2_pred_47.pdb,awaiting_extract,"MassiveFold model pool index only. It parses organizer-provided external model tarball listings and stages balanced extraction/rerank candidates. These models remain external rerank and accuracy-estimation inputs, not internal predictions, not CASP submissions, and not competitive-proof evidence."
6,H2339,H2339_T332,12482,H2339_all_pdbs/Model_878_afm_dropout_04_woTemplates_model_5_multimer_v2_pred_42.pdb,Model_878_afm_dropout_04_woTemplates_model_5_multimer_v2_pred_42.pdb,878,AFM,afm_dropout_04_woTemplates_multimer_v2,,5,42,afm_dropout_04_woTemplates_v2,,False,casp17/massivefold_external_pool_intake/h2339_t332/extracted_models/H2339_all_pdbs/Model_878_afm_dropout_04_woTemplates_model_5_multimer_v2_pred_42.pdb,awaiting_extract,"MassiveFold model pool index only. It parses organizer-provided external model tarball listings and stages balanced extraction/rerank candidates. These models remain external rerank and accuracy-estimation inputs, not internal predictions, not CASP submissions, and not competitive-proof evidence."
6,H2339,H2339_T332,12505,H2339_all_pdbs/Model_1044_afm_dropout_04_woTemplates_model_3_multimer_v2_pred_65.pdb,Model_1044_afm_dropout_04_woTemplates_model_3_multimer_v2_pred_65.pdb,1044,AFM,afm_dropout_04_woTemplates_multimer_v2,,3,65,afm_dropout_04_woTemplates_v2,,False,casp17/massivefold_external_pool_intake/h2339_t332/extracted_models/H2339_all_pdbs/Model_1044_afm_dropout_04_woTemplates_model_3_multimer_v2_pred_65.pdb,awaiting_extract,"MassiveFold model pool index only. It parses organizer-provided external model tarball listings and stages balanced extraction/rerank candidates. These models remain external rerank and accuracy-estimation inputs, not internal predictions, not CASP submissions, and not competitive-proof evidence."
6,H2339,H2339_T332,12542,H2339_all_pdbs/Model_1085_afm_dropout_04_woTemplates_model_1_multimer_v2_pred_17.pdb,Model_1085_afm_dropout_04_woTemplates_model_1_multimer_v2_pred_17.pdb,1085,AFM,afm_dropout_04_woTemplates_multimer_v2,,1,17,afm_dropout_04_woTemplates_v2,,False,casp17/massivefold_external_pool_intake/h2339_t332/extracted_models/H2339_all_pdbs/Model_1085_afm_dropout_04_woTemplates_model_1_multimer_v2_pred_17.pdb,awaiting_extract,"MassiveFold model pool index only. It parses organizer-provided external model tarball listings and stages balanced extraction/rerank candidates. These models remain external rerank and accuracy-estimation inputs, not internal predictions, not CASP submissions, and not competitive-proof evidence."
6,H2339,H2339_T332,12579,H2339_all_pdbs/Model_1226_afm_dropout_04_woTemplates_model_4_multimer_v2_pred_56.pdb,Model_1226_afm_dropout_04_woTemplates_model_4_multimer_v2_pred_56.pdb,1226,AFM,afm_dropout_04_woTemplates_multimer_v2,,4,56,afm_dropout_04_woTemplates_v2,,False,casp17/massivefold_external_pool_intake/h2339_t332/extracted_models/H2339_all_pdbs/Model_1226_afm_dropout_04_woTemplates_model_4_multimer_v2_pred_56.pdb,awaiting_extract,"MassiveFold model pool index only. It parses organizer-provided external model tarball listings and stages balanced extraction/rerank candidates. These models remain external rerank and accuracy-estimation inputs, not internal predictions, not CASP submissions, and not competitive-proof evidence."
6,H2339,H2339_T332,12586,H2339_all_pdbs/Model_10105_afm_dropout_04_woTemplates_model_1_multimer_v2_pred_49.pdb,Model_10105_afm_dropout_04_woTemplates_model_1_multimer_v2_pred_49.pdb,10105,AFM,afm_dropout_04_woTemplates_multimer_v2,,1,49,afm_dropout_04_woTemplates_v2,,False,casp17/massivefold_external_pool_intake/h2339_t332/extracted_models/H2339_all_pdbs/Model_10105_afm_dropout_04_woTemplates_model_1_multimer_v2_pred_49.pdb,awaiting_extract,"MassiveFold model pool index only. It parses organizer-provided external model tarball listings and stages balanced extraction/rerank candidates. These models remain external rerank and accuracy-estimation inputs, not internal predictions, not CASP submissions, and not competitive-proof evidence."
6,H2339,H2339_T332,12601,H2339_all_pdbs/Model_583_afm_dropout_04_woTemplates_model_2_multimer_v2_pred_3.pdb,Model_583_afm_dropout_04_woTemplates_model_2_multimer_v2_pred_3.pdb,583,AFM,afm_dropout_04_woTemplates_multimer_v2,,2,3,afm_dropout_04_woTemplates_v2,,False,casp17/massivefold_external_pool_intake/h2339_t332/extracted_models/H2339_all_pdbs/Model_583_afm_dropout_04_woTemplates_model_2_multimer_v2_pred_3.pdb,awaiting_extract,"MassiveFold model pool index only. It parses organizer-provided external model tarball listings and stages balanced extraction/rerank candidates. These models remain external rerank and accuracy-estimation inputs, not internal predictions, not CASP submissions, and not competitive-proof evidence."
6,H2339,H2339_T332,12636,H2339_all_pdbs/Model_8208_afm_dropout_04_woTemplates_model_4_multimer_v2_pred_18.pdb,Model_8208_afm_dropout_04_woTemplates_model_4_multimer_v2_pred_18.pdb,8208,AFM,afm_dropout_04_woTemplates_multimer_v2,,4,18,afm_dropout_04_woTemplates_v2,,False,casp17/massivefold_external_pool_intake/h2339_t332/extracted_models/H2339_all_pdbs/Model_8208_afm_dropout_04_woTemplates_model_4_multimer_v2_pred_18.pdb,awaiting_extract,"MassiveFold model pool index only. It parses organizer-provided external model tarball listings and stages balanced extraction/rerank candidates. These models remain external rerank and accuracy-estimation inputs, not internal predictions, not CASP submissions, and not competitive-proof evidence."
6,H2339,H2339_T332,12675,H2339_all_pdbs/Model_6146_afm_dropout_04_woTemplates_model_2_multimer_v2_pred_48.pdb,Model_6146_afm_dropout_04_woTemplates_model_2_multimer_v2_pred_48.pdb,6146,AFM,afm_dropout_04_woTemplates_multimer_v2,,2,48,afm_dropout_04_woTemplates_v2,,False,casp17/massivefold_external_pool_intake/h2339_t332/extracted_models/H2339_all_pdbs/Model_6146_afm_dropout_04_woTemplates_model_2_multimer_v2_pred_48.pdb,awaiting_extract,"MassiveFold model pool index only. It parses organizer-provided external model tarball listings and stages balanced extraction/rerank candidates. These models remain external rerank and accuracy-estimation inputs, not internal predictions, not CASP submissions, and not competitive-proof evidence."
6,H2339,H2339_T332,12680,H2339_all_pdbs/Model_6379_afm_dropout_04_woTemplates_model_1_multimer_v2_pred_54.pdb,Model_6379_afm_dropout_04_woTemplates_model_1_multimer_v2_pred_54.pdb,6379,AFM,afm_dropout_04_woTemplates_multimer_v2,,1,54,afm_dropout_04_woTemplates_v2,,False,casp17/massivefold_external_pool_intake/h2339_t332/extracted_models/H2339_all_pdbs/Model_6379_afm_dropout_04_woTemplates_model_1_multimer_v2_pred_54.pdb,awaiting_extract,"MassiveFold model pool index only. It parses organizer-provided external model tarball listings and stages balanced extraction/rerank candidates. These models remain external rerank and accuracy-estimation inputs, not internal predictions, not CASP submissions, and not competitive-proof evidence."
6,H2339,H2339_T332,12715,H2339_all_pdbs/Model_2508_afm_dropout_04_woTemplates_model_5_multimer_v2_pred_56.pdb,Model_2508_afm_dropout_04_woTemplates_model_5_multimer_v2_pred_56.pdb,2508,AFM,afm_dropout_04_woTemplates_multimer_v2,,5,56,afm_dropout_04_woTemplates_v2,,False,casp17/massivefold_external_pool_intake/h2339_t332/extracted_models/H2339_all_pdbs/Model_2508_afm_dropout_04_woTemplates_model_5_multimer_v2_pred_56.pdb,awaiting_extract,"MassiveFold model pool index only. It parses organizer-provided external model tarball listings and stages balanced extraction/rerank candidates. These models remain external rerank and accuracy-estimation inputs, not internal predictions, not CASP submissions, and not competitive-proof evidence."
6,H2339,H2339_T332,12738,H2339_all_pdbs/Model_2604_afm_dropout_04_woTemplates_model_3_multimer_v2_pred_52.pdb,Model_2604_afm_dropout_04_woTemplates_model_3_multimer_v2_pred_52.pdb,2604,AFM,afm_dropout_04_woTemplates_multimer_v2,,3,52,afm_dropout_04_woTemplates_v2,,False,casp17/massivefold_external_pool_intake/h2339_t332/extracted_models/H2339_all_pdbs/Model_2604_afm_dropout_04_woTemplates_model_3_multimer_v2_pred_52.pdb,awaiting_extract,"MassiveFold model pool index only. It parses organizer-provided external model tarball listings and stages balanced extraction/rerank candidates. These models remain external rerank and accuracy-estimation inputs, not internal predictions, not CASP submissions, and not competitive-proof evidence."
6,H2339,H2339_T332,12850,H2339_all_pdbs/Model_7901_afm_dropout_04_woTemplates_model_1_multimer_v2_pred_1.pdb,Model_7901_afm_dropout_04_woTemplates_model_1_multimer_v2_pred_1.pdb,7901,AFM,afm_dropout_04_woTemplates_multimer_v2,,1,1,afm_dropout_04_woTemplates_v2,,False,casp17/massivefold_external_pool_intake/h2339_t332/extracted_models/H2339_all_pdbs/Model_7901_afm_dropout_04_woTemplates_model_1_multimer_v2_pred_1.pdb,awaiting_extract,"MassiveFold model pool index only. It parses organizer-provided external model tarball listings and stages balanced extraction/rerank candidates. These models remain external rerank and accuracy-estimation inputs, not internal predictions, not CASP submissions, and not competitive-proof evidence."
6,H2339,H2339_T332,12866,H2339_all_pdbs/Model_4373_afm_dropout_04_woTemplates_model_5_multimer_v2_pred_36.pdb,Model_4373_afm_dropout_04_woTemplates_model_5_multimer_v2_pred_36.pdb,4373,AFM,afm_dropout_04_woTemplates_multimer_v2,,5,36,afm_dropout_04_woTemplates_v2,,False,casp17/massivefold_external_pool_intake/h2339_t332/extracted_models/H2339_all_pdbs/Model_4373_afm_dropout_04_woTemplates_model_5_multimer_v2_pred_36.pdb,awaiting_extract,"MassiveFold model pool index only. It parses organizer-provided external model tarball listings and stages balanced extraction/rerank candidates. These models remain external rerank and accuracy-estimation inputs, not internal predictions, not CASP submissions, and not competitive-proof evidence."
6,H2339,H2339_T332,12876,H2339_all_pdbs/Model_1636_afm_dropout_04_woTemplates_model_5_multimer_v2_pred_0.pdb,Model_1636_afm_dropout_04_woTemplates_model_5_multimer_v2_pred_0.pdb,1636,AFM,afm_dropout_04_woTemplates_multimer_v2,,5,0,afm_dropout_04_woTemplates_v2,,False,casp17/massivefold_external_pool_intake/h2339_t332/extracted_models/H2339_all_pdbs/Model_1636_afm_dropout_04_woTemplates_model_5_multimer_v2_pred_0.pdb,awaiting_extract,"MassiveFold model pool index only. It parses organizer-provided external model tarball listings and stages balanced extraction/rerank candidates. These models remain external rerank and accuracy-estimation inputs, not internal predictions, not CASP submissions, and not competitive-proof evidence."
6,H2339,H2339_T332,12915,H2339_all_pdbs/Model_8373_afm_dropout_04_woTemplates_model_4_multimer_v2_pred_17.pdb,Model_8373_afm_dropout_04_woTemplates_model_4_multimer_v2_pred_17.pdb,8373,AFM,afm_dropout_04_woTemplates_multimer_v2,,4,17,afm_dropout_04_woTemplates_v2,,False,casp17/massivefold_external_pool_intake/h2339_t332/extracted_models/H2339_all_pdbs/Model_8373_afm_dropout_04_woTemplates_model_4_multimer_v2_pred_17.pdb,awaiting_extract,"MassiveFold model pool index only. It parses organizer-provided external model tarball listings and stages balanced extraction/rerank candidates. These models remain external rerank and accuracy-estimation inputs, not internal predictions, not CASP submissions, and not competitive-proof evidence."
6,H2339,H2339_T332,12981,H2339_all_pdbs/Model_2810_afm_dropout_04_woTemplates_model_3_multimer_v2_pred_25.pdb,Model_2810_afm_dropout_04_woTemplates_model_3_multimer_v2_pred_25.pdb,2810,AFM,afm_dropout_04_woTemplates_multimer_v2,,3,25,afm_dropout_04_woTemplates_v2,,False,casp17/massivefold_external_pool_intake/h2339_t332/extracted_models/H2339_all_pdbs/Model_2810_afm_dropout_04_woTemplates_model_3_multimer_v2_pred_25.pdb,awaiting_extract,"MassiveFold model pool index only. It parses organizer-provided external model tarball listings and stages balanced extraction/rerank candidates. These models remain external rerank and accuracy-estimation inputs, not internal predictions, not CASP submissions, and not competitive-proof evidence."
6,H2339,H2339_T332,12991,H2339_all_pdbs/Model_620_afm_dropout_04_woTemplates_model_2_multimer_v2_pred_35.pdb,Model_620_afm_dropout_04_woTemplates_model_2_multimer_v2_pred_35.pdb,620,AFM,afm_dropout_04_woTemplates_multimer_v2,,2,35,afm_dropout_04_woTemplates_v2,,False,casp17/massivefold_external_pool_intake/h2339_t332/extracted_models/H2339_all_pdbs/Model_620_afm_dropout_04_woTemplates_model_2_multimer_v2_pred_35.pdb,awaiting_extract,"MassiveFold model pool index only. It parses organizer-provided external model tarball listings and stages balanced extraction/rerank candidates. These models remain external rerank and accuracy-estimation inputs, not internal predictions, not CASP submissions, and not competitive-proof evidence."
6,H2339,H2339_T332,12997,H2339_all_pdbs/Model_508_afm_dropout_04_woTemplates_model_2_multimer_v2_pred_64.pdb,Model_508_afm_dropout_04_woTemplates_model_2_multimer_v2_pred_64.pdb,508,AFM,afm_dropout_04_woTemplates_multimer_v2,,2,64,afm_dropout_04_woTemplates_v2,,False,casp17/massivefold_external_pool_intake/h2339_t332/extracted_models/H2339_all_pdbs/Model_508_afm_dropout_04_woTemplates_model_2_multimer_v2_pred_64.pdb,awaiting_extract,"MassiveFold model pool index only. It parses organizer-provided external model tarball listings and stages balanced extraction/rerank candidates. These models remain external rerank and accuracy-estimation inputs, not internal predictions, not CASP submissions, and not competitive-proof evidence."
6,H2339,H2339_T332,13027,H2339_all_pdbs/Model_5037_afm_dropout_04_woTemplates_model_3_multimer_v2_pred_63.pdb,Model_5037_afm_dropout_04_woTemplates_model_3_multimer_v2_pred_63.pdb,5037,AFM,afm_dropout_04_woTemplates_multimer_v2,,3,63,afm_dropout_04_woTemplates_v2,,False,casp17/massivefold_external_pool_intake/h2339_t332/extracted_models/H2339_all_pdbs/Model_5037_afm_dropout_04_woTemplates_model_3_multimer_v2_pred_63.pdb,awaiting_extract,"MassiveFold model pool index only. It parses organizer-provided external model tarball listings and stages balanced extraction/rerank candidates. These models remain external rerank and accuracy-estimation inputs, not internal predictions, not CASP submissions, and not competitive-proof evidence."
6,H2339,H2339_T332,13056,H2339_all_pdbs/Model_2324_afm_dropout_04_woTemplates_model_2_multimer_v2_pred_4.pdb,Model_2324_afm_dropout_04_woTemplates_model_2_multimer_v2_pred_4.pdb,2324,AFM,afm_dropout_04_woTemplates_multimer_v2,,2,4,afm_dropout_04_woTemplates_v2,,False,casp17/massivefold_external_pool_intake/h2339_t332/extracted_models/H2339_all_pdbs/Model_2324_afm_dropout_04_woTemplates_model_2_multimer_v2_pred_4.pdb,awaiting_extract,"MassiveFold model pool index only. It parses organizer-provided external model tarball listings and stages balanced extraction/rerank candidates. These models remain external rerank and accuracy-estimation inputs, not internal predictions, not CASP submissions, and not competitive-proof evidence."
6,H2339,H2339_T332,13058,H2339_all_pdbs/Model_6061_afm_dropout_04_woTemplates_model_1_multimer_v2_pred_52.pdb,Model_6061_afm_dropout_04_woTemplates_model_1_multimer_v2_pred_52.pdb,6061,AFM,afm_dropout_04_woTemplates_multimer_v2,,1,52,afm_dropout_04_woTemplates_v2,,False,casp17/massivefold_external_pool_intake/h2339_t332/extracted_models/H2339_all_pdbs/Model_6061_afm_dropout_04_woTemplates_model_1_multimer_v2_pred_52.pdb,awaiting_extract,"MassiveFold model pool index only. It parses organizer-provided external model tarball listings and stages balanced extraction/rerank candidates. These models remain external rerank and accuracy-estimation inputs, not internal predictions, not CASP submissions, and not competitive-proof evidence."
6,H2339,H2339_T332,13117,H2339_all_pdbs/Model_6195_afm_dropout_04_woTemplates_model_2_multimer_v2_pred_36.pdb,Model_6195_afm_dropout_04_woTemplates_model_2_multimer_v2_pred_36.pdb,6195,AFM,afm_dropout_04_woTemplates_multimer_v2,,2,36,afm_dropout_04_woTemplates_v2,,False,casp17/massivefold_external_pool_intake/h2339_t332/extracted_models/H2339_all_pdbs/Model_6195_afm_dropout_04_woTemplates_model_2_multimer_v2_pred_36.pdb,awaiting_extract,"MassiveFold model pool index only. It parses organizer-provided external model tarball listings and stages balanced extraction/rerank candidates. These models remain external rerank and accuracy-estimation inputs, not internal predictions, not CASP submissions, and not competitive-proof evidence."
6,H2339,H2339_T332,13128,H2339_all_pdbs/Model_4552_afm_dropout_04_woTemplates_model_3_multimer_v2_pred_41.pdb,Model_4552_afm_dropout_04_woTemplates_model_3_multimer_v2_pred_41.pdb,4552,AFM,afm_dropout_04_woTemplates_multimer_v2,,3,41,afm_dropout_04_woTemplates_v2,,False,casp17/massivefold_external_pool_intake/h2339_t332/extracted_models/H2339_all_pdbs/Model_4552_afm_dropout_04_woTemplates_model_3_multimer_v2_pred_41.pdb,awaiting_extract,"MassiveFold model pool index only. It parses organizer-provided external model tarball listings and stages balanced extraction/rerank candidates. These models remain external rerank and accuracy-estimation inputs, not internal predictions, not CASP submissions, and not competitive-proof evidence."
6,H2339,H2339_T332,13137,H2339_all_pdbs/Model_2326_afm_dropout_04_woTemplates_model_4_multimer_v2_pred_32.pdb,Model_2326_afm_dropout_04_woTemplates_model_4_multimer_v2_pred_32.pdb,2326,AFM,afm_dropout_04_woTemplates_multimer_v2,,4,32,afm_dropout_04_woTemplates_v2,,False,casp17/massivefold_external_pool_intake/h2339_t332/extracted_models/H2339_all_pdbs/Model_2326_afm_dropout_04_woTemplates_model_4_multimer_v2_pred_32.pdb,awaiting_extract,"MassiveFold model pool index only. It parses organizer-provided external model tarball listings and stages balanced extraction/rerank candidates. These models remain external rerank and accuracy-estimation inputs, not internal predictions, not CASP submissions, and not competitive-proof evidence."
6,H2339,H2339_T332,13152,H2339_all_pdbs/Model_1373_afm_dropout_04_woTemplates_model_4_multimer_v2_pred_3.pdb,Model_1373_afm_dropout_04_woTemplates_model_4_multimer_v2_pred_3.pdb,1373,AFM,afm_dropout_04_woTemplates_multimer_v2,,4,3,afm_dropout_04_woTemplates_v2,,False,casp17/massivefold_external_pool_intake/h2339_t332/extracted_models/H2339_all_pdbs/Model_1373_afm_dropout_04_woTemplates_model_4_multimer_v2_pred_3.pdb,awaiting_extract,"MassiveFold model pool index only. It parses organizer-provided external model tarball listings and stages balanced extraction/rerank candidates. These models remain external rerank and accuracy-estimation inputs, not internal predictions, not CASP submissions, and not competitive-proof evidence."
6,H2339,H2339_T332,13157,H2339_all_pdbs/Model_123_afm_dropout_04_woTemplates_model_2_multimer_v2_pred_42.pdb,Model_123_afm_dropout_04_woTemplates_model_2_multimer_v2_pred_42.pdb,123,AFM,afm_dropout_04_woTemplates_multimer_v2,,2,42,afm_dropout_04_woTemplates_v2,,False,casp17/massivefold_external_pool_intake/h2339_t332/extracted_models/H2339_all_pdbs/Model_123_afm_dropout_04_woTemplates_model_2_multimer_v2_pred_42.pdb,awaiting_extract,"MassiveFold model pool index only. It parses organizer-provided external model tarball listings and stages balanced extraction/rerank candidates. These models remain external rerank and accuracy-estimation inputs, not internal predictions, not CASP submissions, and not competitive-proof evidence."
6,H2339,H2339_T332,13179,H2339_all_pdbs/Model_37_afm_dropout_04_woTemplates_model_2_multimer_v2_pred_30.pdb,Model_37_afm_dropout_04_woTemplates_model_2_multimer_v2_pred_30.pdb,37,AFM,afm_dropout_04_woTemplates_multimer_v2,,2,30,afm_dropout_04_woTemplates_v2,119,True,casp17/massivefold_external_pool_intake/h2339_t332/extracted_models/H2339_all_pdbs/Model_37_afm_dropout_04_woTemplates_model_2_multimer_v2_pred_30.pdb,extracted,"MassiveFold model pool index only. It parses organizer-provided external model tarball listings and stages balanced extraction/rerank candidates. These models remain external rerank and accuracy-estimation inputs, not internal predictions, not CASP submissions, and not competitive-proof evidence."
6,H2339,H2339_T332,13187,H2339_all_pdbs/Model_4638_afm_dropout_04_woTemplates_model_5_multimer_v2_pred_46.pdb,Model_4638_afm_dropout_04_woTemplates_model_5_multimer_v2_pred_46.pdb,4638,AFM,afm_dropout_04_woTemplates_multimer_v2,,5,46,afm_dropout_04_woTemplates_v2,,False,casp17/massivefold_external_pool_intake/h2339_t332/extracted_models/H2339_all_pdbs/Model_4638_afm_dropout_04_woTemplates_model_5_multimer_v2_pred_46.pdb,awaiting_extract,"MassiveFold model pool index only. It parses organizer-provided external model tarball listings and stages balanced extraction/rerank candidates. These models remain external rerank and accuracy-estimation inputs, not internal predictions, not CASP submissions, and not competitive-proof evidence."
6,H2339,H2339_T332,13286,H2339_all_pdbs/Model_962_afm_dropout_04_woTemplates_model_2_multimer_v2_pred_13.pdb,Model_962_afm_dropout_04_woTemplates_model_2_multimer_v2_pred_13.pdb,962,AFM,afm_dropout_04_woTemplates_multimer_v2,,2,13,afm_dropout_04_woTemplates_v2,,False,casp17/massivefold_external_pool_intake/h2339_t332/extracted_models/H2339_all_pdbs/Model_962_afm_dropout_04_woTemplates_model_2_multimer_v2_pred_13.pdb,awaiting_extract,"MassiveFold model pool index only. It parses organizer-provided external model tarball listings and stages balanced extraction/rerank candidates. These models remain external rerank and accuracy-estimation inputs, not internal predictions, not CASP submissions, and not competitive-proof evidence."
6,H2339,H2339_T332,13302,H2339_all_pdbs/Model_717_afm_dropout_04_woTemplates_model_5_multimer_v2_pred_23.pdb,Model_717_afm_dropout_04_woTemplates_model_5_multimer_v2_pred_23.pdb,717,AFM,afm_dropout_04_woTemplates_multimer_v2,,5,23,afm_dropout_04_woTemplates_v2,,False,casp17/massivefold_external_pool_intake/h2339_t332/extracted_models/H2339_all_pdbs/Model_717_afm_dropout_04_woTemplates_model_5_multimer_v2_pred_23.pdb,awaiting_extract,"MassiveFold model pool index only. It parses organizer-provided external model tarball listings and stages balanced extraction/rerank candidates. These models remain external rerank and accuracy-estimation inputs, not internal predictions, not CASP submissions, and not competitive-proof evidence."
6,H2339,H2339_T332,13322,H2339_all_pdbs/Model_11648_afm_dropout_04_woTemplates_model_2_multimer_v2_pred_25.pdb,Model_11648_afm_dropout_04_woTemplates_model_2_multimer_v2_pred_25.pdb,11648,AFM,afm_dropout_04_woTemplates_multimer_v2,,2,25,afm_dropout_04_woTemplates_v2,,False,casp17/massivefold_external_pool_intake/h2339_t332/extracted_models/H2339_all_pdbs/Model_11648_afm_dropout_04_woTemplates_model_2_multimer_v2_pred_25.pdb,awaiting_extract,"MassiveFold model pool index only. It parses organizer-provided external model tarball listings and stages balanced extraction/rerank candidates. These models remain external rerank and accuracy-estimation inputs, not internal predictions, not CASP submissions, and not competitive-proof evidence."
6,H2339,H2339_T332,13354,H2339_all_pdbs/Model_11645_afm_dropout_04_woTemplates_model_2_multimer_v2_pred_9.pdb,Model_11645_afm_dropout_04_woTemplates_model_2_multimer_v2_pred_9.pdb,11645,AFM,afm_dropout_04_woTemplates_multimer_v2,,2,9,afm_dropout_04_woTemplates_v2,,False,casp17/massivefold_external_pool_intake/h2339_t332/extracted_models/H2339_all_pdbs/Model_11645_afm_dropout_04_woTemplates_model_2_multimer_v2_pred_9.pdb,awaiting_extract,"MassiveFold model pool index only. It parses organizer-provided external model tarball listings and stages balanced extraction/rerank candidates. These models remain external rerank and accuracy-estimation inputs, not internal predictions, not CASP submissions, and not competitive-proof evidence."
6,H2339,H2339_T332,13355,H2339_all_pdbs/Model_929_afm_dropout_04_woTemplates_model_4_multimer_v2_pred_23.pdb,Model_929_afm_dropout_04_woTemplates_model_4_multimer_v2_pred_23.pdb,929,AFM,afm_dropout_04_woTemplates_multimer_v2,,4,23,afm_dropout_04_woTemplates_v2,,False,casp17/massivefold_external_pool_intake/h2339_t332/extracted_models/H2339_all_pdbs/Model_929_afm_dropout_04_woTemplates_model_4_multimer_v2_pred_23.pdb,awaiting_extract,"MassiveFold model pool index only. It parses organizer-provided external model tarball listings and stages balanced extraction/rerank candidates. These models remain external rerank and accuracy-estimation inputs, not internal predictions, not CASP submissions, and not competitive-proof evidence."
6,H2339,H2339_T332,13460,H2339_all_pdbs/Model_393_afm_dropout_04_woTemplates_model_2_multimer_v2_pred_52.pdb,Model_393_afm_dropout_04_woTemplates_model_2_multimer_v2_pred_52.pdb,393,AFM,afm_dropout_04_woTemplates_multimer_v2,,2,52,afm_dropout_04_woTemplates_v2,,False,casp17/massivefold_external_pool_intake/h2339_t332/extracted_models/H2339_all_pdbs/Model_393_afm_dropout_04_woTemplates_model_2_multimer_v2_pred_52.pdb,awaiting_extract,"MassiveFold model pool index only. It parses organizer-provided external model tarball listings and stages balanced extraction/rerank candidates. These models remain external rerank and accuracy-estimation inputs, not internal predictions, not CASP submissions, and not competitive-proof evidence."
6,H2339,H2339_T332,13477,H2339_all_pdbs/Model_736_afm_dropout_04_woTemplates_model_5_multimer_v2_pred_32.pdb,Model_736_afm_dropout_04_woTemplates_model_5_multimer_v2_pred_32.pdb,736,AFM,afm_dropout_04_woTemplates_multimer_v2,,5,32,afm_dropout_04_woTemplates_v2,,False,casp17/massivefold_external_pool_intake/h2339_t332/extracted_models/H2339_all_pdbs/Model_736_afm_dropout_04_woTemplates_model_5_multimer_v2_pred_32.pdb,awaiting_extract,"MassiveFold model pool index only. It parses organizer-provided external model tarball listings and stages balanced extraction/rerank candidates. These models remain external rerank and accuracy-estimation inputs, not internal predictions, not CASP submissions, and not competitive-proof evidence."
6,H2339,H2339_T332,13519,H2339_all_pdbs/Model_2867_afm_dropout_04_woTemplates_model_4_multimer_v2_pred_37.pdb,Model_2867_afm_dropout_04_woTemplates_model_4_multimer_v2_pred_37.pdb,2867,AFM,afm_dropout_04_woTemplates_multimer_v2,,4,37,afm_dropout_04_woTemplates_v2,,False,casp17/massivefold_external_pool_intake/h2339_t332/extracted_models/H2339_all_pdbs/Model_2867_afm_dropout_04_woTemplates_model_4_multimer_v2_pred_37.pdb,awaiting_extract,"MassiveFold model pool index only. It parses organizer-provided external model tarball listings and stages balanced extraction/rerank candidates. These models remain external rerank and accuracy-estimation inputs, not internal predictions, not CASP submissions, and not competitive-proof evidence."
6,H2339,H2339_T332,13529,H2339_all_pdbs/Model_1719_afm_dropout_04_woTemplates_model_2_multimer_v2_pred_37.pdb,Model_1719_afm_dropout_04_woTemplates_model_2_multimer_v2_pred_37.pdb,1719,AFM,afm_dropout_04_woTemplates_multimer_v2,,2,37,afm_dropout_04_woTemplates_v2,,False,casp17/massivefold_external_pool_intake/h2339_t332/extracted_models/H2339_all_pdbs/Model_1719_afm_dropout_04_woTemplates_model_2_multimer_v2_pred_37.pdb,awaiting_extract,"MassiveFold model pool index only. It parses organizer-provided external model tarball listings and stages balanced extraction/rerank candidates. These models remain external rerank and accuracy-estimation inputs, not internal predictions, not CASP submissions, and not competitive-proof evidence."
6,H2339,H2339_T332,13560,H2339_all_pdbs/Model_5105_afm_dropout_04_woTemplates_model_1_multimer_v2_pred_5.pdb,Model_5105_afm_dropout_04_woTemplates_model_1_multimer_v2_pred_5.pdb,5105,AFM,afm_dropout_04_woTemplates_multimer_v2,,1,5,afm_dropout_04_woTemplates_v2,,False,casp17/massivefold_external_pool_intake/h2339_t332/extracted_models/H2339_all_pdbs/Model_5105_afm_dropout_04_woTemplates_model_1_multimer_v2_pred_5.pdb,awaiting_extract,"MassiveFold model pool index only. It parses organizer-provided external model tarball listings and stages balanced extraction/rerank candidates. These models remain external rerank and accuracy-estimation inputs, not internal predictions, not CASP submissions, and not competitive-proof evidence."
6,H2339,H2339_T332,13615,H2339_all_pdbs/Model_6627_afm_dropout_04_woTemplates_model_4_multimer_v2_pred_63.pdb,Model_6627_afm_dropout_04_woTemplates_model_4_multimer_v2_pred_63.pdb,6627,AFM,afm_dropout_04_woTemplates_multimer_v2,,4,63,afm_dropout_04_woTemplates_v2,,False,casp17/massivefold_external_pool_intake/h2339_t332/extracted_models/H2339_all_pdbs/Model_6627_afm_dropout_04_woTemplates_model_4_multimer_v2_pred_63.pdb,awaiting_extract,"MassiveFold model pool index only. It parses organizer-provided external model tarball listings and stages balanced extraction/rerank candidates. These models remain external rerank and accuracy-estimation inputs, not internal predictions, not CASP submissions, and not competitive-proof evidence."
6,H2339,H2339_T332,13829,H2339_all_pdbs/Model_4724_afm_dropout_04_woTemplates_model_1_multimer_v2_pred_48.pdb,Model_4724_afm_dropout_04_woTemplates_model_1_multimer_v2_pred_48.pdb,4724,AFM,afm_dropout_04_woTemplates_multimer_v2,,1,48,afm_dropout_04_woTemplates_v2,,False,casp17/massivefold_external_pool_intake/h2339_t332/extracted_models/H2339_all_pdbs/Model_4724_afm_dropout_04_woTemplates_model_1_multimer_v2_pred_48.pdb,awaiting_extract,"MassiveFold model pool index only. It parses organizer-provided external model tarball listings and stages balanced extraction/rerank candidates. These models remain external rerank and accuracy-estimation inputs, not internal predictions, not CASP submissions, and not competitive-proof evidence."
6,H2339,H2339_T332,13858,H2339_all_pdbs/Model_8011_afm_dropout_04_woTemplates_model_4_multimer_v2_pred_41.pdb,Model_8011_afm_dropout_04_woTemplates_model_4_multimer_v2_pred_41.pdb,8011,AFM,afm_dropout_04_woTemplates_multimer_v2,,4,41,afm_dropout_04_woTemplates_v2,,False,casp17/massivefold_external_pool_intake/h2339_t332/extracted_models/H2339_all_pdbs/Model_8011_afm_dropout_04_woTemplates_model_4_multimer_v2_pred_41.pdb,awaiting_extract,"MassiveFold model pool index only. It parses organizer-provided external model tarball listings and stages balanced extraction/rerank candidates. These models remain external rerank and accuracy-estimation inputs, not internal predictions, not CASP submissions, and not competitive-proof evidence."
6,H2339,H2339_T332,13862,H2339_all_pdbs/Model_2480_afm_dropout_04_woTemplates_model_2_multimer_v2_pred_49.pdb,Model_2480_afm_dropout_04_woTemplates_model_2_multimer_v2_pred_49.pdb,2480,AFM,afm_dropout_04_woTemplates_multimer_v2,,2,49,afm_dropout_04_woTemplates_v2,,False,casp17/massivefold_external_pool_intake/h2339_t332/extracted_models/H2339_all_pdbs/Model_2480_afm_dropout_04_woTemplates_model_2_multimer_v2_pred_49.pdb,awaiting_extract,"MassiveFold model pool index only. It parses organizer-provided external model tarball listings and stages balanced extraction/rerank candidates. These models remain external rerank and accuracy-estimation inputs, not internal predictions, not CASP submissions, and not competitive-proof evidence."
6,H2339,H2339_T332,13875,H2339_all_pdbs/Model_235_afm_dropout_04_woTemplates_model_2_multimer_v2_pred_41.pdb,Model_235_afm_dropout_04_woTemplates_model_2_multimer_v2_pred_41.pdb,235,AFM,afm_dropout_04_woTemplates_multimer_v2,,2,41,afm_dropout_04_woTemplates_v2,,False,casp17/massivefold_external_pool_intake/h2339_t332/extracted_models/H2339_all_pdbs/Model_235_afm_dropout_04_woTemplates_model_2_multimer_v2_pred_41.pdb,awaiting_extract,"MassiveFold model pool index only. It parses organizer-provided external model tarball listings and stages balanced extraction/rerank candidates. These models remain external rerank and accuracy-estimation inputs, not internal predictions, not CASP submissions, and not competitive-proof evidence."
6,H2339,H2339_T332,13895,H2339_all_pdbs/Model_617_afm_dropout_04_woTemplates_model_1_multimer_v2_pred_33.pdb,Model_617_afm_dropout_04_woTemplates_model_1_multimer_v2_pred_33.pdb,617,AFM,afm_dropout_04_woTemplates_multimer_v2,,1,33,afm_dropout_04_woTemplates_v2,,False,casp17/massivefold_external_pool_intake/h2339_t332/extracted_models/H2339_all_pdbs/Model_617_afm_dropout_04_woTemplates_model_1_multimer_v2_pred_33.pdb,awaiting_extract,"MassiveFold model pool index only. It parses organizer-provided external model tarball listings and stages balanced extraction/rerank candidates. These models remain external rerank and accuracy-estimation inputs, not internal predictions, not CASP submissions, and not competitive-proof evidence."
6,H2339,H2339_T332,13926,H2339_all_pdbs/Model_113_afm_dropout_04_woTemplates_model_4_multimer_v2_pred_43.pdb,Model_113_afm_dropout_04_woTemplates_model_4_multimer_v2_pred_43.pdb,113,AFM,afm_dropout_04_woTemplates_multimer_v2,,4,43,afm_dropout_04_woTemplates_v2,,False,casp17/massivefold_external_pool_intake/h2339_t332/extracted_models/H2339_all_pdbs/Model_113_afm_dropout_04_woTemplates_model_4_multimer_v2_pred_43.pdb,awaiting_extract,"MassiveFold model pool index only. It parses organizer-provided external model tarball listings and stages balanced extraction/rerank candidates. These models remain external rerank and accuracy-estimation inputs, not internal predictions, not CASP submissions, and not competitive-proof evidence."
6,H2339,H2339_T332,13929,H2339_all_pdbs/Model_670_afm_dropout_04_woTemplates_model_3_multimer_v2_pred_35.pdb,Model_670_afm_dropout_04_woTemplates_model_3_multimer_v2_pred_35.pdb,670,AFM,afm_dropout_04_woTemplates_multimer_v2,,3,35,afm_dropout_04_woTemplates_v2,,False,casp17/massivefold_external_pool_intake/h2339_t332/extracted_models/H2339_all_pdbs/Model_670_afm_dropout_04_woTemplates_model_3_multimer_v2_pred_35.pdb,awaiting_extract,"MassiveFold model pool index only. It parses organizer-provided external model tarball listings and stages balanced extraction/rerank candidates. These models remain external rerank and accuracy-estimation inputs, not internal predictions, not CASP submissions, and not competitive-proof evidence."
6,H2339,H2339_T332,13980,H2339_all_pdbs/Model_1619_afm_dropout_04_woTemplates_model_5_multimer_v2_pred_27.pdb,Model_1619_afm_dropout_04_woTemplates_model_5_multimer_v2_pred_27.pdb,1619,AFM,afm_dropout_04_woTemplates_multimer_v2,,5,27,afm_dropout_04_woTemplates_v2,,False,casp17/massivefold_external_pool_intake/h2339_t332/extracted_models/H2339_all_pdbs/Model_1619_afm_dropout_04_woTemplates_model_5_multimer_v2_pred_27.pdb,awaiting_extract,"MassiveFold model pool index only. It parses organizer-provided external model tarball listings and stages balanced extraction/rerank candidates. These models remain external rerank and accuracy-estimation inputs, not internal predictions, not CASP submissions, and not competitive-proof evidence."
6,H2339,H2339_T332,13996,H2339_all_pdbs/Model_1737_afm_dropout_04_woTemplates_model_3_multimer_v2_pred_34.pdb,Model_1737_afm_dropout_04_woTemplates_model_3_multimer_v2_pred_34.pdb,1737,AFM,afm_dropout_04_woTemplates_multimer_v2,,3,34,afm_dropout_04_woTemplates_v2,,False,casp17/massivefold_external_pool_intake/h2339_t332/extracted_models/H2339_all_pdbs/Model_1737_afm_dropout_04_woTemplates_model_3_multimer_v2_pred_34.pdb,awaiting_extract,"MassiveFold model pool index only. It parses organizer-provided external model tarball listings and stages balanced extraction/rerank candidates. These models remain external rerank and accuracy-estimation inputs, not internal predictions, not CASP submissions, and not competitive-proof evidence."
